<?xml version="1.0" encoding="UTF-8"?>
<gpx creator="Garmin Connect" version="1.1"
  xsi:schemaLocation="http://www.topografix.com/GPX/1/1 http://www.topografix.com/GPX/11.xsd"
  xmlns:ns3="http://www.garmin.com/xmlschemas/TrackPointExtension/v1"
  xmlns="http://www.topografix.com/GPX/1/1"
  xmlns:xsi="http://www.w3.org/2001/XMLSchema-instance" xmlns:ns2="http://www.garmin.com/xmlschemas/GpxExtensions/v3">
  <metadata>
    <link href="connect.garmin.com">
      <text>Garmin Connect</text>
    </link>
    <time>2025-10-03T05:00:56.000Z</time>
  </metadata>
  <trk>
    <name>Day 20 Arcahueja -&gt; Oncina de la Valdoncina</name>
    <desc></desc>
    <type>hiking</type>
    <trkseg>
      <trkpt lat="42.5665717385709285736083984375" lon="-5.503043644130229949951171875">
        <ele>838.4000244140625</ele>
        <time>2025-10-03T05:01:08.000Z</time>
        <extensions>
          <ns3:TrackPointExtension>
            <ns3:hr>98</ns3:hr>
            <ns3:cad>55</ns3:cad>
          </ns3:TrackPointExtension>
        </extensions>
      </trkpt>
      <trkpt lat="42.5665928609669208526611328125" lon="-5.503067113459110260009765625">
        <ele>838.5999755859375</ele>
        <time>2025-10-03T05:01:13.000Z</time>
        <extensions>
          <ns3:TrackPointExtension>
            <ns3:hr>95</ns3:hr>
            <ns3:cad>57</ns3:cad>
          </ns3:TrackPointExtension>
        </extensions>
      </trkpt>
      <trkpt lat="42.5666039250791072845458984375" lon="-5.50307474099099636077880859375">
        <ele>838.5999755859375</ele>
        <time>2025-10-03T05:01:14.000Z</time>
        <extensions>
          <ns3:TrackPointExtension>
            <ns3:hr>95</ns3:hr>
            <ns3:cad>57</ns3:cad>
          </ns3:TrackPointExtension>
        </extensions>
      </trkpt>
      <trkpt lat="42.56669268943369388580322265625" lon="-5.50317632965743541717529296875">
        <ele>839.20001220703125</ele>
        <time>2025-10-03T05:01:23.000Z</time>
        <extensions>
          <ns3:TrackPointExtension>
            <ns3:hr>93</ns3:hr>
            <ns3:cad>56</ns3:cad>
          </ns3:TrackPointExtension>
        </extensions>
      </trkpt>
      <trkpt lat="42.56674197502434253692626953125" lon="-5.503216646611690521240234375">
        <ele>839.5999755859375</ele>
        <time>2025-10-03T05:01:28.000Z</time>
        <extensions>
          <ns3:TrackPointExtension>
            <ns3:hr>93</ns3:hr>
            <ns3:cad>55</ns3:cad>
          </ns3:TrackPointExtension>
        </extensions>
      </trkpt>
      <trkpt lat="42.5667729042470455169677734375" lon="-5.5032637529075145721435546875">
        <ele>840.20001220703125</ele>
        <time>2025-10-03T05:01:32.000Z</time>
        <extensions>
          <ns3:TrackPointExtension>
            <ns3:hr>93</ns3:hr>
            <ns3:cad>54</ns3:cad>
          </ns3:TrackPointExtension>
        </extensions>
      </trkpt>
      <trkpt lat="42.5667980499565601348876953125" lon="-5.5033120326697826385498046875">
        <ele>840.20001220703125</ele>
        <time>2025-10-03T05:01:36.000Z</time>
        <extensions>
          <ns3:TrackPointExtension>
            <ns3:hr>96</ns3:hr>
            <ns3:cad>56</ns3:cad>
          </ns3:TrackPointExtension>
        </extensions>
      </trkpt>
      <trkpt lat="42.56681062281131744384765625" lon="-5.50336492247879505157470703125">
        <ele>840.4000244140625</ele>
        <time>2025-10-03T05:01:39.000Z</time>
        <extensions>
          <ns3:TrackPointExtension>
            <ns3:hr>99</ns3:hr>
            <ns3:cad>55</ns3:cad>
          </ns3:TrackPointExtension>
        </extensions>
      </trkpt>
      <trkpt lat="42.56681456230580806732177734375" lon="-5.503374896943569183349609375">
        <ele>840.4000244140625</ele>
        <time>2025-10-03T05:01:40.000Z</time>
        <extensions>
          <ns3:TrackPointExtension>
            <ns3:hr>100</ns3:hr>
            <ns3:cad>55</ns3:cad>
          </ns3:TrackPointExtension>
        </extensions>
      </trkpt>
      <trkpt lat="42.566825039684772491455078125" lon="-5.50341605208814144134521484375">
        <ele>840.5999755859375</ele>
        <time>2025-10-03T05:01:43.000Z</time>
        <extensions>
          <ns3:TrackPointExtension>
            <ns3:hr>103</ns3:hr>
            <ns3:cad>57</ns3:cad>
          </ns3:TrackPointExtension>
        </extensions>
      </trkpt>
      <trkpt lat="42.56684155203402042388916015625" lon="-5.50349467433989048004150390625">
        <ele>840.5999755859375</ele>
        <time>2025-10-03T05:01:48.000Z</time>
        <extensions>
          <ns3:TrackPointExtension>
            <ns3:hr>106</ns3:hr>
            <ns3:cad>57</ns3:cad>
          </ns3:TrackPointExtension>
        </extensions>
      </trkpt>
      <trkpt lat="42.5668526999652385711669921875" lon="-5.50355695188045501708984375">
        <ele>840.79998779296875</ele>
        <time>2025-10-03T05:01:52.000Z</time>
        <extensions>
          <ns3:TrackPointExtension>
            <ns3:hr>106</ns3:hr>
            <ns3:cad>57</ns3:cad>
          </ns3:TrackPointExtension>
        </extensions>
      </trkpt>
      <trkpt lat="42.56688698194921016693115234375" lon="-5.50369801931083202362060546875">
        <ele>841.5999755859375</ele>
        <time>2025-10-03T05:02:01.000Z</time>
        <extensions>
          <ns3:TrackPointExtension>
            <ns3:hr>109</ns3:hr>
            <ns3:cad>57</ns3:cad>
          </ns3:TrackPointExtension>
        </extensions>
      </trkpt>
      <trkpt lat="42.566900141537189483642578125" lon="-5.50375618971884250640869140625">
        <ele>841.4000244140625</ele>
        <time>2025-10-03T05:02:05.000Z</time>
        <extensions>
          <ns3:TrackPointExtension>
            <ns3:hr>112</ns3:hr>
            <ns3:cad>56</ns3:cad>
          </ns3:TrackPointExtension>
        </extensions>
      </trkpt>
      <trkpt lat="42.566925622522830963134765625" lon="-5.503850318491458892822265625">
        <ele>841.5999755859375</ele>
        <time>2025-10-03T05:02:11.000Z</time>
        <extensions>
          <ns3:TrackPointExtension>
            <ns3:hr>114</ns3:hr>
            <ns3:cad>58</ns3:cad>
          </ns3:TrackPointExtension>
        </extensions>
      </trkpt>
      <trkpt lat="42.56696275435388088226318359375" lon="-5.50406313501298427581787109375">
        <ele>841.79998779296875</ele>
        <time>2025-10-03T05:02:24.000Z</time>
        <extensions>
          <ns3:TrackPointExtension>
            <ns3:hr>115</ns3:hr>
            <ns3:cad>57</ns3:cad>
          </ns3:TrackPointExtension>
        </extensions>
      </trkpt>
      <trkpt lat="42.5670022331178188323974609375" lon="-5.5042444355785846710205078125">
        <ele>842.4000244140625</ele>
        <time>2025-10-03T05:02:35.000Z</time>
        <extensions>
          <ns3:TrackPointExtension>
            <ns3:hr>115</ns3:hr>
            <ns3:cad>58</ns3:cad>
          </ns3:TrackPointExtension>
        </extensions>
      </trkpt>
      <trkpt lat="42.56702243350446224212646484375" lon="-5.5043587647378444671630859375">
        <ele>842.5999755859375</ele>
        <time>2025-10-03T05:02:42.000Z</time>
        <extensions>
          <ns3:TrackPointExtension>
            <ns3:hr>114</ns3:hr>
            <ns3:cad>58</ns3:cad>
          </ns3:TrackPointExtension>
        </extensions>
      </trkpt>
      <trkpt lat="42.56703601218760013580322265625" lon="-5.5044177733361721038818359375">
        <ele>843</ele>
        <time>2025-10-03T05:02:46.000Z</time>
        <extensions>
          <ns3:TrackPointExtension>
            <ns3:hr>114</ns3:hr>
            <ns3:cad>58</ns3:cad>
          </ns3:TrackPointExtension>
        </extensions>
      </trkpt>
      <trkpt lat="42.56707482039928436279296875" lon="-5.5046363733708858489990234375">
        <ele>843.5999755859375</ele>
        <time>2025-10-03T05:02:59.000Z</time>
        <extensions>
          <ns3:TrackPointExtension>
            <ns3:hr>114</ns3:hr>
            <ns3:cad>58</ns3:cad>
          </ns3:TrackPointExtension>
        </extensions>
      </trkpt>
      <trkpt lat="42.56709150038659572601318359375" lon="-5.50469932146370410919189453125">
        <ele>843.79998779296875</ele>
        <time>2025-10-03T05:03:03.000Z</time>
        <extensions>
          <ns3:TrackPointExtension>
            <ns3:hr>115</ns3:hr>
            <ns3:cad>59</ns3:cad>
          </ns3:TrackPointExtension>
        </extensions>
      </trkpt>
      <trkpt lat="42.56709652952849864959716796875" lon="-5.50472731702029705047607421875">
        <ele>843.79998779296875</ele>
        <time>2025-10-03T05:03:08.000Z</time>
        <extensions>
          <ns3:TrackPointExtension>
            <ns3:hr>115</ns3:hr>
            <ns3:cad>0</ns3:cad>
          </ns3:TrackPointExtension>
        </extensions>
      </trkpt>
      <trkpt lat="42.56712150759994983673095703125" lon="-5.50484265200793743133544921875">
        <ele>844.20001220703125</ele>
        <time>2025-10-03T05:03:15.000Z</time>
        <extensions>
          <ns3:TrackPointExtension>
            <ns3:hr>115</ns3:hr>
            <ns3:cad>59</ns3:cad>
          </ns3:TrackPointExtension>
        </extensions>
      </trkpt>
      <trkpt lat="42.56716190837323665618896484375" lon="-5.50503057427704334259033203125">
        <ele>844.79998779296875</ele>
        <time>2025-10-03T05:03:26.000Z</time>
        <extensions>
          <ns3:TrackPointExtension>
            <ns3:hr>115</ns3:hr>
            <ns3:cad>59</ns3:cad>
          </ns3:TrackPointExtension>
        </extensions>
      </trkpt>
      <trkpt lat="42.56717766635119915008544921875" lon="-5.5050893314182758331298828125">
        <ele>845</ele>
        <time>2025-10-03T05:03:30.000Z</time>
        <extensions>
          <ns3:TrackPointExtension>
            <ns3:hr>114</ns3:hr>
            <ns3:cad>59</ns3:cad>
          </ns3:TrackPointExtension>
        </extensions>
      </trkpt>
      <trkpt lat="42.5672060810029506683349609375" lon="-5.5052666924893856048583984375">
        <ele>845.5999755859375</ele>
        <time>2025-10-03T05:03:40.000Z</time>
        <extensions>
          <ns3:TrackPointExtension>
            <ns3:hr>114</ns3:hr>
            <ns3:cad>59</ns3:cad>
          </ns3:TrackPointExtension>
        </extensions>
      </trkpt>
      <trkpt lat="42.56725729443132877349853515625" lon="-5.505489148199558258056640625">
        <ele>845.79998779296875</ele>
        <time>2025-10-03T05:03:54.000Z</time>
        <extensions>
          <ns3:TrackPointExtension>
            <ns3:hr>114</ns3:hr>
            <ns3:cad>59</ns3:cad>
          </ns3:TrackPointExtension>
        </extensions>
      </trkpt>
      <trkpt lat="42.5672779977321624755859375" lon="-5.50556634552776813507080078125">
        <ele>845.79998779296875</ele>
        <time>2025-10-03T05:03:59.000Z</time>
        <extensions>
          <ns3:TrackPointExtension>
            <ns3:hr>114</ns3:hr>
            <ns3:cad>59</ns3:cad>
          </ns3:TrackPointExtension>
        </extensions>
      </trkpt>
      <trkpt lat="42.56730875931680202484130859375" lon="-5.5056985281407833099365234375">
        <ele>846</ele>
        <time>2025-10-03T05:04:07.000Z</time>
        <extensions>
          <ns3:TrackPointExtension>
            <ns3:hr>114</ns3:hr>
            <ns3:cad>59</ns3:cad>
          </ns3:TrackPointExtension>
        </extensions>
      </trkpt>
      <trkpt lat="42.56734966300427913665771484375" lon="-5.5058802478015422821044921875">
        <ele>846</ele>
        <time>2025-10-03T05:04:18.000Z</time>
        <extensions>
          <ns3:TrackPointExtension>
            <ns3:hr>113</ns3:hr>
            <ns3:cad>59</ns3:cad>
          </ns3:TrackPointExtension>
        </extensions>
      </trkpt>
      <trkpt lat="42.567397020757198333740234375" lon="-5.50609054975211620330810546875">
        <ele>846</ele>
        <time>2025-10-03T05:04:31.000Z</time>
        <extensions>
          <ns3:TrackPointExtension>
            <ns3:hr>111</ns3:hr>
            <ns3:cad>59</ns3:cad>
          </ns3:TrackPointExtension>
        </extensions>
      </trkpt>
      <trkpt lat="42.567452676594257354736328125" lon="-5.50633530132472515106201171875">
        <ele>846.20001220703125</ele>
        <time>2025-10-03T05:04:46.000Z</time>
        <extensions>
          <ns3:TrackPointExtension>
            <ns3:hr>109</ns3:hr>
            <ns3:cad>59</ns3:cad>
          </ns3:TrackPointExtension>
        </extensions>
      </trkpt>
      <trkpt lat="42.56745594553649425506591796875" lon="-5.50635022111237049102783203125">
        <ele>846.20001220703125</ele>
        <time>2025-10-03T05:04:47.000Z</time>
        <extensions>
          <ns3:TrackPointExtension>
            <ns3:hr>109</ns3:hr>
            <ns3:cad>59</ns3:cad>
          </ns3:TrackPointExtension>
        </extensions>
      </trkpt>
      <trkpt lat="42.56750271655619144439697265625" lon="-5.506556667387485504150390625">
        <ele>846.4000244140625</ele>
        <time>2025-10-03T05:05:00.000Z</time>
        <extensions>
          <ns3:TrackPointExtension>
            <ns3:hr>108</ns3:hr>
            <ns3:cad>59</ns3:cad>
          </ns3:TrackPointExtension>
        </extensions>
      </trkpt>
      <trkpt lat="42.56756030023097991943359375" lon="-5.50679395906627178192138671875">
        <ele>846.5999755859375</ele>
        <time>2025-10-03T05:05:15.000Z</time>
        <extensions>
          <ns3:TrackPointExtension>
            <ns3:hr>107</ns3:hr>
            <ns3:cad>59</ns3:cad>
          </ns3:TrackPointExtension>
        </extensions>
      </trkpt>
      <trkpt lat="42.56759894080460071563720703125" lon="-5.50699286162853240966796875">
        <ele>846.5999755859375</ele>
        <time>2025-10-03T05:05:27.000Z</time>
        <extensions>
          <ns3:TrackPointExtension>
            <ns3:hr>107</ns3:hr>
            <ns3:cad>59</ns3:cad>
          </ns3:TrackPointExtension>
        </extensions>
      </trkpt>
      <trkpt lat="42.5676419399678707122802734375" lon="-5.5071987211704254150390625">
        <ele>846.4000244140625</ele>
        <time>2025-10-03T05:05:40.000Z</time>
        <extensions>
          <ns3:TrackPointExtension>
            <ns3:hr>106</ns3:hr>
            <ns3:cad>59</ns3:cad>
          </ns3:TrackPointExtension>
        </extensions>
      </trkpt>
      <trkpt lat="42.567688040435314178466796875" lon="-5.507411956787109375">
        <ele>846.4000244140625</ele>
        <time>2025-10-03T05:05:53.000Z</time>
        <extensions>
          <ns3:TrackPointExtension>
            <ns3:hr>105</ns3:hr>
            <ns3:cad>59</ns3:cad>
          </ns3:TrackPointExtension>
        </extensions>
      </trkpt>
      <trkpt lat="42.56774227134883403778076171875" lon="-5.5076350830495357513427734375">
        <ele>846.5999755859375</ele>
        <time>2025-10-03T05:06:07.000Z</time>
        <extensions>
          <ns3:TrackPointExtension>
            <ns3:hr>104</ns3:hr>
            <ns3:cad>60</ns3:cad>
          </ns3:TrackPointExtension>
        </extensions>
      </trkpt>
      <trkpt lat="42.5677911378443241119384765625" lon="-5.5078721232712268829345703125">
        <ele>846.5999755859375</ele>
        <time>2025-10-03T05:06:21.000Z</time>
        <extensions>
          <ns3:TrackPointExtension>
            <ns3:hr>102</ns3:hr>
            <ns3:cad>60</ns3:cad>
          </ns3:TrackPointExtension>
        </extensions>
      </trkpt>
      <trkpt lat="42.56779474206268787384033203125" lon="-5.5079068243503570556640625">
        <ele>846.5999755859375</ele>
        <time>2025-10-03T05:06:23.000Z</time>
        <extensions>
          <ns3:TrackPointExtension>
            <ns3:hr>102</ns3:hr>
            <ns3:cad>60</ns3:cad>
          </ns3:TrackPointExtension>
        </extensions>
      </trkpt>
      <trkpt lat="42.5678518228232860565185546875" lon="-5.50814755260944366455078125">
        <ele>846.79998779296875</ele>
        <time>2025-10-03T05:06:38.000Z</time>
        <extensions>
          <ns3:TrackPointExtension>
            <ns3:hr>102</ns3:hr>
            <ns3:cad>60</ns3:cad>
          </ns3:TrackPointExtension>
        </extensions>
      </trkpt>
      <trkpt lat="42.5678814947605133056640625" lon="-5.508260540664196014404296875">
        <ele>846.79998779296875</ele>
        <time>2025-10-03T05:06:45.000Z</time>
        <extensions>
          <ns3:TrackPointExtension>
            <ns3:hr>101</ns3:hr>
            <ns3:cad>59</ns3:cad>
          </ns3:TrackPointExtension>
        </extensions>
      </trkpt>
      <trkpt lat="42.56790228188037872314453125" lon="-5.5083596147596836090087890625">
        <ele>847</ele>
        <time>2025-10-03T05:06:51.000Z</time>
        <extensions>
          <ns3:TrackPointExtension>
            <ns3:hr>101</ns3:hr>
            <ns3:cad>59</ns3:cad>
          </ns3:TrackPointExtension>
        </extensions>
      </trkpt>
      <trkpt lat="42.5679460354149341583251953125" lon="-5.508602522313594818115234375">
        <ele>847</ele>
        <time>2025-10-03T05:07:06.000Z</time>
        <extensions>
          <ns3:TrackPointExtension>
            <ns3:hr>102</ns3:hr>
            <ns3:cad>59</ns3:cad>
          </ns3:TrackPointExtension>
        </extensions>
      </trkpt>
      <trkpt lat="42.56795324385166168212890625" lon="-5.508634708821773529052734375">
        <ele>847</ele>
        <time>2025-10-03T05:07:08.000Z</time>
        <extensions>
          <ns3:TrackPointExtension>
            <ns3:hr>101</ns3:hr>
            <ns3:cad>59</ns3:cad>
          </ns3:TrackPointExtension>
        </extensions>
      </trkpt>
      <trkpt lat="42.56799188442528247833251953125" lon="-5.508834533393383026123046875">
        <ele>847.20001220703125</ele>
        <time>2025-10-03T05:07:20.000Z</time>
        <extensions>
          <ns3:TrackPointExtension>
            <ns3:hr>99</ns3:hr>
            <ns3:cad>59</ns3:cad>
          </ns3:TrackPointExtension>
        </extensions>
      </trkpt>
      <trkpt lat="42.56804921664297580718994140625" lon="-5.509052462875843048095703125">
        <ele>847.4000244140625</ele>
        <time>2025-10-03T05:07:34.000Z</time>
        <extensions>
          <ns3:TrackPointExtension>
            <ns3:hr>99</ns3:hr>
            <ns3:cad>59</ns3:cad>
          </ns3:TrackPointExtension>
        </extensions>
      </trkpt>
      <trkpt lat="42.56809540092945098876953125" lon="-5.5092444084584712982177734375">
        <ele>847.5999755859375</ele>
        <time>2025-10-03T05:07:46.000Z</time>
        <extensions>
          <ns3:TrackPointExtension>
            <ns3:hr>98</ns3:hr>
            <ns3:cad>59</ns3:cad>
          </ns3:TrackPointExtension>
        </extensions>
      </trkpt>
      <trkpt lat="42.5681483745574951171875" lon="-5.5094884894788265228271484375">
        <ele>847.79998779296875</ele>
        <time>2025-10-03T05:08:01.000Z</time>
        <extensions>
          <ns3:TrackPointExtension>
            <ns3:hr>100</ns3:hr>
            <ns3:cad>59</ns3:cad>
          </ns3:TrackPointExtension>
        </extensions>
      </trkpt>
      <trkpt lat="42.56815315224230289459228515625" lon="-5.5095179937779903411865234375">
        <ele>847.79998779296875</ele>
        <time>2025-10-03T05:08:03.000Z</time>
        <extensions>
          <ns3:TrackPointExtension>
            <ns3:hr>100</ns3:hr>
            <ns3:cad>59</ns3:cad>
          </ns3:TrackPointExtension>
        </extensions>
      </trkpt>
      <trkpt lat="42.5681968219578266143798828125" lon="-5.5096866376698017120361328125">
        <ele>848</ele>
        <time>2025-10-03T05:08:14.000Z</time>
        <extensions>
          <ns3:TrackPointExtension>
            <ns3:hr>99</ns3:hr>
            <ns3:cad>59</ns3:cad>
          </ns3:TrackPointExtension>
        </extensions>
      </trkpt>
      <trkpt lat="42.56823378615081310272216796875" lon="-5.50988872535526752471923828125">
        <ele>848.4000244140625</ele>
        <time>2025-10-03T05:08:27.000Z</time>
        <extensions>
          <ns3:TrackPointExtension>
            <ns3:hr>99</ns3:hr>
            <ns3:cad>57</ns3:cad>
          </ns3:TrackPointExtension>
        </extensions>
      </trkpt>
      <trkpt lat="42.56827175617218017578125" lon="-5.5100661702454090118408203125">
        <ele>848.4000244140625</ele>
        <time>2025-10-03T05:08:38.000Z</time>
        <extensions>
          <ns3:TrackPointExtension>
            <ns3:hr>101</ns3:hr>
            <ns3:cad>58</ns3:cad>
          </ns3:TrackPointExtension>
        </extensions>
      </trkpt>
      <trkpt lat="42.5683242268860340118408203125" lon="-5.5102857761085033416748046875">
        <ele>848.5999755859375</ele>
        <time>2025-10-03T05:08:52.000Z</time>
        <extensions>
          <ns3:TrackPointExtension>
            <ns3:hr>103</ns3:hr>
            <ns3:cad>59</ns3:cad>
          </ns3:TrackPointExtension>
        </extensions>
      </trkpt>
      <trkpt lat="42.56833604536950588226318359375" lon="-5.510354340076446533203125">
        <ele>848.79998779296875</ele>
        <time>2025-10-03T05:08:57.000Z</time>
        <extensions>
          <ns3:TrackPointExtension>
            <ns3:hr>101</ns3:hr>
            <ns3:cad>58</ns3:cad>
          </ns3:TrackPointExtension>
        </extensions>
      </trkpt>
      <trkpt lat="42.56834861822426319122314453125" lon="-5.5103878676891326904296875">
        <ele>849.20001220703125</ele>
        <time>2025-10-03T05:09:01.000Z</time>
        <extensions>
          <ns3:TrackPointExtension>
            <ns3:hr>102</ns3:hr>
            <ns3:cad>56</ns3:cad>
          </ns3:TrackPointExtension>
        </extensions>
      </trkpt>
      <trkpt lat="42.56837569177150726318359375" lon="-5.51052801311016082763671875">
        <ele>848.79998779296875</ele>
        <time>2025-10-03T05:09:09.000Z</time>
        <extensions>
          <ns3:TrackPointExtension>
            <ns3:hr>102</ns3:hr>
            <ns3:cad>59</ns3:cad>
          </ns3:TrackPointExtension>
        </extensions>
      </trkpt>
      <trkpt lat="42.56840595044195652008056640625" lon="-5.51069690845906734466552734375">
        <ele>849.20001220703125</ele>
        <time>2025-10-03T05:09:19.000Z</time>
        <extensions>
          <ns3:TrackPointExtension>
            <ns3:hr>105</ns3:hr>
            <ns3:cad>59</ns3:cad>
          </ns3:TrackPointExtension>
        </extensions>
      </trkpt>
      <trkpt lat="42.568424306809902191162109375" lon="-5.51077083684504032135009765625">
        <ele>849.4000244140625</ele>
        <time>2025-10-03T05:09:23.000Z</time>
        <extensions>
          <ns3:TrackPointExtension>
            <ns3:hr>107</ns3:hr>
            <ns3:cad>59</ns3:cad>
          </ns3:TrackPointExtension>
        </extensions>
      </trkpt>
      <trkpt lat="42.56847417913377285003662109375" lon="-5.5109831504523754119873046875">
        <ele>849.79998779296875</ele>
        <time>2025-10-03T05:09:36.000Z</time>
        <extensions>
          <ns3:TrackPointExtension>
            <ns3:hr>111</ns3:hr>
            <ns3:cad>59</ns3:cad>
          </ns3:TrackPointExtension>
        </extensions>
      </trkpt>
      <trkpt lat="42.56848163902759552001953125" lon="-5.5110136605799198150634765625">
        <ele>849.79998779296875</ele>
        <time>2025-10-03T05:09:38.000Z</time>
        <extensions>
          <ns3:TrackPointExtension>
            <ns3:hr>115</ns3:hr>
            <ns3:cad>59</ns3:cad>
          </ns3:TrackPointExtension>
        </extensions>
      </trkpt>
      <trkpt lat="42.5684895180165767669677734375" lon="-5.5110445059835910797119140625">
        <ele>849.79998779296875</ele>
        <time>2025-10-03T05:09:40.000Z</time>
        <extensions>
          <ns3:TrackPointExtension>
            <ns3:hr>117</ns3:hr>
            <ns3:cad>59</ns3:cad>
          </ns3:TrackPointExtension>
        </extensions>
      </trkpt>
      <trkpt lat="42.5685305893421173095703125" lon="-5.5112171731889247894287109375">
        <ele>850.20001220703125</ele>
        <time>2025-10-03T05:09:51.000Z</time>
        <extensions>
          <ns3:TrackPointExtension>
            <ns3:hr>119</ns3:hr>
            <ns3:cad>59</ns3:cad>
          </ns3:TrackPointExtension>
        </extensions>
      </trkpt>
      <trkpt lat="42.5685612671077251434326171875" lon="-5.511408112943172454833984375">
        <ele>850.5999755859375</ele>
        <time>2025-10-03T05:10:03.000Z</time>
        <extensions>
          <ns3:TrackPointExtension>
            <ns3:hr>119</ns3:hr>
            <ns3:cad>58</ns3:cad>
          </ns3:TrackPointExtension>
        </extensions>
      </trkpt>
      <trkpt lat="42.56855808198451995849609375" lon="-5.5114768445491790771484375">
        <ele>850.79998779296875</ele>
        <time>2025-10-03T05:10:07.000Z</time>
        <extensions>
          <ns3:TrackPointExtension>
            <ns3:hr>119</ns3:hr>
            <ns3:cad>58</ns3:cad>
          </ns3:TrackPointExtension>
        </extensions>
      </trkpt>
      <trkpt lat="42.56857375614345073699951171875" lon="-5.51156468689441680908203125">
        <ele>851.20001220703125</ele>
        <time>2025-10-03T05:10:12.000Z</time>
        <extensions>
          <ns3:TrackPointExtension>
            <ns3:hr>118</ns3:hr>
            <ns3:cad>57</ns3:cad>
          </ns3:TrackPointExtension>
        </extensions>
      </trkpt>
      <trkpt lat="42.56860812194645404815673828125" lon="-5.51174548454582691192626953125">
        <ele>852</ele>
        <time>2025-10-03T05:10:23.000Z</time>
        <extensions>
          <ns3:TrackPointExtension>
            <ns3:hr>120</ns3:hr>
            <ns3:cad>59</ns3:cad>
          </ns3:TrackPointExtension>
        </extensions>
      </trkpt>
      <trkpt lat="42.5686112232506275177001953125" lon="-5.51175705157220363616943359375">
        <ele>852</ele>
        <time>2025-10-03T05:10:24.000Z</time>
        <extensions>
          <ns3:TrackPointExtension>
            <ns3:hr>120</ns3:hr>
            <ns3:cad>58</ns3:cad>
          </ns3:TrackPointExtension>
        </extensions>
      </trkpt>
      <trkpt lat="42.5686558149755001068115234375" lon="-5.5119457282125949859619140625">
        <ele>852.20001220703125</ele>
        <time>2025-10-03T05:10:36.000Z</time>
        <extensions>
          <ns3:TrackPointExtension>
            <ns3:hr>118</ns3:hr>
            <ns3:cad>58</ns3:cad>
          </ns3:TrackPointExtension>
        </extensions>
      </trkpt>
      <trkpt lat="42.568692862987518310546875" lon="-5.5121549405157566070556640625">
        <ele>852.5999755859375</ele>
        <time>2025-10-03T05:10:49.000Z</time>
        <extensions>
          <ns3:TrackPointExtension>
            <ns3:hr>117</ns3:hr>
            <ns3:cad>57</ns3:cad>
          </ns3:TrackPointExtension>
        </extensions>
      </trkpt>
      <trkpt lat="42.56873938255012035369873046875" lon="-5.5123138613998889923095703125">
        <ele>853</ele>
        <time>2025-10-03T05:11:00.000Z</time>
        <extensions>
          <ns3:TrackPointExtension>
            <ns3:hr>115</ns3:hr>
            <ns3:cad>57</ns3:cad>
          </ns3:TrackPointExtension>
        </extensions>
      </trkpt>
      <trkpt lat="42.5687453337013721466064453125" lon="-5.51234780810773372650146484375">
        <ele>853</ele>
        <time>2025-10-03T05:11:02.000Z</time>
        <extensions>
          <ns3:TrackPointExtension>
            <ns3:hr>115</ns3:hr>
            <ns3:cad>57</ns3:cad>
          </ns3:TrackPointExtension>
        </extensions>
      </trkpt>
      <trkpt lat="42.56875882856547832489013671875" lon="-5.5124291963875293731689453125">
        <ele>853.4000244140625</ele>
        <time>2025-10-03T05:11:07.000Z</time>
        <extensions>
          <ns3:TrackPointExtension>
            <ns3:hr>112</ns3:hr>
            <ns3:cad>58</ns3:cad>
          </ns3:TrackPointExtension>
        </extensions>
      </trkpt>
      <trkpt lat="42.5687773525714874267578125" lon="-5.512521229684352874755859375">
        <ele>853.5999755859375</ele>
        <time>2025-10-03T05:11:13.000Z</time>
        <extensions>
          <ns3:TrackPointExtension>
            <ns3:hr>111</ns3:hr>
            <ns3:cad>57</ns3:cad>
          </ns3:TrackPointExtension>
        </extensions>
      </trkpt>
      <trkpt lat="42.568803168833255767822265625" lon="-5.51263681612908840179443359375">
        <ele>854</ele>
        <time>2025-10-03T05:11:20.000Z</time>
        <extensions>
          <ns3:TrackPointExtension>
            <ns3:hr>112</ns3:hr>
            <ns3:cad>58</ns3:cad>
          </ns3:TrackPointExtension>
        </extensions>
      </trkpt>
      <trkpt lat="42.56881867535412311553955078125" lon="-5.51269146613776683807373046875">
        <ele>854.4000244140625</ele>
        <time>2025-10-03T05:11:24.000Z</time>
        <extensions>
          <ns3:TrackPointExtension>
            <ns3:hr>112</ns3:hr>
            <ns3:cad>57</ns3:cad>
          </ns3:TrackPointExtension>
        </extensions>
      </trkpt>
      <trkpt lat="42.5688564777374267578125" lon="-5.51284368149936199188232421875">
        <ele>854.5999755859375</ele>
        <time>2025-10-03T05:11:34.000Z</time>
        <extensions>
          <ns3:TrackPointExtension>
            <ns3:hr>113</ns3:hr>
            <ns3:cad>57</ns3:cad>
          </ns3:TrackPointExtension>
        </extensions>
      </trkpt>
      <trkpt lat="42.56890048272907733917236328125" lon="-5.5130137503147125244140625">
        <ele>854.79998779296875</ele>
        <time>2025-10-03T05:11:45.000Z</time>
        <extensions>
          <ns3:TrackPointExtension>
            <ns3:hr>112</ns3:hr>
            <ns3:cad>57</ns3:cad>
          </ns3:TrackPointExtension>
        </extensions>
      </trkpt>
      <trkpt lat="42.56891590543091297149658203125" lon="-5.51307451911270618438720703125">
        <ele>855.20001220703125</ele>
        <time>2025-10-03T05:11:49.000Z</time>
        <extensions>
          <ns3:TrackPointExtension>
            <ns3:hr>113</ns3:hr>
            <ns3:cad>58</ns3:cad>
          </ns3:TrackPointExtension>
        </extensions>
      </trkpt>
      <trkpt lat="42.56894557736814022064208984375" lon="-5.51322623156011104583740234375">
        <ele>855.5999755859375</ele>
        <time>2025-10-03T05:11:58.000Z</time>
        <extensions>
          <ns3:TrackPointExtension>
            <ns3:hr>114</ns3:hr>
            <ns3:cad>57</ns3:cad>
          </ns3:TrackPointExtension>
        </extensions>
      </trkpt>
      <trkpt lat="42.5689999759197235107421875" lon="-5.51341130398213863372802734375">
        <ele>855.5999755859375</ele>
        <time>2025-10-03T05:12:10.000Z</time>
        <extensions>
          <ns3:TrackPointExtension>
            <ns3:hr>117</ns3:hr>
            <ns3:cad>59</ns3:cad>
          </ns3:TrackPointExtension>
        </extensions>
      </trkpt>
      <trkpt lat="42.569041214883327484130859375" lon="-5.513606853783130645751953125">
        <ele>856</ele>
        <time>2025-10-03T05:12:22.000Z</time>
        <extensions>
          <ns3:TrackPointExtension>
            <ns3:hr>117</ns3:hr>
            <ns3:cad>57</ns3:cad>
          </ns3:TrackPointExtension>
        </extensions>
      </trkpt>
      <trkpt lat="42.56907734088599681854248046875" lon="-5.5137367732822895050048828125">
        <ele>856.20001220703125</ele>
        <time>2025-10-03T05:12:30.000Z</time>
        <extensions>
          <ns3:TrackPointExtension>
            <ns3:hr>117</ns3:hr>
            <ns3:cad>58</ns3:cad>
          </ns3:TrackPointExtension>
        </extensions>
      </trkpt>
      <trkpt lat="42.5690926797688007354736328125" lon="-5.51378094591200351715087890625">
        <ele>856.4000244140625</ele>
        <time>2025-10-03T05:12:33.000Z</time>
        <extensions>
          <ns3:TrackPointExtension>
            <ns3:hr>117</ns3:hr>
            <ns3:cad>58</ns3:cad>
          </ns3:TrackPointExtension>
        </extensions>
      </trkpt>
      <trkpt lat="42.56912897340953350067138671875" lon="-5.5140110291540622711181640625">
        <ele>856.79998779296875</ele>
        <time>2025-10-03T05:12:47.000Z</time>
        <extensions>
          <ns3:TrackPointExtension>
            <ns3:hr>117</ns3:hr>
            <ns3:cad>57</ns3:cad>
          </ns3:TrackPointExtension>
        </extensions>
      </trkpt>
      <trkpt lat="42.56915780715644359588623046875" lon="-5.51418378017842769622802734375">
        <ele>856.79998779296875</ele>
        <time>2025-10-03T05:12:57.000Z</time>
        <extensions>
          <ns3:TrackPointExtension>
            <ns3:hr>116</ns3:hr>
            <ns3:cad>59</ns3:cad>
          </ns3:TrackPointExtension>
        </extensions>
      </trkpt>
      <trkpt lat="42.56920457817614078521728515625" lon="-5.5143647454679012298583984375">
        <ele>857</ele>
        <time>2025-10-03T05:13:09.000Z</time>
        <extensions>
          <ns3:TrackPointExtension>
            <ns3:hr>115</ns3:hr>
            <ns3:cad>57</ns3:cad>
          </ns3:TrackPointExtension>
        </extensions>
      </trkpt>
      <trkpt lat="42.56924472749233245849609375" lon="-5.5145370773971080780029296875">
        <ele>857</ele>
        <time>2025-10-03T05:13:20.000Z</time>
        <extensions>
          <ns3:TrackPointExtension>
            <ns3:hr>114</ns3:hr>
            <ns3:cad>59</ns3:cad>
          </ns3:TrackPointExtension>
        </extensions>
      </trkpt>
      <trkpt lat="42.569260485470294952392578125" lon="-5.51462550647556781768798828125">
        <ele>857.20001220703125</ele>
        <time>2025-10-03T05:13:25.000Z</time>
        <extensions>
          <ns3:TrackPointExtension>
            <ns3:hr>115</ns3:hr>
            <ns3:cad>57</ns3:cad>
          </ns3:TrackPointExtension>
        </extensions>
      </trkpt>
      <trkpt lat="42.56929057650268077850341796875" lon="-5.5147603712975978851318359375">
        <ele>857.4000244140625</ele>
        <time>2025-10-03T05:13:34.000Z</time>
        <extensions>
          <ns3:TrackPointExtension>
            <ns3:hr>117</ns3:hr>
            <ns3:cad>57</ns3:cad>
          </ns3:TrackPointExtension>
        </extensions>
      </trkpt>
      <trkpt lat="42.56931052543222904205322265625" lon="-5.51489062607288360595703125">
        <ele>857.79998779296875</ele>
        <time>2025-10-03T05:13:42.000Z</time>
        <extensions>
          <ns3:TrackPointExtension>
            <ns3:hr>119</ns3:hr>
            <ns3:cad>58</ns3:cad>
          </ns3:TrackPointExtension>
        </extensions>
      </trkpt>
      <trkpt lat="42.56936299614608287811279296875" lon="-5.51507175900042057037353515625">
        <ele>858.20001220703125</ele>
        <time>2025-10-03T05:13:54.000Z</time>
        <extensions>
          <ns3:TrackPointExtension>
            <ns3:hr>119</ns3:hr>
            <ns3:cad>57</ns3:cad>
          </ns3:TrackPointExtension>
        </extensions>
      </trkpt>
      <trkpt lat="42.56939384154975414276123046875" lon="-5.51518659107387065887451171875">
        <ele>858.20001220703125</ele>
        <time>2025-10-03T05:14:02.000Z</time>
        <extensions>
          <ns3:TrackPointExtension>
            <ns3:hr>119</ns3:hr>
            <ns3:cad>57</ns3:cad>
          </ns3:TrackPointExtension>
        </extensions>
      </trkpt>
      <trkpt lat="42.569416724145412445068359375" lon="-5.51525766961276531219482421875">
        <ele>858.5999755859375</ele>
        <time>2025-10-03T05:14:07.000Z</time>
        <extensions>
          <ns3:TrackPointExtension>
            <ns3:hr>119</ns3:hr>
            <ns3:cad>57</ns3:cad>
          </ns3:TrackPointExtension>
        </extensions>
      </trkpt>
      <trkpt lat="42.569468356668949127197265625" lon="-5.51546419970691204071044921875">
        <ele>858.79998779296875</ele>
        <time>2025-10-03T05:14:20.000Z</time>
        <extensions>
          <ns3:TrackPointExtension>
            <ns3:hr>120</ns3:hr>
            <ns3:cad>57</ns3:cad>
          </ns3:TrackPointExtension>
        </extensions>
      </trkpt>
      <trkpt lat="42.56951236166059970855712890625" lon="-5.51564809866249561309814453125">
        <ele>859.20001220703125</ele>
        <time>2025-10-03T05:14:32.000Z</time>
        <extensions>
          <ns3:TrackPointExtension>
            <ns3:hr>119</ns3:hr>
            <ns3:cad>57</ns3:cad>
          </ns3:TrackPointExtension>
        </extensions>
      </trkpt>
      <trkpt lat="42.569534741342067718505859375" lon="-5.5157571472227573394775390625">
        <ele>859.20001220703125</ele>
        <time>2025-10-03T05:14:39.000Z</time>
        <extensions>
          <ns3:TrackPointExtension>
            <ns3:hr>119</ns3:hr>
            <ns3:cad>57</ns3:cad>
          </ns3:TrackPointExtension>
        </extensions>
      </trkpt>
      <trkpt lat="42.569552846252918243408203125" lon="-5.5158381164073944091796875">
        <ele>859.20001220703125</ele>
        <time>2025-10-03T05:14:44.000Z</time>
        <extensions>
          <ns3:TrackPointExtension>
            <ns3:hr>119</ns3:hr>
            <ns3:cad>58</ns3:cad>
          </ns3:TrackPointExtension>
        </extensions>
      </trkpt>
      <trkpt lat="42.56959785707294940948486328125" lon="-5.51603366620838642120361328125">
        <ele>859.4000244140625</ele>
        <time>2025-10-03T05:14:57.000Z</time>
        <extensions>
          <ns3:TrackPointExtension>
            <ns3:hr>120</ns3:hr>
            <ns3:cad>58</ns3:cad>
          </ns3:TrackPointExtension>
        </extensions>
      </trkpt>
      <trkpt lat="42.56961428560316562652587890625" lon="-5.51618956960737705230712890625">
        <ele>859.4000244140625</ele>
        <time>2025-10-03T05:15:06.000Z</time>
        <extensions>
          <ns3:TrackPointExtension>
            <ns3:hr>117</ns3:hr>
            <ns3:cad>57</ns3:cad>
          </ns3:TrackPointExtension>
        </extensions>
      </trkpt>
      <trkpt lat="42.569620907306671142578125" lon="-5.5162550322711467742919921875">
        <ele>859.20001220703125</ele>
        <time>2025-10-03T05:15:10.000Z</time>
        <extensions>
          <ns3:TrackPointExtension>
            <ns3:hr>118</ns3:hr>
            <ns3:cad>58</ns3:cad>
          </ns3:TrackPointExtension>
        </extensions>
      </trkpt>
      <trkpt lat="42.56966541521251201629638671875" lon="-5.516433902084827423095703125">
        <ele>859.4000244140625</ele>
        <time>2025-10-03T05:15:21.000Z</time>
        <extensions>
          <ns3:TrackPointExtension>
            <ns3:hr>118</ns3:hr>
            <ns3:cad>58</ns3:cad>
          </ns3:TrackPointExtension>
        </extensions>
      </trkpt>
      <trkpt lat="42.5697022117674350738525390625" lon="-5.516630709171295166015625">
        <ele>859.5999755859375</ele>
        <time>2025-10-03T05:15:33.000Z</time>
        <extensions>
          <ns3:TrackPointExtension>
            <ns3:hr>117</ns3:hr>
            <ns3:cad>59</ns3:cad>
          </ns3:TrackPointExtension>
        </extensions>
      </trkpt>
      <trkpt lat="42.5697457976639270782470703125" lon="-5.5168193019926548004150390625">
        <ele>859.5999755859375</ele>
        <time>2025-10-03T05:15:45.000Z</time>
        <extensions>
          <ns3:TrackPointExtension>
            <ns3:hr>116</ns3:hr>
            <ns3:cad>58</ns3:cad>
          </ns3:TrackPointExtension>
        </extensions>
      </trkpt>
      <trkpt lat="42.56978611461818218231201171875" lon="-5.51701300777494907379150390625">
        <ele>859.79998779296875</ele>
        <time>2025-10-03T05:15:57.000Z</time>
        <extensions>
          <ns3:TrackPointExtension>
            <ns3:hr>116</ns3:hr>
            <ns3:cad>59</ns3:cad>
          </ns3:TrackPointExtension>
        </extensions>
      </trkpt>
      <trkpt lat="42.56982584483921527862548828125" lon="-5.51719523034989833831787109375">
        <ele>859.79998779296875</ele>
        <time>2025-10-03T05:16:09.000Z</time>
        <extensions>
          <ns3:TrackPointExtension>
            <ns3:hr>116</ns3:hr>
            <ns3:cad>58</ns3:cad>
          </ns3:TrackPointExtension>
        </extensions>
      </trkpt>
      <trkpt lat="42.569851577281951904296875" lon="-5.51732498221099376678466796875">
        <ele>860</ele>
        <time>2025-10-03T05:16:17.000Z</time>
        <extensions>
          <ns3:TrackPointExtension>
            <ns3:hr>119</ns3:hr>
            <ns3:cad>58</ns3:cad>
          </ns3:TrackPointExtension>
        </extensions>
      </trkpt>
      <trkpt lat="42.56985367275774478912353515625" lon="-5.51734208129346370697021484375">
        <ele>860</ele>
        <time>2025-10-03T05:16:18.000Z</time>
        <extensions>
          <ns3:TrackPointExtension>
            <ns3:hr>119</ns3:hr>
            <ns3:cad>58</ns3:cad>
          </ns3:TrackPointExtension>
        </extensions>
      </trkpt>
      <trkpt lat="42.5699003599584102630615234375" lon="-5.51748507656157016754150390625">
        <ele>859.79998779296875</ele>
        <time>2025-10-03T05:16:27.000Z</time>
        <extensions>
          <ns3:TrackPointExtension>
            <ns3:hr>119</ns3:hr>
            <ns3:cad>59</ns3:cad>
          </ns3:TrackPointExtension>
        </extensions>
      </trkpt>
      <trkpt lat="42.56993832997977733612060546875" lon="-5.51767249591648578643798828125">
        <ele>860.20001220703125</ele>
        <time>2025-10-03T05:16:39.000Z</time>
        <extensions>
          <ns3:TrackPointExtension>
            <ns3:hr>117</ns3:hr>
            <ns3:cad>58</ns3:cad>
          </ns3:TrackPointExtension>
        </extensions>
      </trkpt>
      <trkpt lat="42.5699709355831146240234375" lon="-5.51781549118459224700927734375">
        <ele>860.4000244140625</ele>
        <time>2025-10-03T05:16:48.000Z</time>
        <extensions>
          <ns3:TrackPointExtension>
            <ns3:hr>116</ns3:hr>
            <ns3:cad>57</ns3:cad>
          </ns3:TrackPointExtension>
        </extensions>
      </trkpt>
      <trkpt lat="42.56997738964855670928955078125" lon="-5.51785019226372241973876953125">
        <ele>860.4000244140625</ele>
        <time>2025-10-03T05:16:50.000Z</time>
        <extensions>
          <ns3:TrackPointExtension>
            <ns3:hr>116</ns3:hr>
            <ns3:cad>58</ns3:cad>
          </ns3:TrackPointExtension>
        </extensions>
      </trkpt>
      <trkpt lat="42.570014856755733489990234375" lon="-5.518003664910793304443359375">
        <ele>860.5999755859375</ele>
        <time>2025-10-03T05:17:00.000Z</time>
        <extensions>
          <ns3:TrackPointExtension>
            <ns3:hr>113</ns3:hr>
            <ns3:cad>58</ns3:cad>
          </ns3:TrackPointExtension>
        </extensions>
      </trkpt>
      <trkpt lat="42.570017874240875244140625" lon="-5.51802034489810466766357421875">
        <ele>860.5999755859375</ele>
        <time>2025-10-03T05:17:01.000Z</time>
        <extensions>
          <ns3:TrackPointExtension>
            <ns3:hr>113</ns3:hr>
            <ns3:cad>58</ns3:cad>
          </ns3:TrackPointExtension>
        </extensions>
      </trkpt>
      <trkpt lat="42.57004201412200927734375" lon="-5.51819644868373870849609375">
        <ele>860.5999755859375</ele>
        <time>2025-10-03T05:17:12.000Z</time>
        <extensions>
          <ns3:TrackPointExtension>
            <ns3:hr>111</ns3:hr>
            <ns3:cad>59</ns3:cad>
          </ns3:TrackPointExtension>
        </extensions>
      </trkpt>
      <trkpt lat="42.570077218115329742431640625" lon="-5.51837909035384654998779296875">
        <ele>860.5999755859375</ele>
        <time>2025-10-03T05:17:23.000Z</time>
        <extensions>
          <ns3:TrackPointExtension>
            <ns3:hr>110</ns3:hr>
            <ns3:cad>59</ns3:cad>
          </ns3:TrackPointExtension>
        </extensions>
      </trkpt>
      <trkpt lat="42.57013899274170398712158203125" lon="-5.51850062794983386993408203125">
        <ele>860.5999755859375</ele>
        <time>2025-10-03T05:17:32.000Z</time>
        <extensions>
          <ns3:TrackPointExtension>
            <ns3:hr>110</ns3:hr>
            <ns3:cad>57</ns3:cad>
          </ns3:TrackPointExtension>
        </extensions>
      </trkpt>
      <trkpt lat="42.57017620839178562164306640625" lon="-5.51870330236852169036865234375">
        <ele>860.79998779296875</ele>
        <time>2025-10-03T05:17:44.000Z</time>
        <extensions>
          <ns3:TrackPointExtension>
            <ns3:hr>110</ns3:hr>
            <ns3:cad>59</ns3:cad>
          </ns3:TrackPointExtension>
        </extensions>
      </trkpt>
      <trkpt lat="42.570217363536357879638671875" lon="-5.5188825912773609161376953125">
        <ele>861</ele>
        <time>2025-10-03T05:17:55.000Z</time>
        <extensions>
          <ns3:TrackPointExtension>
            <ns3:hr>111</ns3:hr>
            <ns3:cad>58</ns3:cad>
          </ns3:TrackPointExtension>
        </extensions>
      </trkpt>
      <trkpt lat="42.5702376477420330047607421875" lon="-5.51904377527534961700439453125">
        <ele>861.20001220703125</ele>
        <time>2025-10-03T05:18:05.000Z</time>
        <extensions>
          <ns3:TrackPointExtension>
            <ns3:hr>112</ns3:hr>
            <ns3:cad>59</ns3:cad>
          </ns3:TrackPointExtension>
        </extensions>
      </trkpt>
      <trkpt lat="42.57024326361715793609619140625" lon="-5.519075877964496612548828125">
        <ele>861.4000244140625</ele>
        <time>2025-10-03T05:18:07.000Z</time>
        <extensions>
          <ns3:TrackPointExtension>
            <ns3:hr>113</ns3:hr>
            <ns3:cad>59</ns3:cad>
          </ns3:TrackPointExtension>
        </extensions>
      </trkpt>
      <trkpt lat="42.57026338018476963043212890625" lon="-5.51917034201323986053466796875">
        <ele>861.79998779296875</ele>
        <time>2025-10-03T05:18:13.000Z</time>
        <extensions>
          <ns3:TrackPointExtension>
            <ns3:hr>114</ns3:hr>
            <ns3:cad>56</ns3:cad>
          </ns3:TrackPointExtension>
        </extensions>
      </trkpt>
      <trkpt lat="42.57032037712633609771728515625" lon="-5.51930260844528675079345703125">
        <ele>861.5999755859375</ele>
        <time>2025-10-03T05:18:23.000Z</time>
        <extensions>
          <ns3:TrackPointExtension>
            <ns3:hr>112</ns3:hr>
            <ns3:cad>56</ns3:cad>
          </ns3:TrackPointExtension>
        </extensions>
      </trkpt>
      <trkpt lat="42.57035323418676853179931640625" lon="-5.51943487487733364105224609375">
        <ele>861.79998779296875</ele>
        <time>2025-10-03T05:18:31.000Z</time>
        <extensions>
          <ns3:TrackPointExtension>
            <ns3:hr>112</ns3:hr>
            <ns3:cad>57</ns3:cad>
          </ns3:TrackPointExtension>
        </extensions>
      </trkpt>
      <trkpt lat="42.5703831575810909271240234375" lon="-5.51957049407064914703369140625">
        <ele>862</ele>
        <time>2025-10-03T05:18:40.000Z</time>
        <extensions>
          <ns3:TrackPointExtension>
            <ns3:hr>113</ns3:hr>
            <ns3:cad>58</ns3:cad>
          </ns3:TrackPointExtension>
        </extensions>
      </trkpt>
      <trkpt lat="42.57039614953100681304931640625" lon="-5.51962262950837612152099609375">
        <ele>862.4000244140625</ele>
        <time>2025-10-03T05:18:43.000Z</time>
        <extensions>
          <ns3:TrackPointExtension>
            <ns3:hr>114</ns3:hr>
            <ns3:cad>58</ns3:cad>
          </ns3:TrackPointExtension>
        </extensions>
      </trkpt>
      <trkpt lat="42.5704143382608890533447265625" lon="-5.51973067224025726318359375">
        <ele>862.5999755859375</ele>
        <time>2025-10-03T05:18:50.000Z</time>
        <extensions>
          <ns3:TrackPointExtension>
            <ns3:hr>115</ns3:hr>
            <ns3:cad>57</ns3:cad>
          </ns3:TrackPointExtension>
        </extensions>
      </trkpt>
      <trkpt lat="42.57044124417006969451904296875" lon="-5.5198377929627895355224609375">
        <ele>862.4000244140625</ele>
        <time>2025-10-03T05:18:57.000Z</time>
        <extensions>
          <ns3:TrackPointExtension>
            <ns3:hr>117</ns3:hr>
            <ns3:cad>58</ns3:cad>
          </ns3:TrackPointExtension>
        </extensions>
      </trkpt>
      <trkpt lat="42.57047376595437526702880859375" lon="-5.51999260671436786651611328125">
        <ele>862.5999755859375</ele>
        <time>2025-10-03T05:19:07.000Z</time>
        <extensions>
          <ns3:TrackPointExtension>
            <ns3:hr>119</ns3:hr>
            <ns3:cad>57</ns3:cad>
          </ns3:TrackPointExtension>
        </extensions>
      </trkpt>
      <trkpt lat="42.57050025276839733123779296875" lon="-5.520119927823543548583984375">
        <ele>863</ele>
        <time>2025-10-03T05:19:15.000Z</time>
        <extensions>
          <ns3:TrackPointExtension>
            <ns3:hr>120</ns3:hr>
            <ns3:cad>57</ns3:cad>
          </ns3:TrackPointExtension>
        </extensions>
      </trkpt>
      <trkpt lat="42.57050762884318828582763671875" lon="-5.520274825394153594970703125">
        <ele>863.20001220703125</ele>
        <time>2025-10-03T05:19:25.000Z</time>
        <extensions>
          <ns3:TrackPointExtension>
            <ns3:hr>117</ns3:hr>
            <ns3:cad>57</ns3:cad>
          </ns3:TrackPointExtension>
        </extensions>
      </trkpt>
      <trkpt lat="42.57050209678709506988525390625" lon="-5.52034481428563594818115234375">
        <ele>863.20001220703125</ele>
        <time>2025-10-03T05:19:30.000Z</time>
        <extensions>
          <ns3:TrackPointExtension>
            <ns3:hr>114</ns3:hr>
            <ns3:cad>56</ns3:cad>
          </ns3:TrackPointExtension>
        </extensions>
      </trkpt>
      <trkpt lat="42.57049153558909893035888671875" lon="-5.52039527334272861480712890625">
        <ele>863.4000244140625</ele>
        <time>2025-10-03T05:19:33.000Z</time>
        <extensions>
          <ns3:TrackPointExtension>
            <ns3:hr>113</ns3:hr>
            <ns3:cad>56</ns3:cad>
          </ns3:TrackPointExtension>
        </extensions>
      </trkpt>
      <trkpt lat="42.5704887695610523223876953125" lon="-5.52040482871234416961669921875">
        <ele>863.4000244140625</ele>
        <time>2025-10-03T05:19:34.000Z</time>
        <extensions>
          <ns3:TrackPointExtension>
            <ns3:hr>113</ns3:hr>
            <ns3:cad>56</ns3:cad>
          </ns3:TrackPointExtension>
        </extensions>
      </trkpt>
      <trkpt lat="42.57047208957374095916748046875" lon="-5.52052066661417484283447265625">
        <ele>863.5999755859375</ele>
        <time>2025-10-03T05:19:42.000Z</time>
        <extensions>
          <ns3:TrackPointExtension>
            <ns3:hr>112</ns3:hr>
            <ns3:cad>56</ns3:cad>
          </ns3:TrackPointExtension>
        </extensions>
      </trkpt>
      <trkpt lat="42.57051651366055011749267578125" lon="-5.5206568725407123565673828125">
        <ele>863.5999755859375</ele>
        <time>2025-10-03T05:19:50.000Z</time>
        <extensions>
          <ns3:TrackPointExtension>
            <ns3:hr>112</ns3:hr>
            <ns3:cad>56</ns3:cad>
          </ns3:TrackPointExtension>
        </extensions>
      </trkpt>
      <trkpt lat="42.5705390609800815582275390625" lon="-5.52075955085456371307373046875">
        <ele>864.4000244140625</ele>
        <time>2025-10-03T05:19:58.000Z</time>
        <extensions>
          <ns3:TrackPointExtension>
            <ns3:hr>112</ns3:hr>
            <ns3:cad>54</ns3:cad>
          </ns3:TrackPointExtension>
        </extensions>
      </trkpt>
      <trkpt lat="42.5705797970294952392578125" lon="-5.52091419696807861328125">
        <ele>864.79998779296875</ele>
        <time>2025-10-03T05:20:08.000Z</time>
        <extensions>
          <ns3:TrackPointExtension>
            <ns3:hr>113</ns3:hr>
            <ns3:cad>56</ns3:cad>
          </ns3:TrackPointExtension>
        </extensions>
      </trkpt>
      <trkpt lat="42.5706173479557037353515625" lon="-5.52109859883785247802734375">
        <ele>865.20001220703125</ele>
        <time>2025-10-03T05:20:20.000Z</time>
        <extensions>
          <ns3:TrackPointExtension>
            <ns3:hr>115</ns3:hr>
            <ns3:cad>57</ns3:cad>
          </ns3:TrackPointExtension>
        </extensions>
      </trkpt>
      <trkpt lat="42.5706232152879238128662109375" lon="-5.52115802653133869171142578125">
        <ele>865.4000244140625</ele>
        <time>2025-10-03T05:20:24.000Z</time>
        <extensions>
          <ns3:TrackPointExtension>
            <ns3:hr>114</ns3:hr>
            <ns3:cad>56</ns3:cad>
          </ns3:TrackPointExtension>
        </extensions>
      </trkpt>
      <trkpt lat="42.57062899880111217498779296875" lon="-5.52120228298008441925048828125">
        <ele>865.5999755859375</ele>
        <time>2025-10-03T05:20:27.000Z</time>
        <extensions>
          <ns3:TrackPointExtension>
            <ns3:hr>111</ns3:hr>
            <ns3:cad>55</ns3:cad>
          </ns3:TrackPointExtension>
        </extensions>
      </trkpt>
      <trkpt lat="42.5706466846168041229248046875" lon="-5.5213022790849208831787109375">
        <ele>865.5999755859375</ele>
        <time>2025-10-03T05:20:33.000Z</time>
        <extensions>
          <ns3:TrackPointExtension>
            <ns3:hr>112</ns3:hr>
            <ns3:cad>57</ns3:cad>
          </ns3:TrackPointExtension>
        </extensions>
      </trkpt>
      <trkpt lat="42.570672668516635894775390625" lon="-5.52145843394100666046142578125">
        <ele>866</ele>
        <time>2025-10-03T05:20:43.000Z</time>
        <extensions>
          <ns3:TrackPointExtension>
            <ns3:hr>112</ns3:hr>
            <ns3:cad>56</ns3:cad>
          </ns3:TrackPointExtension>
        </extensions>
      </trkpt>
      <trkpt lat="42.570692785084247589111328125" lon="-5.52150604315102100372314453125">
        <ele>866.4000244140625</ele>
        <time>2025-10-03T05:20:47.000Z</time>
        <extensions>
          <ns3:TrackPointExtension>
            <ns3:hr>111</ns3:hr>
            <ns3:cad>55</ns3:cad>
          </ns3:TrackPointExtension>
        </extensions>
      </trkpt>
      <trkpt lat="42.57072036154568195343017578125" lon="-5.52158785052597522735595703125">
        <ele>866.20001220703125</ele>
        <time>2025-10-03T05:20:53.000Z</time>
        <extensions>
          <ns3:TrackPointExtension>
            <ns3:hr>111</ns3:hr>
            <ns3:cad>56</ns3:cad>
          </ns3:TrackPointExtension>
        </extensions>
      </trkpt>
      <trkpt lat="42.5707539729773998260498046875" lon="-5.52174828015267848968505859375">
        <ele>866.79998779296875</ele>
        <time>2025-10-03T05:21:04.000Z</time>
        <extensions>
          <ns3:TrackPointExtension>
            <ns3:hr>111</ns3:hr>
            <ns3:cad>56</ns3:cad>
          </ns3:TrackPointExtension>
        </extensions>
      </trkpt>
      <trkpt lat="42.570789344608783721923828125" lon="-5.5218890123069286346435546875">
        <ele>867.20001220703125</ele>
        <time>2025-10-03T05:21:14.000Z</time>
        <extensions>
          <ns3:TrackPointExtension>
            <ns3:hr>110</ns3:hr>
            <ns3:cad>56</ns3:cad>
          </ns3:TrackPointExtension>
        </extensions>
      </trkpt>
      <trkpt lat="42.570800073444843292236328125" lon="-5.5219299159944057464599609375">
        <ele>867.4000244140625</ele>
        <time>2025-10-03T05:21:17.000Z</time>
        <extensions>
          <ns3:TrackPointExtension>
            <ns3:hr>110</ns3:hr>
            <ns3:cad>56</ns3:cad>
          </ns3:TrackPointExtension>
        </extensions>
      </trkpt>
      <trkpt lat="42.57082396186888217926025390625" lon="-5.5220506154000759124755859375">
        <ele>867.79998779296875</ele>
        <time>2025-10-03T05:21:25.000Z</time>
        <extensions>
          <ns3:TrackPointExtension>
            <ns3:hr>111</ns3:hr>
            <ns3:cad>55</ns3:cad>
          </ns3:TrackPointExtension>
        </extensions>
      </trkpt>
      <trkpt lat="42.57087157107889652252197265625" lon="-5.52220308221876621246337890625">
        <ele>868.4000244140625</ele>
        <time>2025-10-03T05:21:36.000Z</time>
        <extensions>
          <ns3:TrackPointExtension>
            <ns3:hr>110</ns3:hr>
            <ns3:cad>55</ns3:cad>
          </ns3:TrackPointExtension>
        </extensions>
      </trkpt>
      <trkpt lat="42.57089453749358654022216796875" lon="-5.5223439820110797882080078125">
        <ele>868.20001220703125</ele>
        <time>2025-10-03T05:21:45.000Z</time>
        <extensions>
          <ns3:TrackPointExtension>
            <ns3:hr>111</ns3:hr>
            <ns3:cad>58</ns3:cad>
          </ns3:TrackPointExtension>
        </extensions>
      </trkpt>
      <trkpt lat="42.5709122233092784881591796875" lon="-5.5224470794200897216796875">
        <ele>868</ele>
        <time>2025-10-03T05:21:52.000Z</time>
        <extensions>
          <ns3:TrackPointExtension>
            <ns3:hr>110</ns3:hr>
            <ns3:cad>58</ns3:cad>
          </ns3:TrackPointExtension>
        </extensions>
      </trkpt>
      <trkpt lat="42.57095069624483585357666015625" lon="-5.5226215906441211700439453125">
        <ele>868.20001220703125</ele>
        <time>2025-10-03T05:22:03.000Z</time>
        <extensions>
          <ns3:TrackPointExtension>
            <ns3:hr>108</ns3:hr>
            <ns3:cad>58</ns3:cad>
          </ns3:TrackPointExtension>
        </extensions>
      </trkpt>
      <trkpt lat="42.57097450084984302520751953125" lon="-5.5227593891322612762451171875">
        <ele>868.4000244140625</ele>
        <time>2025-10-03T05:22:12.000Z</time>
        <extensions>
          <ns3:TrackPointExtension>
            <ns3:hr>106</ns3:hr>
            <ns3:cad>57</ns3:cad>
          </ns3:TrackPointExtension>
        </extensions>
      </trkpt>
      <trkpt lat="42.57098422385752201080322265625" lon="-5.5228230915963649749755859375">
        <ele>868.5999755859375</ele>
        <time>2025-10-03T05:22:16.000Z</time>
        <extensions>
          <ns3:TrackPointExtension>
            <ns3:hr>105</ns3:hr>
            <ns3:cad>56</ns3:cad>
          </ns3:TrackPointExtension>
        </extensions>
      </trkpt>
      <trkpt lat="42.57103015668690204620361328125" lon="-5.52302534691989421844482421875">
        <ele>869.20001220703125</ele>
        <time>2025-10-03T05:22:30.000Z</time>
        <extensions>
          <ns3:TrackPointExtension>
            <ns3:hr>106</ns3:hr>
            <ns3:cad>56</ns3:cad>
          </ns3:TrackPointExtension>
        </extensions>
      </trkpt>
      <trkpt lat="42.57106686942279338836669921875" lon="-5.5232073180377483367919921875">
        <ele>869.4000244140625</ele>
        <time>2025-10-03T05:22:42.000Z</time>
        <extensions>
          <ns3:TrackPointExtension>
            <ns3:hr>106</ns3:hr>
            <ns3:cad>57</ns3:cad>
          </ns3:TrackPointExtension>
        </extensions>
      </trkpt>
      <trkpt lat="42.57107743062078952789306640625" lon="-5.52325643599033355712890625">
        <ele>869.4000244140625</ele>
        <time>2025-10-03T05:22:45.000Z</time>
        <extensions>
          <ns3:TrackPointExtension>
            <ns3:hr>106</ns3:hr>
            <ns3:cad>56</ns3:cad>
          </ns3:TrackPointExtension>
        </extensions>
      </trkpt>
      <trkpt lat="42.57111313752830028533935546875" lon="-5.5233984254300594329833984375">
        <ele>869.79998779296875</ele>
        <time>2025-10-03T05:22:55.000Z</time>
        <extensions>
          <ns3:TrackPointExtension>
            <ns3:hr>107</ns3:hr>
            <ns3:cad>56</ns3:cad>
          </ns3:TrackPointExtension>
        </extensions>
      </trkpt>
      <trkpt lat="42.5711485929787158966064453125" lon="-5.52356665022671222686767578125">
        <ele>870.20001220703125</ele>
        <time>2025-10-03T05:23:06.000Z</time>
        <extensions>
          <ns3:TrackPointExtension>
            <ns3:hr>107</ns3:hr>
            <ns3:cad>56</ns3:cad>
          </ns3:TrackPointExtension>
        </extensions>
      </trkpt>
      <trkpt lat="42.57120005786418914794921875" lon="-5.5237454362213611602783203125">
        <ele>870.4000244140625</ele>
        <time>2025-10-03T05:23:18.000Z</time>
        <extensions>
          <ns3:TrackPointExtension>
            <ns3:hr>105</ns3:hr>
            <ns3:cad>57</ns3:cad>
          </ns3:TrackPointExtension>
        </extensions>
      </trkpt>
      <trkpt lat="42.5712448172271251678466796875" lon="-5.52385054528713226318359375">
        <ele>870.4000244140625</ele>
        <time>2025-10-03T05:23:26.000Z</time>
        <extensions>
          <ns3:TrackPointExtension>
            <ns3:hr>105</ns3:hr>
            <ns3:cad>57</ns3:cad>
          </ns3:TrackPointExtension>
        </extensions>
      </trkpt>
      <trkpt lat="42.57124909199774265289306640625" lon="-5.5238647945225238800048828125">
        <ele>870.4000244140625</ele>
        <time>2025-10-03T05:23:27.000Z</time>
        <extensions>
          <ns3:TrackPointExtension>
            <ns3:hr>105</ns3:hr>
            <ns3:cad>57</ns3:cad>
          </ns3:TrackPointExtension>
        </extensions>
      </trkpt>
      <trkpt lat="42.57129267789423465728759765625" lon="-5.52405414171516895294189453125">
        <ele>870.79998779296875</ele>
        <time>2025-10-03T05:23:39.000Z</time>
        <extensions>
          <ns3:TrackPointExtension>
            <ns3:hr>105</ns3:hr>
            <ns3:cad>57</ns3:cad>
          </ns3:TrackPointExtension>
        </extensions>
      </trkpt>
      <trkpt lat="42.57133827544748783111572265625" lon="-5.52424826659262180328369140625">
        <ele>871</ele>
        <time>2025-10-03T05:23:52.000Z</time>
        <extensions>
          <ns3:TrackPointExtension>
            <ns3:hr>106</ns3:hr>
            <ns3:cad>56</ns3:cad>
          </ns3:TrackPointExtension>
        </extensions>
      </trkpt>
      <trkpt lat="42.57137934677302837371826171875" lon="-5.52442881278693675994873046875">
        <ele>871.20001220703125</ele>
        <time>2025-10-03T05:24:04.000Z</time>
        <extensions>
          <ns3:TrackPointExtension>
            <ns3:hr>105</ns3:hr>
            <ns3:cad>56</ns3:cad>
          </ns3:TrackPointExtension>
        </extensions>
      </trkpt>
      <trkpt lat="42.5714312307536602020263671875" lon="-5.524652190506458282470703125">
        <ele>871.4000244140625</ele>
        <time>2025-10-03T05:24:18.000Z</time>
        <extensions>
          <ns3:TrackPointExtension>
            <ns3:hr>103</ns3:hr>
            <ns3:cad>57</ns3:cad>
          </ns3:TrackPointExtension>
        </extensions>
      </trkpt>
      <trkpt lat="42.571456544101238250732421875" lon="-5.52469904534518718719482421875">
        <ele>871.5999755859375</ele>
        <time>2025-10-03T05:24:22.000Z</time>
        <extensions>
          <ns3:TrackPointExtension>
            <ns3:hr>103</ns3:hr>
            <ns3:cad>57</ns3:cad>
          </ns3:TrackPointExtension>
        </extensions>
      </trkpt>
      <trkpt lat="42.57149401120841503143310546875" lon="-5.52473491989076137542724609375">
        <ele>871.79998779296875</ele>
        <time>2025-10-03T05:24:26.000Z</time>
        <extensions>
          <ns3:TrackPointExtension>
            <ns3:hr>102</ns3:hr>
            <ns3:cad>56</ns3:cad>
          </ns3:TrackPointExtension>
        </extensions>
      </trkpt>
      <trkpt lat="42.5715244375169277191162109375" lon="-5.52486014552414417266845703125">
        <ele>872.5999755859375</ele>
        <time>2025-10-03T05:24:35.000Z</time>
        <extensions>
          <ns3:TrackPointExtension>
            <ns3:hr>103</ns3:hr>
            <ns3:cad>55</ns3:cad>
          </ns3:TrackPointExtension>
        </extensions>
      </trkpt>
      <trkpt lat="42.5715271197259426116943359375" lon="-5.5248736403882503509521484375">
        <ele>872.5999755859375</ele>
        <time>2025-10-03T05:24:36.000Z</time>
        <extensions>
          <ns3:TrackPointExtension>
            <ns3:hr>104</ns3:hr>
            <ns3:cad>55</ns3:cad>
          </ns3:TrackPointExtension>
        </extensions>
      </trkpt>
      <trkpt lat="42.57155687548220157623291015625" lon="-5.52502174861729145050048828125">
        <ele>873</ele>
        <time>2025-10-03T05:24:46.000Z</time>
        <extensions>
          <ns3:TrackPointExtension>
            <ns3:hr>107</ns3:hr>
            <ns3:cad>56</ns3:cad>
          </ns3:TrackPointExtension>
        </extensions>
      </trkpt>
      <trkpt lat="42.5715588033199310302734375" lon="-5.5250394344329833984375">
        <ele>873</ele>
        <time>2025-10-03T05:24:47.000Z</time>
        <extensions>
          <ns3:TrackPointExtension>
            <ns3:hr>108</ns3:hr>
            <ns3:cad>56</ns3:cad>
          </ns3:TrackPointExtension>
        </extensions>
      </trkpt>
      <trkpt lat="42.5715794228017330169677734375" lon="-5.52513398230075836181640625">
        <ele>873.20001220703125</ele>
        <time>2025-10-03T05:24:53.000Z</time>
        <extensions>
          <ns3:TrackPointExtension>
            <ns3:hr>111</ns3:hr>
            <ns3:cad>56</ns3:cad>
          </ns3:TrackPointExtension>
        </extensions>
      </trkpt>
      <trkpt lat="42.5716070830821990966796875" lon="-5.5252196453511714935302734375">
        <ele>873.5999755859375</ele>
        <time>2025-10-03T05:24:59.000Z</time>
        <extensions>
          <ns3:TrackPointExtension>
            <ns3:hr>113</ns3:hr>
            <ns3:cad>56</ns3:cad>
          </ns3:TrackPointExtension>
        </extensions>
      </trkpt>
      <trkpt lat="42.5716458074748516082763671875" lon="-5.52537982352077960968017578125">
        <ele>874</ele>
        <time>2025-10-03T05:25:10.000Z</time>
        <extensions>
          <ns3:TrackPointExtension>
            <ns3:hr>112</ns3:hr>
            <ns3:cad>56</ns3:cad>
          </ns3:TrackPointExtension>
        </extensions>
      </trkpt>
      <trkpt lat="42.57168461568653583526611328125" lon="-5.52554578520357608795166015625">
        <ele>874.5999755859375</ele>
        <time>2025-10-03T05:25:21.000Z</time>
        <extensions>
          <ns3:TrackPointExtension>
            <ns3:hr>112</ns3:hr>
            <ns3:cad>55</ns3:cad>
          </ns3:TrackPointExtension>
        </extensions>
      </trkpt>
      <trkpt lat="42.5717036426067352294921875" lon="-5.52556975744664669036865234375">
        <ele>874.5999755859375</ele>
        <time>2025-10-03T05:25:24.000Z</time>
        <extensions>
          <ns3:TrackPointExtension>
            <ns3:hr>113</ns3:hr>
            <ns3:cad>53</ns3:cad>
          </ns3:TrackPointExtension>
        </extensions>
      </trkpt>
      <trkpt lat="42.5717118568718433380126953125" lon="-5.525585599243640899658203125">
        <ele>874.79998779296875</ele>
        <time>2025-10-03T05:25:29.000Z</time>
        <extensions>
          <ns3:TrackPointExtension>
            <ns3:hr>112</ns3:hr>
            <ns3:cad>0</ns3:cad>
          </ns3:TrackPointExtension>
        </extensions>
      </trkpt>
      <trkpt lat="42.571693919599056243896484375" lon="-5.525588281452655792236328125">
        <ele>874.79998779296875</ele>
        <time>2025-10-03T05:25:38.000Z</time>
        <extensions>
          <ns3:TrackPointExtension>
            <ns3:hr>109</ns3:hr>
            <ns3:cad>0</ns3:cad>
          </ns3:TrackPointExtension>
        </extensions>
      </trkpt>
      <trkpt lat="42.571693919599056243896484375" lon="-5.525588281452655792236328125">
        <ele>874.79998779296875</ele>
        <time>2025-10-03T05:25:39.000Z</time>
        <extensions>
          <ns3:TrackPointExtension>
            <ns3:hr>106</ns3:hr>
            <ns3:cad>0</ns3:cad>
          </ns3:TrackPointExtension>
        </extensions>
      </trkpt>
      <trkpt lat="42.57168729789555072784423828125" lon="-5.52559976466000080108642578125">
        <ele>874.79998779296875</ele>
        <time>2025-10-03T05:25:42.000Z</time>
        <extensions>
          <ns3:TrackPointExtension>
            <ns3:hr>103</ns3:hr>
            <ns3:cad>0</ns3:cad>
          </ns3:TrackPointExtension>
        </extensions>
      </trkpt>
      <trkpt lat="42.57168151438236236572265625" lon="-5.52569079212844371795654296875">
        <ele>874.4000244140625</ele>
        <time>2025-10-03T05:25:49.000Z</time>
        <extensions>
          <ns3:TrackPointExtension>
            <ns3:hr>102</ns3:hr>
            <ns3:cad>53</ns3:cad>
          </ns3:TrackPointExtension>
        </extensions>
      </trkpt>
      <trkpt lat="42.5716877169907093048095703125" lon="-5.52589799277484416961669921875">
        <ele>874.5999755859375</ele>
        <time>2025-10-03T05:26:02.000Z</time>
        <extensions>
          <ns3:TrackPointExtension>
            <ns3:hr>100</ns3:hr>
            <ns3:cad>56</ns3:cad>
          </ns3:TrackPointExtension>
        </extensions>
      </trkpt>
      <trkpt lat="42.57167816162109375" lon="-5.52605934441089630126953125">
        <ele>875</ele>
        <time>2025-10-03T05:26:09.000Z</time>
        <extensions>
          <ns3:TrackPointExtension>
            <ns3:hr>101</ns3:hr>
            <ns3:cad>56</ns3:cad>
          </ns3:TrackPointExtension>
        </extensions>
      </trkpt>
      <trkpt lat="42.57175535894930362701416015625" lon="-5.52620041184127330780029296875">
        <ele>875.4000244140625</ele>
        <time>2025-10-03T05:26:21.000Z</time>
        <extensions>
          <ns3:TrackPointExtension>
            <ns3:hr>101</ns3:hr>
            <ns3:cad>56</ns3:cad>
          </ns3:TrackPointExtension>
        </extensions>
      </trkpt>
      <trkpt lat="42.57179123349487781524658203125" lon="-5.52627014927566051483154296875">
        <ele>875.5999755859375</ele>
        <time>2025-10-03T05:26:27.000Z</time>
        <extensions>
          <ns3:TrackPointExtension>
            <ns3:hr>101</ns3:hr>
            <ns3:cad>56</ns3:cad>
          </ns3:TrackPointExtension>
        </extensions>
      </trkpt>
      <trkpt lat="42.57182501256465911865234375" lon="-5.526335276663303375244140625">
        <ele>875.79998779296875</ele>
        <time>2025-10-03T05:26:32.000Z</time>
        <extensions>
          <ns3:TrackPointExtension>
            <ns3:hr>103</ns3:hr>
            <ns3:cad>56</ns3:cad>
          </ns3:TrackPointExtension>
        </extensions>
      </trkpt>
      <trkpt lat="42.571854181587696075439453125" lon="-5.5264789424836635589599609375">
        <ele>876.20001220703125</ele>
        <time>2025-10-03T05:26:42.000Z</time>
        <extensions>
          <ns3:TrackPointExtension>
            <ns3:hr>100</ns3:hr>
            <ns3:cad>56</ns3:cad>
          </ns3:TrackPointExtension>
        </extensions>
      </trkpt>
      <trkpt lat="42.57185610942542552947998046875" lon="-5.52649520337581634521484375">
        <ele>876.20001220703125</ele>
        <time>2025-10-03T05:26:43.000Z</time>
        <extensions>
          <ns3:TrackPointExtension>
            <ns3:hr>99</ns3:hr>
            <ns3:cad>56</ns3:cad>
          </ns3:TrackPointExtension>
        </extensions>
      </trkpt>
      <trkpt lat="42.57189885713160037994384765625" lon="-5.52665521390736103057861328125">
        <ele>876.4000244140625</ele>
        <time>2025-10-03T05:26:54.000Z</time>
        <extensions>
          <ns3:TrackPointExtension>
            <ns3:hr>99</ns3:hr>
            <ns3:cad>56</ns3:cad>
          </ns3:TrackPointExtension>
        </extensions>
      </trkpt>
      <trkpt lat="42.5719143636524677276611328125" lon="-5.526714809238910675048828125">
        <ele>876.5999755859375</ele>
        <time>2025-10-03T05:26:58.000Z</time>
        <extensions>
          <ns3:TrackPointExtension>
            <ns3:hr>100</ns3:hr>
            <ns3:cad>56</ns3:cad>
          </ns3:TrackPointExtension>
        </extensions>
      </trkpt>
      <trkpt lat="42.57193758152425289154052734375" lon="-5.52680189721286296844482421875">
        <ele>877</ele>
        <time>2025-10-03T05:27:04.000Z</time>
        <extensions>
          <ns3:TrackPointExtension>
            <ns3:hr>100</ns3:hr>
            <ns3:cad>56</ns3:cad>
          </ns3:TrackPointExtension>
        </extensions>
      </trkpt>
      <trkpt lat="42.57198653183877468109130859375" lon="-5.5269704572856426239013671875">
        <ele>877.79998779296875</ele>
        <time>2025-10-03T05:27:16.000Z</time>
        <extensions>
          <ns3:TrackPointExtension>
            <ns3:hr>103</ns3:hr>
            <ns3:cad>55</ns3:cad>
          </ns3:TrackPointExtension>
        </extensions>
      </trkpt>
      <trkpt lat="42.57198871113359928131103515625" lon="-5.5269818566739559173583984375">
        <ele>877.79998779296875</ele>
        <time>2025-10-03T05:27:17.000Z</time>
        <extensions>
          <ns3:TrackPointExtension>
            <ns3:hr>103</ns3:hr>
            <ns3:cad>55</ns3:cad>
          </ns3:TrackPointExtension>
        </extensions>
      </trkpt>
      <trkpt lat="42.571998350322246551513671875" lon="-5.52702787332236766815185546875">
        <ele>878</ele>
        <time>2025-10-03T05:27:20.000Z</time>
        <extensions>
          <ns3:TrackPointExtension>
            <ns3:hr>106</ns3:hr>
            <ns3:cad>55</ns3:cad>
          </ns3:TrackPointExtension>
        </extensions>
      </trkpt>
      <trkpt lat="42.572017796337604522705078125" lon="-5.52711923606693744659423828125">
        <ele>878.20001220703125</ele>
        <time>2025-10-03T05:27:26.000Z</time>
        <extensions>
          <ns3:TrackPointExtension>
            <ns3:hr>109</ns3:hr>
            <ns3:cad>55</ns3:cad>
          </ns3:TrackPointExtension>
        </extensions>
      </trkpt>
      <trkpt lat="42.5720239989459514617919921875" lon="-5.52714429795742034912109375">
        <ele>878.4000244140625</ele>
        <time>2025-10-03T05:27:28.000Z</time>
        <extensions>
          <ns3:TrackPointExtension>
            <ns3:hr>109</ns3:hr>
            <ns3:cad>54</ns3:cad>
          </ns3:TrackPointExtension>
        </extensions>
      </trkpt>
      <trkpt lat="42.57203497923910617828369140625" lon="-5.52721001207828521728515625">
        <ele>878.79998779296875</ele>
        <time>2025-10-03T05:27:33.000Z</time>
        <extensions>
          <ns3:TrackPointExtension>
            <ns3:hr>110</ns3:hr>
            <ns3:cad>54</ns3:cad>
          </ns3:TrackPointExtension>
        </extensions>
      </trkpt>
      <trkpt lat="42.5720431096851825714111328125" lon="-5.52727899514138698577880859375">
        <ele>879.20001220703125</ele>
        <time>2025-10-03T05:27:40.000Z</time>
        <extensions>
          <ns3:TrackPointExtension>
            <ns3:hr>108</ns3:hr>
            <ns3:cad>53</ns3:cad>
          </ns3:TrackPointExtension>
        </extensions>
      </trkpt>
      <trkpt lat="42.5720390863716602325439453125" lon="-5.527348481118679046630859375">
        <ele>879.20001220703125</ele>
        <time>2025-10-03T05:27:48.000Z</time>
        <extensions>
          <ns3:TrackPointExtension>
            <ns3:hr>103</ns3:hr>
            <ns3:cad>0</ns3:cad>
          </ns3:TrackPointExtension>
        </extensions>
      </trkpt>
      <trkpt lat="42.57204017601907253265380859375" lon="-5.527364909648895263671875">
        <ele>879.4000244140625</ele>
        <time>2025-10-03T05:27:49.000Z</time>
        <extensions>
          <ns3:TrackPointExtension>
            <ns3:hr>100</ns3:hr>
            <ns3:cad>0</ns3:cad>
          </ns3:TrackPointExtension>
        </extensions>
      </trkpt>
      <trkpt lat="42.57204101420938968658447265625" lon="-5.5274126864969730377197265625">
        <ele>879.4000244140625</ele>
        <time>2025-10-03T05:27:52.000Z</time>
        <extensions>
          <ns3:TrackPointExtension>
            <ns3:hr>97</ns3:hr>
            <ns3:cad>54</ns3:cad>
          </ns3:TrackPointExtension>
        </extensions>
      </trkpt>
      <trkpt lat="42.572042606770992279052734375" lon="-5.52748401649296283721923828125">
        <ele>879.79998779296875</ele>
        <time>2025-10-03T05:27:57.000Z</time>
        <extensions>
          <ns3:TrackPointExtension>
            <ns3:hr>96</ns3:hr>
            <ns3:cad>55</ns3:cad>
          </ns3:TrackPointExtension>
        </extensions>
      </trkpt>
      <trkpt lat="42.5720427744090557098388671875" lon="-5.5275239981710910797119140625">
        <ele>880</ele>
        <time>2025-10-03T05:28:00.000Z</time>
        <extensions>
          <ns3:TrackPointExtension>
            <ns3:hr>97</ns3:hr>
            <ns3:cad>55</ns3:cad>
          </ns3:TrackPointExtension>
        </extensions>
      </trkpt>
      <trkpt lat="42.57204604335129261016845703125" lon="-5.5275893770158290863037109375">
        <ele>880.20001220703125</ele>
        <time>2025-10-03T05:28:04.000Z</time>
        <extensions>
          <ns3:TrackPointExtension>
            <ns3:hr>100</ns3:hr>
            <ns3:cad>55</ns3:cad>
          </ns3:TrackPointExtension>
        </extensions>
      </trkpt>
      <trkpt lat="42.5720362365245819091796875" lon="-5.52768216468393802642822265625">
        <ele>880.4000244140625</ele>
        <time>2025-10-03T05:28:10.000Z</time>
        <extensions>
          <ns3:TrackPointExtension>
            <ns3:hr>103</ns3:hr>
            <ns3:cad>56</ns3:cad>
          </ns3:TrackPointExtension>
        </extensions>
      </trkpt>
      <trkpt lat="42.57203145883977413177490234375" lon="-5.52771016024053096771240234375">
        <ele>880.4000244140625</ele>
        <time>2025-10-03T05:28:12.000Z</time>
        <extensions>
          <ns3:TrackPointExtension>
            <ns3:hr>103</ns3:hr>
            <ns3:cad>56</ns3:cad>
          </ns3:TrackPointExtension>
        </extensions>
      </trkpt>
      <trkpt lat="42.57198887877166271209716796875" lon="-5.52788048051297664642333984375">
        <ele>880.79998779296875</ele>
        <time>2025-10-03T05:28:24.000Z</time>
        <extensions>
          <ns3:TrackPointExtension>
            <ns3:hr>103</ns3:hr>
            <ns3:cad>56</ns3:cad>
          </ns3:TrackPointExtension>
        </extensions>
      </trkpt>
      <trkpt lat="42.571953423321247100830078125" lon="-5.5279831588268280029296875">
        <ele>880.79998779296875</ele>
        <time>2025-10-03T05:28:31.000Z</time>
        <extensions>
          <ns3:TrackPointExtension>
            <ns3:hr>106</ns3:hr>
            <ns3:cad>56</ns3:cad>
          </ns3:TrackPointExtension>
        </extensions>
      </trkpt>
      <trkpt lat="42.571945376694202423095703125" lon="-5.52800838835537433624267578125">
        <ele>880.79998779296875</ele>
        <time>2025-10-03T05:28:33.000Z</time>
        <extensions>
          <ns3:TrackPointExtension>
            <ns3:hr>106</ns3:hr>
            <ns3:cad>57</ns3:cad>
          </ns3:TrackPointExtension>
        </extensions>
      </trkpt>
      <trkpt lat="42.57193339057266712188720703125" lon="-5.528047867119312286376953125">
        <ele>880.79998779296875</ele>
        <time>2025-10-03T05:28:36.000Z</time>
        <extensions>
          <ns3:TrackPointExtension>
            <ns3:hr>105</ns3:hr>
            <ns3:cad>57</ns3:cad>
          </ns3:TrackPointExtension>
        </extensions>
      </trkpt>
      <trkpt lat="42.57191293872892856597900390625" lon="-5.52822061814367771148681640625">
        <ele>881</ele>
        <time>2025-10-03T05:28:48.000Z</time>
        <extensions>
          <ns3:TrackPointExtension>
            <ns3:hr>104</ns3:hr>
            <ns3:cad>55</ns3:cad>
          </ns3:TrackPointExtension>
        </extensions>
      </trkpt>
      <trkpt lat="42.571890056133270263671875" lon="-5.5283345282077789306640625">
        <ele>881.4000244140625</ele>
        <time>2025-10-03T05:28:56.000Z</time>
        <extensions>
          <ns3:TrackPointExtension>
            <ns3:hr>104</ns3:hr>
            <ns3:cad>55</ns3:cad>
          </ns3:TrackPointExtension>
        </extensions>
      </trkpt>
      <trkpt lat="42.57189466618001461029052734375" lon="-5.5283477716147899627685546875">
        <ele>881.4000244140625</ele>
        <time>2025-10-03T05:28:57.000Z</time>
        <extensions>
          <ns3:TrackPointExtension>
            <ns3:hr>104</ns3:hr>
            <ns3:cad>55</ns3:cad>
          </ns3:TrackPointExtension>
        </extensions>
      </trkpt>
      <trkpt lat="42.57194646634161472320556640625" lon="-5.52850124426186084747314453125">
        <ele>881.5999755859375</ele>
        <time>2025-10-03T05:29:08.000Z</time>
        <extensions>
          <ns3:TrackPointExtension>
            <ns3:hr>104</ns3:hr>
            <ns3:cad>55</ns3:cad>
          </ns3:TrackPointExtension>
        </extensions>
      </trkpt>
      <trkpt lat="42.57197764702141284942626953125" lon="-5.528594367206096649169921875">
        <ele>881.79998779296875</ele>
        <time>2025-10-03T05:29:15.000Z</time>
        <extensions>
          <ns3:TrackPointExtension>
            <ns3:hr>106</ns3:hr>
            <ns3:cad>55</ns3:cad>
          </ns3:TrackPointExtension>
        </extensions>
      </trkpt>
      <trkpt lat="42.57200933061540126800537109375" lon="-5.52865840494632720947265625">
        <ele>882</ele>
        <time>2025-10-03T05:29:20.000Z</time>
        <extensions>
          <ns3:TrackPointExtension>
            <ns3:hr>105</ns3:hr>
            <ns3:cad>55</ns3:cad>
          </ns3:TrackPointExtension>
        </extensions>
      </trkpt>
      <trkpt lat="42.57206297479569911956787109375" lon="-5.52879251539707183837890625">
        <ele>882.4000244140625</ele>
        <time>2025-10-03T05:29:30.000Z</time>
        <extensions>
          <ns3:TrackPointExtension>
            <ns3:hr>102</ns3:hr>
            <ns3:cad>56</ns3:cad>
          </ns3:TrackPointExtension>
        </extensions>
      </trkpt>
      <trkpt lat="42.57207856513559818267822265625" lon="-5.52884347736835479736328125">
        <ele>882.4000244140625</ele>
        <time>2025-10-03T05:29:33.000Z</time>
        <extensions>
          <ns3:TrackPointExtension>
            <ns3:hr>103</ns3:hr>
            <ns3:cad>55</ns3:cad>
          </ns3:TrackPointExtension>
        </extensions>
      </trkpt>
      <trkpt lat="42.5721336342394351959228515625" lon="-5.52897565998136997222900390625">
        <ele>882.4000244140625</ele>
        <time>2025-10-03T05:29:44.000Z</time>
        <extensions>
          <ns3:TrackPointExtension>
            <ns3:hr>106</ns3:hr>
            <ns3:cad>56</ns3:cad>
          </ns3:TrackPointExtension>
        </extensions>
      </trkpt>
      <trkpt lat="42.5721393339335918426513671875" lon="-5.5289864726364612579345703125">
        <ele>882.4000244140625</ele>
        <time>2025-10-03T05:29:45.000Z</time>
        <extensions>
          <ns3:TrackPointExtension>
            <ns3:hr>106</ns3:hr>
            <ns3:cad>56</ns3:cad>
          </ns3:TrackPointExtension>
        </extensions>
      </trkpt>
      <trkpt lat="42.57219725288450717926025390625" lon="-5.52907959558069705963134765625">
        <ele>882.5999755859375</ele>
        <time>2025-10-03T05:29:53.000Z</time>
        <extensions>
          <ns3:TrackPointExtension>
            <ns3:hr>107</ns3:hr>
            <ns3:cad>55</ns3:cad>
          </ns3:TrackPointExtension>
        </extensions>
      </trkpt>
      <trkpt lat="42.57226489484310150146484375" lon="-5.52919191308319568634033203125">
        <ele>882.5999755859375</ele>
        <time>2025-10-03T05:30:03.000Z</time>
        <extensions>
          <ns3:TrackPointExtension>
            <ns3:hr>102</ns3:hr>
            <ns3:cad>55</ns3:cad>
          </ns3:TrackPointExtension>
        </extensions>
      </trkpt>
      <trkpt lat="42.5722895376384258270263671875" lon="-5.5292151309549808502197265625">
        <ele>882.5999755859375</ele>
        <time>2025-10-03T05:30:06.000Z</time>
        <extensions>
          <ns3:TrackPointExtension>
            <ns3:hr>99</ns3:hr>
            <ns3:cad>56</ns3:cad>
          </ns3:TrackPointExtension>
        </extensions>
      </trkpt>
      <trkpt lat="42.57238970138132572174072265625" lon="-5.5292553640902042388916015625">
        <ele>882.5999755859375</ele>
        <time>2025-10-03T05:30:15.000Z</time>
        <extensions>
          <ns3:TrackPointExtension>
            <ns3:hr>97</ns3:hr>
            <ns3:cad>56</ns3:cad>
          </ns3:TrackPointExtension>
        </extensions>
      </trkpt>
      <trkpt lat="42.572528086602687835693359375" lon="-5.52927439101040363311767578125">
        <ele>882.79998779296875</ele>
        <time>2025-10-03T05:30:27.000Z</time>
        <extensions>
          <ns3:TrackPointExtension>
            <ns3:hr>97</ns3:hr>
            <ns3:cad>57</ns3:cad>
          </ns3:TrackPointExtension>
        </extensions>
      </trkpt>
      <trkpt lat="42.57263713516294956207275390625" lon="-5.5293458886444568634033203125">
        <ele>882.79998779296875</ele>
        <time>2025-10-03T05:30:38.000Z</time>
        <extensions>
          <ns3:TrackPointExtension>
            <ns3:hr>96</ns3:hr>
            <ns3:cad>57</ns3:cad>
          </ns3:TrackPointExtension>
        </extensions>
      </trkpt>
      <trkpt lat="42.572648786008358001708984375" lon="-5.529352091252803802490234375">
        <ele>882.79998779296875</ele>
        <time>2025-10-03T05:30:39.000Z</time>
        <extensions>
          <ns3:TrackPointExtension>
            <ns3:hr>96</ns3:hr>
            <ns3:cad>57</ns3:cad>
          </ns3:TrackPointExtension>
        </extensions>
      </trkpt>
      <trkpt lat="42.57273285649716854095458984375" lon="-5.52943222224712371826171875">
        <ele>883</ele>
        <time>2025-10-03T05:30:48.000Z</time>
        <extensions>
          <ns3:TrackPointExtension>
            <ns3:hr>96</ns3:hr>
            <ns3:cad>57</ns3:cad>
          </ns3:TrackPointExtension>
        </extensions>
      </trkpt>
      <trkpt lat="42.57282807491719722747802734375" lon="-5.52957111038267612457275390625">
        <ele>883.5999755859375</ele>
        <time>2025-10-03T05:31:00.000Z</time>
        <extensions>
          <ns3:TrackPointExtension>
            <ns3:hr>96</ns3:hr>
            <ns3:cad>56</ns3:cad>
          </ns3:TrackPointExtension>
        </extensions>
      </trkpt>
      <trkpt lat="42.57290686480700969696044921875" lon="-5.52970656193792819976806640625">
        <ele>883.79998779296875</ele>
        <time>2025-10-03T05:31:11.000Z</time>
        <extensions>
          <ns3:TrackPointExtension>
            <ns3:hr>96</ns3:hr>
            <ns3:cad>57</ns3:cad>
          </ns3:TrackPointExtension>
        </extensions>
      </trkpt>
      <trkpt lat="42.572988756000995635986328125" lon="-5.5298266746103763580322265625">
        <ele>883.79998779296875</ele>
        <time>2025-10-03T05:31:21.000Z</time>
        <extensions>
          <ns3:TrackPointExtension>
            <ns3:hr>96</ns3:hr>
            <ns3:cad>57</ns3:cad>
          </ns3:TrackPointExtension>
        </extensions>
      </trkpt>
      <trkpt lat="42.5730117224156856536865234375" lon="-5.52985760383307933807373046875">
        <ele>884</ele>
        <time>2025-10-03T05:31:24.000Z</time>
        <extensions>
          <ns3:TrackPointExtension>
            <ns3:hr>97</ns3:hr>
            <ns3:cad>57</ns3:cad>
          </ns3:TrackPointExtension>
        </extensions>
      </trkpt>
      <trkpt lat="42.573093362152576446533203125" lon="-5.5300073884427547454833984375">
        <ele>884</ele>
        <time>2025-10-03T05:31:36.000Z</time>
        <extensions>
          <ns3:TrackPointExtension>
            <ns3:hr>98</ns3:hr>
            <ns3:cad>58</ns3:cad>
          </ns3:TrackPointExtension>
        </extensions>
      </trkpt>
      <trkpt lat="42.57319503463804721832275390625" lon="-5.530178882181644439697265625">
        <ele>884.20001220703125</ele>
        <time>2025-10-03T05:31:50.000Z</time>
        <extensions>
          <ns3:TrackPointExtension>
            <ns3:hr>97</ns3:hr>
            <ns3:cad>57</ns3:cad>
          </ns3:TrackPointExtension>
        </extensions>
      </trkpt>
      <trkpt lat="42.57327130995690822601318359375" lon="-5.53033101372420787811279296875">
        <ele>884.5999755859375</ele>
        <time>2025-10-03T05:32:02.000Z</time>
        <extensions>
          <ns3:TrackPointExtension>
            <ns3:hr>97</ns3:hr>
            <ns3:cad>56</ns3:cad>
          </ns3:TrackPointExtension>
        </extensions>
      </trkpt>
      <trkpt lat="42.57336166687309741973876953125" lon="-5.530451796948909759521484375">
        <ele>884.5999755859375</ele>
        <time>2025-10-03T05:32:13.000Z</time>
        <extensions>
          <ns3:TrackPointExtension>
            <ns3:hr>97</ns3:hr>
            <ns3:cad>57</ns3:cad>
          </ns3:TrackPointExtension>
        </extensions>
      </trkpt>
      <trkpt lat="42.573444060981273651123046875" lon="-5.53053553216159343719482421875">
        <ele>884.5999755859375</ele>
        <time>2025-10-03T05:32:22.000Z</time>
        <extensions>
          <ns3:TrackPointExtension>
            <ns3:hr>96</ns3:hr>
            <ns3:cad>57</ns3:cad>
          </ns3:TrackPointExtension>
        </extensions>
      </trkpt>
      <trkpt lat="42.5735126249492168426513671875" lon="-5.5306367017328739166259765625">
        <ele>884.5999755859375</ele>
        <time>2025-10-03T05:32:31.000Z</time>
        <extensions>
          <ns3:TrackPointExtension>
            <ns3:hr>96</ns3:hr>
            <ns3:cad>57</ns3:cad>
          </ns3:TrackPointExtension>
        </extensions>
      </trkpt>
      <trkpt lat="42.57359719835221767425537109375" lon="-5.5307785235345363616943359375">
        <ele>884.5999755859375</ele>
        <time>2025-10-03T05:32:43.000Z</time>
        <extensions>
          <ns3:TrackPointExtension>
            <ns3:hr>96</ns3:hr>
            <ns3:cad>57</ns3:cad>
          </ns3:TrackPointExtension>
        </extensions>
      </trkpt>
      <trkpt lat="42.5736482441425323486328125" lon="-5.5308801122009754180908203125">
        <ele>884.4000244140625</ele>
        <time>2025-10-03T05:32:51.000Z</time>
        <extensions>
          <ns3:TrackPointExtension>
            <ns3:hr>96</ns3:hr>
            <ns3:cad>57</ns3:cad>
          </ns3:TrackPointExtension>
        </extensions>
      </trkpt>
      <trkpt lat="42.5737305544316768646240234375" lon="-5.5310041643679141998291015625">
        <ele>884.20001220703125</ele>
        <time>2025-10-03T05:33:00.000Z</time>
        <extensions>
          <ns3:TrackPointExtension>
            <ns3:hr>97</ns3:hr>
            <ns3:cad>57</ns3:cad>
          </ns3:TrackPointExtension>
        </extensions>
      </trkpt>
      <trkpt lat="42.5737513415515422821044921875" lon="-5.53107482381165027618408203125">
        <ele>884.20001220703125</ele>
        <time>2025-10-03T05:33:08.000Z</time>
        <extensions>
          <ns3:TrackPointExtension>
            <ns3:hr>97</ns3:hr>
            <ns3:cad>57</ns3:cad>
          </ns3:TrackPointExtension>
        </extensions>
      </trkpt>
      <trkpt lat="42.57380423136055469512939453125" lon="-5.53117473609745502471923828125">
        <ele>884.5999755859375</ele>
        <time>2025-10-03T05:33:16.000Z</time>
        <extensions>
          <ns3:TrackPointExtension>
            <ns3:hr>97</ns3:hr>
            <ns3:cad>53</ns3:cad>
          </ns3:TrackPointExtension>
        </extensions>
      </trkpt>
      <trkpt lat="42.57382367737591266632080078125" lon="-5.5312153883278369903564453125">
        <ele>885</ele>
        <time>2025-10-03T05:33:19.000Z</time>
        <extensions>
          <ns3:TrackPointExtension>
            <ns3:hr>98</ns3:hr>
            <ns3:cad>53</ns3:cad>
          </ns3:TrackPointExtension>
        </extensions>
      </trkpt>
      <trkpt lat="42.57383541204035282135009765625" lon="-5.531243383884429931640625">
        <ele>885.20001220703125</ele>
        <time>2025-10-03T05:33:21.000Z</time>
        <extensions>
          <ns3:TrackPointExtension>
            <ns3:hr>101</ns3:hr>
            <ns3:cad>53</ns3:cad>
          </ns3:TrackPointExtension>
        </extensions>
      </trkpt>
      <trkpt lat="42.5738391838967800140380859375" lon="-5.531257130205631256103515625">
        <ele>885.20001220703125</ele>
        <time>2025-10-03T05:33:22.000Z</time>
        <extensions>
          <ns3:TrackPointExtension>
            <ns3:hr>104</ns3:hr>
            <ns3:cad>53</ns3:cad>
          </ns3:TrackPointExtension>
        </extensions>
      </trkpt>
      <trkpt lat="42.5738432072103023529052734375" lon="-5.5312686972320079803466796875">
        <ele>885.4000244140625</ele>
        <time>2025-10-03T05:33:23.000Z</time>
        <extensions>
          <ns3:TrackPointExtension>
            <ns3:hr>105</ns3:hr>
            <ns3:cad>53</ns3:cad>
          </ns3:TrackPointExtension>
        </extensions>
      </trkpt>
      <trkpt lat="42.57386491633951663970947265625" lon="-5.531326867640018463134765625">
        <ele>885.79998779296875</ele>
        <time>2025-10-03T05:33:28.000Z</time>
        <extensions>
          <ns3:TrackPointExtension>
            <ns3:hr>108</ns3:hr>
            <ns3:cad>53</ns3:cad>
          </ns3:TrackPointExtension>
        </extensions>
      </trkpt>
      <trkpt lat="42.57388067431747913360595703125" lon="-5.53137036971747875213623046875">
        <ele>886</ele>
        <time>2025-10-03T05:33:31.000Z</time>
        <extensions>
          <ns3:TrackPointExtension>
            <ns3:hr>109</ns3:hr>
            <ns3:cad>54</ns3:cad>
          </ns3:TrackPointExtension>
        </extensions>
      </trkpt>
      <trkpt lat="42.57390062324702739715576171875" lon="-5.53142937831580638885498046875">
        <ele>886.4000244140625</ele>
        <time>2025-10-03T05:33:35.000Z</time>
        <extensions>
          <ns3:TrackPointExtension>
            <ns3:hr>112</ns3:hr>
            <ns3:cad>56</ns3:cad>
          </ns3:TrackPointExtension>
        </extensions>
      </trkpt>
      <trkpt lat="42.57393565960228443145751953125" lon="-5.53148888982832431793212890625">
        <ele>886.79998779296875</ele>
        <time>2025-10-03T05:33:40.000Z</time>
        <extensions>
          <ns3:TrackPointExtension>
            <ns3:hr>114</ns3:hr>
            <ns3:cad>53</ns3:cad>
          </ns3:TrackPointExtension>
        </extensions>
      </trkpt>
      <trkpt lat="42.57394731044769287109375" lon="-5.53151487372815608978271484375">
        <ele>887</ele>
        <time>2025-10-03T05:33:42.000Z</time>
        <extensions>
          <ns3:TrackPointExtension>
            <ns3:hr>114</ns3:hr>
            <ns3:cad>53</ns3:cad>
          </ns3:TrackPointExtension>
        </extensions>
      </trkpt>
      <trkpt lat="42.573975808918476104736328125" lon="-5.53156793117523193359375">
        <ele>887.5999755859375</ele>
        <time>2025-10-03T05:33:47.000Z</time>
        <extensions>
          <ns3:TrackPointExtension>
            <ns3:hr>116</ns3:hr>
            <ns3:cad>53</ns3:cad>
          </ns3:TrackPointExtension>
        </extensions>
      </trkpt>
      <trkpt lat="42.5739991106092929840087890625" lon="-5.53165602497756481170654296875">
        <ele>887.79998779296875</ele>
        <time>2025-10-03T05:33:53.000Z</time>
        <extensions>
          <ns3:TrackPointExtension>
            <ns3:hr>116</ns3:hr>
            <ns3:cad>53</ns3:cad>
          </ns3:TrackPointExtension>
        </extensions>
      </trkpt>
      <trkpt lat="42.574048899114131927490234375" lon="-5.53179432637989521026611328125">
        <ele>888</ele>
        <time>2025-10-03T05:34:03.000Z</time>
        <extensions>
          <ns3:TrackPointExtension>
            <ns3:hr>116</ns3:hr>
            <ns3:cad>55</ns3:cad>
          </ns3:TrackPointExtension>
        </extensions>
      </trkpt>
      <trkpt lat="42.5740842707455158233642578125" lon="-5.531939752399921417236328125">
        <ele>888.5999755859375</ele>
        <time>2025-10-03T05:34:13.000Z</time>
        <extensions>
          <ns3:TrackPointExtension>
            <ns3:hr>115</ns3:hr>
            <ns3:cad>56</ns3:cad>
          </ns3:TrackPointExtension>
        </extensions>
      </trkpt>
      <trkpt lat="42.5741275213658809661865234375" lon="-5.5320842564105987548828125">
        <ele>888.79998779296875</ele>
        <time>2025-10-03T05:34:23.000Z</time>
        <extensions>
          <ns3:TrackPointExtension>
            <ns3:hr>115</ns3:hr>
            <ns3:cad>56</ns3:cad>
          </ns3:TrackPointExtension>
        </extensions>
      </trkpt>
      <trkpt lat="42.574159204959869384765625" lon="-5.5322175286710262298583984375">
        <ele>889</ele>
        <time>2025-10-03T05:34:32.000Z</time>
        <extensions>
          <ns3:TrackPointExtension>
            <ns3:hr>117</ns3:hr>
            <ns3:cad>55</ns3:cad>
          </ns3:TrackPointExtension>
        </extensions>
      </trkpt>
      <trkpt lat="42.5742110051214694976806640625" lon="-5.53237636573612689971923828125">
        <ele>889</ele>
        <time>2025-10-03T05:34:43.000Z</time>
        <extensions>
          <ns3:TrackPointExtension>
            <ns3:hr>116</ns3:hr>
            <ns3:cad>57</ns3:cad>
          </ns3:TrackPointExtension>
        </extensions>
      </trkpt>
      <trkpt lat="42.57425668649375438690185546875" lon="-5.53255624137818813323974609375">
        <ele>888.4000244140625</ele>
        <time>2025-10-03T05:34:55.000Z</time>
        <extensions>
          <ns3:TrackPointExtension>
            <ns3:hr>116</ns3:hr>
            <ns3:cad>57</ns3:cad>
          </ns3:TrackPointExtension>
        </extensions>
      </trkpt>
      <trkpt lat="42.5742914713919162750244140625" lon="-5.53274902515113353729248046875">
        <ele>887.79998779296875</ele>
        <time>2025-10-03T05:35:08.000Z</time>
        <extensions>
          <ns3:TrackPointExtension>
            <ns3:hr>115</ns3:hr>
            <ns3:cad>57</ns3:cad>
          </ns3:TrackPointExtension>
        </extensions>
      </trkpt>
      <trkpt lat="42.57432675920426845550537109375" lon="-5.53291833959519863128662109375">
        <ele>887</ele>
        <time>2025-10-03T05:35:19.000Z</time>
        <extensions>
          <ns3:TrackPointExtension>
            <ns3:hr>113</ns3:hr>
            <ns3:cad>58</ns3:cad>
          </ns3:TrackPointExtension>
        </extensions>
      </trkpt>
      <trkpt lat="42.5743317045271396636962890625" lon="-5.5329309962689876556396484375">
        <ele>887</ele>
        <time>2025-10-03T05:35:20.000Z</time>
        <extensions>
          <ns3:TrackPointExtension>
            <ns3:hr>113</ns3:hr>
            <ns3:cad>58</ns3:cad>
          </ns3:TrackPointExtension>
        </extensions>
      </trkpt>
      <trkpt lat="42.5743534974753856658935546875" lon="-5.53300668485462665557861328125">
        <ele>886.4000244140625</ele>
        <time>2025-10-03T05:35:25.000Z</time>
        <extensions>
          <ns3:TrackPointExtension>
            <ns3:hr>110</ns3:hr>
            <ns3:cad>58</ns3:cad>
          </ns3:TrackPointExtension>
        </extensions>
      </trkpt>
      <trkpt lat="42.57436179555952548980712890625" lon="-5.53307759575545787811279296875">
        <ele>886</ele>
        <time>2025-10-03T05:35:30.000Z</time>
        <extensions>
          <ns3:TrackPointExtension>
            <ns3:hr>109</ns3:hr>
            <ns3:cad>59</ns3:cad>
          </ns3:TrackPointExtension>
        </extensions>
      </trkpt>
      <trkpt lat="42.57436933927237987518310546875" lon="-5.5331133864820003509521484375">
        <ele>885.5999755859375</ele>
        <time>2025-10-03T05:35:32.000Z</time>
        <extensions>
          <ns3:TrackPointExtension>
            <ns3:hr>108</ns3:hr>
            <ns3:cad>57</ns3:cad>
          </ns3:TrackPointExtension>
        </extensions>
      </trkpt>
      <trkpt lat="42.5743912160396575927734375" lon="-5.533178262412548065185546875">
        <ele>885</ele>
        <time>2025-10-03T05:35:37.000Z</time>
        <extensions>
          <ns3:TrackPointExtension>
            <ns3:hr>108</ns3:hr>
            <ns3:cad>58</ns3:cad>
          </ns3:TrackPointExtension>
        </extensions>
      </trkpt>
      <trkpt lat="42.574399597942829132080078125" lon="-5.5332474969327449798583984375">
        <ele>884.20001220703125</ele>
        <time>2025-10-03T05:35:42.000Z</time>
        <extensions>
          <ns3:TrackPointExtension>
            <ns3:hr>107</ns3:hr>
            <ns3:cad>58</ns3:cad>
          </ns3:TrackPointExtension>
        </extensions>
      </trkpt>
      <trkpt lat="42.5744037888944149017333984375" lon="-5.53327976725995540618896484375">
        <ele>883.79998779296875</ele>
        <time>2025-10-03T05:35:44.000Z</time>
        <extensions>
          <ns3:TrackPointExtension>
            <ns3:hr>107</ns3:hr>
            <ns3:cad>59</ns3:cad>
          </ns3:TrackPointExtension>
        </extensions>
      </trkpt>
      <trkpt lat="42.5744269229471683502197265625" lon="-5.533395521342754364013671875">
        <ele>883</ele>
        <time>2025-10-03T05:35:52.000Z</time>
        <extensions>
          <ns3:TrackPointExtension>
            <ns3:hr>106</ns3:hr>
            <ns3:cad>59</ns3:cad>
          </ns3:TrackPointExtension>
        </extensions>
      </trkpt>
      <trkpt lat="42.5744353048503398895263671875" lon="-5.5334325693547725677490234375">
        <ele>882.79998779296875</ele>
        <time>2025-10-03T05:35:54.000Z</time>
        <extensions>
          <ns3:TrackPointExtension>
            <ns3:hr>105</ns3:hr>
            <ns3:cad>59</ns3:cad>
          </ns3:TrackPointExtension>
        </extensions>
      </trkpt>
      <trkpt lat="42.57444276474416255950927734375" lon="-5.53346551023423671722412109375">
        <ele>882.5999755859375</ele>
        <time>2025-10-03T05:35:56.000Z</time>
        <extensions>
          <ns3:TrackPointExtension>
            <ns3:hr>100</ns3:hr>
            <ns3:cad>59</ns3:cad>
          </ns3:TrackPointExtension>
        </extensions>
      </trkpt>
      <trkpt lat="42.5744446925818920135498046875" lon="-5.53347766399383544921875">
        <ele>882.5999755859375</ele>
        <time>2025-10-03T05:35:57.000Z</time>
        <extensions>
          <ns3:TrackPointExtension>
            <ns3:hr>96</ns3:hr>
            <ns3:cad>59</ns3:cad>
          </ns3:TrackPointExtension>
        </extensions>
      </trkpt>
      <trkpt lat="42.57446271367371082305908203125" lon="-5.53357221186161041259765625">
        <ele>882</ele>
        <time>2025-10-03T05:36:03.000Z</time>
        <extensions>
          <ns3:TrackPointExtension>
            <ns3:hr>93</ns3:hr>
            <ns3:cad>59</ns3:cad>
          </ns3:TrackPointExtension>
        </extensions>
      </trkpt>
      <trkpt lat="42.57446623407304286956787109375" lon="-5.53360196761786937713623046875">
        <ele>881.79998779296875</ele>
        <time>2025-10-03T05:36:05.000Z</time>
        <extensions>
          <ns3:TrackPointExtension>
            <ns3:hr>93</ns3:hr>
            <ns3:cad>59</ns3:cad>
          </ns3:TrackPointExtension>
        </extensions>
      </trkpt>
      <trkpt lat="42.574466653168201446533203125" lon="-5.5336313880980014801025390625">
        <ele>881.5999755859375</ele>
        <time>2025-10-03T05:36:07.000Z</time>
        <extensions>
          <ns3:TrackPointExtension>
            <ns3:hr>93</ns3:hr>
            <ns3:cad>58</ns3:cad>
          </ns3:TrackPointExtension>
        </extensions>
      </trkpt>
      <trkpt lat="42.5744557566940784454345703125" lon="-5.53374043665826320648193359375">
        <ele>881</ele>
        <time>2025-10-03T05:36:14.000Z</time>
        <extensions>
          <ns3:TrackPointExtension>
            <ns3:hr>90</ns3:hr>
            <ns3:cad>58</ns3:cad>
          </ns3:TrackPointExtension>
        </extensions>
      </trkpt>
      <trkpt lat="42.57445349358022212982177734375" lon="-5.5337893031537532806396484375">
        <ele>880.79998779296875</ele>
        <time>2025-10-03T05:36:17.000Z</time>
        <extensions>
          <ns3:TrackPointExtension>
            <ns3:hr>90</ns3:hr>
            <ns3:cad>57</ns3:cad>
          </ns3:TrackPointExtension>
        </extensions>
      </trkpt>
      <trkpt lat="42.574454247951507568359375" lon="-5.533805228769779205322265625">
        <ele>880.5999755859375</ele>
        <time>2025-10-03T05:36:18.000Z</time>
        <extensions>
          <ns3:TrackPointExtension>
            <ns3:hr>90</ns3:hr>
            <ns3:cad>57</ns3:cad>
          </ns3:TrackPointExtension>
        </extensions>
      </trkpt>
      <trkpt lat="42.574470676481723785400390625" lon="-5.53399172611534595489501953125">
        <ele>879.79998779296875</ele>
        <time>2025-10-03T05:36:30.000Z</time>
        <extensions>
          <ns3:TrackPointExtension>
            <ns3:hr>90</ns3:hr>
            <ns3:cad>58</ns3:cad>
          </ns3:TrackPointExtension>
        </extensions>
      </trkpt>
      <trkpt lat="42.57447394542396068572998046875" lon="-5.5340226553380489349365234375">
        <ele>879.5999755859375</ele>
        <time>2025-10-03T05:36:32.000Z</time>
        <extensions>
          <ns3:TrackPointExtension>
            <ns3:hr>91</ns3:hr>
            <ns3:cad>58</ns3:cad>
          </ns3:TrackPointExtension>
        </extensions>
      </trkpt>
      <trkpt lat="42.574498839676380157470703125" lon="-5.5341772176325321197509765625">
        <ele>879</ele>
        <time>2025-10-03T05:36:42.000Z</time>
        <extensions>
          <ns3:TrackPointExtension>
            <ns3:hr>91</ns3:hr>
            <ns3:cad>57</ns3:cad>
          </ns3:TrackPointExtension>
        </extensions>
      </trkpt>
      <trkpt lat="42.57450965233147144317626953125" lon="-5.53425089456140995025634765625">
        <ele>878.5999755859375</ele>
        <time>2025-10-03T05:36:47.000Z</time>
        <extensions>
          <ns3:TrackPointExtension>
            <ns3:hr>91</ns3:hr>
            <ns3:cad>58</ns3:cad>
          </ns3:TrackPointExtension>
        </extensions>
      </trkpt>
      <trkpt lat="42.574525661766529083251953125" lon="-5.53436036221683025360107421875">
        <ele>878</ele>
        <time>2025-10-03T05:36:54.000Z</time>
        <extensions>
          <ns3:TrackPointExtension>
            <ns3:hr>91</ns3:hr>
            <ns3:cad>57</ns3:cad>
          </ns3:TrackPointExtension>
        </extensions>
      </trkpt>
      <trkpt lat="42.57453697733581066131591796875" lon="-5.53443395532667636871337890625">
        <ele>877.5999755859375</ele>
        <time>2025-10-03T05:36:59.000Z</time>
        <extensions>
          <ns3:TrackPointExtension>
            <ns3:hr>89</ns3:hr>
            <ns3:cad>58</ns3:cad>
          </ns3:TrackPointExtension>
        </extensions>
      </trkpt>
      <trkpt lat="42.57454854436218738555908203125" lon="-5.534532777965068817138671875">
        <ele>877.20001220703125</ele>
        <time>2025-10-03T05:37:05.000Z</time>
        <extensions>
          <ns3:TrackPointExtension>
            <ns3:hr>89</ns3:hr>
            <ns3:cad>58</ns3:cad>
          </ns3:TrackPointExtension>
        </extensions>
      </trkpt>
      <trkpt lat="42.57455977611243724822998046875" lon="-5.53462506271898746490478515625">
        <ele>876.5999755859375</ele>
        <time>2025-10-03T05:37:11.000Z</time>
        <extensions>
          <ns3:TrackPointExtension>
            <ns3:hr>89</ns3:hr>
            <ns3:cad>58</ns3:cad>
          </ns3:TrackPointExtension>
        </extensions>
      </trkpt>
      <trkpt lat="42.5745771266520023345947265625" lon="-5.5347190238535404205322265625">
        <ele>876</ele>
        <time>2025-10-03T05:37:17.000Z</time>
        <extensions>
          <ns3:TrackPointExtension>
            <ns3:hr>89</ns3:hr>
            <ns3:cad>59</ns3:cad>
          </ns3:TrackPointExtension>
        </extensions>
      </trkpt>
      <trkpt lat="42.5745935551822185516357421875" lon="-5.53482614457607269287109375">
        <ele>875.4000244140625</ele>
        <time>2025-10-03T05:37:24.000Z</time>
        <extensions>
          <ns3:TrackPointExtension>
            <ns3:hr>90</ns3:hr>
            <ns3:cad>58</ns3:cad>
          </ns3:TrackPointExtension>
        </extensions>
      </trkpt>
      <trkpt lat="42.574597410857677459716796875" lon="-5.53486528806388378143310546875">
        <ele>875.20001220703125</ele>
        <time>2025-10-03T05:37:27.000Z</time>
        <extensions>
          <ns3:TrackPointExtension>
            <ns3:hr>89</ns3:hr>
            <ns3:cad>58</ns3:cad>
          </ns3:TrackPointExtension>
        </extensions>
      </trkpt>
      <trkpt lat="42.5746111571788787841796875" lon="-5.53495715372264385223388671875">
        <ele>874.4000244140625</ele>
        <time>2025-10-03T05:37:33.000Z</time>
        <extensions>
          <ns3:TrackPointExtension>
            <ns3:hr>86</ns3:hr>
            <ns3:cad>58</ns3:cad>
          </ns3:TrackPointExtension>
        </extensions>
      </trkpt>
      <trkpt lat="42.574613504111766815185546875" lon="-5.5349755100905895233154296875">
        <ele>874.4000244140625</ele>
        <time>2025-10-03T05:37:34.000Z</time>
        <extensions>
          <ns3:TrackPointExtension>
            <ns3:hr>86</ns3:hr>
            <ns3:cad>58</ns3:cad>
          </ns3:TrackPointExtension>
        </extensions>
      </trkpt>
      <trkpt lat="42.57461987435817718505859375" lon="-5.535043068230152130126953125">
        <ele>874</ele>
        <time>2025-10-03T05:37:38.000Z</time>
        <extensions>
          <ns3:TrackPointExtension>
            <ns3:hr>85</ns3:hr>
            <ns3:cad>59</ns3:cad>
          </ns3:TrackPointExtension>
        </extensions>
      </trkpt>
      <trkpt lat="42.57462699897587299346923828125" lon="-5.5351300723850727081298828125">
        <ele>873.4000244140625</ele>
        <time>2025-10-03T05:37:44.000Z</time>
        <extensions>
          <ns3:TrackPointExtension>
            <ns3:hr>87</ns3:hr>
            <ns3:cad>58</ns3:cad>
          </ns3:TrackPointExtension>
        </extensions>
      </trkpt>
      <trkpt lat="42.574655078351497650146484375" lon="-5.53522604517638683319091796875">
        <ele>872.5999755859375</ele>
        <time>2025-10-03T05:37:50.000Z</time>
        <extensions>
          <ns3:TrackPointExtension>
            <ns3:hr>89</ns3:hr>
            <ns3:cad>58</ns3:cad>
          </ns3:TrackPointExtension>
        </extensions>
      </trkpt>
      <trkpt lat="42.5746730156242847442626953125" lon="-5.5352692119777202606201171875">
        <ele>872.20001220703125</ele>
        <time>2025-10-03T05:37:53.000Z</time>
        <extensions>
          <ns3:TrackPointExtension>
            <ns3:hr>88</ns3:hr>
            <ns3:cad>59</ns3:cad>
          </ns3:TrackPointExtension>
        </extensions>
      </trkpt>
      <trkpt lat="42.57471718825399875640869140625" lon="-5.53540281951427459716796875">
        <ele>871.4000244140625</ele>
        <time>2025-10-03T05:38:02.000Z</time>
        <extensions>
          <ns3:TrackPointExtension>
            <ns3:hr>87</ns3:hr>
            <ns3:cad>58</ns3:cad>
          </ns3:TrackPointExtension>
        </extensions>
      </trkpt>
      <trkpt lat="42.574724145233631134033203125" lon="-5.53543022833764553070068359375">
        <ele>871.20001220703125</ele>
        <time>2025-10-03T05:38:04.000Z</time>
        <extensions>
          <ns3:TrackPointExtension>
            <ns3:hr>87</ns3:hr>
            <ns3:cad>58</ns3:cad>
          </ns3:TrackPointExtension>
        </extensions>
      </trkpt>
      <trkpt lat="42.5747404061257839202880859375" lon="-5.53557355888187885284423828125">
        <ele>870.5999755859375</ele>
        <time>2025-10-03T05:38:13.000Z</time>
        <extensions>
          <ns3:TrackPointExtension>
            <ns3:hr>89</ns3:hr>
            <ns3:cad>59</ns3:cad>
          </ns3:TrackPointExtension>
        </extensions>
      </trkpt>
      <trkpt lat="42.57475323043763637542724609375" lon="-5.5357550270855426788330078125">
        <ele>870.20001220703125</ele>
        <time>2025-10-03T05:38:25.000Z</time>
        <extensions>
          <ns3:TrackPointExtension>
            <ns3:hr>89</ns3:hr>
            <ns3:cad>57</ns3:cad>
          </ns3:TrackPointExtension>
        </extensions>
      </trkpt>
      <trkpt lat="42.57475339807569980621337890625" lon="-5.53577003069221973419189453125">
        <ele>870.20001220703125</ele>
        <time>2025-10-03T05:38:26.000Z</time>
        <extensions>
          <ns3:TrackPointExtension>
            <ns3:hr>89</ns3:hr>
            <ns3:cad>57</ns3:cad>
          </ns3:TrackPointExtension>
        </extensions>
      </trkpt>
      <trkpt lat="42.57473713718354701995849609375" lon="-5.53590581752359867095947265625">
        <ele>869.20001220703125</ele>
        <time>2025-10-03T05:38:35.000Z</time>
        <extensions>
          <ns3:TrackPointExtension>
            <ns3:hr>89</ns3:hr>
            <ns3:cad>58</ns3:cad>
          </ns3:TrackPointExtension>
        </extensions>
      </trkpt>
      <trkpt lat="42.57476630620658397674560546875" lon="-5.53607739508152008056640625">
        <ele>868.20001220703125</ele>
        <time>2025-10-03T05:38:46.000Z</time>
        <extensions>
          <ns3:TrackPointExtension>
            <ns3:hr>89</ns3:hr>
            <ns3:cad>59</ns3:cad>
          </ns3:TrackPointExtension>
        </extensions>
      </trkpt>
      <trkpt lat="42.57477267645299434661865234375" lon="-5.53622852079570293426513671875">
        <ele>868.20001220703125</ele>
        <time>2025-10-03T05:38:56.000Z</time>
        <extensions>
          <ns3:TrackPointExtension>
            <ns3:hr>88</ns3:hr>
            <ns3:cad>58</ns3:cad>
          </ns3:TrackPointExtension>
        </extensions>
      </trkpt>
      <trkpt lat="42.57477301172912120819091796875" lon="-5.53624243475496768951416015625">
        <ele>868</ele>
        <time>2025-10-03T05:38:57.000Z</time>
        <extensions>
          <ns3:TrackPointExtension>
            <ns3:hr>88</ns3:hr>
            <ns3:cad>58</ns3:cad>
          </ns3:TrackPointExtension>
        </extensions>
      </trkpt>
      <trkpt lat="42.57479899562895298004150390625" lon="-5.53639146499335765838623046875">
        <ele>867.79998779296875</ele>
        <time>2025-10-03T05:39:06.000Z</time>
        <extensions>
          <ns3:TrackPointExtension>
            <ns3:hr>85</ns3:hr>
            <ns3:cad>58</ns3:cad>
          </ns3:TrackPointExtension>
        </extensions>
      </trkpt>
      <trkpt lat="42.574798576533794403076171875" lon="-5.53642876446247100830078125">
        <ele>867.79998779296875</ele>
        <time>2025-10-03T05:39:08.000Z</time>
        <extensions>
          <ns3:TrackPointExtension>
            <ns3:hr>85</ns3:hr>
            <ns3:cad>58</ns3:cad>
          </ns3:TrackPointExtension>
        </extensions>
      </trkpt>
      <trkpt lat="42.57481911219656467437744140625" lon="-5.536606125533580780029296875">
        <ele>867.4000244140625</ele>
        <time>2025-10-03T05:39:20.000Z</time>
        <extensions>
          <ns3:TrackPointExtension>
            <ns3:hr>87</ns3:hr>
            <ns3:cad>58</ns3:cad>
          </ns3:TrackPointExtension>
        </extensions>
      </trkpt>
      <trkpt lat="42.57482615299522876739501953125" lon="-5.53665717132389545440673828125">
        <ele>867.4000244140625</ele>
        <time>2025-10-03T05:39:23.000Z</time>
        <extensions>
          <ns3:TrackPointExtension>
            <ns3:hr>90</ns3:hr>
            <ns3:cad>57</ns3:cad>
          </ns3:TrackPointExtension>
        </extensions>
      </trkpt>
      <trkpt lat="42.57485230453312397003173828125" lon="-5.5367860011756420135498046875">
        <ele>867.20001220703125</ele>
        <time>2025-10-03T05:39:32.000Z</time>
        <extensions>
          <ns3:TrackPointExtension>
            <ns3:hr>91</ns3:hr>
            <ns3:cad>58</ns3:cad>
          </ns3:TrackPointExtension>
        </extensions>
      </trkpt>
      <trkpt lat="42.574859596788883209228515625" lon="-5.53683721460402011871337890625">
        <ele>867</ele>
        <time>2025-10-03T05:39:35.000Z</time>
        <extensions>
          <ns3:TrackPointExtension>
            <ns3:hr>91</ns3:hr>
            <ns3:cad>58</ns3:cad>
          </ns3:TrackPointExtension>
        </extensions>
      </trkpt>
      <trkpt lat="42.57487334311008453369140625" lon="-5.5369626916944980621337890625">
        <ele>867</ele>
        <time>2025-10-03T05:39:43.000Z</time>
        <extensions>
          <ns3:TrackPointExtension>
            <ns3:hr>89</ns3:hr>
            <ns3:cad>59</ns3:cad>
          </ns3:TrackPointExtension>
        </extensions>
      </trkpt>
      <trkpt lat="42.57490578107535839080810546875" lon="-5.53716771304607391357421875">
        <ele>866.5999755859375</ele>
        <time>2025-10-03T05:39:56.000Z</time>
        <extensions>
          <ns3:TrackPointExtension>
            <ns3:hr>89</ns3:hr>
            <ns3:cad>57</ns3:cad>
          </ns3:TrackPointExtension>
        </extensions>
      </trkpt>
      <trkpt lat="42.5749330222606658935546875" lon="-5.53737784735858440399169921875">
        <ele>866</ele>
        <time>2025-10-03T05:40:09.000Z</time>
        <extensions>
          <ns3:TrackPointExtension>
            <ns3:hr>89</ns3:hr>
            <ns3:cad>58</ns3:cad>
          </ns3:TrackPointExtension>
        </extensions>
      </trkpt>
      <trkpt lat="42.57496344856917858123779296875" lon="-5.53760466165840625762939453125">
        <ele>865.79998779296875</ele>
        <time>2025-10-03T05:40:23.000Z</time>
        <extensions>
          <ns3:TrackPointExtension>
            <ns3:hr>90</ns3:hr>
            <ns3:cad>58</ns3:cad>
          </ns3:TrackPointExtension>
        </extensions>
      </trkpt>
      <trkpt lat="42.57496730424463748931884765625" lon="-5.5377968586981296539306640625">
        <ele>865.5999755859375</ele>
        <time>2025-10-03T05:40:35.000Z</time>
        <extensions>
          <ns3:TrackPointExtension>
            <ns3:hr>88</ns3:hr>
            <ns3:cad>57</ns3:cad>
          </ns3:TrackPointExtension>
        </extensions>
      </trkpt>
      <trkpt lat="42.57495590485632419586181640625" lon="-5.5378939211368560791015625">
        <ele>865.5999755859375</ele>
        <time>2025-10-03T05:40:41.000Z</time>
        <extensions>
          <ns3:TrackPointExtension>
            <ns3:hr>85</ns3:hr>
            <ns3:cad>58</ns3:cad>
          </ns3:TrackPointExtension>
        </extensions>
      </trkpt>
      <trkpt lat="42.5749489478766918182373046875" lon="-5.53797103464603424072265625">
        <ele>865.5999755859375</ele>
        <time>2025-10-03T05:40:46.000Z</time>
        <extensions>
          <ns3:TrackPointExtension>
            <ns3:hr>83</ns3:hr>
            <ns3:cad>57</ns3:cad>
          </ns3:TrackPointExtension>
        </extensions>
      </trkpt>
      <trkpt lat="42.57493629120290279388427734375" lon="-5.53814311511814594268798828125">
        <ele>865.20001220703125</ele>
        <time>2025-10-03T05:40:57.000Z</time>
        <extensions>
          <ns3:TrackPointExtension>
            <ns3:hr>85</ns3:hr>
            <ns3:cad>58</ns3:cad>
          </ns3:TrackPointExtension>
        </extensions>
      </trkpt>
      <trkpt lat="42.5748989917337894439697265625" lon="-5.5382828414440155029296875">
        <ele>865.20001220703125</ele>
        <time>2025-10-03T05:41:07.000Z</time>
        <extensions>
          <ns3:TrackPointExtension>
            <ns3:hr>86</ns3:hr>
            <ns3:cad>57</ns3:cad>
          </ns3:TrackPointExtension>
        </extensions>
      </trkpt>
      <trkpt lat="42.57488784380257129669189453125" lon="-5.53842223249375820159912109375">
        <ele>865.20001220703125</ele>
        <time>2025-10-03T05:41:17.000Z</time>
        <extensions>
          <ns3:TrackPointExtension>
            <ns3:hr>87</ns3:hr>
            <ns3:cad>56</ns3:cad>
          </ns3:TrackPointExtension>
        </extensions>
      </trkpt>
      <trkpt lat="42.57495406083762645721435546875" lon="-5.53855634294450283050537109375">
        <ele>865.4000244140625</ele>
        <time>2025-10-03T05:41:27.000Z</time>
        <extensions>
          <ns3:TrackPointExtension>
            <ns3:hr>87</ns3:hr>
            <ns3:cad>58</ns3:cad>
          </ns3:TrackPointExtension>
        </extensions>
      </trkpt>
      <trkpt lat="42.57501172833144664764404296875" lon="-5.53871132433414459228515625">
        <ele>865.5999755859375</ele>
        <time>2025-10-03T05:41:38.000Z</time>
        <extensions>
          <ns3:TrackPointExtension>
            <ns3:hr>88</ns3:hr>
            <ns3:cad>56</ns3:cad>
          </ns3:TrackPointExtension>
        </extensions>
      </trkpt>
      <trkpt lat="42.57500921376049518585205078125" lon="-5.53880511783063411712646484375">
        <ele>865.79998779296875</ele>
        <time>2025-10-03T05:41:44.000Z</time>
        <extensions>
          <ns3:TrackPointExtension>
            <ns3:hr>87</ns3:hr>
            <ns3:cad>56</ns3:cad>
          </ns3:TrackPointExtension>
        </extensions>
      </trkpt>
      <trkpt lat="42.5750619359314441680908203125" lon="-5.53896370343863964080810546875">
        <ele>865.5999755859375</ele>
        <time>2025-10-03T05:41:54.000Z</time>
        <extensions>
          <ns3:TrackPointExtension>
            <ns3:hr>89</ns3:hr>
            <ns3:cad>58</ns3:cad>
          </ns3:TrackPointExtension>
        </extensions>
      </trkpt>
      <trkpt lat="42.57515807636082172393798828125" lon="-5.53910217247903347015380859375">
        <ele>865.5999755859375</ele>
        <time>2025-10-03T05:42:06.000Z</time>
        <extensions>
          <ns3:TrackPointExtension>
            <ns3:hr>90</ns3:hr>
            <ns3:cad>57</ns3:cad>
          </ns3:TrackPointExtension>
        </extensions>
      </trkpt>
      <trkpt lat="42.57524474523961544036865234375" lon="-5.53927852772176265716552734375">
        <ele>865.79998779296875</ele>
        <time>2025-10-03T05:42:19.000Z</time>
        <extensions>
          <ns3:TrackPointExtension>
            <ns3:hr>89</ns3:hr>
            <ns3:cad>57</ns3:cad>
          </ns3:TrackPointExtension>
        </extensions>
      </trkpt>
      <trkpt lat="42.57529713213443756103515625" lon="-5.53947801701724529266357421875">
        <ele>866</ele>
        <time>2025-10-03T05:42:32.000Z</time>
        <extensions>
          <ns3:TrackPointExtension>
            <ns3:hr>88</ns3:hr>
            <ns3:cad>57</ns3:cad>
          </ns3:TrackPointExtension>
        </extensions>
      </trkpt>
      <trkpt lat="42.57531682960689067840576171875" lon="-5.5396381951868534088134765625">
        <ele>866</ele>
        <time>2025-10-03T05:42:43.000Z</time>
        <extensions>
          <ns3:TrackPointExtension>
            <ns3:hr>87</ns3:hr>
            <ns3:cad>56</ns3:cad>
          </ns3:TrackPointExtension>
        </extensions>
      </trkpt>
      <trkpt lat="42.57534809410572052001953125" lon="-5.5398091860115528106689453125">
        <ele>865.79998779296875</ele>
        <time>2025-10-03T05:42:55.000Z</time>
        <extensions>
          <ns3:TrackPointExtension>
            <ns3:hr>86</ns3:hr>
            <ns3:cad>57</ns3:cad>
          </ns3:TrackPointExtension>
        </extensions>
      </trkpt>
      <trkpt lat="42.57537768222391605377197265625" lon="-5.53994254209101200103759765625">
        <ele>865.4000244140625</ele>
        <time>2025-10-03T05:43:03.000Z</time>
        <extensions>
          <ns3:TrackPointExtension>
            <ns3:hr>85</ns3:hr>
            <ns3:cad>58</ns3:cad>
          </ns3:TrackPointExtension>
        </extensions>
      </trkpt>
      <trkpt lat="42.57539377547800540924072265625" lon="-5.54002703167498111724853515625">
        <ele>865</ele>
        <time>2025-10-03T05:43:08.000Z</time>
        <extensions>
          <ns3:TrackPointExtension>
            <ns3:hr>86</ns3:hr>
            <ns3:cad>59</ns3:cad>
          </ns3:TrackPointExtension>
        </extensions>
      </trkpt>
      <trkpt lat="42.5754131376743316650390625" lon="-5.5401179753243923187255859375">
        <ele>864.5999755859375</ele>
        <time>2025-10-03T05:43:14.000Z</time>
        <extensions>
          <ns3:TrackPointExtension>
            <ns3:hr>87</ns3:hr>
            <ns3:cad>59</ns3:cad>
          </ns3:TrackPointExtension>
        </extensions>
      </trkpt>
      <trkpt lat="42.5754535384476184844970703125" lon="-5.54027429781854152679443359375">
        <ele>864</ele>
        <time>2025-10-03T05:43:24.000Z</time>
        <extensions>
          <ns3:TrackPointExtension>
            <ns3:hr>85</ns3:hr>
            <ns3:cad>59</ns3:cad>
          </ns3:TrackPointExtension>
        </extensions>
      </trkpt>
      <trkpt lat="42.57546418346464633941650390625" lon="-5.540319643914699554443359375">
        <ele>863.79998779296875</ele>
        <time>2025-10-03T05:43:27.000Z</time>
        <extensions>
          <ns3:TrackPointExtension>
            <ns3:hr>85</ns3:hr>
            <ns3:cad>59</ns3:cad>
          </ns3:TrackPointExtension>
        </extensions>
      </trkpt>
      <trkpt lat="42.57550927810370922088623046875" lon="-5.54050060920417308807373046875">
        <ele>863.4000244140625</ele>
        <time>2025-10-03T05:43:38.000Z</time>
        <extensions>
          <ns3:TrackPointExtension>
            <ns3:hr>86</ns3:hr>
            <ns3:cad>59</ns3:cad>
          </ns3:TrackPointExtension>
        </extensions>
      </trkpt>
      <trkpt lat="42.57554045878350734710693359375" lon="-5.5406061373651027679443359375">
        <ele>863</ele>
        <time>2025-10-03T05:43:45.000Z</time>
        <extensions>
          <ns3:TrackPointExtension>
            <ns3:hr>87</ns3:hr>
            <ns3:cad>59</ns3:cad>
          </ns3:TrackPointExtension>
        </extensions>
      </trkpt>
      <trkpt lat="42.57557013072073459625244140625" lon="-5.5407124198973178863525390625">
        <ele>862.5999755859375</ele>
        <time>2025-10-03T05:43:52.000Z</time>
        <extensions>
          <ns3:TrackPointExtension>
            <ns3:hr>87</ns3:hr>
            <ns3:cad>59</ns3:cad>
          </ns3:TrackPointExtension>
        </extensions>
      </trkpt>
      <trkpt lat="42.5756117887794971466064453125" lon="-5.54085114039480686187744140625">
        <ele>861.79998779296875</ele>
        <time>2025-10-03T05:44:01.000Z</time>
        <extensions>
          <ns3:TrackPointExtension>
            <ns3:hr>88</ns3:hr>
            <ns3:cad>59</ns3:cad>
          </ns3:TrackPointExtension>
        </extensions>
      </trkpt>
      <trkpt lat="42.5756191648542881011962890625" lon="-5.5408790521323680877685546875">
        <ele>861.79998779296875</ele>
        <time>2025-10-03T05:44:03.000Z</time>
        <extensions>
          <ns3:TrackPointExtension>
            <ns3:hr>88</ns3:hr>
            <ns3:cad>59</ns3:cad>
          </ns3:TrackPointExtension>
        </extensions>
      </trkpt>
      <trkpt lat="42.57564179599285125732421875" lon="-5.5410356260836124420166015625">
        <ele>860.79998779296875</ele>
        <time>2025-10-03T05:44:13.000Z</time>
        <extensions>
          <ns3:TrackPointExtension>
            <ns3:hr>86</ns3:hr>
            <ns3:cad>59</ns3:cad>
          </ns3:TrackPointExtension>
        </extensions>
      </trkpt>
      <trkpt lat="42.57570222951471805572509765625" lon="-5.54122497327625751495361328125">
        <ele>860</ele>
        <time>2025-10-03T05:44:26.000Z</time>
        <extensions>
          <ns3:TrackPointExtension>
            <ns3:hr>85</ns3:hr>
            <ns3:cad>58</ns3:cad>
          </ns3:TrackPointExtension>
        </extensions>
      </trkpt>
      <trkpt lat="42.575733326375484466552734375" lon="-5.5412921123206615447998046875">
        <ele>859.79998779296875</ele>
        <time>2025-10-03T05:44:31.000Z</time>
        <extensions>
          <ns3:TrackPointExtension>
            <ns3:hr>86</ns3:hr>
            <ns3:cad>58</ns3:cad>
          </ns3:TrackPointExtension>
        </extensions>
      </trkpt>
      <trkpt lat="42.57576962001621723175048828125" lon="-5.54140694439411163330078125">
        <ele>859.20001220703125</ele>
        <time>2025-10-03T05:44:39.000Z</time>
        <extensions>
          <ns3:TrackPointExtension>
            <ns3:hr>85</ns3:hr>
            <ns3:cad>56</ns3:cad>
          </ns3:TrackPointExtension>
        </extensions>
      </trkpt>
      <trkpt lat="42.57580499164760112762451171875" lon="-5.5414993129670619964599609375">
        <ele>858.79998779296875</ele>
        <time>2025-10-03T05:44:45.000Z</time>
        <extensions>
          <ns3:TrackPointExtension>
            <ns3:hr>86</ns3:hr>
            <ns3:cad>59</ns3:cad>
          </ns3:TrackPointExtension>
        </extensions>
      </trkpt>
      <trkpt lat="42.57583516649901866912841796875" lon="-5.541572235524654388427734375">
        <ele>858.20001220703125</ele>
        <time>2025-10-03T05:44:50.000Z</time>
        <extensions>
          <ns3:TrackPointExtension>
            <ns3:hr>86</ns3:hr>
            <ns3:cad>59</ns3:cad>
          </ns3:TrackPointExtension>
        </extensions>
      </trkpt>
      <trkpt lat="42.5758959352970123291015625" lon="-5.54172746837139129638671875">
        <ele>857.79998779296875</ele>
        <time>2025-10-03T05:45:01.000Z</time>
        <extensions>
          <ns3:TrackPointExtension>
            <ns3:hr>87</ns3:hr>
            <ns3:cad>59</ns3:cad>
          </ns3:TrackPointExtension>
        </extensions>
      </trkpt>
      <trkpt lat="42.5759028084576129913330078125" lon="-5.54174079559743404388427734375">
        <ele>857.79998779296875</ele>
        <time>2025-10-03T05:45:02.000Z</time>
        <extensions>
          <ns3:TrackPointExtension>
            <ns3:hr>87</ns3:hr>
            <ns3:cad>58</ns3:cad>
          </ns3:TrackPointExtension>
        </extensions>
      </trkpt>
      <trkpt lat="42.57597698830068111419677734375" lon="-5.5418932624161243438720703125">
        <ele>857.20001220703125</ele>
        <time>2025-10-03T05:45:13.000Z</time>
        <extensions>
          <ns3:TrackPointExtension>
            <ns3:hr>87</ns3:hr>
            <ns3:cad>59</ns3:cad>
          </ns3:TrackPointExtension>
        </extensions>
      </trkpt>
      <trkpt lat="42.576036415994167327880859375" lon="-5.5420280434191226959228515625">
        <ele>856.79998779296875</ele>
        <time>2025-10-03T05:45:23.000Z</time>
        <extensions>
          <ns3:TrackPointExtension>
            <ns3:hr>85</ns3:hr>
            <ns3:cad>59</ns3:cad>
          </ns3:TrackPointExtension>
        </extensions>
      </trkpt>
      <trkpt lat="42.576042115688323974609375" lon="-5.5420424602925777435302734375">
        <ele>856.79998779296875</ele>
        <time>2025-10-03T05:45:24.000Z</time>
        <extensions>
          <ns3:TrackPointExtension>
            <ns3:hr>85</ns3:hr>
            <ns3:cad>59</ns3:cad>
          </ns3:TrackPointExtension>
        </extensions>
      </trkpt>
      <trkpt lat="42.57610640488564968109130859375" lon="-5.5421953462064266204833984375">
        <ele>856.20001220703125</ele>
        <time>2025-10-03T05:45:34.000Z</time>
        <extensions>
          <ns3:TrackPointExtension>
            <ns3:hr>85</ns3:hr>
            <ns3:cad>59</ns3:cad>
          </ns3:TrackPointExtension>
        </extensions>
      </trkpt>
      <trkpt lat="42.5761633180081844329833984375" lon="-5.54231847636401653289794921875">
        <ele>855.5999755859375</ele>
        <time>2025-10-03T05:45:43.000Z</time>
        <extensions>
          <ns3:TrackPointExtension>
            <ns3:hr>87</ns3:hr>
            <ns3:cad>58</ns3:cad>
          </ns3:TrackPointExtension>
        </extensions>
      </trkpt>
      <trkpt lat="42.5761690177023410797119140625" lon="-5.5423302948474884033203125">
        <ele>855.5999755859375</ele>
        <time>2025-10-03T05:45:44.000Z</time>
        <extensions>
          <ns3:TrackPointExtension>
            <ns3:hr>87</ns3:hr>
            <ns3:cad>58</ns3:cad>
          </ns3:TrackPointExtension>
        </extensions>
      </trkpt>
      <trkpt lat="42.5762390904128551483154296875" lon="-5.54248410277068614959716796875">
        <ele>855.20001220703125</ele>
        <time>2025-10-03T05:45:55.000Z</time>
        <extensions>
          <ns3:TrackPointExtension>
            <ns3:hr>86</ns3:hr>
            <ns3:cad>58</ns3:cad>
          </ns3:TrackPointExtension>
        </extensions>
      </trkpt>
      <trkpt lat="42.57628284394741058349609375" lon="-5.54255568422377109527587890625">
        <ele>855.20001220703125</ele>
        <time>2025-10-03T05:46:01.000Z</time>
        <extensions>
          <ns3:TrackPointExtension>
            <ns3:hr>83</ns3:hr>
            <ns3:cad>57</ns3:cad>
          </ns3:TrackPointExtension>
        </extensions>
      </trkpt>
      <trkpt lat="42.5763145275413990020751953125" lon="-5.542619638144969940185546875">
        <ele>855.20001220703125</ele>
        <time>2025-10-03T05:46:06.000Z</time>
        <extensions>
          <ns3:TrackPointExtension>
            <ns3:hr>81</ns3:hr>
            <ns3:cad>57</ns3:cad>
          </ns3:TrackPointExtension>
        </extensions>
      </trkpt>
      <trkpt lat="42.5763480551540851593017578125" lon="-5.54268769919872283935546875">
        <ele>854.4000244140625</ele>
        <time>2025-10-03T05:46:11.000Z</time>
        <extensions>
          <ns3:TrackPointExtension>
            <ns3:hr>81</ns3:hr>
            <ns3:cad>57</ns3:cad>
          </ns3:TrackPointExtension>
        </extensions>
      </trkpt>
      <trkpt lat="42.576393820345401763916015625" lon="-5.5427938140928745269775390625">
        <ele>854</ele>
        <time>2025-10-03T05:46:19.000Z</time>
        <extensions>
          <ns3:TrackPointExtension>
            <ns3:hr>80</ns3:hr>
            <ns3:cad>58</ns3:cad>
          </ns3:TrackPointExtension>
        </extensions>
      </trkpt>
      <trkpt lat="42.5764516554772853851318359375" lon="-5.5429731868207454681396484375">
        <ele>853.79998779296875</ele>
        <time>2025-10-03T05:46:31.000Z</time>
        <extensions>
          <ns3:TrackPointExtension>
            <ns3:hr>81</ns3:hr>
            <ns3:cad>57</ns3:cad>
          </ns3:TrackPointExtension>
        </extensions>
      </trkpt>
      <trkpt lat="42.5764928944408893585205078125" lon="-5.54306589066982269287109375">
        <ele>853.5999755859375</ele>
        <time>2025-10-03T05:46:39.000Z</time>
        <extensions>
          <ns3:TrackPointExtension>
            <ns3:hr>83</ns3:hr>
            <ns3:cad>57</ns3:cad>
          </ns3:TrackPointExtension>
        </extensions>
      </trkpt>
      <trkpt lat="42.5765530765056610107421875" lon="-5.5431877635419368743896484375">
        <ele>853.4000244140625</ele>
        <time>2025-10-03T05:46:48.000Z</time>
        <extensions>
          <ns3:TrackPointExtension>
            <ns3:hr>83</ns3:hr>
            <ns3:cad>58</ns3:cad>
          </ns3:TrackPointExtension>
        </extensions>
      </trkpt>
      <trkpt lat="42.57654310204088687896728515625" lon="-5.54328021593391895294189453125">
        <ele>853</ele>
        <time>2025-10-03T05:46:55.000Z</time>
        <extensions>
          <ns3:TrackPointExtension>
            <ns3:hr>82</ns3:hr>
            <ns3:cad>57</ns3:cad>
          </ns3:TrackPointExtension>
        </extensions>
      </trkpt>
      <trkpt lat="42.57652550004422664642333984375" lon="-5.54340728558599948883056640625">
        <ele>852.4000244140625</ele>
        <time>2025-10-03T05:47:03.000Z</time>
        <extensions>
          <ns3:TrackPointExtension>
            <ns3:hr>81</ns3:hr>
            <ns3:cad>59</ns3:cad>
          </ns3:TrackPointExtension>
        </extensions>
      </trkpt>
      <trkpt lat="42.5765301100909709930419921875" lon="-5.54353385232388973236083984375">
        <ele>852.5999755859375</ele>
        <time>2025-10-03T05:47:11.000Z</time>
        <extensions>
          <ns3:TrackPointExtension>
            <ns3:hr>81</ns3:hr>
            <ns3:cad>57</ns3:cad>
          </ns3:TrackPointExtension>
        </extensions>
      </trkpt>
      <trkpt lat="42.57649951614439487457275390625" lon="-5.5436848104000091552734375">
        <ele>851.79998779296875</ele>
        <time>2025-10-03T05:47:21.000Z</time>
        <extensions>
          <ns3:TrackPointExtension>
            <ns3:hr>83</ns3:hr>
            <ns3:cad>57</ns3:cad>
          </ns3:TrackPointExtension>
        </extensions>
      </trkpt>
      <trkpt lat="42.576512508094310760498046875" lon="-5.54371624253690242767333984375">
        <ele>851.5999755859375</ele>
        <time>2025-10-03T05:47:27.000Z</time>
        <extensions>
          <ns3:TrackPointExtension>
            <ns3:hr>83</ns3:hr>
            <ns3:cad>0</ns3:cad>
          </ns3:TrackPointExtension>
        </extensions>
      </trkpt>
      <trkpt lat="42.57656707428395748138427734375" lon="-5.54377290420234203338623046875">
        <ele>851.4000244140625</ele>
        <time>2025-10-03T05:47:32.000Z</time>
        <extensions>
          <ns3:TrackPointExtension>
            <ns3:hr>83</ns3:hr>
            <ns3:cad>0</ns3:cad>
          </ns3:TrackPointExtension>
        </extensions>
      </trkpt>
      <trkpt lat="42.5765757076442241668701171875" lon="-5.54378631524741649627685546875">
        <ele>851.4000244140625</ele>
        <time>2025-10-03T05:47:33.000Z</time>
        <extensions>
          <ns3:TrackPointExtension>
            <ns3:hr>83</ns3:hr>
            <ns3:cad>0</ns3:cad>
          </ns3:TrackPointExtension>
        </extensions>
      </trkpt>
      <trkpt lat="42.5766658969223499298095703125" lon="-5.5439394526183605194091796875">
        <ele>851</ele>
        <time>2025-10-03T05:47:44.000Z</time>
        <extensions>
          <ns3:TrackPointExtension>
            <ns3:hr>84</ns3:hr>
            <ns3:cad>59</ns3:cad>
          </ns3:TrackPointExtension>
        </extensions>
      </trkpt>
      <trkpt lat="42.5767235644161701202392578125" lon="-5.54399804212152957916259765625">
        <ele>850.5999755859375</ele>
        <time>2025-10-03T05:47:50.000Z</time>
        <extensions>
          <ns3:TrackPointExtension>
            <ns3:hr>83</ns3:hr>
            <ns3:cad>59</ns3:cad>
          </ns3:TrackPointExtension>
        </extensions>
      </trkpt>
      <trkpt lat="42.57674644701182842254638671875" lon="-5.5439944379031658172607421875">
        <ele>850.5999755859375</ele>
        <time>2025-10-03T05:47:52.000Z</time>
        <extensions>
          <ns3:TrackPointExtension>
            <ns3:hr>83</ns3:hr>
            <ns3:cad>59</ns3:cad>
          </ns3:TrackPointExtension>
        </extensions>
      </trkpt>
      <trkpt lat="42.57685415446758270263671875" lon="-5.54401614703238010406494140625">
        <ele>851</ele>
        <time>2025-10-03T05:48:01.000Z</time>
        <extensions>
          <ns3:TrackPointExtension>
            <ns3:hr>81</ns3:hr>
            <ns3:cad>57</ns3:cad>
          </ns3:TrackPointExtension>
        </extensions>
      </trkpt>
      <trkpt lat="42.57692079059779644012451171875" lon="-5.54414874874055385589599609375">
        <ele>850.79998779296875</ele>
        <time>2025-10-03T05:48:11.000Z</time>
        <extensions>
          <ns3:TrackPointExtension>
            <ns3:hr>82</ns3:hr>
            <ns3:cad>59</ns3:cad>
          </ns3:TrackPointExtension>
        </extensions>
      </trkpt>
      <trkpt lat="42.5769532285630702972412109375" lon="-5.54425184614956378936767578125">
        <ele>850.5999755859375</ele>
        <time>2025-10-03T05:48:17.000Z</time>
        <extensions>
          <ns3:TrackPointExtension>
            <ns3:hr>86</ns3:hr>
            <ns3:cad>59</ns3:cad>
          </ns3:TrackPointExtension>
        </extensions>
      </trkpt>
      <trkpt lat="42.576968483626842498779296875" lon="-5.544277243316173553466796875">
        <ele>850.5999755859375</ele>
        <time>2025-10-03T05:48:19.000Z</time>
        <extensions>
          <ns3:TrackPointExtension>
            <ns3:hr>89</ns3:hr>
            <ns3:cad>59</ns3:cad>
          </ns3:TrackPointExtension>
        </extensions>
      </trkpt>
      <trkpt lat="42.5770135782659053802490234375" lon="-5.544285289943218231201171875">
        <ele>850.5999755859375</ele>
        <time>2025-10-03T05:48:23.000Z</time>
        <extensions>
          <ns3:TrackPointExtension>
            <ns3:hr>90</ns3:hr>
            <ns3:cad>58</ns3:cad>
          </ns3:TrackPointExtension>
        </extensions>
      </trkpt>
      <trkpt lat="42.5770387239754199981689453125" lon="-5.5442864634096622467041015625">
        <ele>850.20001220703125</ele>
        <time>2025-10-03T05:48:25.000Z</time>
        <extensions>
          <ns3:TrackPointExtension>
            <ns3:hr>90</ns3:hr>
            <ns3:cad>58</ns3:cad>
          </ns3:TrackPointExtension>
        </extensions>
      </trkpt>
      <trkpt lat="42.5770853273570537567138671875" lon="-5.54434823803603649139404296875">
        <ele>850</ele>
        <time>2025-10-03T05:48:31.000Z</time>
        <extensions>
          <ns3:TrackPointExtension>
            <ns3:hr>91</ns3:hr>
            <ns3:cad>57</ns3:cad>
          </ns3:TrackPointExtension>
        </extensions>
      </trkpt>
      <trkpt lat="42.577127404510974884033203125" lon="-5.54446290247142314910888671875">
        <ele>849.79998779296875</ele>
        <time>2025-10-03T05:48:39.000Z</time>
        <extensions>
          <ns3:TrackPointExtension>
            <ns3:hr>91</ns3:hr>
            <ns3:cad>58</ns3:cad>
          </ns3:TrackPointExtension>
        </extensions>
      </trkpt>
      <trkpt lat="42.57719621993601322174072265625" lon="-5.5445979349315166473388671875">
        <ele>849.20001220703125</ele>
        <time>2025-10-03T05:48:49.000Z</time>
        <extensions>
          <ns3:TrackPointExtension>
            <ns3:hr>90</ns3:hr>
            <ns3:cad>58</ns3:cad>
          </ns3:TrackPointExtension>
        </extensions>
      </trkpt>
      <trkpt lat="42.57720426656305789947509765625" lon="-5.544611178338527679443359375">
        <ele>849.20001220703125</ele>
        <time>2025-10-03T05:48:50.000Z</time>
        <extensions>
          <ns3:TrackPointExtension>
            <ns3:hr>90</ns3:hr>
            <ns3:cad>58</ns3:cad>
          </ns3:TrackPointExtension>
        </extensions>
      </trkpt>
      <trkpt lat="42.57726076059043407440185546875" lon="-5.544729866087436676025390625">
        <ele>849</ele>
        <time>2025-10-03T05:48:59.000Z</time>
        <extensions>
          <ns3:TrackPointExtension>
            <ns3:hr>90</ns3:hr>
            <ns3:cad>57</ns3:cad>
          </ns3:TrackPointExtension>
        </extensions>
      </trkpt>
      <trkpt lat="42.5773079507052898406982421875" lon="-5.54484712891280651092529296875">
        <ele>848.5999755859375</ele>
        <time>2025-10-03T05:49:07.000Z</time>
        <extensions>
          <ns3:TrackPointExtension>
            <ns3:hr>87</ns3:hr>
            <ns3:cad>57</ns3:cad>
          </ns3:TrackPointExtension>
        </extensions>
      </trkpt>
      <trkpt lat="42.57733452133834362030029296875" lon="-5.54491267539560794830322265625">
        <ele>848.4000244140625</ele>
        <time>2025-10-03T05:49:11.000Z</time>
        <extensions>
          <ns3:TrackPointExtension>
            <ns3:hr>89</ns3:hr>
            <ns3:cad>59</ns3:cad>
          </ns3:TrackPointExtension>
        </extensions>
      </trkpt>
      <trkpt lat="42.57737408392131328582763671875" lon="-5.54499263875186443328857421875">
        <ele>848.20001220703125</ele>
        <time>2025-10-03T05:49:17.000Z</time>
        <extensions>
          <ns3:TrackPointExtension>
            <ns3:hr>92</ns3:hr>
            <ns3:cad>59</ns3:cad>
          </ns3:TrackPointExtension>
        </extensions>
      </trkpt>
      <trkpt lat="42.5774085335433483123779296875" lon="-5.54507813416421413421630859375">
        <ele>847.79998779296875</ele>
        <time>2025-10-03T05:49:23.000Z</time>
        <extensions>
          <ns3:TrackPointExtension>
            <ns3:hr>94</ns3:hr>
            <ns3:cad>59</ns3:cad>
          </ns3:TrackPointExtension>
        </extensions>
      </trkpt>
      <trkpt lat="42.57748137228190898895263671875" lon="-5.54521207697689533233642578125">
        <ele>847.20001220703125</ele>
        <time>2025-10-03T05:49:33.000Z</time>
        <extensions>
          <ns3:TrackPointExtension>
            <ns3:hr>93</ns3:hr>
            <ns3:cad>59</ns3:cad>
          </ns3:TrackPointExtension>
        </extensions>
      </trkpt>
      <trkpt lat="42.57748925127089023590087890625" lon="-5.5452252365648746490478515625">
        <ele>847.20001220703125</ele>
        <time>2025-10-03T05:49:34.000Z</time>
        <extensions>
          <ns3:TrackPointExtension>
            <ns3:hr>93</ns3:hr>
            <ns3:cad>59</ns3:cad>
          </ns3:TrackPointExtension>
        </extensions>
      </trkpt>
      <trkpt lat="42.57754054851830005645751953125" lon="-5.54534040391445159912109375">
        <ele>847</ele>
        <time>2025-10-03T05:49:43.000Z</time>
        <extensions>
          <ns3:TrackPointExtension>
            <ns3:hr>92</ns3:hr>
            <ns3:cad>57</ns3:cad>
          </ns3:TrackPointExtension>
        </extensions>
      </trkpt>
      <trkpt lat="42.5776050053536891937255859375" lon="-5.5454649589955806732177734375">
        <ele>846.79998779296875</ele>
        <time>2025-10-03T05:49:53.000Z</time>
        <extensions>
          <ns3:TrackPointExtension>
            <ns3:hr>90</ns3:hr>
            <ns3:cad>57</ns3:cad>
          </ns3:TrackPointExtension>
        </extensions>
      </trkpt>
      <trkpt lat="42.57766954600811004638671875" lon="-5.54560326039791107177734375">
        <ele>846.4000244140625</ele>
        <time>2025-10-03T05:50:03.000Z</time>
        <extensions>
          <ns3:TrackPointExtension>
            <ns3:hr>89</ns3:hr>
            <ns3:cad>59</ns3:cad>
          </ns3:TrackPointExtension>
        </extensions>
      </trkpt>
      <trkpt lat="42.577688992023468017578125" lon="-5.54564215242862701416015625">
        <ele>846.20001220703125</ele>
        <time>2025-10-03T05:50:06.000Z</time>
        <extensions>
          <ns3:TrackPointExtension>
            <ns3:hr>89</ns3:hr>
            <ns3:cad>59</ns3:cad>
          </ns3:TrackPointExtension>
        </extensions>
      </trkpt>
      <trkpt lat="42.5777287222445011138916015625" lon="-5.54572303779423236846923828125">
        <ele>846</ele>
        <time>2025-10-03T05:50:12.000Z</time>
        <extensions>
          <ns3:TrackPointExtension>
            <ns3:hr>90</ns3:hr>
            <ns3:cad>59</ns3:cad>
          </ns3:TrackPointExtension>
        </extensions>
      </trkpt>
      <trkpt lat="42.57779049687087535858154296875" lon="-5.5458672903478145599365234375">
        <ele>845.5999755859375</ele>
        <time>2025-10-03T05:50:22.000Z</time>
        <extensions>
          <ns3:TrackPointExtension>
            <ns3:hr>88</ns3:hr>
            <ns3:cad>58</ns3:cad>
          </ns3:TrackPointExtension>
        </extensions>
      </trkpt>
      <trkpt lat="42.5777944363653659820556640625" lon="-5.54589319042861461639404296875">
        <ele>845.5999755859375</ele>
        <time>2025-10-03T05:50:28.000Z</time>
        <extensions>
          <ns3:TrackPointExtension>
            <ns3:hr>88</ns3:hr>
            <ns3:cad>0</ns3:cad>
          </ns3:TrackPointExtension>
        </extensions>
      </trkpt>
      <trkpt lat="42.577812038362026214599609375" lon="-5.54594255983829498291015625">
        <ele>845.4000244140625</ele>
        <time>2025-10-03T05:50:34.000Z</time>
        <extensions>
          <ns3:TrackPointExtension>
            <ns3:hr>90</ns3:hr>
            <ns3:cad>0</ns3:cad>
          </ns3:TrackPointExtension>
        </extensions>
      </trkpt>
      <trkpt lat="42.577869705855846405029296875" lon="-5.54607105441391468048095703125">
        <ele>845.20001220703125</ele>
        <time>2025-10-03T05:50:42.000Z</time>
        <extensions>
          <ns3:TrackPointExtension>
            <ns3:hr>92</ns3:hr>
            <ns3:cad>59</ns3:cad>
          </ns3:TrackPointExtension>
        </extensions>
      </trkpt>
      <trkpt lat="42.57787683047354221343994140625" lon="-5.54608681239187717437744140625">
        <ele>845</ele>
        <time>2025-10-03T05:50:43.000Z</time>
        <extensions>
          <ns3:TrackPointExtension>
            <ns3:hr>92</ns3:hr>
            <ns3:cad>59</ns3:cad>
          </ns3:TrackPointExtension>
        </extensions>
      </trkpt>
      <trkpt lat="42.5779510103166103363037109375" lon="-5.54622419178485870361328125">
        <ele>845</ele>
        <time>2025-10-03T05:50:54.000Z</time>
        <extensions>
          <ns3:TrackPointExtension>
            <ns3:hr>91</ns3:hr>
            <ns3:cad>59</ns3:cad>
          </ns3:TrackPointExtension>
        </extensions>
      </trkpt>
      <trkpt lat="42.5780190713703632354736328125" lon="-5.54636157117784023284912109375">
        <ele>844</ele>
        <time>2025-10-03T05:51:05.000Z</time>
        <extensions>
          <ns3:TrackPointExtension>
            <ns3:hr>90</ns3:hr>
            <ns3:cad>58</ns3:cad>
          </ns3:TrackPointExtension>
        </extensions>
      </trkpt>
      <trkpt lat="42.57802426815032958984375" lon="-5.546375401318073272705078125">
        <ele>844</ele>
        <time>2025-10-03T05:51:06.000Z</time>
        <extensions>
          <ns3:TrackPointExtension>
            <ns3:hr>91</ns3:hr>
            <ns3:cad>58</ns3:cad>
          </ns3:TrackPointExtension>
        </extensions>
      </trkpt>
      <trkpt lat="42.57806693203747272491455078125" lon="-5.54646248929202556610107421875">
        <ele>843.79998779296875</ele>
        <time>2025-10-03T05:51:12.000Z</time>
        <extensions>
          <ns3:TrackPointExtension>
            <ns3:hr>94</ns3:hr>
            <ns3:cad>59</ns3:cad>
          </ns3:TrackPointExtension>
        </extensions>
      </trkpt>
      <trkpt lat="42.5780941732227802276611328125" lon="-5.54652015678584575653076171875">
        <ele>843.5999755859375</ele>
        <time>2025-10-03T05:51:16.000Z</time>
        <extensions>
          <ns3:TrackPointExtension>
            <ns3:hr>94</ns3:hr>
            <ns3:cad>59</ns3:cad>
          </ns3:TrackPointExtension>
        </extensions>
      </trkpt>
      <trkpt lat="42.57816432975232601165771484375" lon="-5.54667237214744091033935546875">
        <ele>843</ele>
        <time>2025-10-03T05:51:27.000Z</time>
        <extensions>
          <ns3:TrackPointExtension>
            <ns3:hr>93</ns3:hr>
            <ns3:cad>60</ns3:cad>
          </ns3:TrackPointExtension>
        </extensions>
      </trkpt>
      <trkpt lat="42.57818377576768398284912109375" lon="-5.546714365482330322265625">
        <ele>842.79998779296875</ele>
        <time>2025-10-03T05:51:30.000Z</time>
        <extensions>
          <ns3:TrackPointExtension>
            <ns3:hr>93</ns3:hr>
            <ns3:cad>59</ns3:cad>
          </ns3:TrackPointExtension>
        </extensions>
      </trkpt>
      <trkpt lat="42.5782604701817035675048828125" lon="-5.54683439433574676513671875">
        <ele>842</ele>
        <time>2025-10-03T05:51:39.000Z</time>
        <extensions>
          <ns3:TrackPointExtension>
            <ns3:hr>94</ns3:hr>
            <ns3:cad>58</ns3:cad>
          </ns3:TrackPointExtension>
        </extensions>
      </trkpt>
      <trkpt lat="42.57829089649021625518798828125" lon="-5.5468875356018543243408203125">
        <ele>841.79998779296875</ele>
        <time>2025-10-03T05:51:43.000Z</time>
        <extensions>
          <ns3:TrackPointExtension>
            <ns3:hr>93</ns3:hr>
            <ns3:cad>60</ns3:cad>
          </ns3:TrackPointExtension>
        </extensions>
      </trkpt>
      <trkpt lat="42.57834504358470439910888671875" lon="-5.54700781591236591339111328125">
        <ele>841.79998779296875</ele>
        <time>2025-10-03T05:51:51.000Z</time>
        <extensions>
          <ns3:TrackPointExtension>
            <ns3:hr>93</ns3:hr>
            <ns3:cad>59</ns3:cad>
          </ns3:TrackPointExtension>
        </extensions>
      </trkpt>
      <trkpt lat="42.5783858634531497955322265625" lon="-5.54715768434107303619384765625">
        <ele>841.79998779296875</ele>
        <time>2025-10-03T05:52:01.000Z</time>
        <extensions>
          <ns3:TrackPointExtension>
            <ns3:hr>93</ns3:hr>
            <ns3:cad>59</ns3:cad>
          </ns3:TrackPointExtension>
        </extensions>
      </trkpt>
      <trkpt lat="42.57845132611691951751708984375" lon="-5.5472841672599315643310546875">
        <ele>841.5999755859375</ele>
        <time>2025-10-03T05:52:10.000Z</time>
        <extensions>
          <ns3:TrackPointExtension>
            <ns3:hr>93</ns3:hr>
            <ns3:cad>57</ns3:cad>
          </ns3:TrackPointExtension>
        </extensions>
      </trkpt>
      <trkpt lat="42.57849432528018951416015625" lon="-5.54735516197979450225830078125">
        <ele>841</ele>
        <time>2025-10-03T05:52:17.000Z</time>
        <extensions>
          <ns3:TrackPointExtension>
            <ns3:hr>91</ns3:hr>
            <ns3:cad>55</ns3:cad>
          </ns3:TrackPointExtension>
        </extensions>
      </trkpt>
      <trkpt lat="42.57853724062442779541015625" lon="-5.54743294604122638702392578125">
        <ele>841</ele>
        <time>2025-10-03T05:52:23.000Z</time>
        <extensions>
          <ns3:TrackPointExtension>
            <ns3:hr>88</ns3:hr>
            <ns3:cad>58</ns3:cad>
          </ns3:TrackPointExtension>
        </extensions>
      </trkpt>
      <trkpt lat="42.57856649346649646759033203125" lon="-5.54748172871768474578857421875">
        <ele>840.79998779296875</ele>
        <time>2025-10-03T05:52:26.000Z</time>
        <extensions>
          <ns3:TrackPointExtension>
            <ns3:hr>89</ns3:hr>
            <ns3:cad>59</ns3:cad>
          </ns3:TrackPointExtension>
        </extensions>
      </trkpt>
      <trkpt lat="42.57858292199671268463134765625" lon="-5.5475061200559139251708984375">
        <ele>840.79998779296875</ele>
        <time>2025-10-03T05:52:28.000Z</time>
        <extensions>
          <ns3:TrackPointExtension>
            <ns3:hr>88</ns3:hr>
            <ns3:cad>59</ns3:cad>
          </ns3:TrackPointExtension>
        </extensions>
      </trkpt>
      <trkpt lat="42.578625418245792388916015625" lon="-5.54764266125857830047607421875">
        <ele>840.79998779296875</ele>
        <time>2025-10-03T05:52:36.000Z</time>
        <extensions>
          <ns3:TrackPointExtension>
            <ns3:hr>87</ns3:hr>
            <ns3:cad>59</ns3:cad>
          </ns3:TrackPointExtension>
        </extensions>
      </trkpt>
      <trkpt lat="42.578689791262149810791015625" lon="-5.54779286496341228485107421875">
        <ele>840.20001220703125</ele>
        <time>2025-10-03T05:52:46.000Z</time>
        <extensions>
          <ns3:TrackPointExtension>
            <ns3:hr>87</ns3:hr>
            <ns3:cad>59</ns3:cad>
          </ns3:TrackPointExtension>
        </extensions>
      </trkpt>
      <trkpt lat="42.57874871604144573211669921875" lon="-5.54791423492133617401123046875">
        <ele>840</ele>
        <time>2025-10-03T05:52:55.000Z</time>
        <extensions>
          <ns3:TrackPointExtension>
            <ns3:hr>89</ns3:hr>
            <ns3:cad>60</ns3:cad>
          </ns3:TrackPointExtension>
        </extensions>
      </trkpt>
      <trkpt lat="42.57881275378167629241943359375" lon="-5.54802789352834224700927734375">
        <ele>840</ele>
        <time>2025-10-03T05:53:04.000Z</time>
        <extensions>
          <ns3:TrackPointExtension>
            <ns3:hr>90</ns3:hr>
            <ns3:cad>59</ns3:cad>
          </ns3:TrackPointExtension>
        </extensions>
      </trkpt>
      <trkpt lat="42.57883756421506404876708984375" lon="-5.54811724461615085601806640625">
        <ele>839.79998779296875</ele>
        <time>2025-10-03T05:53:10.000Z</time>
        <extensions>
          <ns3:TrackPointExtension>
            <ns3:hr>92</ns3:hr>
            <ns3:cad>59</ns3:cad>
          </ns3:TrackPointExtension>
        </extensions>
      </trkpt>
      <trkpt lat="42.57889355532824993133544921875" lon="-5.54822822101414203643798828125">
        <ele>839.5999755859375</ele>
        <time>2025-10-03T05:53:18.000Z</time>
        <extensions>
          <ns3:TrackPointExtension>
            <ns3:hr>92</ns3:hr>
            <ns3:cad>59</ns3:cad>
          </ns3:TrackPointExtension>
        </extensions>
      </trkpt>
      <trkpt lat="42.57895675487816333770751953125" lon="-5.54838848300278186798095703125">
        <ele>839.20001220703125</ele>
        <time>2025-10-03T05:53:29.000Z</time>
        <extensions>
          <ns3:TrackPointExtension>
            <ns3:hr>91</ns3:hr>
            <ns3:cad>58</ns3:cad>
          </ns3:TrackPointExtension>
        </extensions>
      </trkpt>
      <trkpt lat="42.57902816869318485260009765625" lon="-5.5485045723617076873779296875">
        <ele>839.20001220703125</ele>
        <time>2025-10-03T05:53:38.000Z</time>
        <extensions>
          <ns3:TrackPointExtension>
            <ns3:hr>90</ns3:hr>
            <ns3:cad>59</ns3:cad>
          </ns3:TrackPointExtension>
        </extensions>
      </trkpt>
      <trkpt lat="42.5791145861148834228515625" lon="-5.54863038472831249237060546875">
        <ele>839</ele>
        <time>2025-10-03T05:53:48.000Z</time>
        <extensions>
          <ns3:TrackPointExtension>
            <ns3:hr>89</ns3:hr>
            <ns3:cad>58</ns3:cad>
          </ns3:TrackPointExtension>
        </extensions>
      </trkpt>
      <trkpt lat="42.57911601103842258453369140625" lon="-5.54873197339475154876708984375">
        <ele>839.20001220703125</ele>
        <time>2025-10-03T05:53:55.000Z</time>
        <extensions>
          <ns3:TrackPointExtension>
            <ns3:hr>87</ns3:hr>
            <ns3:cad>58</ns3:cad>
          </ns3:TrackPointExtension>
        </extensions>
      </trkpt>
      <trkpt lat="42.5791167654097080230712890625" lon="-5.5488012917339801788330078125">
        <ele>839.4000244140625</ele>
        <time>2025-10-03T05:54:01.000Z</time>
        <extensions>
          <ns3:TrackPointExtension>
            <ns3:hr>88</ns3:hr>
            <ns3:cad>50</ns3:cad>
          </ns3:TrackPointExtension>
        </extensions>
      </trkpt>
      <trkpt lat="42.579153142869472503662109375" lon="-5.54887128062546253204345703125">
        <ele>838.79998779296875</ele>
        <time>2025-10-03T05:54:05.000Z</time>
        <extensions>
          <ns3:TrackPointExtension>
            <ns3:hr>88</ns3:hr>
            <ns3:cad>0</ns3:cad>
          </ns3:TrackPointExtension>
        </extensions>
      </trkpt>
      <trkpt lat="42.57918792776763439178466796875" lon="-5.54890774190425872802734375">
        <ele>838.5999755859375</ele>
        <time>2025-10-03T05:54:08.000Z</time>
        <extensions>
          <ns3:TrackPointExtension>
            <ns3:hr>87</ns3:hr>
            <ns3:cad>60</ns3:cad>
          </ns3:TrackPointExtension>
        </extensions>
      </trkpt>
      <trkpt lat="42.57924576289951801300048828125" lon="-5.54897186346352100372314453125">
        <ele>839</ele>
        <time>2025-10-03T05:54:16.000Z</time>
        <extensions>
          <ns3:TrackPointExtension>
            <ns3:hr>86</ns3:hr>
            <ns3:cad>57</ns3:cad>
          </ns3:TrackPointExtension>
        </extensions>
      </trkpt>
      <trkpt lat="42.57929496467113494873046875" lon="-5.5491174571216106414794921875">
        <ele>838.4000244140625</ele>
        <time>2025-10-03T05:54:26.000Z</time>
        <extensions>
          <ns3:TrackPointExtension>
            <ns3:hr>87</ns3:hr>
            <ns3:cad>57</ns3:cad>
          </ns3:TrackPointExtension>
        </extensions>
      </trkpt>
      <trkpt lat="42.579374425113201141357421875" lon="-5.5492415092885494232177734375">
        <ele>838.79998779296875</ele>
        <time>2025-10-03T05:54:37.000Z</time>
        <extensions>
          <ns3:TrackPointExtension>
            <ns3:hr>86</ns3:hr>
            <ns3:cad>56</ns3:cad>
          </ns3:TrackPointExtension>
        </extensions>
      </trkpt>
      <trkpt lat="42.57943318225443363189697265625" lon="-5.54938324727118015289306640625">
        <ele>838.79998779296875</ele>
        <time>2025-10-03T05:54:47.000Z</time>
        <extensions>
          <ns3:TrackPointExtension>
            <ns3:hr>85</ns3:hr>
            <ns3:cad>58</ns3:cad>
          </ns3:TrackPointExtension>
        </extensions>
      </trkpt>
      <trkpt lat="42.57946788333356380462646484375" lon="-5.54949321784079074859619140625">
        <ele>838.5999755859375</ele>
        <time>2025-10-03T05:54:54.000Z</time>
        <extensions>
          <ns3:TrackPointExtension>
            <ns3:hr>85</ns3:hr>
            <ns3:cad>59</ns3:cad>
          </ns3:TrackPointExtension>
        </extensions>
      </trkpt>
      <trkpt lat="42.57952320389449596405029296875" lon="-5.5496311001479625701904296875">
        <ele>838.5999755859375</ele>
        <time>2025-10-03T05:55:02.000Z</time>
        <extensions>
          <ns3:TrackPointExtension>
            <ns3:hr>87</ns3:hr>
            <ns3:cad>59</ns3:cad>
          </ns3:TrackPointExtension>
        </extensions>
      </trkpt>
      <trkpt lat="42.5795745849609375" lon="-5.549710057675838470458984375">
        <ele>838.5999755859375</ele>
        <time>2025-10-03T05:55:09.000Z</time>
        <extensions>
          <ns3:TrackPointExtension>
            <ns3:hr>85</ns3:hr>
            <ns3:cad>60</ns3:cad>
          </ns3:TrackPointExtension>
        </extensions>
      </trkpt>
      <trkpt lat="42.57960434071719646453857421875" lon="-5.54982882924377918243408203125">
        <ele>838.20001220703125</ele>
        <time>2025-10-03T05:55:16.000Z</time>
        <extensions>
          <ns3:TrackPointExtension>
            <ns3:hr>85</ns3:hr>
            <ns3:cad>59</ns3:cad>
          </ns3:TrackPointExtension>
        </extensions>
      </trkpt>
      <trkpt lat="42.57968162186443805694580078125" lon="-5.5499824695289134979248046875">
        <ele>838.20001220703125</ele>
        <time>2025-10-03T05:55:25.000Z</time>
        <extensions>
          <ns3:TrackPointExtension>
            <ns3:hr>85</ns3:hr>
            <ns3:cad>59</ns3:cad>
          </ns3:TrackPointExtension>
        </extensions>
      </trkpt>
      <trkpt lat="42.57976409979164600372314453125" lon="-5.5500924400985240936279296875">
        <ele>838</ele>
        <time>2025-10-03T05:55:35.000Z</time>
        <extensions>
          <ns3:TrackPointExtension>
            <ns3:hr>86</ns3:hr>
            <ns3:cad>59</ns3:cad>
          </ns3:TrackPointExtension>
        </extensions>
      </trkpt>
      <trkpt lat="42.57981908507645130157470703125" lon="-5.55022428743541240692138671875">
        <ele>838</ele>
        <time>2025-10-03T05:55:43.000Z</time>
        <extensions>
          <ns3:TrackPointExtension>
            <ns3:hr>87</ns3:hr>
            <ns3:cad>59</ns3:cad>
          </ns3:TrackPointExtension>
        </extensions>
      </trkpt>
      <trkpt lat="42.5798808597028255462646484375" lon="-5.550323612987995147705078125">
        <ele>837.79998779296875</ele>
        <time>2025-10-03T05:55:51.000Z</time>
        <extensions>
          <ns3:TrackPointExtension>
            <ns3:hr>88</ns3:hr>
            <ns3:cad>59</ns3:cad>
          </ns3:TrackPointExtension>
        </extensions>
      </trkpt>
      <trkpt lat="42.57993777282536029815673828125" lon="-5.5504233576357364654541015625">
        <ele>837.79998779296875</ele>
        <time>2025-10-03T05:55:59.000Z</time>
        <extensions>
          <ns3:TrackPointExtension>
            <ns3:hr>87</ns3:hr>
            <ns3:cad>58</ns3:cad>
          </ns3:TrackPointExtension>
        </extensions>
      </trkpt>
      <trkpt lat="42.580021508038043975830078125" lon="-5.55053860880434513092041015625">
        <ele>837.4000244140625</ele>
        <time>2025-10-03T05:56:08.000Z</time>
        <extensions>
          <ns3:TrackPointExtension>
            <ns3:hr>86</ns3:hr>
            <ns3:cad>59</ns3:cad>
          </ns3:TrackPointExtension>
        </extensions>
      </trkpt>
      <trkpt lat="42.5800773315131664276123046875" lon="-5.5506647564470767974853515625">
        <ele>837.20001220703125</ele>
        <time>2025-10-03T05:56:17.000Z</time>
        <extensions>
          <ns3:TrackPointExtension>
            <ns3:hr>85</ns3:hr>
            <ns3:cad>58</ns3:cad>
          </ns3:TrackPointExtension>
        </extensions>
      </trkpt>
      <trkpt lat="42.58012334816157817840576171875" lon="-5.5508100986480712890625">
        <ele>836.79998779296875</ele>
        <time>2025-10-03T05:56:26.000Z</time>
        <extensions>
          <ns3:TrackPointExtension>
            <ns3:hr>85</ns3:hr>
            <ns3:cad>58</ns3:cad>
          </ns3:TrackPointExtension>
        </extensions>
      </trkpt>
      <trkpt lat="42.58015704341232776641845703125" lon="-5.550928451120853424072265625">
        <ele>837</ele>
        <time>2025-10-03T05:56:33.000Z</time>
        <extensions>
          <ns3:TrackPointExtension>
            <ns3:hr>87</ns3:hr>
            <ns3:cad>59</ns3:cad>
          </ns3:TrackPointExtension>
        </extensions>
      </trkpt>
      <trkpt lat="42.5801775790750980377197265625" lon="-5.55101704783737659454345703125">
        <ele>836.5999755859375</ele>
        <time>2025-10-03T05:56:38.000Z</time>
        <extensions>
          <ns3:TrackPointExtension>
            <ns3:hr>89</ns3:hr>
            <ns3:cad>59</ns3:cad>
          </ns3:TrackPointExtension>
        </extensions>
      </trkpt>
      <trkpt lat="42.58019291795790195465087890625" lon="-5.5510687641799449920654296875">
        <ele>836.4000244140625</ele>
        <time>2025-10-03T05:56:42.000Z</time>
        <extensions>
          <ns3:TrackPointExtension>
            <ns3:hr>91</ns3:hr>
            <ns3:cad>59</ns3:cad>
          </ns3:TrackPointExtension>
        </extensions>
      </trkpt>
      <trkpt lat="42.58022242225706577301025390625" lon="-5.55113070644438266754150390625">
        <ele>836.20001220703125</ele>
        <time>2025-10-03T05:56:47.000Z</time>
        <extensions>
          <ns3:TrackPointExtension>
            <ns3:hr>94</ns3:hr>
            <ns3:cad>59</ns3:cad>
          </ns3:TrackPointExtension>
        </extensions>
      </trkpt>
      <trkpt lat="42.58026324212551116943359375" lon="-5.55117764510214328765869140625">
        <ele>836</ele>
        <time>2025-10-03T05:56:51.000Z</time>
        <extensions>
          <ns3:TrackPointExtension>
            <ns3:hr>94</ns3:hr>
            <ns3:cad>59</ns3:cad>
          </ns3:TrackPointExtension>
        </extensions>
      </trkpt>
      <trkpt lat="42.58033876307308673858642578125" lon="-5.55129163898527622222900390625">
        <ele>835.79998779296875</ele>
        <time>2025-10-03T05:56:59.000Z</time>
        <extensions>
          <ns3:TrackPointExtension>
            <ns3:hr>94</ns3:hr>
            <ns3:cad>59</ns3:cad>
          </ns3:TrackPointExtension>
        </extensions>
      </trkpt>
      <trkpt lat="42.5803683511912822723388671875" lon="-5.551377050578594207763671875">
        <ele>835.5999755859375</ele>
        <time>2025-10-03T05:57:04.000Z</time>
        <extensions>
          <ns3:TrackPointExtension>
            <ns3:hr>93</ns3:hr>
            <ns3:cad>59</ns3:cad>
          </ns3:TrackPointExtension>
        </extensions>
      </trkpt>
      <trkpt lat="42.58038997650146484375" lon="-5.55144217796623706817626953125">
        <ele>835.4000244140625</ele>
        <time>2025-10-03T05:57:08.000Z</time>
        <extensions>
          <ns3:TrackPointExtension>
            <ns3:hr>90</ns3:hr>
            <ns3:cad>59</ns3:cad>
          </ns3:TrackPointExtension>
        </extensions>
      </trkpt>
      <trkpt lat="42.58039735257625579833984375" lon="-5.55146950297057628631591796875">
        <ele>835.20001220703125</ele>
        <time>2025-10-03T05:57:10.000Z</time>
        <extensions>
          <ns3:TrackPointExtension>
            <ns3:hr>89</ns3:hr>
            <ns3:cad>59</ns3:cad>
          </ns3:TrackPointExtension>
        </extensions>
      </trkpt>
      <trkpt lat="42.58046264760196208953857421875" lon="-5.551603026688098907470703125">
        <ele>834.79998779296875</ele>
        <time>2025-10-03T05:57:20.000Z</time>
        <extensions>
          <ns3:TrackPointExtension>
            <ns3:hr>89</ns3:hr>
            <ns3:cad>58</ns3:cad>
          </ns3:TrackPointExtension>
        </extensions>
      </trkpt>
      <trkpt lat="42.5804994441568851470947265625" lon="-5.5516598559916019439697265625">
        <ele>834.5999755859375</ele>
        <time>2025-10-03T05:57:25.000Z</time>
        <extensions>
          <ns3:TrackPointExtension>
            <ns3:hr>89</ns3:hr>
            <ns3:cad>58</ns3:cad>
          </ns3:TrackPointExtension>
        </extensions>
      </trkpt>
      <trkpt lat="42.58052970282733440399169921875" lon="-5.55170704610645771026611328125">
        <ele>834.4000244140625</ele>
        <time>2025-10-03T05:57:28.000Z</time>
        <extensions>
          <ns3:TrackPointExtension>
            <ns3:hr>89</ns3:hr>
            <ns3:cad>58</ns3:cad>
          </ns3:TrackPointExtension>
        </extensions>
      </trkpt>
      <trkpt lat="42.58058854378759860992431640625" lon="-5.5518362112343311309814453125">
        <ele>834.20001220703125</ele>
        <time>2025-10-03T05:57:36.000Z</time>
        <extensions>
          <ns3:TrackPointExtension>
            <ns3:hr>90</ns3:hr>
            <ns3:cad>59</ns3:cad>
          </ns3:TrackPointExtension>
        </extensions>
      </trkpt>
      <trkpt lat="42.58066465146839618682861328125" lon="-5.5519921146333217620849609375">
        <ele>834</ele>
        <time>2025-10-03T05:57:47.000Z</time>
        <extensions>
          <ns3:TrackPointExtension>
            <ns3:hr>89</ns3:hr>
            <ns3:cad>60</ns3:cad>
          </ns3:TrackPointExtension>
        </extensions>
      </trkpt>
      <trkpt lat="42.5807292759418487548828125" lon="-5.5520886741578578948974609375">
        <ele>833.79998779296875</ele>
        <time>2025-10-03T05:57:55.000Z</time>
        <extensions>
          <ns3:TrackPointExtension>
            <ns3:hr>89</ns3:hr>
            <ns3:cad>59</ns3:cad>
          </ns3:TrackPointExtension>
        </extensions>
      </trkpt>
      <trkpt lat="42.5807462073862552642822265625" lon="-5.552115328609943389892578125">
        <ele>833.5999755859375</ele>
        <time>2025-10-03T05:57:57.000Z</time>
        <extensions>
          <ns3:TrackPointExtension>
            <ns3:hr>88</ns3:hr>
            <ns3:cad>59</ns3:cad>
          </ns3:TrackPointExtension>
        </extensions>
      </trkpt>
      <trkpt lat="42.58078652434051036834716796875" lon="-5.55216520093381404876708984375">
        <ele>833.20001220703125</ele>
        <time>2025-10-03T05:58:00.000Z</time>
        <extensions>
          <ns3:TrackPointExtension>
            <ns3:hr>88</ns3:hr>
            <ns3:cad>59</ns3:cad>
          </ns3:TrackPointExtension>
        </extensions>
      </trkpt>
      <trkpt lat="42.580800354480743408203125" lon="-5.55221381597220897674560546875">
        <ele>833.20001220703125</ele>
        <time>2025-10-03T05:58:03.000Z</time>
        <extensions>
          <ns3:TrackPointExtension>
            <ns3:hr>88</ns3:hr>
            <ns3:cad>59</ns3:cad>
          </ns3:TrackPointExtension>
        </extensions>
      </trkpt>
      <trkpt lat="42.5808526575565338134765625" lon="-5.5523629300296306610107421875">
        <ele>833.20001220703125</ele>
        <time>2025-10-03T05:58:13.000Z</time>
        <extensions>
          <ns3:TrackPointExtension>
            <ns3:hr>87</ns3:hr>
            <ns3:cad>59</ns3:cad>
          </ns3:TrackPointExtension>
        </extensions>
      </trkpt>
      <trkpt lat="42.58091778494417667388916015625" lon="-5.55247231386601924896240234375">
        <ele>832.5999755859375</ele>
        <time>2025-10-03T05:58:22.000Z</time>
        <extensions>
          <ns3:TrackPointExtension>
            <ns3:hr>87</ns3:hr>
            <ns3:cad>57</ns3:cad>
          </ns3:TrackPointExtension>
        </extensions>
      </trkpt>
      <trkpt lat="42.58093002252280712127685546875" lon="-5.55250751785933971405029296875">
        <ele>832.5999755859375</ele>
        <time>2025-10-03T05:58:24.000Z</time>
        <extensions>
          <ns3:TrackPointExtension>
            <ns3:hr>86</ns3:hr>
            <ns3:cad>57</ns3:cad>
          </ns3:TrackPointExtension>
        </extensions>
      </trkpt>
      <trkpt lat="42.58096790872514247894287109375" lon="-5.5526150576770305633544921875">
        <ele>832.20001220703125</ele>
        <time>2025-10-03T05:58:31.000Z</time>
        <extensions>
          <ns3:TrackPointExtension>
            <ns3:hr>87</ns3:hr>
            <ns3:cad>59</ns3:cad>
          </ns3:TrackPointExtension>
        </extensions>
      </trkpt>
      <trkpt lat="42.58099682629108428955078125" lon="-5.55272025056183338165283203125">
        <ele>831.5999755859375</ele>
        <time>2025-10-03T05:58:38.000Z</time>
        <extensions>
          <ns3:TrackPointExtension>
            <ns3:hr>86</ns3:hr>
            <ns3:cad>58</ns3:cad>
          </ns3:TrackPointExtension>
        </extensions>
      </trkpt>
      <trkpt lat="42.5810026936233043670654296875" lon="-5.55277992971241474151611328125">
        <ele>831.20001220703125</ele>
        <time>2025-10-03T05:58:41.000Z</time>
        <extensions>
          <ns3:TrackPointExtension>
            <ns3:hr>86</ns3:hr>
            <ns3:cad>57</ns3:cad>
          </ns3:TrackPointExtension>
        </extensions>
      </trkpt>
      <trkpt lat="42.58102037943899631500244140625" lon="-5.55293507874011993408203125">
        <ele>830.4000244140625</ele>
        <time>2025-10-03T05:58:50.000Z</time>
        <extensions>
          <ns3:TrackPointExtension>
            <ns3:hr>86</ns3:hr>
            <ns3:cad>59</ns3:cad>
          </ns3:TrackPointExtension>
        </extensions>
      </trkpt>
      <trkpt lat="42.5810144282877445220947265625" lon="-5.5529733002185821533203125">
        <ele>830.4000244140625</ele>
        <time>2025-10-03T05:58:52.000Z</time>
        <extensions>
          <ns3:TrackPointExtension>
            <ns3:hr>87</ns3:hr>
            <ns3:cad>60</ns3:cad>
          </ns3:TrackPointExtension>
        </extensions>
      </trkpt>
      <trkpt lat="42.5810218043625354766845703125" lon="-5.553143955767154693603515625">
        <ele>830.20001220703125</ele>
        <time>2025-10-03T05:59:02.000Z</time>
        <extensions>
          <ns3:TrackPointExtension>
            <ns3:hr>88</ns3:hr>
            <ns3:cad>59</ns3:cad>
          </ns3:TrackPointExtension>
        </extensions>
      </trkpt>
      <trkpt lat="42.58104284293949604034423828125" lon="-5.553295500576496124267578125">
        <ele>829.79998779296875</ele>
        <time>2025-10-03T05:59:11.000Z</time>
        <extensions>
          <ns3:TrackPointExtension>
            <ns3:hr>85</ns3:hr>
            <ns3:cad>59</ns3:cad>
          </ns3:TrackPointExtension>
        </extensions>
      </trkpt>
      <trkpt lat="42.5810573436319828033447265625" lon="-5.553428269922733306884765625">
        <ele>829.5999755859375</ele>
        <time>2025-10-03T05:59:19.000Z</time>
        <extensions>
          <ns3:TrackPointExtension>
            <ns3:hr>85</ns3:hr>
            <ns3:cad>58</ns3:cad>
          </ns3:TrackPointExtension>
        </extensions>
      </trkpt>
      <trkpt lat="42.581076957285404205322265625" lon="-5.55356313474476337432861328125">
        <ele>829.4000244140625</ele>
        <time>2025-10-03T05:59:27.000Z</time>
        <extensions>
          <ns3:TrackPointExtension>
            <ns3:hr>85</ns3:hr>
            <ns3:cad>58</ns3:cad>
          </ns3:TrackPointExtension>
        </extensions>
      </trkpt>
      <trkpt lat="42.58108089677989482879638671875" lon="-5.55358308367431163787841796875">
        <ele>829.4000244140625</ele>
        <time>2025-10-03T05:59:28.000Z</time>
        <extensions>
          <ns3:TrackPointExtension>
            <ns3:hr>85</ns3:hr>
            <ns3:cad>58</ns3:cad>
          </ns3:TrackPointExtension>
        </extensions>
      </trkpt>
      <trkpt lat="42.58109648711979389190673828125" lon="-5.5536879412829875946044921875">
        <ele>829.4000244140625</ele>
        <time>2025-10-03T05:59:35.000Z</time>
        <extensions>
          <ns3:TrackPointExtension>
            <ns3:hr>85</ns3:hr>
            <ns3:cad>58</ns3:cad>
          </ns3:TrackPointExtension>
        </extensions>
      </trkpt>
      <trkpt lat="42.58114476688206195831298828125" lon="-5.553778298199176788330078125">
        <ele>829.20001220703125</ele>
        <time>2025-10-03T05:59:42.000Z</time>
        <extensions>
          <ns3:TrackPointExtension>
            <ns3:hr>86</ns3:hr>
            <ns3:cad>58</ns3:cad>
          </ns3:TrackPointExtension>
        </extensions>
      </trkpt>
      <trkpt lat="42.58120712824165821075439453125" lon="-5.55392255075275897979736328125">
        <ele>829</ele>
        <time>2025-10-03T05:59:51.000Z</time>
        <extensions>
          <ns3:TrackPointExtension>
            <ns3:hr>86</ns3:hr>
            <ns3:cad>58</ns3:cad>
          </ns3:TrackPointExtension>
        </extensions>
      </trkpt>
      <trkpt lat="42.58124400861561298370361328125" lon="-5.55404811166226863861083984375">
        <ele>828.5999755859375</ele>
        <time>2025-10-03T05:59:59.000Z</time>
        <extensions>
          <ns3:TrackPointExtension>
            <ns3:hr>86</ns3:hr>
            <ns3:cad>57</ns3:cad>
          </ns3:TrackPointExtension>
        </extensions>
      </trkpt>
      <trkpt lat="42.58127518929541110992431640625" lon="-5.5541486106812953948974609375">
        <ele>828.4000244140625</ele>
        <time>2025-10-03T06:00:06.000Z</time>
        <extensions>
          <ns3:TrackPointExtension>
            <ns3:hr>86</ns3:hr>
            <ns3:cad>57</ns3:cad>
          </ns3:TrackPointExtension>
        </extensions>
      </trkpt>
      <trkpt lat="42.58130259811878204345703125" lon="-5.5542924441397190093994140625">
        <ele>828.4000244140625</ele>
        <time>2025-10-03T06:00:15.000Z</time>
        <extensions>
          <ns3:TrackPointExtension>
            <ns3:hr>85</ns3:hr>
            <ns3:cad>57</ns3:cad>
          </ns3:TrackPointExtension>
        </extensions>
      </trkpt>
      <trkpt lat="42.581315673887729644775390625" lon="-5.55440082214772701263427734375">
        <ele>828.4000244140625</ele>
        <time>2025-10-03T06:00:23.000Z</time>
        <extensions>
          <ns3:TrackPointExtension>
            <ns3:hr>84</ns3:hr>
            <ns3:cad>57</ns3:cad>
          </ns3:TrackPointExtension>
        </extensions>
      </trkpt>
      <trkpt lat="42.58137904107570648193359375" lon="-5.5545137263834476470947265625">
        <ele>828.20001220703125</ele>
        <time>2025-10-03T06:00:31.000Z</time>
        <extensions>
          <ns3:TrackPointExtension>
            <ns3:hr>83</ns3:hr>
            <ns3:cad>57</ns3:cad>
          </ns3:TrackPointExtension>
        </extensions>
      </trkpt>
      <trkpt lat="42.58140460588037967681884765625" lon="-5.55463534779846668243408203125">
        <ele>828</ele>
        <time>2025-10-03T06:00:39.000Z</time>
        <extensions>
          <ns3:TrackPointExtension>
            <ns3:hr>83</ns3:hr>
            <ns3:cad>57</ns3:cad>
          </ns3:TrackPointExtension>
        </extensions>
      </trkpt>
      <trkpt lat="42.58135029114782810211181640625" lon="-5.55472821928560733795166015625">
        <ele>828.4000244140625</ele>
        <time>2025-10-03T06:00:46.000Z</time>
        <extensions>
          <ns3:TrackPointExtension>
            <ns3:hr>84</ns3:hr>
            <ns3:cad>57</ns3:cad>
          </ns3:TrackPointExtension>
        </extensions>
      </trkpt>
      <trkpt lat="42.58126680739223957061767578125" lon="-5.5548516847193241119384765625">
        <ele>828.4000244140625</ele>
        <time>2025-10-03T06:00:56.000Z</time>
        <extensions>
          <ns3:TrackPointExtension>
            <ns3:hr>85</ns3:hr>
            <ns3:cad>57</ns3:cad>
          </ns3:TrackPointExtension>
        </extensions>
      </trkpt>
      <trkpt lat="42.58119690231978893280029296875" lon="-5.55496727116405963897705078125">
        <ele>828.20001220703125</ele>
        <time>2025-10-03T06:01:05.000Z</time>
        <extensions>
          <ns3:TrackPointExtension>
            <ns3:hr>86</ns3:hr>
            <ns3:cad>57</ns3:cad>
          </ns3:TrackPointExtension>
        </extensions>
      </trkpt>
      <trkpt lat="42.5811539031565189361572265625" lon="-5.5550466477870941162109375">
        <ele>827.79998779296875</ele>
        <time>2025-10-03T06:01:12.000Z</time>
        <extensions>
          <ns3:TrackPointExtension>
            <ns3:hr>86</ns3:hr>
            <ns3:cad>57</ns3:cad>
          </ns3:TrackPointExtension>
        </extensions>
      </trkpt>
      <trkpt lat="42.5811584293842315673828125" lon="-5.5551232583820819854736328125">
        <ele>827.79998779296875</ele>
        <time>2025-10-03T06:01:18.000Z</time>
        <extensions>
          <ns3:TrackPointExtension>
            <ns3:hr>85</ns3:hr>
            <ns3:cad>58</ns3:cad>
          </ns3:TrackPointExtension>
        </extensions>
      </trkpt>
      <trkpt lat="42.58119665086269378662109375" lon="-5.55522702634334564208984375">
        <ele>827.79998779296875</ele>
        <time>2025-10-03T06:01:26.000Z</time>
        <extensions>
          <ns3:TrackPointExtension>
            <ns3:hr>85</ns3:hr>
            <ns3:cad>57</ns3:cad>
          </ns3:TrackPointExtension>
        </extensions>
      </trkpt>
      <trkpt lat="42.581208050251007080078125" lon="-5.55527723394334316253662109375">
        <ele>827.79998779296875</ele>
        <time>2025-10-03T06:01:33.000Z</time>
        <extensions>
          <ns3:TrackPointExtension>
            <ns3:hr>84</ns3:hr>
            <ns3:cad>0</ns3:cad>
          </ns3:TrackPointExtension>
        </extensions>
      </trkpt>
      <trkpt lat="42.581272087991237640380859375" lon="-5.55533456616103649139404296875">
        <ele>827.5999755859375</ele>
        <time>2025-10-03T06:01:40.000Z</time>
        <extensions>
          <ns3:TrackPointExtension>
            <ns3:hr>83</ns3:hr>
            <ns3:cad>61</ns3:cad>
          </ns3:TrackPointExtension>
        </extensions>
      </trkpt>
      <trkpt lat="42.58127753622829914093017578125" lon="-5.55532098747789859771728515625">
        <ele>827.5999755859375</ele>
        <time>2025-10-03T06:01:41.000Z</time>
        <extensions>
          <ns3:TrackPointExtension>
            <ns3:hr>82</ns3:hr>
            <ns3:cad>60</ns3:cad>
          </ns3:TrackPointExtension>
        </extensions>
      </trkpt>
      <trkpt lat="42.581331767141819000244140625" lon="-5.5552746355533599853515625">
        <ele>827.5999755859375</ele>
        <time>2025-10-03T06:01:46.000Z</time>
        <extensions>
          <ns3:TrackPointExtension>
            <ns3:hr>84</ns3:hr>
            <ns3:cad>59</ns3:cad>
          </ns3:TrackPointExtension>
        </extensions>
      </trkpt>
      <trkpt lat="42.5813440047204494476318359375" lon="-5.555279664695262908935546875">
        <ele>827.5999755859375</ele>
        <time>2025-10-03T06:01:47.000Z</time>
        <extensions>
          <ns3:TrackPointExtension>
            <ns3:hr>84</ns3:hr>
            <ns3:cad>59</ns3:cad>
          </ns3:TrackPointExtension>
        </extensions>
      </trkpt>
      <trkpt lat="42.5814388878643512725830078125" lon="-5.5553418584167957305908203125">
        <ele>827.79998779296875</ele>
        <time>2025-10-03T06:01:55.000Z</time>
        <extensions>
          <ns3:TrackPointExtension>
            <ns3:hr>83</ns3:hr>
            <ns3:cad>58</ns3:cad>
          </ns3:TrackPointExtension>
        </extensions>
      </trkpt>
      <trkpt lat="42.5815646164119243621826171875" lon="-5.55547689087688922882080078125">
        <ele>828.79998779296875</ele>
        <time>2025-10-03T06:02:08.000Z</time>
        <extensions>
          <ns3:TrackPointExtension>
            <ns3:hr>83</ns3:hr>
            <ns3:cad>55</ns3:cad>
          </ns3:TrackPointExtension>
        </extensions>
      </trkpt>
      <trkpt lat="42.58159923367202281951904296875" lon="-5.555533803999423980712890625">
        <ele>829.4000244140625</ele>
        <time>2025-10-03T06:02:13.000Z</time>
        <extensions>
          <ns3:TrackPointExtension>
            <ns3:hr>86</ns3:hr>
            <ns3:cad>53</ns3:cad>
          </ns3:TrackPointExtension>
        </extensions>
      </trkpt>
      <trkpt lat="42.5816263072192668914794921875" lon="-5.55557931773364543914794921875">
        <ele>829.4000244140625</ele>
        <time>2025-10-03T06:02:17.000Z</time>
        <extensions>
          <ns3:TrackPointExtension>
            <ns3:hr>88</ns3:hr>
            <ns3:cad>55</ns3:cad>
          </ns3:TrackPointExtension>
        </extensions>
      </trkpt>
      <trkpt lat="42.58164457976818084716796875" lon="-5.55560496635735034942626953125">
        <ele>829.4000244140625</ele>
        <time>2025-10-03T06:02:19.000Z</time>
        <extensions>
          <ns3:TrackPointExtension>
            <ns3:hr>89</ns3:hr>
            <ns3:cad>56</ns3:cad>
          </ns3:TrackPointExtension>
        </extensions>
      </trkpt>
      <trkpt lat="42.5816734135150909423828125" lon="-5.55566556751728057861328125">
        <ele>829.79998779296875</ele>
        <time>2025-10-03T06:02:24.000Z</time>
        <extensions>
          <ns3:TrackPointExtension>
            <ns3:hr>92</ns3:hr>
            <ns3:cad>56</ns3:cad>
          </ns3:TrackPointExtension>
        </extensions>
      </trkpt>
      <trkpt lat="42.5816977210342884063720703125" lon="-5.55572382174432277679443359375">
        <ele>829.79998779296875</ele>
        <time>2025-10-03T06:02:28.000Z</time>
        <extensions>
          <ns3:TrackPointExtension>
            <ns3:hr>93</ns3:hr>
            <ns3:cad>56</ns3:cad>
          </ns3:TrackPointExtension>
        </extensions>
      </trkpt>
      <trkpt lat="42.58177575655281543731689453125" lon="-5.55587947368621826171875">
        <ele>830.20001220703125</ele>
        <time>2025-10-03T06:02:39.000Z</time>
        <extensions>
          <ns3:TrackPointExtension>
            <ns3:hr>94</ns3:hr>
            <ns3:cad>57</ns3:cad>
          </ns3:TrackPointExtension>
        </extensions>
      </trkpt>
      <trkpt lat="42.58184582926332950592041015625" lon="-5.55604216642677783966064453125">
        <ele>830</ele>
        <time>2025-10-03T06:02:50.000Z</time>
        <extensions>
          <ns3:TrackPointExtension>
            <ns3:hr>94</ns3:hr>
            <ns3:cad>57</ns3:cad>
          </ns3:TrackPointExtension>
        </extensions>
      </trkpt>
      <trkpt lat="42.58193803019821643829345703125" lon="-5.5562026798725128173828125">
        <ele>829.4000244140625</ele>
        <time>2025-10-03T06:03:03.000Z</time>
        <extensions>
          <ns3:TrackPointExtension>
            <ns3:hr>93</ns3:hr>
            <ns3:cad>57</ns3:cad>
          </ns3:TrackPointExtension>
        </extensions>
      </trkpt>
      <trkpt lat="42.58201631717383861541748046875" lon="-5.556361265480518341064453125">
        <ele>828.4000244140625</ele>
        <time>2025-10-03T06:03:15.000Z</time>
        <extensions>
          <ns3:TrackPointExtension>
            <ns3:hr>92</ns3:hr>
            <ns3:cad>58</ns3:cad>
          </ns3:TrackPointExtension>
        </extensions>
      </trkpt>
      <trkpt lat="42.58202503435313701629638671875" lon="-5.55637635290622711181640625">
        <ele>828.20001220703125</ele>
        <time>2025-10-03T06:03:16.000Z</time>
        <extensions>
          <ns3:TrackPointExtension>
            <ns3:hr>91</ns3:hr>
            <ns3:cad>58</ns3:cad>
          </ns3:TrackPointExtension>
        </extensions>
      </trkpt>
      <trkpt lat="42.58206359110772609710693359375" lon="-5.55641734041273593902587890625">
        <ele>828</ele>
        <time>2025-10-03T06:03:22.000Z</time>
        <extensions>
          <ns3:TrackPointExtension>
            <ns3:hr>91</ns3:hr>
            <ns3:cad>55</ns3:cad>
          </ns3:TrackPointExtension>
        </extensions>
      </trkpt>
      <trkpt lat="42.58211706764996051788330078125" lon="-5.5564717389643192291259765625">
        <ele>827.4000244140625</ele>
        <time>2025-10-03T06:03:27.000Z</time>
        <extensions>
          <ns3:TrackPointExtension>
            <ns3:hr>90</ns3:hr>
            <ns3:cad>59</ns3:cad>
          </ns3:TrackPointExtension>
        </extensions>
      </trkpt>
      <trkpt lat="42.58219166658818721771240234375" lon="-5.55652563460171222686767578125">
        <ele>826.79998779296875</ele>
        <time>2025-10-03T06:03:33.000Z</time>
        <extensions>
          <ns3:TrackPointExtension>
            <ns3:hr>90</ns3:hr>
            <ns3:cad>59</ns3:cad>
          </ns3:TrackPointExtension>
        </extensions>
      </trkpt>
      <trkpt lat="42.582283280789852142333984375" lon="-5.55657743476331233978271484375">
        <ele>826.5999755859375</ele>
        <time>2025-10-03T06:03:42.000Z</time>
        <extensions>
          <ns3:TrackPointExtension>
            <ns3:hr>90</ns3:hr>
            <ns3:cad>56</ns3:cad>
          </ns3:TrackPointExtension>
        </extensions>
      </trkpt>
      <trkpt lat="42.5823783315718173980712890625" lon="-5.55671322159469127655029296875">
        <ele>826.79998779296875</ele>
        <time>2025-10-03T06:03:53.000Z</time>
        <extensions>
          <ns3:TrackPointExtension>
            <ns3:hr>88</ns3:hr>
            <ns3:cad>56</ns3:cad>
          </ns3:TrackPointExtension>
        </extensions>
      </trkpt>
      <trkpt lat="42.5824514217674732208251953125" lon="-5.556768290698528289794921875">
        <ele>827.20001220703125</ele>
        <time>2025-10-03T06:04:00.000Z</time>
        <extensions>
          <ns3:TrackPointExtension>
            <ns3:hr>86</ns3:hr>
            <ns3:cad>56</ns3:cad>
          </ns3:TrackPointExtension>
        </extensions>
      </trkpt>
      <trkpt lat="42.58254555054008960723876953125" lon="-5.55673576891422271728515625">
        <ele>827</ele>
        <time>2025-10-03T06:04:07.000Z</time>
        <extensions>
          <ns3:TrackPointExtension>
            <ns3:hr>87</ns3:hr>
            <ns3:cad>57</ns3:cad>
          </ns3:TrackPointExtension>
        </extensions>
      </trkpt>
      <trkpt lat="42.582629285752773284912109375" lon="-5.55666242726147174835205078125">
        <ele>827.4000244140625</ele>
        <time>2025-10-03T06:04:15.000Z</time>
        <extensions>
          <ns3:TrackPointExtension>
            <ns3:hr>89</ns3:hr>
            <ns3:cad>56</ns3:cad>
          </ns3:TrackPointExtension>
        </extensions>
      </trkpt>
      <trkpt lat="42.58267580531537532806396484375" lon="-5.5565937794744968414306640625">
        <ele>828</ele>
        <time>2025-10-03T06:04:22.000Z</time>
        <extensions>
          <ns3:TrackPointExtension>
            <ns3:hr>90</ns3:hr>
            <ns3:cad>55</ns3:cad>
          </ns3:TrackPointExtension>
        </extensions>
      </trkpt>
      <trkpt lat="42.5827275216579437255859375" lon="-5.55652546696364879608154296875">
        <ele>828.4000244140625</ele>
        <time>2025-10-03T06:04:29.000Z</time>
        <extensions>
          <ns3:TrackPointExtension>
            <ns3:hr>93</ns3:hr>
            <ns3:cad>54</ns3:cad>
          </ns3:TrackPointExtension>
        </extensions>
      </trkpt>
      <trkpt lat="42.5827930681407451629638671875" lon="-5.55648707784712314605712890625">
        <ele>828.20001220703125</ele>
        <time>2025-10-03T06:04:37.000Z</time>
        <extensions>
          <ns3:TrackPointExtension>
            <ns3:hr>95</ns3:hr>
            <ns3:cad>54</ns3:cad>
          </ns3:TrackPointExtension>
        </extensions>
      </trkpt>
      <trkpt lat="42.58287076838314533233642578125" lon="-5.55652655661106109619140625">
        <ele>828.79998779296875</ele>
        <time>2025-10-03T06:04:45.000Z</time>
        <extensions>
          <ns3:TrackPointExtension>
            <ns3:hr>95</ns3:hr>
            <ns3:cad>51</ns3:cad>
          </ns3:TrackPointExtension>
        </extensions>
      </trkpt>
      <trkpt lat="42.58295349776744842529296875" lon="-5.55662202648818492889404296875">
        <ele>829</ele>
        <time>2025-10-03T06:04:54.000Z</time>
        <extensions>
          <ns3:TrackPointExtension>
            <ns3:hr>95</ns3:hr>
            <ns3:cad>55</ns3:cad>
          </ns3:TrackPointExtension>
        </extensions>
      </trkpt>
      <trkpt lat="42.583026587963104248046875" lon="-5.5567034147679805755615234375">
        <ele>829</ele>
        <time>2025-10-03T06:05:04.000Z</time>
        <extensions>
          <ns3:TrackPointExtension>
            <ns3:hr>94</ns3:hr>
            <ns3:cad>56</ns3:cad>
          </ns3:TrackPointExtension>
        </extensions>
      </trkpt>
      <trkpt lat="42.583114095032215118408203125" lon="-5.5568410456180572509765625">
        <ele>829</ele>
        <time>2025-10-03T06:05:16.000Z</time>
        <extensions>
          <ns3:TrackPointExtension>
            <ns3:hr>95</ns3:hr>
            <ns3:cad>56</ns3:cad>
          </ns3:TrackPointExtension>
        </extensions>
      </trkpt>
      <trkpt lat="42.58322867564857006072998046875" lon="-5.55695168673992156982421875">
        <ele>828.4000244140625</ele>
        <time>2025-10-03T06:05:27.000Z</time>
        <extensions>
          <ns3:TrackPointExtension>
            <ns3:hr>95</ns3:hr>
            <ns3:cad>58</ns3:cad>
          </ns3:TrackPointExtension>
        </extensions>
      </trkpt>
      <trkpt lat="42.58327544666826725006103515625" lon="-5.557024441659450531005859375">
        <ele>829</ele>
        <time>2025-10-03T06:05:35.000Z</time>
        <extensions>
          <ns3:TrackPointExtension>
            <ns3:hr>93</ns3:hr>
            <ns3:cad>56</ns3:cad>
          </ns3:TrackPointExtension>
        </extensions>
      </trkpt>
      <trkpt lat="42.58329841308295726776123046875" lon="-5.55704749189317226409912109375">
        <ele>828.5999755859375</ele>
        <time>2025-10-03T06:05:41.000Z</time>
        <extensions>
          <ns3:TrackPointExtension>
            <ns3:hr>92</ns3:hr>
            <ns3:cad>50</ns3:cad>
          </ns3:TrackPointExtension>
        </extensions>
      </trkpt>
      <trkpt lat="42.58340402506291866302490234375" lon="-5.5571587197482585906982421875">
        <ele>828.5999755859375</ele>
        <time>2025-10-03T06:05:52.000Z</time>
        <extensions>
          <ns3:TrackPointExtension>
            <ns3:hr>91</ns3:hr>
            <ns3:cad>58</ns3:cad>
          </ns3:TrackPointExtension>
        </extensions>
      </trkpt>
      <trkpt lat="42.5834777019917964935302734375" lon="-5.55722904391586780548095703125">
        <ele>828.4000244140625</ele>
        <time>2025-10-03T06:05:59.000Z</time>
        <extensions>
          <ns3:TrackPointExtension>
            <ns3:hr>88</ns3:hr>
            <ns3:cad>59</ns3:cad>
          </ns3:TrackPointExtension>
        </extensions>
      </trkpt>
      <trkpt lat="42.58348725736141204833984375" lon="-5.5572406947612762451171875">
        <ele>828.5999755859375</ele>
        <time>2025-10-03T06:06:00.000Z</time>
        <extensions>
          <ns3:TrackPointExtension>
            <ns3:hr>88</ns3:hr>
            <ns3:cad>59</ns3:cad>
          </ns3:TrackPointExtension>
        </extensions>
      </trkpt>
      <trkpt lat="42.58359429426491260528564453125" lon="-5.557355694472789764404296875">
        <ele>828.20001220703125</ele>
        <time>2025-10-03T06:06:11.000Z</time>
        <extensions>
          <ns3:TrackPointExtension>
            <ns3:hr>88</ns3:hr>
            <ns3:cad>57</ns3:cad>
          </ns3:TrackPointExtension>
        </extensions>
      </trkpt>
      <trkpt lat="42.58369806222617626190185546875" lon="-5.55744588375091552734375">
        <ele>828</ele>
        <time>2025-10-03T06:06:21.000Z</time>
        <extensions>
          <ns3:TrackPointExtension>
            <ns3:hr>88</ns3:hr>
            <ns3:cad>58</ns3:cad>
          </ns3:TrackPointExtension>
        </extensions>
      </trkpt>
      <trkpt lat="42.58382077328860759735107421875" lon="-5.5575382523238658905029296875">
        <ele>828</ele>
        <time>2025-10-03T06:06:32.000Z</time>
        <extensions>
          <ns3:TrackPointExtension>
            <ns3:hr>87</ns3:hr>
            <ns3:cad>59</ns3:cad>
          </ns3:TrackPointExtension>
        </extensions>
      </trkpt>
      <trkpt lat="42.58392118848860263824462890625" lon="-5.55761192925274372100830078125">
        <ele>828.20001220703125</ele>
        <time>2025-10-03T06:06:40.000Z</time>
        <extensions>
          <ns3:TrackPointExtension>
            <ns3:hr>87</ns3:hr>
            <ns3:cad>59</ns3:cad>
          </ns3:TrackPointExtension>
        </extensions>
      </trkpt>
      <trkpt lat="42.58399578742682933807373046875" lon="-5.5577058903872966766357421875">
        <ele>828.20001220703125</ele>
        <time>2025-10-03T06:06:49.000Z</time>
        <extensions>
          <ns3:TrackPointExtension>
            <ns3:hr>84</ns3:hr>
            <ns3:cad>58</ns3:cad>
          </ns3:TrackPointExtension>
        </extensions>
      </trkpt>
      <trkpt lat="42.584027387201786041259765625" lon="-5.55773765780031681060791015625">
        <ele>828</ele>
        <time>2025-10-03T06:06:52.000Z</time>
        <extensions>
          <ns3:TrackPointExtension>
            <ns3:hr>83</ns3:hr>
            <ns3:cad>59</ns3:cad>
          </ns3:TrackPointExtension>
        </extensions>
      </trkpt>
      <trkpt lat="42.58415470831096172332763671875" lon="-5.55785215459764003753662109375">
        <ele>828</ele>
        <time>2025-10-03T06:07:05.000Z</time>
        <extensions>
          <ns3:TrackPointExtension>
            <ns3:hr>84</ns3:hr>
            <ns3:cad>57</ns3:cad>
          </ns3:TrackPointExtension>
        </extensions>
      </trkpt>
      <trkpt lat="42.58430927060544490814208984375" lon="-5.5579918809235095977783203125">
        <ele>827.79998779296875</ele>
        <time>2025-10-03T06:07:20.000Z</time>
        <extensions>
          <ns3:TrackPointExtension>
            <ns3:hr>85</ns3:hr>
            <ns3:cad>57</ns3:cad>
          </ns3:TrackPointExtension>
        </extensions>
      </trkpt>
      <trkpt lat="42.584319747984409332275390625" lon="-5.5580024421215057373046875">
        <ele>827.79998779296875</ele>
        <time>2025-10-03T06:07:21.000Z</time>
        <extensions>
          <ns3:TrackPointExtension>
            <ns3:hr>85</ns3:hr>
            <ns3:cad>57</ns3:cad>
          </ns3:TrackPointExtension>
        </extensions>
      </trkpt>
      <trkpt lat="42.58446601219475269317626953125" lon="-5.55813965387642383575439453125">
        <ele>827.4000244140625</ele>
        <time>2025-10-03T06:07:36.000Z</time>
        <extensions>
          <ns3:TrackPointExtension>
            <ns3:hr>85</ns3:hr>
            <ns3:cad>58</ns3:cad>
          </ns3:TrackPointExtension>
        </extensions>
      </trkpt>
      <trkpt lat="42.5845529325306415557861328125" lon="-5.55821676738560199737548828125">
        <ele>827.4000244140625</ele>
        <time>2025-10-03T06:07:45.000Z</time>
        <extensions>
          <ns3:TrackPointExtension>
            <ns3:hr>86</ns3:hr>
            <ns3:cad>57</ns3:cad>
          </ns3:TrackPointExtension>
        </extensions>
      </trkpt>
      <trkpt lat="42.5845629908144474029541015625" lon="-5.558224730193614959716796875">
        <ele>827.4000244140625</ele>
        <time>2025-10-03T06:07:46.000Z</time>
        <extensions>
          <ns3:TrackPointExtension>
            <ns3:hr>85</ns3:hr>
            <ns3:cad>57</ns3:cad>
          </ns3:TrackPointExtension>
        </extensions>
      </trkpt>
      <trkpt lat="42.584666423499584197998046875" lon="-5.5583130754530429840087890625">
        <ele>827.4000244140625</ele>
        <time>2025-10-03T06:07:56.000Z</time>
        <extensions>
          <ns3:TrackPointExtension>
            <ns3:hr>85</ns3:hr>
            <ns3:cad>57</ns3:cad>
          </ns3:TrackPointExtension>
        </extensions>
      </trkpt>
      <trkpt lat="42.58476424030959606170654296875" lon="-5.55840904824435710906982421875">
        <ele>827.20001220703125</ele>
        <time>2025-10-03T06:08:06.000Z</time>
        <extensions>
          <ns3:TrackPointExtension>
            <ns3:hr>85</ns3:hr>
            <ns3:cad>58</ns3:cad>
          </ns3:TrackPointExtension>
        </extensions>
      </trkpt>
      <trkpt lat="42.58486549369990825653076171875" lon="-5.55851935409009456634521484375">
        <ele>827.20001220703125</ele>
        <time>2025-10-03T06:08:17.000Z</time>
        <extensions>
          <ns3:TrackPointExtension>
            <ns3:hr>85</ns3:hr>
            <ns3:cad>57</ns3:cad>
          </ns3:TrackPointExtension>
        </extensions>
      </trkpt>
      <trkpt lat="42.58496339432895183563232421875" lon="-5.5586084537208080291748046875">
        <ele>826.79998779296875</ele>
        <time>2025-10-03T06:08:27.000Z</time>
        <extensions>
          <ns3:TrackPointExtension>
            <ns3:hr>85</ns3:hr>
            <ns3:cad>59</ns3:cad>
          </ns3:TrackPointExtension>
        </extensions>
      </trkpt>
      <trkpt lat="42.58506598882377147674560546875" lon="-5.5586864054203033447265625">
        <ele>826.79998779296875</ele>
        <time>2025-10-03T06:08:37.000Z</time>
        <extensions>
          <ns3:TrackPointExtension>
            <ns3:hr>86</ns3:hr>
            <ns3:cad>57</ns3:cad>
          </ns3:TrackPointExtension>
        </extensions>
      </trkpt>
      <trkpt lat="42.58516087196767330169677734375" lon="-5.5587509460747241973876953125">
        <ele>826.5999755859375</ele>
        <time>2025-10-03T06:08:47.000Z</time>
        <extensions>
          <ns3:TrackPointExtension>
            <ns3:hr>86</ns3:hr>
            <ns3:cad>57</ns3:cad>
          </ns3:TrackPointExtension>
        </extensions>
      </trkpt>
      <trkpt lat="42.58527369238436222076416015625" lon="-5.5588186718523502349853515625">
        <ele>826.4000244140625</ele>
        <time>2025-10-03T06:08:57.000Z</time>
        <extensions>
          <ns3:TrackPointExtension>
            <ns3:hr>86</ns3:hr>
            <ns3:cad>57</ns3:cad>
          </ns3:TrackPointExtension>
        </extensions>
      </trkpt>
      <trkpt lat="42.58541048504412174224853515625" lon="-5.55893442593514919281005859375">
        <ele>826.4000244140625</ele>
        <time>2025-10-03T06:09:10.000Z</time>
        <extensions>
          <ns3:TrackPointExtension>
            <ns3:hr>89</ns3:hr>
            <ns3:cad>57</ns3:cad>
          </ns3:TrackPointExtension>
        </extensions>
      </trkpt>
      <trkpt lat="42.58546949364244937896728515625" lon="-5.55900081060826778411865234375">
        <ele>826.4000244140625</ele>
        <time>2025-10-03T06:09:17.000Z</time>
        <extensions>
          <ns3:TrackPointExtension>
            <ns3:hr>88</ns3:hr>
            <ns3:cad>56</ns3:cad>
          </ns3:TrackPointExtension>
        </extensions>
      </trkpt>
      <trkpt lat="42.58548592217266559600830078125" lon="-5.5590218491852283477783203125">
        <ele>826.4000244140625</ele>
        <time>2025-10-03T06:09:19.000Z</time>
        <extensions>
          <ns3:TrackPointExtension>
            <ns3:hr>89</ns3:hr>
            <ns3:cad>56</ns3:cad>
          </ns3:TrackPointExtension>
        </extensions>
      </trkpt>
      <trkpt lat="42.5855470262467861175537109375" lon="-5.5591244436800479888916015625">
        <ele>826.20001220703125</ele>
        <time>2025-10-03T06:09:27.000Z</time>
        <extensions>
          <ns3:TrackPointExtension>
            <ns3:hr>89</ns3:hr>
            <ns3:cad>57</ns3:cad>
          </ns3:TrackPointExtension>
        </extensions>
      </trkpt>
      <trkpt lat="42.5856197811663150787353515625" lon="-5.5591868050396442413330078125">
        <ele>826.20001220703125</ele>
        <time>2025-10-03T06:09:34.000Z</time>
        <extensions>
          <ns3:TrackPointExtension>
            <ns3:hr>89</ns3:hr>
            <ns3:cad>56</ns3:cad>
          </ns3:TrackPointExtension>
        </extensions>
      </trkpt>
      <trkpt lat="42.58565825410187244415283203125" lon="-5.55919242091476917266845703125">
        <ele>826.20001220703125</ele>
        <time>2025-10-03T06:09:38.000Z</time>
        <extensions>
          <ns3:TrackPointExtension>
            <ns3:hr>86</ns3:hr>
            <ns3:cad>57</ns3:cad>
          </ns3:TrackPointExtension>
        </extensions>
      </trkpt>
      <trkpt lat="42.58568943478167057037353515625" lon="-5.55920314975082874298095703125">
        <ele>826.4000244140625</ele>
        <time>2025-10-03T06:09:42.000Z</time>
        <extensions>
          <ns3:TrackPointExtension>
            <ns3:hr>84</ns3:hr>
            <ns3:cad>52</ns3:cad>
          </ns3:TrackPointExtension>
        </extensions>
      </trkpt>
      <trkpt lat="42.58580963127315044403076171875" lon="-5.55927657522261142730712890625">
        <ele>826.20001220703125</ele>
        <time>2025-10-03T06:09:52.000Z</time>
        <extensions>
          <ns3:TrackPointExtension>
            <ns3:hr>83</ns3:hr>
            <ns3:cad>59</ns3:cad>
          </ns3:TrackPointExtension>
        </extensions>
      </trkpt>
      <trkpt lat="42.58591054938733577728271484375" lon="-5.5593772418797016143798828125">
        <ele>826</ele>
        <time>2025-10-03T06:10:02.000Z</time>
        <extensions>
          <ns3:TrackPointExtension>
            <ns3:hr>83</ns3:hr>
            <ns3:cad>57</ns3:cad>
          </ns3:TrackPointExtension>
        </extensions>
      </trkpt>
      <trkpt lat="42.5860105454921722412109375" lon="-5.55947120301425457000732421875">
        <ele>826</ele>
        <time>2025-10-03T06:10:12.000Z</time>
        <extensions>
          <ns3:TrackPointExtension>
            <ns3:hr>83</ns3:hr>
            <ns3:cad>57</ns3:cad>
          </ns3:TrackPointExtension>
        </extensions>
      </trkpt>
      <trkpt lat="42.5861116312444210052490234375" lon="-5.5596018768846988677978515625">
        <ele>826</ele>
        <time>2025-10-03T06:10:23.000Z</time>
        <extensions>
          <ns3:TrackPointExtension>
            <ns3:hr>84</ns3:hr>
            <ns3:cad>58</ns3:cad>
          </ns3:TrackPointExtension>
        </extensions>
      </trkpt>
      <trkpt lat="42.586122862994670867919921875" lon="-5.55965744890272617340087890625">
        <ele>826</ele>
        <time>2025-10-03T06:10:30.000Z</time>
        <extensions>
          <ns3:TrackPointExtension>
            <ns3:hr>86</ns3:hr>
            <ns3:cad>54</ns3:cad>
          </ns3:TrackPointExtension>
        </extensions>
      </trkpt>
      <trkpt lat="42.58620877750217914581298828125" lon="-5.55976524017751216888427734375">
        <ele>825.79998779296875</ele>
        <time>2025-10-03T06:10:41.000Z</time>
        <extensions>
          <ns3:TrackPointExtension>
            <ns3:hr>87</ns3:hr>
            <ns3:cad>56</ns3:cad>
          </ns3:TrackPointExtension>
        </extensions>
      </trkpt>
      <trkpt lat="42.586305923759937286376953125" lon="-5.559846125543117523193359375">
        <ele>825.5999755859375</ele>
        <time>2025-10-03T06:10:50.000Z</time>
        <extensions>
          <ns3:TrackPointExtension>
            <ns3:hr>88</ns3:hr>
            <ns3:cad>57</ns3:cad>
          </ns3:TrackPointExtension>
        </extensions>
      </trkpt>
      <trkpt lat="42.58637557737529277801513671875" lon="-5.5599113367497920989990234375">
        <ele>825.79998779296875</ele>
        <time>2025-10-03T06:10:57.000Z</time>
        <extensions>
          <ns3:TrackPointExtension>
            <ns3:hr>91</ns3:hr>
            <ns3:cad>57</ns3:cad>
          </ns3:TrackPointExtension>
        </extensions>
      </trkpt>
      <trkpt lat="42.586402483284473419189453125" lon="-5.55995735339820384979248046875">
        <ele>825.79998779296875</ele>
        <time>2025-10-03T06:11:01.000Z</time>
        <extensions>
          <ns3:TrackPointExtension>
            <ns3:hr>92</ns3:hr>
            <ns3:cad>57</ns3:cad>
          </ns3:TrackPointExtension>
        </extensions>
      </trkpt>
      <trkpt lat="42.5864987075328826904296875" lon="-5.5600132606923580169677734375">
        <ele>825.4000244140625</ele>
        <time>2025-10-03T06:11:08.000Z</time>
        <extensions>
          <ns3:TrackPointExtension>
            <ns3:hr>92</ns3:hr>
            <ns3:cad>59</ns3:cad>
          </ns3:TrackPointExtension>
        </extensions>
      </trkpt>
      <trkpt lat="42.58651287294924259185791015625" lon="-5.560021139681339263916015625">
        <ele>825.20001220703125</ele>
        <time>2025-10-03T06:11:09.000Z</time>
        <extensions>
          <ns3:TrackPointExtension>
            <ns3:hr>92</ns3:hr>
            <ns3:cad>59</ns3:cad>
          </ns3:TrackPointExtension>
        </extensions>
      </trkpt>
      <trkpt lat="42.58659861981868743896484375" lon="-5.5600970797240734100341796875">
        <ele>825.4000244140625</ele>
        <time>2025-10-03T06:11:18.000Z</time>
        <extensions>
          <ns3:TrackPointExtension>
            <ns3:hr>91</ns3:hr>
            <ns3:cad>56</ns3:cad>
          </ns3:TrackPointExtension>
        </extensions>
      </trkpt>
      <trkpt lat="42.586696855723857879638671875" lon="-5.56018953211605548858642578125">
        <ele>825.20001220703125</ele>
        <time>2025-10-03T06:11:28.000Z</time>
        <extensions>
          <ns3:TrackPointExtension>
            <ns3:hr>91</ns3:hr>
            <ns3:cad>57</ns3:cad>
          </ns3:TrackPointExtension>
        </extensions>
      </trkpt>
      <trkpt lat="42.5867456384003162384033203125" lon="-5.56024434976279735565185546875">
        <ele>825</ele>
        <time>2025-10-03T06:11:35.000Z</time>
        <extensions>
          <ns3:TrackPointExtension>
            <ns3:hr>93</ns3:hr>
            <ns3:cad>56</ns3:cad>
          </ns3:TrackPointExtension>
        </extensions>
      </trkpt>
      <trkpt lat="42.5868019647896289825439453125" lon="-5.56034878827631473541259765625">
        <ele>825</ele>
        <time>2025-10-03T06:11:42.000Z</time>
        <extensions>
          <ns3:TrackPointExtension>
            <ns3:hr>94</ns3:hr>
            <ns3:cad>56</ns3:cad>
          </ns3:TrackPointExtension>
        </extensions>
      </trkpt>
      <trkpt lat="42.586878240108489990234375" lon="-5.56041114963591098785400390625">
        <ele>824.4000244140625</ele>
        <time>2025-10-03T06:11:50.000Z</time>
        <extensions>
          <ns3:TrackPointExtension>
            <ns3:hr>94</ns3:hr>
            <ns3:cad>57</ns3:cad>
          </ns3:TrackPointExtension>
        </extensions>
      </trkpt>
      <trkpt lat="42.58688771165907382965087890625" lon="-5.560416765511035919189453125">
        <ele>824.20001220703125</ele>
        <time>2025-10-03T06:11:51.000Z</time>
        <extensions>
          <ns3:TrackPointExtension>
            <ns3:hr>94</ns3:hr>
            <ns3:cad>57</ns3:cad>
          </ns3:TrackPointExtension>
        </extensions>
      </trkpt>
      <trkpt lat="42.586953341960906982421875" lon="-5.5604886822402477264404296875">
        <ele>824</ele>
        <time>2025-10-03T06:11:58.000Z</time>
        <extensions>
          <ns3:TrackPointExtension>
            <ns3:hr>94</ns3:hr>
            <ns3:cad>57</ns3:cad>
          </ns3:TrackPointExtension>
        </extensions>
      </trkpt>
      <trkpt lat="42.5870601274073123931884765625" lon="-5.560615919530391693115234375">
        <ele>824</ele>
        <time>2025-10-03T06:12:10.000Z</time>
        <extensions>
          <ns3:TrackPointExtension>
            <ns3:hr>93</ns3:hr>
            <ns3:cad>57</ns3:cad>
          </ns3:TrackPointExtension>
        </extensions>
      </trkpt>
      <trkpt lat="42.58713648654520511627197265625" lon="-5.56072890758514404296875">
        <ele>823.79998779296875</ele>
        <time>2025-10-03T06:12:19.000Z</time>
        <extensions>
          <ns3:TrackPointExtension>
            <ns3:hr>93</ns3:hr>
            <ns3:cad>56</ns3:cad>
          </ns3:TrackPointExtension>
        </extensions>
      </trkpt>
      <trkpt lat="42.58716213516891002655029296875" lon="-5.5608563125133514404296875">
        <ele>823.4000244140625</ele>
        <time>2025-10-03T06:12:28.000Z</time>
        <extensions>
          <ns3:TrackPointExtension>
            <ns3:hr>93</ns3:hr>
            <ns3:cad>57</ns3:cad>
          </ns3:TrackPointExtension>
        </extensions>
      </trkpt>
      <trkpt lat="42.58716012351214885711669921875" lon="-5.56094708852469921112060546875">
        <ele>823.20001220703125</ele>
        <time>2025-10-03T06:12:33.000Z</time>
        <extensions>
          <ns3:TrackPointExtension>
            <ns3:hr>92</ns3:hr>
            <ns3:cad>57</ns3:cad>
          </ns3:TrackPointExtension>
        </extensions>
      </trkpt>
      <trkpt lat="42.5871707685291767120361328125" lon="-5.56098438799381256103515625">
        <ele>823</ele>
        <time>2025-10-03T06:12:36.000Z</time>
        <extensions>
          <ns3:TrackPointExtension>
            <ns3:hr>93</ns3:hr>
            <ns3:cad>56</ns3:cad>
          </ns3:TrackPointExtension>
        </extensions>
      </trkpt>
      <trkpt lat="42.58720345795154571533203125" lon="-5.56111590005457401275634765625">
        <ele>823.20001220703125</ele>
        <time>2025-10-03T06:12:44.000Z</time>
        <extensions>
          <ns3:TrackPointExtension>
            <ns3:hr>95</ns3:hr>
            <ns3:cad>57</ns3:cad>
          </ns3:TrackPointExtension>
        </extensions>
      </trkpt>
      <trkpt lat="42.587200105190277099609375" lon="-5.5612504296004772186279296875">
        <ele>823</ele>
        <time>2025-10-03T06:12:52.000Z</time>
        <extensions>
          <ns3:TrackPointExtension>
            <ns3:hr>95</ns3:hr>
            <ns3:cad>57</ns3:cad>
          </ns3:TrackPointExtension>
        </extensions>
      </trkpt>
      <trkpt lat="42.58721510879695415496826171875" lon="-5.561309270560741424560546875">
        <ele>823</ele>
        <time>2025-10-03T06:12:59.000Z</time>
        <extensions>
          <ns3:TrackPointExtension>
            <ns3:hr>94</ns3:hr>
            <ns3:cad>0</ns3:cad>
          </ns3:TrackPointExtension>
        </extensions>
      </trkpt>
      <trkpt lat="42.58723807521164417266845703125" lon="-5.5613312311470508575439453125">
        <ele>823</ele>
        <time>2025-10-03T06:13:05.000Z</time>
        <extensions>
          <ns3:TrackPointExtension>
            <ns3:hr>93</ns3:hr>
            <ns3:cad>52</ns3:cad>
          </ns3:TrackPointExtension>
        </extensions>
      </trkpt>
      <trkpt lat="42.58725852705538272857666015625" lon="-5.561326704919338226318359375">
        <ele>822.79998779296875</ele>
        <time>2025-10-03T06:13:15.000Z</time>
        <extensions>
          <ns3:TrackPointExtension>
            <ns3:hr>90</ns3:hr>
            <ns3:cad>0</ns3:cad>
          </ns3:TrackPointExtension>
        </extensions>
      </trkpt>
      <trkpt lat="42.58725852705538272857666015625" lon="-5.561326704919338226318359375">
        <ele>822.79998779296875</ele>
        <time>2025-10-03T06:13:20.000Z</time>
        <extensions>
          <ns3:TrackPointExtension>
            <ns3:hr>87</ns3:hr>
            <ns3:cad>0</ns3:cad>
          </ns3:TrackPointExtension>
        </extensions>
      </trkpt>
      <trkpt lat="42.58729976601898670196533203125" lon="-5.5613359250128269195556640625">
        <ele>822.20001220703125</ele>
        <time>2025-10-03T06:13:24.000Z</time>
        <extensions>
          <ns3:TrackPointExtension>
            <ns3:hr>87</ns3:hr>
            <ns3:cad>0</ns3:cad>
          </ns3:TrackPointExtension>
        </extensions>
      </trkpt>
      <trkpt lat="42.58732340298593044281005859375" lon="-5.56133701466023921966552734375">
        <ele>822.20001220703125</ele>
        <time>2025-10-03T06:13:25.000Z</time>
        <extensions>
          <ns3:TrackPointExtension>
            <ns3:hr>87</ns3:hr>
            <ns3:cad>0</ns3:cad>
          </ns3:TrackPointExtension>
        </extensions>
      </trkpt>
      <trkpt lat="42.587362714111804962158203125" lon="-5.56134958751499652862548828125">
        <ele>822.4000244140625</ele>
        <time>2025-10-03T06:13:28.000Z</time>
        <extensions>
          <ns3:TrackPointExtension>
            <ns3:hr>88</ns3:hr>
            <ns3:cad>59</ns3:cad>
          </ns3:TrackPointExtension>
        </extensions>
      </trkpt>
      <trkpt lat="42.58738693781197071075439453125" lon="-5.5613500066101551055908203125">
        <ele>822.4000244140625</ele>
        <time>2025-10-03T06:13:30.000Z</time>
        <extensions>
          <ns3:TrackPointExtension>
            <ns3:hr>89</ns3:hr>
            <ns3:cad>59</ns3:cad>
          </ns3:TrackPointExtension>
        </extensions>
      </trkpt>
      <trkpt lat="42.5874014385044574737548828125" lon="-5.56134757585823535919189453125">
        <ele>822.20001220703125</ele>
        <time>2025-10-03T06:13:31.000Z</time>
        <extensions>
          <ns3:TrackPointExtension>
            <ns3:hr>89</ns3:hr>
            <ns3:cad>59</ns3:cad>
          </ns3:TrackPointExtension>
        </extensions>
      </trkpt>
      <trkpt lat="42.58745164610445499420166015625" lon="-5.5612695403397083282470703125">
        <ele>822</ele>
        <time>2025-10-03T06:13:37.000Z</time>
        <extensions>
          <ns3:TrackPointExtension>
            <ns3:hr>90</ns3:hr>
            <ns3:cad>60</ns3:cad>
          </ns3:TrackPointExtension>
        </extensions>
      </trkpt>
      <trkpt lat="42.58747679181396961212158203125" lon="-5.56114389561116695404052734375">
        <ele>822</ele>
        <time>2025-10-03T06:13:44.000Z</time>
        <extensions>
          <ns3:TrackPointExtension>
            <ns3:hr>88</ns3:hr>
            <ns3:cad>58</ns3:cad>
          </ns3:TrackPointExtension>
        </extensions>
      </trkpt>
      <trkpt lat="42.58756195195019245147705078125" lon="-5.56106125004589557647705078125">
        <ele>822.20001220703125</ele>
        <time>2025-10-03T06:13:52.000Z</time>
        <extensions>
          <ns3:TrackPointExtension>
            <ns3:hr>88</ns3:hr>
            <ns3:cad>57</ns3:cad>
          </ns3:TrackPointExtension>
        </extensions>
      </trkpt>
      <trkpt lat="42.587642334401607513427734375" lon="-5.56104666553437709808349609375">
        <ele>822</ele>
        <time>2025-10-03T06:14:00.000Z</time>
        <extensions>
          <ns3:TrackPointExtension>
            <ns3:hr>88</ns3:hr>
            <ns3:cad>56</ns3:cad>
          </ns3:TrackPointExtension>
        </extensions>
      </trkpt>
      <trkpt lat="42.5877263210713863372802734375" lon="-5.56105840019881725311279296875">
        <ele>821.79998779296875</ele>
        <time>2025-10-03T06:14:07.000Z</time>
        <extensions>
          <ns3:TrackPointExtension>
            <ns3:hr>88</ns3:hr>
            <ns3:cad>57</ns3:cad>
          </ns3:TrackPointExtension>
        </extensions>
      </trkpt>
      <trkpt lat="42.587773762643337249755859375" lon="-5.5611149780452251434326171875">
        <ele>821.79998779296875</ele>
        <time>2025-10-03T06:14:14.000Z</time>
        <extensions>
          <ns3:TrackPointExtension>
            <ns3:hr>88</ns3:hr>
            <ns3:cad>56</ns3:cad>
          </ns3:TrackPointExtension>
        </extensions>
      </trkpt>
      <trkpt lat="42.58785883896052837371826171875" lon="-5.56115680374205112457275390625">
        <ele>821.5999755859375</ele>
        <time>2025-10-03T06:14:21.000Z</time>
        <extensions>
          <ns3:TrackPointExtension>
            <ns3:hr>88</ns3:hr>
            <ns3:cad>57</ns3:cad>
          </ns3:TrackPointExtension>
        </extensions>
      </trkpt>
      <trkpt lat="42.58793612010776996612548828125" lon="-5.56123123504221439361572265625">
        <ele>821.4000244140625</ele>
        <time>2025-10-03T06:14:29.000Z</time>
        <extensions>
          <ns3:TrackPointExtension>
            <ns3:hr>88</ns3:hr>
            <ns3:cad>57</ns3:cad>
          </ns3:TrackPointExtension>
        </extensions>
      </trkpt>
      <trkpt lat="42.58801138959825038909912109375" lon="-5.56129820644855499267578125">
        <ele>821.20001220703125</ele>
        <time>2025-10-03T06:14:36.000Z</time>
        <extensions>
          <ns3:TrackPointExtension>
            <ns3:hr>88</ns3:hr>
            <ns3:cad>56</ns3:cad>
          </ns3:TrackPointExtension>
        </extensions>
      </trkpt>
      <trkpt lat="42.5880706496536731719970703125" lon="-5.56132511235773563385009765625">
        <ele>821.20001220703125</ele>
        <time>2025-10-03T06:14:42.000Z</time>
        <extensions>
          <ns3:TrackPointExtension>
            <ns3:hr>88</ns3:hr>
            <ns3:cad>58</ns3:cad>
          </ns3:TrackPointExtension>
        </extensions>
      </trkpt>
      <trkpt lat="42.58812421001493930816650390625" lon="-5.5613821931183338165283203125">
        <ele>821.20001220703125</ele>
        <time>2025-10-03T06:14:48.000Z</time>
        <extensions>
          <ns3:TrackPointExtension>
            <ns3:hr>88</ns3:hr>
            <ns3:cad>57</ns3:cad>
          </ns3:TrackPointExtension>
        </extensions>
      </trkpt>
      <trkpt lat="42.5882014073431491851806640625" lon="-5.56147632189095020294189453125">
        <ele>821.20001220703125</ele>
        <time>2025-10-03T06:14:56.000Z</time>
        <extensions>
          <ns3:TrackPointExtension>
            <ns3:hr>90</ns3:hr>
            <ns3:cad>56</ns3:cad>
          </ns3:TrackPointExtension>
        </extensions>
      </trkpt>
      <trkpt lat="42.588321603834629058837890625" lon="-5.561562739312648773193359375">
        <ele>821.20001220703125</ele>
        <time>2025-10-03T06:15:06.000Z</time>
        <extensions>
          <ns3:TrackPointExtension>
            <ns3:hr>91</ns3:hr>
            <ns3:cad>57</ns3:cad>
          </ns3:TrackPointExtension>
        </extensions>
      </trkpt>
      <trkpt lat="42.5884072668850421905517578125" lon="-5.56161378510296344757080078125">
        <ele>821</ele>
        <time>2025-10-03T06:15:15.000Z</time>
        <extensions>
          <ns3:TrackPointExtension>
            <ns3:hr>92</ns3:hr>
            <ns3:cad>57</ns3:cad>
          </ns3:TrackPointExtension>
        </extensions>
      </trkpt>
      <trkpt lat="42.5885226018726825714111328125" lon="-5.56167983449995517730712890625">
        <ele>821</ele>
        <time>2025-10-03T06:15:26.000Z</time>
        <extensions>
          <ns3:TrackPointExtension>
            <ns3:hr>93</ns3:hr>
            <ns3:cad>56</ns3:cad>
          </ns3:TrackPointExtension>
        </extensions>
      </trkpt>
      <trkpt lat="42.58859820663928985595703125" lon="-5.56174621917307376861572265625">
        <ele>820.79998779296875</ele>
        <time>2025-10-03T06:15:34.000Z</time>
        <extensions>
          <ns3:TrackPointExtension>
            <ns3:hr>92</ns3:hr>
            <ns3:cad>57</ns3:cad>
          </ns3:TrackPointExtension>
        </extensions>
      </trkpt>
      <trkpt lat="42.588634751737117767333984375" lon="-5.5618240870535373687744140625">
        <ele>820.5999755859375</ele>
        <time>2025-10-03T06:15:40.000Z</time>
        <extensions>
          <ns3:TrackPointExtension>
            <ns3:hr>93</ns3:hr>
            <ns3:cad>56</ns3:cad>
          </ns3:TrackPointExtension>
        </extensions>
      </trkpt>
      <trkpt lat="42.58870658464729785919189453125" lon="-5.5618535913527011871337890625">
        <ele>820.4000244140625</ele>
        <time>2025-10-03T06:15:47.000Z</time>
        <extensions>
          <ns3:TrackPointExtension>
            <ns3:hr>92</ns3:hr>
            <ns3:cad>54</ns3:cad>
          </ns3:TrackPointExtension>
        </extensions>
      </trkpt>
      <trkpt lat="42.5887737236917018890380859375" lon="-5.56187982670962810516357421875">
        <ele>820.4000244140625</ele>
        <time>2025-10-03T06:15:54.000Z</time>
        <extensions>
          <ns3:TrackPointExtension>
            <ns3:hr>92</ns3:hr>
            <ns3:cad>56</ns3:cad>
          </ns3:TrackPointExtension>
        </extensions>
      </trkpt>
      <trkpt lat="42.58886449970304965972900390625" lon="-5.5619467981159687042236328125">
        <ele>820.20001220703125</ele>
        <time>2025-10-03T06:16:04.000Z</time>
        <extensions>
          <ns3:TrackPointExtension>
            <ns3:hr>92</ns3:hr>
            <ns3:cad>57</ns3:cad>
          </ns3:TrackPointExtension>
        </extensions>
      </trkpt>
      <trkpt lat="42.58886701427400112152099609375" lon="-5.5619659088551998138427734375">
        <ele>820.20001220703125</ele>
        <time>2025-10-03T06:16:05.000Z</time>
        <extensions>
          <ns3:TrackPointExtension>
            <ns3:hr>93</ns3:hr>
            <ns3:cad>57</ns3:cad>
          </ns3:TrackPointExtension>
        </extensions>
      </trkpt>
      <trkpt lat="42.58888520300388336181640625" lon="-5.5620641447603702545166015625">
        <ele>820.4000244140625</ele>
        <time>2025-10-03T06:16:12.000Z</time>
        <extensions>
          <ns3:TrackPointExtension>
            <ns3:hr>94</ns3:hr>
            <ns3:cad>55</ns3:cad>
          </ns3:TrackPointExtension>
        </extensions>
      </trkpt>
      <trkpt lat="42.588922418653964996337890625" lon="-5.56206456385552883148193359375">
        <ele>820.20001220703125</ele>
        <time>2025-10-03T06:16:16.000Z</time>
        <extensions>
          <ns3:TrackPointExtension>
            <ns3:hr>94</ns3:hr>
            <ns3:cad>54</ns3:cad>
          </ns3:TrackPointExtension>
        </extensions>
      </trkpt>
      <trkpt lat="42.58894161321222782135009765625" lon="-5.562047548592090606689453125">
        <ele>820.20001220703125</ele>
        <time>2025-10-03T06:16:18.000Z</time>
        <extensions>
          <ns3:TrackPointExtension>
            <ns3:hr>94</ns3:hr>
            <ns3:cad>57</ns3:cad>
          </ns3:TrackPointExtension>
        </extensions>
      </trkpt>
      <trkpt lat="42.58895116858184337615966796875" lon="-5.56203849613666534423828125">
        <ele>820.20001220703125</ele>
        <time>2025-10-03T06:16:19.000Z</time>
        <extensions>
          <ns3:TrackPointExtension>
            <ns3:hr>94</ns3:hr>
            <ns3:cad>57</ns3:cad>
          </ns3:TrackPointExtension>
        </extensions>
      </trkpt>
      <trkpt lat="42.58902828209102153778076171875" lon="-5.56200538761913776397705078125">
        <ele>820.4000244140625</ele>
        <time>2025-10-03T06:16:25.000Z</time>
        <extensions>
          <ns3:TrackPointExtension>
            <ns3:hr>94</ns3:hr>
            <ns3:cad>56</ns3:cad>
          </ns3:TrackPointExtension>
        </extensions>
      </trkpt>
      <trkpt lat="42.5891219079494476318359375" lon="-5.562099181115627288818359375">
        <ele>820.20001220703125</ele>
        <time>2025-10-03T06:16:32.000Z</time>
        <extensions>
          <ns3:TrackPointExtension>
            <ns3:hr>94</ns3:hr>
            <ns3:cad>56</ns3:cad>
          </ns3:TrackPointExtension>
        </extensions>
      </trkpt>
      <trkpt lat="42.5891851074993610382080078125" lon="-5.56212658993899822235107421875">
        <ele>820.20001220703125</ele>
        <time>2025-10-03T06:16:38.000Z</time>
        <extensions>
          <ns3:TrackPointExtension>
            <ns3:hr>94</ns3:hr>
            <ns3:cad>57</ns3:cad>
          </ns3:TrackPointExtension>
        </extensions>
      </trkpt>
      <trkpt lat="42.5892434455454349517822265625" lon="-5.5621684156358242034912109375">
        <ele>820.20001220703125</ele>
        <time>2025-10-03T06:16:45.000Z</time>
        <extensions>
          <ns3:TrackPointExtension>
            <ns3:hr>95</ns3:hr>
            <ns3:cad>56</ns3:cad>
          </ns3:TrackPointExtension>
        </extensions>
      </trkpt>
      <trkpt lat="42.589333467185497283935546875" lon="-5.5622636340558528900146484375">
        <ele>820.20001220703125</ele>
        <time>2025-10-03T06:16:54.000Z</time>
        <extensions>
          <ns3:TrackPointExtension>
            <ns3:hr>95</ns3:hr>
            <ns3:cad>55</ns3:cad>
          </ns3:TrackPointExtension>
        </extensions>
      </trkpt>
      <trkpt lat="42.5894114188849925994873046875" lon="-5.56230135262012481689453125">
        <ele>820.20001220703125</ele>
        <time>2025-10-03T06:17:01.000Z</time>
        <extensions>
          <ns3:TrackPointExtension>
            <ns3:hr>96</ns3:hr>
            <ns3:cad>56</ns3:cad>
          </ns3:TrackPointExtension>
        </extensions>
      </trkpt>
      <trkpt lat="42.58949138224124908447265625" lon="-5.562374107539653778076171875">
        <ele>820.4000244140625</ele>
        <time>2025-10-03T06:17:08.000Z</time>
        <extensions>
          <ns3:TrackPointExtension>
            <ns3:hr>95</ns3:hr>
            <ns3:cad>56</ns3:cad>
          </ns3:TrackPointExtension>
        </extensions>
      </trkpt>
      <trkpt lat="42.5895780511200428009033203125" lon="-5.56240453384816646575927734375">
        <ele>820.20001220703125</ele>
        <time>2025-10-03T06:17:16.000Z</time>
        <extensions>
          <ns3:TrackPointExtension>
            <ns3:hr>94</ns3:hr>
            <ns3:cad>56</ns3:cad>
          </ns3:TrackPointExtension>
        </extensions>
      </trkpt>
      <trkpt lat="42.58964988403022289276123046875" lon="-5.56245231069624423980712890625">
        <ele>820.4000244140625</ele>
        <time>2025-10-03T06:17:25.000Z</time>
        <extensions>
          <ns3:TrackPointExtension>
            <ns3:hr>96</ns3:hr>
            <ns3:cad>55</ns3:cad>
          </ns3:TrackPointExtension>
        </extensions>
      </trkpt>
      <trkpt lat="42.5897238962352275848388671875" lon="-5.5625160969793796539306640625">
        <ele>820.4000244140625</ele>
        <time>2025-10-03T06:17:33.000Z</time>
        <extensions>
          <ns3:TrackPointExtension>
            <ns3:hr>95</ns3:hr>
            <ns3:cad>55</ns3:cad>
          </ns3:TrackPointExtension>
        </extensions>
      </trkpt>
      <trkpt lat="42.58979321457445621490478515625" lon="-5.56253680028021335601806640625">
        <ele>820.4000244140625</ele>
        <time>2025-10-03T06:17:41.000Z</time>
        <extensions>
          <ns3:TrackPointExtension>
            <ns3:hr>95</ns3:hr>
            <ns3:cad>55</ns3:cad>
          </ns3:TrackPointExtension>
        </extensions>
      </trkpt>
      <trkpt lat="42.5899220444262027740478515625" lon="-5.56256362237036228179931640625">
        <ele>820.20001220703125</ele>
        <time>2025-10-03T06:17:49.000Z</time>
        <extensions>
          <ns3:TrackPointExtension>
            <ns3:hr>94</ns3:hr>
            <ns3:cad>56</ns3:cad>
          </ns3:TrackPointExtension>
        </extensions>
      </trkpt>
      <trkpt lat="42.58997795172035694122314453125" lon="-5.5625935457646846771240234375">
        <ele>820.4000244140625</ele>
        <time>2025-10-03T06:17:56.000Z</time>
        <extensions>
          <ns3:TrackPointExtension>
            <ns3:hr>94</ns3:hr>
            <ns3:cad>56</ns3:cad>
          </ns3:TrackPointExtension>
        </extensions>
      </trkpt>
      <trkpt lat="42.5900531373918056488037109375" lon="-5.56266210973262786865234375">
        <ele>820.20001220703125</ele>
        <time>2025-10-03T06:18:03.000Z</time>
        <extensions>
          <ns3:TrackPointExtension>
            <ns3:hr>93</ns3:hr>
            <ns3:cad>56</ns3:cad>
          </ns3:TrackPointExtension>
        </extensions>
      </trkpt>
      <trkpt lat="42.5900705717504024505615234375" lon="-5.56266956962645053863525390625">
        <ele>820.20001220703125</ele>
        <time>2025-10-03T06:18:04.000Z</time>
        <extensions>
          <ns3:TrackPointExtension>
            <ns3:hr>94</ns3:hr>
            <ns3:cad>56</ns3:cad>
          </ns3:TrackPointExtension>
        </extensions>
      </trkpt>
      <trkpt lat="42.59012580849230289459228515625" lon="-5.56271374225616455078125">
        <ele>820.20001220703125</ele>
        <time>2025-10-03T06:18:10.000Z</time>
        <extensions>
          <ns3:TrackPointExtension>
            <ns3:hr>93</ns3:hr>
            <ns3:cad>56</ns3:cad>
          </ns3:TrackPointExtension>
        </extensions>
      </trkpt>
      <trkpt lat="42.5901701487600803375244140625" lon="-5.562783144414424896240234375">
        <ele>820.20001220703125</ele>
        <time>2025-10-03T06:18:16.000Z</time>
        <extensions>
          <ns3:TrackPointExtension>
            <ns3:hr>93</ns3:hr>
            <ns3:cad>56</ns3:cad>
          </ns3:TrackPointExtension>
        </extensions>
      </trkpt>
      <trkpt lat="42.5902269780635833740234375" lon="-5.5628178454935550689697265625">
        <ele>820</ele>
        <time>2025-10-03T06:18:22.000Z</time>
        <extensions>
          <ns3:TrackPointExtension>
            <ns3:hr>90</ns3:hr>
            <ns3:cad>56</ns3:cad>
          </ns3:TrackPointExtension>
        </extensions>
      </trkpt>
      <trkpt lat="42.59025606326758861541748046875" lon="-5.562830083072185516357421875">
        <ele>820.20001220703125</ele>
        <time>2025-10-03T06:18:24.000Z</time>
        <extensions>
          <ns3:TrackPointExtension>
            <ns3:hr>89</ns3:hr>
            <ns3:cad>57</ns3:cad>
          </ns3:TrackPointExtension>
        </extensions>
      </trkpt>
      <trkpt lat="42.5903408043086528778076171875" lon="-5.562906526029109954833984375">
        <ele>820</ele>
        <time>2025-10-03T06:18:32.000Z</time>
        <extensions>
          <ns3:TrackPointExtension>
            <ns3:hr>89</ns3:hr>
            <ns3:cad>57</ns3:cad>
          </ns3:TrackPointExtension>
        </extensions>
      </trkpt>
      <trkpt lat="42.59042168967425823211669921875" lon="-5.5629833042621612548828125">
        <ele>820</ele>
        <time>2025-10-03T06:18:41.000Z</time>
        <extensions>
          <ns3:TrackPointExtension>
            <ns3:hr>89</ns3:hr>
            <ns3:cad>56</ns3:cad>
          </ns3:TrackPointExtension>
        </extensions>
      </trkpt>
      <trkpt lat="42.59049176238477230072021484375" lon="-5.5631035007536411285400390625">
        <ele>820.20001220703125</ele>
        <time>2025-10-03T06:18:47.000Z</time>
        <extensions>
          <ns3:TrackPointExtension>
            <ns3:hr>88</ns3:hr>
            <ns3:cad>57</ns3:cad>
          </ns3:TrackPointExtension>
        </extensions>
      </trkpt>
      <trkpt lat="42.5905094482004642486572265625" lon="-5.56326217018067836761474609375">
        <ele>819.79998779296875</ele>
        <time>2025-10-03T06:18:53.000Z</time>
        <extensions>
          <ns3:TrackPointExtension>
            <ns3:hr>90</ns3:hr>
            <ns3:cad>58</ns3:cad>
          </ns3:TrackPointExtension>
        </extensions>
      </trkpt>
      <trkpt lat="42.5905198417603969573974609375" lon="-5.56331112049520015716552734375">
        <ele>820</ele>
        <time>2025-10-03T06:19:00.000Z</time>
        <extensions>
          <ns3:TrackPointExtension>
            <ns3:hr>90</ns3:hr>
            <ns3:cad>57</ns3:cad>
          </ns3:TrackPointExtension>
        </extensions>
      </trkpt>
      <trkpt lat="42.5905614160001277923583984375" lon="-5.5633239448070526123046875">
        <ele>819.79998779296875</ele>
        <time>2025-10-03T06:19:06.000Z</time>
        <extensions>
          <ns3:TrackPointExtension>
            <ns3:hr>89</ns3:hr>
            <ns3:cad>57</ns3:cad>
          </ns3:TrackPointExtension>
        </extensions>
      </trkpt>
      <trkpt lat="42.590633332729339599609375" lon="-5.5634391121566295623779296875">
        <ele>820</ele>
        <time>2025-10-03T06:19:13.000Z</time>
        <extensions>
          <ns3:TrackPointExtension>
            <ns3:hr>88</ns3:hr>
            <ns3:cad>53</ns3:cad>
          </ns3:TrackPointExtension>
        </extensions>
      </trkpt>
      <trkpt lat="42.59071522392332553863525390625" lon="-5.56359107606112957000732421875">
        <ele>820.20001220703125</ele>
        <time>2025-10-03T06:19:23.000Z</time>
        <extensions>
          <ns3:TrackPointExtension>
            <ns3:hr>88</ns3:hr>
            <ns3:cad>56</ns3:cad>
          </ns3:TrackPointExtension>
        </extensions>
      </trkpt>
      <trkpt lat="42.5907702930271625518798828125" lon="-5.56366148404777050018310546875">
        <ele>820.20001220703125</ele>
        <time>2025-10-03T06:19:29.000Z</time>
        <extensions>
          <ns3:TrackPointExtension>
            <ns3:hr>89</ns3:hr>
            <ns3:cad>56</ns3:cad>
          </ns3:TrackPointExtension>
        </extensions>
      </trkpt>
      <trkpt lat="42.59081513620913028717041015625" lon="-5.5637656711041927337646484375">
        <ele>819.79998779296875</ele>
        <time>2025-10-03T06:19:36.000Z</time>
        <extensions>
          <ns3:TrackPointExtension>
            <ns3:hr>89</ns3:hr>
            <ns3:cad>56</ns3:cad>
          </ns3:TrackPointExtension>
        </extensions>
      </trkpt>
      <trkpt lat="42.590844221413135528564453125" lon="-5.56384722702205181121826171875">
        <ele>820</ele>
        <time>2025-10-03T06:19:43.000Z</time>
        <extensions>
          <ns3:TrackPointExtension>
            <ns3:hr>88</ns3:hr>
            <ns3:cad>56</ns3:cad>
          </ns3:TrackPointExtension>
        </extensions>
      </trkpt>
      <trkpt lat="42.59092460386455059051513671875" lon="-5.56389969773590564727783203125">
        <ele>820</ele>
        <time>2025-10-03T06:19:49.000Z</time>
        <extensions>
          <ns3:TrackPointExtension>
            <ns3:hr>88</ns3:hr>
            <ns3:cad>56</ns3:cad>
          </ns3:TrackPointExtension>
        </extensions>
      </trkpt>
      <trkpt lat="42.590972296893596649169921875" lon="-5.56396474130451679229736328125">
        <ele>820</ele>
        <time>2025-10-03T06:19:55.000Z</time>
        <extensions>
          <ns3:TrackPointExtension>
            <ns3:hr>89</ns3:hr>
            <ns3:cad>56</ns3:cad>
          </ns3:TrackPointExtension>
        </extensions>
      </trkpt>
      <trkpt lat="42.59104664437472820281982421875" lon="-5.5640902183949947357177734375">
        <ele>819.79998779296875</ele>
        <time>2025-10-03T06:20:05.000Z</time>
        <extensions>
          <ns3:TrackPointExtension>
            <ns3:hr>92</ns3:hr>
            <ns3:cad>57</ns3:cad>
          </ns3:TrackPointExtension>
        </extensions>
      </trkpt>
      <trkpt lat="42.591116465628147125244140625" lon="-5.5641582794487476348876953125">
        <ele>819.79998779296875</ele>
        <time>2025-10-03T06:20:13.000Z</time>
        <extensions>
          <ns3:TrackPointExtension>
            <ns3:hr>92</ns3:hr>
            <ns3:cad>56</ns3:cad>
          </ns3:TrackPointExtension>
        </extensions>
      </trkpt>
      <trkpt lat="42.59118653833866119384765625" lon="-5.5642464570701122283935546875">
        <ele>820</ele>
        <time>2025-10-03T06:20:22.000Z</time>
        <extensions>
          <ns3:TrackPointExtension>
            <ns3:hr>91</ns3:hr>
            <ns3:cad>56</ns3:cad>
          </ns3:TrackPointExtension>
        </extensions>
      </trkpt>
      <trkpt lat="42.59123020805418491363525390625" lon="-5.56433983147144317626953125">
        <ele>820</ele>
        <time>2025-10-03T06:20:29.000Z</time>
        <extensions>
          <ns3:TrackPointExtension>
            <ns3:hr>91</ns3:hr>
            <ns3:cad>54</ns3:cad>
          </ns3:TrackPointExtension>
        </extensions>
      </trkpt>
      <trkpt lat="42.59126390330493450164794921875" lon="-5.56441836990416049957275390625">
        <ele>819.79998779296875</ele>
        <time>2025-10-03T06:20:35.000Z</time>
        <extensions>
          <ns3:TrackPointExtension>
            <ns3:hr>92</ns3:hr>
            <ns3:cad>55</ns3:cad>
          </ns3:TrackPointExtension>
        </extensions>
      </trkpt>
      <trkpt lat="42.591339759528636932373046875" lon="-5.56452490389347076416015625">
        <ele>820</ele>
        <time>2025-10-03T06:20:45.000Z</time>
        <extensions>
          <ns3:TrackPointExtension>
            <ns3:hr>93</ns3:hr>
            <ns3:cad>56</ns3:cad>
          </ns3:TrackPointExtension>
        </extensions>
      </trkpt>
      <trkpt lat="42.59138644672930240631103515625" lon="-5.5645857565104961395263671875">
        <ele>819.79998779296875</ele>
        <time>2025-10-03T06:20:51.000Z</time>
        <extensions>
          <ns3:TrackPointExtension>
            <ns3:hr>94</ns3:hr>
            <ns3:cad>57</ns3:cad>
          </ns3:TrackPointExtension>
        </extensions>
      </trkpt>
      <trkpt lat="42.59145434014499187469482421875" lon="-5.56466077454388141632080078125">
        <ele>819.79998779296875</ele>
        <time>2025-10-03T06:20:57.000Z</time>
        <extensions>
          <ns3:TrackPointExtension>
            <ns3:hr>94</ns3:hr>
            <ns3:cad>57</ns3:cad>
          </ns3:TrackPointExtension>
        </extensions>
      </trkpt>
      <trkpt lat="42.59149105288088321685791015625" lon="-5.56475264020264148712158203125">
        <ele>820</ele>
        <time>2025-10-03T06:21:04.000Z</time>
        <extensions>
          <ns3:TrackPointExtension>
            <ns3:hr>94</ns3:hr>
            <ns3:cad>56</ns3:cad>
          </ns3:TrackPointExtension>
        </extensions>
      </trkpt>
      <trkpt lat="42.5915565155446529388427734375" lon="-5.56486227549612522125244140625">
        <ele>819.79998779296875</ele>
        <time>2025-10-03T06:21:12.000Z</time>
        <extensions>
          <ns3:TrackPointExtension>
            <ns3:hr>93</ns3:hr>
            <ns3:cad>57</ns3:cad>
          </ns3:TrackPointExtension>
        </extensions>
      </trkpt>
      <trkpt lat="42.591671682894229888916015625" lon="-5.56494332849979400634765625">
        <ele>819.79998779296875</ele>
        <time>2025-10-03T06:21:22.000Z</time>
        <extensions>
          <ns3:TrackPointExtension>
            <ns3:hr>93</ns3:hr>
            <ns3:cad>56</ns3:cad>
          </ns3:TrackPointExtension>
        </extensions>
      </trkpt>
      <trkpt lat="42.5917788036167621612548828125" lon="-5.564997978508472442626953125">
        <ele>819.5999755859375</ele>
        <time>2025-10-03T06:21:31.000Z</time>
        <extensions>
          <ns3:TrackPointExtension>
            <ns3:hr>91</ns3:hr>
            <ns3:cad>56</ns3:cad>
          </ns3:TrackPointExtension>
        </extensions>
      </trkpt>
      <trkpt lat="42.5918619520962238311767578125" lon="-5.56508682668209075927734375">
        <ele>819.5999755859375</ele>
        <time>2025-10-03T06:21:40.000Z</time>
        <extensions>
          <ns3:TrackPointExtension>
            <ns3:hr>90</ns3:hr>
            <ns3:cad>56</ns3:cad>
          </ns3:TrackPointExtension>
        </extensions>
      </trkpt>
      <trkpt lat="42.59188885800540447235107421875" lon="-5.56515497155487537384033203125">
        <ele>819.5999755859375</ele>
        <time>2025-10-03T06:21:45.000Z</time>
        <extensions>
          <ns3:TrackPointExtension>
            <ns3:hr>91</ns3:hr>
            <ns3:cad>57</ns3:cad>
          </ns3:TrackPointExtension>
        </extensions>
      </trkpt>
      <trkpt lat="42.59189522825181484222412109375" lon="-5.56516058743000030517578125">
        <ele>819.5999755859375</ele>
        <time>2025-10-03T06:21:47.000Z</time>
        <extensions>
          <ns3:TrackPointExtension>
            <ns3:hr>91</ns3:hr>
            <ns3:cad>57</ns3:cad>
          </ns3:TrackPointExtension>
        </extensions>
      </trkpt>
      <trkpt lat="42.59190830402076244354248046875" lon="-5.56515061296522617340087890625">
        <ele>819.4000244140625</ele>
        <time>2025-10-03T06:21:50.000Z</time>
        <extensions>
          <ns3:TrackPointExtension>
            <ns3:hr>91</ns3:hr>
            <ns3:cad>51</ns3:cad>
          </ns3:TrackPointExtension>
        </extensions>
      </trkpt>
      <trkpt lat="42.59194384329020977020263671875" lon="-5.5651496909558773040771484375">
        <ele>819.4000244140625</ele>
        <time>2025-10-03T06:21:56.000Z</time>
        <extensions>
          <ns3:TrackPointExtension>
            <ns3:hr>92</ns3:hr>
            <ns3:cad>58</ns3:cad>
          </ns3:TrackPointExtension>
        </extensions>
      </trkpt>
      <trkpt lat="42.59198541752994060516357421875" lon="-5.56517140008509159088134765625">
        <ele>819.4000244140625</ele>
        <time>2025-10-03T06:22:02.000Z</time>
        <extensions>
          <ns3:TrackPointExtension>
            <ns3:hr>93</ns3:hr>
            <ns3:cad>57</ns3:cad>
          </ns3:TrackPointExtension>
        </extensions>
      </trkpt>
      <trkpt lat="42.59201978333294391632080078125" lon="-5.565236024558544158935546875">
        <ele>819.4000244140625</ele>
        <time>2025-10-03T06:22:08.000Z</time>
        <extensions>
          <ns3:TrackPointExtension>
            <ns3:hr>94</ns3:hr>
            <ns3:cad>56</ns3:cad>
          </ns3:TrackPointExtension>
        </extensions>
      </trkpt>
      <trkpt lat="42.59208231233060359954833984375" lon="-5.56539000011980533599853515625">
        <ele>819.4000244140625</ele>
        <time>2025-10-03T06:22:19.000Z</time>
        <extensions>
          <ns3:TrackPointExtension>
            <ns3:hr>94</ns3:hr>
            <ns3:cad>57</ns3:cad>
          </ns3:TrackPointExtension>
        </extensions>
      </trkpt>
      <trkpt lat="42.59213260374963283538818359375" lon="-5.56550080887973308563232421875">
        <ele>819.4000244140625</ele>
        <time>2025-10-03T06:22:27.000Z</time>
        <extensions>
          <ns3:TrackPointExtension>
            <ns3:hr>94</ns3:hr>
            <ns3:cad>57</ns3:cad>
          </ns3:TrackPointExtension>
        </extensions>
      </trkpt>
      <trkpt lat="42.59217870421707630157470703125" lon="-5.565630309283733367919921875">
        <ele>819.4000244140625</ele>
        <time>2025-10-03T06:22:36.000Z</time>
        <extensions>
          <ns3:TrackPointExtension>
            <ns3:hr>93</ns3:hr>
            <ns3:cad>56</ns3:cad>
          </ns3:TrackPointExtension>
        </extensions>
      </trkpt>
      <trkpt lat="42.59221826680004596710205078125" lon="-5.565761737525463104248046875">
        <ele>819.20001220703125</ele>
        <time>2025-10-03T06:22:44.000Z</time>
        <extensions>
          <ns3:TrackPointExtension>
            <ns3:hr>93</ns3:hr>
            <ns3:cad>57</ns3:cad>
          </ns3:TrackPointExtension>
        </extensions>
      </trkpt>
      <trkpt lat="42.59226302616298198699951171875" lon="-5.56586357764899730682373046875">
        <ele>819.4000244140625</ele>
        <time>2025-10-03T06:22:52.000Z</time>
        <extensions>
          <ns3:TrackPointExtension>
            <ns3:hr>92</ns3:hr>
            <ns3:cad>57</ns3:cad>
          </ns3:TrackPointExtension>
        </extensions>
      </trkpt>
      <trkpt lat="42.592360675334930419921875" lon="-5.56597338058054447174072265625">
        <ele>819.20001220703125</ele>
        <time>2025-10-03T06:23:01.000Z</time>
        <extensions>
          <ns3:TrackPointExtension>
            <ns3:hr>92</ns3:hr>
            <ns3:cad>57</ns3:cad>
          </ns3:TrackPointExtension>
        </extensions>
      </trkpt>
      <trkpt lat="42.592371404170989990234375" lon="-5.5660150386393070220947265625">
        <ele>819.20001220703125</ele>
        <time>2025-10-03T06:23:04.000Z</time>
        <extensions>
          <ns3:TrackPointExtension>
            <ns3:hr>92</ns3:hr>
            <ns3:cad>58</ns3:cad>
          </ns3:TrackPointExtension>
        </extensions>
      </trkpt>
      <trkpt lat="42.59239043109118938446044921875" lon="-5.56608553044497966766357421875">
        <ele>819</ele>
        <time>2025-10-03T06:23:08.000Z</time>
        <extensions>
          <ns3:TrackPointExtension>
            <ns3:hr>92</ns3:hr>
            <ns3:cad>57</ns3:cad>
          </ns3:TrackPointExtension>
        </extensions>
      </trkpt>
      <trkpt lat="42.5924517028033733367919921875" lon="-5.56617270223796367645263671875">
        <ele>819.20001220703125</ele>
        <time>2025-10-03T06:23:16.000Z</time>
        <extensions>
          <ns3:TrackPointExtension>
            <ns3:hr>91</ns3:hr>
            <ns3:cad>56</ns3:cad>
          </ns3:TrackPointExtension>
        </extensions>
      </trkpt>
      <trkpt lat="42.59252705611288547515869140625" lon="-5.56631905026733875274658203125">
        <ele>819.20001220703125</ele>
        <time>2025-10-03T06:23:26.000Z</time>
        <extensions>
          <ns3:TrackPointExtension>
            <ns3:hr>91</ns3:hr>
            <ns3:cad>57</ns3:cad>
          </ns3:TrackPointExtension>
        </extensions>
      </trkpt>
      <trkpt lat="42.59257365949451923370361328125" lon="-5.5664438568055629730224609375">
        <ele>819.20001220703125</ele>
        <time>2025-10-03T06:23:34.000Z</time>
        <extensions>
          <ns3:TrackPointExtension>
            <ns3:hr>90</ns3:hr>
            <ns3:cad>56</ns3:cad>
          </ns3:TrackPointExtension>
        </extensions>
      </trkpt>
      <trkpt lat="42.5926066003739833831787109375" lon="-5.56657972745597362518310546875">
        <ele>819.20001220703125</ele>
        <time>2025-10-03T06:23:42.000Z</time>
        <extensions>
          <ns3:TrackPointExtension>
            <ns3:hr>89</ns3:hr>
            <ns3:cad>57</ns3:cad>
          </ns3:TrackPointExtension>
        </extensions>
      </trkpt>
      <trkpt lat="42.59267658926546573638916015625" lon="-5.56667595170438289642333984375">
        <ele>819</ele>
        <time>2025-10-03T06:23:51.000Z</time>
        <extensions>
          <ns3:TrackPointExtension>
            <ns3:hr>90</ns3:hr>
            <ns3:cad>57</ns3:cad>
          </ns3:TrackPointExtension>
        </extensions>
      </trkpt>
      <trkpt lat="42.592741549015045166015625" lon="-5.56677519343793392181396484375">
        <ele>819</ele>
        <time>2025-10-03T06:23:59.000Z</time>
        <extensions>
          <ns3:TrackPointExtension>
            <ns3:hr>90</ns3:hr>
            <ns3:cad>57</ns3:cad>
          </ns3:TrackPointExtension>
        </extensions>
      </trkpt>
      <trkpt lat="42.59284925647079944610595703125" lon="-5.566828586161136627197265625">
        <ele>819</ele>
        <time>2025-10-03T06:24:07.000Z</time>
        <extensions>
          <ns3:TrackPointExtension>
            <ns3:hr>90</ns3:hr>
            <ns3:cad>57</ns3:cad>
          </ns3:TrackPointExtension>
        </extensions>
      </trkpt>
      <trkpt lat="42.59292771108448505401611328125" lon="-5.56690670549869537353515625">
        <ele>819.20001220703125</ele>
        <time>2025-10-03T06:24:16.000Z</time>
        <extensions>
          <ns3:TrackPointExtension>
            <ns3:hr>92</ns3:hr>
            <ns3:cad>56</ns3:cad>
          </ns3:TrackPointExtension>
        </extensions>
      </trkpt>
      <trkpt lat="42.59297766722738742828369140625" lon="-5.56705447845160961151123046875">
        <ele>819.20001220703125</ele>
        <time>2025-10-03T06:24:25.000Z</time>
        <extensions>
          <ns3:TrackPointExtension>
            <ns3:hr>93</ns3:hr>
            <ns3:cad>56</ns3:cad>
          </ns3:TrackPointExtension>
        </extensions>
      </trkpt>
      <trkpt lat="42.59305209852755069732666015625" lon="-5.56715858168900012969970703125">
        <ele>819.20001220703125</ele>
        <time>2025-10-03T06:24:35.000Z</time>
        <extensions>
          <ns3:TrackPointExtension>
            <ns3:hr>93</ns3:hr>
            <ns3:cad>56</ns3:cad>
          </ns3:TrackPointExtension>
        </extensions>
      </trkpt>
      <trkpt lat="42.59311630390584468841552734375" lon="-5.56725941598415374755859375">
        <ele>819.4000244140625</ele>
        <time>2025-10-03T06:24:43.000Z</time>
        <extensions>
          <ns3:TrackPointExtension>
            <ns3:hr>92</ns3:hr>
            <ns3:cad>57</ns3:cad>
          </ns3:TrackPointExtension>
        </extensions>
      </trkpt>
      <trkpt lat="42.59318905882537364959716796875" lon="-5.56733024306595325469970703125">
        <ele>819.4000244140625</ele>
        <time>2025-10-03T06:24:51.000Z</time>
        <extensions>
          <ns3:TrackPointExtension>
            <ns3:hr>92</ns3:hr>
            <ns3:cad>57</ns3:cad>
          </ns3:TrackPointExtension>
        </extensions>
      </trkpt>
      <trkpt lat="42.59329115040600299835205078125" lon="-5.5674466677010059356689453125">
        <ele>819.4000244140625</ele>
        <time>2025-10-03T06:25:02.000Z</time>
        <extensions>
          <ns3:TrackPointExtension>
            <ns3:hr>91</ns3:hr>
            <ns3:cad>57</ns3:cad>
          </ns3:TrackPointExtension>
        </extensions>
      </trkpt>
      <trkpt lat="42.59334546513855457305908203125" lon="-5.56754632852971553802490234375">
        <ele>819.4000244140625</ele>
        <time>2025-10-03T06:25:11.000Z</time>
        <extensions>
          <ns3:TrackPointExtension>
            <ns3:hr>90</ns3:hr>
            <ns3:cad>57</ns3:cad>
          </ns3:TrackPointExtension>
        </extensions>
      </trkpt>
      <trkpt lat="42.59342106990516185760498046875" lon="-5.56767381727695465087890625">
        <ele>819.5999755859375</ele>
        <time>2025-10-03T06:25:19.000Z</time>
        <extensions>
          <ns3:TrackPointExtension>
            <ns3:hr>87</ns3:hr>
            <ns3:cad>56</ns3:cad>
          </ns3:TrackPointExtension>
        </extensions>
      </trkpt>
      <trkpt lat="42.593429200351238250732421875" lon="-5.5676843784749507904052734375">
        <ele>819.5999755859375</ele>
        <time>2025-10-03T06:25:20.000Z</time>
        <extensions>
          <ns3:TrackPointExtension>
            <ns3:hr>87</ns3:hr>
            <ns3:cad>56</ns3:cad>
          </ns3:TrackPointExtension>
        </extensions>
      </trkpt>
      <trkpt lat="42.59345694445073604583740234375" lon="-5.56769485585391521453857421875">
        <ele>819.5999755859375</ele>
        <time>2025-10-03T06:25:23.000Z</time>
        <extensions>
          <ns3:TrackPointExtension>
            <ns3:hr>87</ns3:hr>
            <ns3:cad>56</ns3:cad>
          </ns3:TrackPointExtension>
        </extensions>
      </trkpt>
      <trkpt lat="42.59348678402602672576904296875" lon="-5.5676736496388912200927734375">
        <ele>819.5999755859375</ele>
        <time>2025-10-03T06:25:27.000Z</time>
        <extensions>
          <ns3:TrackPointExtension>
            <ns3:hr>88</ns3:hr>
            <ns3:cad>0</ns3:cad>
          </ns3:TrackPointExtension>
        </extensions>
      </trkpt>
      <trkpt lat="42.59354713372886180877685546875" lon="-5.56772410869598388671875">
        <ele>819.5999755859375</ele>
        <time>2025-10-03T06:25:33.000Z</time>
        <extensions>
          <ns3:TrackPointExtension>
            <ns3:hr>88</ns3:hr>
            <ns3:cad>56</ns3:cad>
          </ns3:TrackPointExtension>
        </extensions>
      </trkpt>
      <trkpt lat="42.59360848926007747650146484375" lon="-5.5678168125450611114501953125">
        <ele>819.5999755859375</ele>
        <time>2025-10-03T06:25:41.000Z</time>
        <extensions>
          <ns3:TrackPointExtension>
            <ns3:hr>87</ns3:hr>
            <ns3:cad>56</ns3:cad>
          </ns3:TrackPointExtension>
        </extensions>
      </trkpt>
      <trkpt lat="42.59370110929012298583984375" lon="-5.56792049668729305267333984375">
        <ele>820</ele>
        <time>2025-10-03T06:25:51.000Z</time>
        <extensions>
          <ns3:TrackPointExtension>
            <ns3:hr>87</ns3:hr>
            <ns3:cad>56</ns3:cad>
          </ns3:TrackPointExtension>
        </extensions>
      </trkpt>
      <trkpt lat="42.59378828108310699462890625" lon="-5.56794337928295135498046875">
        <ele>820</ele>
        <time>2025-10-03T06:25:58.000Z</time>
        <extensions>
          <ns3:TrackPointExtension>
            <ns3:hr>85</ns3:hr>
            <ns3:cad>56</ns3:cad>
          </ns3:TrackPointExtension>
        </extensions>
      </trkpt>
      <trkpt lat="42.5938494689762592315673828125" lon="-5.568036921322345733642578125">
        <ele>820</ele>
        <time>2025-10-03T06:26:07.000Z</time>
        <extensions>
          <ns3:TrackPointExtension>
            <ns3:hr>85</ns3:hr>
            <ns3:cad>55</ns3:cad>
          </ns3:TrackPointExtension>
        </extensions>
      </trkpt>
      <trkpt lat="42.5939000956714153289794921875" lon="-5.56809400208294391632080078125">
        <ele>820.20001220703125</ele>
        <time>2025-10-03T06:26:13.000Z</time>
        <extensions>
          <ns3:TrackPointExtension>
            <ns3:hr>84</ns3:hr>
            <ns3:cad>53</ns3:cad>
          </ns3:TrackPointExtension>
        </extensions>
      </trkpt>
      <trkpt lat="42.59391979314386844635009765625" lon="-5.56813121773302555084228515625">
        <ele>820.4000244140625</ele>
        <time>2025-10-03T06:26:16.000Z</time>
        <extensions>
          <ns3:TrackPointExtension>
            <ns3:hr>83</ns3:hr>
            <ns3:cad>55</ns3:cad>
          </ns3:TrackPointExtension>
        </extensions>
      </trkpt>
      <trkpt lat="42.5939820706844329833984375" lon="-5.56824403814971446990966796875">
        <ele>820.5999755859375</ele>
        <time>2025-10-03T06:26:24.000Z</time>
        <extensions>
          <ns3:TrackPointExtension>
            <ns3:hr>84</ns3:hr>
            <ns3:cad>55</ns3:cad>
          </ns3:TrackPointExtension>
        </extensions>
      </trkpt>
      <trkpt lat="42.5940425880253314971923828125" lon="-5.56830740533769130706787109375">
        <ele>820.79998779296875</ele>
        <time>2025-10-03T06:26:31.000Z</time>
        <extensions>
          <ns3:TrackPointExtension>
            <ns3:hr>86</ns3:hr>
            <ns3:cad>55</ns3:cad>
          </ns3:TrackPointExtension>
        </extensions>
      </trkpt>
      <trkpt lat="42.5941295921802520751953125" lon="-5.5683720298111438751220703125">
        <ele>821</ele>
        <time>2025-10-03T06:26:39.000Z</time>
        <extensions>
          <ns3:TrackPointExtension>
            <ns3:hr>86</ns3:hr>
            <ns3:cad>55</ns3:cad>
          </ns3:TrackPointExtension>
        </extensions>
      </trkpt>
      <trkpt lat="42.594184912741184234619140625" lon="-5.5684313736855983734130859375">
        <ele>821.20001220703125</ele>
        <time>2025-10-03T06:26:46.000Z</time>
        <extensions>
          <ns3:TrackPointExtension>
            <ns3:hr>86</ns3:hr>
            <ns3:cad>55</ns3:cad>
          </ns3:TrackPointExtension>
        </extensions>
      </trkpt>
      <trkpt lat="42.59420192800462245941162109375" lon="-5.56847303174436092376708984375">
        <ele>821.20001220703125</ele>
        <time>2025-10-03T06:26:49.000Z</time>
        <extensions>
          <ns3:TrackPointExtension>
            <ns3:hr>85</ns3:hr>
            <ns3:cad>56</ns3:cad>
          </ns3:TrackPointExtension>
        </extensions>
      </trkpt>
      <trkpt lat="42.59424626827239990234375" lon="-5.56853606365621089935302734375">
        <ele>821.5999755859375</ele>
        <time>2025-10-03T06:26:54.000Z</time>
        <extensions>
          <ns3:TrackPointExtension>
            <ns3:hr>86</ns3:hr>
            <ns3:cad>55</ns3:cad>
          </ns3:TrackPointExtension>
        </extensions>
      </trkpt>
      <trkpt lat="42.5943483598530292510986328125" lon="-5.5686110816895961761474609375">
        <ele>821.5999755859375</ele>
        <time>2025-10-03T06:27:03.000Z</time>
        <extensions>
          <ns3:TrackPointExtension>
            <ns3:hr>87</ns3:hr>
            <ns3:cad>56</ns3:cad>
          </ns3:TrackPointExtension>
        </extensions>
      </trkpt>
      <trkpt lat="42.5944031774997711181640625" lon="-5.56865952908992767333984375">
        <ele>821.79998779296875</ele>
        <time>2025-10-03T06:27:10.000Z</time>
        <extensions>
          <ns3:TrackPointExtension>
            <ns3:hr>89</ns3:hr>
            <ns3:cad>56</ns3:cad>
          </ns3:TrackPointExtension>
        </extensions>
      </trkpt>
      <trkpt lat="42.59446822106838226318359375" lon="-5.568732954561710357666015625">
        <ele>822.20001220703125</ele>
        <time>2025-10-03T06:27:17.000Z</time>
        <extensions>
          <ns3:TrackPointExtension>
            <ns3:hr>88</ns3:hr>
            <ns3:cad>55</ns3:cad>
          </ns3:TrackPointExtension>
        </extensions>
      </trkpt>
      <trkpt lat="42.59450367651879787445068359375" lon="-5.56878626346588134765625">
        <ele>822.20001220703125</ele>
        <time>2025-10-03T06:27:22.000Z</time>
        <extensions>
          <ns3:TrackPointExtension>
            <ns3:hr>88</ns3:hr>
            <ns3:cad>55</ns3:cad>
          </ns3:TrackPointExtension>
        </extensions>
      </trkpt>
      <trkpt lat="42.5945324264466762542724609375" lon="-5.568810738623142242431640625">
        <ele>822.4000244140625</ele>
        <time>2025-10-03T06:27:25.000Z</time>
        <extensions>
          <ns3:TrackPointExtension>
            <ns3:hr>88</ns3:hr>
            <ns3:cad>55</ns3:cad>
          </ns3:TrackPointExtension>
        </extensions>
      </trkpt>
      <trkpt lat="42.59458816610276699066162109375" lon="-5.56884133256971836090087890625">
        <ele>822.5999755859375</ele>
        <time>2025-10-03T06:27:32.000Z</time>
        <extensions>
          <ns3:TrackPointExtension>
            <ns3:hr>88</ns3:hr>
            <ns3:cad>54</ns3:cad>
          </ns3:TrackPointExtension>
        </extensions>
      </trkpt>
      <trkpt lat="42.5946138985455036163330078125" lon="-5.56889916770160198211669921875">
        <ele>822.5999755859375</ele>
        <time>2025-10-03T06:27:38.000Z</time>
        <extensions>
          <ns3:TrackPointExtension>
            <ns3:hr>88</ns3:hr>
            <ns3:cad>53</ns3:cad>
          </ns3:TrackPointExtension>
        </extensions>
      </trkpt>
      <trkpt lat="42.59470333345234394073486328125" lon="-5.56899656541645526885986328125">
        <ele>823</ele>
        <time>2025-10-03T06:27:47.000Z</time>
        <extensions>
          <ns3:TrackPointExtension>
            <ns3:hr>88</ns3:hr>
            <ns3:cad>55</ns3:cad>
          </ns3:TrackPointExtension>
        </extensions>
      </trkpt>
      <trkpt lat="42.5947543792426586151123046875" lon="-5.56902891956269741058349609375">
        <ele>823.4000244140625</ele>
        <time>2025-10-03T06:27:51.000Z</time>
        <extensions>
          <ns3:TrackPointExtension>
            <ns3:hr>88</ns3:hr>
            <ns3:cad>55</ns3:cad>
          </ns3:TrackPointExtension>
        </extensions>
      </trkpt>
      <trkpt lat="42.59480576030910015106201171875" lon="-5.56904417462646961212158203125">
        <ele>823.4000244140625</ele>
        <time>2025-10-03T06:27:55.000Z</time>
        <extensions>
          <ns3:TrackPointExtension>
            <ns3:hr>89</ns3:hr>
            <ns3:cad>55</ns3:cad>
          </ns3:TrackPointExtension>
        </extensions>
      </trkpt>
      <trkpt lat="42.5948752462863922119140625" lon="-5.56911391206085681915283203125">
        <ele>823.79998779296875</ele>
        <time>2025-10-03T06:28:04.000Z</time>
        <extensions>
          <ns3:TrackPointExtension>
            <ns3:hr>90</ns3:hr>
            <ns3:cad>54</ns3:cad>
          </ns3:TrackPointExtension>
        </extensions>
      </trkpt>
      <trkpt lat="42.5949092768132686614990234375" lon="-5.5691362917423248291015625">
        <ele>824.4000244140625</ele>
        <time>2025-10-03T06:28:10.000Z</time>
        <extensions>
          <ns3:TrackPointExtension>
            <ns3:hr>91</ns3:hr>
            <ns3:cad>53</ns3:cad>
          </ns3:TrackPointExtension>
        </extensions>
      </trkpt>
      <trkpt lat="42.59492930956184864044189453125" lon="-5.56914475746452808380126953125">
        <ele>824.20001220703125</ele>
        <time>2025-10-03T06:28:12.000Z</time>
        <extensions>
          <ns3:TrackPointExtension>
            <ns3:hr>92</ns3:hr>
            <ns3:cad>0</ns3:cad>
          </ns3:TrackPointExtension>
        </extensions>
      </trkpt>
      <trkpt lat="42.59500759653747081756591796875" lon="-5.56919236667454242706298828125">
        <ele>824</ele>
        <time>2025-10-03T06:28:20.000Z</time>
        <extensions>
          <ns3:TrackPointExtension>
            <ns3:hr>92</ns3:hr>
            <ns3:cad>55</ns3:cad>
          </ns3:TrackPointExtension>
        </extensions>
      </trkpt>
      <trkpt lat="42.59505906142294406890869140625" lon="-5.5692772753536701202392578125">
        <ele>824.20001220703125</ele>
        <time>2025-10-03T06:28:27.000Z</time>
        <extensions>
          <ns3:TrackPointExtension>
            <ns3:hr>92</ns3:hr>
            <ns3:cad>55</ns3:cad>
          </ns3:TrackPointExtension>
        </extensions>
      </trkpt>
      <trkpt lat="42.595139108598232269287109375" lon="-5.5693634413182735443115234375">
        <ele>824.5999755859375</ele>
        <time>2025-10-03T06:28:36.000Z</time>
        <extensions>
          <ns3:TrackPointExtension>
            <ns3:hr>91</ns3:hr>
            <ns3:cad>56</ns3:cad>
          </ns3:TrackPointExtension>
        </extensions>
      </trkpt>
      <trkpt lat="42.5951778329908847808837890625" lon="-5.56940711103379726409912109375">
        <ele>824.79998779296875</ele>
        <time>2025-10-03T06:28:44.000Z</time>
        <extensions>
          <ns3:TrackPointExtension>
            <ns3:hr>94</ns3:hr>
            <ns3:cad>0</ns3:cad>
          </ns3:TrackPointExtension>
        </extensions>
      </trkpt>
      <trkpt lat="42.59517724625766277313232421875" lon="-5.5694097094237804412841796875">
        <ele>824.79998779296875</ele>
        <time>2025-10-03T06:28:45.000Z</time>
        <extensions>
          <ns3:TrackPointExtension>
            <ns3:hr>95</ns3:hr>
            <ns3:cad>0</ns3:cad>
          </ns3:TrackPointExtension>
        </extensions>
      </trkpt>
      <trkpt lat="42.59517766535282135009765625" lon="-5.5694140680134296417236328125">
        <ele>824.5999755859375</ele>
        <time>2025-10-03T06:28:51.000Z</time>
        <extensions>
          <ns3:TrackPointExtension>
            <ns3:hr>92</ns3:hr>
            <ns3:cad>0</ns3:cad>
          </ns3:TrackPointExtension>
        </extensions>
      </trkpt>
      <trkpt lat="42.59517791680991649627685546875" lon="-5.56942664086818695068359375">
        <ele>824.5999755859375</ele>
        <time>2025-10-03T06:28:56.000Z</time>
        <extensions>
          <ns3:TrackPointExtension>
            <ns3:hr>89</ns3:hr>
            <ns3:cad>0</ns3:cad>
          </ns3:TrackPointExtension>
        </extensions>
      </trkpt>
      <trkpt lat="42.59518847800791263580322265625" lon="-5.56945757009088993072509765625">
        <ele>824.5999755859375</ele>
        <time>2025-10-03T06:29:03.000Z</time>
        <extensions>
          <ns3:TrackPointExtension>
            <ns3:hr>87</ns3:hr>
            <ns3:cad>0</ns3:cad>
          </ns3:TrackPointExtension>
        </extensions>
      </trkpt>
      <trkpt lat="42.5952582992613315582275390625" lon="-5.56951154954731464385986328125">
        <ele>824.79998779296875</ele>
        <time>2025-10-03T06:29:10.000Z</time>
        <extensions>
          <ns3:TrackPointExtension>
            <ns3:hr>87</ns3:hr>
            <ns3:cad>55</ns3:cad>
          </ns3:TrackPointExtension>
        </extensions>
      </trkpt>
      <trkpt lat="42.5953293778002262115478515625" lon="-5.56954172439873218536376953125">
        <ele>825</ele>
        <time>2025-10-03T06:29:16.000Z</time>
        <extensions>
          <ns3:TrackPointExtension>
            <ns3:hr>87</ns3:hr>
            <ns3:cad>55</ns3:cad>
          </ns3:TrackPointExtension>
        </extensions>
      </trkpt>
      <trkpt lat="42.59540297091007232666015625" lon="-5.569586567580699920654296875">
        <ele>825.20001220703125</ele>
        <time>2025-10-03T06:29:23.000Z</time>
        <extensions>
          <ns3:TrackPointExtension>
            <ns3:hr>87</ns3:hr>
            <ns3:cad>55</ns3:cad>
          </ns3:TrackPointExtension>
        </extensions>
      </trkpt>
      <trkpt lat="42.595459632575511932373046875" lon="-5.56961347348988056182861328125">
        <ele>825.20001220703125</ele>
        <time>2025-10-03T06:29:30.000Z</time>
        <extensions>
          <ns3:TrackPointExtension>
            <ns3:hr>88</ns3:hr>
            <ns3:cad>55</ns3:cad>
          </ns3:TrackPointExtension>
        </extensions>
      </trkpt>
      <trkpt lat="42.5955484807491302490234375" lon="-5.5696490965783596038818359375">
        <ele>825.4000244140625</ele>
        <time>2025-10-03T06:29:37.000Z</time>
        <extensions>
          <ns3:TrackPointExtension>
            <ns3:hr>88</ns3:hr>
            <ns3:cad>56</ns3:cad>
          </ns3:TrackPointExtension>
        </extensions>
      </trkpt>
      <trkpt lat="42.595560215413570404052734375" lon="-5.5696547962725162506103515625">
        <ele>825.4000244140625</ele>
        <time>2025-10-03T06:29:39.000Z</time>
        <extensions>
          <ns3:TrackPointExtension>
            <ns3:hr>88</ns3:hr>
            <ns3:cad>57</ns3:cad>
          </ns3:TrackPointExtension>
        </extensions>
      </trkpt>
      <trkpt lat="42.595615871250629425048828125" lon="-5.5696889944374561309814453125">
        <ele>825.4000244140625</ele>
        <time>2025-10-03T06:29:44.000Z</time>
        <extensions>
          <ns3:TrackPointExtension>
            <ns3:hr>88</ns3:hr>
            <ns3:cad>56</ns3:cad>
          </ns3:TrackPointExtension>
        </extensions>
      </trkpt>
      <trkpt lat="42.5957226566970348358154296875" lon="-5.56974741630256175994873046875">
        <ele>825.5999755859375</ele>
        <time>2025-10-03T06:29:53.000Z</time>
        <extensions>
          <ns3:TrackPointExtension>
            <ns3:hr>88</ns3:hr>
            <ns3:cad>56</ns3:cad>
          </ns3:TrackPointExtension>
        </extensions>
      </trkpt>
      <trkpt lat="42.595814354717731475830078125" lon="-5.5697734840214252471923828125">
        <ele>825.79998779296875</ele>
        <time>2025-10-03T06:30:00.000Z</time>
        <extensions>
          <ns3:TrackPointExtension>
            <ns3:hr>88</ns3:hr>
            <ns3:cad>56</ns3:cad>
          </ns3:TrackPointExtension>
        </extensions>
      </trkpt>
      <trkpt lat="42.59586322121322154998779296875" lon="-5.569770969450473785400390625">
        <ele>825.79998779296875</ele>
        <time>2025-10-03T06:30:06.000Z</time>
        <extensions>
          <ns3:TrackPointExtension>
            <ns3:hr>88</ns3:hr>
            <ns3:cad>57</ns3:cad>
          </ns3:TrackPointExtension>
        </extensions>
      </trkpt>
      <trkpt lat="42.59595056064426898956298828125" lon="-5.5697795189917087554931640625">
        <ele>825.79998779296875</ele>
        <time>2025-10-03T06:30:13.000Z</time>
        <extensions>
          <ns3:TrackPointExtension>
            <ns3:hr>90</ns3:hr>
            <ns3:cad>57</ns3:cad>
          </ns3:TrackPointExtension>
        </extensions>
      </trkpt>
      <trkpt lat="42.59606572799384593963623046875" lon="-5.56978873908519744873046875">
        <ele>826</ele>
        <time>2025-10-03T06:30:22.000Z</time>
        <extensions>
          <ns3:TrackPointExtension>
            <ns3:hr>92</ns3:hr>
            <ns3:cad>57</ns3:cad>
          </ns3:TrackPointExtension>
        </extensions>
      </trkpt>
      <trkpt lat="42.59615424089133739471435546875" lon="-5.56979217566549777984619140625">
        <ele>826.20001220703125</ele>
        <time>2025-10-03T06:30:29.000Z</time>
        <extensions>
          <ns3:TrackPointExtension>
            <ns3:hr>92</ns3:hr>
            <ns3:cad>56</ns3:cad>
          </ns3:TrackPointExtension>
        </extensions>
      </trkpt>
      <trkpt lat="42.596255578100681304931640625" lon="-5.56980441324412822723388671875">
        <ele>826.20001220703125</ele>
        <time>2025-10-03T06:30:37.000Z</time>
        <extensions>
          <ns3:TrackPointExtension>
            <ns3:hr>91</ns3:hr>
            <ns3:cad>56</ns3:cad>
          </ns3:TrackPointExtension>
        </extensions>
      </trkpt>
      <trkpt lat="42.59635875932872295379638671875" lon="-5.56979217566549777984619140625">
        <ele>826.4000244140625</ele>
        <time>2025-10-03T06:30:46.000Z</time>
        <extensions>
          <ns3:TrackPointExtension>
            <ns3:hr>90</ns3:hr>
            <ns3:cad>56</ns3:cad>
          </ns3:TrackPointExtension>
        </extensions>
      </trkpt>
      <trkpt lat="42.5964646227657794952392578125" lon="-5.56979485787451267242431640625">
        <ele>826.5999755859375</ele>
        <time>2025-10-03T06:30:55.000Z</time>
        <extensions>
          <ns3:TrackPointExtension>
            <ns3:hr>88</ns3:hr>
            <ns3:cad>56</ns3:cad>
          </ns3:TrackPointExtension>
        </extensions>
      </trkpt>
      <trkpt lat="42.59654785506427288055419921875" lon="-5.56982494890689849853515625">
        <ele>826.79998779296875</ele>
        <time>2025-10-03T06:31:02.000Z</time>
        <extensions>
          <ns3:TrackPointExtension>
            <ns3:hr>88</ns3:hr>
            <ns3:cad>57</ns3:cad>
          </ns3:TrackPointExtension>
        </extensions>
      </trkpt>
      <trkpt lat="42.59664558805525302886962890625" lon="-5.569858811795711517333984375">
        <ele>826.79998779296875</ele>
        <time>2025-10-03T06:31:10.000Z</time>
        <extensions>
          <ns3:TrackPointExtension>
            <ns3:hr>88</ns3:hr>
            <ns3:cad>58</ns3:cad>
          </ns3:TrackPointExtension>
        </extensions>
      </trkpt>
      <trkpt lat="42.5967522896826267242431640625" lon="-5.5699035711586475372314453125">
        <ele>827.20001220703125</ele>
        <time>2025-10-03T06:31:20.000Z</time>
        <extensions>
          <ns3:TrackPointExtension>
            <ns3:hr>89</ns3:hr>
            <ns3:cad>57</ns3:cad>
          </ns3:TrackPointExtension>
        </extensions>
      </trkpt>
      <trkpt lat="42.5968615896999835968017578125" lon="-5.569897703826427459716796875">
        <ele>827.20001220703125</ele>
        <time>2025-10-03T06:31:28.000Z</time>
        <extensions>
          <ns3:TrackPointExtension>
            <ns3:hr>90</ns3:hr>
            <ns3:cad>57</ns3:cad>
          </ns3:TrackPointExtension>
        </extensions>
      </trkpt>
      <trkpt lat="42.59690475650131702423095703125" lon="-5.56989745236933231353759765625">
        <ele>827.4000244140625</ele>
        <time>2025-10-03T06:31:31.000Z</time>
        <extensions>
          <ns3:TrackPointExtension>
            <ns3:hr>89</ns3:hr>
            <ns3:cad>57</ns3:cad>
          </ns3:TrackPointExtension>
        </extensions>
      </trkpt>
      <trkpt lat="42.5969501025974750518798828125" lon="-5.5698961950838565826416015625">
        <ele>827.4000244140625</ele>
        <time>2025-10-03T06:31:35.000Z</time>
        <extensions>
          <ns3:TrackPointExtension>
            <ns3:hr>90</ns3:hr>
            <ns3:cad>57</ns3:cad>
          </ns3:TrackPointExtension>
        </extensions>
      </trkpt>
      <trkpt lat="42.596999891102313995361328125" lon="-5.56990281678736209869384765625">
        <ele>827.5999755859375</ele>
        <time>2025-10-03T06:31:40.000Z</time>
        <extensions>
          <ns3:TrackPointExtension>
            <ns3:hr>90</ns3:hr>
            <ns3:cad>57</ns3:cad>
          </ns3:TrackPointExtension>
        </extensions>
      </trkpt>
      <trkpt lat="42.59702210314571857452392578125" lon="-5.569909773766994476318359375">
        <ele>827.5999755859375</ele>
        <time>2025-10-03T06:31:42.000Z</time>
        <extensions>
          <ns3:TrackPointExtension>
            <ns3:hr>90</ns3:hr>
            <ns3:cad>57</ns3:cad>
          </ns3:TrackPointExtension>
        </extensions>
      </trkpt>
      <trkpt lat="42.59708127938210964202880859375" lon="-5.56995511986315250396728515625">
        <ele>827.79998779296875</ele>
        <time>2025-10-03T06:31:48.000Z</time>
        <extensions>
          <ns3:TrackPointExtension>
            <ns3:hr>90</ns3:hr>
            <ns3:cad>57</ns3:cad>
          </ns3:TrackPointExtension>
        </extensions>
      </trkpt>
      <trkpt lat="42.59718622080981731414794921875" lon="-5.5699920840561389923095703125">
        <ele>827.5999755859375</ele>
        <time>2025-10-03T06:31:56.000Z</time>
        <extensions>
          <ns3:TrackPointExtension>
            <ns3:hr>90</ns3:hr>
            <ns3:cad>57</ns3:cad>
          </ns3:TrackPointExtension>
        </extensions>
      </trkpt>
      <trkpt lat="42.59728848002851009368896484375" lon="-5.57003860361874103546142578125">
        <ele>827.79998779296875</ele>
        <time>2025-10-03T06:32:05.000Z</time>
        <extensions>
          <ns3:TrackPointExtension>
            <ns3:hr>90</ns3:hr>
            <ns3:cad>57</ns3:cad>
          </ns3:TrackPointExtension>
        </extensions>
      </trkpt>
      <trkpt lat="42.59736291132867336273193359375" lon="-5.57005603797733783721923828125">
        <ele>827.79998779296875</ele>
        <time>2025-10-03T06:32:12.000Z</time>
        <extensions>
          <ns3:TrackPointExtension>
            <ns3:hr>89</ns3:hr>
            <ns3:cad>57</ns3:cad>
          </ns3:TrackPointExtension>
        </extensions>
      </trkpt>
      <trkpt lat="42.5974600575864315032958984375" lon="-5.57008805684745311737060546875">
        <ele>827.79998779296875</ele>
        <time>2025-10-03T06:32:20.000Z</time>
        <extensions>
          <ns3:TrackPointExtension>
            <ns3:hr>90</ns3:hr>
            <ns3:cad>57</ns3:cad>
          </ns3:TrackPointExtension>
        </extensions>
      </trkpt>
      <trkpt lat="42.59750171564519405364990234375" lon="-5.5700983665883541107177734375">
        <ele>827.79998779296875</ele>
        <time>2025-10-03T06:32:24.000Z</time>
        <extensions>
          <ns3:TrackPointExtension>
            <ns3:hr>90</ns3:hr>
            <ns3:cad>56</ns3:cad>
          </ns3:TrackPointExtension>
        </extensions>
      </trkpt>
      <trkpt lat="42.597526274621486663818359375" lon="-5.57008872739970684051513671875">
        <ele>828</ele>
        <time>2025-10-03T06:32:26.000Z</time>
        <extensions>
          <ns3:TrackPointExtension>
            <ns3:hr>90</ns3:hr>
            <ns3:cad>56</ns3:cad>
          </ns3:TrackPointExtension>
        </extensions>
      </trkpt>
      <trkpt lat="42.59755276143550872802734375" lon="-5.570087470114231109619140625">
        <ele>828</ele>
        <time>2025-10-03T06:32:28.000Z</time>
        <extensions>
          <ns3:TrackPointExtension>
            <ns3:hr>90</ns3:hr>
            <ns3:cad>57</ns3:cad>
          </ns3:TrackPointExtension>
        </extensions>
      </trkpt>
      <trkpt lat="42.59763934649527072906494140625" lon="-5.5701040662825107574462890625">
        <ele>828.20001220703125</ele>
        <time>2025-10-03T06:32:34.000Z</time>
        <extensions>
          <ns3:TrackPointExtension>
            <ns3:hr>90</ns3:hr>
            <ns3:cad>55</ns3:cad>
          </ns3:TrackPointExtension>
        </extensions>
      </trkpt>
      <trkpt lat="42.5977232493460178375244140625" lon="-5.57013281621038913726806640625">
        <ele>828.4000244140625</ele>
        <time>2025-10-03T06:32:42.000Z</time>
        <extensions>
          <ns3:TrackPointExtension>
            <ns3:hr>90</ns3:hr>
            <ns3:cad>55</ns3:cad>
          </ns3:TrackPointExtension>
        </extensions>
      </trkpt>
      <trkpt lat="42.597827352583408355712890625" lon="-5.57016986422240734100341796875">
        <ele>828</ele>
        <time>2025-10-03T06:32:51.000Z</time>
        <extensions>
          <ns3:TrackPointExtension>
            <ns3:hr>90</ns3:hr>
            <ns3:cad>57</ns3:cad>
          </ns3:TrackPointExtension>
        </extensions>
      </trkpt>
      <trkpt lat="42.59792366065084934234619140625" lon="-5.57019484229385852813720703125">
        <ele>827.79998779296875</ele>
        <time>2025-10-03T06:33:00.000Z</time>
        <extensions>
          <ns3:TrackPointExtension>
            <ns3:hr>91</ns3:hr>
            <ns3:cad>57</ns3:cad>
          </ns3:TrackPointExtension>
        </extensions>
      </trkpt>
      <trkpt lat="42.59800949133932590484619140625" lon="-5.57026508264243602752685546875">
        <ele>827.79998779296875</ele>
        <time>2025-10-03T06:33:09.000Z</time>
        <extensions>
          <ns3:TrackPointExtension>
            <ns3:hr>92</ns3:hr>
            <ns3:cad>56</ns3:cad>
          </ns3:TrackPointExtension>
        </extensions>
      </trkpt>
      <trkpt lat="42.598060704767704010009765625" lon="-5.57028687559068202972412109375">
        <ele>827.79998779296875</ele>
        <time>2025-10-03T06:33:13.000Z</time>
        <extensions>
          <ns3:TrackPointExtension>
            <ns3:hr>92</ns3:hr>
            <ns3:cad>55</ns3:cad>
          </ns3:TrackPointExtension>
        </extensions>
      </trkpt>
      <trkpt lat="42.598096244037151336669921875" lon="-5.57026349008083343505859375">
        <ele>827.79998779296875</ele>
        <time>2025-10-03T06:33:16.000Z</time>
        <extensions>
          <ns3:TrackPointExtension>
            <ns3:hr>91</ns3:hr>
            <ns3:cad>47</ns3:cad>
          </ns3:TrackPointExtension>
        </extensions>
      </trkpt>
      <trkpt lat="42.59816254489123821258544921875" lon="-5.5701660923659801483154296875">
        <ele>828.20001220703125</ele>
        <time>2025-10-03T06:33:25.000Z</time>
        <extensions>
          <ns3:TrackPointExtension>
            <ns3:hr>90</ns3:hr>
            <ns3:cad>53</ns3:cad>
          </ns3:TrackPointExtension>
        </extensions>
      </trkpt>
      <trkpt lat="42.59817511774599552154541015625" lon="-5.57014505378901958465576171875">
        <ele>828.4000244140625</ele>
        <time>2025-10-03T06:33:27.000Z</time>
        <extensions>
          <ns3:TrackPointExtension>
            <ns3:hr>90</ns3:hr>
            <ns3:cad>53</ns3:cad>
          </ns3:TrackPointExtension>
        </extensions>
      </trkpt>
      <trkpt lat="42.59821317158639430999755859375" lon="-5.570055283606052398681640625">
        <ele>828.5999755859375</ele>
        <time>2025-10-03T06:33:34.000Z</time>
        <extensions>
          <ns3:TrackPointExtension>
            <ns3:hr>93</ns3:hr>
            <ns3:cad>53</ns3:cad>
          </ns3:TrackPointExtension>
        </extensions>
      </trkpt>
      <trkpt lat="42.5982627086341381072998046875" lon="-5.56992544792592525482177734375">
        <ele>828.4000244140625</ele>
        <time>2025-10-03T06:33:43.000Z</time>
        <extensions>
          <ns3:TrackPointExtension>
            <ns3:hr>93</ns3:hr>
            <ns3:cad>54</ns3:cad>
          </ns3:TrackPointExtension>
        </extensions>
      </trkpt>
      <trkpt lat="42.59832062758505344390869140625" lon="-5.5697832070291042327880859375">
        <ele>828.79998779296875</ele>
        <time>2025-10-03T06:33:53.000Z</time>
        <extensions>
          <ns3:TrackPointExtension>
            <ns3:hr>94</ns3:hr>
            <ns3:cad>55</ns3:cad>
          </ns3:TrackPointExtension>
        </extensions>
      </trkpt>
      <trkpt lat="42.598325908184051513671875" lon="-5.56971422396600246429443359375">
        <ele>829</ele>
        <time>2025-10-03T06:33:57.000Z</time>
        <extensions>
          <ns3:TrackPointExtension>
            <ns3:hr>97</ns3:hr>
            <ns3:cad>54</ns3:cad>
          </ns3:TrackPointExtension>
        </extensions>
      </trkpt>
      <trkpt lat="42.59833688847720623016357421875" lon="-5.56967365555465221405029296875">
        <ele>829</ele>
        <time>2025-10-03T06:34:00.000Z</time>
        <extensions>
          <ns3:TrackPointExtension>
            <ns3:hr>100</ns3:hr>
            <ns3:cad>53</ns3:cad>
          </ns3:TrackPointExtension>
        </extensions>
      </trkpt>
      <trkpt lat="42.5983513891696929931640625" lon="-5.56960341520607471466064453125">
        <ele>829.5999755859375</ele>
        <time>2025-10-03T06:34:04.000Z</time>
        <extensions>
          <ns3:TrackPointExtension>
            <ns3:hr>101</ns3:hr>
            <ns3:cad>56</ns3:cad>
          </ns3:TrackPointExtension>
        </extensions>
      </trkpt>
      <trkpt lat="42.59836907498538494110107421875" lon="-5.56954809464514255523681640625">
        <ele>829.5999755859375</ele>
        <time>2025-10-03T06:34:07.000Z</time>
        <extensions>
          <ns3:TrackPointExtension>
            <ns3:hr>101</ns3:hr>
            <ns3:cad>57</ns3:cad>
          </ns3:TrackPointExtension>
        </extensions>
      </trkpt>
      <trkpt lat="42.5983824022114276885986328125" lon="-5.5694559775292873382568359375">
        <ele>829.4000244140625</ele>
        <time>2025-10-03T06:34:13.000Z</time>
        <extensions>
          <ns3:TrackPointExtension>
            <ns3:hr>101</ns3:hr>
            <ns3:cad>55</ns3:cad>
          </ns3:TrackPointExtension>
        </extensions>
      </trkpt>
      <trkpt lat="42.59840042330324649810791015625" lon="-5.56934977881610393524169921875">
        <ele>829.79998779296875</ele>
        <time>2025-10-03T06:34:20.000Z</time>
        <extensions>
          <ns3:TrackPointExtension>
            <ns3:hr>98</ns3:hr>
            <ns3:cad>55</ns3:cad>
          </ns3:TrackPointExtension>
        </extensions>
      </trkpt>
      <trkpt lat="42.59840302169322967529296875" lon="-5.5693332664668560028076171875">
        <ele>829.79998779296875</ele>
        <time>2025-10-03T06:34:21.000Z</time>
        <extensions>
          <ns3:TrackPointExtension>
            <ns3:hr>98</ns3:hr>
            <ns3:cad>54</ns3:cad>
          </ns3:TrackPointExtension>
        </extensions>
      </trkpt>
      <trkpt lat="42.5984397344291210174560546875" lon="-5.56921415962278842926025390625">
        <ele>830.20001220703125</ele>
        <time>2025-10-03T06:34:29.000Z</time>
        <extensions>
          <ns3:TrackPointExtension>
            <ns3:hr>96</ns3:hr>
            <ns3:cad>55</ns3:cad>
          </ns3:TrackPointExtension>
        </extensions>
      </trkpt>
      <trkpt lat="42.5984715856611728668212890625" lon="-5.56912246160209178924560546875">
        <ele>830.4000244140625</ele>
        <time>2025-10-03T06:34:36.000Z</time>
        <extensions>
          <ns3:TrackPointExtension>
            <ns3:hr>95</ns3:hr>
            <ns3:cad>56</ns3:cad>
          </ns3:TrackPointExtension>
        </extensions>
      </trkpt>
      <trkpt lat="42.59848340414464473724365234375" lon="-5.56906948797404766082763671875">
        <ele>830.5999755859375</ele>
        <time>2025-10-03T06:34:39.000Z</time>
        <extensions>
          <ns3:TrackPointExtension>
            <ns3:hr>96</ns3:hr>
            <ns3:cad>56</ns3:cad>
          </ns3:TrackPointExtension>
        </extensions>
      </trkpt>
      <trkpt lat="42.59849932976067066192626953125" lon="-5.5689795501530170440673828125">
        <ele>830.79998779296875</ele>
        <time>2025-10-03T06:34:44.000Z</time>
        <extensions>
          <ns3:TrackPointExtension>
            <ns3:hr>97</ns3:hr>
            <ns3:cad>55</ns3:cad>
          </ns3:TrackPointExtension>
        </extensions>
      </trkpt>
      <trkpt lat="42.59850502945482730865478515625" lon="-5.56886471807956695556640625">
        <ele>831</ele>
        <time>2025-10-03T06:34:51.000Z</time>
        <extensions>
          <ns3:TrackPointExtension>
            <ns3:hr>98</ns3:hr>
            <ns3:cad>55</ns3:cad>
          </ns3:TrackPointExtension>
        </extensions>
      </trkpt>
      <trkpt lat="42.5985109806060791015625" lon="-5.5687995068728923797607421875">
        <ele>831.20001220703125</ele>
        <time>2025-10-03T06:34:59.000Z</time>
        <extensions>
          <ns3:TrackPointExtension>
            <ns3:hr>97</ns3:hr>
            <ns3:cad>51</ns3:cad>
          </ns3:TrackPointExtension>
        </extensions>
      </trkpt>
      <trkpt lat="42.59853369556367397308349609375" lon="-5.5687173642218112945556640625">
        <ele>831.5999755859375</ele>
        <time>2025-10-03T06:35:04.000Z</time>
        <extensions>
          <ns3:TrackPointExtension>
            <ns3:hr>97</ns3:hr>
            <ns3:cad>55</ns3:cad>
          </ns3:TrackPointExtension>
        </extensions>
      </trkpt>
      <trkpt lat="42.598540149629116058349609375" lon="-5.56869414635002613067626953125">
        <ele>831.5999755859375</ele>
        <time>2025-10-03T06:35:05.000Z</time>
        <extensions>
          <ns3:TrackPointExtension>
            <ns3:hr>97</ns3:hr>
            <ns3:cad>55</ns3:cad>
          </ns3:TrackPointExtension>
        </extensions>
      </trkpt>
      <trkpt lat="42.59858348406851291656494140625" lon="-5.5686073936522006988525390625">
        <ele>831.20001220703125</ele>
        <time>2025-10-03T06:35:12.000Z</time>
        <extensions>
          <ns3:TrackPointExtension>
            <ns3:hr>98</ns3:hr>
            <ns3:cad>56</ns3:cad>
          </ns3:TrackPointExtension>
        </extensions>
      </trkpt>
      <trkpt lat="42.59864165447652339935302734375" lon="-5.56846372783184051513671875">
        <ele>831.20001220703125</ele>
        <time>2025-10-03T06:35:20.000Z</time>
        <extensions>
          <ns3:TrackPointExtension>
            <ns3:hr>97</ns3:hr>
            <ns3:cad>57</ns3:cad>
          </ns3:TrackPointExtension>
        </extensions>
      </trkpt>
      <trkpt lat="42.598642073571681976318359375" lon="-5.5683559365570545196533203125">
        <ele>831.20001220703125</ele>
        <time>2025-10-03T06:35:27.000Z</time>
        <extensions>
          <ns3:TrackPointExtension>
            <ns3:hr>96</ns3:hr>
            <ns3:cad>56</ns3:cad>
          </ns3:TrackPointExtension>
        </extensions>
      </trkpt>
      <trkpt lat="42.5986492820084095001220703125" lon="-5.56823615916073322296142578125">
        <ele>831.4000244140625</ele>
        <time>2025-10-03T06:35:35.000Z</time>
        <extensions>
          <ns3:TrackPointExtension>
            <ns3:hr>96</ns3:hr>
            <ns3:cad>57</ns3:cad>
          </ns3:TrackPointExtension>
        </extensions>
      </trkpt>
      <trkpt lat="42.5986935384571552276611328125" lon="-5.56809316389262676239013671875">
        <ele>831.4000244140625</ele>
        <time>2025-10-03T06:35:44.000Z</time>
        <extensions>
          <ns3:TrackPointExtension>
            <ns3:hr>94</ns3:hr>
            <ns3:cad>56</ns3:cad>
          </ns3:TrackPointExtension>
        </extensions>
      </trkpt>
      <trkpt lat="42.59870686568319797515869140625" lon="-5.56796710006892681121826171875">
        <ele>831.4000244140625</ele>
        <time>2025-10-03T06:35:52.000Z</time>
        <extensions>
          <ns3:TrackPointExtension>
            <ns3:hr>93</ns3:hr>
            <ns3:cad>57</ns3:cad>
          </ns3:TrackPointExtension>
        </extensions>
      </trkpt>
      <trkpt lat="42.59874642826616764068603515625" lon="-5.56785729713737964630126953125">
        <ele>831.4000244140625</ele>
        <time>2025-10-03T06:36:00.000Z</time>
        <extensions>
          <ns3:TrackPointExtension>
            <ns3:hr>93</ns3:hr>
            <ns3:cad>57</ns3:cad>
          </ns3:TrackPointExtension>
        </extensions>
      </trkpt>
      <trkpt lat="42.59876034222543239593505859375" lon="-5.56778688915073871612548828125">
        <ele>831.5999755859375</ele>
        <time>2025-10-03T06:36:05.000Z</time>
        <extensions>
          <ns3:TrackPointExtension>
            <ns3:hr>90</ns3:hr>
            <ns3:cad>57</ns3:cad>
          </ns3:TrackPointExtension>
        </extensions>
      </trkpt>
      <trkpt lat="42.598771490156650543212890625" lon="-5.5677254498004913330078125">
        <ele>831.4000244140625</ele>
        <time>2025-10-03T06:36:09.000Z</time>
        <extensions>
          <ns3:TrackPointExtension>
            <ns3:hr>88</ns3:hr>
            <ns3:cad>57</ns3:cad>
          </ns3:TrackPointExtension>
        </extensions>
      </trkpt>
      <trkpt lat="42.59878431446850299835205078125" lon="-5.56753492914140224456787109375">
        <ele>831.4000244140625</ele>
        <time>2025-10-03T06:36:21.000Z</time>
        <extensions>
          <ns3:TrackPointExtension>
            <ns3:hr>88</ns3:hr>
            <ns3:cad>56</ns3:cad>
          </ns3:TrackPointExtension>
        </extensions>
      </trkpt>
      <trkpt lat="42.59879990480840206146240234375" lon="-5.56745429523289203643798828125">
        <ele>831.5999755859375</ele>
        <time>2025-10-03T06:36:29.000Z</time>
        <extensions>
          <ns3:TrackPointExtension>
            <ns3:hr>87</ns3:hr>
            <ns3:cad>53</ns3:cad>
          </ns3:TrackPointExtension>
        </extensions>
      </trkpt>
      <trkpt lat="42.59882949292659759521484375" lon="-5.56743216700851917266845703125">
        <ele>831.4000244140625</ele>
        <time>2025-10-03T06:36:36.000Z</time>
        <extensions>
          <ns3:TrackPointExtension>
            <ns3:hr>86</ns3:hr>
            <ns3:cad>51</ns3:cad>
          </ns3:TrackPointExtension>
        </extensions>
      </trkpt>
      <trkpt lat="42.5988437421619892120361328125" lon="-5.5674456618726253509521484375">
        <ele>831.5999755859375</ele>
        <time>2025-10-03T06:36:38.000Z</time>
        <extensions>
          <ns3:TrackPointExtension>
            <ns3:hr>86</ns3:hr>
            <ns3:cad>52</ns3:cad>
          </ns3:TrackPointExtension>
        </extensions>
      </trkpt>
      <trkpt lat="42.59831978939473628997802734375" lon="-5.56958916597068309783935546875">
        <ele>816.5999755859375</ele>
        <time>2025-10-03T10:30:15.000Z</time>
        <extensions>
          <ns3:TrackPointExtension>
            <ns3:hr>86</ns3:hr>
            <ns3:cad>57</ns3:cad>
          </ns3:TrackPointExtension>
        </extensions>
      </trkpt>
      <trkpt lat="42.59831761009991168975830078125" lon="-5.569590590894222259521484375">
        <ele>816.5999755859375</ele>
        <time>2025-10-03T10:30:16.000Z</time>
        <extensions>
          <ns3:TrackPointExtension>
            <ns3:hr>86</ns3:hr>
            <ns3:cad>57</ns3:cad>
          </ns3:TrackPointExtension>
        </extensions>
      </trkpt>
      <trkpt lat="42.5983153469860553741455078125" lon="-5.569598637521266937255859375">
        <ele>816.5999755859375</ele>
        <time>2025-10-03T10:30:17.000Z</time>
        <extensions>
          <ns3:TrackPointExtension>
            <ns3:hr>86</ns3:hr>
            <ns3:cad>57</ns3:cad>
          </ns3:TrackPointExtension>
        </extensions>
      </trkpt>
      <trkpt lat="42.59830151684582233428955078125" lon="-5.5697329156100749969482421875">
        <ele>816.20001220703125</ele>
        <time>2025-10-03T10:30:25.000Z</time>
        <extensions>
          <ns3:TrackPointExtension>
            <ns3:hr>87</ns3:hr>
            <ns3:cad>57</ns3:cad>
          </ns3:TrackPointExtension>
        </extensions>
      </trkpt>
      <trkpt lat="42.59823228232562541961669921875" lon="-5.5698529444634914398193359375">
        <ele>816</ele>
        <time>2025-10-03T10:30:34.000Z</time>
        <extensions>
          <ns3:TrackPointExtension>
            <ns3:hr>89</ns3:hr>
            <ns3:cad>57</ns3:cad>
          </ns3:TrackPointExtension>
        </extensions>
      </trkpt>
      <trkpt lat="42.59818970225751399993896484375" lon="-5.56994522921741008758544921875">
        <ele>815.79998779296875</ele>
        <time>2025-10-03T10:30:42.000Z</time>
        <extensions>
          <ns3:TrackPointExtension>
            <ns3:hr>88</ns3:hr>
            <ns3:cad>56</ns3:cad>
          </ns3:TrackPointExtension>
        </extensions>
      </trkpt>
      <trkpt lat="42.598173357546329498291015625" lon="-5.57001194916665554046630859375">
        <ele>815.79998779296875</ele>
        <time>2025-10-03T10:30:47.000Z</time>
        <extensions>
          <ns3:TrackPointExtension>
            <ns3:hr>85</ns3:hr>
            <ns3:cad>55</ns3:cad>
          </ns3:TrackPointExtension>
        </extensions>
      </trkpt>
      <trkpt lat="42.59814427234232425689697265625" lon="-5.57009727694094181060791015625">
        <ele>815.5999755859375</ele>
        <time>2025-10-03T10:30:53.000Z</time>
        <extensions>
          <ns3:TrackPointExtension>
            <ns3:hr>84</ns3:hr>
            <ns3:cad>57</ns3:cad>
          </ns3:TrackPointExtension>
        </extensions>
      </trkpt>
      <trkpt lat="42.5981386564671993255615234375" lon="-5.570124350488185882568359375">
        <ele>815.4000244140625</ele>
        <time>2025-10-03T10:30:55.000Z</time>
        <extensions>
          <ns3:TrackPointExtension>
            <ns3:hr>84</ns3:hr>
            <ns3:cad>57</ns3:cad>
          </ns3:TrackPointExtension>
        </extensions>
      </trkpt>
      <trkpt lat="42.5981336273252964019775390625" lon="-5.5702706985175609588623046875">
        <ele>815.4000244140625</ele>
        <time>2025-10-03T10:31:04.000Z</time>
        <extensions>
          <ns3:TrackPointExtension>
            <ns3:hr>84</ns3:hr>
            <ns3:cad>56</ns3:cad>
          </ns3:TrackPointExtension>
        </extensions>
      </trkpt>
      <trkpt lat="42.59809590876102447509765625" lon="-5.57039114646613597869873046875">
        <ele>815.4000244140625</ele>
        <time>2025-10-03T10:31:12.000Z</time>
        <extensions>
          <ns3:TrackPointExtension>
            <ns3:hr>84</ns3:hr>
            <ns3:cad>56</ns3:cad>
          </ns3:TrackPointExtension>
        </extensions>
      </trkpt>
      <trkpt lat="42.59807772003114223480224609375" lon="-5.5704936571419239044189453125">
        <ele>815.4000244140625</ele>
        <time>2025-10-03T10:31:19.000Z</time>
        <extensions>
          <ns3:TrackPointExtension>
            <ns3:hr>87</ns3:hr>
            <ns3:cad>56</ns3:cad>
          </ns3:TrackPointExtension>
        </extensions>
      </trkpt>
      <trkpt lat="42.59807235561311244964599609375" lon="-5.5705392546951770782470703125">
        <ele>815.4000244140625</ele>
        <time>2025-10-03T10:31:22.000Z</time>
        <extensions>
          <ns3:TrackPointExtension>
            <ns3:hr>86</ns3:hr>
            <ns3:cad>56</ns3:cad>
          </ns3:TrackPointExtension>
        </extensions>
      </trkpt>
      <trkpt lat="42.59808928705751895904541015625" lon="-5.57069373317062854766845703125">
        <ele>815.4000244140625</ele>
        <time>2025-10-03T10:31:31.000Z</time>
        <extensions>
          <ns3:TrackPointExtension>
            <ns3:hr>86</ns3:hr>
            <ns3:cad>57</ns3:cad>
          </ns3:TrackPointExtension>
        </extensions>
      </trkpt>
      <trkpt lat="42.5980880297720432281494140625" lon="-5.57082465849816799163818359375">
        <ele>815.5999755859375</ele>
        <time>2025-10-03T10:31:40.000Z</time>
        <extensions>
          <ns3:TrackPointExtension>
            <ns3:hr>86</ns3:hr>
            <ns3:cad>57</ns3:cad>
          </ns3:TrackPointExtension>
        </extensions>
      </trkpt>
      <trkpt lat="42.5980729423463344573974609375" lon="-5.57099581696093082427978515625">
        <ele>815.4000244140625</ele>
        <time>2025-10-03T10:31:50.000Z</time>
        <extensions>
          <ns3:TrackPointExtension>
            <ns3:hr>87</ns3:hr>
            <ns3:cad>56</ns3:cad>
          </ns3:TrackPointExtension>
        </extensions>
      </trkpt>
      <trkpt lat="42.598065398633480072021484375" lon="-5.5711202882230281829833984375">
        <ele>815.20001220703125</ele>
        <time>2025-10-03T10:31:57.000Z</time>
        <extensions>
          <ns3:TrackPointExtension>
            <ns3:hr>90</ns3:hr>
            <ns3:cad>57</ns3:cad>
          </ns3:TrackPointExtension>
        </extensions>
      </trkpt>
      <trkpt lat="42.598055340349674224853515625" lon="-5.57119094766676425933837890625">
        <ele>815.4000244140625</ele>
        <time>2025-10-03T10:32:02.000Z</time>
        <extensions>
          <ns3:TrackPointExtension>
            <ns3:hr>92</ns3:hr>
            <ns3:cad>57</ns3:cad>
          </ns3:TrackPointExtension>
        </extensions>
      </trkpt>
      <trkpt lat="42.59804050438106060028076171875" lon="-5.57137501426041126251220703125">
        <ele>815.4000244140625</ele>
        <time>2025-10-03T10:32:13.000Z</time>
        <extensions>
          <ns3:TrackPointExtension>
            <ns3:hr>90</ns3:hr>
            <ns3:cad>57</ns3:cad>
          </ns3:TrackPointExtension>
        </extensions>
      </trkpt>
      <trkpt lat="42.598092220723628997802734375" lon="-5.571517087519168853759765625">
        <ele>815.4000244140625</ele>
        <time>2025-10-03T10:32:23.000Z</time>
        <extensions>
          <ns3:TrackPointExtension>
            <ns3:hr>89</ns3:hr>
            <ns3:cad>55</ns3:cad>
          </ns3:TrackPointExtension>
        </extensions>
      </trkpt>
      <trkpt lat="42.5981929711997509002685546875" lon="-5.57161264121532440185546875">
        <ele>815.5999755859375</ele>
        <time>2025-10-03T10:32:35.000Z</time>
        <extensions>
          <ns3:TrackPointExtension>
            <ns3:hr>87</ns3:hr>
            <ns3:cad>56</ns3:cad>
          </ns3:TrackPointExtension>
        </extensions>
      </trkpt>
      <trkpt lat="42.5983123295009136199951171875" lon="-5.57165882550179958343505859375">
        <ele>816</ele>
        <time>2025-10-03T10:32:45.000Z</time>
        <extensions>
          <ns3:TrackPointExtension>
            <ns3:hr>88</ns3:hr>
            <ns3:cad>57</ns3:cad>
          </ns3:TrackPointExtension>
        </extensions>
      </trkpt>
      <trkpt lat="42.59841903112828731536865234375" lon="-5.57172873057425022125244140625">
        <ele>815.79998779296875</ele>
        <time>2025-10-03T10:32:54.000Z</time>
        <extensions>
          <ns3:TrackPointExtension>
            <ns3:hr>91</ns3:hr>
            <ns3:cad>59</ns3:cad>
          </ns3:TrackPointExtension>
        </extensions>
      </trkpt>
      <trkpt lat="42.598426155745983123779296875" lon="-5.5717425607144832611083984375">
        <ele>815.79998779296875</ele>
        <time>2025-10-03T10:32:55.000Z</time>
        <extensions>
          <ns3:TrackPointExtension>
            <ns3:hr>91</ns3:hr>
            <ns3:cad>59</ns3:cad>
          </ns3:TrackPointExtension>
        </extensions>
      </trkpt>
      <trkpt lat="42.5984497927129268646240234375" lon="-5.571814477443695068359375">
        <ele>816</ele>
        <time>2025-10-03T10:33:00.000Z</time>
        <extensions>
          <ns3:TrackPointExtension>
            <ns3:hr>92</ns3:hr>
            <ns3:cad>59</ns3:cad>
          </ns3:TrackPointExtension>
        </extensions>
      </trkpt>
      <trkpt lat="42.59845591150224208831787109375" lon="-5.57184121571481227874755859375">
        <ele>816</ele>
        <time>2025-10-03T10:33:02.000Z</time>
        <extensions>
          <ns3:TrackPointExtension>
            <ns3:hr>92</ns3:hr>
            <ns3:cad>59</ns3:cad>
          </ns3:TrackPointExtension>
        </extensions>
      </trkpt>
      <trkpt lat="42.59843881241977214813232421875" lon="-5.57197733782231807708740234375">
        <ele>816</ele>
        <time>2025-10-03T10:33:10.000Z</time>
        <extensions>
          <ns3:TrackPointExtension>
            <ns3:hr>93</ns3:hr>
            <ns3:cad>57</ns3:cad>
          </ns3:TrackPointExtension>
        </extensions>
      </trkpt>
      <trkpt lat="42.59840209968388080596923828125" lon="-5.57205579243600368499755859375">
        <ele>816</ele>
        <time>2025-10-03T10:33:16.000Z</time>
        <extensions>
          <ns3:TrackPointExtension>
            <ns3:hr>92</ns3:hr>
            <ns3:cad>57</ns3:cad>
          </ns3:TrackPointExtension>
        </extensions>
      </trkpt>
      <trkpt lat="42.59835918433964252471923828125" lon="-5.5721777491271495819091796875">
        <ele>816.20001220703125</ele>
        <time>2025-10-03T10:33:24.000Z</time>
        <extensions>
          <ns3:TrackPointExtension>
            <ns3:hr>93</ns3:hr>
            <ns3:cad>58</ns3:cad>
          </ns3:TrackPointExtension>
        </extensions>
      </trkpt>
      <trkpt lat="42.59828961454331874847412109375" lon="-5.5723748914897441864013671875">
        <ele>816.20001220703125</ele>
        <time>2025-10-03T10:33:33.000Z</time>
        <extensions>
          <ns3:TrackPointExtension>
            <ns3:hr>93</ns3:hr>
            <ns3:cad>57</ns3:cad>
          </ns3:TrackPointExtension>
        </extensions>
      </trkpt>
      <trkpt lat="42.59830235503613948822021484375" lon="-5.57241596281528472900390625">
        <ele>816.4000244140625</ele>
        <time>2025-10-03T10:33:36.000Z</time>
        <extensions>
          <ns3:TrackPointExtension>
            <ns3:hr>94</ns3:hr>
            <ns3:cad>58</ns3:cad>
          </ns3:TrackPointExtension>
        </extensions>
      </trkpt>
      <trkpt lat="42.5983133353292942047119140625" lon="-5.57245753705501556396484375">
        <ele>816.4000244140625</ele>
        <time>2025-10-03T10:33:39.000Z</time>
        <extensions>
          <ns3:TrackPointExtension>
            <ns3:hr>93</ns3:hr>
            <ns3:cad>58</ns3:cad>
          </ns3:TrackPointExtension>
        </extensions>
      </trkpt>
      <trkpt lat="42.59836304001510143280029296875" lon="-5.5725633166730403900146484375">
        <ele>816.4000244140625</ele>
        <time>2025-10-03T10:33:47.000Z</time>
        <extensions>
          <ns3:TrackPointExtension>
            <ns3:hr>94</ns3:hr>
            <ns3:cad>56</ns3:cad>
          </ns3:TrackPointExtension>
        </extensions>
      </trkpt>
      <trkpt lat="42.5983974896371364593505859375" lon="-5.5726293660700321197509765625">
        <ele>816.5999755859375</ele>
        <time>2025-10-03T10:33:52.000Z</time>
        <extensions>
          <ns3:TrackPointExtension>
            <ns3:hr>93</ns3:hr>
            <ns3:cad>57</ns3:cad>
          </ns3:TrackPointExtension>
        </extensions>
      </trkpt>
      <trkpt lat="42.59840779937803745269775390625" lon="-5.57265442796051502227783203125">
        <ele>816.5999755859375</ele>
        <time>2025-10-03T10:33:54.000Z</time>
        <extensions>
          <ns3:TrackPointExtension>
            <ns3:hr>93</ns3:hr>
            <ns3:cad>58</ns3:cad>
          </ns3:TrackPointExtension>
        </extensions>
      </trkpt>
      <trkpt lat="42.59847334586083889007568359375" lon="-5.57276733219623565673828125">
        <ele>816.5999755859375</ele>
        <time>2025-10-03T10:34:02.000Z</time>
        <extensions>
          <ns3:TrackPointExtension>
            <ns3:hr>91</ns3:hr>
            <ns3:cad>58</ns3:cad>
          </ns3:TrackPointExtension>
        </extensions>
      </trkpt>
      <trkpt lat="42.59850502945482730865478515625" lon="-5.57282692752778530120849609375">
        <ele>816.5999755859375</ele>
        <time>2025-10-03T10:34:08.000Z</time>
        <extensions>
          <ns3:TrackPointExtension>
            <ns3:hr>94</ns3:hr>
            <ns3:cad>58</ns3:cad>
          </ns3:TrackPointExtension>
        </extensions>
      </trkpt>
      <trkpt lat="42.59851190261542797088623046875" lon="-5.57283782400190830230712890625">
        <ele>816.5999755859375</ele>
        <time>2025-10-03T10:34:09.000Z</time>
        <extensions>
          <ns3:TrackPointExtension>
            <ns3:hr>94</ns3:hr>
            <ns3:cad>58</ns3:cad>
          </ns3:TrackPointExtension>
        </extensions>
      </trkpt>
      <trkpt lat="42.59851978160440921783447265625" lon="-5.57297394610941410064697265625">
        <ele>816.5999755859375</ele>
        <time>2025-10-03T10:34:17.000Z</time>
        <extensions>
          <ns3:TrackPointExtension>
            <ns3:hr>94</ns3:hr>
            <ns3:cad>59</ns3:cad>
          </ns3:TrackPointExtension>
        </extensions>
      </trkpt>
      <trkpt lat="42.59856127202510833740234375" lon="-5.57312716729938983917236328125">
        <ele>816.79998779296875</ele>
        <time>2025-10-03T10:34:24.000Z</time>
        <extensions>
          <ns3:TrackPointExtension>
            <ns3:hr>95</ns3:hr>
            <ns3:cad>58</ns3:cad>
          </ns3:TrackPointExtension>
        </extensions>
      </trkpt>
      <trkpt lat="42.5985793769359588623046875" lon="-5.5732561647891998291015625">
        <ele>816.79998779296875</ele>
        <time>2025-10-03T10:34:32.000Z</time>
        <extensions>
          <ns3:TrackPointExtension>
            <ns3:hr>98</ns3:hr>
            <ns3:cad>57</ns3:cad>
          </ns3:TrackPointExtension>
        </extensions>
      </trkpt>
      <trkpt lat="42.59858046658337116241455078125" lon="-5.57335046119987964630126953125">
        <ele>817</ele>
        <time>2025-10-03T10:34:38.000Z</time>
        <extensions>
          <ns3:TrackPointExtension>
            <ns3:hr>97</ns3:hr>
            <ns3:cad>57</ns3:cad>
          </ns3:TrackPointExtension>
        </extensions>
      </trkpt>
      <trkpt lat="42.5985916145145893096923828125" lon="-5.57347568683326244354248046875">
        <ele>817</ele>
        <time>2025-10-03T10:34:45.000Z</time>
        <extensions>
          <ns3:TrackPointExtension>
            <ns3:hr>94</ns3:hr>
            <ns3:cad>58</ns3:cad>
          </ns3:TrackPointExtension>
        </extensions>
      </trkpt>
      <trkpt lat="42.59865724481642246246337890625" lon="-5.5736291594803333282470703125">
        <ele>817</ele>
        <time>2025-10-03T10:34:53.000Z</time>
        <extensions>
          <ns3:TrackPointExtension>
            <ns3:hr>93</ns3:hr>
            <ns3:cad>57</ns3:cad>
          </ns3:TrackPointExtension>
        </extensions>
      </trkpt>
      <trkpt lat="42.598698399960994720458984375" lon="-5.57362019084393978118896484375">
        <ele>817</ele>
        <time>2025-10-03T10:34:59.000Z</time>
        <extensions>
          <ns3:TrackPointExtension>
            <ns3:hr>92</ns3:hr>
            <ns3:cad>57</ns3:cad>
          </ns3:TrackPointExtension>
        </extensions>
      </trkpt>
      <trkpt lat="42.598772831261157989501953125" lon="-5.573701076209545135498046875">
        <ele>817</ele>
        <time>2025-10-03T10:35:06.000Z</time>
        <extensions>
          <ns3:TrackPointExtension>
            <ns3:hr>90</ns3:hr>
            <ns3:cad>59</ns3:cad>
          </ns3:TrackPointExtension>
        </extensions>
      </trkpt>
      <trkpt lat="42.59881281293928623199462890625" lon="-5.573773495852947235107421875">
        <ele>817.20001220703125</ele>
        <time>2025-10-03T10:35:11.000Z</time>
        <extensions>
          <ns3:TrackPointExtension>
            <ns3:hr>93</ns3:hr>
            <ns3:cad>59</ns3:cad>
          </ns3:TrackPointExtension>
        </extensions>
      </trkpt>
      <trkpt lat="42.59882102720439434051513671875" lon="-5.5738092027604579925537109375">
        <ele>817.20001220703125</ele>
        <time>2025-10-03T10:35:13.000Z</time>
        <extensions>
          <ns3:TrackPointExtension>
            <ns3:hr>96</ns3:hr>
            <ns3:cad>59</ns3:cad>
          </ns3:TrackPointExtension>
        </extensions>
      </trkpt>
      <trkpt lat="42.5988253019750118255615234375" lon="-5.5738279782235622406005859375">
        <ele>817.20001220703125</ele>
        <time>2025-10-03T10:35:14.000Z</time>
        <extensions>
          <ns3:TrackPointExtension>
            <ns3:hr>96</ns3:hr>
            <ns3:cad>59</ns3:cad>
          </ns3:TrackPointExtension>
        </extensions>
      </trkpt>
      <trkpt lat="42.59876972995698451995849609375" lon="-5.5740345083177089691162109375">
        <ele>817.20001220703125</ele>
        <time>2025-10-03T10:35:24.000Z</time>
        <extensions>
          <ns3:TrackPointExtension>
            <ns3:hr>95</ns3:hr>
            <ns3:cad>59</ns3:cad>
          </ns3:TrackPointExtension>
        </extensions>
      </trkpt>
      <trkpt lat="42.59870686568319797515869140625" lon="-5.57419150136411190032958984375">
        <ele>817.4000244140625</ele>
        <time>2025-10-03T10:35:33.000Z</time>
        <extensions>
          <ns3:TrackPointExtension>
            <ns3:hr>95</ns3:hr>
            <ns3:cad>59</ns3:cad>
          </ns3:TrackPointExtension>
        </extensions>
      </trkpt>
      <trkpt lat="42.598684318363666534423828125" lon="-5.5742527730762958526611328125">
        <ele>817.4000244140625</ele>
        <time>2025-10-03T10:35:37.000Z</time>
        <extensions>
          <ns3:TrackPointExtension>
            <ns3:hr>98</ns3:hr>
            <ns3:cad>59</ns3:cad>
          </ns3:TrackPointExtension>
        </extensions>
      </trkpt>
      <trkpt lat="42.59867736138403415679931640625" lon="-5.57433365844190120697021484375">
        <ele>817.4000244140625</ele>
        <time>2025-10-03T10:35:42.000Z</time>
        <extensions>
          <ns3:TrackPointExtension>
            <ns3:hr>97</ns3:hr>
            <ns3:cad>58</ns3:cad>
          </ns3:TrackPointExtension>
        </extensions>
      </trkpt>
      <trkpt lat="42.59866596199572086334228515625" lon="-5.5743590556085109710693359375">
        <ele>817.5999755859375</ele>
        <time>2025-10-03T10:35:44.000Z</time>
        <extensions>
          <ns3:TrackPointExtension>
            <ns3:hr>96</ns3:hr>
            <ns3:cad>58</ns3:cad>
          </ns3:TrackPointExtension>
        </extensions>
      </trkpt>
      <trkpt lat="42.59865188039839267730712890625" lon="-5.5744693614542484283447265625">
        <ele>817.5999755859375</ele>
        <time>2025-10-03T10:35:52.000Z</time>
        <extensions>
          <ns3:TrackPointExtension>
            <ns3:hr>94</ns3:hr>
            <ns3:cad>58</ns3:cad>
          </ns3:TrackPointExtension>
        </extensions>
      </trkpt>
      <trkpt lat="42.59865640662610530853271484375" lon="-5.5746182240545749664306640625">
        <ele>817.5999755859375</ele>
        <time>2025-10-03T10:36:00.000Z</time>
        <extensions>
          <ns3:TrackPointExtension>
            <ns3:hr>92</ns3:hr>
            <ns3:cad>57</ns3:cad>
          </ns3:TrackPointExtension>
        </extensions>
      </trkpt>
      <trkpt lat="42.59862958453595638275146484375" lon="-5.57474655099213123321533203125">
        <ele>817.79998779296875</ele>
        <time>2025-10-03T10:36:08.000Z</time>
        <extensions>
          <ns3:TrackPointExtension>
            <ns3:hr>91</ns3:hr>
            <ns3:cad>57</ns3:cad>
          </ns3:TrackPointExtension>
        </extensions>
      </trkpt>
      <trkpt lat="42.59859748184680938720703125" lon="-5.57487420737743377685546875">
        <ele>817.5999755859375</ele>
        <time>2025-10-03T10:36:16.000Z</time>
        <extensions>
          <ns3:TrackPointExtension>
            <ns3:hr>93</ns3:hr>
            <ns3:cad>58</ns3:cad>
          </ns3:TrackPointExtension>
        </extensions>
      </trkpt>
      <trkpt lat="42.598556242883205413818359375" lon="-5.5749833397567272186279296875">
        <ele>817.5999755859375</ele>
        <time>2025-10-03T10:36:23.000Z</time>
        <extensions>
          <ns3:TrackPointExtension>
            <ns3:hr>92</ns3:hr>
            <ns3:cad>57</ns3:cad>
          </ns3:TrackPointExtension>
        </extensions>
      </trkpt>
      <trkpt lat="42.598535455763339996337890625" lon="-5.57510412298142910003662109375">
        <ele>817.79998779296875</ele>
        <time>2025-10-03T10:36:32.000Z</time>
        <extensions>
          <ns3:TrackPointExtension>
            <ns3:hr>91</ns3:hr>
            <ns3:cad>58</ns3:cad>
          </ns3:TrackPointExtension>
        </extensions>
      </trkpt>
      <trkpt lat="42.59850301779806613922119140625" lon="-5.57522113434970378875732421875">
        <ele>817.5999755859375</ele>
        <time>2025-10-03T10:36:40.000Z</time>
        <extensions>
          <ns3:TrackPointExtension>
            <ns3:hr>92</ns3:hr>
            <ns3:cad>58</ns3:cad>
          </ns3:TrackPointExtension>
        </extensions>
      </trkpt>
      <trkpt lat="42.59847921319305896759033203125" lon="-5.575376451015472412109375">
        <ele>817.79998779296875</ele>
        <time>2025-10-03T10:36:48.000Z</time>
        <extensions>
          <ns3:TrackPointExtension>
            <ns3:hr>93</ns3:hr>
            <ns3:cad>59</ns3:cad>
          </ns3:TrackPointExtension>
        </extensions>
      </trkpt>
      <trkpt lat="42.5984680652618408203125" lon="-5.57542347349226474761962890625">
        <ele>817.79998779296875</ele>
        <time>2025-10-03T10:36:51.000Z</time>
        <extensions>
          <ns3:TrackPointExtension>
            <ns3:hr>90</ns3:hr>
            <ns3:cad>59</ns3:cad>
          </ns3:TrackPointExtension>
        </extensions>
      </trkpt>
      <trkpt lat="42.59845725260674953460693359375" lon="-5.5755103938281536102294921875">
        <ele>817.79998779296875</ele>
        <time>2025-10-03T10:36:57.000Z</time>
        <extensions>
          <ns3:TrackPointExtension>
            <ns3:hr>89</ns3:hr>
            <ns3:cad>57</ns3:cad>
          </ns3:TrackPointExtension>
        </extensions>
      </trkpt>
      <trkpt lat="42.598381228744983673095703125" lon="-5.5756196938455104827880859375">
        <ele>817.79998779296875</ele>
        <time>2025-10-03T10:37:05.000Z</time>
        <extensions>
          <ns3:TrackPointExtension>
            <ns3:hr>91</ns3:hr>
            <ns3:cad>57</ns3:cad>
          </ns3:TrackPointExtension>
        </extensions>
      </trkpt>
      <trkpt lat="42.5982972420752048492431640625" lon="-5.5756954662501811981201171875">
        <ele>817.79998779296875</ele>
        <time>2025-10-03T10:37:12.000Z</time>
        <extensions>
          <ns3:TrackPointExtension>
            <ns3:hr>90</ns3:hr>
            <ns3:cad>58</ns3:cad>
          </ns3:TrackPointExtension>
        </extensions>
      </trkpt>
      <trkpt lat="42.59827435947954654693603515625" lon="-5.57580837048590183258056640625">
        <ele>818.20001220703125</ele>
        <time>2025-10-03T10:37:20.000Z</time>
        <extensions>
          <ns3:TrackPointExtension>
            <ns3:hr>91</ns3:hr>
            <ns3:cad>58</ns3:cad>
          </ns3:TrackPointExtension>
        </extensions>
      </trkpt>
      <trkpt lat="42.5982482917606830596923828125" lon="-5.5759214423596858978271484375">
        <ele>818.4000244140625</ele>
        <time>2025-10-03T10:37:27.000Z</time>
        <extensions>
          <ns3:TrackPointExtension>
            <ns3:hr>91</ns3:hr>
            <ns3:cad>58</ns3:cad>
          </ns3:TrackPointExtension>
        </extensions>
      </trkpt>
      <trkpt lat="42.59817679412662982940673828125" lon="-5.5760635994374752044677734375">
        <ele>818.20001220703125</ele>
        <time>2025-10-03T10:37:36.000Z</time>
        <extensions>
          <ns3:TrackPointExtension>
            <ns3:hr>93</ns3:hr>
            <ns3:cad>57</ns3:cad>
          </ns3:TrackPointExtension>
        </extensions>
      </trkpt>
      <trkpt lat="42.5982680730521678924560546875" lon="-5.57621908374130725860595703125">
        <ele>818</ele>
        <time>2025-10-03T10:42:13.000Z</time>
        <extensions>
          <ns3:TrackPointExtension>
            <ns3:hr>89</ns3:hr>
            <ns3:cad>0</ns3:cad>
          </ns3:TrackPointExtension>
        </extensions>
      </trkpt>
      <trkpt lat="42.5982875190675258636474609375" lon="-5.57614029385149478912353515625">
        <ele>818.20001220703125</ele>
        <time>2025-10-03T10:42:17.000Z</time>
        <extensions>
          <ns3:TrackPointExtension>
            <ns3:hr>90</ns3:hr>
            <ns3:cad>0</ns3:cad>
          </ns3:TrackPointExtension>
        </extensions>
      </trkpt>
      <trkpt lat="42.59833336807787418365478515625" lon="-5.57596779428422451019287109375">
        <ele>818.20001220703125</ele>
        <time>2025-10-03T10:42:27.000Z</time>
        <extensions>
          <ns3:TrackPointExtension>
            <ns3:hr>91</ns3:hr>
            <ns3:cad>55</ns3:cad>
          </ns3:TrackPointExtension>
        </extensions>
      </trkpt>
      <trkpt lat="42.598324902355670928955078125" lon="-5.57586126029491424560546875">
        <ele>818</ele>
        <time>2025-10-03T10:42:34.000Z</time>
        <extensions>
          <ns3:TrackPointExtension>
            <ns3:hr>90</ns3:hr>
            <ns3:cad>55</ns3:cad>
          </ns3:TrackPointExtension>
        </extensions>
      </trkpt>
      <trkpt lat="42.59833085350692272186279296875" lon="-5.57575925253331661224365234375">
        <ele>818</ele>
        <time>2025-10-03T10:42:41.000Z</time>
        <extensions>
          <ns3:TrackPointExtension>
            <ns3:hr>87</ns3:hr>
            <ns3:cad>56</ns3:cad>
          </ns3:TrackPointExtension>
        </extensions>
      </trkpt>
      <trkpt lat="42.5983337871730327606201171875" lon="-5.57574684731662273406982421875">
        <ele>818</ele>
        <time>2025-10-03T10:42:42.000Z</time>
        <extensions>
          <ns3:TrackPointExtension>
            <ns3:hr>87</ns3:hr>
            <ns3:cad>56</ns3:cad>
          </ns3:TrackPointExtension>
        </extensions>
      </trkpt>
      <trkpt lat="42.598346360027790069580078125" lon="-5.57573025114834308624267578125">
        <ele>818</ele>
        <time>2025-10-03T10:42:44.000Z</time>
        <extensions>
          <ns3:TrackPointExtension>
            <ns3:hr>88</ns3:hr>
            <ns3:cad>56</ns3:cad>
          </ns3:TrackPointExtension>
        </extensions>
      </trkpt>
      <trkpt lat="42.59838080964982509613037109375" lon="-5.5756921134889125823974609375">
        <ele>818</ele>
        <time>2025-10-03T10:42:49.000Z</time>
        <extensions>
          <ns3:TrackPointExtension>
            <ns3:hr>88</ns3:hr>
            <ns3:cad>55</ns3:cad>
          </ns3:TrackPointExtension>
        </extensions>
      </trkpt>
      <trkpt lat="42.59845658205449581146240234375" lon="-5.5756897665560245513916015625">
        <ele>818.4000244140625</ele>
        <time>2025-10-03T10:42:57.000Z</time>
        <extensions>
          <ns3:TrackPointExtension>
            <ns3:hr>87</ns3:hr>
            <ns3:cad>57</ns3:cad>
          </ns3:TrackPointExtension>
        </extensions>
      </trkpt>
      <trkpt lat="42.598530761897563934326171875" lon="-5.575746931135654449462890625">
        <ele>818</ele>
        <time>2025-10-03T10:43:05.000Z</time>
        <extensions>
          <ns3:TrackPointExtension>
            <ns3:hr>88</ns3:hr>
            <ns3:cad>57</ns3:cad>
          </ns3:TrackPointExtension>
        </extensions>
      </trkpt>
      <trkpt lat="42.5986127369105815887451171875" lon="-5.5758134834468364715576171875">
        <ele>818.4000244140625</ele>
        <time>2025-10-03T10:43:13.000Z</time>
        <extensions>
          <ns3:TrackPointExtension>
            <ns3:hr>90</ns3:hr>
            <ns3:cad>56</ns3:cad>
          </ns3:TrackPointExtension>
        </extensions>
      </trkpt>
      <trkpt lat="42.5986893475055694580078125" lon="-5.57587911374866962432861328125">
        <ele>818.4000244140625</ele>
        <time>2025-10-03T10:43:20.000Z</time>
        <extensions>
          <ns3:TrackPointExtension>
            <ns3:hr>92</ns3:hr>
            <ns3:cad>57</ns3:cad>
          </ns3:TrackPointExtension>
        </extensions>
      </trkpt>
      <trkpt lat="42.598782889544963836669921875" lon="-5.575946085155010223388671875">
        <ele>818.4000244140625</ele>
        <time>2025-10-03T10:43:29.000Z</time>
        <extensions>
          <ns3:TrackPointExtension>
            <ns3:hr>92</ns3:hr>
            <ns3:cad>57</ns3:cad>
          </ns3:TrackPointExtension>
        </extensions>
      </trkpt>
      <trkpt lat="42.598855309188365936279296875" lon="-5.5759955383837223052978515625">
        <ele>818.4000244140625</ele>
        <time>2025-10-03T10:43:37.000Z</time>
        <extensions>
          <ns3:TrackPointExtension>
            <ns3:hr>91</ns3:hr>
            <ns3:cad>57</ns3:cad>
          </ns3:TrackPointExtension>
        </extensions>
      </trkpt>
      <trkpt lat="42.5988883338868618011474609375" lon="-5.576015152037143707275390625">
        <ele>818.5999755859375</ele>
        <time>2025-10-03T10:43:40.000Z</time>
        <extensions>
          <ns3:TrackPointExtension>
            <ns3:hr>92</ns3:hr>
            <ns3:cad>56</ns3:cad>
          </ns3:TrackPointExtension>
        </extensions>
      </trkpt>
      <trkpt lat="42.598951198160648345947265625" lon="-5.5760454945266246795654296875">
        <ele>818.5999755859375</ele>
        <time>2025-10-03T10:43:46.000Z</time>
        <extensions>
          <ns3:TrackPointExtension>
            <ns3:hr>90</ns3:hr>
            <ns3:cad>55</ns3:cad>
          </ns3:TrackPointExtension>
        </extensions>
      </trkpt>
      <trkpt lat="42.5989728234708309173583984375" lon="-5.57607290334999561309814453125">
        <ele>819</ele>
        <time>2025-10-03T10:43:52.000Z</time>
        <extensions>
          <ns3:TrackPointExtension>
            <ns3:hr>92</ns3:hr>
            <ns3:cad>0</ns3:cad>
          </ns3:TrackPointExtension>
        </extensions>
      </trkpt>
      <trkpt lat="42.59896360337734222412109375" lon="-5.576186478137969970703125">
        <ele>819</ele>
        <time>2025-10-03T10:44:07.000Z</time>
        <extensions>
          <ns3:TrackPointExtension>
            <ns3:hr>90</ns3:hr>
            <ns3:cad>0</ns3:cad>
          </ns3:TrackPointExtension>
        </extensions>
      </trkpt>
      <trkpt lat="42.5989656150341033935546875" lon="-5.576189495623111724853515625">
        <ele>819</ele>
        <time>2025-10-03T10:44:08.000Z</time>
        <extensions>
          <ns3:TrackPointExtension>
            <ns3:hr>90</ns3:hr>
            <ns3:cad>0</ns3:cad>
          </ns3:TrackPointExtension>
        </extensions>
      </trkpt>
      <trkpt lat="42.59898346848785877227783203125" lon="-5.576195530593395233154296875">
        <ele>818.79998779296875</ele>
        <time>2025-10-03T10:44:15.000Z</time>
        <extensions>
          <ns3:TrackPointExtension>
            <ns3:hr>90</ns3:hr>
            <ns3:cad>50</ns3:cad>
          </ns3:TrackPointExtension>
        </extensions>
      </trkpt>
      <trkpt lat="42.59905085898935794830322265625" lon="-5.57611967436969280242919921875">
        <ele>819</ele>
        <time>2025-10-03T10:44:23.000Z</time>
        <extensions>
          <ns3:TrackPointExtension>
            <ns3:hr>90</ns3:hr>
            <ns3:cad>59</ns3:cad>
          </ns3:TrackPointExtension>
        </extensions>
      </trkpt>
      <trkpt lat="42.5991210155189037322998046875" lon="-5.576080866158008575439453125">
        <ele>819.20001220703125</ele>
        <time>2025-10-03T10:44:31.000Z</time>
        <extensions>
          <ns3:TrackPointExtension>
            <ns3:hr>91</ns3:hr>
            <ns3:cad>57</ns3:cad>
          </ns3:TrackPointExtension>
        </extensions>
      </trkpt>
      <trkpt lat="42.59918027557432651519775390625" lon="-5.57612369768321514129638671875">
        <ele>819.20001220703125</ele>
        <time>2025-10-03T10:44:38.000Z</time>
        <extensions>
          <ns3:TrackPointExtension>
            <ns3:hr>90</ns3:hr>
            <ns3:cad>57</ns3:cad>
          </ns3:TrackPointExtension>
        </extensions>
      </trkpt>
      <trkpt lat="42.59923526085913181304931640625" lon="-5.5762252025306224822998046875">
        <ele>819.20001220703125</ele>
        <time>2025-10-03T10:44:45.000Z</time>
        <extensions>
          <ns3:TrackPointExtension>
            <ns3:hr>90</ns3:hr>
            <ns3:cad>58</ns3:cad>
          </ns3:TrackPointExtension>
        </extensions>
      </trkpt>
      <trkpt lat="42.5992728956043720245361328125" lon="-5.57628010399639606475830078125">
        <ele>819</ele>
        <time>2025-10-03T10:44:50.000Z</time>
        <extensions>
          <ns3:TrackPointExtension>
            <ns3:hr>90</ns3:hr>
            <ns3:cad>56</ns3:cad>
          </ns3:TrackPointExtension>
        </extensions>
      </trkpt>
      <trkpt lat="42.59928010404109954833984375" lon="-5.57628446258604526519775390625">
        <ele>819.20001220703125</ele>
        <time>2025-10-03T10:44:51.000Z</time>
        <extensions>
          <ns3:TrackPointExtension>
            <ns3:hr>90</ns3:hr>
            <ns3:cad>56</ns3:cad>
          </ns3:TrackPointExtension>
        </extensions>
      </trkpt>
      <trkpt lat="42.599355876445770263671875" lon="-5.576290078461170196533203125">
        <ele>819.4000244140625</ele>
        <time>2025-10-03T10:44:57.000Z</time>
        <extensions>
          <ns3:TrackPointExtension>
            <ns3:hr>91</ns3:hr>
            <ns3:cad>57</ns3:cad>
          </ns3:TrackPointExtension>
        </extensions>
      </trkpt>
      <trkpt lat="42.5994391925632953643798828125" lon="-5.57628949172794818878173828125">
        <ele>819.5999755859375</ele>
        <time>2025-10-03T10:45:03.000Z</time>
        <extensions>
          <ns3:TrackPointExtension>
            <ns3:hr>92</ns3:hr>
            <ns3:cad>58</ns3:cad>
          </ns3:TrackPointExtension>
        </extensions>
      </trkpt>
      <trkpt lat="42.59946743957698345184326171875" lon="-5.5762922577559947967529296875">
        <ele>819.5999755859375</ele>
        <time>2025-10-03T10:45:05.000Z</time>
        <extensions>
          <ns3:TrackPointExtension>
            <ns3:hr>92</ns3:hr>
            <ns3:cad>58</ns3:cad>
          </ns3:TrackPointExtension>
        </extensions>
      </trkpt>
      <trkpt lat="42.59955712594091892242431640625" lon="-5.57631446979939937591552734375">
        <ele>819.79998779296875</ele>
        <time>2025-10-03T10:45:11.000Z</time>
        <extensions>
          <ns3:TrackPointExtension>
            <ns3:hr>93</ns3:hr>
            <ns3:cad>57</ns3:cad>
          </ns3:TrackPointExtension>
        </extensions>
      </trkpt>
      <trkpt lat="42.59968578815460205078125" lon="-5.57642796076834201812744140625">
        <ele>819.79998779296875</ele>
        <time>2025-10-03T10:45:18.000Z</time>
        <extensions>
          <ns3:TrackPointExtension>
            <ns3:hr>94</ns3:hr>
            <ns3:cad>58</ns3:cad>
          </ns3:TrackPointExtension>
        </extensions>
      </trkpt>
      <trkpt lat="42.59977472014725208282470703125" lon="-5.576541535556316375732421875">
        <ele>820</ele>
        <time>2025-10-03T10:45:25.000Z</time>
        <extensions>
          <ns3:TrackPointExtension>
            <ns3:hr>96</ns3:hr>
            <ns3:cad>59</ns3:cad>
          </ns3:TrackPointExtension>
        </extensions>
      </trkpt>
      <trkpt lat="42.59988720528781414031982421875" lon="-5.57663029991090297698974609375">
        <ele>820</ele>
        <time>2025-10-03T10:45:32.000Z</time>
        <extensions>
          <ns3:TrackPointExtension>
            <ns3:hr>93</ns3:hr>
            <ns3:cad>58</ns3:cad>
          </ns3:TrackPointExtension>
        </extensions>
      </trkpt>
      <trkpt lat="42.5999622233211994171142578125" lon="-5.57671244256198406219482421875">
        <ele>820</ele>
        <time>2025-10-03T10:45:39.000Z</time>
        <extensions>
          <ns3:TrackPointExtension>
            <ns3:hr>96</ns3:hr>
            <ns3:cad>57</ns3:cad>
          </ns3:TrackPointExtension>
        </extensions>
      </trkpt>
      <trkpt lat="42.59997353889048099517822265625" lon="-5.57672618888318538665771484375">
        <ele>820</ele>
        <time>2025-10-03T10:45:40.000Z</time>
        <extensions>
          <ns3:TrackPointExtension>
            <ns3:hr>97</ns3:hr>
            <ns3:cad>57</ns3:cad>
          </ns3:TrackPointExtension>
        </extensions>
      </trkpt>
      <trkpt lat="42.60002634488046169281005859375" lon="-5.57683632709085941314697265625">
        <ele>820</ele>
        <time>2025-10-03T10:45:48.000Z</time>
        <extensions>
          <ns3:TrackPointExtension>
            <ns3:hr>99</ns3:hr>
            <ns3:cad>59</ns3:cad>
          </ns3:TrackPointExtension>
        </extensions>
      </trkpt>
      <trkpt lat="42.600051574409008026123046875" lon="-5.5769654922187328338623046875">
        <ele>820.20001220703125</ele>
        <time>2025-10-03T10:45:55.000Z</time>
        <extensions>
          <ns3:TrackPointExtension>
            <ns3:hr>98</ns3:hr>
            <ns3:cad>59</ns3:cad>
          </ns3:TrackPointExtension>
        </extensions>
      </trkpt>
      <trkpt lat="42.60002978146076202392578125" lon="-5.57705710642039775848388671875">
        <ele>820.20001220703125</ele>
        <time>2025-10-03T10:46:02.000Z</time>
        <extensions>
          <ns3:TrackPointExtension>
            <ns3:hr>99</ns3:hr>
            <ns3:cad>57</ns3:cad>
          </ns3:TrackPointExtension>
        </extensions>
      </trkpt>
      <trkpt lat="42.59996096603572368621826171875" lon="-5.577183254063129425048828125">
        <ele>820.20001220703125</ele>
        <time>2025-10-03T10:46:09.000Z</time>
        <extensions>
          <ns3:TrackPointExtension>
            <ns3:hr>99</ns3:hr>
            <ns3:cad>57</ns3:cad>
          </ns3:TrackPointExtension>
        </extensions>
      </trkpt>
      <trkpt lat="42.5999070703983306884765625" lon="-5.57723279111087322235107421875">
        <ele>820.20001220703125</ele>
        <time>2025-10-03T10:46:11.000Z</time>
        <extensions>
          <ns3:TrackPointExtension>
            <ns3:hr>99</ns3:hr>
            <ns3:cad>57</ns3:cad>
          </ns3:TrackPointExtension>
        </extensions>
      </trkpt>
      <trkpt lat="42.59985384531319141387939453125" lon="-5.5772819928824901580810546875">
        <ele>820.4000244140625</ele>
        <time>2025-10-03T10:46:14.000Z</time>
        <extensions>
          <ns3:TrackPointExtension>
            <ns3:hr>99</ns3:hr>
            <ns3:cad>56</ns3:cad>
          </ns3:TrackPointExtension>
        </extensions>
      </trkpt>
      <trkpt lat="42.599852085113525390625" lon="-5.5772902071475982666015625">
        <ele>820.4000244140625</ele>
        <time>2025-10-03T10:46:15.000Z</time>
        <extensions>
          <ns3:TrackPointExtension>
            <ns3:hr>99</ns3:hr>
            <ns3:cad>55</ns3:cad>
          </ns3:TrackPointExtension>
        </extensions>
      </trkpt>
      <trkpt lat="42.59987714700400829315185546875" lon="-5.5773292668163776397705078125">
        <ele>820.5999755859375</ele>
        <time>2025-10-03T10:46:23.000Z</time>
        <extensions>
          <ns3:TrackPointExtension>
            <ns3:hr>100</ns3:hr>
            <ns3:cad>56</ns3:cad>
          </ns3:TrackPointExtension>
        </extensions>
      </trkpt>
      <trkpt lat="42.6000048033893108367919921875" lon="-5.577434711158275604248046875">
        <ele>820.5999755859375</ele>
        <time>2025-10-03T10:46:31.000Z</time>
        <extensions>
          <ns3:TrackPointExtension>
            <ns3:hr>100</ns3:hr>
            <ns3:cad>57</ns3:cad>
          </ns3:TrackPointExtension>
        </extensions>
      </trkpt>
      <trkpt lat="42.60005417279899120330810546875" lon="-5.5774425901472568511962890625">
        <ele>820.5999755859375</ele>
        <time>2025-10-03T10:46:35.000Z</time>
        <extensions>
          <ns3:TrackPointExtension>
            <ns3:hr>103</ns3:hr>
            <ns3:cad>56</ns3:cad>
          </ns3:TrackPointExtension>
        </extensions>
      </trkpt>
      <trkpt lat="42.60006389580667018890380859375" lon="-5.577437393367290496826171875">
        <ele>820.5999755859375</ele>
        <time>2025-10-03T10:46:36.000Z</time>
        <extensions>
          <ns3:TrackPointExtension>
            <ns3:hr>103</ns3:hr>
            <ns3:cad>55</ns3:cad>
          </ns3:TrackPointExtension>
        </extensions>
      </trkpt>
      <trkpt lat="42.6000881195068359375" lon="-5.5774258263409137725830078125">
        <ele>820.5999755859375</ele>
        <time>2025-10-03T10:46:38.000Z</time>
        <extensions>
          <ns3:TrackPointExtension>
            <ns3:hr>105</ns3:hr>
            <ns3:cad>54</ns3:cad>
          </ns3:TrackPointExtension>
        </extensions>
      </trkpt>
      <trkpt lat="42.60009440593421459197998046875" lon="-5.57742876000702381134033203125">
        <ele>820.5999755859375</ele>
        <time>2025-10-03T10:46:39.000Z</time>
        <extensions>
          <ns3:TrackPointExtension>
            <ns3:hr>105</ns3:hr>
            <ns3:cad>53</ns3:cad>
          </ns3:TrackPointExtension>
        </extensions>
      </trkpt>
      <trkpt lat="42.60010949335992336273193359375" lon="-5.577452480792999267578125">
        <ele>820.79998779296875</ele>
        <time>2025-10-03T10:46:45.000Z</time>
        <extensions>
          <ns3:TrackPointExtension>
            <ns3:hr>105</ns3:hr>
            <ns3:cad>59</ns3:cad>
          </ns3:TrackPointExtension>
        </extensions>
      </trkpt>
      <trkpt lat="42.60011401958763599395751953125" lon="-5.5775143392384052276611328125">
        <ele>820.79998779296875</ele>
        <time>2025-10-03T10:46:49.000Z</time>
        <extensions>
          <ns3:TrackPointExtension>
            <ns3:hr>102</ns3:hr>
            <ns3:cad>59</ns3:cad>
          </ns3:TrackPointExtension>
        </extensions>
      </trkpt>
      <trkpt lat="42.60012541897594928741455078125" lon="-5.5775678157806396484375">
        <ele>820.79998779296875</ele>
        <time>2025-10-03T10:46:52.000Z</time>
        <extensions>
          <ns3:TrackPointExtension>
            <ns3:hr>100</ns3:hr>
            <ns3:cad>59</ns3:cad>
          </ns3:TrackPointExtension>
        </extensions>
      </trkpt>
      <trkpt lat="42.6001060567796230316162109375" lon="-5.57769983075559139251708984375">
        <ele>820.79998779296875</ele>
        <time>2025-10-03T10:46:58.000Z</time>
        <extensions>
          <ns3:TrackPointExtension>
            <ns3:hr>99</ns3:hr>
            <ns3:cad>58</ns3:cad>
          </ns3:TrackPointExtension>
        </extensions>
      </trkpt>
      <trkpt lat="42.6001006923615932464599609375" lon="-5.5777929536998271942138671875">
        <ele>820.79998779296875</ele>
        <time>2025-10-03T10:47:03.000Z</time>
        <extensions>
          <ns3:TrackPointExtension>
            <ns3:hr>96</ns3:hr>
            <ns3:cad>58</ns3:cad>
          </ns3:TrackPointExtension>
        </extensions>
      </trkpt>
      <trkpt lat="42.60011066682636737823486328125" lon="-5.5778268165886402130126953125">
        <ele>820.79998779296875</ele>
        <time>2025-10-03T10:47:05.000Z</time>
        <extensions>
          <ns3:TrackPointExtension>
            <ns3:hr>96</ns3:hr>
            <ns3:cad>57</ns3:cad>
          </ns3:TrackPointExtension>
        </extensions>
      </trkpt>
      <trkpt lat="42.6001637242734432220458984375" lon="-5.57794474996626377105712890625">
        <ele>821</ele>
        <time>2025-10-03T10:47:14.000Z</time>
        <extensions>
          <ns3:TrackPointExtension>
            <ns3:hr>95</ns3:hr>
            <ns3:cad>57</ns3:cad>
          </ns3:TrackPointExtension>
        </extensions>
      </trkpt>
      <trkpt lat="42.60023941285908222198486328125" lon="-5.57804885320365428924560546875">
        <ele>821.4000244140625</ele>
        <time>2025-10-03T10:47:21.000Z</time>
        <extensions>
          <ns3:TrackPointExtension>
            <ns3:hr>95</ns3:hr>
            <ns3:cad>58</ns3:cad>
          </ns3:TrackPointExtension>
        </extensions>
      </trkpt>
      <trkpt lat="42.600266151130199432373046875" lon="-5.57814625091850757598876953125">
        <ele>821</ele>
        <time>2025-10-03T10:47:28.000Z</time>
        <extensions>
          <ns3:TrackPointExtension>
            <ns3:hr>94</ns3:hr>
            <ns3:cad>58</ns3:cad>
          </ns3:TrackPointExtension>
        </extensions>
      </trkpt>
      <trkpt lat="42.60028568096458911895751953125" lon="-5.57828840799629688262939453125">
        <ele>821.20001220703125</ele>
        <time>2025-10-03T10:47:35.000Z</time>
        <extensions>
          <ns3:TrackPointExtension>
            <ns3:hr>94</ns3:hr>
            <ns3:cad>59</ns3:cad>
          </ns3:TrackPointExtension>
        </extensions>
      </trkpt>
      <trkpt lat="42.60032490827143192291259765625" lon="-5.5784011445939540863037109375">
        <ele>821.20001220703125</ele>
        <time>2025-10-03T10:47:43.000Z</time>
        <extensions>
          <ns3:TrackPointExtension>
            <ns3:hr>95</ns3:hr>
            <ns3:cad>57</ns3:cad>
          </ns3:TrackPointExtension>
        </extensions>
      </trkpt>
      <trkpt lat="42.60042750276625156402587890625" lon="-5.57848471216857433319091796875">
        <ele>821.4000244140625</ele>
        <time>2025-10-03T10:47:49.000Z</time>
        <extensions>
          <ns3:TrackPointExtension>
            <ns3:hr>94</ns3:hr>
            <ns3:cad>57</ns3:cad>
          </ns3:TrackPointExtension>
        </extensions>
      </trkpt>
      <trkpt lat="42.600527666509151458740234375" lon="-5.57851237244904041290283203125">
        <ele>821.4000244140625</ele>
        <time>2025-10-03T10:47:54.000Z</time>
        <extensions>
          <ns3:TrackPointExtension>
            <ns3:hr>93</ns3:hr>
            <ns3:cad>58</ns3:cad>
          </ns3:TrackPointExtension>
        </extensions>
      </trkpt>
      <trkpt lat="42.6005824841558933258056640625" lon="-5.5785454809665679931640625">
        <ele>821.4000244140625</ele>
        <time>2025-10-03T10:48:01.000Z</time>
        <extensions>
          <ns3:TrackPointExtension>
            <ns3:hr>94</ns3:hr>
            <ns3:cad>58</ns3:cad>
          </ns3:TrackPointExtension>
        </extensions>
      </trkpt>
      <trkpt lat="42.600597403943538665771484375" lon="-5.578582696616649627685546875">
        <ele>821.4000244140625</ele>
        <time>2025-10-03T10:48:05.000Z</time>
        <extensions>
          <ns3:TrackPointExtension>
            <ns3:hr>94</ns3:hr>
            <ns3:cad>59</ns3:cad>
          </ns3:TrackPointExtension>
        </extensions>
      </trkpt>
      <trkpt lat="42.60060218162834644317626953125" lon="-5.57862804271280765533447265625">
        <ele>821.4000244140625</ele>
        <time>2025-10-03T10:48:08.000Z</time>
        <extensions>
          <ns3:TrackPointExtension>
            <ns3:hr>94</ns3:hr>
            <ns3:cad>59</ns3:cad>
          </ns3:TrackPointExtension>
        </extensions>
      </trkpt>
      <trkpt lat="42.60058172978460788726806640625" lon="-5.57878218591213226318359375">
        <ele>821.5999755859375</ele>
        <time>2025-10-03T10:48:17.000Z</time>
        <extensions>
          <ns3:TrackPointExtension>
            <ns3:hr>95</ns3:hr>
            <ns3:cad>59</ns3:cad>
          </ns3:TrackPointExtension>
        </extensions>
      </trkpt>
      <trkpt lat="42.60058424435555934906005859375" lon="-5.57880054228007793426513671875">
        <ele>821.5999755859375</ele>
        <time>2025-10-03T10:48:18.000Z</time>
        <extensions>
          <ns3:TrackPointExtension>
            <ns3:hr>95</ns3:hr>
            <ns3:cad>59</ns3:cad>
          </ns3:TrackPointExtension>
        </extensions>
      </trkpt>
      <trkpt lat="42.60058407671749591827392578125" lon="-5.578947477042675018310546875">
        <ele>821.5999755859375</ele>
        <time>2025-10-03T10:48:25.000Z</time>
        <extensions>
          <ns3:TrackPointExtension>
            <ns3:hr>96</ns3:hr>
            <ns3:cad>58</ns3:cad>
          </ns3:TrackPointExtension>
        </extensions>
      </trkpt>
      <trkpt lat="42.60059840977191925048828125" lon="-5.579110421240329742431640625">
        <ele>821.5999755859375</ele>
        <time>2025-10-03T10:48:34.000Z</time>
        <extensions>
          <ns3:TrackPointExtension>
            <ns3:hr>96</ns3:hr>
            <ns3:cad>59</ns3:cad>
          </ns3:TrackPointExtension>
        </extensions>
      </trkpt>
      <trkpt lat="42.60063017718493938446044921875" lon="-5.5792037956416606903076171875">
        <ele>821.79998779296875</ele>
        <time>2025-10-03T10:48:41.000Z</time>
        <extensions>
          <ns3:TrackPointExtension>
            <ns3:hr>95</ns3:hr>
            <ns3:cad>59</ns3:cad>
          </ns3:TrackPointExtension>
        </extensions>
      </trkpt>
      <trkpt lat="42.6006532274186611175537109375" lon="-5.5793313682079315185546875">
        <ele>821.79998779296875</ele>
        <time>2025-10-03T10:48:49.000Z</time>
        <extensions>
          <ns3:TrackPointExtension>
            <ns3:hr>93</ns3:hr>
            <ns3:cad>59</ns3:cad>
          </ns3:TrackPointExtension>
        </extensions>
      </trkpt>
      <trkpt lat="42.60068667121231555938720703125" lon="-5.57942549698054790496826171875">
        <ele>821.79998779296875</ele>
        <time>2025-10-03T10:48:55.000Z</time>
        <extensions>
          <ns3:TrackPointExtension>
            <ns3:hr>96</ns3:hr>
            <ns3:cad>59</ns3:cad>
          </ns3:TrackPointExtension>
        </extensions>
      </trkpt>
      <trkpt lat="42.60072271339595317840576171875" lon="-5.5795608647167682647705078125">
        <ele>822</ele>
        <time>2025-10-03T10:49:04.000Z</time>
        <extensions>
          <ns3:TrackPointExtension>
            <ns3:hr>96</ns3:hr>
            <ns3:cad>57</ns3:cad>
          </ns3:TrackPointExtension>
        </extensions>
      </trkpt>
      <trkpt lat="42.60076227597892284393310546875" lon="-5.5796567536890506744384765625">
        <ele>822</ele>
        <time>2025-10-03T10:49:10.000Z</time>
        <extensions>
          <ns3:TrackPointExtension>
            <ns3:hr>97</ns3:hr>
            <ns3:cad>56</ns3:cad>
          </ns3:TrackPointExtension>
        </extensions>
      </trkpt>
      <trkpt lat="42.600820362567901611328125" lon="-5.57972590439021587371826171875">
        <ele>821.79998779296875</ele>
        <time>2025-10-03T10:49:17.000Z</time>
        <extensions>
          <ns3:TrackPointExtension>
            <ns3:hr>96</ns3:hr>
            <ns3:cad>50</ns3:cad>
          </ns3:TrackPointExtension>
        </extensions>
      </trkpt>
      <trkpt lat="42.6008517108857631683349609375" lon="-5.57977049611508846282958984375">
        <ele>822</ele>
        <time>2025-10-03T10:49:20.000Z</time>
        <extensions>
          <ns3:TrackPointExtension>
            <ns3:hr>96</ns3:hr>
            <ns3:cad>53</ns3:cad>
          </ns3:TrackPointExtension>
        </extensions>
      </trkpt>
      <trkpt lat="42.60085347108542919158935546875" lon="-5.57976387441158294677734375">
        <ele>822</ele>
        <time>2025-10-03T10:49:23.000Z</time>
        <extensions>
          <ns3:TrackPointExtension>
            <ns3:hr>96</ns3:hr>
            <ns3:cad>54</ns3:cad>
          </ns3:TrackPointExtension>
        </extensions>
      </trkpt>
      <trkpt lat="42.60088766925036907196044921875" lon="-5.5796973221004009246826171875">
        <ele>822.4000244140625</ele>
        <time>2025-10-03T10:49:30.000Z</time>
        <extensions>
          <ns3:TrackPointExtension>
            <ns3:hr>95</ns3:hr>
            <ns3:cad>57</ns3:cad>
          </ns3:TrackPointExtension>
        </extensions>
      </trkpt>
      <trkpt lat="42.600905857980251312255859375" lon="-5.57967376895248889923095703125">
        <ele>822.4000244140625</ele>
        <time>2025-10-03T10:49:32.000Z</time>
        <extensions>
          <ns3:TrackPointExtension>
            <ns3:hr>96</ns3:hr>
            <ns3:cad>55</ns3:cad>
          </ns3:TrackPointExtension>
        </extensions>
      </trkpt>
      <trkpt lat="42.60091667063534259796142578125" lon="-5.57964183390140533447265625">
        <ele>822.20001220703125</ele>
        <time>2025-10-03T10:49:34.000Z</time>
        <extensions>
          <ns3:TrackPointExtension>
            <ns3:hr>95</ns3:hr>
            <ns3:cad>55</ns3:cad>
          </ns3:TrackPointExtension>
        </extensions>
      </trkpt>
      <trkpt lat="42.600922621786594390869140625" lon="-5.57961224578320980072021484375">
        <ele>822.4000244140625</ele>
        <time>2025-10-03T10:49:36.000Z</time>
        <extensions>
          <ns3:TrackPointExtension>
            <ns3:hr>99</ns3:hr>
            <ns3:cad>55</ns3:cad>
          </ns3:TrackPointExtension>
        </extensions>
      </trkpt>
      <trkpt lat="42.600924633443355560302734375" lon="-5.57959212921559810638427734375">
        <ele>822.4000244140625</ele>
        <time>2025-10-03T10:49:37.000Z</time>
        <extensions>
          <ns3:TrackPointExtension>
            <ns3:hr>99</ns3:hr>
            <ns3:cad>53</ns3:cad>
          </ns3:TrackPointExtension>
        </extensions>
      </trkpt>
      <trkpt lat="42.60093645192682743072509765625" lon="-5.579550303518772125244140625">
        <ele>822.5999755859375</ele>
        <time>2025-10-03T10:49:42.000Z</time>
        <extensions>
          <ns3:TrackPointExtension>
            <ns3:hr>99</ns3:hr>
            <ns3:cad>0</ns3:cad>
          </ns3:TrackPointExtension>
        </extensions>
      </trkpt>
      <trkpt lat="42.6009449176490306854248046875" lon="-5.57955474592745304107666015625">
        <ele>822.5999755859375</ele>
        <time>2025-10-03T10:49:43.000Z</time>
        <extensions>
          <ns3:TrackPointExtension>
            <ns3:hr>99</ns3:hr>
            <ns3:cad>0</ns3:cad>
          </ns3:TrackPointExtension>
        </extensions>
      </trkpt>
      <trkpt lat="42.6009584963321685791015625" lon="-5.57956983335316181182861328125">
        <ele>823</ele>
        <time>2025-10-03T10:51:02.000Z</time>
        <extensions>
          <ns3:TrackPointExtension>
            <ns3:hr>96</ns3:hr>
            <ns3:cad>0</ns3:cad>
          </ns3:TrackPointExtension>
        </extensions>
      </trkpt>
      <trkpt lat="42.60096427984535694122314453125" lon="-5.57961425743997097015380859375">
        <ele>823</ele>
        <time>2025-10-03T10:51:05.000Z</time>
        <extensions>
          <ns3:TrackPointExtension>
            <ns3:hr>93</ns3:hr>
            <ns3:cad>0</ns3:cad>
          </ns3:TrackPointExtension>
        </extensions>
      </trkpt>
      <trkpt lat="42.60096914134919643402099609375" lon="-5.57962615974247455596923828125">
        <ele>822.79998779296875</ele>
        <time>2025-10-03T10:51:06.000Z</time>
        <extensions>
          <ns3:TrackPointExtension>
            <ns3:hr>92</ns3:hr>
            <ns3:cad>46</ns3:cad>
          </ns3:TrackPointExtension>
        </extensions>
      </trkpt>
      <trkpt lat="42.60097500868141651153564453125" lon="-5.579732023179531097412109375">
        <ele>822.5999755859375</ele>
        <time>2025-10-03T10:51:13.000Z</time>
        <extensions>
          <ns3:TrackPointExtension>
            <ns3:hr>89</ns3:hr>
            <ns3:cad>53</ns3:cad>
          </ns3:TrackPointExtension>
        </extensions>
      </trkpt>
      <trkpt lat="42.60097031481564044952392578125" lon="-5.57973428629338741302490234375">
        <ele>822.5999755859375</ele>
        <time>2025-10-03T10:51:14.000Z</time>
        <extensions>
          <ns3:TrackPointExtension>
            <ns3:hr>89</ns3:hr>
            <ns3:cad>53</ns3:cad>
          </ns3:TrackPointExtension>
        </extensions>
      </trkpt>
      <trkpt lat="42.60096914134919643402099609375" lon="-5.57973629795014858245849609375">
        <ele>822.5999755859375</ele>
        <time>2025-10-03T10:51:16.000Z</time>
        <extensions>
          <ns3:TrackPointExtension>
            <ns3:hr>86</ns3:hr>
            <ns3:cad>0</ns3:cad>
          </ns3:TrackPointExtension>
        </extensions>
      </trkpt>
      <trkpt lat="42.6009610109031200408935546875" lon="-5.57975926436483860015869140625">
        <ele>822.79998779296875</ele>
        <time>2025-10-03T10:51:19.000Z</time>
        <extensions>
          <ns3:TrackPointExtension>
            <ns3:hr>83</ns3:hr>
            <ns3:cad>55</ns3:cad>
          </ns3:TrackPointExtension>
        </extensions>
      </trkpt>
      <trkpt lat="42.6009571552276611328125" lon="-5.5797710828483104705810546875">
        <ele>822.79998779296875</ele>
        <time>2025-10-03T10:51:21.000Z</time>
        <extensions>
          <ns3:TrackPointExtension>
            <ns3:hr>82</ns3:hr>
            <ns3:cad>57</ns3:cad>
          </ns3:TrackPointExtension>
        </extensions>
      </trkpt>
      <trkpt lat="42.60098758153617382049560546875" lon="-5.57980167679488658905029296875">
        <ele>822.79998779296875</ele>
        <time>2025-10-03T10:51:28.000Z</time>
        <extensions>
          <ns3:TrackPointExtension>
            <ns3:hr>83</ns3:hr>
            <ns3:cad>57</ns3:cad>
          </ns3:TrackPointExtension>
        </extensions>
      </trkpt>
      <trkpt lat="42.6010575704276561737060546875" lon="-5.57982422411441802978515625">
        <ele>823.20001220703125</ele>
        <time>2025-10-03T10:51:35.000Z</time>
        <extensions>
          <ns3:TrackPointExtension>
            <ns3:hr>83</ns3:hr>
            <ns3:cad>57</ns3:cad>
          </ns3:TrackPointExtension>
        </extensions>
      </trkpt>
      <trkpt lat="42.60107022710144519805908203125" lon="-5.57982665486633777618408203125">
        <ele>823.4000244140625</ele>
        <time>2025-10-03T10:51:36.000Z</time>
        <extensions>
          <ns3:TrackPointExtension>
            <ns3:hr>83</ns3:hr>
            <ns3:cad>56</ns3:cad>
          </ns3:TrackPointExtension>
        </extensions>
      </trkpt>
      <trkpt lat="42.60116410441696643829345703125" lon="-5.57981357909739017486572265625">
        <ele>823</ele>
        <time>2025-10-03T10:51:43.000Z</time>
        <extensions>
          <ns3:TrackPointExtension>
            <ns3:hr>85</ns3:hr>
            <ns3:cad>58</ns3:cad>
          </ns3:TrackPointExtension>
        </extensions>
      </trkpt>
      <trkpt lat="42.60124071501195430755615234375" lon="-5.5798025988042354583740234375">
        <ele>823.5999755859375</ele>
        <time>2025-10-03T10:51:50.000Z</time>
        <extensions>
          <ns3:TrackPointExtension>
            <ns3:hr>87</ns3:hr>
            <ns3:cad>59</ns3:cad>
          </ns3:TrackPointExtension>
        </extensions>
      </trkpt>
      <trkpt lat="42.60125395841896533966064453125" lon="-5.57979832403361797332763671875">
        <ele>823.79998779296875</ele>
        <time>2025-10-03T10:51:51.000Z</time>
        <extensions>
          <ns3:TrackPointExtension>
            <ns3:hr>90</ns3:hr>
            <ns3:cad>59</ns3:cad>
          </ns3:TrackPointExtension>
        </extensions>
      </trkpt>
      <trkpt lat="42.60127030313014984130859375" lon="-5.57979396544396877288818359375">
        <ele>824</ele>
        <time>2025-10-03T10:51:52.000Z</time>
        <extensions>
          <ns3:TrackPointExtension>
            <ns3:hr>91</ns3:hr>
            <ns3:cad>58</ns3:cad>
          </ns3:TrackPointExtension>
        </extensions>
      </trkpt>
      <trkpt lat="42.60135487653315067291259765625" lon="-5.57976613752543926239013671875">
        <ele>823.4000244140625</ele>
        <time>2025-10-03T10:51:58.000Z</time>
        <extensions>
          <ns3:TrackPointExtension>
            <ns3:hr>92</ns3:hr>
            <ns3:cad>57</ns3:cad>
          </ns3:TrackPointExtension>
        </extensions>
      </trkpt>
      <trkpt lat="42.6014225184917449951171875" lon="-5.57973302900791168212890625">
        <ele>823.5999755859375</ele>
        <time>2025-10-03T10:52:04.000Z</time>
        <extensions>
          <ns3:TrackPointExtension>
            <ns3:hr>95</ns3:hr>
            <ns3:cad>57</ns3:cad>
          </ns3:TrackPointExtension>
        </extensions>
      </trkpt>
      <trkpt lat="42.601429559290409088134765625" lon="-5.57971903122961521148681640625">
        <ele>823.79998779296875</ele>
        <time>2025-10-03T10:52:05.000Z</time>
        <extensions>
          <ns3:TrackPointExtension>
            <ns3:hr>96</ns3:hr>
            <ns3:cad>57</ns3:cad>
          </ns3:TrackPointExtension>
        </extensions>
      </trkpt>
      <trkpt lat="42.6014401204884052276611328125" lon="-5.57970528490841388702392578125">
        <ele>823.79998779296875</ele>
        <time>2025-10-03T10:52:06.000Z</time>
        <extensions>
          <ns3:TrackPointExtension>
            <ns3:hr>97</ns3:hr>
            <ns3:cad>57</ns3:cad>
          </ns3:TrackPointExtension>
        </extensions>
      </trkpt>
      <trkpt lat="42.60146015323698520660400390625" lon="-5.57966706342995166778564453125">
        <ele>823.79998779296875</ele>
        <time>2025-10-03T10:52:09.000Z</time>
        <extensions>
          <ns3:TrackPointExtension>
            <ns3:hr>100</ns3:hr>
            <ns3:cad>56</ns3:cad>
          </ns3:TrackPointExtension>
        </extensions>
      </trkpt>
      <trkpt lat="42.60147457011044025421142578125" lon="-5.57965683750808238983154296875">
        <ele>823.79998779296875</ele>
        <time>2025-10-03T10:52:11.000Z</time>
        <extensions>
          <ns3:TrackPointExtension>
            <ns3:hr>100</ns3:hr>
            <ns3:cad>56</ns3:cad>
          </ns3:TrackPointExtension>
        </extensions>
      </trkpt>
      <trkpt lat="42.60151782073080539703369140625" lon="-5.5796322785317897796630859375">
        <ele>824.20001220703125</ele>
        <time>2025-10-03T10:52:15.000Z</time>
        <extensions>
          <ns3:TrackPointExtension>
            <ns3:hr>100</ns3:hr>
            <ns3:cad>55</ns3:cad>
          </ns3:TrackPointExtension>
        </extensions>
      </trkpt>
      <trkpt lat="42.60161136277019977569580078125" lon="-5.5795739404857158660888671875">
        <ele>824.4000244140625</ele>
        <time>2025-10-03T10:52:24.000Z</time>
        <extensions>
          <ns3:TrackPointExtension>
            <ns3:hr>99</ns3:hr>
            <ns3:cad>56</ns3:cad>
          </ns3:TrackPointExtension>
        </extensions>
      </trkpt>
      <trkpt lat="42.601613961160182952880859375" lon="-5.5795856751501560211181640625">
        <ele>824.4000244140625</ele>
        <time>2025-10-03T10:52:27.000Z</time>
        <extensions>
          <ns3:TrackPointExtension>
            <ns3:hr>97</ns3:hr>
            <ns3:cad>0</ns3:cad>
          </ns3:TrackPointExtension>
        </extensions>
      </trkpt>
      <trkpt lat="42.601632736623287200927734375" lon="-5.57959782890975475311279296875">
        <ele>824.79998779296875</ele>
        <time>2025-10-03T10:52:32.000Z</time>
        <extensions>
          <ns3:TrackPointExtension>
            <ns3:hr>97</ns3:hr>
            <ns3:cad>0</ns3:cad>
          </ns3:TrackPointExtension>
        </extensions>
      </trkpt>
      <trkpt lat="42.6016463153064250946044921875" lon="-5.5795927159488201141357421875">
        <ele>824.79998779296875</ele>
        <time>2025-10-03T10:52:34.000Z</time>
        <extensions>
          <ns3:TrackPointExtension>
            <ns3:hr>97</ns3:hr>
            <ns3:cad>0</ns3:cad>
          </ns3:TrackPointExtension>
        </extensions>
      </trkpt>
      <trkpt lat="42.60170339606702327728271484375" lon="-5.579567737877368927001953125">
        <ele>824.5999755859375</ele>
        <time>2025-10-03T10:52:41.000Z</time>
        <extensions>
          <ns3:TrackPointExtension>
            <ns3:hr>97</ns3:hr>
            <ns3:cad>53</ns3:cad>
          </ns3:TrackPointExtension>
        </extensions>
      </trkpt>
      <trkpt lat="42.60177648626267910003662109375" lon="-5.57949691079556941986083984375">
        <ele>824.79998779296875</ele>
        <time>2025-10-03T10:52:49.000Z</time>
        <extensions>
          <ns3:TrackPointExtension>
            <ns3:hr>96</ns3:hr>
            <ns3:cad>56</ns3:cad>
          </ns3:TrackPointExtension>
        </extensions>
      </trkpt>
      <trkpt lat="42.601802386343479156494140625" lon="-5.57949020527303218841552734375">
        <ele>824.79998779296875</ele>
        <time>2025-10-03T10:52:56.000Z</time>
        <extensions>
          <ns3:TrackPointExtension>
            <ns3:hr>95</ns3:hr>
            <ns3:cad>52</ns3:cad>
          </ns3:TrackPointExtension>
        </extensions>
      </trkpt>
      <trkpt lat="42.6018082536756992340087890625" lon="-5.57951099239289760589599609375">
        <ele>825</ele>
        <time>2025-10-03T10:53:00.000Z</time>
        <extensions>
          <ns3:TrackPointExtension>
            <ns3:hr>93</ns3:hr>
            <ns3:cad>57</ns3:cad>
          </ns3:TrackPointExtension>
        </extensions>
      </trkpt>
      <trkpt lat="42.60184270329773426055908203125" lon="-5.57955860160291194915771484375">
        <ele>825.20001220703125</ele>
        <time>2025-10-03T10:53:04.000Z</time>
        <extensions>
          <ns3:TrackPointExtension>
            <ns3:hr>93</ns3:hr>
            <ns3:cad>56</ns3:cad>
          </ns3:TrackPointExtension>
        </extensions>
      </trkpt>
      <trkpt lat="42.601883523166179656982421875" lon="-5.57959078811109066009521484375">
        <ele>825.4000244140625</ele>
        <time>2025-10-03T10:53:08.000Z</time>
        <extensions>
          <ns3:TrackPointExtension>
            <ns3:hr>92</ns3:hr>
            <ns3:cad>55</ns3:cad>
          </ns3:TrackPointExtension>
        </extensions>
      </trkpt>
      <trkpt lat="42.6018877141177654266357421875" lon="-5.57959581725299358367919921875">
        <ele>825.4000244140625</ele>
        <time>2025-10-03T10:53:15.000Z</time>
        <extensions>
          <ns3:TrackPointExtension>
            <ns3:hr>92</ns3:hr>
            <ns3:cad>0</ns3:cad>
          </ns3:TrackPointExtension>
        </extensions>
      </trkpt>
      <trkpt lat="42.60189500637352466583251953125" lon="-5.57961207814514636993408203125">
        <ele>825.5999755859375</ele>
        <time>2025-10-03T10:53:17.000Z</time>
        <extensions>
          <ns3:TrackPointExtension>
            <ns3:hr>92</ns3:hr>
            <ns3:cad>0</ns3:cad>
          </ns3:TrackPointExtension>
        </extensions>
      </trkpt>
      <trkpt lat="42.601884864270687103271484375" lon="-5.57968474924564361572265625">
        <ele>825.4000244140625</ele>
        <time>2025-10-03T10:53:23.000Z</time>
        <extensions>
          <ns3:TrackPointExtension>
            <ns3:hr>92</ns3:hr>
            <ns3:cad>57</ns3:cad>
          </ns3:TrackPointExtension>
        </extensions>
      </trkpt>
      <trkpt lat="42.6018441282212734222412109375" lon="-5.579828582704067230224609375">
        <ele>825.20001220703125</ele>
        <time>2025-10-03T10:53:31.000Z</time>
        <extensions>
          <ns3:TrackPointExtension>
            <ns3:hr>92</ns3:hr>
            <ns3:cad>58</ns3:cad>
          </ns3:TrackPointExtension>
        </extensions>
      </trkpt>
      <trkpt lat="42.601810432970523834228515625" lon="-5.57994953356683254241943359375">
        <ele>825.4000244140625</ele>
        <time>2025-10-03T10:53:39.000Z</time>
        <extensions>
          <ns3:TrackPointExtension>
            <ns3:hr>92</ns3:hr>
            <ns3:cad>58</ns3:cad>
          </ns3:TrackPointExtension>
        </extensions>
      </trkpt>
      <trkpt lat="42.60178905911743640899658203125" lon="-5.579972751438617706298828125">
        <ele>825.4000244140625</ele>
        <time>2025-10-03T10:53:41.000Z</time>
        <extensions>
          <ns3:TrackPointExtension>
            <ns3:hr>92</ns3:hr>
            <ns3:cad>58</ns3:cad>
          </ns3:TrackPointExtension>
        </extensions>
      </trkpt>
      <trkpt lat="42.60175318457186222076416015625" lon="-5.58001692406833171844482421875">
        <ele>825</ele>
        <time>2025-10-03T10:53:45.000Z</time>
        <extensions>
          <ns3:TrackPointExtension>
            <ns3:hr>92</ns3:hr>
            <ns3:cad>58</ns3:cad>
          </ns3:TrackPointExtension>
        </extensions>
      </trkpt>
      <trkpt lat="42.601751424372196197509765625" lon="-5.58003938756883144378662109375">
        <ele>825</ele>
        <time>2025-10-03T10:53:47.000Z</time>
        <extensions>
          <ns3:TrackPointExtension>
            <ns3:hr>91</ns3:hr>
            <ns3:cad>58</ns3:cad>
          </ns3:TrackPointExtension>
        </extensions>
      </trkpt>
      <trkpt lat="42.6017760671675205230712890625" lon="-5.58013108558952808380126953125">
        <ele>824.79998779296875</ele>
        <time>2025-10-03T10:53:51.000Z</time>
        <extensions>
          <ns3:TrackPointExtension>
            <ns3:hr>88</ns3:hr>
            <ns3:cad>57</ns3:cad>
          </ns3:TrackPointExtension>
        </extensions>
      </trkpt>
      <trkpt lat="42.60182342492043972015380859375" lon="-5.58029092848300933837890625">
        <ele>825.20001220703125</ele>
        <time>2025-10-03T10:54:02.000Z</time>
        <extensions>
          <ns3:TrackPointExtension>
            <ns3:hr>87</ns3:hr>
            <ns3:cad>58</ns3:cad>
          </ns3:TrackPointExtension>
        </extensions>
      </trkpt>
      <trkpt lat="42.601812779903411865234375" lon="-5.58037340641021728515625">
        <ele>825.4000244140625</ele>
        <time>2025-10-03T10:54:08.000Z</time>
        <extensions>
          <ns3:TrackPointExtension>
            <ns3:hr>90</ns3:hr>
            <ns3:cad>56</ns3:cad>
          </ns3:TrackPointExtension>
        </extensions>
      </trkpt>
      <trkpt lat="42.60180599056184291839599609375" lon="-5.580389164388179779052734375">
        <ele>825.4000244140625</ele>
        <time>2025-10-03T10:54:09.000Z</time>
        <extensions>
          <ns3:TrackPointExtension>
            <ns3:hr>90</ns3:hr>
            <ns3:cad>57</ns3:cad>
          </ns3:TrackPointExtension>
        </extensions>
      </trkpt>
      <trkpt lat="42.6017445512115955352783203125" lon="-5.5805465765297412872314453125">
        <ele>825.4000244140625</ele>
        <time>2025-10-03T10:54:19.000Z</time>
        <extensions>
          <ns3:TrackPointExtension>
            <ns3:hr>91</ns3:hr>
            <ns3:cad>58</ns3:cad>
          </ns3:TrackPointExtension>
        </extensions>
      </trkpt>
      <trkpt lat="42.60173566639423370361328125" lon="-5.580746233463287353515625">
        <ele>825.4000244140625</ele>
        <time>2025-10-03T10:54:30.000Z</time>
        <extensions>
          <ns3:TrackPointExtension>
            <ns3:hr>93</ns3:hr>
            <ns3:cad>58</ns3:cad>
          </ns3:TrackPointExtension>
        </extensions>
      </trkpt>
      <trkpt lat="42.6017116941511631011962890625" lon="-5.58093792758882045745849609375">
        <ele>825.5999755859375</ele>
        <time>2025-10-03T10:54:41.000Z</time>
        <extensions>
          <ns3:TrackPointExtension>
            <ns3:hr>92</ns3:hr>
            <ns3:cad>58</ns3:cad>
          </ns3:TrackPointExtension>
        </extensions>
      </trkpt>
      <trkpt lat="42.60168663226068019866943359375" lon="-5.5810897238552570343017578125">
        <ele>825.5999755859375</ele>
        <time>2025-10-03T10:54:51.000Z</time>
        <extensions>
          <ns3:TrackPointExtension>
            <ns3:hr>95</ns3:hr>
            <ns3:cad>58</ns3:cad>
          </ns3:TrackPointExtension>
        </extensions>
      </trkpt>
      <trkpt lat="42.60168470442295074462890625" lon="-5.58110338635742664337158203125">
        <ele>825.5999755859375</ele>
        <time>2025-10-03T10:54:52.000Z</time>
        <extensions>
          <ns3:TrackPointExtension>
            <ns3:hr>95</ns3:hr>
            <ns3:cad>58</ns3:cad>
          </ns3:TrackPointExtension>
        </extensions>
      </trkpt>
      <trkpt lat="42.6016352511942386627197265625" lon="-5.5812660790979862213134765625">
        <ele>825.79998779296875</ele>
        <time>2025-10-03T10:55:04.000Z</time>
        <extensions>
          <ns3:TrackPointExtension>
            <ns3:hr>97</ns3:hr>
            <ns3:cad>56</ns3:cad>
          </ns3:TrackPointExtension>
        </extensions>
      </trkpt>
      <trkpt lat="42.60158571414649486541748046875" lon="-5.5813096649944782257080078125">
        <ele>825.5999755859375</ele>
        <time>2025-10-03T10:55:09.000Z</time>
        <extensions>
          <ns3:TrackPointExtension>
            <ns3:hr>94</ns3:hr>
            <ns3:cad>56</ns3:cad>
          </ns3:TrackPointExtension>
        </extensions>
      </trkpt>
      <trkpt lat="42.60155268944799900054931640625" lon="-5.5813478864729404449462890625">
        <ele>825.79998779296875</ele>
        <time>2025-10-03T10:55:13.000Z</time>
        <extensions>
          <ns3:TrackPointExtension>
            <ns3:hr>92</ns3:hr>
            <ns3:cad>55</ns3:cad>
          </ns3:TrackPointExtension>
        </extensions>
      </trkpt>
      <trkpt lat="42.6015400327742099761962890625" lon="-5.58136573992669582366943359375">
        <ele>826</ele>
        <time>2025-10-03T10:55:15.000Z</time>
        <extensions>
          <ns3:TrackPointExtension>
            <ns3:hr>92</ns3:hr>
            <ns3:cad>55</ns3:cad>
          </ns3:TrackPointExtension>
        </extensions>
      </trkpt>
      <trkpt lat="42.60154246352612972259521484375" lon="-5.58136439882218837738037109375">
        <ele>826.5999755859375</ele>
        <time>2025-10-03T10:55:18.000Z</time>
        <extensions>
          <ns3:TrackPointExtension>
            <ns3:hr>92</ns3:hr>
            <ns3:cad>0</ns3:cad>
          </ns3:TrackPointExtension>
        </extensions>
      </trkpt>
      <trkpt lat="42.60153274051845073699951171875" lon="-5.581381581723690032958984375">
        <ele>825.79998779296875</ele>
        <time>2025-10-03T10:55:27.000Z</time>
        <extensions>
          <ns3:TrackPointExtension>
            <ns3:hr>89</ns3:hr>
            <ns3:cad>0</ns3:cad>
          </ns3:TrackPointExtension>
        </extensions>
      </trkpt>
      <trkpt lat="42.60152955539524555206298828125" lon="-5.58139809407293796539306640625">
        <ele>825.79998779296875</ele>
        <time>2025-10-03T10:55:28.000Z</time>
        <extensions>
          <ns3:TrackPointExtension>
            <ns3:hr>89</ns3:hr>
            <ns3:cad>0</ns3:cad>
          </ns3:TrackPointExtension>
        </extensions>
      </trkpt>
      <trkpt lat="42.60150759480893611907958984375" lon="-5.5814974196255207061767578125">
        <ele>825.5999755859375</ele>
        <time>2025-10-03T10:55:34.000Z</time>
        <extensions>
          <ns3:TrackPointExtension>
            <ns3:hr>92</ns3:hr>
            <ns3:cad>56</ns3:cad>
          </ns3:TrackPointExtension>
        </extensions>
      </trkpt>
      <trkpt lat="42.60147607885301113128662109375" lon="-5.58157780207693576812744140625">
        <ele>825.5999755859375</ele>
        <time>2025-10-03T10:55:39.000Z</time>
        <extensions>
          <ns3:TrackPointExtension>
            <ns3:hr>92</ns3:hr>
            <ns3:cad>57</ns3:cad>
          </ns3:TrackPointExtension>
        </extensions>
      </trkpt>
      <trkpt lat="42.60144062340259552001953125" lon="-5.5817190371453762054443359375">
        <ele>825.5999755859375</ele>
        <time>2025-10-03T10:55:48.000Z</time>
        <extensions>
          <ns3:TrackPointExtension>
            <ns3:hr>92</ns3:hr>
            <ns3:cad>58</ns3:cad>
          </ns3:TrackPointExtension>
        </extensions>
      </trkpt>
      <trkpt lat="42.6014770008623600006103515625" lon="-5.581919364631175994873046875">
        <ele>825.79998779296875</ele>
        <time>2025-10-03T10:56:00.000Z</time>
        <extensions>
          <ns3:TrackPointExtension>
            <ns3:hr>92</ns3:hr>
            <ns3:cad>58</ns3:cad>
          </ns3:TrackPointExtension>
        </extensions>
      </trkpt>
      <trkpt lat="42.6014719717204570770263671875" lon="-5.5820774473249912261962890625">
        <ele>825.79998779296875</ele>
        <time>2025-10-03T10:56:10.000Z</time>
        <extensions>
          <ns3:TrackPointExtension>
            <ns3:hr>93</ns3:hr>
            <ns3:cad>56</ns3:cad>
          </ns3:TrackPointExtension>
        </extensions>
      </trkpt>
      <trkpt lat="42.60146073997020721435546875" lon="-5.5823086202144622802734375">
        <ele>826</ele>
        <time>2025-10-03T10:56:24.000Z</time>
        <extensions>
          <ns3:TrackPointExtension>
            <ns3:hr>93</ns3:hr>
            <ns3:cad>57</ns3:cad>
          </ns3:TrackPointExtension>
        </extensions>
      </trkpt>
      <trkpt lat="42.6014451496303081512451171875" lon="-5.5824677087366580963134765625">
        <ele>826.20001220703125</ele>
        <time>2025-10-03T10:56:35.000Z</time>
        <extensions>
          <ns3:TrackPointExtension>
            <ns3:hr>93</ns3:hr>
            <ns3:cad>57</ns3:cad>
          </ns3:TrackPointExtension>
        </extensions>
      </trkpt>
      <trkpt lat="42.60140432976186275482177734375" lon="-5.5825810320675373077392578125">
        <ele>826.5999755859375</ele>
        <time>2025-10-03T10:56:44.000Z</time>
        <extensions>
          <ns3:TrackPointExtension>
            <ns3:hr>94</ns3:hr>
            <ns3:cad>55</ns3:cad>
          </ns3:TrackPointExtension>
        </extensions>
      </trkpt>
      <trkpt lat="42.60135320015251636505126953125" lon="-5.58272142894566059112548828125">
        <ele>826.5999755859375</ele>
        <time>2025-10-03T10:56:54.000Z</time>
        <extensions>
          <ns3:TrackPointExtension>
            <ns3:hr>93</ns3:hr>
            <ns3:cad>57</ns3:cad>
          </ns3:TrackPointExtension>
        </extensions>
      </trkpt>
      <trkpt lat="42.60127843357622623443603515625" lon="-5.58287096209824085235595703125">
        <ele>826.4000244140625</ele>
        <time>2025-10-03T10:57:04.000Z</time>
        <extensions>
          <ns3:TrackPointExtension>
            <ns3:hr>93</ns3:hr>
            <ns3:cad>57</ns3:cad>
          </ns3:TrackPointExtension>
        </extensions>
      </trkpt>
      <trkpt lat="42.60122445411980152130126953125" lon="-5.5830222554504871368408203125">
        <ele>826.20001220703125</ele>
        <time>2025-10-03T10:57:15.000Z</time>
        <extensions>
          <ns3:TrackPointExtension>
            <ns3:hr>93</ns3:hr>
            <ns3:cad>58</ns3:cad>
          </ns3:TrackPointExtension>
        </extensions>
      </trkpt>
      <trkpt lat="42.60115639306604862213134765625" lon="-5.58320975862443447113037109375">
        <ele>826.4000244140625</ele>
        <time>2025-10-03T10:57:27.000Z</time>
        <extensions>
          <ns3:TrackPointExtension>
            <ns3:hr>92</ns3:hr>
            <ns3:cad>58</ns3:cad>
          </ns3:TrackPointExtension>
        </extensions>
      </trkpt>
      <trkpt lat="42.60110761038959026336669921875" lon="-5.58339650742709636688232421875">
        <ele>826.20001220703125</ele>
        <time>2025-10-03T10:57:39.000Z</time>
        <extensions>
          <ns3:TrackPointExtension>
            <ns3:hr>91</ns3:hr>
            <ns3:cad>57</ns3:cad>
          </ns3:TrackPointExtension>
        </extensions>
      </trkpt>
      <trkpt lat="42.60103066451847553253173828125" lon="-5.58354302309453487396240234375">
        <ele>825.79998779296875</ele>
        <time>2025-10-03T10:57:50.000Z</time>
        <extensions>
          <ns3:TrackPointExtension>
            <ns3:hr>91</ns3:hr>
            <ns3:cad>57</ns3:cad>
          </ns3:TrackPointExtension>
        </extensions>
      </trkpt>
      <trkpt lat="42.6009864918887615203857421875" lon="-5.583669841289520263671875">
        <ele>826.20001220703125</ele>
        <time>2025-10-03T10:57:59.000Z</time>
        <extensions>
          <ns3:TrackPointExtension>
            <ns3:hr>90</ns3:hr>
            <ns3:cad>57</ns3:cad>
          </ns3:TrackPointExtension>
        </extensions>
      </trkpt>
      <trkpt lat="42.60094734840095043182373046875" lon="-5.58377780020236968994140625">
        <ele>825.5999755859375</ele>
        <time>2025-10-03T10:58:07.000Z</time>
        <extensions>
          <ns3:TrackPointExtension>
            <ns3:hr>90</ns3:hr>
            <ns3:cad>57</ns3:cad>
          </ns3:TrackPointExtension>
        </extensions>
      </trkpt>
      <trkpt lat="42.60087476111948490142822265625" lon="-5.5839425884187221527099609375">
        <ele>826</ele>
        <time>2025-10-03T10:58:18.000Z</time>
        <extensions>
          <ns3:TrackPointExtension>
            <ns3:hr>91</ns3:hr>
            <ns3:cad>57</ns3:cad>
          </ns3:TrackPointExtension>
        </extensions>
      </trkpt>
      <trkpt lat="42.60081231594085693359375" lon="-5.5840257368981838226318359375">
        <ele>825.20001220703125</ele>
        <time>2025-10-03T10:58:26.000Z</time>
        <extensions>
          <ns3:TrackPointExtension>
            <ns3:hr>92</ns3:hr>
            <ns3:cad>56</ns3:cad>
          </ns3:TrackPointExtension>
        </extensions>
      </trkpt>
      <trkpt lat="42.60075087659060955047607421875" lon="-5.58413947932422161102294921875">
        <ele>825.20001220703125</ele>
        <time>2025-10-03T10:58:35.000Z</time>
        <extensions>
          <ns3:TrackPointExtension>
            <ns3:hr>91</ns3:hr>
            <ns3:cad>57</ns3:cad>
          </ns3:TrackPointExtension>
        </extensions>
      </trkpt>
      <trkpt lat="42.6006998308002948760986328125" lon="-5.58426822535693645477294921875">
        <ele>825</ele>
        <time>2025-10-03T10:58:44.000Z</time>
        <extensions>
          <ns3:TrackPointExtension>
            <ns3:hr>92</ns3:hr>
            <ns3:cad>57</ns3:cad>
          </ns3:TrackPointExtension>
        </extensions>
      </trkpt>
      <trkpt lat="42.600695304572582244873046875" lon="-5.5842781998217105865478515625">
        <ele>825</ele>
        <time>2025-10-03T10:58:45.000Z</time>
        <extensions>
          <ns3:TrackPointExtension>
            <ns3:hr>92</ns3:hr>
            <ns3:cad>57</ns3:cad>
          </ns3:TrackPointExtension>
        </extensions>
      </trkpt>
      <trkpt lat="42.60060167871415615081787109375" lon="-5.5844508670270442962646484375">
        <ele>824.79998779296875</ele>
        <time>2025-10-03T10:58:58.000Z</time>
        <extensions>
          <ns3:TrackPointExtension>
            <ns3:hr>91</ns3:hr>
            <ns3:cad>57</ns3:cad>
          </ns3:TrackPointExtension>
        </extensions>
      </trkpt>
      <trkpt lat="42.6005776226520538330078125" lon="-5.584535859525203704833984375">
        <ele>825</ele>
        <time>2025-10-03T10:59:04.000Z</time>
        <extensions>
          <ns3:TrackPointExtension>
            <ns3:hr>91</ns3:hr>
            <ns3:cad>57</ns3:cad>
          </ns3:TrackPointExtension>
        </extensions>
      </trkpt>
      <trkpt lat="42.6005534827709197998046875" lon="-5.58467105962336063385009765625">
        <ele>824.5999755859375</ele>
        <time>2025-10-03T10:59:13.000Z</time>
        <extensions>
          <ns3:TrackPointExtension>
            <ns3:hr>90</ns3:hr>
            <ns3:cad>58</ns3:cad>
          </ns3:TrackPointExtension>
        </extensions>
      </trkpt>
      <trkpt lat="42.6005080528557300567626953125" lon="-5.58481556363403797149658203125">
        <ele>824.5999755859375</ele>
        <time>2025-10-03T10:59:23.000Z</time>
        <extensions>
          <ns3:TrackPointExtension>
            <ns3:hr>92</ns3:hr>
            <ns3:cad>57</ns3:cad>
          </ns3:TrackPointExtension>
        </extensions>
      </trkpt>
      <trkpt lat="42.60045851580798625946044921875" lon="-5.58490156196057796478271484375">
        <ele>824.5999755859375</ele>
        <time>2025-10-03T10:59:31.000Z</time>
        <extensions>
          <ns3:TrackPointExtension>
            <ns3:hr>91</ns3:hr>
            <ns3:cad>56</ns3:cad>
          </ns3:TrackPointExtension>
        </extensions>
      </trkpt>
      <trkpt lat="42.6004420034587383270263671875" lon="-5.5850208364427089691162109375">
        <ele>824.5999755859375</ele>
        <time>2025-10-03T10:59:39.000Z</time>
        <extensions>
          <ns3:TrackPointExtension>
            <ns3:hr>91</ns3:hr>
            <ns3:cad>56</ns3:cad>
          </ns3:TrackPointExtension>
        </extensions>
      </trkpt>
      <trkpt lat="42.600396238267421722412109375" lon="-5.585110187530517578125">
        <ele>824.5999755859375</ele>
        <time>2025-10-03T10:59:45.000Z</time>
        <extensions>
          <ns3:TrackPointExtension>
            <ns3:hr>90</ns3:hr>
            <ns3:cad>55</ns3:cad>
          </ns3:TrackPointExtension>
        </extensions>
      </trkpt>
      <trkpt lat="42.600345276296138763427734375" lon="-5.58518193662166595458984375">
        <ele>824.4000244140625</ele>
        <time>2025-10-03T10:59:53.000Z</time>
        <extensions>
          <ns3:TrackPointExtension>
            <ns3:hr>91</ns3:hr>
            <ns3:cad>54</ns3:cad>
          </ns3:TrackPointExtension>
        </extensions>
      </trkpt>
      <trkpt lat="42.60031065903604030609130859375" lon="-5.58525645174086093902587890625">
        <ele>824.4000244140625</ele>
        <time>2025-10-03T10:59:59.000Z</time>
        <extensions>
          <ns3:TrackPointExtension>
            <ns3:hr>92</ns3:hr>
            <ns3:cad>54</ns3:cad>
          </ns3:TrackPointExtension>
        </extensions>
      </trkpt>
      <trkpt lat="42.6003068871796131134033203125" lon="-5.58527355082333087921142578125">
        <ele>824.4000244140625</ele>
        <time>2025-10-03T11:00:00.000Z</time>
        <extensions>
          <ns3:TrackPointExtension>
            <ns3:hr>92</ns3:hr>
            <ns3:cad>54</ns3:cad>
          </ns3:TrackPointExtension>
        </extensions>
      </trkpt>
      <trkpt lat="42.6002867706120014190673828125" lon="-5.585354603826999664306640625">
        <ele>824.4000244140625</ele>
        <time>2025-10-03T11:00:06.000Z</time>
        <extensions>
          <ns3:TrackPointExtension>
            <ns3:hr>92</ns3:hr>
            <ns3:cad>56</ns3:cad>
          </ns3:TrackPointExtension>
        </extensions>
      </trkpt>
      <trkpt lat="42.6002301089465618133544921875" lon="-5.58547086082398891448974609375">
        <ele>824.20001220703125</ele>
        <time>2025-10-03T11:00:15.000Z</time>
        <extensions>
          <ns3:TrackPointExtension>
            <ns3:hr>93</ns3:hr>
            <ns3:cad>57</ns3:cad>
          </ns3:TrackPointExtension>
        </extensions>
      </trkpt>
      <trkpt lat="42.60018928907811641693115234375" lon="-5.585585944354534149169921875">
        <ele>824.20001220703125</ele>
        <time>2025-10-03T11:00:23.000Z</time>
        <extensions>
          <ns3:TrackPointExtension>
            <ns3:hr>92</ns3:hr>
            <ns3:cad>57</ns3:cad>
          </ns3:TrackPointExtension>
        </extensions>
      </trkpt>
      <trkpt lat="42.60005249641835689544677734375" lon="-5.58569599874317646026611328125">
        <ele>824.20001220703125</ele>
        <time>2025-10-03T11:00:31.000Z</time>
        <extensions>
          <ns3:TrackPointExtension>
            <ns3:hr>92</ns3:hr>
            <ns3:cad>58</ns3:cad>
          </ns3:TrackPointExtension>
        </extensions>
      </trkpt>
      <trkpt lat="42.59993246756494045257568359375" lon="-5.5857203900814056396484375">
        <ele>824</ele>
        <time>2025-10-03T11:00:38.000Z</time>
        <extensions>
          <ns3:TrackPointExtension>
            <ns3:hr>91</ns3:hr>
            <ns3:cad>59</ns3:cad>
          </ns3:TrackPointExtension>
        </extensions>
      </trkpt>
      <trkpt lat="42.599913775920867919921875" lon="-5.58573505841195583343505859375">
        <ele>824</ele>
        <time>2025-10-03T11:00:42.000Z</time>
        <extensions>
          <ns3:TrackPointExtension>
            <ns3:hr>91</ns3:hr>
            <ns3:cad>61</ns3:cad>
          </ns3:TrackPointExtension>
        </extensions>
      </trkpt>
      <trkpt lat="42.5999176315963268280029296875" lon="-5.58574897237122058868408203125">
        <ele>823.79998779296875</ele>
        <time>2025-10-03T11:00:43.000Z</time>
        <extensions>
          <ns3:TrackPointExtension>
            <ns3:hr>91</ns3:hr>
            <ns3:cad>62</ns3:cad>
          </ns3:TrackPointExtension>
        </extensions>
      </trkpt>
      <trkpt lat="42.599922157824039459228515625" lon="-5.58578551746904850006103515625">
        <ele>823.79998779296875</ele>
        <time>2025-10-03T11:00:45.000Z</time>
        <extensions>
          <ns3:TrackPointExtension>
            <ns3:hr>91</ns3:hr>
            <ns3:cad>62</ns3:cad>
          </ns3:TrackPointExtension>
        </extensions>
      </trkpt>
      <trkpt lat="42.5999558530747890472412109375" lon="-5.58580261655151844024658203125">
        <ele>824</ele>
        <time>2025-10-03T11:00:48.000Z</time>
        <extensions>
          <ns3:TrackPointExtension>
            <ns3:hr>95</ns3:hr>
            <ns3:cad>61</ns3:cad>
          </ns3:TrackPointExtension>
        </extensions>
      </trkpt>
      <trkpt lat="42.59997990913689136505126953125" lon="-5.58580630458891391754150390625">
        <ele>824</ele>
        <time>2025-10-03T11:00:50.000Z</time>
        <extensions>
          <ns3:TrackPointExtension>
            <ns3:hr>97</ns3:hr>
            <ns3:cad>61</ns3:cad>
          </ns3:TrackPointExtension>
        </extensions>
      </trkpt>
      <trkpt lat="42.60005383752286434173583984375" lon="-5.5858912132680416107177734375">
        <ele>824.5999755859375</ele>
        <time>2025-10-03T11:00:58.000Z</time>
        <extensions>
          <ns3:TrackPointExtension>
            <ns3:hr>99</ns3:hr>
            <ns3:cad>58</ns3:cad>
          </ns3:TrackPointExtension>
        </extensions>
      </trkpt>
      <trkpt lat="42.60005417279899120330810546875" lon="-5.58602557517588138580322265625">
        <ele>824.5999755859375</ele>
        <time>2025-10-03T11:01:06.000Z</time>
        <extensions>
          <ns3:TrackPointExtension>
            <ns3:hr>101</ns3:hr>
            <ns3:cad>58</ns3:cad>
          </ns3:TrackPointExtension>
        </extensions>
      </trkpt>
      <trkpt lat="42.59999097324907779693603515625" lon="-5.58613286353647708892822265625">
        <ele>824.5999755859375</ele>
        <time>2025-10-03T11:01:15.000Z</time>
        <extensions>
          <ns3:TrackPointExtension>
            <ns3:hr>98</ns3:hr>
            <ns3:cad>57</ns3:cad>
          </ns3:TrackPointExtension>
        </extensions>
      </trkpt>
      <trkpt lat="42.59994353167712688446044921875" lon="-5.58624132536351680755615234375">
        <ele>824.4000244140625</ele>
        <time>2025-10-03T11:01:23.000Z</time>
        <extensions>
          <ns3:TrackPointExtension>
            <ns3:hr>96</ns3:hr>
            <ns3:cad>56</ns3:cad>
          </ns3:TrackPointExtension>
        </extensions>
      </trkpt>
      <trkpt lat="42.5998951680958271026611328125" lon="-5.5863760225474834442138671875">
        <ele>824.5999755859375</ele>
        <time>2025-10-03T11:01:32.000Z</time>
        <extensions>
          <ns3:TrackPointExtension>
            <ns3:hr>93</ns3:hr>
            <ns3:cad>57</ns3:cad>
          </ns3:TrackPointExtension>
        </extensions>
      </trkpt>
      <trkpt lat="42.59986273013055324554443359375" lon="-5.5864869989454746246337890625">
        <ele>824.79998779296875</ele>
        <time>2025-10-03T11:01:39.000Z</time>
        <extensions>
          <ns3:TrackPointExtension>
            <ns3:hr>92</ns3:hr>
            <ns3:cad>58</ns3:cad>
          </ns3:TrackPointExtension>
        </extensions>
      </trkpt>
      <trkpt lat="42.5998398475348949432373046875" lon="-5.58657593093812465667724609375">
        <ele>824.5999755859375</ele>
        <time>2025-10-03T11:01:45.000Z</time>
        <extensions>
          <ns3:TrackPointExtension>
            <ns3:hr>92</ns3:hr>
            <ns3:cad>57</ns3:cad>
          </ns3:TrackPointExtension>
        </extensions>
      </trkpt>
      <trkpt lat="42.5998408533632755279541015625" lon="-5.5865996517241001129150390625">
        <ele>824.4000244140625</ele>
        <time>2025-10-03T11:01:46.000Z</time>
        <extensions>
          <ns3:TrackPointExtension>
            <ns3:hr>92</ns3:hr>
            <ns3:cad>57</ns3:cad>
          </ns3:TrackPointExtension>
        </extensions>
      </trkpt>
      <trkpt lat="42.59983657859265804290771484375" lon="-5.586708448827266693115234375">
        <ele>824.20001220703125</ele>
        <time>2025-10-03T11:01:53.000Z</time>
        <extensions>
          <ns3:TrackPointExtension>
            <ns3:hr>91</ns3:hr>
            <ns3:cad>59</ns3:cad>
          </ns3:TrackPointExtension>
        </extensions>
      </trkpt>
      <trkpt lat="42.59979106485843658447265625" lon="-5.586863346397876739501953125">
        <ele>824.4000244140625</ele>
        <time>2025-10-03T11:02:02.000Z</time>
        <extensions>
          <ns3:TrackPointExtension>
            <ns3:hr>94</ns3:hr>
            <ns3:cad>59</ns3:cad>
          </ns3:TrackPointExtension>
        </extensions>
      </trkpt>
      <trkpt lat="42.5997650809586048126220703125" lon="-5.5869107879698276519775390625">
        <ele>824.5999755859375</ele>
        <time>2025-10-03T11:02:05.000Z</time>
        <extensions>
          <ns3:TrackPointExtension>
            <ns3:hr>97</ns3:hr>
            <ns3:cad>59</ns3:cad>
          </ns3:TrackPointExtension>
        </extensions>
      </trkpt>
      <trkpt lat="42.59972535073757171630859375" lon="-5.58695211075246334075927734375">
        <ele>824.5999755859375</ele>
        <time>2025-10-03T11:02:08.000Z</time>
        <extensions>
          <ns3:TrackPointExtension>
            <ns3:hr>97</ns3:hr>
            <ns3:cad>59</ns3:cad>
          </ns3:TrackPointExtension>
        </extensions>
      </trkpt>
      <trkpt lat="42.5997151248157024383544921875" lon="-5.58695730753242969512939453125">
        <ele>824.5999755859375</ele>
        <time>2025-10-03T11:02:13.000Z</time>
        <extensions>
          <ns3:TrackPointExtension>
            <ns3:hr>97</ns3:hr>
            <ns3:cad>57</ns3:cad>
          </ns3:TrackPointExtension>
        </extensions>
      </trkpt>
      <trkpt lat="42.5997107662260532379150390625" lon="-5.5869661085307598114013671875">
        <ele>824.5999755859375</ele>
        <time>2025-10-03T11:02:14.000Z</time>
        <extensions>
          <ns3:TrackPointExtension>
            <ns3:hr>97</ns3:hr>
            <ns3:cad>0</ns3:cad>
          </ns3:TrackPointExtension>
        </extensions>
      </trkpt>
      <trkpt lat="42.5996923260390758514404296875" lon="-5.58707767166197299957275390625">
        <ele>824.5999755859375</ele>
        <time>2025-10-03T11:02:20.000Z</time>
        <extensions>
          <ns3:TrackPointExtension>
            <ns3:hr>96</ns3:hr>
            <ns3:cad>57</ns3:cad>
          </ns3:TrackPointExtension>
        </extensions>
      </trkpt>
      <trkpt lat="42.59964010678231716156005859375" lon="-5.5872323177754878997802734375">
        <ele>824.5999755859375</ele>
        <time>2025-10-03T11:02:29.000Z</time>
        <extensions>
          <ns3:TrackPointExtension>
            <ns3:hr>99</ns3:hr>
            <ns3:cad>59</ns3:cad>
          </ns3:TrackPointExtension>
        </extensions>
      </trkpt>
      <trkpt lat="42.59959031827747821807861328125" lon="-5.5873619019985198974609375">
        <ele>824.5999755859375</ele>
        <time>2025-10-03T11:02:37.000Z</time>
        <extensions>
          <ns3:TrackPointExtension>
            <ns3:hr>99</ns3:hr>
            <ns3:cad>59</ns3:cad>
          </ns3:TrackPointExtension>
        </extensions>
      </trkpt>
      <trkpt lat="42.5995340757071971893310546875" lon="-5.58747715316712856292724609375">
        <ele>824.4000244140625</ele>
        <time>2025-10-03T11:02:45.000Z</time>
        <extensions>
          <ns3:TrackPointExtension>
            <ns3:hr>98</ns3:hr>
            <ns3:cad>59</ns3:cad>
          </ns3:TrackPointExtension>
        </extensions>
      </trkpt>
      <trkpt lat="42.599477581679821014404296875" lon="-5.5875897221267223358154296875">
        <ele>824.4000244140625</ele>
        <time>2025-10-03T11:02:53.000Z</time>
        <extensions>
          <ns3:TrackPointExtension>
            <ns3:hr>98</ns3:hr>
            <ns3:cad>60</ns3:cad>
          </ns3:TrackPointExtension>
        </extensions>
      </trkpt>
      <trkpt lat="42.59945352561771869659423828125" lon="-5.58767882175743579864501953125">
        <ele>824.5999755859375</ele>
        <time>2025-10-03T11:02:59.000Z</time>
        <extensions>
          <ns3:TrackPointExtension>
            <ns3:hr>98</ns3:hr>
            <ns3:cad>58</ns3:cad>
          </ns3:TrackPointExtension>
        </extensions>
      </trkpt>
      <trkpt lat="42.5993976183235645294189453125" lon="-5.5878006108105182647705078125">
        <ele>825</ele>
        <time>2025-10-03T11:03:06.000Z</time>
        <extensions>
          <ns3:TrackPointExtension>
            <ns3:hr>98</ns3:hr>
            <ns3:cad>59</ns3:cad>
          </ns3:TrackPointExtension>
        </extensions>
      </trkpt>
      <trkpt lat="42.59938647039234638214111328125" lon="-5.58782651089131832122802734375">
        <ele>825.20001220703125</ele>
        <time>2025-10-03T11:03:08.000Z</time>
        <extensions>
          <ns3:TrackPointExtension>
            <ns3:hr>98</ns3:hr>
            <ns3:cad>59</ns3:cad>
          </ns3:TrackPointExtension>
        </extensions>
      </trkpt>
      <trkpt lat="42.599355541169643402099609375" lon="-5.58789499104022979736328125">
        <ele>824.79998779296875</ele>
        <time>2025-10-03T11:03:13.000Z</time>
        <extensions>
          <ns3:TrackPointExtension>
            <ns3:hr>101</ns3:hr>
            <ns3:cad>59</ns3:cad>
          </ns3:TrackPointExtension>
        </extensions>
      </trkpt>
      <trkpt lat="42.59932075627148151397705078125" lon="-5.58797855861485004425048828125">
        <ele>824.79998779296875</ele>
        <time>2025-10-03T11:03:18.000Z</time>
        <extensions>
          <ns3:TrackPointExtension>
            <ns3:hr>103</ns3:hr>
            <ns3:cad>59</ns3:cad>
          </ns3:TrackPointExtension>
        </extensions>
      </trkpt>
      <trkpt lat="42.59927197359502315521240234375" lon="-5.58809925802052021026611328125">
        <ele>824.5999755859375</ele>
        <time>2025-10-03T11:03:26.000Z</time>
        <extensions>
          <ns3:TrackPointExtension>
            <ns3:hr>100</ns3:hr>
            <ns3:cad>59</ns3:cad>
          </ns3:TrackPointExtension>
        </extensions>
      </trkpt>
      <trkpt lat="42.59925537742674350738525390625" lon="-5.58815055526793003082275390625">
        <ele>824.5999755859375</ele>
        <time>2025-10-03T11:03:29.000Z</time>
        <extensions>
          <ns3:TrackPointExtension>
            <ns3:hr>100</ns3:hr>
            <ns3:cad>59</ns3:cad>
          </ns3:TrackPointExtension>
        </extensions>
      </trkpt>
      <trkpt lat="42.59919452480971813201904296875" lon="-5.5882857553660869598388671875">
        <ele>824.79998779296875</ele>
        <time>2025-10-03T11:03:38.000Z</time>
        <extensions>
          <ns3:TrackPointExtension>
            <ns3:hr>100</ns3:hr>
            <ns3:cad>59</ns3:cad>
          </ns3:TrackPointExtension>
        </extensions>
      </trkpt>
      <trkpt lat="42.59914339520037174224853515625" lon="-5.58843671344220638275146484375">
        <ele>824.79998779296875</ele>
        <time>2025-10-03T11:03:47.000Z</time>
        <extensions>
          <ns3:TrackPointExtension>
            <ns3:hr>99</ns3:hr>
            <ns3:cad>59</ns3:cad>
          </ns3:TrackPointExtension>
        </extensions>
      </trkpt>
      <trkpt lat="42.59909494780004024505615234375" lon="-5.5885680578649044036865234375">
        <ele>824.79998779296875</ele>
        <time>2025-10-03T11:03:55.000Z</time>
        <extensions>
          <ns3:TrackPointExtension>
            <ns3:hr>98</ns3:hr>
            <ns3:cad>59</ns3:cad>
          </ns3:TrackPointExtension>
        </extensions>
      </trkpt>
      <trkpt lat="42.5990273058414459228515625" lon="-5.58877785690128803253173828125">
        <ele>824.79998779296875</ele>
        <time>2025-10-03T11:04:08.000Z</time>
        <extensions>
          <ns3:TrackPointExtension>
            <ns3:hr>98</ns3:hr>
            <ns3:cad>59</ns3:cad>
          </ns3:TrackPointExtension>
        </extensions>
      </trkpt>
      <trkpt lat="42.59896251372992992401123046875" lon="-5.58895320631563663482666015625">
        <ele>825</ele>
        <time>2025-10-03T11:04:19.000Z</time>
        <extensions>
          <ns3:TrackPointExtension>
            <ns3:hr>100</ns3:hr>
            <ns3:cad>60</ns3:cad>
          </ns3:TrackPointExtension>
        </extensions>
      </trkpt>
      <trkpt lat="42.59891306050121784210205078125" lon="-5.58908580802381038665771484375">
        <ele>825</ele>
        <time>2025-10-03T11:04:28.000Z</time>
        <extensions>
          <ns3:TrackPointExtension>
            <ns3:hr>99</ns3:hr>
            <ns3:cad>59</ns3:cad>
          </ns3:TrackPointExtension>
        </extensions>
      </trkpt>
      <trkpt lat="42.59887483902275562286376953125" lon="-5.589270293712615966796875">
        <ele>825</ele>
        <time>2025-10-03T11:04:38.000Z</time>
        <extensions>
          <ns3:TrackPointExtension>
            <ns3:hr>100</ns3:hr>
            <ns3:cad>59</ns3:cad>
          </ns3:TrackPointExtension>
        </extensions>
      </trkpt>
      <trkpt lat="42.59881876409053802490234375" lon="-5.58945679105818271636962890625">
        <ele>825</ele>
        <time>2025-10-03T11:04:50.000Z</time>
        <extensions>
          <ns3:TrackPointExtension>
            <ns3:hr>100</ns3:hr>
            <ns3:cad>59</ns3:cad>
          </ns3:TrackPointExtension>
        </extensions>
      </trkpt>
      <trkpt lat="42.59875447489321231842041015625" lon="-5.58964638970792293548583984375">
        <ele>825.20001220703125</ele>
        <time>2025-10-03T11:05:02.000Z</time>
        <extensions>
          <ns3:TrackPointExtension>
            <ns3:hr>99</ns3:hr>
            <ns3:cad>58</ns3:cad>
          </ns3:TrackPointExtension>
        </extensions>
      </trkpt>
      <trkpt lat="42.598705105483531951904296875" lon="-5.589817464351654052734375">
        <ele>825.20001220703125</ele>
        <time>2025-10-03T11:05:14.000Z</time>
        <extensions>
          <ns3:TrackPointExtension>
            <ns3:hr>97</ns3:hr>
            <ns3:cad>59</ns3:cad>
          </ns3:TrackPointExtension>
        </extensions>
      </trkpt>
      <trkpt lat="42.59864970110356807708740234375" lon="-5.589975379407405853271484375">
        <ele>825.4000244140625</ele>
        <time>2025-10-03T11:05:24.000Z</time>
        <extensions>
          <ns3:TrackPointExtension>
            <ns3:hr>96</ns3:hr>
            <ns3:cad>58</ns3:cad>
          </ns3:TrackPointExtension>
        </extensions>
      </trkpt>
      <trkpt lat="42.59863008745014667510986328125" lon="-5.59011963196098804473876953125">
        <ele>825.5999755859375</ele>
        <time>2025-10-03T11:05:32.000Z</time>
        <extensions>
          <ns3:TrackPointExtension>
            <ns3:hr>99</ns3:hr>
            <ns3:cad>57</ns3:cad>
          </ns3:TrackPointExtension>
        </extensions>
      </trkpt>
      <trkpt lat="42.59863243438303470611572265625" lon="-5.5902420915663242340087890625">
        <ele>825</ele>
        <time>2025-10-03T11:05:39.000Z</time>
        <extensions>
          <ns3:TrackPointExtension>
            <ns3:hr>99</ns3:hr>
            <ns3:cad>59</ns3:cad>
          </ns3:TrackPointExtension>
        </extensions>
      </trkpt>
      <trkpt lat="42.59864752180874347686767578125" lon="-5.59038802050054073333740234375">
        <ele>825</ele>
        <time>2025-10-03T11:05:48.000Z</time>
        <extensions>
          <ns3:TrackPointExtension>
            <ns3:hr>98</ns3:hr>
            <ns3:cad>59</ns3:cad>
          </ns3:TrackPointExtension>
        </extensions>
      </trkpt>
      <trkpt lat="42.5986757688224315643310546875" lon="-5.59049966745078563690185546875">
        <ele>825</ele>
        <time>2025-10-03T11:05:55.000Z</time>
        <extensions>
          <ns3:TrackPointExtension>
            <ns3:hr>97</ns3:hr>
            <ns3:cad>58</ns3:cad>
          </ns3:TrackPointExtension>
        </extensions>
      </trkpt>
      <trkpt lat="42.598725222051143646240234375" lon="-5.590643584728240966796875">
        <ele>825</ele>
        <time>2025-10-03T11:06:03.000Z</time>
        <extensions>
          <ns3:TrackPointExtension>
            <ns3:hr>99</ns3:hr>
            <ns3:cad>59</ns3:cad>
          </ns3:TrackPointExtension>
        </extensions>
      </trkpt>
      <trkpt lat="42.5987800396978855133056640625" lon="-5.5907651223242282867431640625">
        <ele>825</ele>
        <time>2025-10-03T11:06:11.000Z</time>
        <extensions>
          <ns3:TrackPointExtension>
            <ns3:hr>98</ns3:hr>
            <ns3:cad>58</ns3:cad>
          </ns3:TrackPointExtension>
        </extensions>
      </trkpt>
      <trkpt lat="42.59879604913294315338134765625" lon="-5.5908690579235553741455078125">
        <ele>825</ele>
        <time>2025-10-03T11:06:18.000Z</time>
        <extensions>
          <ns3:TrackPointExtension>
            <ns3:hr>95</ns3:hr>
            <ns3:cad>57</ns3:cad>
          </ns3:TrackPointExtension>
        </extensions>
      </trkpt>
      <trkpt lat="42.59880308993160724639892578125" lon="-5.59102647006511688232421875">
        <ele>825.20001220703125</ele>
        <time>2025-10-03T11:06:27.000Z</time>
        <extensions>
          <ns3:TrackPointExtension>
            <ns3:hr>96</ns3:hr>
            <ns3:cad>58</ns3:cad>
          </ns3:TrackPointExtension>
        </extensions>
      </trkpt>
      <trkpt lat="42.598794959485530853271484375" lon="-5.59118396602571010589599609375">
        <ele>825.20001220703125</ele>
        <time>2025-10-03T11:06:36.000Z</time>
        <extensions>
          <ns3:TrackPointExtension>
            <ns3:hr>96</ns3:hr>
            <ns3:cad>58</ns3:cad>
          </ns3:TrackPointExtension>
        </extensions>
      </trkpt>
      <trkpt lat="42.59879286400973796844482421875" lon="-5.59123224578797817230224609375">
        <ele>825.20001220703125</ele>
        <time>2025-10-03T11:06:39.000Z</time>
        <extensions>
          <ns3:TrackPointExtension>
            <ns3:hr>99</ns3:hr>
            <ns3:cad>57</ns3:cad>
          </ns3:TrackPointExtension>
        </extensions>
      </trkpt>
      <trkpt lat="42.59877945296466350555419921875" lon="-5.591301061213016510009765625">
        <ele>825.20001220703125</ele>
        <time>2025-10-03T11:06:43.000Z</time>
        <extensions>
          <ns3:TrackPointExtension>
            <ns3:hr>102</ns3:hr>
            <ns3:cad>58</ns3:cad>
          </ns3:TrackPointExtension>
        </extensions>
      </trkpt>
      <trkpt lat="42.59877718985080718994140625" lon="-5.591317825019359588623046875">
        <ele>825.20001220703125</ele>
        <time>2025-10-03T11:06:44.000Z</time>
        <extensions>
          <ns3:TrackPointExtension>
            <ns3:hr>102</ns3:hr>
            <ns3:cad>58</ns3:cad>
          </ns3:TrackPointExtension>
        </extensions>
      </trkpt>
      <trkpt lat="42.59877760894596576690673828125" lon="-5.591449923813343048095703125">
        <ele>825.20001220703125</ele>
        <time>2025-10-03T11:06:51.000Z</time>
        <extensions>
          <ns3:TrackPointExtension>
            <ns3:hr>103</ns3:hr>
            <ns3:cad>58</ns3:cad>
          </ns3:TrackPointExtension>
        </extensions>
      </trkpt>
      <trkpt lat="42.59878146462142467498779296875" lon="-5.59158395044505596160888671875">
        <ele>825.20001220703125</ele>
        <time>2025-10-03T11:06:59.000Z</time>
        <extensions>
          <ns3:TrackPointExtension>
            <ns3:hr>102</ns3:hr>
            <ns3:cad>57</ns3:cad>
          </ns3:TrackPointExtension>
        </extensions>
      </trkpt>
      <trkpt lat="42.5987914390861988067626953125" lon="-5.59174069203436374664306640625">
        <ele>825.20001220703125</ele>
        <time>2025-10-03T11:07:09.000Z</time>
        <extensions>
          <ns3:TrackPointExtension>
            <ns3:hr>102</ns3:hr>
            <ns3:cad>58</ns3:cad>
          </ns3:TrackPointExtension>
        </extensions>
      </trkpt>
      <trkpt lat="42.5987904332578182220458984375" lon="-5.59191235341131687164306640625">
        <ele>825.4000244140625</ele>
        <time>2025-10-03T11:07:17.000Z</time>
        <extensions>
          <ns3:TrackPointExtension>
            <ns3:hr>102</ns3:hr>
            <ns3:cad>57</ns3:cad>
          </ns3:TrackPointExtension>
        </extensions>
      </trkpt>
      <trkpt lat="42.59875598363578319549560546875" lon="-5.59206984937191009521484375">
        <ele>825.4000244140625</ele>
        <time>2025-10-03T11:07:25.000Z</time>
        <extensions>
          <ns3:TrackPointExtension>
            <ns3:hr>101</ns3:hr>
            <ns3:cad>58</ns3:cad>
          </ns3:TrackPointExtension>
        </extensions>
      </trkpt>
      <trkpt lat="42.59876034222543239593505859375" lon="-5.5921384133398532867431640625">
        <ele>825.4000244140625</ele>
        <time>2025-10-03T11:07:32.000Z</time>
        <extensions>
          <ns3:TrackPointExtension>
            <ns3:hr>102</ns3:hr>
            <ns3:cad>58</ns3:cad>
          </ns3:TrackPointExtension>
        </extensions>
      </trkpt>
      <trkpt lat="42.5987569056451320648193359375" lon="-5.59226690791547298431396484375">
        <ele>825.5999755859375</ele>
        <time>2025-10-03T11:07:40.000Z</time>
        <extensions>
          <ns3:TrackPointExtension>
            <ns3:hr>103</ns3:hr>
            <ns3:cad>57</ns3:cad>
          </ns3:TrackPointExtension>
        </extensions>
      </trkpt>
      <trkpt lat="42.59872077964246273040771484375" lon="-5.59242255985736846923828125">
        <ele>825.4000244140625</ele>
        <time>2025-10-03T11:07:49.000Z</time>
        <extensions>
          <ns3:TrackPointExtension>
            <ns3:hr>100</ns3:hr>
            <ns3:cad>57</ns3:cad>
          </ns3:TrackPointExtension>
        </extensions>
      </trkpt>
      <trkpt lat="42.598687671124935150146484375" lon="-5.592549629509449005126953125">
        <ele>825.5999755859375</ele>
        <time>2025-10-03T11:07:56.000Z</time>
        <extensions>
          <ns3:TrackPointExtension>
            <ns3:hr>99</ns3:hr>
            <ns3:cad>57</ns3:cad>
          </ns3:TrackPointExtension>
        </extensions>
      </trkpt>
      <trkpt lat="42.59864509105682373046875" lon="-5.59269220568239688873291015625">
        <ele>825.5999755859375</ele>
        <time>2025-10-03T11:08:05.000Z</time>
        <extensions>
          <ns3:TrackPointExtension>
            <ns3:hr>98</ns3:hr>
            <ns3:cad>57</ns3:cad>
          </ns3:TrackPointExtension>
        </extensions>
      </trkpt>
      <trkpt lat="42.5985525548458099365234375" lon="-5.59283318929374217987060546875">
        <ele>825.5999755859375</ele>
        <time>2025-10-03T11:08:11.000Z</time>
        <extensions>
          <ns3:TrackPointExtension>
            <ns3:hr>98</ns3:hr>
            <ns3:cad>57</ns3:cad>
          </ns3:TrackPointExtension>
        </extensions>
      </trkpt>
      <trkpt lat="42.5985403172671794891357421875" lon="-5.592860765755176544189453125">
        <ele>826</ele>
        <time>2025-10-03T11:08:16.000Z</time>
        <extensions>
          <ns3:TrackPointExtension>
            <ns3:hr>100</ns3:hr>
            <ns3:cad>58</ns3:cad>
          </ns3:TrackPointExtension>
        </extensions>
      </trkpt>
      <trkpt lat="42.59854492731392383575439453125" lon="-5.59287141077220439910888671875">
        <ele>826.20001220703125</ele>
        <time>2025-10-03T11:08:17.000Z</time>
        <extensions>
          <ns3:TrackPointExtension>
            <ns3:hr>100</ns3:hr>
            <ns3:cad>58</ns3:cad>
          </ns3:TrackPointExtension>
        </extensions>
      </trkpt>
      <trkpt lat="42.59854853153228759765625" lon="-5.59287778101861476898193359375">
        <ele>826.4000244140625</ele>
        <time>2025-10-03T11:08:18.000Z</time>
        <extensions>
          <ns3:TrackPointExtension>
            <ns3:hr>100</ns3:hr>
            <ns3:cad>56</ns3:cad>
          </ns3:TrackPointExtension>
        </extensions>
      </trkpt>
      <trkpt lat="42.5986006669700145721435546875" lon="-5.5930235423147678375244140625">
        <ele>826</ele>
        <time>2025-10-03T11:08:26.000Z</time>
        <extensions>
          <ns3:TrackPointExtension>
            <ns3:hr>100</ns3:hr>
            <ns3:cad>56</ns3:cad>
          </ns3:TrackPointExtension>
        </extensions>
      </trkpt>
      <trkpt lat="42.5985902734100818634033203125" lon="-5.5931824631989002227783203125">
        <ele>825.5999755859375</ele>
        <time>2025-10-03T11:08:34.000Z</time>
        <extensions>
          <ns3:TrackPointExtension>
            <ns3:hr>100</ns3:hr>
            <ns3:cad>57</ns3:cad>
          </ns3:TrackPointExtension>
        </extensions>
      </trkpt>
      <trkpt lat="42.598554901778697967529296875" lon="-5.59322965331375598907470703125">
        <ele>825.5999755859375</ele>
        <time>2025-10-03T11:08:37.000Z</time>
        <extensions>
          <ns3:TrackPointExtension>
            <ns3:hr>103</ns3:hr>
            <ns3:cad>57</ns3:cad>
          </ns3:TrackPointExtension>
        </extensions>
      </trkpt>
      <trkpt lat="42.5985284149646759033203125" lon="-5.59329553507268428802490234375">
        <ele>825.4000244140625</ele>
        <time>2025-10-03T11:08:41.000Z</time>
        <extensions>
          <ns3:TrackPointExtension>
            <ns3:hr>104</ns3:hr>
            <ns3:cad>57</ns3:cad>
          </ns3:TrackPointExtension>
        </extensions>
      </trkpt>
      <trkpt lat="42.598484493792057037353515625" lon="-5.593417324125766754150390625">
        <ele>825.4000244140625</ele>
        <time>2025-10-03T11:08:49.000Z</time>
        <extensions>
          <ns3:TrackPointExtension>
            <ns3:hr>102</ns3:hr>
            <ns3:cad>58</ns3:cad>
          </ns3:TrackPointExtension>
        </extensions>
      </trkpt>
      <trkpt lat="42.59845490567386150360107421875" lon="-5.593565516173839569091796875">
        <ele>825.4000244140625</ele>
        <time>2025-10-03T11:08:57.000Z</time>
        <extensions>
          <ns3:TrackPointExtension>
            <ns3:hr>102</ns3:hr>
            <ns3:cad>57</ns3:cad>
          </ns3:TrackPointExtension>
        </extensions>
      </trkpt>
      <trkpt lat="42.5984628684818744659423828125" lon="-5.593683533370494842529296875">
        <ele>825.4000244140625</ele>
        <time>2025-10-03T11:09:04.000Z</time>
        <extensions>
          <ns3:TrackPointExtension>
            <ns3:hr>104</ns3:hr>
            <ns3:cad>58</ns3:cad>
          </ns3:TrackPointExtension>
        </extensions>
      </trkpt>
      <trkpt lat="42.5984640419483184814453125" lon="-5.5937376804649829864501953125">
        <ele>825.5999755859375</ele>
        <time>2025-10-03T11:09:07.000Z</time>
        <extensions>
          <ns3:TrackPointExtension>
            <ns3:hr>107</ns3:hr>
            <ns3:cad>57</ns3:cad>
          </ns3:TrackPointExtension>
        </extensions>
      </trkpt>
      <trkpt lat="42.59845641441643238067626953125" lon="-5.59385008178651332855224609375">
        <ele>825.4000244140625</ele>
        <time>2025-10-03T11:09:13.000Z</time>
        <extensions>
          <ns3:TrackPointExtension>
            <ns3:hr>109</ns3:hr>
            <ns3:cad>57</ns3:cad>
          </ns3:TrackPointExtension>
        </extensions>
      </trkpt>
      <trkpt lat="42.5984501279890537261962890625" lon="-5.59391713701188564300537109375">
        <ele>825.4000244140625</ele>
        <time>2025-10-03T11:09:17.000Z</time>
        <extensions>
          <ns3:TrackPointExtension>
            <ns3:hr>106</ns3:hr>
            <ns3:cad>58</ns3:cad>
          </ns3:TrackPointExtension>
        </extensions>
      </trkpt>
      <trkpt lat="42.59846161119639873504638671875" lon="-5.593996345996856689453125">
        <ele>825.79998779296875</ele>
        <time>2025-10-03T11:09:22.000Z</time>
        <extensions>
          <ns3:TrackPointExtension>
            <ns3:hr>103</ns3:hr>
            <ns3:cad>58</ns3:cad>
          </ns3:TrackPointExtension>
        </extensions>
      </trkpt>
      <trkpt lat="42.59846747852861881256103515625" lon="-5.5941255949437618255615234375">
        <ele>825.5999755859375</ele>
        <time>2025-10-03T11:09:31.000Z</time>
        <extensions>
          <ns3:TrackPointExtension>
            <ns3:hr>102</ns3:hr>
            <ns3:cad>58</ns3:cad>
          </ns3:TrackPointExtension>
        </extensions>
      </trkpt>
      <trkpt lat="42.59847678244113922119140625" lon="-5.59422626160085201263427734375">
        <ele>825.5999755859375</ele>
        <time>2025-10-03T11:09:37.000Z</time>
        <extensions>
          <ns3:TrackPointExtension>
            <ns3:hr>99</ns3:hr>
            <ns3:cad>57</ns3:cad>
          </ns3:TrackPointExtension>
        </extensions>
      </trkpt>
      <trkpt lat="42.5984722562134265899658203125" lon="-5.5942731164395809173583984375">
        <ele>825.5999755859375</ele>
        <time>2025-10-03T11:09:40.000Z</time>
        <extensions>
          <ns3:TrackPointExtension>
            <ns3:hr>98</ns3:hr>
            <ns3:cad>57</ns3:cad>
          </ns3:TrackPointExtension>
        </extensions>
      </trkpt>
      <trkpt lat="42.598440907895565032958984375" lon="-5.59442239813506603240966796875">
        <ele>825.5999755859375</ele>
        <time>2025-10-03T11:09:48.000Z</time>
        <extensions>
          <ns3:TrackPointExtension>
            <ns3:hr>99</ns3:hr>
            <ns3:cad>57</ns3:cad>
          </ns3:TrackPointExtension>
        </extensions>
      </trkpt>
      <trkpt lat="42.59844099171459674835205078125" lon="-5.59454619884490966796875">
        <ele>825.79998779296875</ele>
        <time>2025-10-03T11:09:56.000Z</time>
        <extensions>
          <ns3:TrackPointExtension>
            <ns3:hr>100</ns3:hr>
            <ns3:cad>56</ns3:cad>
          </ns3:TrackPointExtension>
        </extensions>
      </trkpt>
      <trkpt lat="42.5983834080398082733154296875" lon="-5.59470319189131259918212890625">
        <ele>825.5999755859375</ele>
        <time>2025-10-03T11:10:05.000Z</time>
        <extensions>
          <ns3:TrackPointExtension>
            <ns3:hr>102</ns3:hr>
            <ns3:cad>57</ns3:cad>
          </ns3:TrackPointExtension>
        </extensions>
      </trkpt>
      <trkpt lat="42.59835666976869106292724609375" lon="-5.5948212929069995880126953125">
        <ele>825.5999755859375</ele>
        <time>2025-10-03T11:10:12.000Z</time>
        <extensions>
          <ns3:TrackPointExtension>
            <ns3:hr>103</ns3:hr>
            <ns3:cad>58</ns3:cad>
          </ns3:TrackPointExtension>
        </extensions>
      </trkpt>
      <trkpt lat="42.5983284227550029754638671875" lon="-5.594945512712001800537109375">
        <ele>825.4000244140625</ele>
        <time>2025-10-03T11:10:20.000Z</time>
        <extensions>
          <ns3:TrackPointExtension>
            <ns3:hr>103</ns3:hr>
            <ns3:cad>57</ns3:cad>
          </ns3:TrackPointExtension>
        </extensions>
      </trkpt>
      <trkpt lat="42.5983673147857189178466796875" lon="-5.59505808167159557342529296875">
        <ele>825.4000244140625</ele>
        <time>2025-10-03T11:10:29.000Z</time>
        <extensions>
          <ns3:TrackPointExtension>
            <ns3:hr>101</ns3:hr>
            <ns3:cad>56</ns3:cad>
          </ns3:TrackPointExtension>
        </extensions>
      </trkpt>
      <trkpt lat="42.59839824400842189788818359375" lon="-5.59514701366424560546875">
        <ele>825.20001220703125</ele>
        <time>2025-10-03T11:10:36.000Z</time>
        <extensions>
          <ns3:TrackPointExtension>
            <ns3:hr>99</ns3:hr>
            <ns3:cad>55</ns3:cad>
          </ns3:TrackPointExtension>
        </extensions>
      </trkpt>
      <trkpt lat="42.5983755290508270263671875" lon="-5.5952708981931209564208984375">
        <ele>825.20001220703125</ele>
        <time>2025-10-03T11:10:44.000Z</time>
        <extensions>
          <ns3:TrackPointExtension>
            <ns3:hr>98</ns3:hr>
            <ns3:cad>54</ns3:cad>
          </ns3:TrackPointExtension>
        </extensions>
      </trkpt>
      <trkpt lat="42.59839422069489955902099609375" lon="-5.59541615657508373260498046875">
        <ele>825.4000244140625</ele>
        <time>2025-10-03T11:10:53.000Z</time>
        <extensions>
          <ns3:TrackPointExtension>
            <ns3:hr>98</ns3:hr>
            <ns3:cad>57</ns3:cad>
          </ns3:TrackPointExtension>
        </extensions>
      </trkpt>
      <trkpt lat="42.59837326593697071075439453125" lon="-5.59560692869126796722412109375">
        <ele>825.5999755859375</ele>
        <time>2025-10-03T11:11:03.000Z</time>
        <extensions>
          <ns3:TrackPointExtension>
            <ns3:hr>99</ns3:hr>
            <ns3:cad>58</ns3:cad>
          </ns3:TrackPointExtension>
        </extensions>
      </trkpt>
      <trkpt lat="42.5983783788979053497314453125" lon="-5.595760904252529144287109375">
        <ele>825.5999755859375</ele>
        <time>2025-10-03T11:11:12.000Z</time>
        <extensions>
          <ns3:TrackPointExtension>
            <ns3:hr>99</ns3:hr>
            <ns3:cad>58</ns3:cad>
          </ns3:TrackPointExtension>
        </extensions>
      </trkpt>
      <trkpt lat="42.5984189473092555999755859375" lon="-5.595897026360034942626953125">
        <ele>825.5999755859375</ele>
        <time>2025-10-03T11:11:20.000Z</time>
        <extensions>
          <ns3:TrackPointExtension>
            <ns3:hr>98</ns3:hr>
            <ns3:cad>58</ns3:cad>
          </ns3:TrackPointExtension>
        </extensions>
      </trkpt>
      <trkpt lat="42.59843160398304462432861328125" lon="-5.59600490145385265350341796875">
        <ele>825.5999755859375</ele>
        <time>2025-10-03T11:11:27.000Z</time>
        <extensions>
          <ns3:TrackPointExtension>
            <ns3:hr>100</ns3:hr>
            <ns3:cad>58</ns3:cad>
          </ns3:TrackPointExtension>
        </extensions>
      </trkpt>
      <trkpt lat="42.598424814641475677490234375" lon="-5.59615493752062320709228515625">
        <ele>825.5999755859375</ele>
        <time>2025-10-03T11:11:36.000Z</time>
        <extensions>
          <ns3:TrackPointExtension>
            <ns3:hr>103</ns3:hr>
            <ns3:cad>59</ns3:cad>
          </ns3:TrackPointExtension>
        </extensions>
      </trkpt>
      <trkpt lat="42.598420120775699615478515625" lon="-5.59617773629724979400634765625">
        <ele>825.5999755859375</ele>
        <time>2025-10-03T11:11:37.000Z</time>
        <extensions>
          <ns3:TrackPointExtension>
            <ns3:hr>103</ns3:hr>
            <ns3:cad>58</ns3:cad>
          </ns3:TrackPointExtension>
        </extensions>
      </trkpt>
      <trkpt lat="42.59838701225817203521728515625" lon="-5.59627178125083446502685546875">
        <ele>825.4000244140625</ele>
        <time>2025-10-03T11:11:43.000Z</time>
        <extensions>
          <ns3:TrackPointExtension>
            <ns3:hr>104</ns3:hr>
            <ns3:cad>57</ns3:cad>
          </ns3:TrackPointExtension>
        </extensions>
      </trkpt>
      <trkpt lat="42.598389945924282073974609375" lon="-5.59635040350258350372314453125">
        <ele>825.4000244140625</ele>
        <time>2025-10-03T11:11:48.000Z</time>
        <extensions>
          <ns3:TrackPointExtension>
            <ns3:hr>107</ns3:hr>
            <ns3:cad>58</ns3:cad>
          </ns3:TrackPointExtension>
        </extensions>
      </trkpt>
      <trkpt lat="42.5983943045139312744140625" lon="-5.59638292528688907623291015625">
        <ele>825.4000244140625</ele>
        <time>2025-10-03T11:11:50.000Z</time>
        <extensions>
          <ns3:TrackPointExtension>
            <ns3:hr>110</ns3:hr>
            <ns3:cad>57</ns3:cad>
          </ns3:TrackPointExtension>
        </extensions>
      </trkpt>
      <trkpt lat="42.59839924983680248260498046875" lon="-5.59640103019773960113525390625">
        <ele>825.4000244140625</ele>
        <time>2025-10-03T11:11:51.000Z</time>
        <extensions>
          <ns3:TrackPointExtension>
            <ns3:hr>110</ns3:hr>
            <ns3:cad>57</ns3:cad>
          </ns3:TrackPointExtension>
        </extensions>
      </trkpt>
      <trkpt lat="42.59842758066952228546142578125" lon="-5.596460290253162384033203125">
        <ele>825.4000244140625</ele>
        <time>2025-10-03T11:11:55.000Z</time>
        <extensions>
          <ns3:TrackPointExtension>
            <ns3:hr>105</ns3:hr>
            <ns3:cad>57</ns3:cad>
          </ns3:TrackPointExtension>
        </extensions>
      </trkpt>
      <trkpt lat="42.59842858649790287017822265625" lon="-5.59657721780240535736083984375">
        <ele>825.4000244140625</ele>
        <time>2025-10-03T11:12:01.000Z</time>
        <extensions>
          <ns3:TrackPointExtension>
            <ns3:hr>103</ns3:hr>
            <ns3:cad>57</ns3:cad>
          </ns3:TrackPointExtension>
        </extensions>
      </trkpt>
      <trkpt lat="42.59839723818004131317138671875" lon="-5.59672943316400051116943359375">
        <ele>825.4000244140625</ele>
        <time>2025-10-03T11:12:09.000Z</time>
        <extensions>
          <ns3:TrackPointExtension>
            <ns3:hr>103</ns3:hr>
            <ns3:cad>58</ns3:cad>
          </ns3:TrackPointExtension>
        </extensions>
      </trkpt>
      <trkpt lat="42.59833303280174732208251953125" lon="-5.59685566462576389312744140625">
        <ele>825.20001220703125</ele>
        <time>2025-10-03T11:12:16.000Z</time>
        <extensions>
          <ns3:TrackPointExtension>
            <ns3:hr>104</ns3:hr>
            <ns3:cad>59</ns3:cad>
          </ns3:TrackPointExtension>
        </extensions>
      </trkpt>
      <trkpt lat="42.5983824022114276885986328125" lon="-5.59695725329220294952392578125">
        <ele>825.4000244140625</ele>
        <time>2025-10-03T11:12:24.000Z</time>
        <extensions>
          <ns3:TrackPointExtension>
            <ns3:hr>106</ns3:hr>
            <ns3:cad>59</ns3:cad>
          </ns3:TrackPointExtension>
        </extensions>
      </trkpt>
      <trkpt lat="42.59841232560575008392333984375" lon="-5.59709362685680389404296875">
        <ele>825.4000244140625</ele>
        <time>2025-10-03T11:12:31.000Z</time>
        <extensions>
          <ns3:TrackPointExtension>
            <ns3:hr>105</ns3:hr>
            <ns3:cad>58</ns3:cad>
          </ns3:TrackPointExtension>
        </extensions>
      </trkpt>
      <trkpt lat="42.5984129123389720916748046875" lon="-5.597238130867481231689453125">
        <ele>825.20001220703125</ele>
        <time>2025-10-03T11:12:40.000Z</time>
        <extensions>
          <ns3:TrackPointExtension>
            <ns3:hr>102</ns3:hr>
            <ns3:cad>58</ns3:cad>
          </ns3:TrackPointExtension>
        </extensions>
      </trkpt>
      <trkpt lat="42.59842322207987308502197265625" lon="-5.59739462099969387054443359375">
        <ele>825.4000244140625</ele>
        <time>2025-10-03T11:12:50.000Z</time>
        <extensions>
          <ns3:TrackPointExtension>
            <ns3:hr>100</ns3:hr>
            <ns3:cad>56</ns3:cad>
          </ns3:TrackPointExtension>
        </extensions>
      </trkpt>
      <trkpt lat="42.59841215796768665313720703125" lon="-5.59748179279267787933349609375">
        <ele>825.20001220703125</ele>
        <time>2025-10-03T11:12:55.000Z</time>
        <extensions>
          <ns3:TrackPointExtension>
            <ns3:hr>99</ns3:hr>
            <ns3:cad>57</ns3:cad>
          </ns3:TrackPointExtension>
        </extensions>
      </trkpt>
      <trkpt lat="42.59840360842645168304443359375" lon="-5.5975155718624591827392578125">
        <ele>825.20001220703125</ele>
        <time>2025-10-03T11:12:57.000Z</time>
        <extensions>
          <ns3:TrackPointExtension>
            <ns3:hr>99</ns3:hr>
            <ns3:cad>58</ns3:cad>
          </ns3:TrackPointExtension>
        </extensions>
      </trkpt>
      <trkpt lat="42.5983540713787078857421875" lon="-5.59761690907180309295654296875">
        <ele>825.4000244140625</ele>
        <time>2025-10-03T11:13:03.000Z</time>
        <extensions>
          <ns3:TrackPointExtension>
            <ns3:hr>100</ns3:hr>
            <ns3:cad>59</ns3:cad>
          </ns3:TrackPointExtension>
        </extensions>
      </trkpt>
      <trkpt lat="42.598314173519611358642578125" lon="-5.5976857244968414306640625">
        <ele>825.4000244140625</ele>
        <time>2025-10-03T11:13:07.000Z</time>
        <extensions>
          <ns3:TrackPointExtension>
            <ns3:hr>103</ns3:hr>
            <ns3:cad>57</ns3:cad>
          </ns3:TrackPointExtension>
        </extensions>
      </trkpt>
      <trkpt lat="42.59830034337937831878662109375" lon="-5.59773467481136322021484375">
        <ele>825.20001220703125</ele>
        <time>2025-10-03T11:13:10.000Z</time>
        <extensions>
          <ns3:TrackPointExtension>
            <ns3:hr>103</ns3:hr>
            <ns3:cad>57</ns3:cad>
          </ns3:TrackPointExtension>
        </extensions>
      </trkpt>
      <trkpt lat="42.59826195426285266876220703125" lon="-5.597838945686817169189453125">
        <ele>825.20001220703125</ele>
        <time>2025-10-03T11:13:16.000Z</time>
        <extensions>
          <ns3:TrackPointExtension>
            <ns3:hr>106</ns3:hr>
            <ns3:cad>57</ns3:cad>
          </ns3:TrackPointExtension>
        </extensions>
      </trkpt>
      <trkpt lat="42.59823697619140148162841796875" lon="-5.597937516868114471435546875">
        <ele>825.20001220703125</ele>
        <time>2025-10-03T11:13:20.000Z</time>
        <extensions>
          <ns3:TrackPointExtension>
            <ns3:hr>109</ns3:hr>
            <ns3:cad>57</ns3:cad>
          </ns3:TrackPointExtension>
        </extensions>
      </trkpt>
      <trkpt lat="42.5982264988124370574951171875" lon="-5.59796534478664398193359375">
        <ele>825.20001220703125</ele>
        <time>2025-10-03T11:13:21.000Z</time>
        <extensions>
          <ns3:TrackPointExtension>
            <ns3:hr>108</ns3:hr>
            <ns3:cad>57</ns3:cad>
          </ns3:TrackPointExtension>
        </extensions>
      </trkpt>
      <trkpt lat="42.5982013531029224395751953125" lon="-5.5980805121362209320068359375">
        <ele>825.20001220703125</ele>
        <time>2025-10-03T11:13:26.000Z</time>
        <extensions>
          <ns3:TrackPointExtension>
            <ns3:hr>108</ns3:hr>
            <ns3:cad>57</ns3:cad>
          </ns3:TrackPointExtension>
        </extensions>
      </trkpt>
      <trkpt lat="42.59822842665016651153564453125" lon="-5.59811848215758800506591796875">
        <ele>824.79998779296875</ele>
        <time>2025-10-03T11:13:32.000Z</time>
        <extensions>
          <ns3:TrackPointExtension>
            <ns3:hr>108</ns3:hr>
            <ns3:cad>57</ns3:cad>
          </ns3:TrackPointExtension>
        </extensions>
      </trkpt>
      <trkpt lat="42.59823161177337169647216796875" lon="-5.59816382825374603271484375">
        <ele>824.79998779296875</ele>
        <time>2025-10-03T11:13:35.000Z</time>
        <extensions>
          <ns3:TrackPointExtension>
            <ns3:hr>108</ns3:hr>
            <ns3:cad>59</ns3:cad>
          </ns3:TrackPointExtension>
        </extensions>
      </trkpt>
      <trkpt lat="42.5982449389994144439697265625" lon="-5.59820934198796749114990234375">
        <ele>825</ele>
        <time>2025-10-03T11:13:38.000Z</time>
        <extensions>
          <ns3:TrackPointExtension>
            <ns3:hr>108</ns3:hr>
            <ns3:cad>58</ns3:cad>
          </ns3:TrackPointExtension>
        </extensions>
      </trkpt>
      <trkpt lat="42.5982617028057575225830078125" lon="-5.59830062091350555419921875">
        <ele>825</ele>
        <time>2025-10-03T11:13:45.000Z</time>
        <extensions>
          <ns3:TrackPointExtension>
            <ns3:hr>105</ns3:hr>
            <ns3:cad>57</ns3:cad>
          </ns3:TrackPointExtension>
        </extensions>
      </trkpt>
      <trkpt lat="42.59825885295867919921875" lon="-5.5983239226043224334716796875">
        <ele>825</ele>
        <time>2025-10-03T11:13:47.000Z</time>
        <extensions>
          <ns3:TrackPointExtension>
            <ns3:hr>104</ns3:hr>
            <ns3:cad>57</ns3:cad>
          </ns3:TrackPointExtension>
        </extensions>
      </trkpt>
      <trkpt lat="42.59825550019741058349609375" lon="-5.5984519980847835540771484375">
        <ele>825</ele>
        <time>2025-10-03T11:13:56.000Z</time>
        <extensions>
          <ns3:TrackPointExtension>
            <ns3:hr>101</ns3:hr>
            <ns3:cad>54</ns3:cad>
          </ns3:TrackPointExtension>
        </extensions>
      </trkpt>
      <trkpt lat="42.59825742803514003753662109375" lon="-5.59846582822501659393310546875">
        <ele>825</ele>
        <time>2025-10-03T11:13:57.000Z</time>
        <extensions>
          <ns3:TrackPointExtension>
            <ns3:hr>101</ns3:hr>
            <ns3:cad>52</ns3:cad>
          </ns3:TrackPointExtension>
        </extensions>
      </trkpt>
      <trkpt lat="42.5982573442161083221435546875" lon="-5.59856993146240711212158203125">
        <ele>825</ele>
        <time>2025-10-03T11:14:05.000Z</time>
        <extensions>
          <ns3:TrackPointExtension>
            <ns3:hr>101</ns3:hr>
            <ns3:cad>55</ns3:cad>
          </ns3:TrackPointExtension>
        </extensions>
      </trkpt>
      <trkpt lat="42.59825290180742740631103515625" lon="-5.59858703054487705230712890625">
        <ele>825.5999755859375</ele>
        <time>2025-10-03T11:14:12.000Z</time>
        <extensions>
          <ns3:TrackPointExtension>
            <ns3:hr>100</ns3:hr>
            <ns3:cad>0</ns3:cad>
          </ns3:TrackPointExtension>
        </extensions>
      </trkpt>
      <trkpt lat="42.59825491346418857574462890625" lon="-5.598587952554225921630859375">
        <ele>825.4000244140625</ele>
        <time>2025-10-03T11:14:13.000Z</time>
        <extensions>
          <ns3:TrackPointExtension>
            <ns3:hr>100</ns3:hr>
            <ns3:cad>0</ns3:cad>
          </ns3:TrackPointExtension>
        </extensions>
      </trkpt>
      <trkpt lat="42.598291374742984771728515625" lon="-5.59866271913051605224609375">
        <ele>825.20001220703125</ele>
        <time>2025-10-03T11:14:20.000Z</time>
        <extensions>
          <ns3:TrackPointExtension>
            <ns3:hr>103</ns3:hr>
            <ns3:cad>51</ns3:cad>
          </ns3:TrackPointExtension>
        </extensions>
      </trkpt>
      <trkpt lat="42.59829564951360225677490234375" lon="-5.59868283569812774658203125">
        <ele>825.5999755859375</ele>
        <time>2025-10-03T11:14:27.000Z</time>
        <extensions>
          <ns3:TrackPointExtension>
            <ns3:hr>104</ns3:hr>
            <ns3:cad>0</ns3:cad>
          </ns3:TrackPointExtension>
        </extensions>
      </trkpt>
      <trkpt lat="42.5983126647770404815673828125" lon="-5.59869088232517242431640625">
        <ele>824.79998779296875</ele>
        <time>2025-10-03T11:14:31.000Z</time>
        <extensions>
          <ns3:TrackPointExtension>
            <ns3:hr>100</ns3:hr>
            <ns3:cad>0</ns3:cad>
          </ns3:TrackPointExtension>
        </extensions>
      </trkpt>
      <trkpt lat="42.59832280687987804412841796875" lon="-5.5986967496573925018310546875">
        <ele>824.79998779296875</ele>
        <time>2025-10-03T11:14:32.000Z</time>
        <extensions>
          <ns3:TrackPointExtension>
            <ns3:hr>97</ns3:hr>
            <ns3:cad>0</ns3:cad>
          </ns3:TrackPointExtension>
        </extensions>
      </trkpt>
      <trkpt lat="42.5983331166207790374755859375" lon="-5.59870219789445400238037109375">
        <ele>825</ele>
        <time>2025-10-03T11:14:33.000Z</time>
        <extensions>
          <ns3:TrackPointExtension>
            <ns3:hr>96</ns3:hr>
            <ns3:cad>0</ns3:cad>
          </ns3:TrackPointExtension>
        </extensions>
      </trkpt>
      <trkpt lat="42.59837561286985874176025390625" lon="-5.5986695922911167144775390625">
        <ele>824.79998779296875</ele>
        <time>2025-10-03T11:14:38.000Z</time>
        <extensions>
          <ns3:TrackPointExtension>
            <ns3:hr>99</ns3:hr>
            <ns3:cad>57</ns3:cad>
          </ns3:TrackPointExtension>
        </extensions>
      </trkpt>
      <trkpt lat="42.59840846993029117584228515625" lon="-5.59867386706173419952392578125">
        <ele>824.79998779296875</ele>
        <time>2025-10-03T11:14:40.000Z</time>
        <extensions>
          <ns3:TrackPointExtension>
            <ns3:hr>99</ns3:hr>
            <ns3:cad>57</ns3:cad>
          </ns3:TrackPointExtension>
        </extensions>
      </trkpt>
      <trkpt lat="42.59848482906818389892578125" lon="-5.59870840050280094146728515625">
        <ele>824.79998779296875</ele>
        <time>2025-10-03T11:14:48.000Z</time>
        <extensions>
          <ns3:TrackPointExtension>
            <ns3:hr>98</ns3:hr>
            <ns3:cad>58</ns3:cad>
          </ns3:TrackPointExtension>
        </extensions>
      </trkpt>
      <trkpt lat="42.598532103002071380615234375" lon="-5.598766990005970001220703125">
        <ele>824.79998779296875</ele>
        <time>2025-10-03T11:14:52.000Z</time>
        <extensions>
          <ns3:TrackPointExtension>
            <ns3:hr>98</ns3:hr>
            <ns3:cad>57</ns3:cad>
          </ns3:TrackPointExtension>
        </extensions>
      </trkpt>
      <trkpt lat="42.598548866808414459228515625" lon="-5.59878501109778881072998046875">
        <ele>824.79998779296875</ele>
        <time>2025-10-03T11:14:53.000Z</time>
        <extensions>
          <ns3:TrackPointExtension>
            <ns3:hr>98</ns3:hr>
            <ns3:cad>57</ns3:cad>
          </ns3:TrackPointExtension>
        </extensions>
      </trkpt>
      <trkpt lat="42.59862388484179973602294921875" lon="-5.5988650582730770111083984375">
        <ele>825.20001220703125</ele>
        <time>2025-10-03T11:15:01.000Z</time>
        <extensions>
          <ns3:TrackPointExtension>
            <ns3:hr>99</ns3:hr>
            <ns3:cad>55</ns3:cad>
          </ns3:TrackPointExtension>
        </extensions>
      </trkpt>
      <trkpt lat="42.59865238331258296966552734375" lon="-5.59889431111514568328857421875">
        <ele>825.4000244140625</ele>
        <time>2025-10-03T11:15:05.000Z</time>
        <extensions>
          <ns3:TrackPointExtension>
            <ns3:hr>99</ns3:hr>
            <ns3:cad>53</ns3:cad>
          </ns3:TrackPointExtension>
        </extensions>
      </trkpt>
      <trkpt lat="42.59867526590824127197265625" lon="-5.59888190589845180511474609375">
        <ele>825.4000244140625</ele>
        <time>2025-10-03T11:15:07.000Z</time>
        <extensions>
          <ns3:TrackPointExtension>
            <ns3:hr>99</ns3:hr>
            <ns3:cad>54</ns3:cad>
          </ns3:TrackPointExtension>
        </extensions>
      </trkpt>
      <trkpt lat="42.59876252152025699615478515625" lon="-5.59883773326873779296875">
        <ele>826</ele>
        <time>2025-10-03T11:15:14.000Z</time>
        <extensions>
          <ns3:TrackPointExtension>
            <ns3:hr>100</ns3:hr>
            <ns3:cad>58</ns3:cad>
          </ns3:TrackPointExtension>
        </extensions>
      </trkpt>
      <trkpt lat="42.59879118762910366058349609375" lon="-5.59878744184970855712890625">
        <ele>825.5999755859375</ele>
        <time>2025-10-03T11:15:18.000Z</time>
        <extensions>
          <ns3:TrackPointExtension>
            <ns3:hr>100</ns3:hr>
            <ns3:cad>56</ns3:cad>
          </ns3:TrackPointExtension>
        </extensions>
      </trkpt>
      <trkpt lat="42.59880074299871921539306640625" lon="-5.59879221953451633453369140625">
        <ele>825.4000244140625</ele>
        <time>2025-10-03T11:15:19.000Z</time>
        <extensions>
          <ns3:TrackPointExtension>
            <ns3:hr>100</ns3:hr>
            <ns3:cad>55</ns3:cad>
          </ns3:TrackPointExtension>
        </extensions>
      </trkpt>
      <trkpt lat="42.59886092506349086761474609375" lon="-5.59888877905905246734619140625">
        <ele>825.79998779296875</ele>
        <time>2025-10-03T11:15:27.000Z</time>
        <extensions>
          <ns3:TrackPointExtension>
            <ns3:hr>102</ns3:hr>
            <ns3:cad>56</ns3:cad>
          </ns3:TrackPointExtension>
        </extensions>
      </trkpt>
      <trkpt lat="42.59890233166515827178955078125" lon="-5.59901081956923007965087890625">
        <ele>826.20001220703125</ele>
        <time>2025-10-03T11:15:35.000Z</time>
        <extensions>
          <ns3:TrackPointExtension>
            <ns3:hr>104</ns3:hr>
            <ns3:cad>56</ns3:cad>
          </ns3:TrackPointExtension>
        </extensions>
      </trkpt>
      <trkpt lat="42.598913647234439849853515625" lon="-5.59904225170612335205078125">
        <ele>826.4000244140625</ele>
        <time>2025-10-03T11:15:37.000Z</time>
        <extensions>
          <ns3:TrackPointExtension>
            <ns3:hr>105</ns3:hr>
            <ns3:cad>56</ns3:cad>
          </ns3:TrackPointExtension>
        </extensions>
      </trkpt>
      <trkpt lat="42.59893384762108325958251953125" lon="-5.59913554228842258453369140625">
        <ele>827</ele>
        <time>2025-10-03T11:15:43.000Z</time>
        <extensions>
          <ns3:TrackPointExtension>
            <ns3:hr>108</ns3:hr>
            <ns3:cad>56</ns3:cad>
          </ns3:TrackPointExtension>
        </extensions>
      </trkpt>
      <trkpt lat="42.598942816257476806640625" lon="-5.5991825647652149200439453125">
        <ele>827</ele>
        <time>2025-10-03T11:15:46.000Z</time>
        <extensions>
          <ns3:TrackPointExtension>
            <ns3:hr>109</ns3:hr>
            <ns3:cad>55</ns3:cad>
          </ns3:TrackPointExtension>
        </extensions>
      </trkpt>
      <trkpt lat="42.59894960559904575347900390625" lon="-5.599210225045680999755859375">
        <ele>827.20001220703125</ele>
        <time>2025-10-03T11:15:48.000Z</time>
        <extensions>
          <ns3:TrackPointExtension>
            <ns3:hr>110</ns3:hr>
            <ns3:cad>55</ns3:cad>
          </ns3:TrackPointExtension>
        </extensions>
      </trkpt>
      <trkpt lat="42.598961926996707916259765625" lon="-5.599275939166545867919921875">
        <ele>827.5999755859375</ele>
        <time>2025-10-03T11:15:53.000Z</time>
        <extensions>
          <ns3:TrackPointExtension>
            <ns3:hr>113</ns3:hr>
            <ns3:cad>54</ns3:cad>
          </ns3:TrackPointExtension>
        </extensions>
      </trkpt>
      <trkpt lat="42.59897206909954547882080078125" lon="-5.599333606660366058349609375">
        <ele>827.79998779296875</ele>
        <time>2025-10-03T11:15:57.000Z</time>
        <extensions>
          <ns3:TrackPointExtension>
            <ns3:hr>113</ns3:hr>
            <ns3:cad>55</ns3:cad>
          </ns3:TrackPointExtension>
        </extensions>
      </trkpt>
      <trkpt lat="42.59897860698401927947998046875" lon="-5.59940594248473644256591796875">
        <ele>828.20001220703125</ele>
        <time>2025-10-03T11:16:02.000Z</time>
        <extensions>
          <ns3:TrackPointExtension>
            <ns3:hr>112</ns3:hr>
            <ns3:cad>54</ns3:cad>
          </ns3:TrackPointExtension>
        </extensions>
      </trkpt>
      <trkpt lat="42.598984055221080780029296875" lon="-5.59946394525468349456787109375">
        <ele>828.5999755859375</ele>
        <time>2025-10-03T11:16:06.000Z</time>
        <extensions>
          <ns3:TrackPointExtension>
            <ns3:hr>113</ns3:hr>
            <ns3:cad>55</ns3:cad>
          </ns3:TrackPointExtension>
        </extensions>
      </trkpt>
      <trkpt lat="42.5989835523068904876708984375" lon="-5.59963862411677837371826171875">
        <ele>829.4000244140625</ele>
        <time>2025-10-03T11:16:17.000Z</time>
        <extensions>
          <ns3:TrackPointExtension>
            <ns3:hr>112</ns3:hr>
            <ns3:cad>56</ns3:cad>
          </ns3:TrackPointExtension>
        </extensions>
      </trkpt>
      <trkpt lat="42.59898413904011249542236328125" lon="-5.5996539629995822906494140625">
        <ele>829.4000244140625</ele>
        <time>2025-10-03T11:16:18.000Z</time>
        <extensions>
          <ns3:TrackPointExtension>
            <ns3:hr>112</ns3:hr>
            <ns3:cad>56</ns3:cad>
          </ns3:TrackPointExtension>
        </extensions>
      </trkpt>
      <trkpt lat="42.59898313321173191070556640625" lon="-5.5998112075030803680419921875">
        <ele>830.4000244140625</ele>
        <time>2025-10-03T11:16:28.000Z</time>
        <extensions>
          <ns3:TrackPointExtension>
            <ns3:hr>114</ns3:hr>
            <ns3:cad>56</ns3:cad>
          </ns3:TrackPointExtension>
        </extensions>
      </trkpt>
      <trkpt lat="42.598976008594036102294921875" lon="-5.5998698808252811431884765625">
        <ele>830.79998779296875</ele>
        <time>2025-10-03T11:16:32.000Z</time>
        <extensions>
          <ns3:TrackPointExtension>
            <ns3:hr>115</ns3:hr>
            <ns3:cad>56</ns3:cad>
          </ns3:TrackPointExtension>
        </extensions>
      </trkpt>
      <trkpt lat="42.5989610888063907623291015625" lon="-5.59999041259288787841796875">
        <ele>831.4000244140625</ele>
        <time>2025-10-03T11:16:40.000Z</time>
        <extensions>
          <ns3:TrackPointExtension>
            <ns3:hr>116</ns3:hr>
            <ns3:cad>55</ns3:cad>
          </ns3:TrackPointExtension>
        </extensions>
      </trkpt>
      <trkpt lat="42.5989366136491298675537109375" lon="-5.60008437372744083404541015625">
        <ele>832</ele>
        <time>2025-10-03T11:16:46.000Z</time>
        <extensions>
          <ns3:TrackPointExtension>
            <ns3:hr>116</ns3:hr>
            <ns3:cad>56</ns3:cad>
          </ns3:TrackPointExtension>
        </extensions>
      </trkpt>
      <trkpt lat="42.5988729111850261688232421875" lon="-5.60023139230906963348388671875">
        <ele>832.4000244140625</ele>
        <time>2025-10-03T11:16:56.000Z</time>
        <extensions>
          <ns3:TrackPointExtension>
            <ns3:hr>117</ns3:hr>
            <ns3:cad>57</ns3:cad>
          </ns3:TrackPointExtension>
        </extensions>
      </trkpt>
      <trkpt lat="42.59885807521641254425048828125" lon="-5.60027196072041988372802734375">
        <ele>832.5999755859375</ele>
        <time>2025-10-03T11:16:59.000Z</time>
        <extensions>
          <ns3:TrackPointExtension>
            <ns3:hr>118</ns3:hr>
            <ns3:cad>57</ns3:cad>
          </ns3:TrackPointExtension>
        </extensions>
      </trkpt>
      <trkpt lat="42.598830498754978179931640625" lon="-5.60033080168068408966064453125">
        <ele>832.5999755859375</ele>
        <time>2025-10-03T11:17:03.000Z</time>
        <extensions>
          <ns3:TrackPointExtension>
            <ns3:hr>115</ns3:hr>
            <ns3:cad>58</ns3:cad>
          </ns3:TrackPointExtension>
        </extensions>
      </trkpt>
      <trkpt lat="42.5988092087209224700927734375" lon="-5.60037857852876186370849609375">
        <ele>832.5999755859375</ele>
        <time>2025-10-03T11:17:06.000Z</time>
        <extensions>
          <ns3:TrackPointExtension>
            <ns3:hr>112</ns3:hr>
            <ns3:cad>57</ns3:cad>
          </ns3:TrackPointExtension>
        </extensions>
      </trkpt>
      <trkpt lat="42.59877643547952175140380859375" lon="-5.60044144280254840850830078125">
        <ele>832.4000244140625</ele>
        <time>2025-10-03T11:17:11.000Z</time>
        <extensions>
          <ns3:TrackPointExtension>
            <ns3:hr>113</ns3:hr>
            <ns3:cad>58</ns3:cad>
          </ns3:TrackPointExtension>
        </extensions>
      </trkpt>
      <trkpt lat="42.59870066307485103607177734375" lon="-5.6005954183638095855712890625">
        <ele>831.4000244140625</ele>
        <time>2025-10-03T11:17:22.000Z</time>
        <extensions>
          <ns3:TrackPointExtension>
            <ns3:hr>111</ns3:hr>
            <ns3:cad>59</ns3:cad>
          </ns3:TrackPointExtension>
        </extensions>
      </trkpt>
      <trkpt lat="42.59869110770523548126220703125" lon="-5.60060874558985233306884765625">
        <ele>831.20001220703125</ele>
        <time>2025-10-03T11:17:23.000Z</time>
        <extensions>
          <ns3:TrackPointExtension>
            <ns3:hr>111</ns3:hr>
            <ns3:cad>59</ns3:cad>
          </ns3:TrackPointExtension>
        </extensions>
      </trkpt>
      <trkpt lat="42.5986341945827007293701171875" lon="-5.600686781108379364013671875">
        <ele>830.20001220703125</ele>
        <time>2025-10-03T11:17:29.000Z</time>
        <extensions>
          <ns3:TrackPointExtension>
            <ns3:hr>110</ns3:hr>
            <ns3:cad>59</ns3:cad>
          </ns3:TrackPointExtension>
        </extensions>
      </trkpt>
      <trkpt lat="42.59859069250524044036865234375" lon="-5.60075827874243259429931640625">
        <ele>829.5999755859375</ele>
        <time>2025-10-03T11:17:34.000Z</time>
        <extensions>
          <ns3:TrackPointExtension>
            <ns3:hr>107</ns3:hr>
            <ns3:cad>59</ns3:cad>
          </ns3:TrackPointExtension>
        </extensions>
      </trkpt>
      <trkpt lat="42.59856856428086757659912109375" lon="-5.6007788144052028656005859375">
        <ele>829.20001220703125</ele>
        <time>2025-10-03T11:17:36.000Z</time>
        <extensions>
          <ns3:TrackPointExtension>
            <ns3:hr>105</ns3:hr>
            <ns3:cad>59</ns3:cad>
          </ns3:TrackPointExtension>
        </extensions>
      </trkpt>
      <trkpt lat="42.598526738584041595458984375" lon="-5.600819885730743408203125">
        <ele>828.79998779296875</ele>
        <time>2025-10-03T11:17:40.000Z</time>
        <extensions>
          <ns3:TrackPointExtension>
            <ns3:hr>102</ns3:hr>
            <ns3:cad>59</ns3:cad>
          </ns3:TrackPointExtension>
        </extensions>
      </trkpt>
      <trkpt lat="42.59846697561442852020263671875" lon="-5.600867159664630889892578125">
        <ele>828.20001220703125</ele>
        <time>2025-10-03T11:17:45.000Z</time>
        <extensions>
          <ns3:TrackPointExtension>
            <ns3:hr>100</ns3:hr>
            <ns3:cad>59</ns3:cad>
          </ns3:TrackPointExtension>
        </extensions>
      </trkpt>
      <trkpt lat="42.5983639620244503021240234375" lon="-5.6009441055357456207275390625">
        <ele>827</ele>
        <time>2025-10-03T11:17:54.000Z</time>
        <extensions>
          <ns3:TrackPointExtension>
            <ns3:hr>99</ns3:hr>
            <ns3:cad>59</ns3:cad>
          </ns3:TrackPointExtension>
        </extensions>
      </trkpt>
      <trkpt lat="42.59830403141677379608154296875" lon="-5.6009806506335735321044921875">
        <ele>826.5999755859375</ele>
        <time>2025-10-03T11:17:59.000Z</time>
        <extensions>
          <ns3:TrackPointExtension>
            <ns3:hr>99</ns3:hr>
            <ns3:cad>59</ns3:cad>
          </ns3:TrackPointExtension>
        </extensions>
      </trkpt>
      <trkpt lat="42.5982311926782131195068359375" lon="-5.60104862786829471588134765625">
        <ele>826</ele>
        <time>2025-10-03T11:18:06.000Z</time>
        <extensions>
          <ns3:TrackPointExtension>
            <ns3:hr>97</ns3:hr>
            <ns3:cad>59</ns3:cad>
          </ns3:TrackPointExtension>
        </extensions>
      </trkpt>
      <trkpt lat="42.59818567894399166107177734375" lon="-5.60109456069767475128173828125">
        <ele>825.5999755859375</ele>
        <time>2025-10-03T11:18:10.000Z</time>
        <extensions>
          <ns3:TrackPointExtension>
            <ns3:hr>96</ns3:hr>
            <ns3:cad>59</ns3:cad>
          </ns3:TrackPointExtension>
        </extensions>
      </trkpt>
      <trkpt lat="42.59813614189624786376953125" lon="-5.601150803267955780029296875">
        <ele>824.79998779296875</ele>
        <time>2025-10-03T11:18:15.000Z</time>
        <extensions>
          <ns3:TrackPointExtension>
            <ns3:hr>93</ns3:hr>
            <ns3:cad>59</ns3:cad>
          </ns3:TrackPointExtension>
        </extensions>
      </trkpt>
      <trkpt lat="42.5980692543089389801025390625" lon="-5.60123001225292682647705078125">
        <ele>824.20001220703125</ele>
        <time>2025-10-03T11:18:21.000Z</time>
        <extensions>
          <ns3:TrackPointExtension>
            <ns3:hr>93</ns3:hr>
            <ns3:cad>60</ns3:cad>
          </ns3:TrackPointExtension>
        </extensions>
      </trkpt>
      <trkpt lat="42.59805240668356418609619140625" lon="-5.60126421041786670684814453125">
        <ele>823.79998779296875</ele>
        <time>2025-10-03T11:18:24.000Z</time>
        <extensions>
          <ns3:TrackPointExtension>
            <ns3:hr>92</ns3:hr>
            <ns3:cad>60</ns3:cad>
          </ns3:TrackPointExtension>
        </extensions>
      </trkpt>
      <trkpt lat="42.59800462983548641204833984375" lon="-5.60134719125926494598388671875">
        <ele>823.4000244140625</ele>
        <time>2025-10-03T11:18:30.000Z</time>
        <extensions>
          <ns3:TrackPointExtension>
            <ns3:hr>94</ns3:hr>
            <ns3:cad>60</ns3:cad>
          </ns3:TrackPointExtension>
        </extensions>
      </trkpt>
      <trkpt lat="42.59795366786420345306396484375" lon="-5.60144106857478618621826171875">
        <ele>822.79998779296875</ele>
        <time>2025-10-03T11:18:37.000Z</time>
        <extensions>
          <ns3:TrackPointExtension>
            <ns3:hr>96</ns3:hr>
            <ns3:cad>59</ns3:cad>
          </ns3:TrackPointExtension>
        </extensions>
      </trkpt>
      <trkpt lat="42.59793405421078205108642578125" lon="-5.601486079394817352294921875">
        <ele>822.79998779296875</ele>
        <time>2025-10-03T11:18:40.000Z</time>
        <extensions>
          <ns3:TrackPointExtension>
            <ns3:hr>96</ns3:hr>
            <ns3:cad>57</ns3:cad>
          </ns3:TrackPointExtension>
        </extensions>
      </trkpt>
      <trkpt lat="42.59787085466086864471435546875" lon="-5.60162999667227268218994140625">
        <ele>823</ele>
        <time>2025-10-03T11:18:49.000Z</time>
        <extensions>
          <ns3:TrackPointExtension>
            <ns3:hr>96</ns3:hr>
            <ns3:cad>59</ns3:cad>
          </ns3:TrackPointExtension>
        </extensions>
      </trkpt>
      <trkpt lat="42.597830034792423248291015625" lon="-5.60180182568728923797607421875">
        <ele>823.20001220703125</ele>
        <time>2025-10-03T11:18:58.000Z</time>
        <extensions>
          <ns3:TrackPointExtension>
            <ns3:hr>97</ns3:hr>
            <ns3:cad>59</ns3:cad>
          </ns3:TrackPointExtension>
        </extensions>
      </trkpt>
      <trkpt lat="42.59780220687389373779296875" lon="-5.60194297693669795989990234375">
        <ele>823.4000244140625</ele>
        <time>2025-10-03T11:19:07.000Z</time>
        <extensions>
          <ns3:TrackPointExtension>
            <ns3:hr>99</ns3:hr>
            <ns3:cad>59</ns3:cad>
          </ns3:TrackPointExtension>
        </extensions>
      </trkpt>
      <trkpt lat="42.5977611355483531951904296875" lon="-5.60211346484720706939697265625">
        <ele>823.4000244140625</ele>
        <time>2025-10-03T11:19:17.000Z</time>
        <extensions>
          <ns3:TrackPointExtension>
            <ns3:hr>100</ns3:hr>
            <ns3:cad>59</ns3:cad>
          </ns3:TrackPointExtension>
        </extensions>
      </trkpt>
      <trkpt lat="42.59772802703082561492919921875" lon="-5.60221605934202671051025390625">
        <ele>823.5999755859375</ele>
        <time>2025-10-03T11:19:24.000Z</time>
        <extensions>
          <ns3:TrackPointExtension>
            <ns3:hr>103</ns3:hr>
            <ns3:cad>59</ns3:cad>
          </ns3:TrackPointExtension>
        </extensions>
      </trkpt>
      <trkpt lat="42.59771646000444889068603515625" lon="-5.60225176624953746795654296875">
        <ele>823.79998779296875</ele>
        <time>2025-10-03T11:19:26.000Z</time>
        <extensions>
          <ns3:TrackPointExtension>
            <ns3:hr>103</ns3:hr>
            <ns3:cad>59</ns3:cad>
          </ns3:TrackPointExtension>
        </extensions>
      </trkpt>
      <trkpt lat="42.59768209420144557952880859375" lon="-5.60240264050662517547607421875">
        <ele>823.79998779296875</ele>
        <time>2025-10-03T11:19:35.000Z</time>
        <extensions>
          <ns3:TrackPointExtension>
            <ns3:hr>103</ns3:hr>
            <ns3:cad>59</ns3:cad>
          </ns3:TrackPointExtension>
        </extensions>
      </trkpt>
      <trkpt lat="42.59766734205186367034912109375" lon="-5.6024766527116298675537109375">
        <ele>823.79998779296875</ele>
        <time>2025-10-03T11:19:39.000Z</time>
        <extensions>
          <ns3:TrackPointExtension>
            <ns3:hr>105</ns3:hr>
            <ns3:cad>59</ns3:cad>
          </ns3:TrackPointExtension>
        </extensions>
      </trkpt>
      <trkpt lat="42.59764051996171474456787109375" lon="-5.60253440402448177337646484375">
        <ele>823.79998779296875</ele>
        <time>2025-10-03T11:19:43.000Z</time>
        <extensions>
          <ns3:TrackPointExtension>
            <ns3:hr>104</ns3:hr>
            <ns3:cad>59</ns3:cad>
          </ns3:TrackPointExtension>
        </extensions>
      </trkpt>
      <trkpt lat="42.59757363237440586090087890625" lon="-5.60260749422013759613037109375">
        <ele>823.79998779296875</ele>
        <time>2025-10-03T11:19:50.000Z</time>
        <extensions>
          <ns3:TrackPointExtension>
            <ns3:hr>104</ns3:hr>
            <ns3:cad>61</ns3:cad>
          </ns3:TrackPointExtension>
        </extensions>
      </trkpt>
      <trkpt lat="42.597471959888935089111328125" lon="-5.60258771292865276336669921875">
        <ele>823.5999755859375</ele>
        <time>2025-10-03T11:19:57.000Z</time>
        <extensions>
          <ns3:TrackPointExtension>
            <ns3:hr>105</ns3:hr>
            <ns3:cad>59</ns3:cad>
          </ns3:TrackPointExtension>
        </extensions>
      </trkpt>
      <trkpt lat="42.59743398986756801605224609375" lon="-5.60263498686254024505615234375">
        <ele>823.5999755859375</ele>
        <time>2025-10-03T11:20:02.000Z</time>
        <extensions>
          <ns3:TrackPointExtension>
            <ns3:hr>105</ns3:hr>
            <ns3:cad>59</ns3:cad>
          </ns3:TrackPointExtension>
        </extensions>
      </trkpt>
      <trkpt lat="42.5974285416305065155029296875" lon="-5.6026694364845752716064453125">
        <ele>823.4000244140625</ele>
        <time>2025-10-03T11:20:04.000Z</time>
        <extensions>
          <ns3:TrackPointExtension>
            <ns3:hr>104</ns3:hr>
            <ns3:cad>58</ns3:cad>
          </ns3:TrackPointExtension>
        </extensions>
      </trkpt>
      <trkpt lat="42.59740247391164302825927734375" lon="-5.60276457108557224273681640625">
        <ele>823.4000244140625</ele>
        <time>2025-10-03T11:20:10.000Z</time>
        <extensions>
          <ns3:TrackPointExtension>
            <ns3:hr>101</ns3:hr>
            <ns3:cad>59</ns3:cad>
          </ns3:TrackPointExtension>
        </extensions>
      </trkpt>
      <trkpt lat="42.59737280197441577911376953125" lon="-5.6028504855930805206298828125">
        <ele>823.5999755859375</ele>
        <time>2025-10-03T11:20:15.000Z</time>
        <extensions>
          <ns3:TrackPointExtension>
            <ns3:hr>102</ns3:hr>
            <ns3:cad>56</ns3:cad>
          </ns3:TrackPointExtension>
        </extensions>
      </trkpt>
      <trkpt lat="42.59732343256473541259765625" lon="-5.60298442840576171875">
        <ele>823.20001220703125</ele>
        <time>2025-10-03T11:20:23.000Z</time>
        <extensions>
          <ns3:TrackPointExtension>
            <ns3:hr>104</ns3:hr>
            <ns3:cad>57</ns3:cad>
          </ns3:TrackPointExtension>
        </extensions>
      </trkpt>
      <trkpt lat="42.59727515280246734619140625" lon="-5.60312465764582157135009765625">
        <ele>823.20001220703125</ele>
        <time>2025-10-03T11:20:32.000Z</time>
        <extensions>
          <ns3:TrackPointExtension>
            <ns3:hr>104</ns3:hr>
            <ns3:cad>58</ns3:cad>
          </ns3:TrackPointExtension>
        </extensions>
      </trkpt>
      <trkpt lat="42.59724028408527374267578125" lon="-5.60323320329189300537109375">
        <ele>823.20001220703125</ele>
        <time>2025-10-03T11:20:40.000Z</time>
        <extensions>
          <ns3:TrackPointExtension>
            <ns3:hr>103</ns3:hr>
            <ns3:cad>57</ns3:cad>
          </ns3:TrackPointExtension>
        </extensions>
      </trkpt>
      <trkpt lat="42.597204744815826416015625" lon="-5.603356920182704925537109375">
        <ele>823</ele>
        <time>2025-10-03T11:20:48.000Z</time>
        <extensions>
          <ns3:TrackPointExtension>
            <ns3:hr>103</ns3:hr>
            <ns3:cad>57</ns3:cad>
          </ns3:TrackPointExtension>
        </extensions>
      </trkpt>
      <trkpt lat="42.5971683673560619354248046875" lon="-5.603489018976688385009765625">
        <ele>823</ele>
        <time>2025-10-03T11:20:56.000Z</time>
        <extensions>
          <ns3:TrackPointExtension>
            <ns3:hr>104</ns3:hr>
            <ns3:cad>57</ns3:cad>
          </ns3:TrackPointExtension>
        </extensions>
      </trkpt>
      <trkpt lat="42.59711514227092266082763671875" lon="-5.6036189384758472442626953125">
        <ele>823.20001220703125</ele>
        <time>2025-10-03T11:21:05.000Z</time>
        <extensions>
          <ns3:TrackPointExtension>
            <ns3:hr>104</ns3:hr>
            <ns3:cad>58</ns3:cad>
          </ns3:TrackPointExtension>
        </extensions>
      </trkpt>
      <trkpt lat="42.5970456562936305999755859375" lon="-5.603796802461147308349609375">
        <ele>823.4000244140625</ele>
        <time>2025-10-03T11:21:17.000Z</time>
        <extensions>
          <ns3:TrackPointExtension>
            <ns3:hr>104</ns3:hr>
            <ns3:cad>58</ns3:cad>
          </ns3:TrackPointExtension>
        </extensions>
      </trkpt>
      <trkpt lat="42.59698924608528614044189453125" lon="-5.6039230339229106903076171875">
        <ele>823.4000244140625</ele>
        <time>2025-10-03T11:21:25.000Z</time>
        <extensions>
          <ns3:TrackPointExtension>
            <ns3:hr>104</ns3:hr>
            <ns3:cad>58</ns3:cad>
          </ns3:TrackPointExtension>
        </extensions>
      </trkpt>
      <trkpt lat="42.59692856110632419586181640625" lon="-5.60407516546547412872314453125">
        <ele>823.79998779296875</ele>
        <time>2025-10-03T11:21:34.000Z</time>
        <extensions>
          <ns3:TrackPointExtension>
            <ns3:hr>105</ns3:hr>
            <ns3:cad>57</ns3:cad>
          </ns3:TrackPointExtension>
        </extensions>
      </trkpt>
      <trkpt lat="42.5968884117901325225830078125" lon="-5.60418798588216304779052734375">
        <ele>824</ele>
        <time>2025-10-03T11:21:41.000Z</time>
        <extensions>
          <ns3:TrackPointExtension>
            <ns3:hr>105</ns3:hr>
            <ns3:cad>58</ns3:cad>
          </ns3:TrackPointExtension>
        </extensions>
      </trkpt>
      <trkpt lat="42.596855722367763519287109375" lon="-5.604279600083827972412109375">
        <ele>824.20001220703125</ele>
        <time>2025-10-03T11:21:48.000Z</time>
        <extensions>
          <ns3:TrackPointExtension>
            <ns3:hr>106</ns3:hr>
            <ns3:cad>58</ns3:cad>
          </ns3:TrackPointExtension>
        </extensions>
      </trkpt>
      <trkpt lat="42.5968126393854618072509765625" lon="-5.60445738025009632110595703125">
        <ele>824.5999755859375</ele>
        <time>2025-10-03T11:21:58.000Z</time>
        <extensions>
          <ns3:TrackPointExtension>
            <ns3:hr>107</ns3:hr>
            <ns3:cad>57</ns3:cad>
          </ns3:TrackPointExtension>
        </extensions>
      </trkpt>
      <trkpt lat="42.59674784727394580841064453125" lon="-5.604602806270122528076171875">
        <ele>824.79998779296875</ele>
        <time>2025-10-03T11:22:08.000Z</time>
        <extensions>
          <ns3:TrackPointExtension>
            <ns3:hr>106</ns3:hr>
            <ns3:cad>58</ns3:cad>
          </ns3:TrackPointExtension>
        </extensions>
      </trkpt>
      <trkpt lat="42.596740387380123138427734375" lon="-5.60461697168648242950439453125">
        <ele>824.79998779296875</ele>
        <time>2025-10-03T11:22:09.000Z</time>
        <extensions>
          <ns3:TrackPointExtension>
            <ns3:hr>106</ns3:hr>
            <ns3:cad>58</ns3:cad>
          </ns3:TrackPointExtension>
        </extensions>
      </trkpt>
      <trkpt lat="42.5966688059270381927490234375" lon="-5.6047461368143558502197265625">
        <ele>825.20001220703125</ele>
        <time>2025-10-03T11:22:18.000Z</time>
        <extensions>
          <ns3:TrackPointExtension>
            <ns3:hr>108</ns3:hr>
            <ns3:cad>57</ns3:cad>
          </ns3:TrackPointExtension>
        </extensions>
      </trkpt>
      <trkpt lat="42.59661625139415264129638671875" lon="-5.60489080846309661865234375">
        <ele>825.79998779296875</ele>
        <time>2025-10-03T11:22:28.000Z</time>
        <extensions>
          <ns3:TrackPointExtension>
            <ns3:hr>110</ns3:hr>
            <ns3:cad>57</ns3:cad>
          </ns3:TrackPointExtension>
        </extensions>
      </trkpt>
      <trkpt lat="42.59661197662353515625" lon="-5.60490824282169342041015625">
        <ele>825.79998779296875</ele>
        <time>2025-10-03T11:22:29.000Z</time>
        <extensions>
          <ns3:TrackPointExtension>
            <ns3:hr>110</ns3:hr>
            <ns3:cad>57</ns3:cad>
          </ns3:TrackPointExtension>
        </extensions>
      </trkpt>
      <trkpt lat="42.5965471006929874420166015625" lon="-5.60504226945340633392333984375">
        <ele>826.5999755859375</ele>
        <time>2025-10-03T11:22:38.000Z</time>
        <extensions>
          <ns3:TrackPointExtension>
            <ns3:hr>112</ns3:hr>
            <ns3:cad>57</ns3:cad>
          </ns3:TrackPointExtension>
        </extensions>
      </trkpt>
      <trkpt lat="42.59651851840317249298095703125" lon="-5.60511351563036441802978515625">
        <ele>827</ele>
        <time>2025-10-03T11:22:43.000Z</time>
        <extensions>
          <ns3:TrackPointExtension>
            <ns3:hr>112</ns3:hr>
            <ns3:cad>57</ns3:cad>
          </ns3:TrackPointExtension>
        </extensions>
      </trkpt>
      <trkpt lat="42.5964964739978313446044921875" lon="-5.60517378151416778564453125">
        <ele>827.20001220703125</ele>
        <time>2025-10-03T11:22:47.000Z</time>
        <extensions>
          <ns3:TrackPointExtension>
            <ns3:hr>113</ns3:hr>
            <ns3:cad>57</ns3:cad>
          </ns3:TrackPointExtension>
        </extensions>
      </trkpt>
      <trkpt lat="42.59645531885325908660888671875" lon="-5.60531719587743282318115234375">
        <ele>827.79998779296875</ele>
        <time>2025-10-03T11:22:57.000Z</time>
        <extensions>
          <ns3:TrackPointExtension>
            <ns3:hr>113</ns3:hr>
            <ns3:cad>56</ns3:cad>
          </ns3:TrackPointExtension>
        </extensions>
      </trkpt>
      <trkpt lat="42.59645129553973674774169921875" lon="-5.60534552671015262603759765625">
        <ele>828</ele>
        <time>2025-10-03T11:22:59.000Z</time>
        <extensions>
          <ns3:TrackPointExtension>
            <ns3:hr>114</ns3:hr>
            <ns3:cad>56</ns3:cad>
          </ns3:TrackPointExtension>
        </extensions>
      </trkpt>
      <trkpt lat="42.596426568925380706787109375" lon="-5.60542532242834568023681640625">
        <ele>828.4000244140625</ele>
        <time>2025-10-03T11:23:05.000Z</time>
        <extensions>
          <ns3:TrackPointExtension>
            <ns3:hr>115</ns3:hr>
            <ns3:cad>55</ns3:cad>
          </ns3:TrackPointExtension>
        </extensions>
      </trkpt>
      <trkpt lat="42.5964404828846454620361328125" lon="-5.60547376982867717742919921875">
        <ele>828.4000244140625</ele>
        <time>2025-10-03T11:23:10.000Z</time>
        <extensions>
          <ns3:TrackPointExtension>
            <ns3:hr>114</ns3:hr>
            <ns3:cad>56</ns3:cad>
          </ns3:TrackPointExtension>
        </extensions>
      </trkpt>
      <trkpt lat="42.59644174017012119293212890625" lon="-5.60551710426807403564453125">
        <ele>828.4000244140625</ele>
        <time>2025-10-03T11:23:12.000Z</time>
        <extensions>
          <ns3:TrackPointExtension>
            <ns3:hr>114</ns3:hr>
            <ns3:cad>57</ns3:cad>
          </ns3:TrackPointExtension>
        </extensions>
      </trkpt>
      <trkpt lat="42.5964435003697872161865234375" lon="-5.60565129853785037994384765625">
        <ele>828.79998779296875</ele>
        <time>2025-10-03T11:23:20.000Z</time>
        <extensions>
          <ns3:TrackPointExtension>
            <ns3:hr>116</ns3:hr>
            <ns3:cad>54</ns3:cad>
          </ns3:TrackPointExtension>
        </extensions>
      </trkpt>
      <trkpt lat="42.596439979970455169677734375" lon="-5.60570309869945049285888671875">
        <ele>829</ele>
        <time>2025-10-03T11:23:23.000Z</time>
        <extensions>
          <ns3:TrackPointExtension>
            <ns3:hr>116</ns3:hr>
            <ns3:cad>56</ns3:cad>
          </ns3:TrackPointExtension>
        </extensions>
      </trkpt>
      <trkpt lat="42.59642631746828556060791015625" lon="-5.60578239150345325469970703125">
        <ele>829.4000244140625</ele>
        <time>2025-10-03T11:23:27.000Z</time>
        <extensions>
          <ns3:TrackPointExtension>
            <ns3:hr>116</ns3:hr>
            <ns3:cad>57</ns3:cad>
          </ns3:TrackPointExtension>
        </extensions>
      </trkpt>
      <trkpt lat="42.596415169537067413330078125" lon="-5.6059155799448490142822265625">
        <ele>829.5999755859375</ele>
        <time>2025-10-03T11:23:36.000Z</time>
        <extensions>
          <ns3:TrackPointExtension>
            <ns3:hr>116</ns3:hr>
            <ns3:cad>57</ns3:cad>
          </ns3:TrackPointExtension>
        </extensions>
      </trkpt>
      <trkpt lat="42.5964133255183696746826171875" lon="-5.605970062315464019775390625">
        <ele>829.79998779296875</ele>
        <time>2025-10-03T11:23:39.000Z</time>
        <extensions>
          <ns3:TrackPointExtension>
            <ns3:hr>113</ns3:hr>
            <ns3:cad>57</ns3:cad>
          </ns3:TrackPointExtension>
        </extensions>
      </trkpt>
      <trkpt lat="42.5963995791971683502197265625" lon="-5.60605279169976711273193359375">
        <ele>829.79998779296875</ele>
        <time>2025-10-03T11:23:43.000Z</time>
        <extensions>
          <ns3:TrackPointExtension>
            <ns3:hr>113</ns3:hr>
            <ns3:cad>57</ns3:cad>
          </ns3:TrackPointExtension>
        </extensions>
      </trkpt>
      <trkpt lat="42.59639329276978969573974609375" lon="-5.60615840367972850799560546875">
        <ele>830</ele>
        <time>2025-10-03T11:23:49.000Z</time>
        <extensions>
          <ns3:TrackPointExtension>
            <ns3:hr>111</ns3:hr>
            <ns3:cad>56</ns3:cad>
          </ns3:TrackPointExtension>
        </extensions>
      </trkpt>
      <trkpt lat="42.59639128111302852630615234375" lon="-5.60626585967838764190673828125">
        <ele>829.79998779296875</ele>
        <time>2025-10-03T11:23:57.000Z</time>
        <extensions>
          <ns3:TrackPointExtension>
            <ns3:hr>110</ns3:hr>
            <ns3:cad>57</ns3:cad>
          </ns3:TrackPointExtension>
        </extensions>
      </trkpt>
      <trkpt lat="42.59640083648264408111572265625" lon="-5.60637113638222217559814453125">
        <ele>830.20001220703125</ele>
        <time>2025-10-03T11:24:03.000Z</time>
        <extensions>
          <ns3:TrackPointExtension>
            <ns3:hr>109</ns3:hr>
            <ns3:cad>59</ns3:cad>
          </ns3:TrackPointExtension>
        </extensions>
      </trkpt>
      <trkpt lat="42.59640184231102466583251953125" lon="-5.60638974420726299285888671875">
        <ele>830.20001220703125</ele>
        <time>2025-10-03T11:24:04.000Z</time>
        <extensions>
          <ns3:TrackPointExtension>
            <ns3:hr>109</ns3:hr>
            <ns3:cad>59</ns3:cad>
          </ns3:TrackPointExtension>
        </extensions>
      </trkpt>
      <trkpt lat="42.5963838212192058563232421875" lon="-5.60650038532912731170654296875">
        <ele>830.20001220703125</ele>
        <time>2025-10-03T11:24:10.000Z</time>
        <extensions>
          <ns3:TrackPointExtension>
            <ns3:hr>108</ns3:hr>
            <ns3:cad>58</ns3:cad>
          </ns3:TrackPointExtension>
        </extensions>
      </trkpt>
      <trkpt lat="42.5963512994349002838134765625" lon="-5.60664388351142406463623046875">
        <ele>830</ele>
        <time>2025-10-03T11:24:18.000Z</time>
        <extensions>
          <ns3:TrackPointExtension>
            <ns3:hr>108</ns3:hr>
            <ns3:cad>58</ns3:cad>
          </ns3:TrackPointExtension>
        </extensions>
      </trkpt>
      <trkpt lat="42.59634844958782196044921875" lon="-5.60674664564430713653564453125">
        <ele>830</ele>
        <time>2025-10-03T11:24:26.000Z</time>
        <extensions>
          <ns3:TrackPointExtension>
            <ns3:hr>107</ns3:hr>
            <ns3:cad>57</ns3:cad>
          </ns3:TrackPointExtension>
        </extensions>
      </trkpt>
      <trkpt lat="42.596342749893665313720703125" lon="-5.60689173638820648193359375">
        <ele>830.20001220703125</ele>
        <time>2025-10-03T11:24:34.000Z</time>
        <extensions>
          <ns3:TrackPointExtension>
            <ns3:hr>106</ns3:hr>
            <ns3:cad>58</ns3:cad>
          </ns3:TrackPointExtension>
        </extensions>
      </trkpt>
      <trkpt lat="42.59635071270167827606201171875" lon="-5.6070427782833576202392578125">
        <ele>830</ele>
        <time>2025-10-03T11:24:42.000Z</time>
        <extensions>
          <ns3:TrackPointExtension>
            <ns3:hr>105</ns3:hr>
            <ns3:cad>59</ns3:cad>
          </ns3:TrackPointExtension>
        </extensions>
      </trkpt>
      <trkpt lat="42.5963291712105274200439453125" lon="-5.6071601249277591705322265625">
        <ele>830</ele>
        <time>2025-10-03T11:24:51.000Z</time>
        <extensions>
          <ns3:TrackPointExtension>
            <ns3:hr>105</ns3:hr>
            <ns3:cad>57</ns3:cad>
          </ns3:TrackPointExtension>
        </extensions>
      </trkpt>
      <trkpt lat="42.59633369743824005126953125" lon="-5.60725861229002475738525390625">
        <ele>830</ele>
        <time>2025-10-03T11:24:57.000Z</time>
        <extensions>
          <ns3:TrackPointExtension>
            <ns3:hr>105</ns3:hr>
            <ns3:cad>58</ns3:cad>
          </ns3:TrackPointExtension>
        </extensions>
      </trkpt>
      <trkpt lat="42.59631081484258174896240234375" lon="-5.6073971651494503021240234375">
        <ele>830</ele>
        <time>2025-10-03T11:25:04.000Z</time>
        <extensions>
          <ns3:TrackPointExtension>
            <ns3:hr>106</ns3:hr>
            <ns3:cad>57</ns3:cad>
          </ns3:TrackPointExtension>
        </extensions>
      </trkpt>
      <trkpt lat="42.5963114015758037567138671875" lon="-5.6075557507574558258056640625">
        <ele>830</ele>
        <time>2025-10-03T11:25:13.000Z</time>
        <extensions>
          <ns3:TrackPointExtension>
            <ns3:hr>106</ns3:hr>
            <ns3:cad>57</ns3:cad>
          </ns3:TrackPointExtension>
        </extensions>
      </trkpt>
      <trkpt lat="42.5962761975824832916259765625" lon="-5.60766966082155704498291015625">
        <ele>829.79998779296875</ele>
        <time>2025-10-03T11:25:20.000Z</time>
        <extensions>
          <ns3:TrackPointExtension>
            <ns3:hr>106</ns3:hr>
            <ns3:cad>57</ns3:cad>
          </ns3:TrackPointExtension>
        </extensions>
      </trkpt>
      <trkpt lat="42.59622766636312007904052734375" lon="-5.60782019980251789093017578125">
        <ele>829.5999755859375</ele>
        <time>2025-10-03T11:25:30.000Z</time>
        <extensions>
          <ns3:TrackPointExtension>
            <ns3:hr>105</ns3:hr>
            <ns3:cad>58</ns3:cad>
          </ns3:TrackPointExtension>
        </extensions>
      </trkpt>
      <trkpt lat="42.596183829009532928466796875" lon="-5.60794073157012462615966796875">
        <ele>829.5999755859375</ele>
        <time>2025-10-03T11:25:37.000Z</time>
        <extensions>
          <ns3:TrackPointExtension>
            <ns3:hr>104</ns3:hr>
            <ns3:cad>57</ns3:cad>
          </ns3:TrackPointExtension>
        </extensions>
      </trkpt>
      <trkpt lat="42.59616279043257236480712890625" lon="-5.6080516241490840911865234375">
        <ele>829.5999755859375</ele>
        <time>2025-10-03T11:25:43.000Z</time>
        <extensions>
          <ns3:TrackPointExtension>
            <ns3:hr>103</ns3:hr>
            <ns3:cad>58</ns3:cad>
          </ns3:TrackPointExtension>
        </extensions>
      </trkpt>
      <trkpt lat="42.596171088516712188720703125" lon="-5.6082172505557537078857421875">
        <ele>829.79998779296875</ele>
        <time>2025-10-03T11:25:52.000Z</time>
        <extensions>
          <ns3:TrackPointExtension>
            <ns3:hr>104</ns3:hr>
            <ns3:cad>59</ns3:cad>
          </ns3:TrackPointExtension>
        </extensions>
      </trkpt>
      <trkpt lat="42.59615876711905002593994140625" lon="-5.608341135084629058837890625">
        <ele>829.5999755859375</ele>
        <time>2025-10-03T11:26:00.000Z</time>
        <extensions>
          <ns3:TrackPointExtension>
            <ns3:hr>106</ns3:hr>
            <ns3:cad>59</ns3:cad>
          </ns3:TrackPointExtension>
        </extensions>
      </trkpt>
      <trkpt lat="42.596165724098682403564453125" lon="-5.60845278203487396240234375">
        <ele>829.79998779296875</ele>
        <time>2025-10-03T11:26:07.000Z</time>
        <extensions>
          <ns3:TrackPointExtension>
            <ns3:hr>105</ns3:hr>
            <ns3:cad>58</ns3:cad>
          </ns3:TrackPointExtension>
        </extensions>
      </trkpt>
      <trkpt lat="42.59616429917514324188232421875" lon="-5.6085459887981414794921875">
        <ele>829.79998779296875</ele>
        <time>2025-10-03T11:26:13.000Z</time>
        <extensions>
          <ns3:TrackPointExtension>
            <ns3:hr>105</ns3:hr>
            <ns3:cad>57</ns3:cad>
          </ns3:TrackPointExtension>
        </extensions>
      </trkpt>
      <trkpt lat="42.59611769579350948333740234375" lon="-5.608598627150058746337890625">
        <ele>829.79998779296875</ele>
        <time>2025-10-03T11:26:17.000Z</time>
        <extensions>
          <ns3:TrackPointExtension>
            <ns3:hr>106</ns3:hr>
            <ns3:cad>57</ns3:cad>
          </ns3:TrackPointExtension>
        </extensions>
      </trkpt>
      <trkpt lat="42.59610277600586414337158203125" lon="-5.608602650463581085205078125">
        <ele>829.79998779296875</ele>
        <time>2025-10-03T11:26:18.000Z</time>
        <extensions>
          <ns3:TrackPointExtension>
            <ns3:hr>106</ns3:hr>
            <ns3:cad>55</ns3:cad>
          </ns3:TrackPointExtension>
        </extensions>
      </trkpt>
      <trkpt lat="42.596008144319057464599609375" lon="-5.60862804763019084930419921875">
        <ele>829.79998779296875</ele>
        <time>2025-10-03T11:26:24.000Z</time>
        <extensions>
          <ns3:TrackPointExtension>
            <ns3:hr>106</ns3:hr>
            <ns3:cad>57</ns3:cad>
          </ns3:TrackPointExtension>
        </extensions>
      </trkpt>
      <trkpt lat="42.5959657318890094757080078125" lon="-5.60863307677209377288818359375">
        <ele>829.5999755859375</ele>
        <time>2025-10-03T11:26:28.000Z</time>
        <extensions>
          <ns3:TrackPointExtension>
            <ns3:hr>106</ns3:hr>
            <ns3:cad>59</ns3:cad>
          </ns3:TrackPointExtension>
        </extensions>
      </trkpt>
      <trkpt lat="42.5959439389407634735107421875" lon="-5.60864481143653392791748046875">
        <ele>829.4000244140625</ele>
        <time>2025-10-03T11:26:31.000Z</time>
        <extensions>
          <ns3:TrackPointExtension>
            <ns3:hr>104</ns3:hr>
            <ns3:cad>60</ns3:cad>
          </ns3:TrackPointExtension>
        </extensions>
      </trkpt>
      <trkpt lat="42.5958906300365924835205078125" lon="-5.60875193215906620025634765625">
        <ele>829.4000244140625</ele>
        <time>2025-10-03T11:26:38.000Z</time>
        <extensions>
          <ns3:TrackPointExtension>
            <ns3:hr>106</ns3:hr>
            <ns3:cad>58</ns3:cad>
          </ns3:TrackPointExtension>
        </extensions>
      </trkpt>
      <trkpt lat="42.59584360755980014801025390625" lon="-5.60888537205755710601806640625">
        <ele>829.4000244140625</ele>
        <time>2025-10-03T11:26:46.000Z</time>
        <extensions>
          <ns3:TrackPointExtension>
            <ns3:hr>106</ns3:hr>
            <ns3:cad>58</ns3:cad>
          </ns3:TrackPointExtension>
        </extensions>
      </trkpt>
      <trkpt lat="42.59581334888935089111328125" lon="-5.60898444615304470062255859375">
        <ele>829.4000244140625</ele>
        <time>2025-10-03T11:26:53.000Z</time>
        <extensions>
          <ns3:TrackPointExtension>
            <ns3:hr>105</ns3:hr>
            <ns3:cad>58</ns3:cad>
          </ns3:TrackPointExtension>
        </extensions>
      </trkpt>
      <trkpt lat="42.59579231031239032745361328125" lon="-5.6090561114251613616943359375">
        <ele>829.4000244140625</ele>
        <time>2025-10-03T11:26:58.000Z</time>
        <extensions>
          <ns3:TrackPointExtension>
            <ns3:hr>105</ns3:hr>
            <ns3:cad>60</ns3:cad>
          </ns3:TrackPointExtension>
        </extensions>
      </trkpt>
      <trkpt lat="42.5957783125340938568115234375" lon="-5.60912157408893108367919921875">
        <ele>829.4000244140625</ele>
        <time>2025-10-03T11:27:02.000Z</time>
        <extensions>
          <ns3:TrackPointExtension>
            <ns3:hr>104</ns3:hr>
            <ns3:cad>61</ns3:cad>
          </ns3:TrackPointExtension>
        </extensions>
      </trkpt>
      <trkpt lat="42.59573615156114101409912109375" lon="-5.60923523269593715667724609375">
        <ele>829.20001220703125</ele>
        <time>2025-10-03T11:27:09.000Z</time>
        <extensions>
          <ns3:TrackPointExtension>
            <ns3:hr>103</ns3:hr>
            <ns3:cad>58</ns3:cad>
          </ns3:TrackPointExtension>
        </extensions>
      </trkpt>
      <trkpt lat="42.59568703360855579376220703125" lon="-5.6093638949096202850341796875">
        <ele>829.20001220703125</ele>
        <time>2025-10-03T11:27:17.000Z</time>
        <extensions>
          <ns3:TrackPointExtension>
            <ns3:hr>101</ns3:hr>
            <ns3:cad>57</ns3:cad>
          </ns3:TrackPointExtension>
        </extensions>
      </trkpt>
      <trkpt lat="42.59568653069436550140380859375" lon="-5.609375126659870147705078125">
        <ele>829.20001220703125</ele>
        <time>2025-10-03T11:27:18.000Z</time>
        <extensions>
          <ns3:TrackPointExtension>
            <ns3:hr>101</ns3:hr>
            <ns3:cad>57</ns3:cad>
          </ns3:TrackPointExtension>
        </extensions>
      </trkpt>
      <trkpt lat="42.5956847704946994781494140625" lon="-5.6094480492174625396728515625">
        <ele>829.20001220703125</ele>
        <time>2025-10-03T11:27:23.000Z</time>
        <extensions>
          <ns3:TrackPointExtension>
            <ns3:hr>102</ns3:hr>
            <ns3:cad>58</ns3:cad>
          </ns3:TrackPointExtension>
        </extensions>
      </trkpt>
      <trkpt lat="42.59566641412675380706787109375" lon="-5.6094899587333202362060546875">
        <ele>829.20001220703125</ele>
        <time>2025-10-03T11:27:25.000Z</time>
        <extensions>
          <ns3:TrackPointExtension>
            <ns3:hr>103</ns3:hr>
            <ns3:cad>58</ns3:cad>
          </ns3:TrackPointExtension>
        </extensions>
      </trkpt>
      <trkpt lat="42.59562199003994464874267578125" lon="-5.60955575667321681976318359375">
        <ele>829.4000244140625</ele>
        <time>2025-10-03T11:27:29.000Z</time>
        <extensions>
          <ns3:TrackPointExtension>
            <ns3:hr>103</ns3:hr>
            <ns3:cad>57</ns3:cad>
          </ns3:TrackPointExtension>
        </extensions>
      </trkpt>
      <trkpt lat="42.59556130506098270416259765625" lon="-5.60961141251027584075927734375">
        <ele>829.20001220703125</ele>
        <time>2025-10-03T11:27:34.000Z</time>
        <extensions>
          <ns3:TrackPointExtension>
            <ns3:hr>102</ns3:hr>
            <ns3:cad>58</ns3:cad>
          </ns3:TrackPointExtension>
        </extensions>
      </trkpt>
      <trkpt lat="42.59552727453410625457763671875" lon="-5.60972088016569614410400390625">
        <ele>829.20001220703125</ele>
        <time>2025-10-03T11:27:40.000Z</time>
        <extensions>
          <ns3:TrackPointExtension>
            <ns3:hr>102</ns3:hr>
            <ns3:cad>58</ns3:cad>
          </ns3:TrackPointExtension>
        </extensions>
      </trkpt>
      <trkpt lat="42.59550355374813079833984375" lon="-5.60977754183113574981689453125">
        <ele>829.20001220703125</ele>
        <time>2025-10-03T11:27:44.000Z</time>
        <extensions>
          <ns3:TrackPointExtension>
            <ns3:hr>105</ns3:hr>
            <ns3:cad>59</ns3:cad>
          </ns3:TrackPointExtension>
        </extensions>
      </trkpt>
      <trkpt lat="42.59549475274980068206787109375" lon="-5.609812326729297637939453125">
        <ele>829.20001220703125</ele>
        <time>2025-10-03T11:27:47.000Z</time>
        <extensions>
          <ns3:TrackPointExtension>
            <ns3:hr>105</ns3:hr>
            <ns3:cad>58</ns3:cad>
          </ns3:TrackPointExtension>
        </extensions>
      </trkpt>
      <trkpt lat="42.59549022652208805084228515625" lon="-5.609828419983386993408203125">
        <ele>829</ele>
        <time>2025-10-03T11:27:48.000Z</time>
        <extensions>
          <ns3:TrackPointExtension>
            <ns3:hr>105</ns3:hr>
            <ns3:cad>57</ns3:cad>
          </ns3:TrackPointExtension>
        </extensions>
      </trkpt>
      <trkpt lat="42.59548536501824855804443359375" lon="-5.60988013632595539093017578125">
        <ele>829.20001220703125</ele>
        <time>2025-10-03T11:27:52.000Z</time>
        <extensions>
          <ns3:TrackPointExtension>
            <ns3:hr>105</ns3:hr>
            <ns3:cad>59</ns3:cad>
          </ns3:TrackPointExtension>
        </extensions>
      </trkpt>
      <trkpt lat="42.59547002613544464111328125" lon="-5.610001087188720703125">
        <ele>829.5999755859375</ele>
        <time>2025-10-03T11:27:58.000Z</time>
        <extensions>
          <ns3:TrackPointExtension>
            <ns3:hr>105</ns3:hr>
            <ns3:cad>58</ns3:cad>
          </ns3:TrackPointExtension>
        </extensions>
      </trkpt>
      <trkpt lat="42.59544228203594684600830078125" lon="-5.6101450882852077484130859375">
        <ele>829.79998779296875</ele>
        <time>2025-10-03T11:28:06.000Z</time>
        <extensions>
          <ns3:TrackPointExtension>
            <ns3:hr>105</ns3:hr>
            <ns3:cad>58</ns3:cad>
          </ns3:TrackPointExtension>
        </extensions>
      </trkpt>
      <trkpt lat="42.59542082436382770538330078125" lon="-5.61023871414363384246826171875">
        <ele>830</ele>
        <time>2025-10-03T11:28:12.000Z</time>
        <extensions>
          <ns3:TrackPointExtension>
            <ns3:hr>105</ns3:hr>
            <ns3:cad>57</ns3:cad>
          </ns3:TrackPointExtension>
        </extensions>
      </trkpt>
      <trkpt lat="42.59541126899421215057373046875" lon="-5.6102701462805271148681640625">
        <ele>830.20001220703125</ele>
        <time>2025-10-03T11:28:14.000Z</time>
        <extensions>
          <ns3:TrackPointExtension>
            <ns3:hr>106</ns3:hr>
            <ns3:cad>57</ns3:cad>
          </ns3:TrackPointExtension>
        </extensions>
      </trkpt>
      <trkpt lat="42.5953253544867038726806640625" lon="-5.61037056148052215576171875">
        <ele>830.5999755859375</ele>
        <time>2025-10-03T11:28:21.000Z</time>
        <extensions>
          <ns3:TrackPointExtension>
            <ns3:hr>109</ns3:hr>
            <ns3:cad>57</ns3:cad>
          </ns3:TrackPointExtension>
        </extensions>
      </trkpt>
      <trkpt lat="42.59526793844997882843017578125" lon="-5.61040065251290798187255859375">
        <ele>830.79998779296875</ele>
        <time>2025-10-03T11:28:27.000Z</time>
        <extensions>
          <ns3:TrackPointExtension>
            <ns3:hr>110</ns3:hr>
            <ns3:cad>56</ns3:cad>
          </ns3:TrackPointExtension>
        </extensions>
      </trkpt>
      <trkpt lat="42.59526860900223255157470703125" lon="-5.6104109622538089752197265625">
        <ele>830.5999755859375</ele>
        <time>2025-10-03T11:28:28.000Z</time>
        <extensions>
          <ns3:TrackPointExtension>
            <ns3:hr>110</ns3:hr>
            <ns3:cad>57</ns3:cad>
          </ns3:TrackPointExtension>
        </extensions>
      </trkpt>
      <trkpt lat="42.59525821544229984283447265625" lon="-5.6104776822030544281005859375">
        <ele>830.79998779296875</ele>
        <time>2025-10-03T11:28:33.000Z</time>
        <extensions>
          <ns3:TrackPointExtension>
            <ns3:hr>109</ns3:hr>
            <ns3:cad>57</ns3:cad>
          </ns3:TrackPointExtension>
        </extensions>
      </trkpt>
      <trkpt lat="42.595255114138126373291015625" lon="-5.6105755828320980072021484375">
        <ele>831.20001220703125</ele>
        <time>2025-10-03T11:28:37.000Z</time>
        <extensions>
          <ns3:TrackPointExtension>
            <ns3:hr>109</ns3:hr>
            <ns3:cad>56</ns3:cad>
          </ns3:TrackPointExtension>
        </extensions>
      </trkpt>
      <trkpt lat="42.59525469504296779632568359375" lon="-5.61061137355864048004150390625">
        <ele>831.4000244140625</ele>
        <time>2025-10-03T11:28:39.000Z</time>
        <extensions>
          <ns3:TrackPointExtension>
            <ns3:hr>110</ns3:hr>
            <ns3:cad>55</ns3:cad>
          </ns3:TrackPointExtension>
        </extensions>
      </trkpt>
      <trkpt lat="42.59523508138954639434814453125" lon="-5.61072050593793392181396484375">
        <ele>831.5999755859375</ele>
        <time>2025-10-03T11:28:46.000Z</time>
        <extensions>
          <ns3:TrackPointExtension>
            <ns3:hr>111</ns3:hr>
            <ns3:cad>57</ns3:cad>
          </ns3:TrackPointExtension>
        </extensions>
      </trkpt>
      <trkpt lat="42.59519518353044986724853515625" lon="-5.6108285486698150634765625">
        <ele>832</ele>
        <time>2025-10-03T11:28:53.000Z</time>
        <extensions>
          <ns3:TrackPointExtension>
            <ns3:hr>113</ns3:hr>
            <ns3:cad>57</ns3:cad>
          </ns3:TrackPointExtension>
        </extensions>
      </trkpt>
      <trkpt lat="42.5951637513935565948486328125" lon="-5.61089367605745792388916015625">
        <ele>832.20001220703125</ele>
        <time>2025-10-03T11:28:57.000Z</time>
        <extensions>
          <ns3:TrackPointExtension>
            <ns3:hr>115</ns3:hr>
            <ns3:cad>57</ns3:cad>
          </ns3:TrackPointExtension>
        </extensions>
      </trkpt>
      <trkpt lat="42.595109604299068450927734375" lon="-5.61098017729818820953369140625">
        <ele>832.20001220703125</ele>
        <time>2025-10-03T11:29:02.000Z</time>
        <extensions>
          <ns3:TrackPointExtension>
            <ns3:hr>114</ns3:hr>
            <ns3:cad>57</ns3:cad>
          </ns3:TrackPointExtension>
        </extensions>
      </trkpt>
      <trkpt lat="42.59502134285867214202880859375" lon="-5.6110238470137119293212890625">
        <ele>832.5999755859375</ele>
        <time>2025-10-03T11:29:08.000Z</time>
        <extensions>
          <ns3:TrackPointExtension>
            <ns3:hr>112</ns3:hr>
            <ns3:cad>55</ns3:cad>
          </ns3:TrackPointExtension>
        </extensions>
      </trkpt>
      <trkpt lat="42.595004327595233917236328125" lon="-5.6110624037683010101318359375">
        <ele>833</ele>
        <time>2025-10-03T11:29:12.000Z</time>
        <extensions>
          <ns3:TrackPointExtension>
            <ns3:hr>113</ns3:hr>
            <ns3:cad>56</ns3:cad>
          </ns3:TrackPointExtension>
        </extensions>
      </trkpt>
      <trkpt lat="42.5949977897107601165771484375" lon="-5.611079670488834381103515625">
        <ele>833.20001220703125</ele>
        <time>2025-10-03T11:29:14.000Z</time>
        <extensions>
          <ns3:TrackPointExtension>
            <ns3:hr>113</ns3:hr>
            <ns3:cad>56</ns3:cad>
          </ns3:TrackPointExtension>
        </extensions>
      </trkpt>
      <trkpt lat="42.5949920900166034698486328125" lon="-5.61108981259167194366455078125">
        <ele>833.20001220703125</ele>
        <time>2025-10-03T11:29:15.000Z</time>
        <extensions>
          <ns3:TrackPointExtension>
            <ns3:hr>113</ns3:hr>
            <ns3:cad>56</ns3:cad>
          </ns3:TrackPointExtension>
        </extensions>
      </trkpt>
      <trkpt lat="42.59494028985500335693359375" lon="-5.61118469573557376861572265625">
        <ele>833.79998779296875</ele>
        <time>2025-10-03T11:29:21.000Z</time>
        <extensions>
          <ns3:TrackPointExtension>
            <ns3:hr>114</ns3:hr>
            <ns3:cad>54</ns3:cad>
          </ns3:TrackPointExtension>
        </extensions>
      </trkpt>
      <trkpt lat="42.5949176587164402008056640625" lon="-5.61124856583774089813232421875">
        <ele>834.20001220703125</ele>
        <time>2025-10-03T11:29:25.000Z</time>
        <extensions>
          <ns3:TrackPointExtension>
            <ns3:hr>117</ns3:hr>
            <ns3:cad>54</ns3:cad>
          </ns3:TrackPointExtension>
        </extensions>
      </trkpt>
      <trkpt lat="42.5948744080960750579833984375" lon="-5.61129634268581867218017578125">
        <ele>834.5999755859375</ele>
        <time>2025-10-03T11:29:29.000Z</time>
        <extensions>
          <ns3:TrackPointExtension>
            <ns3:hr>119</ns3:hr>
            <ns3:cad>53</ns3:cad>
          </ns3:TrackPointExtension>
        </extensions>
      </trkpt>
      <trkpt lat="42.59482068009674549102783203125" lon="-5.611386112868785858154296875">
        <ele>835.20001220703125</ele>
        <time>2025-10-03T11:29:36.000Z</time>
        <extensions>
          <ns3:TrackPointExtension>
            <ns3:hr>122</ns3:hr>
            <ns3:cad>54</ns3:cad>
          </ns3:TrackPointExtension>
        </extensions>
      </trkpt>
      <trkpt lat="42.5947926007211208343505859375" lon="-5.61150354333221912384033203125">
        <ele>836</ele>
        <time>2025-10-03T11:29:44.000Z</time>
        <extensions>
          <ns3:TrackPointExtension>
            <ns3:hr>121</ns3:hr>
            <ns3:cad>53</ns3:cad>
          </ns3:TrackPointExtension>
        </extensions>
      </trkpt>
      <trkpt lat="42.5947840511798858642578125" lon="-5.61153598129749298095703125">
        <ele>836.4000244140625</ele>
        <time>2025-10-03T11:29:47.000Z</time>
        <extensions>
          <ns3:TrackPointExtension>
            <ns3:hr>121</ns3:hr>
            <ns3:cad>53</ns3:cad>
          </ns3:TrackPointExtension>
        </extensions>
      </trkpt>
      <trkpt lat="42.5947652757167816162109375" lon="-5.61160303652286529541015625">
        <ele>837</ele>
        <time>2025-10-03T11:29:52.000Z</time>
        <extensions>
          <ns3:TrackPointExtension>
            <ns3:hr>120</ns3:hr>
            <ns3:cad>51</ns3:cad>
          </ns3:TrackPointExtension>
        </extensions>
      </trkpt>
      <trkpt lat="42.5947476737201213836669921875" lon="-5.611661374568939208984375">
        <ele>837.4000244140625</ele>
        <time>2025-10-03T11:29:56.000Z</time>
        <extensions>
          <ns3:TrackPointExtension>
            <ns3:hr>119</ns3:hr>
            <ns3:cad>51</ns3:cad>
          </ns3:TrackPointExtension>
        </extensions>
      </trkpt>
      <trkpt lat="42.59474180638790130615234375" lon="-5.6117121689021587371826171875">
        <ele>837.79998779296875</ele>
        <time>2025-10-03T11:29:59.000Z</time>
        <extensions>
          <ns3:TrackPointExtension>
            <ns3:hr>119</ns3:hr>
            <ns3:cad>52</ns3:cad>
          </ns3:TrackPointExtension>
        </extensions>
      </trkpt>
      <trkpt lat="42.59471992962062358856201171875" lon="-5.6117798946797847747802734375">
        <ele>838.4000244140625</ele>
        <time>2025-10-03T11:30:05.000Z</time>
        <extensions>
          <ns3:TrackPointExtension>
            <ns3:hr>120</ns3:hr>
            <ns3:cad>53</ns3:cad>
          </ns3:TrackPointExtension>
        </extensions>
      </trkpt>
      <trkpt lat="42.594714649021625518798828125" lon="-5.61179322190582752227783203125">
        <ele>838.5999755859375</ele>
        <time>2025-10-03T11:30:06.000Z</time>
        <extensions>
          <ns3:TrackPointExtension>
            <ns3:hr>121</ns3:hr>
            <ns3:cad>54</ns3:cad>
          </ns3:TrackPointExtension>
        </extensions>
      </trkpt>
      <trkpt lat="42.59467064402997493743896484375" lon="-5.611897744238376617431640625">
        <ele>839.4000244140625</ele>
        <time>2025-10-03T11:30:14.000Z</time>
        <extensions>
          <ns3:TrackPointExtension>
            <ns3:hr>123</ns3:hr>
            <ns3:cad>52</ns3:cad>
          </ns3:TrackPointExtension>
        </extensions>
      </trkpt>
      <trkpt lat="42.59466259740293025970458984375" lon="-5.61191777698695659637451171875">
        <ele>839.4000244140625</ele>
        <time>2025-10-03T11:30:15.000Z</time>
        <extensions>
          <ns3:TrackPointExtension>
            <ns3:hr>124</ns3:hr>
            <ns3:cad>52</ns3:cad>
          </ns3:TrackPointExtension>
        </extensions>
      </trkpt>
      <trkpt lat="42.59462655521929264068603515625" lon="-5.61196153052151203155517578125">
        <ele>840.20001220703125</ele>
        <time>2025-10-03T11:30:19.000Z</time>
        <extensions>
          <ns3:TrackPointExtension>
            <ns3:hr>125</ns3:hr>
            <ns3:cad>52</ns3:cad>
          </ns3:TrackPointExtension>
        </extensions>
      </trkpt>
      <trkpt lat="42.5946051813662052154541015625" lon="-5.6119619496166706085205078125">
        <ele>840.4000244140625</ele>
        <time>2025-10-03T11:30:21.000Z</time>
        <extensions>
          <ns3:TrackPointExtension>
            <ns3:hr>126</ns3:hr>
            <ns3:cad>52</ns3:cad>
          </ns3:TrackPointExtension>
        </extensions>
      </trkpt>
      <trkpt lat="42.59459118358790874481201171875" lon="-5.61196245253086090087890625">
        <ele>840.5999755859375</ele>
        <time>2025-10-03T11:30:22.000Z</time>
        <extensions>
          <ns3:TrackPointExtension>
            <ns3:hr>127</ns3:hr>
            <ns3:cad>53</ns3:cad>
          </ns3:TrackPointExtension>
        </extensions>
      </trkpt>
      <trkpt lat="42.59452513419091701507568359375" lon="-5.61198181472718715667724609375">
        <ele>840.79998779296875</ele>
        <time>2025-10-03T11:30:26.000Z</time>
        <extensions>
          <ns3:TrackPointExtension>
            <ns3:hr>128</ns3:hr>
            <ns3:cad>53</ns3:cad>
          </ns3:TrackPointExtension>
        </extensions>
      </trkpt>
      <trkpt lat="42.59444533847272396087646484375" lon="-5.61198667623102664947509765625">
        <ele>840.79998779296875</ele>
        <time>2025-10-03T11:30:33.000Z</time>
        <extensions>
          <ns3:TrackPointExtension>
            <ns3:hr>127</ns3:hr>
            <ns3:cad>54</ns3:cad>
          </ns3:TrackPointExtension>
        </extensions>
      </trkpt>
      <trkpt lat="42.59436805732548236846923828125" lon="-5.611980892717838287353515625">
        <ele>841.20001220703125</ele>
        <time>2025-10-03T11:30:39.000Z</time>
        <extensions>
          <ns3:TrackPointExtension>
            <ns3:hr>126</ns3:hr>
            <ns3:cad>54</ns3:cad>
          </ns3:TrackPointExtension>
        </extensions>
      </trkpt>
      <trkpt lat="42.5943161733448505401611328125" lon="-5.61190486885607242584228515625">
        <ele>841.5999755859375</ele>
        <time>2025-10-03T11:30:46.000Z</time>
        <extensions>
          <ns3:TrackPointExtension>
            <ns3:hr>126</ns3:hr>
            <ns3:cad>55</ns3:cad>
          </ns3:TrackPointExtension>
        </extensions>
      </trkpt>
      <trkpt lat="42.594288848340511322021484375" lon="-5.61187737621366977691650390625">
        <ele>841.5999755859375</ele>
        <time>2025-10-03T11:30:49.000Z</time>
        <extensions>
          <ns3:TrackPointExtension>
            <ns3:hr>124</ns3:hr>
            <ns3:cad>55</ns3:cad>
          </ns3:TrackPointExtension>
        </extensions>
      </trkpt>
      <trkpt lat="42.5942129082977771759033203125" lon="-5.61183211393654346466064453125">
        <ele>842</ele>
        <time>2025-10-03T11:30:56.000Z</time>
        <extensions>
          <ns3:TrackPointExtension>
            <ns3:hr>123</ns3:hr>
            <ns3:cad>54</ns3:cad>
          </ns3:TrackPointExtension>
        </extensions>
      </trkpt>
      <trkpt lat="42.594206370413303375244140625" lon="-5.61184233985841274261474609375">
        <ele>842</ele>
        <time>2025-10-03T11:30:57.000Z</time>
        <extensions>
          <ns3:TrackPointExtension>
            <ns3:hr>122</ns3:hr>
            <ns3:cad>54</ns3:cad>
          </ns3:TrackPointExtension>
        </extensions>
      </trkpt>
      <trkpt lat="42.59419807232916355133056640625" lon="-5.61191283166408538818359375">
        <ele>842.20001220703125</ele>
        <time>2025-10-03T11:31:01.000Z</time>
        <extensions>
          <ns3:TrackPointExtension>
            <ns3:hr>122</ns3:hr>
            <ns3:cad>53</ns3:cad>
          </ns3:TrackPointExtension>
        </extensions>
      </trkpt>
      <trkpt lat="42.5942127406597137451171875" lon="-5.61201886273920536041259765625">
        <ele>842.20001220703125</ele>
        <time>2025-10-03T11:31:07.000Z</time>
        <extensions>
          <ns3:TrackPointExtension>
            <ns3:hr>119</ns3:hr>
            <ns3:cad>55</ns3:cad>
          </ns3:TrackPointExtension>
        </extensions>
      </trkpt>
      <trkpt lat="42.59422673843801021575927734375" lon="-5.6120507977902889251708984375">
        <ele>842.20001220703125</ele>
        <time>2025-10-03T11:31:10.000Z</time>
        <extensions>
          <ns3:TrackPointExtension>
            <ns3:hr>120</ns3:hr>
            <ns3:cad>55</ns3:cad>
          </ns3:TrackPointExtension>
        </extensions>
      </trkpt>
      <trkpt lat="42.5942367129027843475341796875" lon="-5.6121429987251758575439453125">
        <ele>842.5999755859375</ele>
        <time>2025-10-03T11:31:17.000Z</time>
        <extensions>
          <ns3:TrackPointExtension>
            <ns3:hr>119</ns3:hr>
            <ns3:cad>52</ns3:cad>
          </ns3:TrackPointExtension>
        </extensions>
      </trkpt>
      <trkpt lat="42.594235874712467193603515625" lon="-5.6121584214270114898681640625">
        <ele>842.5999755859375</ele>
        <time>2025-10-03T11:31:18.000Z</time>
        <extensions>
          <ns3:TrackPointExtension>
            <ns3:hr>118</ns3:hr>
            <ns3:cad>54</ns3:cad>
          </ns3:TrackPointExtension>
        </extensions>
      </trkpt>
      <trkpt lat="42.594230510294437408447265625" lon="-5.61227987520396709442138671875">
        <ele>843.4000244140625</ele>
        <time>2025-10-03T11:31:26.000Z</time>
        <extensions>
          <ns3:TrackPointExtension>
            <ns3:hr>116</ns3:hr>
            <ns3:cad>54</ns3:cad>
          </ns3:TrackPointExtension>
        </extensions>
      </trkpt>
      <trkpt lat="42.594231851398944854736328125" lon="-5.61229613609611988067626953125">
        <ele>843.5999755859375</ele>
        <time>2025-10-03T11:31:27.000Z</time>
        <extensions>
          <ns3:TrackPointExtension>
            <ns3:hr>116</ns3:hr>
            <ns3:cad>53</ns3:cad>
          </ns3:TrackPointExtension>
        </extensions>
      </trkpt>
      <trkpt lat="42.5942521356046199798583984375" lon="-5.61243846081197261810302734375">
        <ele>844.5999755859375</ele>
        <time>2025-10-03T11:31:36.000Z</time>
        <extensions>
          <ns3:TrackPointExtension>
            <ns3:hr>117</ns3:hr>
            <ns3:cad>53</ns3:cad>
          </ns3:TrackPointExtension>
        </extensions>
      </trkpt>
      <trkpt lat="42.5942548178136348724365234375" lon="-5.6124675460159778594970703125">
        <ele>844.5999755859375</ele>
        <time>2025-10-03T11:31:38.000Z</time>
        <extensions>
          <ns3:TrackPointExtension>
            <ns3:hr>118</ns3:hr>
            <ns3:cad>54</ns3:cad>
          </ns3:TrackPointExtension>
        </extensions>
      </trkpt>
      <trkpt lat="42.59426428936421871185302734375" lon="-5.61252630315721035003662109375">
        <ele>845</ele>
        <time>2025-10-03T11:31:42.000Z</time>
        <extensions>
          <ns3:TrackPointExtension>
            <ns3:hr>121</ns3:hr>
            <ns3:cad>55</ns3:cad>
          </ns3:TrackPointExtension>
        </extensions>
      </trkpt>
      <trkpt lat="42.59427644312381744384765625" lon="-5.61259738169610500335693359375">
        <ele>845.5999755859375</ele>
        <time>2025-10-03T11:31:47.000Z</time>
        <extensions>
          <ns3:TrackPointExtension>
            <ns3:hr>123</ns3:hr>
            <ns3:cad>54</ns3:cad>
          </ns3:TrackPointExtension>
        </extensions>
      </trkpt>
      <trkpt lat="42.594280801713466644287109375" lon="-5.6126308254897594451904296875">
        <ele>845.79998779296875</ele>
        <time>2025-10-03T11:31:49.000Z</time>
        <extensions>
          <ns3:TrackPointExtension>
            <ns3:hr>123</ns3:hr>
            <ns3:cad>54</ns3:cad>
          </ns3:TrackPointExtension>
        </extensions>
      </trkpt>
      <trkpt lat="42.594301588833332061767578125" lon="-5.6127273850142955780029296875">
        <ele>846.20001220703125</ele>
        <time>2025-10-03T11:31:56.000Z</time>
        <extensions>
          <ns3:TrackPointExtension>
            <ns3:hr>123</ns3:hr>
            <ns3:cad>54</ns3:cad>
          </ns3:TrackPointExtension>
        </extensions>
      </trkpt>
      <trkpt lat="42.59431240148842334747314453125" lon="-5.61282050795853137969970703125">
        <ele>846.79998779296875</ele>
        <time>2025-10-03T11:32:02.000Z</time>
        <extensions>
          <ns3:TrackPointExtension>
            <ns3:hr>123</ns3:hr>
            <ns3:cad>53</ns3:cad>
          </ns3:TrackPointExtension>
        </extensions>
      </trkpt>
      <trkpt lat="42.594318352639675140380859375" lon="-5.61285336501896381378173828125">
        <ele>847</ele>
        <time>2025-10-03T11:32:04.000Z</time>
        <extensions>
          <ns3:TrackPointExtension>
            <ns3:hr>124</ns3:hr>
            <ns3:cad>54</ns3:cad>
          </ns3:TrackPointExtension>
        </extensions>
      </trkpt>
      <trkpt lat="42.59435732848942279815673828125" lon="-5.61296719126403331756591796875">
        <ele>847.5999755859375</ele>
        <time>2025-10-03T11:32:12.000Z</time>
        <extensions>
          <ns3:TrackPointExtension>
            <ns3:hr>126</ns3:hr>
            <ns3:cad>55</ns3:cad>
          </ns3:TrackPointExtension>
        </extensions>
      </trkpt>
      <trkpt lat="42.5943621061742305755615234375" lon="-5.6129925884306430816650390625">
        <ele>847.79998779296875</ele>
        <time>2025-10-03T11:32:14.000Z</time>
        <extensions>
          <ns3:TrackPointExtension>
            <ns3:hr>126</ns3:hr>
            <ns3:cad>54</ns3:cad>
          </ns3:TrackPointExtension>
        </extensions>
      </trkpt>
      <trkpt lat="42.594375349581241607666015625" lon="-5.6130804307758808135986328125">
        <ele>848.5999755859375</ele>
        <time>2025-10-03T11:32:21.000Z</time>
        <extensions>
          <ns3:TrackPointExtension>
            <ns3:hr>125</ns3:hr>
            <ns3:cad>52</ns3:cad>
          </ns3:TrackPointExtension>
        </extensions>
      </trkpt>
      <trkpt lat="42.59439890272915363311767578125" lon="-5.6130978651344776153564453125">
        <ele>848.79998779296875</ele>
        <time>2025-10-03T11:32:24.000Z</time>
        <extensions>
          <ns3:TrackPointExtension>
            <ns3:hr>124</ns3:hr>
            <ns3:cad>51</ns3:cad>
          </ns3:TrackPointExtension>
        </extensions>
      </trkpt>
      <trkpt lat="42.59442488662898540496826171875" lon="-5.61314455233514308929443359375">
        <ele>849.20001220703125</ele>
        <time>2025-10-03T11:32:28.000Z</time>
        <extensions>
          <ns3:TrackPointExtension>
            <ns3:hr>123</ns3:hr>
            <ns3:cad>54</ns3:cad>
          </ns3:TrackPointExtension>
        </extensions>
      </trkpt>
      <trkpt lat="42.5944298319518566131591796875" lon="-5.61321378685534000396728515625">
        <ele>849.79998779296875</ele>
        <time>2025-10-03T11:32:33.000Z</time>
        <extensions>
          <ns3:TrackPointExtension>
            <ns3:hr>123</ns3:hr>
            <ns3:cad>52</ns3:cad>
          </ns3:TrackPointExtension>
        </extensions>
      </trkpt>
      <trkpt lat="42.594420276582241058349609375" lon="-5.61324211768805980682373046875">
        <ele>850.20001220703125</ele>
        <time>2025-10-03T11:32:35.000Z</time>
        <extensions>
          <ns3:TrackPointExtension>
            <ns3:hr>124</ns3:hr>
            <ns3:cad>53</ns3:cad>
          </ns3:TrackPointExtension>
        </extensions>
      </trkpt>
      <trkpt lat="42.59439689107239246368408203125" lon="-5.61332493089139461517333984375">
        <ele>851</ele>
        <time>2025-10-03T11:32:41.000Z</time>
        <extensions>
          <ns3:TrackPointExtension>
            <ns3:hr>127</ns3:hr>
            <ns3:cad>54</ns3:cad>
          </ns3:TrackPointExtension>
        </extensions>
      </trkpt>
      <trkpt lat="42.59438775479793548583984375" lon="-5.61335527338087558746337890625">
        <ele>851.20001220703125</ele>
        <time>2025-10-03T11:32:43.000Z</time>
        <extensions>
          <ns3:TrackPointExtension>
            <ns3:hr>129</ns3:hr>
            <ns3:cad>54</ns3:cad>
          </ns3:TrackPointExtension>
        </extensions>
      </trkpt>
      <trkpt lat="42.59433872066438198089599609375" lon="-5.61341562308371067047119140625">
        <ele>851.79998779296875</ele>
        <time>2025-10-03T11:32:49.000Z</time>
        <extensions>
          <ns3:TrackPointExtension>
            <ns3:hr>132</ns3:hr>
            <ns3:cad>54</ns3:cad>
          </ns3:TrackPointExtension>
        </extensions>
      </trkpt>
      <trkpt lat="42.594330422580242156982421875" lon="-5.61342819593846797943115234375">
        <ele>852</ele>
        <time>2025-10-03T11:32:50.000Z</time>
        <extensions>
          <ns3:TrackPointExtension>
            <ns3:hr>132</ns3:hr>
            <ns3:cad>54</ns3:cad>
          </ns3:TrackPointExtension>
        </extensions>
      </trkpt>
      <trkpt lat="42.5942544825375080108642578125" lon="-5.613529197871685028076171875">
        <ele>852.79998779296875</ele>
        <time>2025-10-03T11:33:00.000Z</time>
        <extensions>
          <ns3:TrackPointExtension>
            <ns3:hr>133</ns3:hr>
            <ns3:cad>53</ns3:cad>
          </ns3:TrackPointExtension>
        </extensions>
      </trkpt>
      <trkpt lat="42.5942417420446872711181640625" lon="-5.613553337752819061279296875">
        <ele>853</ele>
        <time>2025-10-03T11:33:02.000Z</time>
        <extensions>
          <ns3:TrackPointExtension>
            <ns3:hr>133</ns3:hr>
            <ns3:cad>53</ns3:cad>
          </ns3:TrackPointExtension>
        </extensions>
      </trkpt>
      <trkpt lat="42.59420997463166713714599609375" lon="-5.6136118434369564056396484375">
        <ele>853.4000244140625</ele>
        <time>2025-10-03T11:33:07.000Z</time>
        <extensions>
          <ns3:TrackPointExtension>
            <ns3:hr>133</ns3:hr>
            <ns3:cad>51</ns3:cad>
          </ns3:TrackPointExtension>
        </extensions>
      </trkpt>
      <trkpt lat="42.59413403458893299102783203125" lon="-5.6137778051197528839111328125">
        <ele>853.79998779296875</ele>
        <time>2025-10-03T11:33:19.000Z</time>
        <extensions>
          <ns3:TrackPointExtension>
            <ns3:hr>133</ns3:hr>
            <ns3:cad>55</ns3:cad>
          </ns3:TrackPointExtension>
        </extensions>
      </trkpt>
      <trkpt lat="42.5940710864961147308349609375" lon="-5.6139050424098968505859375">
        <ele>853.5999755859375</ele>
        <time>2025-10-03T11:33:29.000Z</time>
        <extensions>
          <ns3:TrackPointExtension>
            <ns3:hr>131</ns3:hr>
            <ns3:cad>56</ns3:cad>
          </ns3:TrackPointExtension>
        </extensions>
      </trkpt>
      <trkpt lat="42.594023309648036956787109375" lon="-5.61399665661156177520751953125">
        <ele>853.79998779296875</ele>
        <time>2025-10-03T11:33:36.000Z</time>
        <extensions>
          <ns3:TrackPointExtension>
            <ns3:hr>128</ns3:hr>
            <ns3:cad>55</ns3:cad>
          </ns3:TrackPointExtension>
        </extensions>
      </trkpt>
      <trkpt lat="42.5940164364874362945556640625" lon="-5.6140071339905261993408203125">
        <ele>853.79998779296875</ele>
        <time>2025-10-03T11:33:37.000Z</time>
        <extensions>
          <ns3:TrackPointExtension>
            <ns3:hr>128</ns3:hr>
            <ns3:cad>55</ns3:cad>
          </ns3:TrackPointExtension>
        </extensions>
      </trkpt>
      <trkpt lat="42.59393320418894290924072265625" lon="-5.61405985616147518157958984375">
        <ele>853.5999755859375</ele>
        <time>2025-10-03T11:33:45.000Z</time>
        <extensions>
          <ns3:TrackPointExtension>
            <ns3:hr>126</ns3:hr>
            <ns3:cad>56</ns3:cad>
          </ns3:TrackPointExtension>
        </extensions>
      </trkpt>
      <trkpt lat="42.5938856787979602813720703125" lon="-5.61416714452207088470458984375">
        <ele>853.79998779296875</ele>
        <time>2025-10-03T11:33:55.000Z</time>
        <extensions>
          <ns3:TrackPointExtension>
            <ns3:hr>122</ns3:hr>
            <ns3:cad>56</ns3:cad>
          </ns3:TrackPointExtension>
        </extensions>
      </trkpt>
      <trkpt lat="42.5938776321709156036376953125" lon="-5.614193715155124664306640625">
        <ele>853.5999755859375</ele>
        <time>2025-10-03T11:33:57.000Z</time>
        <extensions>
          <ns3:TrackPointExtension>
            <ns3:hr>119</ns3:hr>
            <ns3:cad>56</ns3:cad>
          </ns3:TrackPointExtension>
        </extensions>
      </trkpt>
      <trkpt lat="42.59388157166540622711181640625" lon="-5.614223890006542205810546875">
        <ele>853.5999755859375</ele>
        <time>2025-10-03T11:33:59.000Z</time>
        <extensions>
          <ns3:TrackPointExtension>
            <ns3:hr>116</ns3:hr>
            <ns3:cad>56</ns3:cad>
          </ns3:TrackPointExtension>
        </extensions>
      </trkpt>
      <trkpt lat="42.5938541628420352935791015625" lon="-5.61427962966263294219970703125">
        <ele>853.5999755859375</ele>
        <time>2025-10-03T11:34:04.000Z</time>
        <extensions>
          <ns3:TrackPointExtension>
            <ns3:hr>117</ns3:hr>
            <ns3:cad>57</ns3:cad>
          </ns3:TrackPointExtension>
        </extensions>
      </trkpt>
      <trkpt lat="42.59375165216624736785888671875" lon="-5.6144007481634616851806640625">
        <ele>853.20001220703125</ele>
        <time>2025-10-03T11:34:13.000Z</time>
        <extensions>
          <ns3:TrackPointExtension>
            <ns3:hr>114</ns3:hr>
            <ns3:cad>56</ns3:cad>
          </ns3:TrackPointExtension>
        </extensions>
      </trkpt>
      <trkpt lat="42.593741677701473236083984375" lon="-5.61441105790436267852783203125">
        <ele>853.20001220703125</ele>
        <time>2025-10-03T11:34:14.000Z</time>
        <extensions>
          <ns3:TrackPointExtension>
            <ns3:hr>113</ns3:hr>
            <ns3:cad>56</ns3:cad>
          </ns3:TrackPointExtension>
        </extensions>
      </trkpt>
      <trkpt lat="42.593658864498138427734375" lon="-5.6145519576966762542724609375">
        <ele>853</ele>
        <time>2025-10-03T11:34:25.000Z</time>
        <extensions>
          <ns3:TrackPointExtension>
            <ns3:hr>111</ns3:hr>
            <ns3:cad>57</ns3:cad>
          </ns3:TrackPointExtension>
        </extensions>
      </trkpt>
      <trkpt lat="42.59361687116324901580810546875" lon="-5.6146465055644512176513671875">
        <ele>853</ele>
        <time>2025-10-03T11:34:32.000Z</time>
        <extensions>
          <ns3:TrackPointExtension>
            <ns3:hr>108</ns3:hr>
            <ns3:cad>56</ns3:cad>
          </ns3:TrackPointExtension>
        </extensions>
      </trkpt>
      <trkpt lat="42.59359180927276611328125" lon="-5.61471163295209407806396484375">
        <ele>853</ele>
        <time>2025-10-03T11:34:37.000Z</time>
        <extensions>
          <ns3:TrackPointExtension>
            <ns3:hr>107</ns3:hr>
            <ns3:cad>56</ns3:cad>
          </ns3:TrackPointExtension>
        </extensions>
      </trkpt>
      <trkpt lat="42.5935333035886287689208984375" lon="-5.61486317776143550872802734375">
        <ele>852.4000244140625</ele>
        <time>2025-10-03T11:34:48.000Z</time>
        <extensions>
          <ns3:TrackPointExtension>
            <ns3:hr>107</ns3:hr>
            <ns3:cad>56</ns3:cad>
          </ns3:TrackPointExtension>
        </extensions>
      </trkpt>
      <trkpt lat="42.5934709422290325164794921875" lon="-5.61500030569732189178466796875">
        <ele>852.20001220703125</ele>
        <time>2025-10-03T11:34:59.000Z</time>
        <extensions>
          <ns3:TrackPointExtension>
            <ns3:hr>107</ns3:hr>
            <ns3:cad>57</ns3:cad>
          </ns3:TrackPointExtension>
        </extensions>
      </trkpt>
      <trkpt lat="42.5934283621609210968017578125" lon="-5.615082196891307830810546875">
        <ele>852</ele>
        <time>2025-10-03T11:35:06.000Z</time>
        <extensions>
          <ns3:TrackPointExtension>
            <ns3:hr>105</ns3:hr>
            <ns3:cad>56</ns3:cad>
          </ns3:TrackPointExtension>
        </extensions>
      </trkpt>
      <trkpt lat="42.5934085808694362640380859375" lon="-5.61512804590165615081787109375">
        <ele>852</ele>
        <time>2025-10-03T11:35:10.000Z</time>
        <extensions>
          <ns3:TrackPointExtension>
            <ns3:hr>105</ns3:hr>
            <ns3:cad>56</ns3:cad>
          </ns3:TrackPointExtension>
        </extensions>
      </trkpt>
      <trkpt lat="42.5933663360774517059326171875" lon="-5.615240447223186492919921875">
        <ele>851.79998779296875</ele>
        <time>2025-10-03T11:35:19.000Z</time>
        <extensions>
          <ns3:TrackPointExtension>
            <ns3:hr>105</ns3:hr>
            <ns3:cad>56</ns3:cad>
          </ns3:TrackPointExtension>
        </extensions>
      </trkpt>
      <trkpt lat="42.5933183915913105010986328125" lon="-5.61538495123386383056640625">
        <ele>851.5999755859375</ele>
        <time>2025-10-03T11:35:29.000Z</time>
        <extensions>
          <ns3:TrackPointExtension>
            <ns3:hr>104</ns3:hr>
            <ns3:cad>56</ns3:cad>
          </ns3:TrackPointExtension>
        </extensions>
      </trkpt>
      <trkpt lat="42.593257538974285125732421875" lon="-5.61552115716040134429931640625">
        <ele>851.20001220703125</ele>
        <time>2025-10-03T11:35:39.000Z</time>
        <extensions>
          <ns3:TrackPointExtension>
            <ns3:hr>104</ns3:hr>
            <ns3:cad>56</ns3:cad>
          </ns3:TrackPointExtension>
        </extensions>
      </trkpt>
      <trkpt lat="42.593215294182300567626953125" lon="-5.6156432814896106719970703125">
        <ele>851</ele>
        <time>2025-10-03T11:35:49.000Z</time>
        <extensions>
          <ns3:TrackPointExtension>
            <ns3:hr>103</ns3:hr>
            <ns3:cad>56</ns3:cad>
          </ns3:TrackPointExtension>
        </extensions>
      </trkpt>
      <trkpt lat="42.59321286343038082122802734375" lon="-5.61565677635371685028076171875">
        <ele>850.79998779296875</ele>
        <time>2025-10-03T11:35:50.000Z</time>
        <extensions>
          <ns3:TrackPointExtension>
            <ns3:hr>102</ns3:hr>
            <ns3:cad>56</ns3:cad>
          </ns3:TrackPointExtension>
        </extensions>
      </trkpt>
      <trkpt lat="42.59317765943706035614013671875" lon="-5.615774877369403839111328125">
        <ele>850.4000244140625</ele>
        <time>2025-10-03T11:35:58.000Z</time>
        <extensions>
          <ns3:TrackPointExtension>
            <ns3:hr>103</ns3:hr>
            <ns3:cad>56</ns3:cad>
          </ns3:TrackPointExtension>
        </extensions>
      </trkpt>
      <trkpt lat="42.5931192375719547271728515625" lon="-5.6159071438014507293701171875">
        <ele>850</ele>
        <time>2025-10-03T11:36:07.000Z</time>
        <extensions>
          <ns3:TrackPointExtension>
            <ns3:hr>103</ns3:hr>
            <ns3:cad>57</ns3:cad>
          </ns3:TrackPointExtension>
        </extensions>
      </trkpt>
      <trkpt lat="42.5930754840373992919921875" lon="-5.61604938469827175140380859375">
        <ele>850</ele>
        <time>2025-10-03T11:36:18.000Z</time>
        <extensions>
          <ns3:TrackPointExtension>
            <ns3:hr>103</ns3:hr>
            <ns3:cad>57</ns3:cad>
          </ns3:TrackPointExtension>
        </extensions>
      </trkpt>
      <trkpt lat="42.593009769916534423828125" lon="-5.616181902587413787841796875">
        <ele>849.79998779296875</ele>
        <time>2025-10-03T11:36:27.000Z</time>
        <extensions>
          <ns3:TrackPointExtension>
            <ns3:hr>103</ns3:hr>
            <ns3:cad>57</ns3:cad>
          </ns3:TrackPointExtension>
        </extensions>
      </trkpt>
      <trkpt lat="42.5929462350904941558837890625" lon="-5.6163359619677066802978515625">
        <ele>849.5999755859375</ele>
        <time>2025-10-03T11:36:37.000Z</time>
        <extensions>
          <ns3:TrackPointExtension>
            <ns3:hr>102</ns3:hr>
            <ns3:cad>57</ns3:cad>
          </ns3:TrackPointExtension>
        </extensions>
      </trkpt>
      <trkpt lat="42.5928972847759723663330078125" lon="-5.61643905937671661376953125">
        <ele>849.4000244140625</ele>
        <time>2025-10-03T11:36:44.000Z</time>
        <extensions>
          <ns3:TrackPointExtension>
            <ns3:hr>102</ns3:hr>
            <ns3:cad>58</ns3:cad>
          </ns3:TrackPointExtension>
        </extensions>
      </trkpt>
      <trkpt lat="42.592829056084156036376953125" lon="-5.61658121645450592041015625">
        <ele>849.4000244140625</ele>
        <time>2025-10-03T11:36:54.000Z</time>
        <extensions>
          <ns3:TrackPointExtension>
            <ns3:hr>102</ns3:hr>
            <ns3:cad>57</ns3:cad>
          </ns3:TrackPointExtension>
        </extensions>
      </trkpt>
      <trkpt lat="42.5927750766277313232421875" lon="-5.61673552729189395904541015625">
        <ele>849.4000244140625</ele>
        <time>2025-10-03T11:37:04.000Z</time>
        <extensions>
          <ns3:TrackPointExtension>
            <ns3:hr>102</ns3:hr>
            <ns3:cad>57</ns3:cad>
          </ns3:TrackPointExtension>
        </extensions>
      </trkpt>
      <trkpt lat="42.5927202589809894561767578125" lon="-5.61685220338404178619384765625">
        <ele>849.4000244140625</ele>
        <time>2025-10-03T11:37:12.000Z</time>
        <extensions>
          <ns3:TrackPointExtension>
            <ns3:hr>101</ns3:hr>
            <ns3:cad>58</ns3:cad>
          </ns3:TrackPointExtension>
        </extensions>
      </trkpt>
      <trkpt lat="42.5926609151065349578857421875" lon="-5.6169900856912136077880859375">
        <ele>849.20001220703125</ele>
        <time>2025-10-03T11:37:21.000Z</time>
        <extensions>
          <ns3:TrackPointExtension>
            <ns3:hr>101</ns3:hr>
            <ns3:cad>57</ns3:cad>
          </ns3:TrackPointExtension>
        </extensions>
      </trkpt>
      <trkpt lat="42.592628560960292816162109375" lon="-5.61712495051324367523193359375">
        <ele>849</ele>
        <time>2025-10-03T11:37:30.000Z</time>
        <extensions>
          <ns3:TrackPointExtension>
            <ns3:hr>100</ns3:hr>
            <ns3:cad>57</ns3:cad>
          </ns3:TrackPointExtension>
        </extensions>
      </trkpt>
      <trkpt lat="42.59258019737899303436279296875" lon="-5.61722788028419017791748046875">
        <ele>849</ele>
        <time>2025-10-03T11:37:39.000Z</time>
        <extensions>
          <ns3:TrackPointExtension>
            <ns3:hr>99</ns3:hr>
            <ns3:cad>57</ns3:cad>
          </ns3:TrackPointExtension>
        </extensions>
      </trkpt>
      <trkpt lat="42.59249872528016567230224609375" lon="-5.61736735515296459197998046875">
        <ele>849</ele>
        <time>2025-10-03T11:37:49.000Z</time>
        <extensions>
          <ns3:TrackPointExtension>
            <ns3:hr>101</ns3:hr>
            <ns3:cad>57</ns3:cad>
          </ns3:TrackPointExtension>
        </extensions>
      </trkpt>
      <trkpt lat="42.592464946210384368896484375" lon="-5.61743575148284435272216796875">
        <ele>848.79998779296875</ele>
        <time>2025-10-03T11:37:53.000Z</time>
        <extensions>
          <ns3:TrackPointExtension>
            <ns3:hr>101</ns3:hr>
            <ns3:cad>59</ns3:cad>
          </ns3:TrackPointExtension>
        </extensions>
      </trkpt>
      <trkpt lat="42.592397220432758331298828125" lon="-5.61753465794026851654052734375">
        <ele>848.79998779296875</ele>
        <time>2025-10-03T11:38:00.000Z</time>
        <extensions>
          <ns3:TrackPointExtension>
            <ns3:hr>102</ns3:hr>
            <ns3:cad>59</ns3:cad>
          </ns3:TrackPointExtension>
        </extensions>
      </trkpt>
      <trkpt lat="42.592334188520908355712890625" lon="-5.6176643259823322296142578125">
        <ele>848.79998779296875</ele>
        <time>2025-10-03T11:38:10.000Z</time>
        <extensions>
          <ns3:TrackPointExtension>
            <ns3:hr>101</ns3:hr>
            <ns3:cad>58</ns3:cad>
          </ns3:TrackPointExtension>
        </extensions>
      </trkpt>
      <trkpt lat="42.59228230454027652740478515625" lon="-5.617787539958953857421875">
        <ele>849</ele>
        <time>2025-10-03T11:38:19.000Z</time>
        <extensions>
          <ns3:TrackPointExtension>
            <ns3:hr>100</ns3:hr>
            <ns3:cad>57</ns3:cad>
          </ns3:TrackPointExtension>
        </extensions>
      </trkpt>
      <trkpt lat="42.5922431610524654388427734375" lon="-5.61789658851921558380126953125">
        <ele>849</ele>
        <time>2025-10-03T11:38:27.000Z</time>
        <extensions>
          <ns3:TrackPointExtension>
            <ns3:hr>101</ns3:hr>
            <ns3:cad>57</ns3:cad>
          </ns3:TrackPointExtension>
        </extensions>
      </trkpt>
      <trkpt lat="42.59217954240739345550537109375" lon="-5.6180061399936676025390625">
        <ele>849</ele>
        <time>2025-10-03T11:38:35.000Z</time>
        <extensions>
          <ns3:TrackPointExtension>
            <ns3:hr>102</ns3:hr>
            <ns3:cad>57</ns3:cad>
          </ns3:TrackPointExtension>
        </extensions>
      </trkpt>
      <trkpt lat="42.59211458265781402587890625" lon="-5.6181374005973339080810546875">
        <ele>849.20001220703125</ele>
        <time>2025-10-03T11:38:45.000Z</time>
        <extensions>
          <ns3:TrackPointExtension>
            <ns3:hr>103</ns3:hr>
            <ns3:cad>58</ns3:cad>
          </ns3:TrackPointExtension>
        </extensions>
      </trkpt>
      <trkpt lat="42.59203411638736724853515625" lon="-5.618265308439731597900390625">
        <ele>849.20001220703125</ele>
        <time>2025-10-03T11:38:55.000Z</time>
        <extensions>
          <ns3:TrackPointExtension>
            <ns3:hr>104</ns3:hr>
            <ns3:cad>58</ns3:cad>
          </ns3:TrackPointExtension>
        </extensions>
      </trkpt>
      <trkpt lat="42.591986171901226043701171875" lon="-5.6184254027903079986572265625">
        <ele>849.4000244140625</ele>
        <time>2025-10-03T11:39:05.000Z</time>
        <extensions>
          <ns3:TrackPointExtension>
            <ns3:hr>103</ns3:hr>
            <ns3:cad>57</ns3:cad>
          </ns3:TrackPointExtension>
        </extensions>
      </trkpt>
      <trkpt lat="42.59191903285682201385498046875" lon="-5.618581473827362060546875">
        <ele>849.5999755859375</ele>
        <time>2025-10-03T11:39:16.000Z</time>
        <extensions>
          <ns3:TrackPointExtension>
            <ns3:hr>103</ns3:hr>
            <ns3:cad>57</ns3:cad>
          </ns3:TrackPointExtension>
        </extensions>
      </trkpt>
      <trkpt lat="42.5918877683579921722412109375" lon="-5.61868767254054546356201171875">
        <ele>849.79998779296875</ele>
        <time>2025-10-03T11:39:22.000Z</time>
        <extensions>
          <ns3:TrackPointExtension>
            <ns3:hr>103</ns3:hr>
            <ns3:cad>57</ns3:cad>
          </ns3:TrackPointExtension>
        </extensions>
      </trkpt>
      <trkpt lat="42.591878883540630340576171875" lon="-5.61872287653386592864990234375">
        <ele>849.79998779296875</ele>
        <time>2025-10-03T11:39:24.000Z</time>
        <extensions>
          <ns3:TrackPointExtension>
            <ns3:hr>103</ns3:hr>
            <ns3:cad>59</ns3:cad>
          </ns3:TrackPointExtension>
        </extensions>
      </trkpt>
      <trkpt lat="42.59184258989989757537841796875" lon="-5.61885095201432704925537109375">
        <ele>850</ele>
        <time>2025-10-03T11:39:33.000Z</time>
        <extensions>
          <ns3:TrackPointExtension>
            <ns3:hr>104</ns3:hr>
            <ns3:cad>57</ns3:cad>
          </ns3:TrackPointExtension>
        </extensions>
      </trkpt>
      <trkpt lat="42.59183169342577457427978515625" lon="-5.61887760646641254425048828125">
        <ele>850.5999755859375</ele>
        <time>2025-10-03T11:40:55.000Z</time>
        <extensions>
          <ns3:TrackPointExtension>
            <ns3:hr>101</ns3:hr>
            <ns3:cad>0</ns3:cad>
          </ns3:TrackPointExtension>
        </extensions>
      </trkpt>
      <trkpt lat="42.59183295071125030517578125" lon="-5.6188793666660785675048828125">
        <ele>850.79998779296875</ele>
        <time>2025-10-03T11:40:57.000Z</time>
        <extensions>
          <ns3:TrackPointExtension>
            <ns3:hr>100</ns3:hr>
            <ns3:cad>0</ns3:cad>
          </ns3:TrackPointExtension>
        </extensions>
      </trkpt>
      <trkpt lat="42.59182800538837909698486328125" lon="-5.61889956705272197723388671875">
        <ele>851</ele>
        <time>2025-10-03T11:40:59.000Z</time>
        <extensions>
          <ns3:TrackPointExtension>
            <ns3:hr>100</ns3:hr>
            <ns3:cad>0</ns3:cad>
          </ns3:TrackPointExtension>
        </extensions>
      </trkpt>
      <trkpt lat="42.59178408421576023101806640625" lon="-5.6190141476690769195556640625">
        <ele>851</ele>
        <time>2025-10-03T11:41:08.000Z</time>
        <extensions>
          <ns3:TrackPointExtension>
            <ns3:hr>101</ns3:hr>
            <ns3:cad>55</ns3:cad>
          </ns3:TrackPointExtension>
        </extensions>
      </trkpt>
      <trkpt lat="42.5917174480855464935302734375" lon="-5.61915077269077301025390625">
        <ele>850.5999755859375</ele>
        <time>2025-10-03T11:41:18.000Z</time>
        <extensions>
          <ns3:TrackPointExtension>
            <ns3:hr>99</ns3:hr>
            <ns3:cad>56</ns3:cad>
          </ns3:TrackPointExtension>
        </extensions>
      </trkpt>
      <trkpt lat="42.59165969677269458770751953125" lon="-5.6193118728697299957275390625">
        <ele>850.20001220703125</ele>
        <time>2025-10-03T11:41:29.000Z</time>
        <extensions>
          <ns3:TrackPointExtension>
            <ns3:hr>99</ns3:hr>
            <ns3:cad>57</ns3:cad>
          </ns3:TrackPointExtension>
        </extensions>
      </trkpt>
      <trkpt lat="42.59161560796201229095458984375" lon="-5.61941421590745449066162109375">
        <ele>850.4000244140625</ele>
        <time>2025-10-03T11:41:36.000Z</time>
        <extensions>
          <ns3:TrackPointExtension>
            <ns3:hr>102</ns3:hr>
            <ns3:cad>57</ns3:cad>
          </ns3:TrackPointExtension>
        </extensions>
      </trkpt>
      <trkpt lat="42.59158090688288211822509765625" lon="-5.61948529444634914398193359375">
        <ele>850.20001220703125</ele>
        <time>2025-10-03T11:41:41.000Z</time>
        <extensions>
          <ns3:TrackPointExtension>
            <ns3:hr>103</ns3:hr>
            <ns3:cad>58</ns3:cad>
          </ns3:TrackPointExtension>
        </extensions>
      </trkpt>
      <trkpt lat="42.59150329045951366424560546875" lon="-5.6196709536015987396240234375">
        <ele>850.79998779296875</ele>
        <time>2025-10-03T11:41:54.000Z</time>
        <extensions>
          <ns3:TrackPointExtension>
            <ns3:hr>105</ns3:hr>
            <ns3:cad>58</ns3:cad>
          </ns3:TrackPointExtension>
        </extensions>
      </trkpt>
      <trkpt lat="42.5914452038705348968505859375" lon="-5.61980514787137508392333984375">
        <ele>851</ele>
        <time>2025-10-03T11:42:05.000Z</time>
        <extensions>
          <ns3:TrackPointExtension>
            <ns3:hr>107</ns3:hr>
            <ns3:cad>57</ns3:cad>
          </ns3:TrackPointExtension>
        </extensions>
      </trkpt>
      <trkpt lat="42.5913925655186176300048828125" lon="-5.61991880647838115692138671875">
        <ele>850.4000244140625</ele>
        <time>2025-10-03T11:42:12.000Z</time>
        <extensions>
          <ns3:TrackPointExtension>
            <ns3:hr>110</ns3:hr>
            <ns3:cad>58</ns3:cad>
          </ns3:TrackPointExtension>
        </extensions>
      </trkpt>
      <trkpt lat="42.59137320332229137420654296875" lon="-5.61995937488973140716552734375">
        <ele>850.20001220703125</ele>
        <time>2025-10-03T11:42:15.000Z</time>
        <extensions>
          <ns3:TrackPointExtension>
            <ns3:hr>110</ns3:hr>
            <ns3:cad>58</ns3:cad>
          </ns3:TrackPointExtension>
        </extensions>
      </trkpt>
      <trkpt lat="42.59131662547588348388671875" lon="-5.620100609958171844482421875">
        <ele>850.5999755859375</ele>
        <time>2025-10-03T11:42:24.000Z</time>
        <extensions>
          <ns3:TrackPointExtension>
            <ns3:hr>107</ns3:hr>
            <ns3:cad>57</ns3:cad>
          </ns3:TrackPointExtension>
        </extensions>
      </trkpt>
      <trkpt lat="42.59127228520810604095458984375" lon="-5.62019373290240764617919921875">
        <ele>850.79998779296875</ele>
        <time>2025-10-03T11:42:31.000Z</time>
        <extensions>
          <ns3:TrackPointExtension>
            <ns3:hr>106</ns3:hr>
            <ns3:cad>57</ns3:cad>
          </ns3:TrackPointExtension>
        </extensions>
      </trkpt>
      <trkpt lat="42.59118310175836086273193359375" lon="-5.6204008497297763824462890625">
        <ele>851.5999755859375</ele>
        <time>2025-10-03T11:42:45.000Z</time>
        <extensions>
          <ns3:TrackPointExtension>
            <ns3:hr>104</ns3:hr>
            <ns3:cad>57</ns3:cad>
          </ns3:TrackPointExtension>
        </extensions>
      </trkpt>
      <trkpt lat="42.59112887084484100341796875" lon="-5.62054962851107120513916015625">
        <ele>851.20001220703125</ele>
        <time>2025-10-03T11:42:55.000Z</time>
        <extensions>
          <ns3:TrackPointExtension>
            <ns3:hr>102</ns3:hr>
            <ns3:cad>57</ns3:cad>
          </ns3:TrackPointExtension>
        </extensions>
      </trkpt>
      <trkpt lat="42.59103809483349323272705078125" lon="-5.62072564847767353057861328125">
        <ele>851.4000244140625</ele>
        <time>2025-10-03T11:43:08.000Z</time>
        <extensions>
          <ns3:TrackPointExtension>
            <ns3:hr>105</ns3:hr>
            <ns3:cad>58</ns3:cad>
          </ns3:TrackPointExtension>
        </extensions>
      </trkpt>
      <trkpt lat="42.590938098728656768798828125" lon="-5.62092748470604419708251953125">
        <ele>851.5999755859375</ele>
        <time>2025-10-03T11:43:22.000Z</time>
        <extensions>
          <ns3:TrackPointExtension>
            <ns3:hr>106</ns3:hr>
            <ns3:cad>59</ns3:cad>
          </ns3:TrackPointExtension>
        </extensions>
      </trkpt>
      <trkpt lat="42.59093164466321468353271484375" lon="-5.620939470827579498291015625">
        <ele>851.5999755859375</ele>
        <time>2025-10-03T11:43:23.000Z</time>
        <extensions>
          <ns3:TrackPointExtension>
            <ns3:hr>106</ns3:hr>
            <ns3:cad>59</ns3:cad>
          </ns3:TrackPointExtension>
        </extensions>
      </trkpt>
      <trkpt lat="42.59091018699109554290771484375" lon="-5.62098163180053234100341796875">
        <ele>851.79998779296875</ele>
        <time>2025-10-03T11:43:26.000Z</time>
        <extensions>
          <ns3:TrackPointExtension>
            <ns3:hr>107</ns3:hr>
            <ns3:cad>59</ns3:cad>
          </ns3:TrackPointExtension>
        </extensions>
      </trkpt>
      <trkpt lat="42.59085285477340221405029296875" lon="-5.621108449995517730712890625">
        <ele>852</ele>
        <time>2025-10-03T11:43:35.000Z</time>
        <extensions>
          <ns3:TrackPointExtension>
            <ns3:hr>108</ns3:hr>
            <ns3:cad>59</ns3:cad>
          </ns3:TrackPointExtension>
        </extensions>
      </trkpt>
      <trkpt lat="42.5907929241657257080078125" lon="-5.62125228345394134521484375">
        <ele>852.20001220703125</ele>
        <time>2025-10-03T11:43:45.000Z</time>
        <extensions>
          <ns3:TrackPointExtension>
            <ns3:hr>105</ns3:hr>
            <ns3:cad>58</ns3:cad>
          </ns3:TrackPointExtension>
        </extensions>
      </trkpt>
      <trkpt lat="42.5907553732395172119140625" lon="-5.6213369406759738922119140625">
        <ele>852.4000244140625</ele>
        <time>2025-10-03T11:43:51.000Z</time>
        <extensions>
          <ns3:TrackPointExtension>
            <ns3:hr>104</ns3:hr>
            <ns3:cad>58</ns3:cad>
          </ns3:TrackPointExtension>
        </extensions>
      </trkpt>
      <trkpt lat="42.5906789302825927734375" lon="-5.6214764155447483062744140625">
        <ele>852.5999755859375</ele>
        <time>2025-10-03T11:44:02.000Z</time>
        <extensions>
          <ns3:TrackPointExtension>
            <ns3:hr>103</ns3:hr>
            <ns3:cad>58</ns3:cad>
          </ns3:TrackPointExtension>
        </extensions>
      </trkpt>
      <trkpt lat="42.590601146221160888671875" lon="-5.6216316483914852142333984375">
        <ele>852.79998779296875</ele>
        <time>2025-10-03T11:44:12.000Z</time>
        <extensions>
          <ns3:TrackPointExtension>
            <ns3:hr>104</ns3:hr>
            <ns3:cad>59</ns3:cad>
          </ns3:TrackPointExtension>
        </extensions>
      </trkpt>
      <trkpt lat="42.59055085480213165283203125" lon="-5.62176584266126155853271484375">
        <ele>852.5999755859375</ele>
        <time>2025-10-03T11:44:21.000Z</time>
        <extensions>
          <ns3:TrackPointExtension>
            <ns3:hr>104</ns3:hr>
            <ns3:cad>60</ns3:cad>
          </ns3:TrackPointExtension>
        </extensions>
      </trkpt>
      <trkpt lat="42.590512968599796295166015625" lon="-5.62182434834539890289306640625">
        <ele>852.79998779296875</ele>
        <time>2025-10-03T11:44:26.000Z</time>
        <extensions>
          <ns3:TrackPointExtension>
            <ns3:hr>104</ns3:hr>
            <ns3:cad>57</ns3:cad>
          </ns3:TrackPointExtension>
        </extensions>
      </trkpt>
      <trkpt lat="42.590498216450214385986328125" lon="-5.6218599714338779449462890625">
        <ele>853</ele>
        <time>2025-10-03T11:44:28.000Z</time>
        <extensions>
          <ns3:TrackPointExtension>
            <ns3:hr>102</ns3:hr>
            <ns3:cad>56</ns3:cad>
          </ns3:TrackPointExtension>
        </extensions>
      </trkpt>
      <trkpt lat="42.59038749150931835174560546875" lon="-5.6220473907887935638427734375">
        <ele>853.20001220703125</ele>
        <time>2025-10-03T11:44:41.000Z</time>
        <extensions>
          <ns3:TrackPointExtension>
            <ns3:hr>105</ns3:hr>
            <ns3:cad>58</ns3:cad>
          </ns3:TrackPointExtension>
        </extensions>
      </trkpt>
      <trkpt lat="42.5903283990919589996337890625" lon="-5.62217085622251033782958984375">
        <ele>853.4000244140625</ele>
        <time>2025-10-03T11:44:50.000Z</time>
        <extensions>
          <ns3:TrackPointExtension>
            <ns3:hr>104</ns3:hr>
            <ns3:cad>58</ns3:cad>
          </ns3:TrackPointExtension>
        </extensions>
      </trkpt>
      <trkpt lat="42.5902502797544002532958984375" lon="-5.6223226524889469146728515625">
        <ele>853.4000244140625</ele>
        <time>2025-10-03T11:45:01.000Z</time>
        <extensions>
          <ns3:TrackPointExtension>
            <ns3:hr>103</ns3:hr>
            <ns3:cad>58</ns3:cad>
          </ns3:TrackPointExtension>
        </extensions>
      </trkpt>
      <trkpt lat="42.59015514515340328216552734375" lon="-5.62248970381915569305419921875">
        <ele>853.5999755859375</ele>
        <time>2025-10-03T11:45:13.000Z</time>
        <extensions>
          <ns3:TrackPointExtension>
            <ns3:hr>104</ns3:hr>
            <ns3:cad>58</ns3:cad>
          </ns3:TrackPointExtension>
        </extensions>
      </trkpt>
      <trkpt lat="42.590070404112339019775390625" lon="-5.62270478345453739166259765625">
        <ele>853.79998779296875</ele>
        <time>2025-10-03T11:45:28.000Z</time>
        <extensions>
          <ns3:TrackPointExtension>
            <ns3:hr>105</ns3:hr>
            <ns3:cad>57</ns3:cad>
          </ns3:TrackPointExtension>
        </extensions>
      </trkpt>
      <trkpt lat="42.58999806828796863555908203125" lon="-5.6228332780301570892333984375">
        <ele>853.79998779296875</ele>
        <time>2025-10-03T11:45:38.000Z</time>
        <extensions>
          <ns3:TrackPointExtension>
            <ns3:hr>105</ns3:hr>
            <ns3:cad>58</ns3:cad>
          </ns3:TrackPointExtension>
        </extensions>
      </trkpt>
      <trkpt lat="42.58992346934974193572998046875" lon="-5.6229781173169612884521484375">
        <ele>854</ele>
        <time>2025-10-03T11:45:48.000Z</time>
        <extensions>
          <ns3:TrackPointExtension>
            <ns3:hr>105</ns3:hr>
            <ns3:cad>58</ns3:cad>
          </ns3:TrackPointExtension>
        </extensions>
      </trkpt>
      <trkpt lat="42.589845098555088043212890625" lon="-5.62315271236002445220947265625">
        <ele>854.20001220703125</ele>
        <time>2025-10-03T11:46:00.000Z</time>
        <extensions>
          <ns3:TrackPointExtension>
            <ns3:hr>104</ns3:hr>
            <ns3:cad>58</ns3:cad>
          </ns3:TrackPointExtension>
        </extensions>
      </trkpt>
      <trkpt lat="42.5897674821317195892333984375" lon="-5.62331196852028369903564453125">
        <ele>854.79998779296875</ele>
        <time>2025-10-03T11:46:11.000Z</time>
        <extensions>
          <ns3:TrackPointExtension>
            <ns3:hr>104</ns3:hr>
            <ns3:cad>57</ns3:cad>
          </ns3:TrackPointExtension>
        </extensions>
      </trkpt>
      <trkpt lat="42.58975884877145290374755859375" lon="-5.6233278103172779083251953125">
        <ele>854.79998779296875</ele>
        <time>2025-10-03T11:46:12.000Z</time>
        <extensions>
          <ns3:TrackPointExtension>
            <ns3:hr>104</ns3:hr>
            <ns3:cad>58</ns3:cad>
          </ns3:TrackPointExtension>
        </extensions>
      </trkpt>
      <trkpt lat="42.58970386348664760589599609375" lon="-5.62344457022845745086669921875">
        <ele>854.4000244140625</ele>
        <time>2025-10-03T11:46:20.000Z</time>
        <extensions>
          <ns3:TrackPointExtension>
            <ns3:hr>108</ns3:hr>
            <ns3:cad>58</ns3:cad>
          </ns3:TrackPointExtension>
        </extensions>
      </trkpt>
      <trkpt lat="42.58967670612037181854248046875" lon="-5.6234994716942310333251953125">
        <ele>854.5999755859375</ele>
        <time>2025-10-03T11:46:24.000Z</time>
        <extensions>
          <ns3:TrackPointExtension>
            <ns3:hr>110</ns3:hr>
            <ns3:cad>57</ns3:cad>
          </ns3:TrackPointExtension>
        </extensions>
      </trkpt>
      <trkpt lat="42.5896209664642810821533203125" lon="-5.62361204065382480621337890625">
        <ele>854.5999755859375</ele>
        <time>2025-10-03T11:46:32.000Z</time>
        <extensions>
          <ns3:TrackPointExtension>
            <ns3:hr>113</ns3:hr>
            <ns3:cad>58</ns3:cad>
          </ns3:TrackPointExtension>
        </extensions>
      </trkpt>
      <trkpt lat="42.5895860977470874786376953125" lon="-5.62369418330490589141845703125">
        <ele>854.5999755859375</ele>
        <time>2025-10-03T11:46:38.000Z</time>
        <extensions>
          <ns3:TrackPointExtension>
            <ns3:hr>113</ns3:hr>
            <ns3:cad>58</ns3:cad>
          </ns3:TrackPointExtension>
        </extensions>
      </trkpt>
      <trkpt lat="42.58956849575042724609375" lon="-5.62374045141041278839111328125">
        <ele>854.79998779296875</ele>
        <time>2025-10-03T11:46:41.000Z</time>
        <extensions>
          <ns3:TrackPointExtension>
            <ns3:hr>110</ns3:hr>
            <ns3:cad>58</ns3:cad>
          </ns3:TrackPointExtension>
        </extensions>
      </trkpt>
      <trkpt lat="42.5895475409924983978271484375" lon="-5.623790659010410308837890625">
        <ele>854.79998779296875</ele>
        <time>2025-10-03T11:46:44.000Z</time>
        <extensions>
          <ns3:TrackPointExtension>
            <ns3:hr>107</ns3:hr>
            <ns3:cad>58</ns3:cad>
          </ns3:TrackPointExtension>
        </extensions>
      </trkpt>
      <trkpt lat="42.589505128562450408935546875" lon="-5.62387657351791858673095703125">
        <ele>854.79998779296875</ele>
        <time>2025-10-03T11:46:50.000Z</time>
        <extensions>
          <ns3:TrackPointExtension>
            <ns3:hr>105</ns3:hr>
            <ns3:cad>58</ns3:cad>
          </ns3:TrackPointExtension>
        </extensions>
      </trkpt>
      <trkpt lat="42.58943346329033374786376953125" lon="-5.6240169703960418701171875">
        <ele>855.20001220703125</ele>
        <time>2025-10-03T11:47:00.000Z</time>
        <extensions>
          <ns3:TrackPointExtension>
            <ns3:hr>105</ns3:hr>
            <ns3:cad>58</ns3:cad>
          </ns3:TrackPointExtension>
        </extensions>
      </trkpt>
      <trkpt lat="42.58936003781855106353759765625" lon="-5.6241753883659839630126953125">
        <ele>855.20001220703125</ele>
        <time>2025-10-03T11:47:12.000Z</time>
        <extensions>
          <ns3:TrackPointExtension>
            <ns3:hr>103</ns3:hr>
            <ns3:cad>57</ns3:cad>
          </ns3:TrackPointExtension>
        </extensions>
      </trkpt>
      <trkpt lat="42.5892736203968524932861328125" lon="-5.6243415176868438720703125">
        <ele>855.4000244140625</ele>
        <time>2025-10-03T11:47:24.000Z</time>
        <extensions>
          <ns3:TrackPointExtension>
            <ns3:hr>101</ns3:hr>
            <ns3:cad>57</ns3:cad>
          </ns3:TrackPointExtension>
        </extensions>
      </trkpt>
      <trkpt lat="42.58919340558350086212158203125" lon="-5.62448275275528430938720703125">
        <ele>855.5999755859375</ele>
        <time>2025-10-03T11:47:35.000Z</time>
        <extensions>
          <ns3:TrackPointExtension>
            <ns3:hr>103</ns3:hr>
            <ns3:cad>59</ns3:cad>
          </ns3:TrackPointExtension>
        </extensions>
      </trkpt>
      <trkpt lat="42.589100785553455352783203125" lon="-5.624612756073474884033203125">
        <ele>855.79998779296875</ele>
        <time>2025-10-03T11:47:45.000Z</time>
        <extensions>
          <ns3:TrackPointExtension>
            <ns3:hr>104</ns3:hr>
            <ns3:cad>57</ns3:cad>
          </ns3:TrackPointExtension>
        </extensions>
      </trkpt>
      <trkpt lat="42.58909164927899837493896484375" lon="-5.62462574802339076995849609375">
        <ele>856</ele>
        <time>2025-10-03T11:47:46.000Z</time>
        <extensions>
          <ns3:TrackPointExtension>
            <ns3:hr>105</ns3:hr>
            <ns3:cad>58</ns3:cad>
          </ns3:TrackPointExtension>
        </extensions>
      </trkpt>
      <trkpt lat="42.5889950059354305267333984375" lon="-5.62476195394992828369140625">
        <ele>856.20001220703125</ele>
        <time>2025-10-03T11:47:57.000Z</time>
        <extensions>
          <ns3:TrackPointExtension>
            <ns3:hr>105</ns3:hr>
            <ns3:cad>58</ns3:cad>
          </ns3:TrackPointExtension>
        </extensions>
      </trkpt>
      <trkpt lat="42.588953264057636260986328125" lon="-5.6248767860233783721923828125">
        <ele>856.4000244140625</ele>
        <time>2025-10-03T11:48:05.000Z</time>
        <extensions>
          <ns3:TrackPointExtension>
            <ns3:hr>108</ns3:hr>
            <ns3:cad>57</ns3:cad>
          </ns3:TrackPointExtension>
        </extensions>
      </trkpt>
      <trkpt lat="42.5889158807694911956787109375" lon="-5.624965466558933258056640625">
        <ele>856.5999755859375</ele>
        <time>2025-10-03T11:48:11.000Z</time>
        <extensions>
          <ns3:TrackPointExtension>
            <ns3:hr>107</ns3:hr>
            <ns3:cad>57</ns3:cad>
          </ns3:TrackPointExtension>
        </extensions>
      </trkpt>
      <trkpt lat="42.58887170813977718353271484375" lon="-5.625070743262767791748046875">
        <ele>856.79998779296875</ele>
        <time>2025-10-03T11:48:18.000Z</time>
        <extensions>
          <ns3:TrackPointExtension>
            <ns3:hr>104</ns3:hr>
            <ns3:cad>57</ns3:cad>
          </ns3:TrackPointExtension>
        </extensions>
      </trkpt>
      <trkpt lat="42.58885561488568782806396484375" lon="-5.6251094676554203033447265625">
        <ele>857</ele>
        <time>2025-10-03T11:48:21.000Z</time>
        <extensions>
          <ns3:TrackPointExtension>
            <ns3:hr>103</ns3:hr>
            <ns3:cad>57</ns3:cad>
          </ns3:TrackPointExtension>
        </extensions>
      </trkpt>
      <trkpt lat="42.58883398957550525665283203125" lon="-5.62515229918062686920166015625">
        <ele>857</ele>
        <time>2025-10-03T11:48:24.000Z</time>
        <extensions>
          <ns3:TrackPointExtension>
            <ns3:hr>103</ns3:hr>
            <ns3:cad>57</ns3:cad>
          </ns3:TrackPointExtension>
        </extensions>
      </trkpt>
      <trkpt lat="42.58877397514879703521728515625" lon="-5.62535396777093410491943359375">
        <ele>857.4000244140625</ele>
        <time>2025-10-03T11:48:37.000Z</time>
        <extensions>
          <ns3:TrackPointExtension>
            <ns3:hr>105</ns3:hr>
            <ns3:cad>57</ns3:cad>
          </ns3:TrackPointExtension>
        </extensions>
      </trkpt>
      <trkpt lat="42.5886972807347774505615234375" lon="-5.6255248747766017913818359375">
        <ele>858</ele>
        <time>2025-10-03T11:48:49.000Z</time>
        <extensions>
          <ns3:TrackPointExtension>
            <ns3:hr>104</ns3:hr>
            <ns3:cad>57</ns3:cad>
          </ns3:TrackPointExtension>
        </extensions>
      </trkpt>
      <trkpt lat="42.58868244476616382598876953125" lon="-5.62555379234254360198974609375">
        <ele>858</ele>
        <time>2025-10-03T11:48:51.000Z</time>
        <extensions>
          <ns3:TrackPointExtension>
            <ns3:hr>104</ns3:hr>
            <ns3:cad>57</ns3:cad>
          </ns3:TrackPointExtension>
        </extensions>
      </trkpt>
      <trkpt lat="42.58861823938786983489990234375" lon="-5.62568656168878078460693359375">
        <ele>858.5999755859375</ele>
        <time>2025-10-03T11:49:01.000Z</time>
        <extensions>
          <ns3:TrackPointExtension>
            <ns3:hr>107</ns3:hr>
            <ns3:cad>57</ns3:cad>
          </ns3:TrackPointExtension>
        </extensions>
      </trkpt>
      <trkpt lat="42.58860566653311252593994140625" lon="-5.62571422196924686431884765625">
        <ele>858.5999755859375</ele>
        <time>2025-10-03T11:49:03.000Z</time>
        <extensions>
          <ns3:TrackPointExtension>
            <ns3:hr>107</ns3:hr>
            <ns3:cad>57</ns3:cad>
          </ns3:TrackPointExtension>
        </extensions>
      </trkpt>
      <trkpt lat="42.5885668583214282989501953125" lon="-5.6257967837154865264892578125">
        <ele>859</ele>
        <time>2025-10-03T11:49:09.000Z</time>
        <extensions>
          <ns3:TrackPointExtension>
            <ns3:hr>107</ns3:hr>
            <ns3:cad>57</ns3:cad>
          </ns3:TrackPointExtension>
        </extensions>
      </trkpt>
      <trkpt lat="42.58851195685565471649169921875" lon="-5.6258918344974517822265625">
        <ele>859.20001220703125</ele>
        <time>2025-10-03T11:49:16.000Z</time>
        <extensions>
          <ns3:TrackPointExtension>
            <ns3:hr>108</ns3:hr>
            <ns3:cad>57</ns3:cad>
          </ns3:TrackPointExtension>
        </extensions>
      </trkpt>
      <trkpt lat="42.58840466849505901336669921875" lon="-5.62606609426438808441162109375">
        <ele>860</ele>
        <time>2025-10-03T11:49:29.000Z</time>
        <extensions>
          <ns3:TrackPointExtension>
            <ns3:hr>106</ns3:hr>
            <ns3:cad>57</ns3:cad>
          </ns3:TrackPointExtension>
        </extensions>
      </trkpt>
      <trkpt lat="42.5882902555167675018310546875" lon="-5.62617841176688671112060546875">
        <ele>860.79998779296875</ele>
        <time>2025-10-03T11:49:41.000Z</time>
        <extensions>
          <ns3:TrackPointExtension>
            <ns3:hr>108</ns3:hr>
            <ns3:cad>56</ns3:cad>
          </ns3:TrackPointExtension>
        </extensions>
      </trkpt>
      <trkpt lat="42.58827156387269496917724609375" lon="-5.62619484029710292816162109375">
        <ele>861</ele>
        <time>2025-10-03T11:49:43.000Z</time>
        <extensions>
          <ns3:TrackPointExtension>
            <ns3:hr>109</ns3:hr>
            <ns3:cad>56</ns3:cad>
          </ns3:TrackPointExtension>
        </extensions>
      </trkpt>
      <trkpt lat="42.58816326968371868133544921875" lon="-5.62627111561596393585205078125">
        <ele>862</ele>
        <time>2025-10-03T11:49:53.000Z</time>
        <extensions>
          <ns3:TrackPointExtension>
            <ns3:hr>109</ns3:hr>
            <ns3:cad>56</ns3:cad>
          </ns3:TrackPointExtension>
        </extensions>
      </trkpt>
      <trkpt lat="42.58815203793346881866455078125" lon="-5.626277066767215728759765625">
        <ele>862</ele>
        <time>2025-10-03T11:49:54.000Z</time>
        <extensions>
          <ns3:TrackPointExtension>
            <ns3:hr>109</ns3:hr>
            <ns3:cad>56</ns3:cad>
          </ns3:TrackPointExtension>
        </extensions>
      </trkpt>
      <trkpt lat="42.5880558975040912628173828125" lon="-5.626328028738498687744140625">
        <ele>863</ele>
        <time>2025-10-03T11:50:03.000Z</time>
        <extensions>
          <ns3:TrackPointExtension>
            <ns3:hr>111</ns3:hr>
            <ns3:cad>56</ns3:cad>
          </ns3:TrackPointExtension>
        </extensions>
      </trkpt>
      <trkpt lat="42.58798238821327686309814453125" lon="-5.62636214308440685272216796875">
        <ele>863.79998779296875</ele>
        <time>2025-10-03T11:50:09.000Z</time>
        <extensions>
          <ns3:TrackPointExtension>
            <ns3:hr>114</ns3:hr>
            <ns3:cad>56</ns3:cad>
          </ns3:TrackPointExtension>
        </extensions>
      </trkpt>
      <trkpt lat="42.58795917034149169921875" lon="-5.626370944082736968994140625">
        <ele>864.20001220703125</ele>
        <time>2025-10-03T11:50:11.000Z</time>
        <extensions>
          <ns3:TrackPointExtension>
            <ns3:hr>115</ns3:hr>
            <ns3:cad>56</ns3:cad>
          </ns3:TrackPointExtension>
        </extensions>
      </trkpt>
      <trkpt lat="42.58793729357421398162841796875" lon="-5.6263840198516845703125">
        <ele>864.20001220703125</ele>
        <time>2025-10-03T11:50:13.000Z</time>
        <extensions>
          <ns3:TrackPointExtension>
            <ns3:hr>116</ns3:hr>
            <ns3:cad>56</ns3:cad>
          </ns3:TrackPointExtension>
        </extensions>
      </trkpt>
      <trkpt lat="42.587852887809276580810546875" lon="-5.6264197267591953277587890625">
        <ele>865</ele>
        <time>2025-10-03T11:50:20.000Z</time>
        <extensions>
          <ns3:TrackPointExtension>
            <ns3:hr>119</ns3:hr>
            <ns3:cad>56</ns3:cad>
          </ns3:TrackPointExtension>
        </extensions>
      </trkpt>
      <trkpt lat="42.5878419913351535797119140625" lon="-5.626424588263034820556640625">
        <ele>865.20001220703125</ele>
        <time>2025-10-03T11:50:21.000Z</time>
        <extensions>
          <ns3:TrackPointExtension>
            <ns3:hr>119</ns3:hr>
            <ns3:cad>56</ns3:cad>
          </ns3:TrackPointExtension>
        </extensions>
      </trkpt>
      <trkpt lat="42.5878076255321502685546875" lon="-5.62645015306770801544189453125">
        <ele>865.5999755859375</ele>
        <time>2025-10-03T11:50:24.000Z</time>
        <extensions>
          <ns3:TrackPointExtension>
            <ns3:hr>119</ns3:hr>
            <ns3:cad>56</ns3:cad>
          </ns3:TrackPointExtension>
        </extensions>
      </trkpt>
      <trkpt lat="42.58775389753282070159912109375" lon="-5.6264817528426647186279296875">
        <ele>866.20001220703125</ele>
        <time>2025-10-03T11:50:29.000Z</time>
        <extensions>
          <ns3:TrackPointExtension>
            <ns3:hr>120</ns3:hr>
            <ns3:cad>56</ns3:cad>
          </ns3:TrackPointExtension>
        </extensions>
      </trkpt>
      <trkpt lat="42.587709389626979827880859375" lon="-5.62652005814015865325927734375">
        <ele>866.5999755859375</ele>
        <time>2025-10-03T11:50:33.000Z</time>
        <extensions>
          <ns3:TrackPointExtension>
            <ns3:hr>121</ns3:hr>
            <ns3:cad>56</ns3:cad>
          </ns3:TrackPointExtension>
        </extensions>
      </trkpt>
      <trkpt lat="42.58762984536588191986083984375" lon="-5.62660454772412776947021484375">
        <ele>867</ele>
        <time>2025-10-03T11:50:42.000Z</time>
        <extensions>
          <ns3:TrackPointExtension>
            <ns3:hr>120</ns3:hr>
            <ns3:cad>56</ns3:cad>
          </ns3:TrackPointExtension>
        </extensions>
      </trkpt>
      <trkpt lat="42.5875526480376720428466796875" lon="-5.62670580111443996429443359375">
        <ele>867.20001220703125</ele>
        <time>2025-10-03T11:50:51.000Z</time>
        <extensions>
          <ns3:TrackPointExtension>
            <ns3:hr>120</ns3:hr>
            <ns3:cad>54</ns3:cad>
          </ns3:TrackPointExtension>
        </extensions>
      </trkpt>
      <trkpt lat="42.58754669688642024993896484375" lon="-5.62671585939824581146240234375">
        <ele>867.20001220703125</ele>
        <time>2025-10-03T11:50:52.000Z</time>
        <extensions>
          <ns3:TrackPointExtension>
            <ns3:hr>120</ns3:hr>
            <ns3:cad>54</ns3:cad>
          </ns3:TrackPointExtension>
        </extensions>
      </trkpt>
      <trkpt lat="42.5874725170433521270751953125" lon="-5.6268166936933994293212890625">
        <ele>867.5999755859375</ele>
        <time>2025-10-03T11:51:02.000Z</time>
        <extensions>
          <ns3:TrackPointExtension>
            <ns3:hr>119</ns3:hr>
            <ns3:cad>56</ns3:cad>
          </ns3:TrackPointExtension>
        </extensions>
      </trkpt>
      <trkpt lat="42.58743002079427242279052734375" lon="-5.62689020298421382904052734375">
        <ele>867.79998779296875</ele>
        <time>2025-10-03T11:51:08.000Z</time>
        <extensions>
          <ns3:TrackPointExtension>
            <ns3:hr>116</ns3:hr>
            <ns3:cad>56</ns3:cad>
          </ns3:TrackPointExtension>
        </extensions>
      </trkpt>
      <trkpt lat="42.58739984594285488128662109375" lon="-5.62694393098354339599609375">
        <ele>868</ele>
        <time>2025-10-03T11:51:12.000Z</time>
        <extensions>
          <ns3:TrackPointExtension>
            <ns3:hr>115</ns3:hr>
            <ns3:cad>56</ns3:cad>
          </ns3:TrackPointExtension>
        </extensions>
      </trkpt>
      <trkpt lat="42.58732927031815052032470703125" lon="-5.62704225070774555206298828125">
        <ele>868.20001220703125</ele>
        <time>2025-10-03T11:51:20.000Z</time>
        <extensions>
          <ns3:TrackPointExtension>
            <ns3:hr>113</ns3:hr>
            <ns3:cad>57</ns3:cad>
          </ns3:TrackPointExtension>
        </extensions>
      </trkpt>
      <trkpt lat="42.5873119197785854339599609375" lon="-5.6270671449601650238037109375">
        <ele>868.20001220703125</ele>
        <time>2025-10-03T11:51:22.000Z</time>
        <extensions>
          <ns3:TrackPointExtension>
            <ns3:hr>112</ns3:hr>
            <ns3:cad>57</ns3:cad>
          </ns3:TrackPointExtension>
        </extensions>
      </trkpt>
      <trkpt lat="42.58727009408175945281982421875" lon="-5.62714450992643833160400390625">
        <ele>868.20001220703125</ele>
        <time>2025-10-03T11:51:27.000Z</time>
        <extensions>
          <ns3:TrackPointExtension>
            <ns3:hr>110</ns3:hr>
            <ns3:cad>58</ns3:cad>
          </ns3:TrackPointExtension>
        </extensions>
      </trkpt>
      <trkpt lat="42.5871908850967884063720703125" lon="-5.6272636167705059051513671875">
        <ele>868.5999755859375</ele>
        <time>2025-10-03T11:51:37.000Z</time>
        <extensions>
          <ns3:TrackPointExtension>
            <ns3:hr>108</ns3:hr>
            <ns3:cad>57</ns3:cad>
          </ns3:TrackPointExtension>
        </extensions>
      </trkpt>
      <trkpt lat="42.58716456592082977294921875" lon="-5.62731298618018627166748046875">
        <ele>868.5999755859375</ele>
        <time>2025-10-03T11:51:41.000Z</time>
        <extensions>
          <ns3:TrackPointExtension>
            <ns3:hr>105</ns3:hr>
            <ns3:cad>58</ns3:cad>
          </ns3:TrackPointExtension>
        </extensions>
      </trkpt>
      <trkpt lat="42.58712642826139926910400390625" lon="-5.62736160121858119964599609375">
        <ele>868.79998779296875</ele>
        <time>2025-10-03T11:51:45.000Z</time>
        <extensions>
          <ns3:TrackPointExtension>
            <ns3:hr>104</ns3:hr>
            <ns3:cad>57</ns3:cad>
          </ns3:TrackPointExtension>
        </extensions>
      </trkpt>
      <trkpt lat="42.58702567778527736663818359375" lon="-5.62746939249336719512939453125">
        <ele>869</ele>
        <time>2025-10-03T11:51:54.000Z</time>
        <extensions>
          <ns3:TrackPointExtension>
            <ns3:hr>106</ns3:hr>
            <ns3:cad>57</ns3:cad>
          </ns3:TrackPointExtension>
        </extensions>
      </trkpt>
      <trkpt lat="42.586946301162242889404296875" lon="-5.627567879855632781982421875">
        <ele>869</ele>
        <time>2025-10-03T11:52:02.000Z</time>
        <extensions>
          <ns3:TrackPointExtension>
            <ns3:hr>105</ns3:hr>
            <ns3:cad>59</ns3:cad>
          </ns3:TrackPointExtension>
        </extensions>
      </trkpt>
      <trkpt lat="42.58687949739396572113037109375" lon="-5.62765982933342456817626953125">
        <ele>869.20001220703125</ele>
        <time>2025-10-03T11:52:09.000Z</time>
        <extensions>
          <ns3:TrackPointExtension>
            <ns3:hr>105</ns3:hr>
            <ns3:cad>58</ns3:cad>
          </ns3:TrackPointExtension>
        </extensions>
      </trkpt>
      <trkpt lat="42.58686340413987636566162109375" lon="-5.62768883071839809417724609375">
        <ele>869.4000244140625</ele>
        <time>2025-10-03T11:52:11.000Z</time>
        <extensions>
          <ns3:TrackPointExtension>
            <ns3:hr>105</ns3:hr>
            <ns3:cad>59</ns3:cad>
          </ns3:TrackPointExtension>
        </extensions>
      </trkpt>
      <trkpt lat="42.58679333142936229705810546875" lon="-5.6278074346482753753662109375">
        <ele>869.79998779296875</ele>
        <time>2025-10-03T11:52:21.000Z</time>
        <extensions>
          <ns3:TrackPointExtension>
            <ns3:hr>105</ns3:hr>
            <ns3:cad>58</ns3:cad>
          </ns3:TrackPointExtension>
        </extensions>
      </trkpt>
      <trkpt lat="42.5867308862507343292236328125" lon="-5.627907179296016693115234375">
        <ele>870</ele>
        <time>2025-10-03T11:52:29.000Z</time>
        <extensions>
          <ns3:TrackPointExtension>
            <ns3:hr>106</ns3:hr>
            <ns3:cad>56</ns3:cad>
          </ns3:TrackPointExtension>
        </extensions>
      </trkpt>
      <trkpt lat="42.586647570133209228515625" lon="-5.62803961336612701416015625">
        <ele>870.20001220703125</ele>
        <time>2025-10-03T11:52:39.000Z</time>
        <extensions>
          <ns3:TrackPointExtension>
            <ns3:hr>105</ns3:hr>
            <ns3:cad>58</ns3:cad>
          </ns3:TrackPointExtension>
        </extensions>
      </trkpt>
      <trkpt lat="42.58659887127578258514404296875" lon="-5.6281423754990100860595703125">
        <ele>870</ele>
        <time>2025-10-03T11:52:45.000Z</time>
        <extensions>
          <ns3:TrackPointExtension>
            <ns3:hr>102</ns3:hr>
            <ns3:cad>57</ns3:cad>
          </ns3:TrackPointExtension>
        </extensions>
      </trkpt>
      <trkpt lat="42.58656785823404788970947265625" lon="-5.62821253202855587005615234375">
        <ele>870.20001220703125</ele>
        <time>2025-10-03T11:52:50.000Z</time>
        <extensions>
          <ns3:TrackPointExtension>
            <ns3:hr>101</ns3:hr>
            <ns3:cad>58</ns3:cad>
          </ns3:TrackPointExtension>
        </extensions>
      </trkpt>
      <trkpt lat="42.5865635834634304046630859375" lon="-5.628231056034564971923828125">
        <ele>870.4000244140625</ele>
        <time>2025-10-03T11:52:51.000Z</time>
        <extensions>
          <ns3:TrackPointExtension>
            <ns3:hr>101</ns3:hr>
            <ns3:cad>57</ns3:cad>
          </ns3:TrackPointExtension>
        </extensions>
      </trkpt>
      <trkpt lat="42.5865370966494083404541015625" lon="-5.62830917537212371826171875">
        <ele>870.4000244140625</ele>
        <time>2025-10-03T11:52:56.000Z</time>
        <extensions>
          <ns3:TrackPointExtension>
            <ns3:hr>104</ns3:hr>
            <ns3:cad>58</ns3:cad>
          </ns3:TrackPointExtension>
        </extensions>
      </trkpt>
      <trkpt lat="42.58651186712086200714111328125" lon="-5.62838687561452388763427734375">
        <ele>870.5999755859375</ele>
        <time>2025-10-03T11:53:01.000Z</time>
        <extensions>
          <ns3:TrackPointExtension>
            <ns3:hr>107</ns3:hr>
            <ns3:cad>57</ns3:cad>
          </ns3:TrackPointExtension>
        </extensions>
      </trkpt>
      <trkpt lat="42.58644833229482173919677734375" lon="-5.6285624764859676361083984375">
        <ele>871</ele>
        <time>2025-10-03T11:53:12.000Z</time>
        <extensions>
          <ns3:TrackPointExtension>
            <ns3:hr>107</ns3:hr>
            <ns3:cad>59</ns3:cad>
          </ns3:TrackPointExtension>
        </extensions>
      </trkpt>
      <trkpt lat="42.58641966618597507476806640625" lon="-5.62864352948963642120361328125">
        <ele>871.4000244140625</ele>
        <time>2025-10-03T11:53:17.000Z</time>
        <extensions>
          <ns3:TrackPointExtension>
            <ns3:hr>107</ns3:hr>
            <ns3:cad>58</ns3:cad>
          </ns3:TrackPointExtension>
        </extensions>
      </trkpt>
      <trkpt lat="42.58638714440166950225830078125" lon="-5.6287267617881298065185546875">
        <ele>871.5999755859375</ele>
        <time>2025-10-03T11:53:23.000Z</time>
        <extensions>
          <ns3:TrackPointExtension>
            <ns3:hr>108</ns3:hr>
            <ns3:cad>58</ns3:cad>
          </ns3:TrackPointExtension>
        </extensions>
      </trkpt>
      <trkpt lat="42.58632428012788295745849609375" lon="-5.628819130361080169677734375">
        <ele>872.20001220703125</ele>
        <time>2025-10-03T11:53:31.000Z</time>
        <extensions>
          <ns3:TrackPointExtension>
            <ns3:hr>109</ns3:hr>
            <ns3:cad>57</ns3:cad>
          </ns3:TrackPointExtension>
        </extensions>
      </trkpt>
      <trkpt lat="42.58627063594758510589599609375" lon="-5.6288833357393741607666015625">
        <ele>872.4000244140625</ele>
        <time>2025-10-03T11:53:36.000Z</time>
        <extensions>
          <ns3:TrackPointExtension>
            <ns3:hr>109</ns3:hr>
            <ns3:cad>57</ns3:cad>
          </ns3:TrackPointExtension>
        </extensions>
      </trkpt>
      <trkpt lat="42.58624331094324588775634765625" lon="-5.62888828106224536895751953125">
        <ele>872.4000244140625</ele>
        <time>2025-10-03T11:53:38.000Z</time>
        <extensions>
          <ns3:TrackPointExtension>
            <ns3:hr>110</ns3:hr>
            <ns3:cad>59</ns3:cad>
          </ns3:TrackPointExtension>
        </extensions>
      </trkpt>
      <trkpt lat="42.58610584773123264312744140625" lon="-5.62888258136808872222900390625">
        <ele>873.20001220703125</ele>
        <time>2025-10-03T11:53:49.000Z</time>
        <extensions>
          <ns3:TrackPointExtension>
            <ns3:hr>110</ns3:hr>
            <ns3:cad>57</ns3:cad>
          </ns3:TrackPointExtension>
        </extensions>
      </trkpt>
      <trkpt lat="42.58606075309216976165771484375" lon="-5.628907978534698486328125">
        <ele>873.4000244140625</ele>
        <time>2025-10-03T11:53:53.000Z</time>
        <extensions>
          <ns3:TrackPointExtension>
            <ns3:hr>110</ns3:hr>
            <ns3:cad>57</ns3:cad>
          </ns3:TrackPointExtension>
        </extensions>
      </trkpt>
      <trkpt lat="42.5860284827649593353271484375" lon="-5.62895315699279308319091796875">
        <ele>873.5999755859375</ele>
        <time>2025-10-03T11:53:57.000Z</time>
        <extensions>
          <ns3:TrackPointExtension>
            <ns3:hr>113</ns3:hr>
            <ns3:cad>56</ns3:cad>
          </ns3:TrackPointExtension>
        </extensions>
      </trkpt>
      <trkpt lat="42.58601381443440914154052734375" lon="-5.62898752279579639434814453125">
        <ele>873.79998779296875</ele>
        <time>2025-10-03T11:53:59.000Z</time>
        <extensions>
          <ns3:TrackPointExtension>
            <ns3:hr>115</ns3:hr>
            <ns3:cad>56</ns3:cad>
          </ns3:TrackPointExtension>
        </extensions>
      </trkpt>
      <trkpt lat="42.5859563983976840972900390625" lon="-5.62916756607592105865478515625">
        <ele>874.20001220703125</ele>
        <time>2025-10-03T11:54:11.000Z</time>
        <extensions>
          <ns3:TrackPointExtension>
            <ns3:hr>115</ns3:hr>
            <ns3:cad>57</ns3:cad>
          </ns3:TrackPointExtension>
        </extensions>
      </trkpt>
      <trkpt lat="42.58594474755227565765380859375" lon="-5.62921668402850627899169921875">
        <ele>874.4000244140625</ele>
        <time>2025-10-03T11:54:14.000Z</time>
        <extensions>
          <ns3:TrackPointExtension>
            <ns3:hr>114</ns3:hr>
            <ns3:cad>58</ns3:cad>
          </ns3:TrackPointExtension>
        </extensions>
      </trkpt>
      <trkpt lat="42.58590401150286197662353515625" lon="-5.6293518841266632080078125">
        <ele>875</ele>
        <time>2025-10-03T11:54:22.000Z</time>
        <extensions>
          <ns3:TrackPointExtension>
            <ns3:hr>114</ns3:hr>
            <ns3:cad>57</ns3:cad>
          </ns3:TrackPointExtension>
        </extensions>
      </trkpt>
      <trkpt lat="42.58588825352489948272705078125" lon="-5.62940628267824649810791015625">
        <ele>875.4000244140625</ele>
        <time>2025-10-03T11:54:26.000Z</time>
        <extensions>
          <ns3:TrackPointExtension>
            <ns3:hr>114</ns3:hr>
            <ns3:cad>57</ns3:cad>
          </ns3:TrackPointExtension>
        </extensions>
      </trkpt>
      <trkpt lat="42.585875093936920166015625" lon="-5.6295129843056201934814453125">
        <ele>876.20001220703125</ele>
        <time>2025-10-03T11:54:32.000Z</time>
        <extensions>
          <ns3:TrackPointExtension>
            <ns3:hr>116</ns3:hr>
            <ns3:cad>57</ns3:cad>
          </ns3:TrackPointExtension>
        </extensions>
      </trkpt>
      <trkpt lat="42.585870064795017242431640625" lon="-5.62961465679109096527099609375">
        <ele>876.5999755859375</ele>
        <time>2025-10-03T11:54:39.000Z</time>
        <extensions>
          <ns3:TrackPointExtension>
            <ns3:hr>117</ns3:hr>
            <ns3:cad>57</ns3:cad>
          </ns3:TrackPointExtension>
        </extensions>
      </trkpt>
      <trkpt lat="42.5858672149479389190673828125" lon="-5.629631169140338897705078125">
        <ele>876.5999755859375</ele>
        <time>2025-10-03T11:54:40.000Z</time>
        <extensions>
          <ns3:TrackPointExtension>
            <ns3:hr>117</ns3:hr>
            <ns3:cad>57</ns3:cad>
          </ns3:TrackPointExtension>
        </extensions>
      </trkpt>
      <trkpt lat="42.58579554967582225799560546875" lon="-5.6297986395657062530517578125">
        <ele>877.4000244140625</ele>
        <time>2025-10-03T11:54:50.000Z</time>
        <extensions>
          <ns3:TrackPointExtension>
            <ns3:hr>117</ns3:hr>
            <ns3:cad>58</ns3:cad>
          </ns3:TrackPointExtension>
        </extensions>
      </trkpt>
      <trkpt lat="42.58575028739869594573974609375" lon="-5.62989159487187862396240234375">
        <ele>877.5999755859375</ele>
        <time>2025-10-03T11:54:56.000Z</time>
        <extensions>
          <ns3:TrackPointExtension>
            <ns3:hr>117</ns3:hr>
            <ns3:cad>57</ns3:cad>
          </ns3:TrackPointExtension>
        </extensions>
      </trkpt>
      <trkpt lat="42.585715837776660919189453125" lon="-5.62995831482112407684326171875">
        <ele>878.20001220703125</ele>
        <time>2025-10-03T11:55:01.000Z</time>
        <extensions>
          <ns3:TrackPointExtension>
            <ns3:hr>118</ns3:hr>
            <ns3:cad>57</ns3:cad>
          </ns3:TrackPointExtension>
        </extensions>
      </trkpt>
      <trkpt lat="42.58569681085646152496337890625" lon="-5.63001195900142192840576171875">
        <ele>878.20001220703125</ele>
        <time>2025-10-03T11:55:05.000Z</time>
        <extensions>
          <ns3:TrackPointExtension>
            <ns3:hr>121</ns3:hr>
            <ns3:cad>57</ns3:cad>
          </ns3:TrackPointExtension>
        </extensions>
      </trkpt>
      <trkpt lat="42.58568725548684597015380859375" lon="-5.6300380267202854156494140625">
        <ele>878.20001220703125</ele>
        <time>2025-10-03T11:55:07.000Z</time>
        <extensions>
          <ns3:TrackPointExtension>
            <ns3:hr>124</ns3:hr>
            <ns3:cad>58</ns3:cad>
          </ns3:TrackPointExtension>
        </extensions>
      </trkpt>
      <trkpt lat="42.5856623612344264984130859375" lon="-5.63008069060742855072021484375">
        <ele>878.4000244140625</ele>
        <time>2025-10-03T11:55:10.000Z</time>
        <extensions>
          <ns3:TrackPointExtension>
            <ns3:hr>125</ns3:hr>
            <ns3:cad>58</ns3:cad>
          </ns3:TrackPointExtension>
        </extensions>
      </trkpt>
      <trkpt lat="42.5855894386768341064453125" lon="-5.630240701138973236083984375">
        <ele>878.4000244140625</ele>
        <time>2025-10-03T11:55:21.000Z</time>
        <extensions>
          <ns3:TrackPointExtension>
            <ns3:hr>123</ns3:hr>
            <ns3:cad>59</ns3:cad>
          </ns3:TrackPointExtension>
        </extensions>
      </trkpt>
      <trkpt lat="42.5855275802314281463623046875" lon="-5.630426108837127685546875">
        <ele>878.5999755859375</ele>
        <time>2025-10-03T11:55:32.000Z</time>
        <extensions>
          <ns3:TrackPointExtension>
            <ns3:hr>123</ns3:hr>
            <ns3:cad>59</ns3:cad>
          </ns3:TrackPointExtension>
        </extensions>
      </trkpt>
      <trkpt lat="42.5854741036891937255859375" lon="-5.6305734626948833465576171875">
        <ele>878.4000244140625</ele>
        <time>2025-10-03T11:55:41.000Z</time>
        <extensions>
          <ns3:TrackPointExtension>
            <ns3:hr>120</ns3:hr>
            <ns3:cad>59</ns3:cad>
          </ns3:TrackPointExtension>
        </extensions>
      </trkpt>
      <trkpt lat="42.58546228520572185516357421875" lon="-5.6306120194494724273681640625">
        <ele>878.4000244140625</ele>
        <time>2025-10-03T11:55:43.000Z</time>
        <extensions>
          <ns3:TrackPointExtension>
            <ns3:hr>119</ns3:hr>
            <ns3:cad>59</ns3:cad>
          </ns3:TrackPointExtension>
        </extensions>
      </trkpt>
      <trkpt lat="42.5854474492371082305908203125" lon="-5.63066641800105571746826171875">
        <ele>878.5999755859375</ele>
        <time>2025-10-03T11:55:46.000Z</time>
        <extensions>
          <ns3:TrackPointExtension>
            <ns3:hr>119</ns3:hr>
            <ns3:cad>59</ns3:cad>
          </ns3:TrackPointExtension>
        </extensions>
      </trkpt>
      <trkpt lat="42.58540076203644275665283203125" lon="-5.63077907077968120574951171875">
        <ele>878.4000244140625</ele>
        <time>2025-10-03T11:55:54.000Z</time>
        <extensions>
          <ns3:TrackPointExtension>
            <ns3:hr>119</ns3:hr>
            <ns3:cad>58</ns3:cad>
          </ns3:TrackPointExtension>
        </extensions>
      </trkpt>
      <trkpt lat="42.585352398455142974853515625" lon="-5.6308926455676555633544921875">
        <ele>878.20001220703125</ele>
        <time>2025-10-03T11:56:01.000Z</time>
        <extensions>
          <ns3:TrackPointExtension>
            <ns3:hr>122</ns3:hr>
            <ns3:cad>59</ns3:cad>
          </ns3:TrackPointExtension>
        </extensions>
      </trkpt>
      <trkpt lat="42.58532985113561153411865234375" lon="-5.63094033859670162200927734375">
        <ele>878</ele>
        <time>2025-10-03T11:56:04.000Z</time>
        <extensions>
          <ns3:TrackPointExtension>
            <ns3:hr>121</ns3:hr>
            <ns3:cad>59</ns3:cad>
          </ns3:TrackPointExtension>
        </extensions>
      </trkpt>
      <trkpt lat="42.5852801464498043060302734375" lon="-5.63107210211455821990966796875">
        <ele>877.5999755859375</ele>
        <time>2025-10-03T11:56:12.000Z</time>
        <extensions>
          <ns3:TrackPointExtension>
            <ns3:hr>119</ns3:hr>
            <ns3:cad>59</ns3:cad>
          </ns3:TrackPointExtension>
        </extensions>
      </trkpt>
      <trkpt lat="42.58525156415998935699462890625" lon="-5.63117234967648983001708984375">
        <ele>877.5999755859375</ele>
        <time>2025-10-03T11:56:18.000Z</time>
        <extensions>
          <ns3:TrackPointExtension>
            <ns3:hr>119</ns3:hr>
            <ns3:cad>59</ns3:cad>
          </ns3:TrackPointExtension>
        </extensions>
      </trkpt>
      <trkpt lat="42.585186101496219635009765625" lon="-5.6313378922641277313232421875">
        <ele>877.5999755859375</ele>
        <time>2025-10-03T11:56:29.000Z</time>
        <extensions>
          <ns3:TrackPointExtension>
            <ns3:hr>119</ns3:hr>
            <ns3:cad>59</ns3:cad>
          </ns3:TrackPointExtension>
        </extensions>
      </trkpt>
      <trkpt lat="42.58511141873896121978759765625" lon="-5.63150377012789249420166015625">
        <ele>877.4000244140625</ele>
        <time>2025-10-03T11:56:40.000Z</time>
        <extensions>
          <ns3:TrackPointExtension>
            <ns3:hr>119</ns3:hr>
            <ns3:cad>58</ns3:cad>
          </ns3:TrackPointExtension>
        </extensions>
      </trkpt>
      <trkpt lat="42.58507722057402133941650390625" lon="-5.63162346370518207550048828125">
        <ele>877.5999755859375</ele>
        <time>2025-10-03T11:56:48.000Z</time>
        <extensions>
          <ns3:TrackPointExtension>
            <ns3:hr>118</ns3:hr>
            <ns3:cad>57</ns3:cad>
          </ns3:TrackPointExtension>
        </extensions>
      </trkpt>
      <trkpt lat="42.58509146980941295623779296875" lon="-5.63171247951686382293701171875">
        <ele>877.5999755859375</ele>
        <time>2025-10-03T11:56:53.000Z</time>
        <extensions>
          <ns3:TrackPointExtension>
            <ns3:hr>113</ns3:hr>
            <ns3:cad>57</ns3:cad>
          </ns3:TrackPointExtension>
        </extensions>
      </trkpt>
      <trkpt lat="42.585091888904571533203125" lon="-5.63172991387546062469482421875">
        <ele>877.5999755859375</ele>
        <time>2025-10-03T11:56:54.000Z</time>
        <extensions>
          <ns3:TrackPointExtension>
            <ns3:hr>110</ns3:hr>
            <ns3:cad>57</ns3:cad>
          </ns3:TrackPointExtension>
        </extensions>
      </trkpt>
      <trkpt lat="42.5850920565426349639892578125" lon="-5.631747432053089141845703125">
        <ele>877.79998779296875</ele>
        <time>2025-10-03T11:56:55.000Z</time>
        <extensions>
          <ns3:TrackPointExtension>
            <ns3:hr>107</ns3:hr>
            <ns3:cad>57</ns3:cad>
          </ns3:TrackPointExtension>
        </extensions>
      </trkpt>
      <trkpt lat="42.58507839404046535491943359375" lon="-5.63180400989949703216552734375">
        <ele>877.79998779296875</ele>
        <time>2025-10-03T11:56:58.000Z</time>
        <extensions>
          <ns3:TrackPointExtension>
            <ns3:hr>106</ns3:hr>
            <ns3:cad>57</ns3:cad>
          </ns3:TrackPointExtension>
        </extensions>
      </trkpt>
      <trkpt lat="42.585030533373355865478515625" lon="-5.6319511123001575469970703125">
        <ele>878</ele>
        <time>2025-10-03T11:57:08.000Z</time>
        <extensions>
          <ns3:TrackPointExtension>
            <ns3:hr>108</ns3:hr>
            <ns3:cad>58</ns3:cad>
          </ns3:TrackPointExtension>
        </extensions>
      </trkpt>
      <trkpt lat="42.58495115675032138824462890625" lon="-5.63207575120031833648681640625">
        <ele>878</ele>
        <time>2025-10-03T11:57:18.000Z</time>
        <extensions>
          <ns3:TrackPointExtension>
            <ns3:hr>109</ns3:hr>
            <ns3:cad>59</ns3:cad>
          </ns3:TrackPointExtension>
        </extensions>
      </trkpt>
      <trkpt lat="42.58484319783747196197509765625" lon="-5.63223634846508502960205078125">
        <ele>878</ele>
        <time>2025-10-03T11:57:30.000Z</time>
        <extensions>
          <ns3:TrackPointExtension>
            <ns3:hr>110</ns3:hr>
            <ns3:cad>59</ns3:cad>
          </ns3:TrackPointExtension>
        </extensions>
      </trkpt>
      <trkpt lat="42.58473054505884647369384765625" lon="-5.6323464028537273406982421875">
        <ele>878.20001220703125</ele>
        <time>2025-10-03T11:57:41.000Z</time>
        <extensions>
          <ns3:TrackPointExtension>
            <ns3:hr>108</ns3:hr>
            <ns3:cad>59</ns3:cad>
          </ns3:TrackPointExtension>
        </extensions>
      </trkpt>
      <trkpt lat="42.58463348262012004852294921875" lon="-5.632539689540863037109375">
        <ele>878.4000244140625</ele>
        <time>2025-10-03T11:57:55.000Z</time>
        <extensions>
          <ns3:TrackPointExtension>
            <ns3:hr>108</ns3:hr>
            <ns3:cad>57</ns3:cad>
          </ns3:TrackPointExtension>
        </extensions>
      </trkpt>
      <trkpt lat="42.5845686905086040496826171875" lon="-5.6327046453952789306640625">
        <ele>878.5999755859375</ele>
        <time>2025-10-03T11:58:07.000Z</time>
        <extensions>
          <ns3:TrackPointExtension>
            <ns3:hr>106</ns3:hr>
            <ns3:cad>57</ns3:cad>
          </ns3:TrackPointExtension>
        </extensions>
      </trkpt>
      <trkpt lat="42.58451077155768871307373046875" lon="-5.63281235285103321075439453125">
        <ele>878.79998779296875</ele>
        <time>2025-10-03T11:58:16.000Z</time>
        <extensions>
          <ns3:TrackPointExtension>
            <ns3:hr>104</ns3:hr>
            <ns3:cad>56</ns3:cad>
          </ns3:TrackPointExtension>
        </extensions>
      </trkpt>
      <trkpt lat="42.584498114883899688720703125" lon="-5.632838420569896697998046875">
        <ele>879</ele>
        <time>2025-10-03T11:58:18.000Z</time>
        <extensions>
          <ns3:TrackPointExtension>
            <ns3:hr>104</ns3:hr>
            <ns3:cad>56</ns3:cad>
          </ns3:TrackPointExtension>
        </extensions>
      </trkpt>
      <trkpt lat="42.5844280421733856201171875" lon="-5.63298636116087436676025390625">
        <ele>879.4000244140625</ele>
        <time>2025-10-03T11:58:30.000Z</time>
        <extensions>
          <ns3:TrackPointExtension>
            <ns3:hr>105</ns3:hr>
            <ns3:cad>56</ns3:cad>
          </ns3:TrackPointExtension>
        </extensions>
      </trkpt>
      <trkpt lat="42.58440532721579074859619140625" lon="-5.63305936753749847412109375">
        <ele>879.79998779296875</ele>
        <time>2025-10-03T11:58:35.000Z</time>
        <extensions>
          <ns3:TrackPointExtension>
            <ns3:hr>106</ns3:hr>
            <ns3:cad>56</ns3:cad>
          </ns3:TrackPointExtension>
        </extensions>
      </trkpt>
      <trkpt lat="42.584374733269214630126953125" lon="-5.6331480480730533599853515625">
        <ele>880</ele>
        <time>2025-10-03T11:58:41.000Z</time>
        <extensions>
          <ns3:TrackPointExtension>
            <ns3:hr>107</ns3:hr>
            <ns3:cad>56</ns3:cad>
          </ns3:TrackPointExtension>
        </extensions>
      </trkpt>
      <trkpt lat="42.58432217873632907867431640625" lon="-5.63330210745334625244140625">
        <ele>880.20001220703125</ele>
        <time>2025-10-03T11:58:52.000Z</time>
        <extensions>
          <ns3:TrackPointExtension>
            <ns3:hr>108</ns3:hr>
            <ns3:cad>56</ns3:cad>
          </ns3:TrackPointExtension>
        </extensions>
      </trkpt>
      <trkpt lat="42.584263421595096588134765625" lon="-5.6334571726620197296142578125">
        <ele>880.5999755859375</ele>
        <time>2025-10-03T11:59:03.000Z</time>
        <extensions>
          <ns3:TrackPointExtension>
            <ns3:hr>108</ns3:hr>
            <ns3:cad>56</ns3:cad>
          </ns3:TrackPointExtension>
        </extensions>
      </trkpt>
      <trkpt lat="42.58425210602581501007080078125" lon="-5.63348290510475635528564453125">
        <ele>880.79998779296875</ele>
        <time>2025-10-03T11:59:05.000Z</time>
        <extensions>
          <ns3:TrackPointExtension>
            <ns3:hr>107</ns3:hr>
            <ns3:cad>56</ns3:cad>
          </ns3:TrackPointExtension>
        </extensions>
      </trkpt>
      <trkpt lat="42.58422142826020717620849609375" lon="-5.633596815168857574462890625">
        <ele>881.20001220703125</ele>
        <time>2025-10-03T11:59:13.000Z</time>
        <extensions>
          <ns3:TrackPointExtension>
            <ns3:hr>108</ns3:hr>
            <ns3:cad>56</ns3:cad>
          </ns3:TrackPointExtension>
        </extensions>
      </trkpt>
      <trkpt lat="42.58417499251663684844970703125" lon="-5.63373201526701450347900390625">
        <ele>881.5999755859375</ele>
        <time>2025-10-03T11:59:22.000Z</time>
        <extensions>
          <ns3:TrackPointExtension>
            <ns3:hr>111</ns3:hr>
            <ns3:cad>57</ns3:cad>
          </ns3:TrackPointExtension>
        </extensions>
      </trkpt>
      <trkpt lat="42.58415789343416690826416015625" lon="-5.6337669678032398223876953125">
        <ele>881.79998779296875</ele>
        <time>2025-10-03T11:59:25.000Z</time>
        <extensions>
          <ns3:TrackPointExtension>
            <ns3:hr>114</ns3:hr>
            <ns3:cad>55</ns3:cad>
          </ns3:TrackPointExtension>
        </extensions>
      </trkpt>
      <trkpt lat="42.58412939496338367462158203125" lon="-5.63382840715348720550537109375">
        <ele>881.79998779296875</ele>
        <time>2025-10-03T11:59:30.000Z</time>
        <extensions>
          <ns3:TrackPointExtension>
            <ns3:hr>116</ns3:hr>
            <ns3:cad>55</ns3:cad>
          </ns3:TrackPointExtension>
        </extensions>
      </trkpt>
      <trkpt lat="42.584106512367725372314453125" lon="-5.63388607464730739593505859375">
        <ele>882</ele>
        <time>2025-10-03T11:59:34.000Z</time>
        <extensions>
          <ns3:TrackPointExtension>
            <ns3:hr>113</ns3:hr>
            <ns3:cad>55</ns3:cad>
          </ns3:TrackPointExtension>
        </extensions>
      </trkpt>
      <trkpt lat="42.58409569971263408660888671875" lon="-5.63391541130840778350830078125">
        <ele>882</ele>
        <time>2025-10-03T11:59:36.000Z</time>
        <extensions>
          <ns3:TrackPointExtension>
            <ns3:hr>112</ns3:hr>
            <ns3:cad>56</ns3:cad>
          </ns3:TrackPointExtension>
        </extensions>
      </trkpt>
      <trkpt lat="42.58405278436839580535888671875" lon="-5.63399436883628368377685546875">
        <ele>882.4000244140625</ele>
        <time>2025-10-03T11:59:43.000Z</time>
        <extensions>
          <ns3:TrackPointExtension>
            <ns3:hr>111</ns3:hr>
            <ns3:cad>56</ns3:cad>
          </ns3:TrackPointExtension>
        </extensions>
      </trkpt>
      <trkpt lat="42.5840406306087970733642578125" lon="-5.63399453647434711456298828125">
        <ele>882.20001220703125</ele>
        <time>2025-10-03T11:59:44.000Z</time>
        <extensions>
          <ns3:TrackPointExtension>
            <ns3:hr>111</ns3:hr>
            <ns3:cad>56</ns3:cad>
          </ns3:TrackPointExtension>
        </extensions>
      </trkpt>
      <trkpt lat="42.58394398726522922515869140625" lon="-5.63393435440957546234130859375">
        <ele>882.4000244140625</ele>
        <time>2025-10-03T11:59:52.000Z</time>
        <extensions>
          <ns3:TrackPointExtension>
            <ns3:hr>110</ns3:hr>
            <ns3:cad>57</ns3:cad>
          </ns3:TrackPointExtension>
        </extensions>
      </trkpt>
      <trkpt lat="42.58385782130062580108642578125" lon="-5.633944831788539886474609375">
        <ele>882.5999755859375</ele>
        <time>2025-10-03T11:59:58.000Z</time>
        <extensions>
          <ns3:TrackPointExtension>
            <ns3:hr>111</ns3:hr>
            <ns3:cad>60</ns3:cad>
          </ns3:TrackPointExtension>
        </extensions>
      </trkpt>
      <trkpt lat="42.58382127620279788970947265625" lon="-5.633983723819255828857421875">
        <ele>882.79998779296875</ele>
        <time>2025-10-03T12:00:02.000Z</time>
        <extensions>
          <ns3:TrackPointExtension>
            <ns3:hr>110</ns3:hr>
            <ns3:cad>57</ns3:cad>
          </ns3:TrackPointExtension>
        </extensions>
      </trkpt>
      <trkpt lat="42.58379445411264896392822265625" lon="-5.63402831554412841796875">
        <ele>883</ele>
        <time>2025-10-03T12:00:06.000Z</time>
        <extensions>
          <ns3:TrackPointExtension>
            <ns3:hr>110</ns3:hr>
            <ns3:cad>57</ns3:cad>
          </ns3:TrackPointExtension>
        </extensions>
      </trkpt>
      <trkpt lat="42.58372773416340351104736328125" lon="-5.63419955782592296600341796875">
        <ele>883.4000244140625</ele>
        <time>2025-10-03T12:00:18.000Z</time>
        <extensions>
          <ns3:TrackPointExtension>
            <ns3:hr>110</ns3:hr>
            <ns3:cad>56</ns3:cad>
          </ns3:TrackPointExtension>
        </extensions>
      </trkpt>
      <trkpt lat="42.583693452179431915283203125" lon="-5.63432402908802032470703125">
        <ele>883.5999755859375</ele>
        <time>2025-10-03T12:00:26.000Z</time>
        <extensions>
          <ns3:TrackPointExtension>
            <ns3:hr>111</ns3:hr>
            <ns3:cad>57</ns3:cad>
          </ns3:TrackPointExtension>
        </extensions>
      </trkpt>
      <trkpt lat="42.5836667977273464202880859375" lon="-5.6344091892242431640625">
        <ele>883.79998779296875</ele>
        <time>2025-10-03T12:00:32.000Z</time>
        <extensions>
          <ns3:TrackPointExtension>
            <ns3:hr>111</ns3:hr>
            <ns3:cad>57</ns3:cad>
          </ns3:TrackPointExtension>
        </extensions>
      </trkpt>
      <trkpt lat="42.583659924566745758056640625" lon="-5.6344231031835079193115234375">
        <ele>883.79998779296875</ele>
        <time>2025-10-03T12:00:33.000Z</time>
        <extensions>
          <ns3:TrackPointExtension>
            <ns3:hr>110</ns3:hr>
            <ns3:cad>56</ns3:cad>
          </ns3:TrackPointExtension>
        </extensions>
      </trkpt>
      <trkpt lat="42.583610303699970245361328125" lon="-5.63454103656113147735595703125">
        <ele>884.4000244140625</ele>
        <time>2025-10-03T12:00:41.000Z</time>
        <extensions>
          <ns3:TrackPointExtension>
            <ns3:hr>111</ns3:hr>
            <ns3:cad>56</ns3:cad>
          </ns3:TrackPointExtension>
        </extensions>
      </trkpt>
      <trkpt lat="42.58355573751032352447509765625" lon="-5.63465871848165988922119140625">
        <ele>884.5999755859375</ele>
        <time>2025-10-03T12:00:50.000Z</time>
        <extensions>
          <ns3:TrackPointExtension>
            <ns3:hr>110</ns3:hr>
            <ns3:cad>55</ns3:cad>
          </ns3:TrackPointExtension>
        </extensions>
      </trkpt>
      <trkpt lat="42.58352623321115970611572265625" lon="-5.63473415561020374298095703125">
        <ele>884.79998779296875</ele>
        <time>2025-10-03T12:00:56.000Z</time>
        <extensions>
          <ns3:TrackPointExtension>
            <ns3:hr>109</ns3:hr>
            <ns3:cad>56</ns3:cad>
          </ns3:TrackPointExtension>
        </extensions>
      </trkpt>
      <trkpt lat="42.58350393734872341156005859375" lon="-5.634784363210201263427734375">
        <ele>885</ele>
        <time>2025-10-03T12:01:00.000Z</time>
        <extensions>
          <ns3:TrackPointExtension>
            <ns3:hr>110</ns3:hr>
            <ns3:cad>55</ns3:cad>
          </ns3:TrackPointExtension>
        </extensions>
      </trkpt>
      <trkpt lat="42.58347828872501850128173828125" lon="-5.634928531944751739501953125">
        <ele>885.4000244140625</ele>
        <time>2025-10-03T12:01:09.000Z</time>
        <extensions>
          <ns3:TrackPointExtension>
            <ns3:hr>110</ns3:hr>
            <ns3:cad>56</ns3:cad>
          </ns3:TrackPointExtension>
        </extensions>
      </trkpt>
      <trkpt lat="42.58343788795173168182373046875" lon="-5.63506163656711578369140625">
        <ele>885.5999755859375</ele>
        <time>2025-10-03T12:01:19.000Z</time>
        <extensions>
          <ns3:TrackPointExtension>
            <ns3:hr>110</ns3:hr>
            <ns3:cad>55</ns3:cad>
          </ns3:TrackPointExtension>
        </extensions>
      </trkpt>
      <trkpt lat="42.58341257460415363311767578125" lon="-5.63514034263789653778076171875">
        <ele>886</ele>
        <time>2025-10-03T12:01:25.000Z</time>
        <extensions>
          <ns3:TrackPointExtension>
            <ns3:hr>110</ns3:hr>
            <ns3:cad>55</ns3:cad>
          </ns3:TrackPointExtension>
        </extensions>
      </trkpt>
      <trkpt lat="42.5833965651690959930419921875" lon="-5.6351778097450733184814453125">
        <ele>886</ele>
        <time>2025-10-03T12:01:28.000Z</time>
        <extensions>
          <ns3:TrackPointExtension>
            <ns3:hr>110</ns3:hr>
            <ns3:cad>54</ns3:cad>
          </ns3:TrackPointExtension>
        </extensions>
      </trkpt>
      <trkpt lat="42.5833479501307010650634765625" lon="-5.63529431819915771484375">
        <ele>886.4000244140625</ele>
        <time>2025-10-03T12:01:37.000Z</time>
        <extensions>
          <ns3:TrackPointExtension>
            <ns3:hr>111</ns3:hr>
            <ns3:cad>56</ns3:cad>
          </ns3:TrackPointExtension>
        </extensions>
      </trkpt>
      <trkpt lat="42.58327226154506206512451171875" lon="-5.63541895709931850433349609375">
        <ele>886.79998779296875</ele>
        <time>2025-10-03T12:01:46.000Z</time>
        <extensions>
          <ns3:TrackPointExtension>
            <ns3:hr>111</ns3:hr>
            <ns3:cad>56</ns3:cad>
          </ns3:TrackPointExtension>
        </extensions>
      </trkpt>
      <trkpt lat="42.58324795402586460113525390625" lon="-5.63547461293637752532958984375">
        <ele>887</ele>
        <time>2025-10-03T12:01:50.000Z</time>
        <extensions>
          <ns3:TrackPointExtension>
            <ns3:hr>112</ns3:hr>
            <ns3:cad>55</ns3:cad>
          </ns3:TrackPointExtension>
        </extensions>
      </trkpt>
      <trkpt lat="42.5831980817019939422607421875" lon="-5.63557720743119716644287109375">
        <ele>887.5999755859375</ele>
        <time>2025-10-03T12:01:58.000Z</time>
        <extensions>
          <ns3:TrackPointExtension>
            <ns3:hr>112</ns3:hr>
            <ns3:cad>55</ns3:cad>
          </ns3:TrackPointExtension>
        </extensions>
      </trkpt>
      <trkpt lat="42.5831258296966552734375" lon="-5.635698996484279632568359375">
        <ele>888</ele>
        <time>2025-10-03T12:02:08.000Z</time>
        <extensions>
          <ns3:TrackPointExtension>
            <ns3:hr>113</ns3:hr>
            <ns3:cad>55</ns3:cad>
          </ns3:TrackPointExtension>
        </extensions>
      </trkpt>
      <trkpt lat="42.5830520689487457275390625" lon="-5.63580930233001708984375">
        <ele>888.79998779296875</ele>
        <time>2025-10-03T12:02:18.000Z</time>
        <extensions>
          <ns3:TrackPointExtension>
            <ns3:hr>114</ns3:hr>
            <ns3:cad>55</ns3:cad>
          </ns3:TrackPointExtension>
        </extensions>
      </trkpt>
      <trkpt lat="42.58302181027829647064208984375" lon="-5.63586805947124958038330078125">
        <ele>889</ele>
        <time>2025-10-03T12:02:23.000Z</time>
        <extensions>
          <ns3:TrackPointExtension>
            <ns3:hr>114</ns3:hr>
            <ns3:cad>54</ns3:cad>
          </ns3:TrackPointExtension>
        </extensions>
      </trkpt>
      <trkpt lat="42.58300806395709514617919921875" lon="-5.63590795733034610748291015625">
        <ele>889.20001220703125</ele>
        <time>2025-10-03T12:02:26.000Z</time>
        <extensions>
          <ns3:TrackPointExtension>
            <ns3:hr>115</ns3:hr>
            <ns3:cad>55</ns3:cad>
          </ns3:TrackPointExtension>
        </extensions>
      </trkpt>
      <trkpt lat="42.58296129293739795684814453125" lon="-5.63600367866456508636474609375">
        <ele>889.4000244140625</ele>
        <time>2025-10-03T12:02:34.000Z</time>
        <extensions>
          <ns3:TrackPointExtension>
            <ns3:hr>116</ns3:hr>
            <ns3:cad>56</ns3:cad>
          </ns3:TrackPointExtension>
        </extensions>
      </trkpt>
      <trkpt lat="42.58293204009532928466796875" lon="-5.63610962592065334320068359375">
        <ele>889.79998779296875</ele>
        <time>2025-10-03T12:02:44.000Z</time>
        <extensions>
          <ns3:TrackPointExtension>
            <ns3:hr>114</ns3:hr>
            <ns3:cad>55</ns3:cad>
          </ns3:TrackPointExtension>
        </extensions>
      </trkpt>
      <trkpt lat="42.58290178142488002777099609375" lon="-5.636182464659214019775390625">
        <ele>890</ele>
        <time>2025-10-03T12:02:50.000Z</time>
        <extensions>
          <ns3:TrackPointExtension>
            <ns3:hr>113</ns3:hr>
            <ns3:cad>55</ns3:cad>
          </ns3:TrackPointExtension>
        </extensions>
      </trkpt>
      <trkpt lat="42.58290329016745090484619140625" lon="-5.63621339388191699981689453125">
        <ele>890.20001220703125</ele>
        <time>2025-10-03T12:02:52.000Z</time>
        <extensions>
          <ns3:TrackPointExtension>
            <ns3:hr>112</ns3:hr>
            <ns3:cad>55</ns3:cad>
          </ns3:TrackPointExtension>
        </extensions>
      </trkpt>
      <trkpt lat="42.58285291492938995361328125" lon="-5.6363551318645477294921875">
        <ele>890.20001220703125</ele>
        <time>2025-10-03T12:03:00.000Z</time>
        <extensions>
          <ns3:TrackPointExtension>
            <ns3:hr>112</ns3:hr>
            <ns3:cad>56</ns3:cad>
          </ns3:TrackPointExtension>
        </extensions>
      </trkpt>
      <trkpt lat="42.5827766396105289459228515625" lon="-5.6364112906157970428466796875">
        <ele>890.4000244140625</ele>
        <time>2025-10-03T12:03:07.000Z</time>
        <extensions>
          <ns3:TrackPointExtension>
            <ns3:hr>113</ns3:hr>
            <ns3:cad>57</ns3:cad>
          </ns3:TrackPointExtension>
        </extensions>
      </trkpt>
      <trkpt lat="42.5826385058462619781494140625" lon="-5.63650122843682765960693359375">
        <ele>890.20001220703125</ele>
        <time>2025-10-03T12:03:15.000Z</time>
        <extensions>
          <ns3:TrackPointExtension>
            <ns3:hr>113</ns3:hr>
            <ns3:cad>59</ns3:cad>
          </ns3:TrackPointExtension>
        </extensions>
      </trkpt>
      <trkpt lat="42.58254186250269412994384765625" lon="-5.6366369314491748809814453125">
        <ele>890.5999755859375</ele>
        <time>2025-10-03T12:03:26.000Z</time>
        <extensions>
          <ns3:TrackPointExtension>
            <ns3:hr>111</ns3:hr>
            <ns3:cad>57</ns3:cad>
          </ns3:TrackPointExtension>
        </extensions>
      </trkpt>
      <trkpt lat="42.5824753940105438232421875" lon="-5.63676006160676479339599609375">
        <ele>890.79998779296875</ele>
        <time>2025-10-03T12:03:37.000Z</time>
        <extensions>
          <ns3:TrackPointExtension>
            <ns3:hr>109</ns3:hr>
            <ns3:cad>56</ns3:cad>
          </ns3:TrackPointExtension>
        </extensions>
      </trkpt>
      <trkpt lat="42.5824269466102123260498046875" lon="-5.63684270717203617095947265625">
        <ele>890.79998779296875</ele>
        <time>2025-10-03T12:03:44.000Z</time>
        <extensions>
          <ns3:TrackPointExtension>
            <ns3:hr>108</ns3:hr>
            <ns3:cad>57</ns3:cad>
          </ns3:TrackPointExtension>
        </extensions>
      </trkpt>
      <trkpt lat="42.58234756998717784881591796875" lon="-5.63697631470859050750732421875">
        <ele>890.79998779296875</ele>
        <time>2025-10-03T12:03:54.000Z</time>
        <extensions>
          <ns3:TrackPointExtension>
            <ns3:hr>109</ns3:hr>
            <ns3:cad>57</ns3:cad>
          </ns3:TrackPointExtension>
        </extensions>
      </trkpt>
      <trkpt lat="42.5822715461254119873046875" lon="-5.63711218535900115966796875">
        <ele>890.20001220703125</ele>
        <time>2025-10-03T12:04:04.000Z</time>
        <extensions>
          <ns3:TrackPointExtension>
            <ns3:hr>108</ns3:hr>
            <ns3:cad>58</ns3:cad>
          </ns3:TrackPointExtension>
        </extensions>
      </trkpt>
      <trkpt lat="42.5822006352245807647705078125" lon="-5.63721737824380397796630859375">
        <ele>890.5999755859375</ele>
        <time>2025-10-03T12:04:14.000Z</time>
        <extensions>
          <ns3:TrackPointExtension>
            <ns3:hr>107</ns3:hr>
            <ns3:cad>52</ns3:cad>
          </ns3:TrackPointExtension>
        </extensions>
      </trkpt>
      <trkpt lat="42.5821084342896938323974609375" lon="-5.63733874820172786712646484375">
        <ele>890.79998779296875</ele>
        <time>2025-10-03T12:04:25.000Z</time>
        <extensions>
          <ns3:TrackPointExtension>
            <ns3:hr>108</ns3:hr>
            <ns3:cad>55</ns3:cad>
          </ns3:TrackPointExtension>
        </extensions>
      </trkpt>
      <trkpt lat="42.58203173987567424774169921875" lon="-5.63745726831257343292236328125">
        <ele>890.79998779296875</ele>
        <time>2025-10-03T12:04:36.000Z</time>
        <extensions>
          <ns3:TrackPointExtension>
            <ns3:hr>107</ns3:hr>
            <ns3:cad>56</ns3:cad>
          </ns3:TrackPointExtension>
        </extensions>
      </trkpt>
      <trkpt lat="42.58198882453143596649169921875" lon="-5.6375460326671600341796875">
        <ele>890.79998779296875</ele>
        <time>2025-10-03T12:04:44.000Z</time>
        <extensions>
          <ns3:TrackPointExtension>
            <ns3:hr>107</ns3:hr>
            <ns3:cad>56</ns3:cad>
          </ns3:TrackPointExtension>
        </extensions>
      </trkpt>
      <trkpt lat="42.5818995572626590728759765625" lon="-5.6376953981816768646240234375">
        <ele>890.79998779296875</ele>
        <time>2025-10-03T12:04:55.000Z</time>
        <extensions>
          <ns3:TrackPointExtension>
            <ns3:hr>107</ns3:hr>
            <ns3:cad>58</ns3:cad>
          </ns3:TrackPointExtension>
        </extensions>
      </trkpt>
      <trkpt lat="42.58183107711374759674072265625" lon="-5.6378147564828395843505859375">
        <ele>890.79998779296875</ele>
        <time>2025-10-03T12:05:03.000Z</time>
        <extensions>
          <ns3:TrackPointExtension>
            <ns3:hr>106</ns3:hr>
            <ns3:cad>59</ns3:cad>
          </ns3:TrackPointExtension>
        </extensions>
      </trkpt>
      <trkpt lat="42.5817372836172580718994140625" lon="-5.63792464323341846466064453125">
        <ele>890.5999755859375</ele>
        <time>2025-10-03T12:05:12.000Z</time>
        <extensions>
          <ns3:TrackPointExtension>
            <ns3:hr>107</ns3:hr>
            <ns3:cad>60</ns3:cad>
          </ns3:TrackPointExtension>
        </extensions>
      </trkpt>
      <trkpt lat="42.5816239602863788604736328125" lon="-5.63810233958065509796142578125">
        <ele>890.5999755859375</ele>
        <time>2025-10-03T12:05:24.000Z</time>
        <extensions>
          <ns3:TrackPointExtension>
            <ns3:hr>107</ns3:hr>
            <ns3:cad>59</ns3:cad>
          </ns3:TrackPointExtension>
        </extensions>
      </trkpt>
      <trkpt lat="42.58158045820891857147216796875" lon="-5.63824499957263469696044921875">
        <ele>891</ele>
        <time>2025-10-03T12:05:33.000Z</time>
        <extensions>
          <ns3:TrackPointExtension>
            <ns3:hr>108</ns3:hr>
            <ns3:cad>59</ns3:cad>
          </ns3:TrackPointExtension>
        </extensions>
      </trkpt>
      <trkpt lat="42.58154827170073986053466796875" lon="-5.638357736170291900634765625">
        <ele>890.79998779296875</ele>
        <time>2025-10-03T12:05:41.000Z</time>
        <extensions>
          <ns3:TrackPointExtension>
            <ns3:hr>110</ns3:hr>
            <ns3:cad>59</ns3:cad>
          </ns3:TrackPointExtension>
        </extensions>
      </trkpt>
      <trkpt lat="42.58151927031576633453369140625" lon="-5.6384635157883167266845703125">
        <ele>890.79998779296875</ele>
        <time>2025-10-03T12:05:50.000Z</time>
        <extensions>
          <ns3:TrackPointExtension>
            <ns3:hr>109</ns3:hr>
            <ns3:cad>57</ns3:cad>
          </ns3:TrackPointExtension>
        </extensions>
      </trkpt>
      <trkpt lat="42.58150435052812099456787109375" lon="-5.63858161680400371551513671875">
        <ele>890.5999755859375</ele>
        <time>2025-10-03T12:05:59.000Z</time>
        <extensions>
          <ns3:TrackPointExtension>
            <ns3:hr>109</ns3:hr>
            <ns3:cad>57</ns3:cad>
          </ns3:TrackPointExtension>
        </extensions>
      </trkpt>
      <trkpt lat="42.58144475519657135009765625" lon="-5.63868999481201171875">
        <ele>890.5999755859375</ele>
        <time>2025-10-03T12:06:07.000Z</time>
        <extensions>
          <ns3:TrackPointExtension>
            <ns3:hr>107</ns3:hr>
            <ns3:cad>57</ns3:cad>
          </ns3:TrackPointExtension>
        </extensions>
      </trkpt>
      <trkpt lat="42.581330426037311553955078125" lon="-5.6387867219746112823486328125">
        <ele>890.5999755859375</ele>
        <time>2025-10-03T12:06:17.000Z</time>
        <extensions>
          <ns3:TrackPointExtension>
            <ns3:hr>105</ns3:hr>
            <ns3:cad>56</ns3:cad>
          </ns3:TrackPointExtension>
        </extensions>
      </trkpt>
      <trkpt lat="42.58125968277454376220703125" lon="-5.6388494186103343963623046875">
        <ele>890.5999755859375</ele>
        <time>2025-10-03T12:06:25.000Z</time>
        <extensions>
          <ns3:TrackPointExtension>
            <ns3:hr>104</ns3:hr>
            <ns3:cad>56</ns3:cad>
          </ns3:TrackPointExtension>
        </extensions>
      </trkpt>
      <trkpt lat="42.581210397183895111083984375" lon="-5.63892628066241741180419921875">
        <ele>890.4000244140625</ele>
        <time>2025-10-03T12:06:31.000Z</time>
        <extensions>
          <ns3:TrackPointExtension>
            <ns3:hr>103</ns3:hr>
            <ns3:cad>57</ns3:cad>
          </ns3:TrackPointExtension>
        </extensions>
      </trkpt>
      <trkpt lat="42.58108860813081264495849609375" lon="-5.63907614909112453460693359375">
        <ele>890.20001220703125</ele>
        <time>2025-10-03T12:06:41.000Z</time>
        <extensions>
          <ns3:TrackPointExtension>
            <ns3:hr>103</ns3:hr>
            <ns3:cad>58</ns3:cad>
          </ns3:TrackPointExtension>
        </extensions>
      </trkpt>
      <trkpt lat="42.5810617022216320037841796875" lon="-5.639195926487445831298828125">
        <ele>890.4000244140625</ele>
        <time>2025-10-03T12:06:49.000Z</time>
        <extensions>
          <ns3:TrackPointExtension>
            <ns3:hr>103</ns3:hr>
            <ns3:cad>58</ns3:cad>
          </ns3:TrackPointExtension>
        </extensions>
      </trkpt>
      <trkpt lat="42.58102708496153354644775390625" lon="-5.63929625786840915679931640625">
        <ele>890.20001220703125</ele>
        <time>2025-10-03T12:06:57.000Z</time>
        <extensions>
          <ns3:TrackPointExtension>
            <ns3:hr>105</ns3:hr>
            <ns3:cad>59</ns3:cad>
          </ns3:TrackPointExtension>
        </extensions>
      </trkpt>
      <trkpt lat="42.5809949822723865509033203125" lon="-5.63942961394786834716796875">
        <ele>890.4000244140625</ele>
        <time>2025-10-03T12:07:06.000Z</time>
        <extensions>
          <ns3:TrackPointExtension>
            <ns3:hr>106</ns3:hr>
            <ns3:cad>59</ns3:cad>
          </ns3:TrackPointExtension>
        </extensions>
      </trkpt>
      <trkpt lat="42.580909319221973419189453125" lon="-5.6395042128860950469970703125">
        <ele>890.4000244140625</ele>
        <time>2025-10-03T12:07:13.000Z</time>
        <extensions>
          <ns3:TrackPointExtension>
            <ns3:hr>106</ns3:hr>
            <ns3:cad>58</ns3:cad>
          </ns3:TrackPointExtension>
        </extensions>
      </trkpt>
      <trkpt lat="42.58083228953182697296142578125" lon="-5.63957177102565765380859375">
        <ele>890.4000244140625</ele>
        <time>2025-10-03T12:07:19.000Z</time>
        <extensions>
          <ns3:TrackPointExtension>
            <ns3:hr>108</ns3:hr>
            <ns3:cad>58</ns3:cad>
          </ns3:TrackPointExtension>
        </extensions>
      </trkpt>
      <trkpt lat="42.58074260316789150238037109375" lon="-5.63967444933950901031494140625">
        <ele>890.5999755859375</ele>
        <time>2025-10-03T12:07:28.000Z</time>
        <extensions>
          <ns3:TrackPointExtension>
            <ns3:hr>108</ns3:hr>
            <ns3:cad>57</ns3:cad>
          </ns3:TrackPointExtension>
        </extensions>
      </trkpt>
      <trkpt lat="42.580649815499782562255859375" lon="-5.63980286009609699249267578125">
        <ele>891</ele>
        <time>2025-10-03T12:07:37.000Z</time>
        <extensions>
          <ns3:TrackPointExtension>
            <ns3:hr>108</ns3:hr>
            <ns3:cad>59</ns3:cad>
          </ns3:TrackPointExtension>
        </extensions>
      </trkpt>
      <trkpt lat="42.58062726818025112152099609375" lon="-5.6398401595652103424072265625">
        <ele>891</ele>
        <time>2025-10-03T12:07:40.000Z</time>
        <extensions>
          <ns3:TrackPointExtension>
            <ns3:hr>108</ns3:hr>
            <ns3:cad>59</ns3:cad>
          </ns3:TrackPointExtension>
        </extensions>
      </trkpt>
      <trkpt lat="42.5805953331291675567626953125" lon="-5.6398927979171276092529296875">
        <ele>891</ele>
        <time>2025-10-03T12:07:44.000Z</time>
        <extensions>
          <ns3:TrackPointExtension>
            <ns3:hr>108</ns3:hr>
            <ns3:cad>59</ns3:cad>
          </ns3:TrackPointExtension>
        </extensions>
      </trkpt>
      <trkpt lat="42.58054680190980434417724609375" lon="-5.63997452147305011749267578125">
        <ele>890.79998779296875</ele>
        <time>2025-10-03T12:07:50.000Z</time>
        <extensions>
          <ns3:TrackPointExtension>
            <ns3:hr>109</ns3:hr>
            <ns3:cad>59</ns3:cad>
          </ns3:TrackPointExtension>
        </extensions>
      </trkpt>
      <trkpt lat="42.5805266015231609344482421875" lon="-5.6400718353688716888427734375">
        <ele>890.79998779296875</ele>
        <time>2025-10-03T12:07:57.000Z</time>
        <extensions>
          <ns3:TrackPointExtension>
            <ns3:hr>108</ns3:hr>
            <ns3:cad>55</ns3:cad>
          </ns3:TrackPointExtension>
        </extensions>
      </trkpt>
      <trkpt lat="42.58051562123000621795654296875" lon="-5.64011382870376110076904296875">
        <ele>891</ele>
        <time>2025-10-03T12:08:02.000Z</time>
        <extensions>
          <ns3:TrackPointExtension>
            <ns3:hr>109</ns3:hr>
            <ns3:cad>56</ns3:cad>
          </ns3:TrackPointExtension>
        </extensions>
      </trkpt>
      <trkpt lat="42.58042057044804096221923828125" lon="-5.6404356099665164947509765625">
        <ele>888.20001220703125</ele>
        <time>2025-10-03T12:19:51.000Z</time>
        <extensions>
          <ns3:TrackPointExtension>
            <ns3:hr>94</ns3:hr>
            <ns3:cad>0</ns3:cad>
          </ns3:TrackPointExtension>
        </extensions>
      </trkpt>
      <trkpt lat="42.5804209895431995391845703125" lon="-5.64043410122394561767578125">
        <ele>888.20001220703125</ele>
        <time>2025-10-03T12:19:52.000Z</time>
        <extensions>
          <ns3:TrackPointExtension>
            <ns3:hr>94</ns3:hr>
            <ns3:cad>0</ns3:cad>
          </ns3:TrackPointExtension>
        </extensions>
      </trkpt>
      <trkpt lat="42.58038603700697422027587890625" lon="-5.64035790972411632537841796875">
        <ele>887.5999755859375</ele>
        <time>2025-10-03T12:19:57.000Z</time>
        <extensions>
          <ns3:TrackPointExtension>
            <ns3:hr>94</ns3:hr>
            <ns3:cad>0</ns3:cad>
          </ns3:TrackPointExtension>
        </extensions>
      </trkpt>
      <trkpt lat="42.58037849329411983489990234375" lon="-5.64028783701360225677490234375">
        <ele>888.20001220703125</ele>
        <time>2025-10-03T12:20:03.000Z</time>
        <extensions>
          <ns3:TrackPointExtension>
            <ns3:hr>95</ns3:hr>
            <ns3:cad>55</ns3:cad>
          </ns3:TrackPointExtension>
        </extensions>
      </trkpt>
      <trkpt lat="42.58033608086407184600830078125" lon="-5.64035321585834026336669921875">
        <ele>888.4000244140625</ele>
        <time>2025-10-03T12:20:11.000Z</time>
        <extensions>
          <ns3:TrackPointExtension>
            <ns3:hr>94</ns3:hr>
            <ns3:cad>56</ns3:cad>
          </ns3:TrackPointExtension>
        </extensions>
      </trkpt>
      <trkpt lat="42.58028469979763031005859375" lon="-5.64046821556985378265380859375">
        <ele>888.20001220703125</ele>
        <time>2025-10-03T12:20:20.000Z</time>
        <extensions>
          <ns3:TrackPointExtension>
            <ns3:hr>92</ns3:hr>
            <ns3:cad>56</ns3:cad>
          </ns3:TrackPointExtension>
        </extensions>
      </trkpt>
      <trkpt lat="42.5802469812333583831787109375" lon="-5.64051582477986812591552734375">
        <ele>887.4000244140625</ele>
        <time>2025-10-03T12:20:25.000Z</time>
        <extensions>
          <ns3:TrackPointExtension>
            <ns3:hr>89</ns3:hr>
            <ns3:cad>57</ns3:cad>
          </ns3:TrackPointExtension>
        </extensions>
      </trkpt>
      <trkpt lat="42.58023080416023731231689453125" lon="-5.640541054308414459228515625">
        <ele>887.20001220703125</ele>
        <time>2025-10-03T12:20:27.000Z</time>
        <extensions>
          <ns3:TrackPointExtension>
            <ns3:hr>88</ns3:hr>
            <ns3:cad>57</ns3:cad>
          </ns3:TrackPointExtension>
        </extensions>
      </trkpt>
      <trkpt lat="42.58020959794521331787109375" lon="-5.64058304764330387115478515625">
        <ele>887</ele>
        <time>2025-10-03T12:20:30.000Z</time>
        <extensions>
          <ns3:TrackPointExtension>
            <ns3:hr>87</ns3:hr>
            <ns3:cad>57</ns3:cad>
          </ns3:TrackPointExtension>
        </extensions>
      </trkpt>
      <trkpt lat="42.58016492240130901336669921875" lon="-5.6406790204346179962158203125">
        <ele>887.5999755859375</ele>
        <time>2025-10-03T12:20:37.000Z</time>
        <extensions>
          <ns3:TrackPointExtension>
            <ns3:hr>88</ns3:hr>
            <ns3:cad>58</ns3:cad>
          </ns3:TrackPointExtension>
        </extensions>
      </trkpt>
      <trkpt lat="42.58013659156858921051025390625" lon="-5.64073274843394756317138671875">
        <ele>887.4000244140625</ele>
        <time>2025-10-03T12:20:41.000Z</time>
        <extensions>
          <ns3:TrackPointExtension>
            <ns3:hr>91</ns3:hr>
            <ns3:cad>58</ns3:cad>
          </ns3:TrackPointExtension>
        </extensions>
      </trkpt>
      <trkpt lat="42.5801326520740985870361328125" lon="-5.640756301581859588623046875">
        <ele>887.4000244140625</ele>
        <time>2025-10-03T12:20:43.000Z</time>
        <extensions>
          <ns3:TrackPointExtension>
            <ns3:hr>95</ns3:hr>
            <ns3:cad>57</ns3:cad>
          </ns3:TrackPointExtension>
        </extensions>
      </trkpt>
      <trkpt lat="42.5801279582083225250244140625" lon="-5.6407722271978855133056640625">
        <ele>887.4000244140625</ele>
        <time>2025-10-03T12:20:44.000Z</time>
        <extensions>
          <ns3:TrackPointExtension>
            <ns3:hr>98</ns3:hr>
            <ns3:cad>57</ns3:cad>
          </ns3:TrackPointExtension>
        </extensions>
      </trkpt>
      <trkpt lat="42.58005964569747447967529296875" lon="-5.6408781744539737701416015625">
        <ele>887.4000244140625</ele>
        <time>2025-10-03T12:20:53.000Z</time>
        <extensions>
          <ns3:TrackPointExtension>
            <ns3:hr>99</ns3:hr>
            <ns3:cad>57</ns3:cad>
          </ns3:TrackPointExtension>
        </extensions>
      </trkpt>
      <trkpt lat="42.57993726991117000579833984375" lon="-5.6409479118883609771728515625">
        <ele>887.20001220703125</ele>
        <time>2025-10-03T12:21:00.000Z</time>
        <extensions>
          <ns3:TrackPointExtension>
            <ns3:hr>98</ns3:hr>
            <ns3:cad>57</ns3:cad>
          </ns3:TrackPointExtension>
        </extensions>
      </trkpt>
      <trkpt lat="42.57986895740032196044921875" lon="-5.64104698598384857177734375">
        <ele>887</ele>
        <time>2025-10-03T12:21:08.000Z</time>
        <extensions>
          <ns3:TrackPointExtension>
            <ns3:hr>97</ns3:hr>
            <ns3:cad>59</ns3:cad>
          </ns3:TrackPointExtension>
        </extensions>
      </trkpt>
      <trkpt lat="42.57981539703905582427978515625" lon="-5.64114513806998729705810546875">
        <ele>887</ele>
        <time>2025-10-03T12:21:16.000Z</time>
        <extensions>
          <ns3:TrackPointExtension>
            <ns3:hr>97</ns3:hr>
            <ns3:cad>58</ns3:cad>
          </ns3:TrackPointExtension>
        </extensions>
      </trkpt>
      <trkpt lat="42.5797279737889766693115234375" lon="-5.641276650130748748779296875">
        <ele>887.4000244140625</ele>
        <time>2025-10-03T12:21:26.000Z</time>
        <extensions>
          <ns3:TrackPointExtension>
            <ns3:hr>96</ns3:hr>
            <ns3:cad>57</ns3:cad>
          </ns3:TrackPointExtension>
        </extensions>
      </trkpt>
      <trkpt lat="42.579641975462436676025390625" lon="-5.64138368703424930572509765625">
        <ele>886.5999755859375</ele>
        <time>2025-10-03T12:21:35.000Z</time>
        <extensions>
          <ns3:TrackPointExtension>
            <ns3:hr>96</ns3:hr>
            <ns3:cad>59</ns3:cad>
          </ns3:TrackPointExtension>
        </extensions>
      </trkpt>
      <trkpt lat="42.579569555819034576416015625" lon="-5.641509331762790679931640625">
        <ele>886.4000244140625</ele>
        <time>2025-10-03T12:21:44.000Z</time>
        <extensions>
          <ns3:TrackPointExtension>
            <ns3:hr>94</ns3:hr>
            <ns3:cad>59</ns3:cad>
          </ns3:TrackPointExtension>
        </extensions>
      </trkpt>
      <trkpt lat="42.57956980727612972259521484375" lon="-5.641558952629566192626953125">
        <ele>886.4000244140625</ele>
        <time>2025-10-03T12:21:47.000Z</time>
        <extensions>
          <ns3:TrackPointExtension>
            <ns3:hr>94</ns3:hr>
            <ns3:cad>58</ns3:cad>
          </ns3:TrackPointExtension>
        </extensions>
      </trkpt>
      <trkpt lat="42.579588331282138824462890625" lon="-5.6416017003357410430908203125">
        <ele>886.5999755859375</ele>
        <time>2025-10-03T12:21:50.000Z</time>
        <extensions>
          <ns3:TrackPointExtension>
            <ns3:hr>94</ns3:hr>
            <ns3:cad>57</ns3:cad>
          </ns3:TrackPointExtension>
        </extensions>
      </trkpt>
      <trkpt lat="42.5796465016901493072509765625" lon="-5.64174813218414783477783203125">
        <ele>886.5999755859375</ele>
        <time>2025-10-03T12:21:59.000Z</time>
        <extensions>
          <ns3:TrackPointExtension>
            <ns3:hr>93</ns3:hr>
            <ns3:cad>59</ns3:cad>
          </ns3:TrackPointExtension>
        </extensions>
      </trkpt>
      <trkpt lat="42.5796590745449066162109375" lon="-5.6418038718402385711669921875">
        <ele>886.5999755859375</ele>
        <time>2025-10-03T12:22:02.000Z</time>
        <extensions>
          <ns3:TrackPointExtension>
            <ns3:hr>97</ns3:hr>
            <ns3:cad>59</ns3:cad>
          </ns3:TrackPointExtension>
        </extensions>
      </trkpt>
      <trkpt lat="42.5796548835933208465576171875" lon="-5.64193052239716053009033203125">
        <ele>886.5999755859375</ele>
        <time>2025-10-03T12:22:09.000Z</time>
        <extensions>
          <ns3:TrackPointExtension>
            <ns3:hr>99</ns3:hr>
            <ns3:cad>58</ns3:cad>
          </ns3:TrackPointExtension>
        </extensions>
      </trkpt>
      <trkpt lat="42.5796384550631046295166015625" lon="-5.64204501919448375701904296875">
        <ele>887</ele>
        <time>2025-10-03T12:22:16.000Z</time>
        <extensions>
          <ns3:TrackPointExtension>
            <ns3:hr>99</ns3:hr>
            <ns3:cad>56</ns3:cad>
          </ns3:TrackPointExtension>
        </extensions>
      </trkpt>
      <trkpt lat="42.57965379394590854644775390625" lon="-5.64215213991701602935791015625">
        <ele>887</ele>
        <time>2025-10-03T12:22:23.000Z</time>
        <extensions>
          <ns3:TrackPointExtension>
            <ns3:hr>99</ns3:hr>
            <ns3:cad>57</ns3:cad>
          </ns3:TrackPointExtension>
        </extensions>
      </trkpt>
      <trkpt lat="42.57966016419231891632080078125" lon="-5.64219270832836627960205078125">
        <ele>887.20001220703125</ele>
        <time>2025-10-03T12:22:26.000Z</time>
        <extensions>
          <ns3:TrackPointExtension>
            <ns3:hr>99</ns3:hr>
            <ns3:cad>56</ns3:cad>
          </ns3:TrackPointExtension>
        </extensions>
      </trkpt>
      <trkpt lat="42.5796934403479099273681640625" lon="-5.64220963977277278900146484375">
        <ele>887.4000244140625</ele>
        <time>2025-10-03T13:40:03.000Z</time>
        <extensions>
          <ns3:TrackPointExtension>
            <ns3:hr>90</ns3:hr>
            <ns3:cad>51</ns3:cad>
          </ns3:TrackPointExtension>
        </extensions>
      </trkpt>
      <trkpt lat="42.579699642956256866455078125" lon="-5.64220109023153781890869140625">
        <ele>887.4000244140625</ele>
        <time>2025-10-03T13:40:04.000Z</time>
        <extensions>
          <ns3:TrackPointExtension>
            <ns3:hr>90</ns3:hr>
            <ns3:cad>51</ns3:cad>
          </ns3:TrackPointExtension>
        </extensions>
      </trkpt>
      <trkpt lat="42.57969872094690799713134765625" lon="-5.642190277576446533203125">
        <ele>887.4000244140625</ele>
        <time>2025-10-03T13:40:05.000Z</time>
        <extensions>
          <ns3:TrackPointExtension>
            <ns3:hr>90</ns3:hr>
            <ns3:cad>51</ns3:cad>
          </ns3:TrackPointExtension>
        </extensions>
      </trkpt>
      <trkpt lat="42.57967944256961345672607421875" lon="-5.6421768665313720703125">
        <ele>886.79998779296875</ele>
        <time>2025-10-03T13:40:09.000Z</time>
        <extensions>
          <ns3:TrackPointExtension>
            <ns3:hr>90</ns3:hr>
            <ns3:cad>53</ns3:cad>
          </ns3:TrackPointExtension>
        </extensions>
      </trkpt>
      <trkpt lat="42.57965865544974803924560546875" lon="-5.64216974191367626190185546875">
        <ele>886.79998779296875</ele>
        <time>2025-10-03T13:40:11.000Z</time>
        <extensions>
          <ns3:TrackPointExtension>
            <ns3:hr>89</ns3:hr>
            <ns3:cad>53</ns3:cad>
          </ns3:TrackPointExtension>
        </extensions>
      </trkpt>
      <trkpt lat="42.57957525551319122314453125" lon="-5.6420724280178546905517578125">
        <ele>886.5999755859375</ele>
        <time>2025-10-03T13:40:19.000Z</time>
        <extensions>
          <ns3:TrackPointExtension>
            <ns3:hr>89</ns3:hr>
            <ns3:cad>56</ns3:cad>
          </ns3:TrackPointExtension>
        </extensions>
      </trkpt>
      <trkpt lat="42.579506523907184600830078125" lon="-5.64198383130133152008056640625">
        <ele>886</ele>
        <time>2025-10-03T13:40:27.000Z</time>
        <extensions>
          <ns3:TrackPointExtension>
            <ns3:hr>91</ns3:hr>
            <ns3:cad>56</ns3:cad>
          </ns3:TrackPointExtension>
        </extensions>
      </trkpt>
      <trkpt lat="42.5794949568808078765869140625" lon="-5.64198307693004608154296875">
        <ele>886</ele>
        <time>2025-10-03T13:40:29.000Z</time>
        <extensions>
          <ns3:TrackPointExtension>
            <ns3:hr>91</ns3:hr>
            <ns3:cad>56</ns3:cad>
          </ns3:TrackPointExtension>
        </extensions>
      </trkpt>
      <trkpt lat="42.57957198657095432281494140625" lon="-5.64202859066426753997802734375">
        <ele>886.20001220703125</ele>
        <time>2025-10-03T13:40:36.000Z</time>
        <extensions>
          <ns3:TrackPointExtension>
            <ns3:hr>91</ns3:hr>
            <ns3:cad>56</ns3:cad>
          </ns3:TrackPointExtension>
        </extensions>
      </trkpt>
      <trkpt lat="42.5796340964734554290771484375" lon="-5.6419877707958221435546875">
        <ele>886.5999755859375</ele>
        <time>2025-10-03T13:40:42.000Z</time>
        <extensions>
          <ns3:TrackPointExtension>
            <ns3:hr>93</ns3:hr>
            <ns3:cad>56</ns3:cad>
          </ns3:TrackPointExtension>
        </extensions>
      </trkpt>
      <trkpt lat="42.579726465046405792236328125" lon="-5.6418885290622711181640625">
        <ele>886.79998779296875</ele>
        <time>2025-10-03T13:40:52.000Z</time>
        <extensions>
          <ns3:TrackPointExtension>
            <ns3:hr>96</ns3:hr>
            <ns3:cad>56</ns3:cad>
          </ns3:TrackPointExtension>
        </extensions>
      </trkpt>
      <trkpt lat="42.5797306559979915618896484375" lon="-5.641876794397830963134765625">
        <ele>886.79998779296875</ele>
        <time>2025-10-03T13:40:53.000Z</time>
        <extensions>
          <ns3:TrackPointExtension>
            <ns3:hr>96</ns3:hr>
            <ns3:cad>56</ns3:cad>
          </ns3:TrackPointExtension>
        </extensions>
      </trkpt>
      <trkpt lat="42.579705007374286651611328125" lon="-5.6417874433100223541259765625">
        <ele>887</ele>
        <time>2025-10-03T13:40:58.000Z</time>
        <extensions>
          <ns3:TrackPointExtension>
            <ns3:hr>98</ns3:hr>
            <ns3:cad>54</ns3:cad>
          </ns3:TrackPointExtension>
        </extensions>
      </trkpt>
      <trkpt lat="42.57969595491886138916015625" lon="-5.64177746884524822235107421875">
        <ele>887</ele>
        <time>2025-10-03T13:40:59.000Z</time>
        <extensions>
          <ns3:TrackPointExtension>
            <ns3:hr>98</ns3:hr>
            <ns3:cad>55</ns3:cad>
          </ns3:TrackPointExtension>
        </extensions>
      </trkpt>
      <trkpt lat="42.5796123035252094268798828125" lon="-5.64171510748565196990966796875">
        <ele>887</ele>
        <time>2025-10-03T13:41:07.000Z</time>
        <extensions>
          <ns3:TrackPointExtension>
            <ns3:hr>100</ns3:hr>
            <ns3:cad>58</ns3:cad>
          </ns3:TrackPointExtension>
        </extensions>
      </trkpt>
      <trkpt lat="42.579584307968616485595703125" lon="-5.64161972142755985260009765625">
        <ele>887.20001220703125</ele>
        <time>2025-10-03T13:41:13.000Z</time>
        <extensions>
          <ns3:TrackPointExtension>
            <ns3:hr>101</ns3:hr>
            <ns3:cad>58</ns3:cad>
          </ns3:TrackPointExtension>
        </extensions>
      </trkpt>
      <trkpt lat="42.5795133970677852630615234375" lon="-5.64158770255744457244873046875">
        <ele>887</ele>
        <time>2025-10-03T13:41:19.000Z</time>
        <extensions>
          <ns3:TrackPointExtension>
            <ns3:hr>100</ns3:hr>
            <ns3:cad>58</ns3:cad>
          </ns3:TrackPointExtension>
        </extensions>
      </trkpt>
      <trkpt lat="42.57943309843540191650390625" lon="-5.64167051576077938079833984375">
        <ele>886.4000244140625</ele>
        <time>2025-10-03T13:41:26.000Z</time>
        <extensions>
          <ns3:TrackPointExtension>
            <ns3:hr>100</ns3:hr>
            <ns3:cad>57</ns3:cad>
          </ns3:TrackPointExtension>
        </extensions>
      </trkpt>
      <trkpt lat="42.57933310233056545257568359375" lon="-5.6417140178382396697998046875">
        <ele>886.20001220703125</ele>
        <time>2025-10-03T13:41:35.000Z</time>
        <extensions>
          <ns3:TrackPointExtension>
            <ns3:hr>100</ns3:hr>
            <ns3:cad>57</ns3:cad>
          </ns3:TrackPointExtension>
        </extensions>
      </trkpt>
      <trkpt lat="42.57927007041871547698974609375" lon="-5.6417517364025115966796875">
        <ele>886.20001220703125</ele>
        <time>2025-10-03T13:41:40.000Z</time>
        <extensions>
          <ns3:TrackPointExtension>
            <ns3:hr>97</ns3:hr>
            <ns3:cad>55</ns3:cad>
          </ns3:TrackPointExtension>
        </extensions>
      </trkpt>
      <trkpt lat="42.57924391888082027435302734375" lon="-5.64180630259215831756591796875">
        <ele>886.20001220703125</ele>
        <time>2025-10-03T13:41:45.000Z</time>
        <extensions>
          <ns3:TrackPointExtension>
            <ns3:hr>96</ns3:hr>
            <ns3:cad>55</ns3:cad>
          </ns3:TrackPointExtension>
        </extensions>
      </trkpt>
      <trkpt lat="42.5792253948748111724853515625" lon="-5.64186380244791507720947265625">
        <ele>886</ele>
        <time>2025-10-03T13:41:50.000Z</time>
        <extensions>
          <ns3:TrackPointExtension>
            <ns3:hr>93</ns3:hr>
            <ns3:cad>56</ns3:cad>
          </ns3:TrackPointExtension>
        </extensions>
      </trkpt>
      <trkpt lat="42.57921357639133930206298828125" lon="-5.64188224263489246368408203125">
        <ele>885.79998779296875</ele>
        <time>2025-10-03T13:41:53.000Z</time>
        <extensions>
          <ns3:TrackPointExtension>
            <ns3:hr>92</ns3:hr>
            <ns3:cad>55</ns3:cad>
          </ns3:TrackPointExtension>
        </extensions>
      </trkpt>
      <trkpt lat="42.57920854724943637847900390625" lon="-5.64187687821686267852783203125">
        <ele>885.79998779296875</ele>
        <time>2025-10-03T13:41:54.000Z</time>
        <extensions>
          <ns3:TrackPointExtension>
            <ns3:hr>91</ns3:hr>
            <ns3:cad>55</ns3:cad>
          </ns3:TrackPointExtension>
        </extensions>
      </trkpt>
      <trkpt lat="42.57919915951788425445556640625" lon="-5.64188123680651187896728515625">
        <ele>886</ele>
        <time>2025-10-03T13:41:59.000Z</time>
        <extensions>
          <ns3:TrackPointExtension>
            <ns3:hr>91</ns3:hr>
            <ns3:cad>0</ns3:cad>
          </ns3:TrackPointExtension>
        </extensions>
      </trkpt>
      <trkpt lat="42.57916965521872043609619140625" lon="-5.6419349648058414459228515625">
        <ele>885.4000244140625</ele>
        <time>2025-10-03T13:42:06.000Z</time>
        <extensions>
          <ns3:TrackPointExtension>
            <ns3:hr>89</ns3:hr>
            <ns3:cad>51</ns3:cad>
          </ns3:TrackPointExtension>
        </extensions>
      </trkpt>
      <trkpt lat="42.5791519694030284881591796875" lon="-5.641966648399829864501953125">
        <ele>885</ele>
        <time>2025-10-03T13:42:08.000Z</time>
        <extensions>
          <ns3:TrackPointExtension>
            <ns3:hr>89</ns3:hr>
            <ns3:cad>57</ns3:cad>
          </ns3:TrackPointExtension>
        </extensions>
      </trkpt>
      <trkpt lat="42.5790916197001934051513671875" lon="-5.64205071888864040374755859375">
        <ele>884</ele>
        <time>2025-10-03T13:42:16.000Z</time>
        <extensions>
          <ns3:TrackPointExtension>
            <ns3:hr>89</ns3:hr>
            <ns3:cad>58</ns3:cad>
          </ns3:TrackPointExtension>
        </extensions>
      </trkpt>
      <trkpt lat="42.5790743529796600341796875" lon="-5.642067901790142059326171875">
        <ele>883.79998779296875</ele>
        <time>2025-10-03T13:42:18.000Z</time>
        <extensions>
          <ns3:TrackPointExtension>
            <ns3:hr>89</ns3:hr>
            <ns3:cad>57</ns3:cad>
          </ns3:TrackPointExtension>
        </extensions>
      </trkpt>
      <trkpt lat="42.57903152145445346832275390625" lon="-5.6421277485787868499755859375">
        <ele>883.4000244140625</ele>
        <time>2025-10-03T13:42:24.000Z</time>
        <extensions>
          <ns3:TrackPointExtension>
            <ns3:hr>89</ns3:hr>
            <ns3:cad>56</ns3:cad>
          </ns3:TrackPointExtension>
        </extensions>
      </trkpt>
      <trkpt lat="42.57897301577031612396240234375" lon="-5.6422447599470615386962890625">
        <ele>882.79998779296875</ele>
        <time>2025-10-03T13:42:32.000Z</time>
        <extensions>
          <ns3:TrackPointExtension>
            <ns3:hr>87</ns3:hr>
            <ns3:cad>57</ns3:cad>
          </ns3:TrackPointExtension>
        </extensions>
      </trkpt>
      <trkpt lat="42.57896681316196918487548828125" lon="-5.64226244576275348663330078125">
        <ele>882.79998779296875</ele>
        <time>2025-10-03T13:42:33.000Z</time>
        <extensions>
          <ns3:TrackPointExtension>
            <ns3:hr>86</ns3:hr>
            <ns3:cad>57</ns3:cad>
          </ns3:TrackPointExtension>
        </extensions>
      </trkpt>
      <trkpt lat="42.57894787006080150604248046875" lon="-5.642285160720348358154296875">
        <ele>882.5999755859375</ele>
        <time>2025-10-03T13:42:35.000Z</time>
        <extensions>
          <ns3:TrackPointExtension>
            <ns3:hr>86</ns3:hr>
            <ns3:cad>57</ns3:cad>
          </ns3:TrackPointExtension>
        </extensions>
      </trkpt>
      <trkpt lat="42.5789031945168972015380859375" lon="-5.6423463486135005950927734375">
        <ele>882.4000244140625</ele>
        <time>2025-10-03T13:42:40.000Z</time>
        <extensions>
          <ns3:TrackPointExtension>
            <ns3:hr>86</ns3:hr>
            <ns3:cad>57</ns3:cad>
          </ns3:TrackPointExtension>
        </extensions>
      </trkpt>
      <trkpt lat="42.57887880317866802215576171875" lon="-5.6423820555210113525390625">
        <ele>881.79998779296875</ele>
        <time>2025-10-03T13:42:43.000Z</time>
        <extensions>
          <ns3:TrackPointExtension>
            <ns3:hr>87</ns3:hr>
            <ns3:cad>59</ns3:cad>
          </ns3:TrackPointExtension>
        </extensions>
      </trkpt>
      <trkpt lat="42.57883404381573200225830078125" lon="-5.64244651235640048980712890625">
        <ele>881.5999755859375</ele>
        <time>2025-10-03T13:42:48.000Z</time>
        <extensions>
          <ns3:TrackPointExtension>
            <ns3:hr>90</ns3:hr>
            <ns3:cad>57</ns3:cad>
          </ns3:TrackPointExtension>
        </extensions>
      </trkpt>
      <trkpt lat="42.57875290699303150177001953125" lon="-5.6425592489540576934814453125">
        <ele>880.79998779296875</ele>
        <time>2025-10-03T13:42:57.000Z</time>
        <extensions>
          <ns3:TrackPointExtension>
            <ns3:hr>89</ns3:hr>
            <ns3:cad>57</ns3:cad>
          </ns3:TrackPointExtension>
        </extensions>
      </trkpt>
      <trkpt lat="42.57874670438468456268310546875" lon="-5.64257123507559299468994140625">
        <ele>880.79998779296875</ele>
        <time>2025-10-03T13:42:58.000Z</time>
        <extensions>
          <ns3:TrackPointExtension>
            <ns3:hr>88</ns3:hr>
            <ns3:cad>57</ns3:cad>
          </ns3:TrackPointExtension>
        </extensions>
      </trkpt>
      <trkpt lat="42.5786976702511310577392578125" lon="-5.6426663696765899658203125">
        <ele>880.4000244140625</ele>
        <time>2025-10-03T13:43:06.000Z</time>
        <extensions>
          <ns3:TrackPointExtension>
            <ns3:hr>88</ns3:hr>
            <ns3:cad>57</ns3:cad>
          </ns3:TrackPointExtension>
        </extensions>
      </trkpt>
      <trkpt lat="42.57862751372158527374267578125" lon="-5.64271925948560237884521484375">
        <ele>880</ele>
        <time>2025-10-03T13:43:13.000Z</time>
        <extensions>
          <ns3:TrackPointExtension>
            <ns3:hr>88</ns3:hr>
            <ns3:cad>58</ns3:cad>
          </ns3:TrackPointExtension>
        </extensions>
      </trkpt>
      <trkpt lat="42.57857738994061946868896484375" lon="-5.6427748315036296844482421875">
        <ele>879.5999755859375</ele>
        <time>2025-10-03T13:43:19.000Z</time>
        <extensions>
          <ns3:TrackPointExtension>
            <ns3:hr>87</ns3:hr>
            <ns3:cad>57</ns3:cad>
          </ns3:TrackPointExtension>
        </extensions>
      </trkpt>
      <trkpt lat="42.5785558484494686126708984375" lon="-5.64281053841114044189453125">
        <ele>879.20001220703125</ele>
        <time>2025-10-03T13:43:22.000Z</time>
        <extensions>
          <ns3:TrackPointExtension>
            <ns3:hr>86</ns3:hr>
            <ns3:cad>58</ns3:cad>
          </ns3:TrackPointExtension>
        </extensions>
      </trkpt>
      <trkpt lat="42.57848921231925487518310546875" lon="-5.64292679540812969207763671875">
        <ele>878.5999755859375</ele>
        <time>2025-10-03T13:43:32.000Z</time>
        <extensions>
          <ns3:TrackPointExtension>
            <ns3:hr>86</ns3:hr>
            <ns3:cad>56</ns3:cad>
          </ns3:TrackPointExtension>
        </extensions>
      </trkpt>
      <trkpt lat="42.578402794897556304931640625" lon="-5.64307398162782192230224609375">
        <ele>878.20001220703125</ele>
        <time>2025-10-03T13:43:43.000Z</time>
        <extensions>
          <ns3:TrackPointExtension>
            <ns3:hr>86</ns3:hr>
            <ns3:cad>57</ns3:cad>
          </ns3:TrackPointExtension>
        </extensions>
      </trkpt>
      <trkpt lat="42.57833532057702541351318359375" lon="-5.64319686032831668853759765625">
        <ele>877.4000244140625</ele>
        <time>2025-10-03T13:43:53.000Z</time>
        <extensions>
          <ns3:TrackPointExtension>
            <ns3:hr>87</ns3:hr>
            <ns3:cad>58</ns3:cad>
          </ns3:TrackPointExtension>
        </extensions>
      </trkpt>
      <trkpt lat="42.57832174189388751983642578125" lon="-5.64322292804718017578125">
        <ele>877.20001220703125</ele>
        <time>2025-10-03T13:43:55.000Z</time>
        <extensions>
          <ns3:TrackPointExtension>
            <ns3:hr>87</ns3:hr>
            <ns3:cad>57</ns3:cad>
          </ns3:TrackPointExtension>
        </extensions>
      </trkpt>
      <trkpt lat="42.57824161089956760406494140625" lon="-5.64336349256336688995361328125">
        <ele>876.4000244140625</ele>
        <time>2025-10-03T13:44:07.000Z</time>
        <extensions>
          <ns3:TrackPointExtension>
            <ns3:hr>87</ns3:hr>
            <ns3:cad>56</ns3:cad>
          </ns3:TrackPointExtension>
        </extensions>
      </trkpt>
      <trkpt lat="42.57823440246284008026123046875" lon="-5.64337707124650478363037109375">
        <ele>876.4000244140625</ele>
        <time>2025-10-03T13:44:08.000Z</time>
        <extensions>
          <ns3:TrackPointExtension>
            <ns3:hr>87</ns3:hr>
            <ns3:cad>56</ns3:cad>
          </ns3:TrackPointExtension>
        </extensions>
      </trkpt>
      <trkpt lat="42.57814320735633373260498046875" lon="-5.64353431575000286102294921875">
        <ele>875.79998779296875</ele>
        <time>2025-10-03T13:44:20.000Z</time>
        <extensions>
          <ns3:TrackPointExtension>
            <ns3:hr>88</ns3:hr>
            <ns3:cad>57</ns3:cad>
          </ns3:TrackPointExtension>
        </extensions>
      </trkpt>
      <trkpt lat="42.57808553986251354217529296875" lon="-5.64368049614131450653076171875">
        <ele>875.5999755859375</ele>
        <time>2025-10-03T13:44:31.000Z</time>
        <extensions>
          <ns3:TrackPointExtension>
            <ns3:hr>87</ns3:hr>
            <ns3:cad>57</ns3:cad>
          </ns3:TrackPointExtension>
        </extensions>
      </trkpt>
      <trkpt lat="42.57804078049957752227783203125" lon="-5.64382131211459636688232421875">
        <ele>875.4000244140625</ele>
        <time>2025-10-03T13:44:40.000Z</time>
        <extensions>
          <ns3:TrackPointExtension>
            <ns3:hr>88</ns3:hr>
            <ns3:cad>59</ns3:cad>
          </ns3:TrackPointExtension>
        </extensions>
      </trkpt>
      <trkpt lat="42.57803692482411861419677734375" lon="-5.643838159739971160888671875">
        <ele>875.4000244140625</ele>
        <time>2025-10-03T13:44:41.000Z</time>
        <extensions>
          <ns3:TrackPointExtension>
            <ns3:hr>88</ns3:hr>
            <ns3:cad>58</ns3:cad>
          </ns3:TrackPointExtension>
        </extensions>
      </trkpt>
      <trkpt lat="42.57797204889357089996337890625" lon="-5.6440267525613307952880859375">
        <ele>875</ele>
        <time>2025-10-03T13:44:53.000Z</time>
        <extensions>
          <ns3:TrackPointExtension>
            <ns3:hr>87</ns3:hr>
            <ns3:cad>59</ns3:cad>
          </ns3:TrackPointExtension>
        </extensions>
      </trkpt>
      <trkpt lat="42.57792544551193714141845703125" lon="-5.64418123103678226470947265625">
        <ele>875</ele>
        <time>2025-10-03T13:45:03.000Z</time>
        <extensions>
          <ns3:TrackPointExtension>
            <ns3:hr>89</ns3:hr>
            <ns3:cad>59</ns3:cad>
          </ns3:TrackPointExtension>
        </extensions>
      </trkpt>
      <trkpt lat="42.5779054127633571624755859375" lon="-5.6442621164023876190185546875">
        <ele>875</ele>
        <time>2025-10-03T13:45:09.000Z</time>
        <extensions>
          <ns3:TrackPointExtension>
            <ns3:hr>92</ns3:hr>
            <ns3:cad>58</ns3:cad>
          </ns3:TrackPointExtension>
        </extensions>
      </trkpt>
      <trkpt lat="42.57788638584315776824951171875" lon="-5.64433696679770946502685546875">
        <ele>875.20001220703125</ele>
        <time>2025-10-03T13:45:14.000Z</time>
        <extensions>
          <ns3:TrackPointExtension>
            <ns3:hr>91</ns3:hr>
            <ns3:cad>57</ns3:cad>
          </ns3:TrackPointExtension>
        </extensions>
      </trkpt>
      <trkpt lat="42.577831484377384185791015625" lon="-5.64453830011188983917236328125">
        <ele>875.4000244140625</ele>
        <time>2025-10-03T13:45:27.000Z</time>
        <extensions>
          <ns3:TrackPointExtension>
            <ns3:hr>90</ns3:hr>
            <ns3:cad>57</ns3:cad>
          </ns3:TrackPointExtension>
        </extensions>
      </trkpt>
      <trkpt lat="42.57778295315802097320556640625" lon="-5.64475589431822299957275390625">
        <ele>875.79998779296875</ele>
        <time>2025-10-03T13:45:41.000Z</time>
        <extensions>
          <ns3:TrackPointExtension>
            <ns3:hr>92</ns3:hr>
            <ns3:cad>57</ns3:cad>
          </ns3:TrackPointExtension>
        </extensions>
      </trkpt>
      <trkpt lat="42.5777627527713775634765625" lon="-5.64492956735193729400634765625">
        <ele>876.20001220703125</ele>
        <time>2025-10-03T13:45:52.000Z</time>
        <extensions>
          <ns3:TrackPointExtension>
            <ns3:hr>92</ns3:hr>
            <ns3:cad>57</ns3:cad>
          </ns3:TrackPointExtension>
        </extensions>
      </trkpt>
      <trkpt lat="42.57774607278406620025634765625" lon="-5.64500500448048114776611328125">
        <ele>876.4000244140625</ele>
        <time>2025-10-03T13:45:57.000Z</time>
        <extensions>
          <ns3:TrackPointExtension>
            <ns3:hr>95</ns3:hr>
            <ns3:cad>57</ns3:cad>
          </ns3:TrackPointExtension>
        </extensions>
      </trkpt>
      <trkpt lat="42.57772545330226421356201171875" lon="-5.6450379453599452972412109375">
        <ele>876.4000244140625</ele>
        <time>2025-10-03T13:46:00.000Z</time>
        <extensions>
          <ns3:TrackPointExtension>
            <ns3:hr>96</ns3:hr>
            <ns3:cad>57</ns3:cad>
          </ns3:TrackPointExtension>
        </extensions>
      </trkpt>
      <trkpt lat="42.57769368588924407958984375" lon="-5.64504750072956085205078125">
        <ele>876.4000244140625</ele>
        <time>2025-10-03T13:46:03.000Z</time>
        <extensions>
          <ns3:TrackPointExtension>
            <ns3:hr>96</ns3:hr>
            <ns3:cad>56</ns3:cad>
          </ns3:TrackPointExtension>
        </extensions>
      </trkpt>
      <trkpt lat="42.57754960097372531890869140625" lon="-5.64504322595894336700439453125">
        <ele>876</ele>
        <time>2025-10-03T13:46:14.000Z</time>
        <extensions>
          <ns3:TrackPointExtension>
            <ns3:hr>97</ns3:hr>
            <ns3:cad>58</ns3:cad>
          </ns3:TrackPointExtension>
        </extensions>
      </trkpt>
      <trkpt lat="42.57745019160211086273193359375" lon="-5.64507373608648777008056640625">
        <ele>876.4000244140625</ele>
        <time>2025-10-03T13:46:22.000Z</time>
        <extensions>
          <ns3:TrackPointExtension>
            <ns3:hr>96</ns3:hr>
            <ns3:cad>57</ns3:cad>
          </ns3:TrackPointExtension>
        </extensions>
      </trkpt>
      <trkpt lat="42.57736234925687313079833984375" lon="-5.6451133824884891510009765625">
        <ele>876.5999755859375</ele>
        <time>2025-10-03T13:46:31.000Z</time>
        <extensions>
          <ns3:TrackPointExtension>
            <ns3:hr>97</ns3:hr>
            <ns3:cad>55</ns3:cad>
          </ns3:TrackPointExtension>
        </extensions>
      </trkpt>
      <trkpt lat="42.5772633589804172515869140625" lon="-5.6451834551990032196044921875">
        <ele>877</ele>
        <time>2025-10-03T13:46:40.000Z</time>
        <extensions>
          <ns3:TrackPointExtension>
            <ns3:hr>96</ns3:hr>
            <ns3:cad>54</ns3:cad>
          </ns3:TrackPointExtension>
        </extensions>
      </trkpt>
      <trkpt lat="42.577217258512973785400390625" lon="-5.64522511325776576995849609375">
        <ele>877.5999755859375</ele>
        <time>2025-10-03T13:46:45.000Z</time>
        <extensions>
          <ns3:TrackPointExtension>
            <ns3:hr>97</ns3:hr>
            <ns3:cad>56</ns3:cad>
          </ns3:TrackPointExtension>
        </extensions>
      </trkpt>
      <trkpt lat="42.5771688111126422882080078125" lon="-5.645263083279132843017578125">
        <ele>878</ele>
        <time>2025-10-03T13:46:50.000Z</time>
        <extensions>
          <ns3:TrackPointExtension>
            <ns3:hr>98</ns3:hr>
            <ns3:cad>55</ns3:cad>
          </ns3:TrackPointExtension>
        </extensions>
      </trkpt>
      <trkpt lat="42.5770792923867702484130859375" lon="-5.645346902310848236083984375">
        <ele>878.4000244140625</ele>
        <time>2025-10-03T13:46:59.000Z</time>
        <extensions>
          <ns3:TrackPointExtension>
            <ns3:hr>100</ns3:hr>
            <ns3:cad>54</ns3:cad>
          </ns3:TrackPointExtension>
        </extensions>
      </trkpt>
      <trkpt lat="42.57706780917942523956298828125" lon="-5.645356960594654083251953125">
        <ele>878.5999755859375</ele>
        <time>2025-10-03T13:47:00.000Z</time>
        <extensions>
          <ns3:TrackPointExtension>
            <ns3:hr>100</ns3:hr>
            <ns3:cad>55</ns3:cad>
          </ns3:TrackPointExtension>
        </extensions>
      </trkpt>
      <trkpt lat="42.57699807174503803253173828125" lon="-5.6453966908156871795654296875">
        <ele>878.5999755859375</ele>
        <time>2025-10-03T13:47:07.000Z</time>
        <extensions>
          <ns3:TrackPointExtension>
            <ns3:hr>102</ns3:hr>
            <ns3:cad>55</ns3:cad>
          </ns3:TrackPointExtension>
        </extensions>
      </trkpt>
      <trkpt lat="42.576883994042873382568359375" lon="-5.6454801745712757110595703125">
        <ele>879.4000244140625</ele>
        <time>2025-10-03T13:47:17.000Z</time>
        <extensions>
          <ns3:TrackPointExtension>
            <ns3:hr>102</ns3:hr>
            <ns3:cad>56</ns3:cad>
          </ns3:TrackPointExtension>
        </extensions>
      </trkpt>
      <trkpt lat="42.5768653862178325653076171875" lon="-5.645497776567935943603515625">
        <ele>879.5999755859375</ele>
        <time>2025-10-03T13:47:19.000Z</time>
        <extensions>
          <ns3:TrackPointExtension>
            <ns3:hr>101</ns3:hr>
            <ns3:cad>55</ns3:cad>
          </ns3:TrackPointExtension>
        </extensions>
      </trkpt>
      <trkpt lat="42.5768097303807735443115234375" lon="-5.64555737189948558807373046875">
        <ele>880.5999755859375</ele>
        <time>2025-10-03T13:47:26.000Z</time>
        <extensions>
          <ns3:TrackPointExtension>
            <ns3:hr>102</ns3:hr>
            <ns3:cad>54</ns3:cad>
          </ns3:TrackPointExtension>
        </extensions>
      </trkpt>
      <trkpt lat="42.576771341264247894287109375" lon="-5.6455643288791179656982421875">
        <ele>881.4000244140625</ele>
        <time>2025-10-03T13:47:32.000Z</time>
        <extensions>
          <ns3:TrackPointExtension>
            <ns3:hr>105</ns3:hr>
            <ns3:cad>0</ns3:cad>
          </ns3:TrackPointExtension>
        </extensions>
      </trkpt>
      <trkpt lat="42.57676857523620128631591796875" lon="-5.645563490688800811767578125">
        <ele>881.4000244140625</ele>
        <time>2025-10-03T13:47:33.000Z</time>
        <extensions>
          <ns3:TrackPointExtension>
            <ns3:hr>105</ns3:hr>
            <ns3:cad>0</ns3:cad>
          </ns3:TrackPointExtension>
        </extensions>
      </trkpt>
      <trkpt lat="42.57676840759813785552978515625" lon="-5.645566172897815704345703125">
        <ele>881.5999755859375</ele>
        <time>2025-10-03T13:47:39.000Z</time>
        <extensions>
          <ns3:TrackPointExtension>
            <ns3:hr>105</ns3:hr>
            <ns3:cad>0</ns3:cad>
          </ns3:TrackPointExtension>
        </extensions>
      </trkpt>
      <trkpt lat="42.57676840759813785552978515625" lon="-5.645566172897815704345703125">
        <ele>881.5999755859375</ele>
        <time>2025-10-03T13:47:42.000Z</time>
        <extensions>
          <ns3:TrackPointExtension>
            <ns3:hr>102</ns3:hr>
            <ns3:cad>0</ns3:cad>
          </ns3:TrackPointExtension>
        </extensions>
      </trkpt>
      <trkpt lat="42.57676840759813785552978515625" lon="-5.645566172897815704345703125">
        <ele>881.5999755859375</ele>
        <time>2025-10-03T13:47:43.000Z</time>
        <extensions>
          <ns3:TrackPointExtension>
            <ns3:hr>102</ns3:hr>
            <ns3:cad>0</ns3:cad>
          </ns3:TrackPointExtension>
        </extensions>
      </trkpt>
      <trkpt lat="42.5767527334392070770263671875" lon="-5.64561101607978343963623046875">
        <ele>881.4000244140625</ele>
        <time>2025-10-03T13:47:51.000Z</time>
        <extensions>
          <ns3:TrackPointExtension>
            <ns3:hr>105</ns3:hr>
            <ns3:cad>0</ns3:cad>
          </ns3:TrackPointExtension>
        </extensions>
      </trkpt>
      <trkpt lat="42.57669079117476940155029296875" lon="-5.64569902606308460235595703125">
        <ele>881.20001220703125</ele>
        <time>2025-10-03T13:48:00.000Z</time>
        <extensions>
          <ns3:TrackPointExtension>
            <ns3:hr>103</ns3:hr>
            <ns3:cad>56</ns3:cad>
          </ns3:TrackPointExtension>
        </extensions>
      </trkpt>
      <trkpt lat="42.5765753723680973052978515625" lon="-5.64576708711683750152587890625">
        <ele>881</ele>
        <time>2025-10-03T13:48:11.000Z</time>
        <extensions>
          <ns3:TrackPointExtension>
            <ns3:hr>104</ns3:hr>
            <ns3:cad>57</ns3:cad>
          </ns3:TrackPointExtension>
        </extensions>
      </trkpt>
      <trkpt lat="42.5764538347721099853515625" lon="-5.64584922976791858673095703125">
        <ele>880.79998779296875</ele>
        <time>2025-10-03T13:48:23.000Z</time>
        <extensions>
          <ns3:TrackPointExtension>
            <ns3:hr>105</ns3:hr>
            <ns3:cad>57</ns3:cad>
          </ns3:TrackPointExtension>
        </extensions>
      </trkpt>
      <trkpt lat="42.57637864910066127777099609375" lon="-5.64589818008244037628173828125">
        <ele>880.5999755859375</ele>
        <time>2025-10-03T13:48:30.000Z</time>
        <extensions>
          <ns3:TrackPointExtension>
            <ns3:hr>102</ns3:hr>
            <ns3:cad>57</ns3:cad>
          </ns3:TrackPointExtension>
        </extensions>
      </trkpt>
      <trkpt lat="42.57635702379047870635986328125" lon="-5.6459105014801025390625">
        <ele>880.5999755859375</ele>
        <time>2025-10-03T13:48:32.000Z</time>
        <extensions>
          <ns3:TrackPointExtension>
            <ns3:hr>102</ns3:hr>
            <ns3:cad>55</ns3:cad>
          </ns3:TrackPointExtension>
        </extensions>
      </trkpt>
      <trkpt lat="42.5762441195547580718994140625" lon="-5.64597152173519134521484375">
        <ele>880.4000244140625</ele>
        <time>2025-10-03T13:48:42.000Z</time>
        <extensions>
          <ns3:TrackPointExtension>
            <ns3:hr>102</ns3:hr>
            <ns3:cad>57</ns3:cad>
          </ns3:TrackPointExtension>
        </extensions>
      </trkpt>
      <trkpt lat="42.57614965550601482391357421875" lon="-5.646048970520496368408203125">
        <ele>880.20001220703125</ele>
        <time>2025-10-03T13:48:51.000Z</time>
        <extensions>
          <ns3:TrackPointExtension>
            <ns3:hr>101</ns3:hr>
            <ns3:cad>57</ns3:cad>
          </ns3:TrackPointExtension>
        </extensions>
      </trkpt>
      <trkpt lat="42.57602870464324951171875" lon="-5.6461245752871036529541015625">
        <ele>880.20001220703125</ele>
        <time>2025-10-03T13:49:02.000Z</time>
        <extensions>
          <ns3:TrackPointExtension>
            <ns3:hr>99</ns3:hr>
            <ns3:cad>57</ns3:cad>
          </ns3:TrackPointExtension>
        </extensions>
      </trkpt>
      <trkpt lat="42.575929462909698486328125" lon="-5.64616539515554904937744140625">
        <ele>880.5999755859375</ele>
        <time>2025-10-03T13:49:11.000Z</time>
        <extensions>
          <ns3:TrackPointExtension>
            <ns3:hr>97</ns3:hr>
            <ns3:cad>54</ns3:cad>
          </ns3:TrackPointExtension>
        </extensions>
      </trkpt>
      <trkpt lat="42.5758427940309047698974609375" lon="-5.64620713703334331512451171875">
        <ele>880.79998779296875</ele>
        <time>2025-10-03T13:49:19.000Z</time>
        <extensions>
          <ns3:TrackPointExtension>
            <ns3:hr>95</ns3:hr>
            <ns3:cad>54</ns3:cad>
          </ns3:TrackPointExtension>
        </extensions>
      </trkpt>
      <trkpt lat="42.575745396316051483154296875" lon="-5.64627117477357387542724609375">
        <ele>881.20001220703125</ele>
        <time>2025-10-03T13:49:28.000Z</time>
        <extensions>
          <ns3:TrackPointExtension>
            <ns3:hr>94</ns3:hr>
            <ns3:cad>53</ns3:cad>
          </ns3:TrackPointExtension>
        </extensions>
      </trkpt>
      <trkpt lat="42.5756778381764888763427734375" lon="-5.6463170237839221954345703125">
        <ele>881.5999755859375</ele>
        <time>2025-10-03T13:49:35.000Z</time>
        <extensions>
          <ns3:TrackPointExtension>
            <ns3:hr>95</ns3:hr>
            <ns3:cad>54</ns3:cad>
          </ns3:TrackPointExtension>
        </extensions>
      </trkpt>
      <trkpt lat="42.57566836662590503692626953125" lon="-5.64632448367774486541748046875">
        <ele>881.5999755859375</ele>
        <time>2025-10-03T13:49:36.000Z</time>
        <extensions>
          <ns3:TrackPointExtension>
            <ns3:hr>96</ns3:hr>
            <ns3:cad>53</ns3:cad>
          </ns3:TrackPointExtension>
        </extensions>
      </trkpt>
      <trkpt lat="42.5755658559501171112060546875" lon="-5.64638617448508739471435546875">
        <ele>882.20001220703125</ele>
        <time>2025-10-03T13:49:46.000Z</time>
        <extensions>
          <ns3:TrackPointExtension>
            <ns3:hr>98</ns3:hr>
            <ns3:cad>53</ns3:cad>
          </ns3:TrackPointExtension>
        </extensions>
      </trkpt>
      <trkpt lat="42.5755058415234088897705078125" lon="-5.64642255194485187530517578125">
        <ele>882.5999755859375</ele>
        <time>2025-10-03T13:49:52.000Z</time>
        <extensions>
          <ns3:TrackPointExtension>
            <ns3:hr>101</ns3:hr>
            <ns3:cad>53</ns3:cad>
          </ns3:TrackPointExtension>
        </extensions>
      </trkpt>
      <trkpt lat="42.57548530586063861846923828125" lon="-5.64643579535186290740966796875">
        <ele>882.79998779296875</ele>
        <time>2025-10-03T13:49:54.000Z</time>
        <extensions>
          <ns3:TrackPointExtension>
            <ns3:hr>101</ns3:hr>
            <ns3:cad>53</ns3:cad>
          </ns3:TrackPointExtension>
        </extensions>
      </trkpt>
      <trkpt lat="42.57546267472207546234130859375" lon="-5.6464461050927639007568359375">
        <ele>882.79998779296875</ele>
        <time>2025-10-03T13:49:56.000Z</time>
        <extensions>
          <ns3:TrackPointExtension>
            <ns3:hr>102</ns3:hr>
            <ns3:cad>54</ns3:cad>
          </ns3:TrackPointExtension>
        </extensions>
      </trkpt>
      <trkpt lat="42.57534415461122989654541015625" lon="-5.64652011729776859283447265625">
        <ele>883.79998779296875</ele>
        <time>2025-10-03T13:50:07.000Z</time>
        <extensions>
          <ns3:TrackPointExtension>
            <ns3:hr>103</ns3:hr>
            <ns3:cad>53</ns3:cad>
          </ns3:TrackPointExtension>
        </extensions>
      </trkpt>
      <trkpt lat="42.57533526979386806488037109375" lon="-5.64652464352548122406005859375">
        <ele>883.79998779296875</ele>
        <time>2025-10-03T13:50:08.000Z</time>
        <extensions>
          <ns3:TrackPointExtension>
            <ns3:hr>103</ns3:hr>
            <ns3:cad>53</ns3:cad>
          </ns3:TrackPointExtension>
        </extensions>
      </trkpt>
      <trkpt lat="42.57524055428802967071533203125" lon="-5.64659287221729755401611328125">
        <ele>884.4000244140625</ele>
        <time>2025-10-03T13:50:18.000Z</time>
        <extensions>
          <ns3:TrackPointExtension>
            <ns3:hr>103</ns3:hr>
            <ns3:cad>54</ns3:cad>
          </ns3:TrackPointExtension>
        </extensions>
      </trkpt>
      <trkpt lat="42.57521306164562702178955078125" lon="-5.646616928279399871826171875">
        <ele>884.79998779296875</ele>
        <time>2025-10-03T13:50:21.000Z</time>
        <extensions>
          <ns3:TrackPointExtension>
            <ns3:hr>104</ns3:hr>
            <ns3:cad>53</ns3:cad>
          </ns3:TrackPointExtension>
        </extensions>
      </trkpt>
      <trkpt lat="42.57515095174312591552734375" lon="-5.64664852805435657501220703125">
        <ele>885.4000244140625</ele>
        <time>2025-10-03T13:50:27.000Z</time>
        <extensions>
          <ns3:TrackPointExtension>
            <ns3:hr>105</ns3:hr>
            <ns3:cad>53</ns3:cad>
          </ns3:TrackPointExtension>
        </extensions>
      </trkpt>
      <trkpt lat="42.57510401308536529541015625" lon="-5.64668037928640842437744140625">
        <ele>885.79998779296875</ele>
        <time>2025-10-03T13:50:32.000Z</time>
        <extensions>
          <ns3:TrackPointExtension>
            <ns3:hr>105</ns3:hr>
            <ns3:cad>52</ns3:cad>
          </ns3:TrackPointExtension>
        </extensions>
      </trkpt>
      <trkpt lat="42.57507408969104290008544921875" lon="-5.64668976701796054840087890625">
        <ele>886.20001220703125</ele>
        <time>2025-10-03T13:50:35.000Z</time>
        <extensions>
          <ns3:TrackPointExtension>
            <ns3:hr>104</ns3:hr>
            <ns3:cad>53</ns3:cad>
          </ns3:TrackPointExtension>
        </extensions>
      </trkpt>
      <trkpt lat="42.5750126503407955169677734375" lon="-5.6467325985431671142578125">
        <ele>886.79998779296875</ele>
        <time>2025-10-03T13:50:41.000Z</time>
        <extensions>
          <ns3:TrackPointExtension>
            <ns3:hr>110</ns3:hr>
            <ns3:cad>53</ns3:cad>
          </ns3:TrackPointExtension>
        </extensions>
      </trkpt>
      <trkpt lat="42.57500183768570423126220703125" lon="-5.64673720858991146087646484375">
        <ele>886.79998779296875</ele>
        <time>2025-10-03T13:50:42.000Z</time>
        <extensions>
          <ns3:TrackPointExtension>
            <ns3:hr>115</ns3:hr>
            <ns3:cad>53</ns3:cad>
          </ns3:TrackPointExtension>
        </extensions>
      </trkpt>
      <trkpt lat="42.5749851576983928680419921875" lon="-5.6467486917972564697265625">
        <ele>887</ele>
        <time>2025-10-03T13:50:44.000Z</time>
        <extensions>
          <ns3:TrackPointExtension>
            <ns3:hr>116</ns3:hr>
            <ns3:cad>53</ns3:cad>
          </ns3:TrackPointExtension>
        </extensions>
      </trkpt>
      <trkpt lat="42.57491215132176876068115234375" lon="-5.64680174924433231353759765625">
        <ele>888</ele>
        <time>2025-10-03T13:50:52.000Z</time>
        <extensions>
          <ns3:TrackPointExtension>
            <ns3:hr>118</ns3:hr>
            <ns3:cad>103</ns3:cad>
          </ns3:TrackPointExtension>
        </extensions>
      </trkpt>
      <trkpt lat="42.57488398812711238861083984375" lon="-5.64682446420192718505859375">
        <ele>888.4000244140625</ele>
        <time>2025-10-03T13:50:55.000Z</time>
        <extensions>
          <ns3:TrackPointExtension>
            <ns3:hr>118</ns3:hr>
            <ns3:cad>52</ns3:cad>
          </ns3:TrackPointExtension>
        </extensions>
      </trkpt>
      <trkpt lat="42.57484115660190582275390625" lon="-5.64685338176786899566650390625">
        <ele>889</ele>
        <time>2025-10-03T13:51:00.000Z</time>
        <extensions>
          <ns3:TrackPointExtension>
            <ns3:hr>118</ns3:hr>
            <ns3:cad>51</ns3:cad>
          </ns3:TrackPointExtension>
        </extensions>
      </trkpt>
      <trkpt lat="42.5748217105865478515625" lon="-5.64686947502195835113525390625">
        <ele>889.4000244140625</ele>
        <time>2025-10-03T13:51:02.000Z</time>
        <extensions>
          <ns3:TrackPointExtension>
            <ns3:hr>118</ns3:hr>
            <ns3:cad>52</ns3:cad>
          </ns3:TrackPointExtension>
        </extensions>
      </trkpt>
      <trkpt lat="42.574763707816600799560546875" lon="-5.64691171981394290924072265625">
        <ele>890.20001220703125</ele>
        <time>2025-10-03T13:51:09.000Z</time>
        <extensions>
          <ns3:TrackPointExtension>
            <ns3:hr>119</ns3:hr>
            <ns3:cad>50</ns3:cad>
          </ns3:TrackPointExtension>
        </extensions>
      </trkpt>
      <trkpt lat="42.57472322322428226470947265625" lon="-5.6469399668276309967041015625">
        <ele>890.79998779296875</ele>
        <time>2025-10-03T13:51:13.000Z</time>
        <extensions>
          <ns3:TrackPointExtension>
            <ns3:hr>119</ns3:hr>
            <ns3:cad>52</ns3:cad>
          </ns3:TrackPointExtension>
        </extensions>
      </trkpt>
      <trkpt lat="42.574690282344818115234375" lon="-5.64696217887103557586669921875">
        <ele>891.20001220703125</ele>
        <time>2025-10-03T13:51:17.000Z</time>
        <extensions>
          <ns3:TrackPointExtension>
            <ns3:hr>120</ns3:hr>
            <ns3:cad>50</ns3:cad>
          </ns3:TrackPointExtension>
        </extensions>
      </trkpt>
      <trkpt lat="42.574663795530796051025390625" lon="-5.64698732458055019378662109375">
        <ele>891.79998779296875</ele>
        <time>2025-10-03T13:51:20.000Z</time>
        <extensions>
          <ns3:TrackPointExtension>
            <ns3:hr>120</ns3:hr>
            <ns3:cad>49</ns3:cad>
          </ns3:TrackPointExtension>
        </extensions>
      </trkpt>
      <trkpt lat="42.57463688962161540985107421875" lon="-5.64700559712946414947509765625">
        <ele>892.20001220703125</ele>
        <time>2025-10-03T13:51:23.000Z</time>
        <extensions>
          <ns3:TrackPointExtension>
            <ns3:hr>120</ns3:hr>
            <ns3:cad>50</ns3:cad>
          </ns3:TrackPointExtension>
        </extensions>
      </trkpt>
      <trkpt lat="42.57459313608705997467041015625" lon="-5.6470356881618499755859375">
        <ele>892.5999755859375</ele>
        <time>2025-10-03T13:51:28.000Z</time>
        <extensions>
          <ns3:TrackPointExtension>
            <ns3:hr>121</ns3:hr>
            <ns3:cad>50</ns3:cad>
          </ns3:TrackPointExtension>
        </extensions>
      </trkpt>
      <trkpt lat="42.574526332318782806396484375" lon="-5.64708170481026172637939453125">
        <ele>893.20001220703125</ele>
        <time>2025-10-03T13:51:35.000Z</time>
        <extensions>
          <ns3:TrackPointExtension>
            <ns3:hr>122</ns3:hr>
            <ns3:cad>51</ns3:cad>
          </ns3:TrackPointExtension>
        </extensions>
      </trkpt>
      <trkpt lat="42.57449322380125522613525390625" lon="-5.64711146056652069091796875">
        <ele>893.4000244140625</ele>
        <time>2025-10-03T13:51:38.000Z</time>
        <extensions>
          <ns3:TrackPointExtension>
            <ns3:hr>123</ns3:hr>
            <ns3:cad>0</ns3:cad>
          </ns3:TrackPointExtension>
        </extensions>
      </trkpt>
      <trkpt lat="42.57447713054716587066650390625" lon="-5.64713082276284694671630859375">
        <ele>894</ele>
        <time>2025-10-03T13:51:44.000Z</time>
        <extensions>
          <ns3:TrackPointExtension>
            <ns3:hr>122</ns3:hr>
            <ns3:cad>0</ns3:cad>
          </ns3:TrackPointExtension>
        </extensions>
      </trkpt>
      <trkpt lat="42.57447713054716587066650390625" lon="-5.64713082276284694671630859375">
        <ele>893.79998779296875</ele>
        <time>2025-10-03T13:51:54.000Z</time>
        <extensions>
          <ns3:TrackPointExtension>
            <ns3:hr>119</ns3:hr>
            <ns3:cad>0</ns3:cad>
          </ns3:TrackPointExtension>
        </extensions>
      </trkpt>
      <trkpt lat="42.5744460336863994598388671875" lon="-5.64715026877820491790771484375">
        <ele>893.79998779296875</ele>
        <time>2025-10-03T13:52:03.000Z</time>
        <extensions>
          <ns3:TrackPointExtension>
            <ns3:hr>117</ns3:hr>
            <ns3:cad>0</ns3:cad>
          </ns3:TrackPointExtension>
        </extensions>
      </trkpt>
      <trkpt lat="42.5743789784610271453857421875" lon="-5.64723157323896884918212890625">
        <ele>893.79998779296875</ele>
        <time>2025-10-03T13:52:11.000Z</time>
        <extensions>
          <ns3:TrackPointExtension>
            <ns3:hr>117</ns3:hr>
            <ns3:cad>51</ns3:cad>
          </ns3:TrackPointExtension>
        </extensions>
      </trkpt>
      <trkpt lat="42.57429599761962890625" lon="-5.64730198122560977935791015625">
        <ele>894.20001220703125</ele>
        <time>2025-10-03T13:52:19.000Z</time>
        <extensions>
          <ns3:TrackPointExtension>
            <ns3:hr>117</ns3:hr>
            <ns3:cad>55</ns3:cad>
          </ns3:TrackPointExtension>
        </extensions>
      </trkpt>
      <trkpt lat="42.5742864422500133514404296875" lon="-5.6473081000149250030517578125">
        <ele>894.20001220703125</ele>
        <time>2025-10-03T13:52:20.000Z</time>
        <extensions>
          <ns3:TrackPointExtension>
            <ns3:hr>117</ns3:hr>
            <ns3:cad>55</ns3:cad>
          </ns3:TrackPointExtension>
        </extensions>
      </trkpt>
      <trkpt lat="42.57419734261929988861083984375" lon="-5.64739569090306758880615234375">
        <ele>894.5999755859375</ele>
        <time>2025-10-03T13:52:30.000Z</time>
        <extensions>
          <ns3:TrackPointExtension>
            <ns3:hr>118</ns3:hr>
            <ns3:cad>54</ns3:cad>
          </ns3:TrackPointExtension>
        </extensions>
      </trkpt>
      <trkpt lat="42.57409910671412944793701171875" lon="-5.6474730558693408966064453125">
        <ele>894.79998779296875</ele>
        <time>2025-10-03T13:52:40.000Z</time>
        <extensions>
          <ns3:TrackPointExtension>
            <ns3:hr>118</ns3:hr>
            <ns3:cad>55</ns3:cad>
          </ns3:TrackPointExtension>
        </extensions>
      </trkpt>
      <trkpt lat="42.57398209534585475921630859375" lon="-5.64756467007100582122802734375">
        <ele>894.5999755859375</ele>
        <time>2025-10-03T13:52:51.000Z</time>
        <extensions>
          <ns3:TrackPointExtension>
            <ns3:hr>116</ns3:hr>
            <ns3:cad>56</ns3:cad>
          </ns3:TrackPointExtension>
        </extensions>
      </trkpt>
      <trkpt lat="42.5739129446446895599365234375" lon="-5.6476380117237567901611328125">
        <ele>894.79998779296875</ele>
        <time>2025-10-03T13:52:58.000Z</time>
        <extensions>
          <ns3:TrackPointExtension>
            <ns3:hr>119</ns3:hr>
            <ns3:cad>55</ns3:cad>
          </ns3:TrackPointExtension>
        </extensions>
      </trkpt>
      <trkpt lat="42.5738814286887645721435546875" lon="-5.6476598046720027923583984375">
        <ele>894.79998779296875</ele>
        <time>2025-10-03T13:53:01.000Z</time>
        <extensions>
          <ns3:TrackPointExtension>
            <ns3:hr>118</ns3:hr>
            <ns3:cad>55</ns3:cad>
          </ns3:TrackPointExtension>
        </extensions>
      </trkpt>
      <trkpt lat="42.57381387054920196533203125" lon="-5.64772409386932849884033203125">
        <ele>894.5999755859375</ele>
        <time>2025-10-03T13:53:08.000Z</time>
        <extensions>
          <ns3:TrackPointExtension>
            <ns3:hr>115</ns3:hr>
            <ns3:cad>54</ns3:cad>
          </ns3:TrackPointExtension>
        </extensions>
      </trkpt>
      <trkpt lat="42.57377992384135723114013671875" lon="-5.64775611273944377899169921875">
        <ele>894.79998779296875</ele>
        <time>2025-10-03T13:53:12.000Z</time>
        <extensions>
          <ns3:TrackPointExtension>
            <ns3:hr>114</ns3:hr>
            <ns3:cad>55</ns3:cad>
          </ns3:TrackPointExtension>
        </extensions>
      </trkpt>
      <trkpt lat="42.57365687750279903411865234375" lon="-5.64786675386130809783935546875">
        <ele>894.79998779296875</ele>
        <time>2025-10-03T13:53:24.000Z</time>
        <extensions>
          <ns3:TrackPointExtension>
            <ns3:hr>113</ns3:hr>
            <ns3:cad>55</ns3:cad>
          </ns3:TrackPointExtension>
        </extensions>
      </trkpt>
      <trkpt lat="42.5735811889171600341796875" lon="-5.647930540144443511962890625">
        <ele>894.79998779296875</ele>
        <time>2025-10-03T13:53:32.000Z</time>
        <extensions>
          <ns3:TrackPointExtension>
            <ns3:hr>114</ns3:hr>
            <ns3:cad>56</ns3:cad>
          </ns3:TrackPointExtension>
        </extensions>
      </trkpt>
      <trkpt lat="42.573499716818332672119140625" lon="-5.64802517183125019073486328125">
        <ele>894.79998779296875</ele>
        <time>2025-10-03T13:53:41.000Z</time>
        <extensions>
          <ns3:TrackPointExtension>
            <ns3:hr>114</ns3:hr>
            <ns3:cad>56</ns3:cad>
          </ns3:TrackPointExtension>
        </extensions>
      </trkpt>
      <trkpt lat="42.5733986310660839080810546875" lon="-5.64810966141521930694580078125">
        <ele>895</ele>
        <time>2025-10-03T13:53:51.000Z</time>
        <extensions>
          <ns3:TrackPointExtension>
            <ns3:hr>113</ns3:hr>
            <ns3:cad>57</ns3:cad>
          </ns3:TrackPointExtension>
        </extensions>
      </trkpt>
      <trkpt lat="42.573298551142215728759765625" lon="-5.64821108244359493255615234375">
        <ele>894.5999755859375</ele>
        <time>2025-10-03T13:54:02.000Z</time>
        <extensions>
          <ns3:TrackPointExtension>
            <ns3:hr>112</ns3:hr>
            <ns3:cad>57</ns3:cad>
          </ns3:TrackPointExtension>
        </extensions>
      </trkpt>
      <trkpt lat="42.57319754920899868011474609375" lon="-5.6482721865177154541015625">
        <ele>894.79998779296875</ele>
        <time>2025-10-03T13:54:11.000Z</time>
        <extensions>
          <ns3:TrackPointExtension>
            <ns3:hr>111</ns3:hr>
            <ns3:cad>56</ns3:cad>
          </ns3:TrackPointExtension>
        </extensions>
      </trkpt>
      <trkpt lat="42.5731129758059978485107421875" lon="-5.64836346544325351715087890625">
        <ele>894.5999755859375</ele>
        <time>2025-10-03T13:54:20.000Z</time>
        <extensions>
          <ns3:TrackPointExtension>
            <ns3:hr>110</ns3:hr>
            <ns3:cad>56</ns3:cad>
          </ns3:TrackPointExtension>
        </extensions>
      </trkpt>
      <trkpt lat="42.573037035763263702392578125" lon="-5.64842180348932743072509765625">
        <ele>894.5999755859375</ele>
        <time>2025-10-03T13:54:27.000Z</time>
        <extensions>
          <ns3:TrackPointExtension>
            <ns3:hr>106</ns3:hr>
            <ns3:cad>57</ns3:cad>
          </ns3:TrackPointExtension>
        </extensions>
      </trkpt>
      <trkpt lat="42.5730066932737827301025390625" lon="-5.64844585955142974853515625">
        <ele>894.5999755859375</ele>
        <time>2025-10-03T13:54:30.000Z</time>
        <extensions>
          <ns3:TrackPointExtension>
            <ns3:hr>103</ns3:hr>
            <ns3:cad>57</ns3:cad>
          </ns3:TrackPointExtension>
        </extensions>
      </trkpt>
      <trkpt lat="42.57289982400834560394287109375" lon="-5.648546777665615081787109375">
        <ele>894.20001220703125</ele>
        <time>2025-10-03T13:54:41.000Z</time>
        <extensions>
          <ns3:TrackPointExtension>
            <ns3:hr>102</ns3:hr>
            <ns3:cad>57</ns3:cad>
          </ns3:TrackPointExtension>
        </extensions>
      </trkpt>
      <trkpt lat="42.5727887637913227081298828125" lon="-5.64862397499382495880126953125">
        <ele>893.79998779296875</ele>
        <time>2025-10-03T13:54:51.000Z</time>
        <extensions>
          <ns3:TrackPointExtension>
            <ns3:hr>102</ns3:hr>
            <ns3:cad>58</ns3:cad>
          </ns3:TrackPointExtension>
        </extensions>
      </trkpt>
      <trkpt lat="42.572689019143581390380859375" lon="-5.648707039654254913330078125">
        <ele>893.20001220703125</ele>
        <time>2025-10-03T13:55:01.000Z</time>
        <extensions>
          <ns3:TrackPointExtension>
            <ns3:hr>102</ns3:hr>
            <ns3:cad>58</ns3:cad>
          </ns3:TrackPointExtension>
        </extensions>
      </trkpt>
      <trkpt lat="42.57267937995493412017822265625" lon="-5.64871885813772678375244140625">
        <ele>893.20001220703125</ele>
        <time>2025-10-03T13:55:02.000Z</time>
        <extensions>
          <ns3:TrackPointExtension>
            <ns3:hr>102</ns3:hr>
            <ns3:cad>57</ns3:cad>
          </ns3:TrackPointExtension>
        </extensions>
      </trkpt>
      <trkpt lat="42.5725802220404148101806640625" lon="-5.64881910569965839385986328125">
        <ele>892.20001220703125</ele>
        <time>2025-10-03T13:55:12.000Z</time>
        <extensions>
          <ns3:TrackPointExtension>
            <ns3:hr>101</ns3:hr>
            <ns3:cad>57</ns3:cad>
          </ns3:TrackPointExtension>
        </extensions>
      </trkpt>
      <trkpt lat="42.57257460616528987884521484375" lon="-5.648831427097320556640625">
        <ele>892.20001220703125</ele>
        <time>2025-10-03T13:55:13.000Z</time>
        <extensions>
          <ns3:TrackPointExtension>
            <ns3:hr>100</ns3:hr>
            <ns3:cad>57</ns3:cad>
          </ns3:TrackPointExtension>
        </extensions>
      </trkpt>
      <trkpt lat="42.572516016662120819091796875" lon="-5.64890493638813495635986328125">
        <ele>891.5999755859375</ele>
        <time>2025-10-03T13:55:20.000Z</time>
        <extensions>
          <ns3:TrackPointExtension>
            <ns3:hr>100</ns3:hr>
            <ns3:cad>57</ns3:cad>
          </ns3:TrackPointExtension>
        </extensions>
      </trkpt>
      <trkpt lat="42.57246513850986957550048828125" lon="-5.64895204268395900726318359375">
        <ele>891.20001220703125</ele>
        <time>2025-10-03T13:55:25.000Z</time>
        <extensions>
          <ns3:TrackPointExtension>
            <ns3:hr>100</ns3:hr>
            <ns3:cad>58</ns3:cad>
          </ns3:TrackPointExtension>
        </extensions>
      </trkpt>
      <trkpt lat="42.57242121733725070953369140625" lon="-5.64899512566626071929931640625">
        <ele>890.79998779296875</ele>
        <time>2025-10-03T13:55:30.000Z</time>
        <extensions>
          <ns3:TrackPointExtension>
            <ns3:hr>99</ns3:hr>
            <ns3:cad>57</ns3:cad>
          </ns3:TrackPointExtension>
        </extensions>
      </trkpt>
      <trkpt lat="42.57234938442707061767578125" lon="-5.649069137871265411376953125">
        <ele>890.4000244140625</ele>
        <time>2025-10-03T13:55:37.000Z</time>
        <extensions>
          <ns3:TrackPointExtension>
            <ns3:hr>96</ns3:hr>
            <ns3:cad>57</ns3:cad>
          </ns3:TrackPointExtension>
        </extensions>
      </trkpt>
      <trkpt lat="42.5723388232290744781494140625" lon="-5.6490795314311981201171875">
        <ele>890.4000244140625</ele>
        <time>2025-10-03T13:55:38.000Z</time>
        <extensions>
          <ns3:TrackPointExtension>
            <ns3:hr>96</ns3:hr>
            <ns3:cad>58</ns3:cad>
          </ns3:TrackPointExtension>
        </extensions>
      </trkpt>
      <trkpt lat="42.57229817099869251251220703125" lon="-5.6491169147193431854248046875">
        <ele>890.20001220703125</ele>
        <time>2025-10-03T13:55:42.000Z</time>
        <extensions>
          <ns3:TrackPointExtension>
            <ns3:hr>94</ns3:hr>
            <ns3:cad>57</ns3:cad>
          </ns3:TrackPointExtension>
        </extensions>
      </trkpt>
      <trkpt lat="42.5722301937639713287353515625" lon="-5.649165697395801544189453125">
        <ele>890</ele>
        <time>2025-10-03T13:55:49.000Z</time>
        <extensions>
          <ns3:TrackPointExtension>
            <ns3:hr>92</ns3:hr>
            <ns3:cad>57</ns3:cad>
          </ns3:TrackPointExtension>
        </extensions>
      </trkpt>
      <trkpt lat="42.5721373222768306732177734375" lon="-5.6492476724088191986083984375">
        <ele>890</ele>
        <time>2025-10-03T13:55:58.000Z</time>
        <extensions>
          <ns3:TrackPointExtension>
            <ns3:hr>93</ns3:hr>
            <ns3:cad>56</ns3:cad>
          </ns3:TrackPointExtension>
        </extensions>
      </trkpt>
      <trkpt lat="42.5720263458788394927978515625" lon="-5.6493214331567287445068359375">
        <ele>890.20001220703125</ele>
        <time>2025-10-03T13:56:09.000Z</time>
        <extensions>
          <ns3:TrackPointExtension>
            <ns3:hr>94</ns3:hr>
            <ns3:cad>56</ns3:cad>
          </ns3:TrackPointExtension>
        </extensions>
      </trkpt>
      <trkpt lat="42.5719328038394451141357421875" lon="-5.64935688860714435577392578125">
        <ele>890.79998779296875</ele>
        <time>2025-10-03T13:56:17.000Z</time>
        <extensions>
          <ns3:TrackPointExtension>
            <ns3:hr>95</ns3:hr>
            <ns3:cad>55</ns3:cad>
          </ns3:TrackPointExtension>
        </extensions>
      </trkpt>
      <trkpt lat="42.57184445858001708984375" lon="-5.649388991296291351318359375">
        <ele>891</ele>
        <time>2025-10-03T13:56:25.000Z</time>
        <extensions>
          <ns3:TrackPointExtension>
            <ns3:hr>97</ns3:hr>
            <ns3:cad>53</ns3:cad>
          </ns3:TrackPointExtension>
        </extensions>
      </trkpt>
      <trkpt lat="42.57182392291724681854248046875" lon="-5.649399049580097198486328125">
        <ele>891.20001220703125</ele>
        <time>2025-10-03T13:56:27.000Z</time>
        <extensions>
          <ns3:TrackPointExtension>
            <ns3:hr>98</ns3:hr>
            <ns3:cad>53</ns3:cad>
          </ns3:TrackPointExtension>
        </extensions>
      </trkpt>
      <trkpt lat="42.57176340557634830474853515625" lon="-5.64942645840346813201904296875">
        <ele>891.4000244140625</ele>
        <time>2025-10-03T13:56:33.000Z</time>
        <extensions>
          <ns3:TrackPointExtension>
            <ns3:hr>101</ns3:hr>
            <ns3:cad>53</ns3:cad>
          </ns3:TrackPointExtension>
        </extensions>
      </trkpt>
      <trkpt lat="42.57175393402576446533203125" lon="-5.649432241916656494140625">
        <ele>891.4000244140625</ele>
        <time>2025-10-03T13:56:34.000Z</time>
        <extensions>
          <ns3:TrackPointExtension>
            <ns3:hr>101</ns3:hr>
            <ns3:cad>53</ns3:cad>
          </ns3:TrackPointExtension>
        </extensions>
      </trkpt>
      <trkpt lat="42.571648322045803070068359375" lon="-5.649488903582096099853515625">
        <ele>891.79998779296875</ele>
        <time>2025-10-03T13:56:44.000Z</time>
        <extensions>
          <ns3:TrackPointExtension>
            <ns3:hr>102</ns3:hr>
            <ns3:cad>53</ns3:cad>
          </ns3:TrackPointExtension>
        </extensions>
      </trkpt>
      <trkpt lat="42.5715861283242702484130859375" lon="-5.6495175696909427642822265625">
        <ele>892.20001220703125</ele>
        <time>2025-10-03T13:56:50.000Z</time>
        <extensions>
          <ns3:TrackPointExtension>
            <ns3:hr>103</ns3:hr>
            <ns3:cad>51</ns3:cad>
          </ns3:TrackPointExtension>
        </extensions>
      </trkpt>
      <trkpt lat="42.57155519910156726837158203125" lon="-5.64952947199344635009765625">
        <ele>892.4000244140625</ele>
        <time>2025-10-03T13:56:53.000Z</time>
        <extensions>
          <ns3:TrackPointExtension>
            <ns3:hr>104</ns3:hr>
            <ns3:cad>50</ns3:cad>
          </ns3:TrackPointExtension>
        </extensions>
      </trkpt>
      <trkpt lat="42.57151789963245391845703125" lon="-5.64955092966556549072265625">
        <ele>892.5999755859375</ele>
        <time>2025-10-03T13:56:57.000Z</time>
        <extensions>
          <ns3:TrackPointExtension>
            <ns3:hr>107</ns3:hr>
            <ns3:cad>51</ns3:cad>
          </ns3:TrackPointExtension>
        </extensions>
      </trkpt>
      <trkpt lat="42.57145998068153858184814453125" lon="-5.64958269707858562469482421875">
        <ele>892.79998779296875</ele>
        <time>2025-10-03T13:57:03.000Z</time>
        <extensions>
          <ns3:TrackPointExtension>
            <ns3:hr>110</ns3:hr>
            <ns3:cad>51</ns3:cad>
          </ns3:TrackPointExtension>
        </extensions>
      </trkpt>
      <trkpt lat="42.57139988243579864501953125" lon="-5.649610273540019989013671875">
        <ele>893</ele>
        <time>2025-10-03T13:57:09.000Z</time>
        <extensions>
          <ns3:TrackPointExtension>
            <ns3:hr>107</ns3:hr>
            <ns3:cad>51</ns3:cad>
          </ns3:TrackPointExtension>
        </extensions>
      </trkpt>
      <trkpt lat="42.57137984968721866607666015625" lon="-5.64962309785187244415283203125">
        <ele>893</ele>
        <time>2025-10-03T13:57:11.000Z</time>
        <extensions>
          <ns3:TrackPointExtension>
            <ns3:hr>106</ns3:hr>
            <ns3:cad>51</ns3:cad>
          </ns3:TrackPointExtension>
        </extensions>
      </trkpt>
      <trkpt lat="42.57134933955967426300048828125" lon="-5.64963634125888347625732421875">
        <ele>893.20001220703125</ele>
        <time>2025-10-03T13:57:14.000Z</time>
        <extensions>
          <ns3:TrackPointExtension>
            <ns3:hr>106</ns3:hr>
            <ns3:cad>51</ns3:cad>
          </ns3:TrackPointExtension>
        </extensions>
      </trkpt>
      <trkpt lat="42.571284882724285125732421875" lon="-5.649663917720317840576171875">
        <ele>893.5999755859375</ele>
        <time>2025-10-03T13:57:20.000Z</time>
        <extensions>
          <ns3:TrackPointExtension>
            <ns3:hr>106</ns3:hr>
            <ns3:cad>53</ns3:cad>
          </ns3:TrackPointExtension>
        </extensions>
      </trkpt>
      <trkpt lat="42.57116896100342273712158203125" lon="-5.6497046537697315216064453125">
        <ele>893.5999755859375</ele>
        <time>2025-10-03T13:57:31.000Z</time>
        <extensions>
          <ns3:TrackPointExtension>
            <ns3:hr>108</ns3:hr>
            <ns3:cad>53</ns3:cad>
          </ns3:TrackPointExtension>
        </extensions>
      </trkpt>
      <trkpt lat="42.57102378644049167633056640625" lon="-5.64974145032465457916259765625">
        <ele>893.79998779296875</ele>
        <time>2025-10-03T13:57:44.000Z</time>
        <extensions>
          <ns3:TrackPointExtension>
            <ns3:hr>107</ns3:hr>
            <ns3:cad>54</ns3:cad>
          </ns3:TrackPointExtension>
        </extensions>
      </trkpt>
      <trkpt lat="42.57094130851328372955322265625" lon="-5.649830885231494903564453125">
        <ele>894.20001220703125</ele>
        <time>2025-10-03T13:57:54.000Z</time>
        <extensions>
          <ns3:TrackPointExtension>
            <ns3:hr>106</ns3:hr>
            <ns3:cad>54</ns3:cad>
          </ns3:TrackPointExtension>
        </extensions>
      </trkpt>
      <trkpt lat="42.57091700099408626556396484375" lon="-5.64989618025720119476318359375">
        <ele>894.20001220703125</ele>
        <time>2025-10-03T13:57:58.000Z</time>
        <extensions>
          <ns3:TrackPointExtension>
            <ns3:hr>106</ns3:hr>
            <ns3:cad>53</ns3:cad>
          </ns3:TrackPointExtension>
        </extensions>
      </trkpt>
      <trkpt lat="42.5708770193159580230712890625" lon="-5.64996373839676380157470703125">
        <ele>894.5999755859375</ele>
        <time>2025-10-03T13:58:04.000Z</time>
        <extensions>
          <ns3:TrackPointExtension>
            <ns3:hr>106</ns3:hr>
            <ns3:cad>0</ns3:cad>
          </ns3:TrackPointExtension>
        </extensions>
      </trkpt>
      <trkpt lat="42.57079613395035266876220703125" lon="-5.6499983556568622589111328125">
        <ele>894.79998779296875</ele>
        <time>2025-10-03T13:58:12.000Z</time>
        <extensions>
          <ns3:TrackPointExtension>
            <ns3:hr>105</ns3:hr>
            <ns3:cad>55</ns3:cad>
          </ns3:TrackPointExtension>
        </extensions>
      </trkpt>
      <trkpt lat="42.57075271569192409515380859375" lon="-5.6500057317316532135009765625">
        <ele>895</ele>
        <time>2025-10-03T13:58:16.000Z</time>
        <extensions>
          <ns3:TrackPointExtension>
            <ns3:hr>102</ns3:hr>
            <ns3:cad>55</ns3:cad>
          </ns3:TrackPointExtension>
        </extensions>
      </trkpt>
      <trkpt lat="42.57067836821079254150390625" lon="-5.6500102579593658447265625">
        <ele>894.79998779296875</ele>
        <time>2025-10-03T13:58:23.000Z</time>
        <extensions>
          <ns3:TrackPointExtension>
            <ns3:hr>101</ns3:hr>
            <ns3:cad>56</ns3:cad>
          </ns3:TrackPointExtension>
        </extensions>
      </trkpt>
      <trkpt lat="42.57065615616738796234130859375" lon="-5.65002006478607654571533203125">
        <ele>894.79998779296875</ele>
        <time>2025-10-03T13:58:25.000Z</time>
        <extensions>
          <ns3:TrackPointExtension>
            <ns3:hr>98</ns3:hr>
            <ns3:cad>55</ns3:cad>
          </ns3:TrackPointExtension>
        </extensions>
      </trkpt>
      <trkpt lat="42.57056705653667449951171875" lon="-5.65003833733499050140380859375">
        <ele>894.79998779296875</ele>
        <time>2025-10-03T13:58:33.000Z</time>
        <extensions>
          <ns3:TrackPointExtension>
            <ns3:hr>99</ns3:hr>
            <ns3:cad>55</ns3:cad>
          </ns3:TrackPointExtension>
        </extensions>
      </trkpt>
      <trkpt lat="42.5704606063663959503173828125" lon="-5.650074295699596405029296875">
        <ele>894.5999755859375</ele>
        <time>2025-10-03T13:58:43.000Z</time>
        <extensions>
          <ns3:TrackPointExtension>
            <ns3:hr>100</ns3:hr>
            <ns3:cad>55</ns3:cad>
          </ns3:TrackPointExtension>
        </extensions>
      </trkpt>
      <trkpt lat="42.5703593529760837554931640625" lon="-5.6501780636608600616455078125">
        <ele>894.79998779296875</ele>
        <time>2025-10-03T13:58:54.000Z</time>
        <extensions>
          <ns3:TrackPointExtension>
            <ns3:hr>99</ns3:hr>
            <ns3:cad>55</ns3:cad>
          </ns3:TrackPointExtension>
        </extensions>
      </trkpt>
      <trkpt lat="42.57031031884253025054931640625" lon="-5.6503125093877315521240234375">
        <ele>895</ele>
        <time>2025-10-03T13:59:04.000Z</time>
        <extensions>
          <ns3:TrackPointExtension>
            <ns3:hr>100</ns3:hr>
            <ns3:cad>55</ns3:cad>
          </ns3:TrackPointExtension>
        </extensions>
      </trkpt>
      <trkpt lat="42.57019951008260250091552734375" lon="-5.650400184094905853271484375">
        <ele>895.20001220703125</ele>
        <time>2025-10-03T13:59:15.000Z</time>
        <extensions>
          <ns3:TrackPointExtension>
            <ns3:hr>99</ns3:hr>
            <ns3:cad>56</ns3:cad>
          </ns3:TrackPointExtension>
        </extensions>
      </trkpt>
      <trkpt lat="42.57009959779679775238037109375" lon="-5.6504335440695285797119140625">
        <ele>895.4000244140625</ele>
        <time>2025-10-03T13:59:24.000Z</time>
        <extensions>
          <ns3:TrackPointExtension>
            <ns3:hr>99</ns3:hr>
            <ns3:cad>55</ns3:cad>
          </ns3:TrackPointExtension>
        </extensions>
      </trkpt>
      <trkpt lat="42.5699965842068195343017578125" lon="-5.65041971392929553985595703125">
        <ele>895.4000244140625</ele>
        <time>2025-10-03T13:59:33.000Z</time>
        <extensions>
          <ns3:TrackPointExtension>
            <ns3:hr>99</ns3:hr>
            <ns3:cad>56</ns3:cad>
          </ns3:TrackPointExtension>
        </extensions>
      </trkpt>
      <trkpt lat="42.5698851048946380615234375" lon="-5.65045441500842571258544921875">
        <ele>895.5999755859375</ele>
        <time>2025-10-03T13:59:43.000Z</time>
        <extensions>
          <ns3:TrackPointExtension>
            <ns3:hr>100</ns3:hr>
            <ns3:cad>56</ns3:cad>
          </ns3:TrackPointExtension>
        </extensions>
      </trkpt>
      <trkpt lat="42.56976499222218990325927734375" lon="-5.65047889016568660736083984375">
        <ele>896</ele>
        <time>2025-10-03T13:59:53.000Z</time>
        <extensions>
          <ns3:TrackPointExtension>
            <ns3:hr>101</ns3:hr>
            <ns3:cad>57</ns3:cad>
          </ns3:TrackPointExtension>
        </extensions>
      </trkpt>
      <trkpt lat="42.5696933269500732421875" lon="-5.65048794262111186981201171875">
        <ele>896</ele>
        <time>2025-10-03T14:00:00.000Z</time>
        <extensions>
          <ns3:TrackPointExtension>
            <ns3:hr>98</ns3:hr>
            <ns3:cad>55</ns3:cad>
          </ns3:TrackPointExtension>
        </extensions>
      </trkpt>
      <trkpt lat="42.56968067027628421783447265625" lon="-5.6504905410110950469970703125">
        <ele>896</ele>
        <time>2025-10-03T14:00:01.000Z</time>
        <extensions>
          <ns3:TrackPointExtension>
            <ns3:hr>98</ns3:hr>
            <ns3:cad>55</ns3:cad>
          </ns3:TrackPointExtension>
        </extensions>
      </trkpt>
      <trkpt lat="42.56959467194974422454833984375" lon="-5.6504660658538341522216796875">
        <ele>896</ele>
        <time>2025-10-03T14:00:09.000Z</time>
        <extensions>
          <ns3:TrackPointExtension>
            <ns3:hr>98</ns3:hr>
            <ns3:cad>53</ns3:cad>
          </ns3:TrackPointExtension>
        </extensions>
      </trkpt>
      <trkpt lat="42.56953650154173374176025390625" lon="-5.6504556722939014434814453125">
        <ele>896.20001220703125</ele>
        <time>2025-10-03T14:00:14.000Z</time>
        <extensions>
          <ns3:TrackPointExtension>
            <ns3:hr>97</ns3:hr>
            <ns3:cad>55</ns3:cad>
          </ns3:TrackPointExtension>
        </extensions>
      </trkpt>
      <trkpt lat="42.56947715766727924346923828125" lon="-5.6504439376294612884521484375">
        <ele>896.5999755859375</ele>
        <time>2025-10-03T14:00:20.000Z</time>
        <extensions>
          <ns3:TrackPointExtension>
            <ns3:hr>98</ns3:hr>
            <ns3:cad>53</ns3:cad>
          </ns3:TrackPointExtension>
        </extensions>
      </trkpt>
      <trkpt lat="42.56936735473573207855224609375" lon="-5.65042306669056415557861328125">
        <ele>895.5999755859375</ele>
        <time>2025-10-03T14:00:31.000Z</time>
        <extensions>
          <ns3:TrackPointExtension>
            <ns3:hr>98</ns3:hr>
            <ns3:cad>55</ns3:cad>
          </ns3:TrackPointExtension>
        </extensions>
      </trkpt>
      <trkpt lat="42.569259814918041229248046875" lon="-5.65039356239140033721923828125">
        <ele>895.20001220703125</ele>
        <time>2025-10-03T14:00:40.000Z</time>
        <extensions>
          <ns3:TrackPointExtension>
            <ns3:hr>98</ns3:hr>
            <ns3:cad>56</ns3:cad>
          </ns3:TrackPointExtension>
        </extensions>
      </trkpt>
      <trkpt lat="42.5692093558609485626220703125" lon="-5.65038015134632587432861328125">
        <ele>895</ele>
        <time>2025-10-03T14:00:45.000Z</time>
        <extensions>
          <ns3:TrackPointExtension>
            <ns3:hr>96</ns3:hr>
            <ns3:cad>56</ns3:cad>
          </ns3:TrackPointExtension>
        </extensions>
      </trkpt>
      <trkpt lat="42.56916836835443973541259765625" lon="-5.65036833286285400390625">
        <ele>894.79998779296875</ele>
        <time>2025-10-03T14:00:49.000Z</time>
        <extensions>
          <ns3:TrackPointExtension>
            <ns3:hr>93</ns3:hr>
            <ns3:cad>56</ns3:cad>
          </ns3:TrackPointExtension>
        </extensions>
      </trkpt>
      <trkpt lat="42.56905403919517993927001953125" lon="-5.6503426842391490936279296875">
        <ele>894.4000244140625</ele>
        <time>2025-10-03T14:01:00.000Z</time>
        <extensions>
          <ns3:TrackPointExtension>
            <ns3:hr>94</ns3:hr>
            <ns3:cad>55</ns3:cad>
          </ns3:TrackPointExtension>
        </extensions>
      </trkpt>
      <trkpt lat="42.56901984103024005889892578125" lon="-5.65033053047955036163330078125">
        <ele>894.20001220703125</ele>
        <time>2025-10-03T14:01:03.000Z</time>
        <extensions>
          <ns3:TrackPointExtension>
            <ns3:hr>93</ns3:hr>
            <ns3:cad>56</ns3:cad>
          </ns3:TrackPointExtension>
        </extensions>
      </trkpt>
      <trkpt lat="42.568919844925403594970703125" lon="-5.6503027863800525665283203125">
        <ele>893.20001220703125</ele>
        <time>2025-10-03T14:01:12.000Z</time>
        <extensions>
          <ns3:TrackPointExtension>
            <ns3:hr>93</ns3:hr>
            <ns3:cad>56</ns3:cad>
          </ns3:TrackPointExtension>
        </extensions>
      </trkpt>
      <trkpt lat="42.5688747502863407135009765625" lon="-5.6502910517156124114990234375">
        <ele>893</ele>
        <time>2025-10-03T14:01:16.000Z</time>
        <extensions>
          <ns3:TrackPointExtension>
            <ns3:hr>93</ns3:hr>
            <ns3:cad>57</ns3:cad>
          </ns3:TrackPointExtension>
        </extensions>
      </trkpt>
      <trkpt lat="42.5687706470489501953125" lon="-5.65026749856770038604736328125">
        <ele>892.20001220703125</ele>
        <time>2025-10-03T14:01:25.000Z</time>
        <extensions>
          <ns3:TrackPointExtension>
            <ns3:hr>93</ns3:hr>
            <ns3:cad>56</ns3:cad>
          </ns3:TrackPointExtension>
        </extensions>
      </trkpt>
      <trkpt lat="42.568745501339435577392578125" lon="-5.6502650678157806396484375">
        <ele>892</ele>
        <time>2025-10-03T14:01:27.000Z</time>
        <extensions>
          <ns3:TrackPointExtension>
            <ns3:hr>93</ns3:hr>
            <ns3:cad>56</ns3:cad>
          </ns3:TrackPointExtension>
        </extensions>
      </trkpt>
      <trkpt lat="42.56865070201456546783447265625" lon="-5.65024872310459613800048828125">
        <ele>891.20001220703125</ele>
        <time>2025-10-03T14:01:36.000Z</time>
        <extensions>
          <ns3:TrackPointExtension>
            <ns3:hr>91</ns3:hr>
            <ns3:cad>56</ns3:cad>
          </ns3:TrackPointExtension>
        </extensions>
      </trkpt>
      <trkpt lat="42.56863963790237903594970703125" lon="-5.650247968733310699462890625">
        <ele>891</ele>
        <time>2025-10-03T14:01:37.000Z</time>
        <extensions>
          <ns3:TrackPointExtension>
            <ns3:hr>90</ns3:hr>
            <ns3:cad>56</ns3:cad>
          </ns3:TrackPointExtension>
        </extensions>
      </trkpt>
      <trkpt lat="42.5685441680252552032470703125" lon="-5.650249309837818145751953125">
        <ele>890</ele>
        <time>2025-10-03T14:01:45.000Z</time>
        <extensions>
          <ns3:TrackPointExtension>
            <ns3:hr>93</ns3:hr>
            <ns3:cad>57</ns3:cad>
          </ns3:TrackPointExtension>
        </extensions>
      </trkpt>
      <trkpt lat="42.56853402592241764068603515625" lon="-5.650248639285564422607421875">
        <ele>889.79998779296875</ele>
        <time>2025-10-03T14:01:46.000Z</time>
        <extensions>
          <ns3:TrackPointExtension>
            <ns3:hr>93</ns3:hr>
            <ns3:cad>57</ns3:cad>
          </ns3:TrackPointExtension>
        </extensions>
      </trkpt>
      <trkpt lat="42.56841148249804973602294921875" lon="-5.6502588652074337005615234375">
        <ele>888.79998779296875</ele>
        <time>2025-10-03T14:01:56.000Z</time>
        <extensions>
          <ns3:TrackPointExtension>
            <ns3:hr>92</ns3:hr>
            <ns3:cad>57</ns3:cad>
          </ns3:TrackPointExtension>
        </extensions>
      </trkpt>
      <trkpt lat="42.56840159185230731964111328125" lon="-5.65026381053030490875244140625">
        <ele>888.5999755859375</ele>
        <time>2025-10-03T14:01:57.000Z</time>
        <extensions>
          <ns3:TrackPointExtension>
            <ns3:hr>92</ns3:hr>
            <ns3:cad>57</ns3:cad>
          </ns3:TrackPointExtension>
        </extensions>
      </trkpt>
      <trkpt lat="42.56831123493611812591552734375" lon="-5.65030303783714771270751953125">
        <ele>887.79998779296875</ele>
        <time>2025-10-03T14:02:06.000Z</time>
        <extensions>
          <ns3:TrackPointExtension>
            <ns3:hr>91</ns3:hr>
            <ns3:cad>56</ns3:cad>
          </ns3:TrackPointExtension>
        </extensions>
      </trkpt>
      <trkpt lat="42.568307630717754364013671875" lon="-5.650306977331638336181640625">
        <ele>887.79998779296875</ele>
        <time>2025-10-03T14:02:07.000Z</time>
        <extensions>
          <ns3:TrackPointExtension>
            <ns3:hr>91</ns3:hr>
            <ns3:cad>56</ns3:cad>
          </ns3:TrackPointExtension>
        </extensions>
      </trkpt>
      <trkpt lat="42.56830486468970775604248046875" lon="-5.65031024627387523651123046875">
        <ele>887.79998779296875</ele>
        <time>2025-10-03T14:02:11.000Z</time>
        <extensions>
          <ns3:TrackPointExtension>
            <ns3:hr>88</ns3:hr>
            <ns3:cad>0</ns3:cad>
          </ns3:TrackPointExtension>
        </extensions>
      </trkpt>
      <trkpt lat="42.56830486468970775604248046875" lon="-5.65031024627387523651123046875">
        <ele>888</ele>
        <time>2025-10-03T14:02:13.000Z</time>
        <extensions>
          <ns3:TrackPointExtension>
            <ns3:hr>88</ns3:hr>
            <ns3:cad>0</ns3:cad>
          </ns3:TrackPointExtension>
        </extensions>
      </trkpt>
      <trkpt lat="42.568262703716754913330078125" lon="-5.65032114274799823760986328125">
        <ele>887.5999755859375</ele>
        <time>2025-10-03T14:02:24.000Z</time>
        <extensions>
          <ns3:TrackPointExtension>
            <ns3:hr>86</ns3:hr>
            <ns3:cad>0</ns3:cad>
          </ns3:TrackPointExtension>
        </extensions>
      </trkpt>
      <trkpt lat="42.56816974841058254241943359375" lon="-5.65035835839807987213134765625">
        <ele>886.5999755859375</ele>
        <time>2025-10-03T14:02:32.000Z</time>
        <extensions>
          <ns3:TrackPointExtension>
            <ns3:hr>87</ns3:hr>
            <ns3:cad>57</ns3:cad>
          </ns3:TrackPointExtension>
        </extensions>
      </trkpt>
      <trkpt lat="42.568146027624607086181640625" lon="-5.65037277527153491973876953125">
        <ele>886.4000244140625</ele>
        <time>2025-10-03T14:02:34.000Z</time>
        <extensions>
          <ns3:TrackPointExtension>
            <ns3:hr>87</ns3:hr>
            <ns3:cad>58</ns3:cad>
          </ns3:TrackPointExtension>
        </extensions>
      </trkpt>
      <trkpt lat="42.568134628236293792724609375" lon="-5.65037981607019901275634765625">
        <ele>886.20001220703125</ele>
        <time>2025-10-03T14:02:35.000Z</time>
        <extensions>
          <ns3:TrackPointExtension>
            <ns3:hr>90</ns3:hr>
            <ns3:cad>58</ns3:cad>
          </ns3:TrackPointExtension>
        </extensions>
      </trkpt>
      <trkpt lat="42.56806455552577972412109375" lon="-5.65041434951126575469970703125">
        <ele>885.5999755859375</ele>
        <time>2025-10-03T14:02:41.000Z</time>
        <extensions>
          <ns3:TrackPointExtension>
            <ns3:hr>89</ns3:hr>
            <ns3:cad>58</ns3:cad>
          </ns3:TrackPointExtension>
        </extensions>
      </trkpt>
      <trkpt lat="42.5680037029087543487548828125" lon="-5.65043270587921142578125">
        <ele>885</ele>
        <time>2025-10-03T14:02:46.000Z</time>
        <extensions>
          <ns3:TrackPointExtension>
            <ns3:hr>86</ns3:hr>
            <ns3:cad>58</ns3:cad>
          </ns3:TrackPointExtension>
        </extensions>
      </trkpt>
      <trkpt lat="42.56798400543630123138427734375" lon="-5.650440752506256103515625">
        <ele>884.79998779296875</ele>
        <time>2025-10-03T14:02:48.000Z</time>
        <extensions>
          <ns3:TrackPointExtension>
            <ns3:hr>87</ns3:hr>
            <ns3:cad>58</ns3:cad>
          </ns3:TrackPointExtension>
        </extensions>
      </trkpt>
      <trkpt lat="42.5679731927812099456787109375" lon="-5.65044276416301727294921875">
        <ele>884.5999755859375</ele>
        <time>2025-10-03T14:02:49.000Z</time>
        <extensions>
          <ns3:TrackPointExtension>
            <ns3:hr>87</ns3:hr>
            <ns3:cad>58</ns3:cad>
          </ns3:TrackPointExtension>
        </extensions>
      </trkpt>
      <trkpt lat="42.56786699406802654266357421875" lon="-5.65047721378505229949951171875">
        <ele>883.5999755859375</ele>
        <time>2025-10-03T14:02:58.000Z</time>
        <extensions>
          <ns3:TrackPointExtension>
            <ns3:hr>87</ns3:hr>
            <ns3:cad>58</ns3:cad>
          </ns3:TrackPointExtension>
        </extensions>
      </trkpt>
      <trkpt lat="42.5678457878530025482177734375" lon="-5.6504808180034160614013671875">
        <ele>883.20001220703125</ele>
        <time>2025-10-03T14:03:00.000Z</time>
        <extensions>
          <ns3:TrackPointExtension>
            <ns3:hr>86</ns3:hr>
            <ns3:cad>58</ns3:cad>
          </ns3:TrackPointExtension>
        </extensions>
      </trkpt>
      <trkpt lat="42.56773808039724826812744140625" lon="-5.6505109928548336029052734375">
        <ele>882.4000244140625</ele>
        <time>2025-10-03T14:03:08.000Z</time>
        <extensions>
          <ns3:TrackPointExtension>
            <ns3:hr>87</ns3:hr>
            <ns3:cad>58</ns3:cad>
          </ns3:TrackPointExtension>
        </extensions>
      </trkpt>
      <trkpt lat="42.56767974235117435455322265625" lon="-5.65051962621510028839111328125">
        <ele>881.5999755859375</ele>
        <time>2025-10-03T14:03:13.000Z</time>
        <extensions>
          <ns3:TrackPointExtension>
            <ns3:hr>87</ns3:hr>
            <ns3:cad>58</ns3:cad>
          </ns3:TrackPointExtension>
        </extensions>
      </trkpt>
      <trkpt lat="42.567641101777553558349609375" lon="-5.650524906814098358154296875">
        <ele>881.4000244140625</ele>
        <time>2025-10-03T14:03:16.000Z</time>
        <extensions>
          <ns3:TrackPointExtension>
            <ns3:hr>87</ns3:hr>
            <ns3:cad>59</ns3:cad>
          </ns3:TrackPointExtension>
        </extensions>
      </trkpt>
      <trkpt lat="42.5675544328987598419189453125" lon="-5.6505448557436466217041015625">
        <ele>880.5999755859375</ele>
        <time>2025-10-03T14:03:23.000Z</time>
        <extensions>
          <ns3:TrackPointExtension>
            <ns3:hr>87</ns3:hr>
            <ns3:cad>59</ns3:cad>
          </ns3:TrackPointExtension>
        </extensions>
      </trkpt>
      <trkpt lat="42.56752853281795978546142578125" lon="-5.650556087493896484375">
        <ele>880.4000244140625</ele>
        <time>2025-10-03T14:03:25.000Z</time>
        <extensions>
          <ns3:TrackPointExtension>
            <ns3:hr>89</ns3:hr>
            <ns3:cad>59</ns3:cad>
          </ns3:TrackPointExtension>
        </extensions>
      </trkpt>
      <trkpt lat="42.567419148981571197509765625" lon="-5.65060906112194061279296875">
        <ele>879.5999755859375</ele>
        <time>2025-10-03T14:03:34.000Z</time>
        <extensions>
          <ns3:TrackPointExtension>
            <ns3:hr>90</ns3:hr>
            <ns3:cad>59</ns3:cad>
          </ns3:TrackPointExtension>
        </extensions>
      </trkpt>
      <trkpt lat="42.56740665994584560394287109375" lon="-5.6506155990064144134521484375">
        <ele>879.4000244140625</ele>
        <time>2025-10-03T14:03:35.000Z</time>
        <extensions>
          <ns3:TrackPointExtension>
            <ns3:hr>89</ns3:hr>
            <ns3:cad>59</ns3:cad>
          </ns3:TrackPointExtension>
        </extensions>
      </trkpt>
      <trkpt lat="42.56729518063366413116455078125" lon="-5.65066714771091938018798828125">
        <ele>878.4000244140625</ele>
        <time>2025-10-03T14:03:44.000Z</time>
        <extensions>
          <ns3:TrackPointExtension>
            <ns3:hr>89</ns3:hr>
            <ns3:cad>58</ns3:cad>
          </ns3:TrackPointExtension>
        </extensions>
      </trkpt>
      <trkpt lat="42.56728260777890682220458984375" lon="-5.65067586489021778106689453125">
        <ele>878.20001220703125</ele>
        <time>2025-10-03T14:03:45.000Z</time>
        <extensions>
          <ns3:TrackPointExtension>
            <ns3:hr>90</ns3:hr>
            <ns3:cad>58</ns3:cad>
          </ns3:TrackPointExtension>
        </extensions>
      </trkpt>
      <trkpt lat="42.56717699579894542694091796875" lon="-5.65074794925749301910400390625">
        <ele>877.4000244140625</ele>
        <time>2025-10-03T14:03:55.000Z</time>
        <extensions>
          <ns3:TrackPointExtension>
            <ns3:hr>90</ns3:hr>
            <ns3:cad>59</ns3:cad>
          </ns3:TrackPointExtension>
        </extensions>
      </trkpt>
      <trkpt lat="42.56716693751513957977294921875" lon="-5.650757253170013427734375">
        <ele>877.20001220703125</ele>
        <time>2025-10-03T14:03:56.000Z</time>
        <extensions>
          <ns3:TrackPointExtension>
            <ns3:hr>90</ns3:hr>
            <ns3:cad>59</ns3:cad>
          </ns3:TrackPointExtension>
        </extensions>
      </trkpt>
      <trkpt lat="42.5670776702463626861572265625" lon="-5.650849454104900360107421875">
        <ele>876.20001220703125</ele>
        <time>2025-10-03T14:04:05.000Z</time>
        <extensions>
          <ns3:TrackPointExtension>
            <ns3:hr>92</ns3:hr>
            <ns3:cad>58</ns3:cad>
          </ns3:TrackPointExtension>
        </extensions>
      </trkpt>
      <trkpt lat="42.56704255007207393646240234375" lon="-5.65089178271591663360595703125">
        <ele>875.79998779296875</ele>
        <time>2025-10-03T14:04:08.000Z</time>
        <extensions>
          <ns3:TrackPointExtension>
            <ns3:hr>92</ns3:hr>
            <ns3:cad>58</ns3:cad>
          </ns3:TrackPointExtension>
        </extensions>
      </trkpt>
      <trkpt lat="42.5670062564313411712646484375" lon="-5.65093771554529666900634765625">
        <ele>875.20001220703125</ele>
        <time>2025-10-03T14:04:12.000Z</time>
        <extensions>
          <ns3:TrackPointExtension>
            <ns3:hr>92</ns3:hr>
            <ns3:cad>58</ns3:cad>
          </ns3:TrackPointExtension>
        </extensions>
      </trkpt>
      <trkpt lat="42.56696753203868865966796875" lon="-5.65099068917334079742431640625">
        <ele>874.79998779296875</ele>
        <time>2025-10-03T14:04:17.000Z</time>
        <extensions>
          <ns3:TrackPointExtension>
            <ns3:hr>88</ns3:hr>
            <ns3:cad>58</ns3:cad>
          </ns3:TrackPointExtension>
        </extensions>
      </trkpt>
      <trkpt lat="42.56696962751448154449462890625" lon="-5.65099806524813175201416015625">
        <ele>874.79998779296875</ele>
        <time>2025-10-03T14:04:18.000Z</time>
        <extensions>
          <ns3:TrackPointExtension>
            <ns3:hr>88</ns3:hr>
            <ns3:cad>58</ns3:cad>
          </ns3:TrackPointExtension>
        </extensions>
      </trkpt>
      <trkpt lat="42.56692872382700443267822265625" lon="-5.65103276632726192474365234375">
        <ele>874</ele>
        <time>2025-10-03T14:04:25.000Z</time>
        <extensions>
          <ns3:TrackPointExtension>
            <ns3:hr>87</ns3:hr>
            <ns3:cad>58</ns3:cad>
          </ns3:TrackPointExtension>
        </extensions>
      </trkpt>
      <trkpt lat="42.5667799450457096099853515625" lon="-5.65104483626782894134521484375">
        <ele>873.5999755859375</ele>
        <time>2025-10-03T14:04:31.000Z</time>
        <extensions>
          <ns3:TrackPointExtension>
            <ns3:hr>86</ns3:hr>
            <ns3:cad>57</ns3:cad>
          </ns3:TrackPointExtension>
        </extensions>
      </trkpt>
      <trkpt lat="42.56665077991783618927001953125" lon="-5.65111926756799221038818359375">
        <ele>873</ele>
        <time>2025-10-03T14:04:37.000Z</time>
        <extensions>
          <ns3:TrackPointExtension>
            <ns3:hr>88</ns3:hr>
            <ns3:cad>57</ns3:cad>
          </ns3:TrackPointExtension>
        </extensions>
      </trkpt>
      <trkpt lat="42.56662110798060894012451171875" lon="-5.6511339358985424041748046875">
        <ele>872.79998779296875</ele>
        <time>2025-10-03T14:04:39.000Z</time>
        <extensions>
          <ns3:TrackPointExtension>
            <ns3:hr>88</ns3:hr>
            <ns3:cad>58</ns3:cad>
          </ns3:TrackPointExtension>
        </extensions>
      </trkpt>
      <trkpt lat="42.56652186624705791473388671875" lon="-5.65127349458634853363037109375">
        <ele>872.20001220703125</ele>
        <time>2025-10-03T14:04:49.000Z</time>
        <extensions>
          <ns3:TrackPointExtension>
            <ns3:hr>89</ns3:hr>
            <ns3:cad>59</ns3:cad>
          </ns3:TrackPointExtension>
        </extensions>
      </trkpt>
      <trkpt lat="42.56644559092819690704345703125" lon="-5.651340968906879425048828125">
        <ele>872</ele>
        <time>2025-10-03T14:04:54.000Z</time>
        <extensions>
          <ns3:TrackPointExtension>
            <ns3:hr>89</ns3:hr>
            <ns3:cad>59</ns3:cad>
          </ns3:TrackPointExtension>
        </extensions>
      </trkpt>
      <trkpt lat="42.5664694793522357940673828125" lon="-5.65145353786647319793701171875">
        <ele>871.79998779296875</ele>
        <time>2025-10-03T14:04:57.000Z</time>
        <extensions>
          <ns3:TrackPointExtension>
            <ns3:hr>89</ns3:hr>
            <ns3:cad>59</ns3:cad>
          </ns3:TrackPointExtension>
        </extensions>
      </trkpt>
      <trkpt lat="42.56660970859229564666748046875" lon="-5.651702396571636199951171875">
        <ele>871.20001220703125</ele>
        <time>2025-10-03T14:05:04.000Z</time>
        <extensions>
          <ns3:TrackPointExtension>
            <ns3:hr>92</ns3:hr>
            <ns3:cad>58</ns3:cad>
          </ns3:TrackPointExtension>
        </extensions>
      </trkpt>
      <trkpt lat="42.56661021150648593902587890625" lon="-5.65172008238732814788818359375">
        <ele>871.20001220703125</ele>
        <time>2025-10-03T14:05:05.000Z</time>
        <extensions>
          <ns3:TrackPointExtension>
            <ns3:hr>92</ns3:hr>
            <ns3:cad>58</ns3:cad>
          </ns3:TrackPointExtension>
        </extensions>
      </trkpt>
      <trkpt lat="42.56661054678261280059814453125" lon="-5.65184664912521839141845703125">
        <ele>871</ele>
        <time>2025-10-03T14:05:13.000Z</time>
        <extensions>
          <ns3:TrackPointExtension>
            <ns3:hr>90</ns3:hr>
            <ns3:cad>57</ns3:cad>
          </ns3:TrackPointExtension>
        </extensions>
      </trkpt>
      <trkpt lat="42.5665992312133312225341796875" lon="-5.65197656862437725067138671875">
        <ele>870.4000244140625</ele>
        <time>2025-10-03T14:05:22.000Z</time>
        <extensions>
          <ns3:TrackPointExtension>
            <ns3:hr>88</ns3:hr>
            <ns3:cad>58</ns3:cad>
          </ns3:TrackPointExtension>
        </extensions>
      </trkpt>
      <trkpt lat="42.5665569864213466644287109375" lon="-5.6520924903452396392822265625">
        <ele>870</ele>
        <time>2025-10-03T14:05:30.000Z</time>
        <extensions>
          <ns3:TrackPointExtension>
            <ns3:hr>88</ns3:hr>
            <ns3:cad>57</ns3:cad>
          </ns3:TrackPointExtension>
        </extensions>
      </trkpt>
      <trkpt lat="42.56655220873653888702392578125" lon="-5.6521112658083438873291015625">
        <ele>869.79998779296875</ele>
        <time>2025-10-03T14:05:31.000Z</time>
        <extensions>
          <ns3:TrackPointExtension>
            <ns3:hr>88</ns3:hr>
            <ns3:cad>57</ns3:cad>
          </ns3:TrackPointExtension>
        </extensions>
      </trkpt>
      <trkpt lat="42.56650485098361968994140625" lon="-5.652265660464763641357421875">
        <ele>869.5999755859375</ele>
        <time>2025-10-03T14:05:41.000Z</time>
        <extensions>
          <ns3:TrackPointExtension>
            <ns3:hr>87</ns3:hr>
            <ns3:cad>59</ns3:cad>
          </ns3:TrackPointExtension>
        </extensions>
      </trkpt>
      <trkpt lat="42.5664570741355419158935546875" lon="-5.6523942388594150543212890625">
        <ele>869.5999755859375</ele>
        <time>2025-10-03T14:05:49.000Z</time>
        <extensions>
          <ns3:TrackPointExtension>
            <ns3:hr>88</ns3:hr>
            <ns3:cad>59</ns3:cad>
          </ns3:TrackPointExtension>
        </extensions>
      </trkpt>
      <trkpt lat="42.56641088984906673431396484375" lon="-5.65252273343503475189208984375">
        <ele>869.20001220703125</ele>
        <time>2025-10-03T14:05:59.000Z</time>
        <extensions>
          <ns3:TrackPointExtension>
            <ns3:hr>88</ns3:hr>
            <ns3:cad>57</ns3:cad>
          </ns3:TrackPointExtension>
        </extensions>
      </trkpt>
      <trkpt lat="42.566364370286464691162109375" lon="-5.6526356376707553863525390625">
        <ele>869.20001220703125</ele>
        <time>2025-10-03T14:06:07.000Z</time>
        <extensions>
          <ns3:TrackPointExtension>
            <ns3:hr>88</ns3:hr>
            <ns3:cad>58</ns3:cad>
          </ns3:TrackPointExtension>
        </extensions>
      </trkpt>
      <trkpt lat="42.56633092649281024932861328125" lon="-5.65270612947642803192138671875">
        <ele>869.4000244140625</ele>
        <time>2025-10-03T14:06:12.000Z</time>
        <extensions>
          <ns3:TrackPointExtension>
            <ns3:hr>91</ns3:hr>
            <ns3:cad>57</ns3:cad>
          </ns3:TrackPointExtension>
        </extensions>
      </trkpt>
      <trkpt lat="42.56628465838730335235595703125" lon="-5.65275357104837894439697265625">
        <ele>869.4000244140625</ele>
        <time>2025-10-03T14:06:16.000Z</time>
        <extensions>
          <ns3:TrackPointExtension>
            <ns3:hr>92</ns3:hr>
            <ns3:cad>57</ns3:cad>
          </ns3:TrackPointExtension>
        </extensions>
      </trkpt>
      <trkpt lat="42.56625280715525150299072265625" lon="-5.6528190337121486663818359375">
        <ele>869.5999755859375</ele>
        <time>2025-10-03T14:06:22.000Z</time>
        <extensions>
          <ns3:TrackPointExtension>
            <ns3:hr>91</ns3:hr>
            <ns3:cad>57</ns3:cad>
          </ns3:TrackPointExtension>
        </extensions>
      </trkpt>
      <trkpt lat="42.56619413383305072784423828125" lon="-5.65294534899294376373291015625">
        <ele>869.79998779296875</ele>
        <time>2025-10-03T14:06:32.000Z</time>
        <extensions>
          <ns3:TrackPointExtension>
            <ns3:hr>91</ns3:hr>
            <ns3:cad>56</ns3:cad>
          </ns3:TrackPointExtension>
        </extensions>
      </trkpt>
      <trkpt lat="42.56612104363739490509033203125" lon="-5.65306940115988254547119140625">
        <ele>869.79998779296875</ele>
        <time>2025-10-03T14:06:42.000Z</time>
        <extensions>
          <ns3:TrackPointExtension>
            <ns3:hr>94</ns3:hr>
            <ns3:cad>56</ns3:cad>
          </ns3:TrackPointExtension>
        </extensions>
      </trkpt>
      <trkpt lat="42.56611215882003307342529296875" lon="-5.65308012999594211578369140625">
        <ele>869.79998779296875</ele>
        <time>2025-10-03T14:06:43.000Z</time>
        <extensions>
          <ns3:TrackPointExtension>
            <ns3:hr>95</ns3:hr>
            <ns3:cad>56</ns3:cad>
          </ns3:TrackPointExtension>
        </extensions>
      </trkpt>
      <trkpt lat="42.56600805558264255523681640625" lon="-5.65322161652147769927978515625">
        <ele>870</ele>
        <time>2025-10-03T14:06:55.000Z</time>
        <extensions>
          <ns3:TrackPointExtension>
            <ns3:hr>95</ns3:hr>
            <ns3:cad>58</ns3:cad>
          </ns3:TrackPointExtension>
        </extensions>
      </trkpt>
      <trkpt lat="42.56594284437596797943115234375" lon="-5.65332286991178989410400390625">
        <ele>870.79998779296875</ele>
        <time>2025-10-03T14:07:04.000Z</time>
        <extensions>
          <ns3:TrackPointExtension>
            <ns3:hr>100</ns3:hr>
            <ns3:cad>55</ns3:cad>
          </ns3:TrackPointExtension>
        </extensions>
      </trkpt>
      <trkpt lat="42.56592993624508380889892578125" lon="-5.65334248356521129608154296875">
        <ele>871</ele>
        <time>2025-10-03T14:07:06.000Z</time>
        <extensions>
          <ns3:TrackPointExtension>
            <ns3:hr>100</ns3:hr>
            <ns3:cad>55</ns3:cad>
          </ns3:TrackPointExtension>
        </extensions>
      </trkpt>
      <trkpt lat="42.56592323072254657745361328125" lon="-5.6533514522016048431396484375">
        <ele>871</ele>
        <time>2025-10-03T14:07:07.000Z</time>
        <extensions>
          <ns3:TrackPointExtension>
            <ns3:hr>100</ns3:hr>
            <ns3:cad>55</ns3:cad>
          </ns3:TrackPointExtension>
        </extensions>
      </trkpt>
      <trkpt lat="42.56582558155059814453125" lon="-5.65348916687071323394775390625">
        <ele>872</ele>
        <time>2025-10-03T14:07:19.000Z</time>
        <extensions>
          <ns3:TrackPointExtension>
            <ns3:hr>99</ns3:hr>
            <ns3:cad>55</ns3:cad>
          </ns3:TrackPointExtension>
        </extensions>
      </trkpt>
      <trkpt lat="42.5657920539379119873046875" lon="-5.65353627316653728485107421875">
        <ele>872.4000244140625</ele>
        <time>2025-10-03T14:07:24.000Z</time>
        <extensions>
          <ns3:TrackPointExtension>
            <ns3:hr>102</ns3:hr>
            <ns3:cad>54</ns3:cad>
          </ns3:TrackPointExtension>
        </extensions>
      </trkpt>
      <trkpt lat="42.5657419301569461822509765625" lon="-5.6536044180393218994140625">
        <ele>873.20001220703125</ele>
        <time>2025-10-03T14:07:31.000Z</time>
        <extensions>
          <ns3:TrackPointExtension>
            <ns3:hr>103</ns3:hr>
            <ns3:cad>55</ns3:cad>
          </ns3:TrackPointExtension>
        </extensions>
      </trkpt>
      <trkpt lat="42.56573447026312351226806640625" lon="-5.653615482151508331298828125">
        <ele>873.20001220703125</ele>
        <time>2025-10-03T14:07:32.000Z</time>
        <extensions>
          <ns3:TrackPointExtension>
            <ns3:hr>103</ns3:hr>
            <ns3:cad>55</ns3:cad>
          </ns3:TrackPointExtension>
        </extensions>
      </trkpt>
      <trkpt lat="42.56565400399267673492431640625" lon="-5.65374531783163547515869140625">
        <ele>874</ele>
        <time>2025-10-03T14:07:43.000Z</time>
        <extensions>
          <ns3:TrackPointExtension>
            <ns3:hr>104</ns3:hr>
            <ns3:cad>54</ns3:cad>
          </ns3:TrackPointExtension>
        </extensions>
      </trkpt>
      <trkpt lat="42.56563690491020679473876953125" lon="-5.653772056102752685546875">
        <ele>874.20001220703125</ele>
        <time>2025-10-03T14:07:45.000Z</time>
        <extensions>
          <ns3:TrackPointExtension>
            <ns3:hr>104</ns3:hr>
            <ns3:cad>55</ns3:cad>
          </ns3:TrackPointExtension>
        </extensions>
      </trkpt>
      <trkpt lat="42.56555694155395030975341796875" lon="-5.65389367751777172088623046875">
        <ele>875</ele>
        <time>2025-10-03T14:07:55.000Z</time>
        <extensions>
          <ns3:TrackPointExtension>
            <ns3:hr>105</ns3:hr>
            <ns3:cad>55</ns3:cad>
          </ns3:TrackPointExtension>
        </extensions>
      </trkpt>
      <trkpt lat="42.565543614327907562255859375" lon="-5.65391697920858860015869140625">
        <ele>875.20001220703125</ele>
        <time>2025-10-03T14:07:57.000Z</time>
        <extensions>
          <ns3:TrackPointExtension>
            <ns3:hr>105</ns3:hr>
            <ns3:cad>54</ns3:cad>
          </ns3:TrackPointExtension>
        </extensions>
      </trkpt>
      <trkpt lat="42.56548158824443817138671875" lon="-5.65399744547903537750244140625">
        <ele>876</ele>
        <time>2025-10-03T14:08:05.000Z</time>
        <extensions>
          <ns3:TrackPointExtension>
            <ns3:hr>105</ns3:hr>
            <ns3:cad>54</ns3:cad>
          </ns3:TrackPointExtension>
        </extensions>
      </trkpt>
      <trkpt lat="42.56546608172357082366943359375" lon="-5.65401605330407619476318359375">
        <ele>876.20001220703125</ele>
        <time>2025-10-03T14:08:07.000Z</time>
        <extensions>
          <ns3:TrackPointExtension>
            <ns3:hr>106</ns3:hr>
            <ns3:cad>53</ns3:cad>
          </ns3:TrackPointExtension>
        </extensions>
      </trkpt>
      <trkpt lat="42.56540439091622829437255859375" lon="-5.65411210991442203521728515625">
        <ele>877</ele>
        <time>2025-10-03T14:08:16.000Z</time>
        <extensions>
          <ns3:TrackPointExtension>
            <ns3:hr>107</ns3:hr>
            <ns3:cad>54</ns3:cad>
          </ns3:TrackPointExtension>
        </extensions>
      </trkpt>
      <trkpt lat="42.56535074673593044281005859375" lon="-5.654170699417591094970703125">
        <ele>877.4000244140625</ele>
        <time>2025-10-03T14:08:22.000Z</time>
        <extensions>
          <ns3:TrackPointExtension>
            <ns3:hr>107</ns3:hr>
            <ns3:cad>55</ns3:cad>
          </ns3:TrackPointExtension>
        </extensions>
      </trkpt>
      <trkpt lat="42.56531797349452972412109375" lon="-5.65422023646533489227294921875">
        <ele>877.5999755859375</ele>
        <time>2025-10-03T14:08:26.000Z</time>
        <extensions>
          <ns3:TrackPointExtension>
            <ns3:hr>107</ns3:hr>
            <ns3:cad>55</ns3:cad>
          </ns3:TrackPointExtension>
        </extensions>
      </trkpt>
      <trkpt lat="42.56523423828184604644775390625" lon="-5.6543435342609882354736328125">
        <ele>878.20001220703125</ele>
        <time>2025-10-03T14:08:37.000Z</time>
        <extensions>
          <ns3:TrackPointExtension>
            <ns3:hr>106</ns3:hr>
            <ns3:cad>55</ns3:cad>
          </ns3:TrackPointExtension>
        </extensions>
      </trkpt>
      <trkpt lat="42.565227113664150238037109375" lon="-5.65435585565865039825439453125">
        <ele>878.4000244140625</ele>
        <time>2025-10-03T14:08:38.000Z</time>
        <extensions>
          <ns3:TrackPointExtension>
            <ns3:hr>106</ns3:hr>
            <ns3:cad>55</ns3:cad>
          </ns3:TrackPointExtension>
        </extensions>
      </trkpt>
      <trkpt lat="42.565129213035106658935546875" lon="-5.6545044668018817901611328125">
        <ele>879</ele>
        <time>2025-10-03T14:08:51.000Z</time>
        <extensions>
          <ns3:TrackPointExtension>
            <ns3:hr>105</ns3:hr>
            <ns3:cad>55</ns3:cad>
          </ns3:TrackPointExtension>
        </extensions>
      </trkpt>
      <trkpt lat="42.56509375758469104766845703125" lon="-5.65455718897283077239990234375">
        <ele>879.4000244140625</ele>
        <time>2025-10-03T14:08:56.000Z</time>
        <extensions>
          <ns3:TrackPointExtension>
            <ns3:hr>104</ns3:hr>
            <ns3:cad>55</ns3:cad>
          </ns3:TrackPointExtension>
        </extensions>
      </trkpt>
      <trkpt lat="42.56506240926682949066162109375" lon="-5.65460345707833766937255859375">
        <ele>879.5999755859375</ele>
        <time>2025-10-03T14:09:01.000Z</time>
        <extensions>
          <ns3:TrackPointExtension>
            <ns3:hr>104</ns3:hr>
            <ns3:cad>52</ns3:cad>
          </ns3:TrackPointExtension>
        </extensions>
      </trkpt>
      <trkpt lat="42.5649905763566493988037109375" lon="-5.65470169298350811004638671875">
        <ele>880</ele>
        <time>2025-10-03T14:09:11.000Z</time>
        <extensions>
          <ns3:TrackPointExtension>
            <ns3:hr>102</ns3:hr>
            <ns3:cad>53</ns3:cad>
          </ns3:TrackPointExtension>
        </extensions>
      </trkpt>
      <trkpt lat="42.56489326246082782745361328125" lon="-5.6548333726823329925537109375">
        <ele>880.4000244140625</ele>
        <time>2025-10-03T14:09:24.000Z</time>
        <extensions>
          <ns3:TrackPointExtension>
            <ns3:hr>101</ns3:hr>
            <ns3:cad>53</ns3:cad>
          </ns3:TrackPointExtension>
        </extensions>
      </trkpt>
      <trkpt lat="42.564804665744304656982421875" lon="-5.65495164133608341217041015625">
        <ele>881.20001220703125</ele>
        <time>2025-10-03T14:09:35.000Z</time>
        <extensions>
          <ns3:TrackPointExtension>
            <ns3:hr>101</ns3:hr>
            <ns3:cad>53</ns3:cad>
          </ns3:TrackPointExtension>
        </extensions>
      </trkpt>
      <trkpt lat="42.5647728145122528076171875" lon="-5.6550067104399204254150390625">
        <ele>881.4000244140625</ele>
        <time>2025-10-03T14:09:40.000Z</time>
        <extensions>
          <ns3:TrackPointExtension>
            <ns3:hr>102</ns3:hr>
            <ns3:cad>53</ns3:cad>
          </ns3:TrackPointExtension>
        </extensions>
      </trkpt>
      <trkpt lat="42.56471573375165462493896484375" lon="-5.65509363077580928802490234375">
        <ele>882.20001220703125</ele>
        <time>2025-10-03T14:09:48.000Z</time>
        <extensions>
          <ns3:TrackPointExtension>
            <ns3:hr>103</ns3:hr>
            <ns3:cad>54</ns3:cad>
          </ns3:TrackPointExtension>
        </extensions>
      </trkpt>
      <trkpt lat="42.56467147730290889739990234375" lon="-5.6551629491150379180908203125">
        <ele>882.5999755859375</ele>
        <time>2025-10-03T14:09:54.000Z</time>
        <extensions>
          <ns3:TrackPointExtension>
            <ns3:hr>103</ns3:hr>
            <ns3:cad>52</ns3:cad>
          </ns3:TrackPointExtension>
        </extensions>
      </trkpt>
      <trkpt lat="42.56465278565883636474609375" lon="-5.655195303261280059814453125">
        <ele>882.79998779296875</ele>
        <time>2025-10-03T14:09:57.000Z</time>
        <extensions>
          <ns3:TrackPointExtension>
            <ns3:hr>104</ns3:hr>
            <ns3:cad>53</ns3:cad>
          </ns3:TrackPointExtension>
        </extensions>
      </trkpt>
      <trkpt lat="42.56456754170358180999755859375" lon="-5.655322708189487457275390625">
        <ele>883.4000244140625</ele>
        <time>2025-10-03T14:10:08.000Z</time>
        <extensions>
          <ns3:TrackPointExtension>
            <ns3:hr>106</ns3:hr>
            <ns3:cad>53</ns3:cad>
          </ns3:TrackPointExtension>
        </extensions>
      </trkpt>
      <trkpt lat="42.564551532268524169921875" lon="-5.65534592606127262115478515625">
        <ele>883.5999755859375</ele>
        <time>2025-10-03T14:10:10.000Z</time>
        <extensions>
          <ns3:TrackPointExtension>
            <ns3:hr>107</ns3:hr>
            <ns3:cad>54</ns3:cad>
          </ns3:TrackPointExtension>
        </extensions>
      </trkpt>
      <trkpt lat="42.564493529498577117919921875" lon="-5.65543343313038349151611328125">
        <ele>884</ele>
        <time>2025-10-03T14:10:18.000Z</time>
        <extensions>
          <ns3:TrackPointExtension>
            <ns3:hr>106</ns3:hr>
            <ns3:cad>54</ns3:cad>
          </ns3:TrackPointExtension>
        </extensions>
      </trkpt>
      <trkpt lat="42.56442882120609283447265625" lon="-5.65551959909498691558837890625">
        <ele>884.5999755859375</ele>
        <time>2025-10-03T14:10:27.000Z</time>
        <extensions>
          <ns3:TrackPointExtension>
            <ns3:hr>106</ns3:hr>
            <ns3:cad>54</ns3:cad>
          </ns3:TrackPointExtension>
        </extensions>
      </trkpt>
      <trkpt lat="42.5644031725823879241943359375" lon="-5.65555513836443424224853515625">
        <ele>884.79998779296875</ele>
        <time>2025-10-03T14:10:30.000Z</time>
        <extensions>
          <ns3:TrackPointExtension>
            <ns3:hr>106</ns3:hr>
            <ns3:cad>54</ns3:cad>
          </ns3:TrackPointExtension>
        </extensions>
      </trkpt>
      <trkpt lat="42.56429714150726795196533203125" lon="-5.6556752510368824005126953125">
        <ele>885.4000244140625</ele>
        <time>2025-10-03T14:10:42.000Z</time>
        <extensions>
          <ns3:TrackPointExtension>
            <ns3:hr>106</ns3:hr>
            <ns3:cad>53</ns3:cad>
          </ns3:TrackPointExtension>
        </extensions>
      </trkpt>
      <trkpt lat="42.56419270299375057220458984375" lon="-5.65577105619013309478759765625">
        <ele>885.79998779296875</ele>
        <time>2025-10-03T14:10:54.000Z</time>
        <extensions>
          <ns3:TrackPointExtension>
            <ns3:hr>105</ns3:hr>
            <ns3:cad>55</ns3:cad>
          </ns3:TrackPointExtension>
        </extensions>
      </trkpt>
      <trkpt lat="42.56408818066120147705078125" lon="-5.65583123825490474700927734375">
        <ele>886</ele>
        <time>2025-10-03T14:11:04.000Z</time>
        <extensions>
          <ns3:TrackPointExtension>
            <ns3:hr>102</ns3:hr>
            <ns3:cad>56</ns3:cad>
          </ns3:TrackPointExtension>
        </extensions>
      </trkpt>
      <trkpt lat="42.56398684345185756683349609375" lon="-5.6559005565941333770751953125">
        <ele>886.5999755859375</ele>
        <time>2025-10-03T14:11:14.000Z</time>
        <extensions>
          <ns3:TrackPointExtension>
            <ns3:hr>102</ns3:hr>
            <ns3:cad>55</ns3:cad>
          </ns3:TrackPointExtension>
        </extensions>
      </trkpt>
      <trkpt lat="42.56396882236003875732421875" lon="-5.65591002814471721649169921875">
        <ele>886.79998779296875</ele>
        <time>2025-10-03T14:11:16.000Z</time>
        <extensions>
          <ns3:TrackPointExtension>
            <ns3:hr>102</ns3:hr>
            <ns3:cad>55</ns3:cad>
          </ns3:TrackPointExtension>
        </extensions>
      </trkpt>
      <trkpt lat="42.56388072855770587921142578125" lon="-5.65595210529863834381103515625">
        <ele>887.4000244140625</ele>
        <time>2025-10-03T14:11:24.000Z</time>
        <extensions>
          <ns3:TrackPointExtension>
            <ns3:hr>102</ns3:hr>
            <ns3:cad>53</ns3:cad>
          </ns3:TrackPointExtension>
        </extensions>
      </trkpt>
      <trkpt lat="42.5638244859874248504638671875" lon="-5.6559780053794384002685546875">
        <ele>887.79998779296875</ele>
        <time>2025-10-03T14:11:29.000Z</time>
        <extensions>
          <ns3:TrackPointExtension>
            <ns3:hr>102</ns3:hr>
            <ns3:cad>55</ns3:cad>
          </ns3:TrackPointExtension>
        </extensions>
      </trkpt>
      <trkpt lat="42.5637708418071269989013671875" lon="-5.655993930995464324951171875">
        <ele>888.20001220703125</ele>
        <time>2025-10-03T14:11:34.000Z</time>
        <extensions>
          <ns3:TrackPointExtension>
            <ns3:hr>103</ns3:hr>
            <ns3:cad>54</ns3:cad>
          </ns3:TrackPointExtension>
        </extensions>
      </trkpt>
      <trkpt lat="42.5636772997677326202392578125" lon="-5.65601714886724948883056640625">
        <ele>889</ele>
        <time>2025-10-03T14:11:43.000Z</time>
        <extensions>
          <ns3:TrackPointExtension>
            <ns3:hr>104</ns3:hr>
            <ns3:cad>53</ns3:cad>
          </ns3:TrackPointExtension>
        </extensions>
      </trkpt>
      <trkpt lat="42.56365324370563030242919921875" lon="-5.65602318383753299713134765625">
        <ele>889</ele>
        <time>2025-10-03T14:11:45.000Z</time>
        <extensions>
          <ns3:TrackPointExtension>
            <ns3:hr>103</ns3:hr>
            <ns3:cad>54</ns3:cad>
          </ns3:TrackPointExtension>
        </extensions>
      </trkpt>
      <trkpt lat="42.56354863755404949188232421875" lon="-5.656052939593791961669921875">
        <ele>890</ele>
        <time>2025-10-03T14:11:55.000Z</time>
        <extensions>
          <ns3:TrackPointExtension>
            <ns3:hr>101</ns3:hr>
            <ns3:cad>53</ns3:cad>
          </ns3:TrackPointExtension>
        </extensions>
      </trkpt>
      <trkpt lat="42.5634952448308467864990234375" lon="-5.65606609918177127838134765625">
        <ele>890.4000244140625</ele>
        <time>2025-10-03T14:12:00.000Z</time>
        <extensions>
          <ns3:TrackPointExtension>
            <ns3:hr>102</ns3:hr>
            <ns3:cad>53</ns3:cad>
          </ns3:TrackPointExtension>
        </extensions>
      </trkpt>
      <trkpt lat="42.5634251721203327178955078125" lon="-5.65608621574938297271728515625">
        <ele>891</ele>
        <time>2025-10-03T14:12:06.000Z</time>
        <extensions>
          <ns3:TrackPointExtension>
            <ns3:hr>103</ns3:hr>
            <ns3:cad>53</ns3:cad>
          </ns3:TrackPointExtension>
        </extensions>
      </trkpt>
      <trkpt lat="42.56337580271065235137939453125" lon="-5.6560930050909519195556640625">
        <ele>891.5999755859375</ele>
        <time>2025-10-03T14:12:11.000Z</time>
        <extensions>
          <ns3:TrackPointExtension>
            <ns3:hr>106</ns3:hr>
            <ns3:cad>53</ns3:cad>
          </ns3:TrackPointExtension>
        </extensions>
      </trkpt>
      <trkpt lat="42.563323415815830230712890625" lon="-5.6561027280986309051513671875">
        <ele>892</ele>
        <time>2025-10-03T14:12:16.000Z</time>
        <extensions>
          <ns3:TrackPointExtension>
            <ns3:hr>109</ns3:hr>
            <ns3:cad>53</ns3:cad>
          </ns3:TrackPointExtension>
        </extensions>
      </trkpt>
      <trkpt lat="42.56331243552267551422119140625" lon="-5.65610499121248722076416015625">
        <ele>892</ele>
        <time>2025-10-03T14:12:17.000Z</time>
        <extensions>
          <ns3:TrackPointExtension>
            <ns3:hr>111</ns3:hr>
            <ns3:cad>53</ns3:cad>
          </ns3:TrackPointExtension>
        </extensions>
      </trkpt>
      <trkpt lat="42.5632652454078197479248046875" lon="-5.65611572004854679107666015625">
        <ele>892.4000244140625</ele>
        <time>2025-10-03T14:12:22.000Z</time>
        <extensions>
          <ns3:TrackPointExtension>
            <ns3:hr>114</ns3:hr>
            <ns3:cad>53</ns3:cad>
          </ns3:TrackPointExtension>
        </extensions>
      </trkpt>
      <trkpt lat="42.56323247216641902923583984375" lon="-5.65612628124654293060302734375">
        <ele>892.5999755859375</ele>
        <time>2025-10-03T14:12:25.000Z</time>
        <extensions>
          <ns3:TrackPointExtension>
            <ns3:hr>114</ns3:hr>
            <ns3:cad>52</ns3:cad>
          </ns3:TrackPointExtension>
        </extensions>
      </trkpt>
      <trkpt lat="42.56317296065390110015869140625" lon="-5.65613432787358760833740234375">
        <ele>893.20001220703125</ele>
        <time>2025-10-03T14:12:31.000Z</time>
        <extensions>
          <ns3:TrackPointExtension>
            <ns3:hr>113</ns3:hr>
            <ns3:cad>51</ns3:cad>
          </ns3:TrackPointExtension>
        </extensions>
      </trkpt>
      <trkpt lat="42.56312048994004726409912109375" lon="-5.65614824183285236358642578125">
        <ele>893.5999755859375</ele>
        <time>2025-10-03T14:12:36.000Z</time>
        <extensions>
          <ns3:TrackPointExtension>
            <ns3:hr>111</ns3:hr>
            <ns3:cad>52</ns3:cad>
          </ns3:TrackPointExtension>
        </extensions>
      </trkpt>
      <trkpt lat="42.563059218227863311767578125" lon="-5.6561525166034698486328125">
        <ele>894.20001220703125</ele>
        <time>2025-10-03T14:12:42.000Z</time>
        <extensions>
          <ns3:TrackPointExtension>
            <ns3:hr>110</ns3:hr>
            <ns3:cad>51</ns3:cad>
          </ns3:TrackPointExtension>
        </extensions>
      </trkpt>
      <trkpt lat="42.5630141235888004302978515625" lon="-5.65615360625088214874267578125">
        <ele>894.5999755859375</ele>
        <time>2025-10-03T14:12:47.000Z</time>
        <extensions>
          <ns3:TrackPointExtension>
            <ns3:hr>111</ns3:hr>
            <ns3:cad>51</ns3:cad>
          </ns3:TrackPointExtension>
        </extensions>
      </trkpt>
      <trkpt lat="42.5629462301731109619140625" lon="-5.65616969950497150421142578125">
        <ele>895.20001220703125</ele>
        <time>2025-10-03T14:12:53.000Z</time>
        <extensions>
          <ns3:TrackPointExtension>
            <ns3:hr>112</ns3:hr>
            <ns3:cad>51</ns3:cad>
          </ns3:TrackPointExtension>
        </extensions>
      </trkpt>
      <trkpt lat="42.562909685075283050537109375" lon="-5.65618176944553852081298828125">
        <ele>895.79998779296875</ele>
        <time>2025-10-03T14:12:57.000Z</time>
        <extensions>
          <ns3:TrackPointExtension>
            <ns3:hr>112</ns3:hr>
            <ns3:cad>51</ns3:cad>
          </ns3:TrackPointExtension>
        </extensions>
      </trkpt>
      <trkpt lat="42.56286366842687129974365234375" lon="-5.65619987435638904571533203125">
        <ele>896.20001220703125</ele>
        <time>2025-10-03T14:13:02.000Z</time>
        <extensions>
          <ns3:TrackPointExtension>
            <ns3:hr>113</ns3:hr>
            <ns3:cad>51</ns3:cad>
          </ns3:TrackPointExtension>
        </extensions>
      </trkpt>
      <trkpt lat="42.56280382163822650909423828125" lon="-5.656215213239192962646484375">
        <ele>896.79998779296875</ele>
        <time>2025-10-03T14:13:08.000Z</time>
        <extensions>
          <ns3:TrackPointExtension>
            <ns3:hr>114</ns3:hr>
            <ns3:cad>51</ns3:cad>
          </ns3:TrackPointExtension>
        </extensions>
      </trkpt>
      <trkpt lat="42.56276451051235198974609375" lon="-5.65622351132333278656005859375">
        <ele>897.4000244140625</ele>
        <time>2025-10-03T14:13:12.000Z</time>
        <extensions>
          <ns3:TrackPointExtension>
            <ns3:hr>115</ns3:hr>
            <ns3:cad>52</ns3:cad>
          </ns3:TrackPointExtension>
        </extensions>
      </trkpt>
      <trkpt lat="42.562696449458599090576171875" lon="-5.656218566000461578369140625">
        <ele>898</ele>
        <time>2025-10-03T14:13:18.000Z</time>
        <extensions>
          <ns3:TrackPointExtension>
            <ns3:hr>115</ns3:hr>
            <ns3:cad>52</ns3:cad>
          </ns3:TrackPointExtension>
        </extensions>
      </trkpt>
      <trkpt lat="42.5626469962298870086669921875" lon="-5.65621529705822467803955078125">
        <ele>898.4000244140625</ele>
        <time>2025-10-03T14:13:23.000Z</time>
        <extensions>
          <ns3:TrackPointExtension>
            <ns3:hr>115</ns3:hr>
            <ns3:cad>53</ns3:cad>
          </ns3:TrackPointExtension>
        </extensions>
      </trkpt>
      <trkpt lat="42.56260449998080730438232421875" lon="-5.6562234275043010711669921875">
        <ele>898.79998779296875</ele>
        <time>2025-10-03T14:13:27.000Z</time>
        <extensions>
          <ns3:TrackPointExtension>
            <ns3:hr>115</ns3:hr>
            <ns3:cad>53</ns3:cad>
          </ns3:TrackPointExtension>
        </extensions>
      </trkpt>
      <trkpt lat="42.56248681806027889251708984375" lon="-5.65626692958176136016845703125">
        <ele>899.4000244140625</ele>
        <time>2025-10-03T14:13:38.000Z</time>
        <extensions>
          <ns3:TrackPointExtension>
            <ns3:hr>115</ns3:hr>
            <ns3:cad>55</ns3:cad>
          </ns3:TrackPointExtension>
        </extensions>
      </trkpt>
      <trkpt lat="42.56245337426662445068359375" lon="-5.6562831066548824310302734375">
        <ele>899.4000244140625</ele>
        <time>2025-10-03T14:13:41.000Z</time>
        <extensions>
          <ns3:TrackPointExtension>
            <ns3:hr>116</ns3:hr>
            <ns3:cad>54</ns3:cad>
          </ns3:TrackPointExtension>
        </extensions>
      </trkpt>
      <trkpt lat="42.56234901957213878631591796875" lon="-5.65633716993033885955810546875">
        <ele>900</ele>
        <time>2025-10-03T14:13:51.000Z</time>
        <extensions>
          <ns3:TrackPointExtension>
            <ns3:hr>115</ns3:hr>
            <ns3:cad>55</ns3:cad>
          </ns3:TrackPointExtension>
        </extensions>
      </trkpt>
      <trkpt lat="42.56223284639418125152587890625" lon="-5.65640405751764774322509765625">
        <ele>900.20001220703125</ele>
        <time>2025-10-03T14:14:02.000Z</time>
        <extensions>
          <ns3:TrackPointExtension>
            <ns3:hr>115</ns3:hr>
            <ns3:cad>56</ns3:cad>
          </ns3:TrackPointExtension>
        </extensions>
      </trkpt>
      <trkpt lat="42.562092281877994537353515625" lon="-5.6565003655850887298583984375">
        <ele>900.20001220703125</ele>
        <time>2025-10-03T14:14:15.000Z</time>
        <extensions>
          <ns3:TrackPointExtension>
            <ns3:hr>113</ns3:hr>
            <ns3:cad>57</ns3:cad>
          </ns3:TrackPointExtension>
        </extensions>
      </trkpt>
      <trkpt lat="42.56195909343659877777099609375" lon="-5.6565964221954345703125">
        <ele>899.4000244140625</ele>
        <time>2025-10-03T14:14:28.000Z</time>
        <extensions>
          <ns3:TrackPointExtension>
            <ns3:hr>110</ns3:hr>
            <ns3:cad>57</ns3:cad>
          </ns3:TrackPointExtension>
        </extensions>
      </trkpt>
      <trkpt lat="42.56194911897182464599609375" lon="-5.6566056422889232635498046875">
        <ele>899.4000244140625</ele>
        <time>2025-10-03T14:14:29.000Z</time>
        <extensions>
          <ns3:TrackPointExtension>
            <ns3:hr>110</ns3:hr>
            <ns3:cad>57</ns3:cad>
          </ns3:TrackPointExtension>
        </extensions>
      </trkpt>
      <trkpt lat="42.5618617795407772064208984375" lon="-5.6566633097827434539794921875">
        <ele>899.20001220703125</ele>
        <time>2025-10-03T14:14:37.000Z</time>
        <extensions>
          <ns3:TrackPointExtension>
            <ns3:hr>107</ns3:hr>
            <ns3:cad>57</ns3:cad>
          </ns3:TrackPointExtension>
        </extensions>
      </trkpt>
      <trkpt lat="42.56183001212775707244873046875" lon="-5.6566844321787357330322265625">
        <ele>899</ele>
        <time>2025-10-03T14:14:40.000Z</time>
        <extensions>
          <ns3:TrackPointExtension>
            <ns3:hr>105</ns3:hr>
            <ns3:cad>57</ns3:cad>
          </ns3:TrackPointExtension>
        </extensions>
      </trkpt>
      <trkpt lat="42.56170579232275485992431640625" lon="-5.656787194311618804931640625">
        <ele>898.5999755859375</ele>
        <time>2025-10-03T14:14:53.000Z</time>
        <extensions>
          <ns3:TrackPointExtension>
            <ns3:hr>102</ns3:hr>
            <ns3:cad>56</ns3:cad>
          </ns3:TrackPointExtension>
        </extensions>
      </trkpt>
      <trkpt lat="42.56166824139654636383056640625" lon="-5.6568150222301483154296875">
        <ele>898.5999755859375</ele>
        <time>2025-10-03T14:14:57.000Z</time>
        <extensions>
          <ns3:TrackPointExtension>
            <ns3:hr>99</ns3:hr>
            <ns3:cad>56</ns3:cad>
          </ns3:TrackPointExtension>
        </extensions>
      </trkpt>
      <trkpt lat="42.56160713732242584228515625" lon="-5.6568552553653717041015625">
        <ele>898.4000244140625</ele>
        <time>2025-10-03T14:15:03.000Z</time>
        <extensions>
          <ns3:TrackPointExtension>
            <ns3:hr>98</ns3:hr>
            <ns3:cad>55</ns3:cad>
          </ns3:TrackPointExtension>
        </extensions>
      </trkpt>
      <trkpt lat="42.56158777512609958648681640625" lon="-5.65686958841979503631591796875">
        <ele>898.4000244140625</ele>
        <time>2025-10-03T14:15:05.000Z</time>
        <extensions>
          <ns3:TrackPointExtension>
            <ns3:hr>97</ns3:hr>
            <ns3:cad>55</ns3:cad>
          </ns3:TrackPointExtension>
        </extensions>
      </trkpt>
      <trkpt lat="42.56151535548269748687744140625" lon="-5.656923316419124603271484375">
        <ele>898.20001220703125</ele>
        <time>2025-10-03T14:15:13.000Z</time>
        <extensions>
          <ns3:TrackPointExtension>
            <ns3:hr>94</ns3:hr>
            <ns3:cad>56</ns3:cad>
          </ns3:TrackPointExtension>
        </extensions>
      </trkpt>
      <trkpt lat="42.56148241460323333740234375" lon="-5.6569482944905757904052734375">
        <ele>897.5999755859375</ele>
        <time>2025-10-03T14:15:17.000Z</time>
        <extensions>
          <ns3:TrackPointExtension>
            <ns3:hr>93</ns3:hr>
            <ns3:cad>55</ns3:cad>
          </ns3:TrackPointExtension>
        </extensions>
      </trkpt>
      <trkpt lat="42.56147294305264949798583984375" lon="-5.6569539941847324371337890625">
        <ele>897.4000244140625</ele>
        <time>2025-10-03T14:15:22.000Z</time>
        <extensions>
          <ns3:TrackPointExtension>
            <ns3:hr>90</ns3:hr>
            <ns3:cad>0</ns3:cad>
          </ns3:TrackPointExtension>
        </extensions>
      </trkpt>
      <trkpt lat="42.5614671595394611358642578125" lon="-5.65695910714566707611083984375">
        <ele>897.4000244140625</ele>
        <time>2025-10-03T14:15:23.000Z</time>
        <extensions>
          <ns3:TrackPointExtension>
            <ns3:hr>90</ns3:hr>
            <ns3:cad>0</ns3:cad>
          </ns3:TrackPointExtension>
        </extensions>
      </trkpt>
      <trkpt lat="42.56142918951809406280517578125" lon="-5.65698944963514804840087890625">
        <ele>897.4000244140625</ele>
        <time>2025-10-03T14:15:27.000Z</time>
        <extensions>
          <ns3:TrackPointExtension>
            <ns3:hr>88</ns3:hr>
            <ns3:cad>0</ns3:cad>
          </ns3:TrackPointExtension>
        </extensions>
      </trkpt>
      <trkpt lat="42.56137604825198650360107421875" lon="-5.65703454427421092987060546875">
        <ele>897</ele>
        <time>2025-10-03T14:15:32.000Z</time>
        <extensions>
          <ns3:TrackPointExtension>
            <ns3:hr>89</ns3:hr>
            <ns3:cad>56</ns3:cad>
          </ns3:TrackPointExtension>
        </extensions>
      </trkpt>
      <trkpt lat="42.5612844340503215789794921875" lon="-5.65710511989891529083251953125">
        <ele>896.4000244140625</ele>
        <time>2025-10-03T14:15:41.000Z</time>
        <extensions>
          <ns3:TrackPointExtension>
            <ns3:hr>90</ns3:hr>
            <ns3:cad>57</ns3:cad>
          </ns3:TrackPointExtension>
        </extensions>
      </trkpt>
      <trkpt lat="42.56124369800090789794921875" lon="-5.6571368873119354248046875">
        <ele>896</ele>
        <time>2025-10-03T14:15:45.000Z</time>
        <extensions>
          <ns3:TrackPointExtension>
            <ns3:hr>90</ns3:hr>
            <ns3:cad>57</ns3:cad>
          </ns3:TrackPointExtension>
        </extensions>
      </trkpt>
      <trkpt lat="42.56115292198956012725830078125" lon="-5.65721190534532070159912109375">
        <ele>895.4000244140625</ele>
        <time>2025-10-03T14:15:54.000Z</time>
        <extensions>
          <ns3:TrackPointExtension>
            <ns3:hr>92</ns3:hr>
            <ns3:cad>57</ns3:cad>
          </ns3:TrackPointExtension>
        </extensions>
      </trkpt>
      <trkpt lat="42.56110296584665775299072265625" lon="-5.6572574190795421600341796875">
        <ele>894.79998779296875</ele>
        <time>2025-10-03T14:15:59.000Z</time>
        <extensions>
          <ns3:TrackPointExtension>
            <ns3:hr>91</ns3:hr>
            <ns3:cad>57</ns3:cad>
          </ns3:TrackPointExtension>
        </extensions>
      </trkpt>
      <trkpt lat="42.56104923784732818603515625" lon="-5.65730242989957332611083984375">
        <ele>894.20001220703125</ele>
        <time>2025-10-03T14:16:04.000Z</time>
        <extensions>
          <ns3:TrackPointExtension>
            <ns3:hr>90</ns3:hr>
            <ns3:cad>57</ns3:cad>
          </ns3:TrackPointExtension>
        </extensions>
      </trkpt>
      <trkpt lat="42.56096935831010341644287109375" lon="-5.6573764421045780181884765625">
        <ele>893.20001220703125</ele>
        <time>2025-10-03T14:16:12.000Z</time>
        <extensions>
          <ns3:TrackPointExtension>
            <ns3:hr>91</ns3:hr>
            <ns3:cad>58</ns3:cad>
          </ns3:TrackPointExtension>
        </extensions>
      </trkpt>
      <trkpt lat="42.5608663447201251983642578125" lon="-5.6574649550020694732666015625">
        <ele>892</ele>
        <time>2025-10-03T14:16:22.000Z</time>
        <extensions>
          <ns3:TrackPointExtension>
            <ns3:hr>91</ns3:hr>
            <ns3:cad>58</ns3:cad>
          </ns3:TrackPointExtension>
        </extensions>
      </trkpt>
      <trkpt lat="42.56083742715418338775634765625" lon="-5.65749169327318668365478515625">
        <ele>891.4000244140625</ele>
        <time>2025-10-03T14:16:25.000Z</time>
        <extensions>
          <ns3:TrackPointExtension>
            <ns3:hr>91</ns3:hr>
            <ns3:cad>58</ns3:cad>
          </ns3:TrackPointExtension>
        </extensions>
      </trkpt>
      <trkpt lat="42.56079484708607196807861328125" lon="-5.6575306691229343414306640625">
        <ele>891</ele>
        <time>2025-10-03T14:16:29.000Z</time>
        <extensions>
          <ns3:TrackPointExtension>
            <ns3:hr>90</ns3:hr>
            <ns3:cad>58</ns3:cad>
          </ns3:TrackPointExtension>
        </extensions>
      </trkpt>
      <trkpt lat="42.56071798503398895263671875" lon="-5.65760937519371509552001953125">
        <ele>889.79998779296875</ele>
        <time>2025-10-03T14:16:37.000Z</time>
        <extensions>
          <ns3:TrackPointExtension>
            <ns3:hr>90</ns3:hr>
            <ns3:cad>58</ns3:cad>
          </ns3:TrackPointExtension>
        </extensions>
      </trkpt>
      <trkpt lat="42.5607064180076122283935546875" lon="-5.657618343830108642578125">
        <ele>889.79998779296875</ele>
        <time>2025-10-03T14:16:38.000Z</time>
        <extensions>
          <ns3:TrackPointExtension>
            <ns3:hr>89</ns3:hr>
            <ns3:cad>58</ns3:cad>
          </ns3:TrackPointExtension>
        </extensions>
      </trkpt>
      <trkpt lat="42.5606296397745609283447265625" lon="-5.65768782980740070343017578125">
        <ele>888.79998779296875</ele>
        <time>2025-10-03T14:16:45.000Z</time>
        <extensions>
          <ns3:TrackPointExtension>
            <ns3:hr>89</ns3:hr>
            <ns3:cad>59</ns3:cad>
          </ns3:TrackPointExtension>
        </extensions>
      </trkpt>
      <trkpt lat="42.56057842634618282318115234375" lon="-5.65773694775998592376708984375">
        <ele>888</ele>
        <time>2025-10-03T14:16:50.000Z</time>
        <extensions>
          <ns3:TrackPointExtension>
            <ns3:hr>88</ns3:hr>
            <ns3:cad>58</ns3:cad>
          </ns3:TrackPointExtension>
        </extensions>
      </trkpt>
      <trkpt lat="42.56054875440895557403564453125" lon="-5.65776519477367401123046875">
        <ele>887.5999755859375</ele>
        <time>2025-10-03T14:16:53.000Z</time>
        <extensions>
          <ns3:TrackPointExtension>
            <ns3:hr>88</ns3:hr>
            <ns3:cad>59</ns3:cad>
          </ns3:TrackPointExtension>
        </extensions>
      </trkpt>
      <trkpt lat="42.56046460010111331939697265625" lon="-5.657843984663486480712890625">
        <ele>887.20001220703125</ele>
        <time>2025-10-03T14:17:02.000Z</time>
        <extensions>
          <ns3:TrackPointExtension>
            <ns3:hr>89</ns3:hr>
            <ns3:cad>58</ns3:cad>
          </ns3:TrackPointExtension>
        </extensions>
      </trkpt>
      <trkpt lat="42.56038832478225231170654296875" lon="-5.65791196189820766448974609375">
        <ele>886.5999755859375</ele>
        <time>2025-10-03T14:17:10.000Z</time>
        <extensions>
          <ns3:TrackPointExtension>
            <ns3:hr>89</ns3:hr>
            <ns3:cad>57</ns3:cad>
          </ns3:TrackPointExtension>
        </extensions>
      </trkpt>
      <trkpt lat="42.56034054793417453765869140625" lon="-5.65795605070888996124267578125">
        <ele>886</ele>
        <time>2025-10-03T14:17:15.000Z</time>
        <extensions>
          <ns3:TrackPointExtension>
            <ns3:hr>89</ns3:hr>
            <ns3:cad>57</ns3:cad>
          </ns3:TrackPointExtension>
        </extensions>
      </trkpt>
      <trkpt lat="42.56031892262399196624755859375" lon="-5.65797432325780391693115234375">
        <ele>885.5999755859375</ele>
        <time>2025-10-03T14:17:17.000Z</time>
        <extensions>
          <ns3:TrackPointExtension>
            <ns3:hr>89</ns3:hr>
            <ns3:cad>56</ns3:cad>
          </ns3:TrackPointExtension>
        </extensions>
      </trkpt>
      <trkpt lat="42.56026142276823520660400390625" lon="-5.65802939236164093017578125">
        <ele>884.79998779296875</ele>
        <time>2025-10-03T14:17:24.000Z</time>
        <extensions>
          <ns3:TrackPointExtension>
            <ns3:hr>89</ns3:hr>
            <ns3:cad>57</ns3:cad>
          </ns3:TrackPointExtension>
        </extensions>
      </trkpt>
      <trkpt lat="42.56024130620062351226806640625" lon="-5.6580488383769989013671875">
        <ele>884.4000244140625</ele>
        <time>2025-10-03T14:17:26.000Z</time>
        <extensions>
          <ns3:TrackPointExtension>
            <ns3:hr>88</ns3:hr>
            <ns3:cad>57</ns3:cad>
          </ns3:TrackPointExtension>
        </extensions>
      </trkpt>
      <trkpt lat="42.5601984746754169464111328125" lon="-5.65808597020804882049560546875">
        <ele>883.79998779296875</ele>
        <time>2025-10-03T14:17:30.000Z</time>
        <extensions>
          <ns3:TrackPointExtension>
            <ns3:hr>91</ns3:hr>
            <ns3:cad>57</ns3:cad>
          </ns3:TrackPointExtension>
        </extensions>
      </trkpt>
      <trkpt lat="42.56017542444169521331787109375" lon="-5.65811455249786376953125">
        <ele>883.5999755859375</ele>
        <time>2025-10-03T14:17:33.000Z</time>
        <extensions>
          <ns3:TrackPointExtension>
            <ns3:hr>94</ns3:hr>
            <ns3:cad>58</ns3:cad>
          </ns3:TrackPointExtension>
        </extensions>
      </trkpt>
      <trkpt lat="42.56016737781465053558349609375" lon="-5.658122934401035308837890625">
        <ele>883.4000244140625</ele>
        <time>2025-10-03T14:17:34.000Z</time>
        <extensions>
          <ns3:TrackPointExtension>
            <ns3:hr>95</ns3:hr>
            <ns3:cad>58</ns3:cad>
          </ns3:TrackPointExtension>
        </extensions>
      </trkpt>
      <trkpt lat="42.56012295372784137725830078125" lon="-5.65816543065011501312255859375">
        <ele>883</ele>
        <time>2025-10-03T14:17:38.000Z</time>
        <extensions>
          <ns3:TrackPointExtension>
            <ns3:hr>96</ns3:hr>
            <ns3:cad>57</ns3:cad>
          </ns3:TrackPointExtension>
        </extensions>
      </trkpt>
      <trkpt lat="42.56004600785672664642333984375" lon="-5.65824153833091259002685546875">
        <ele>882.4000244140625</ele>
        <time>2025-10-03T14:17:46.000Z</time>
        <extensions>
          <ns3:TrackPointExtension>
            <ns3:hr>96</ns3:hr>
            <ns3:cad>58</ns3:cad>
          </ns3:TrackPointExtension>
        </extensions>
      </trkpt>
      <trkpt lat="42.5600134022533893585205078125" lon="-5.6582666002213954925537109375">
        <ele>882</ele>
        <time>2025-10-03T14:17:49.000Z</time>
        <extensions>
          <ns3:TrackPointExtension>
            <ns3:hr>95</ns3:hr>
            <ns3:cad>58</ns3:cad>
          </ns3:TrackPointExtension>
        </extensions>
      </trkpt>
      <trkpt lat="42.5599609315395355224609375" lon="-5.65830155275762081146240234375">
        <ele>881.5999755859375</ele>
        <time>2025-10-03T14:17:54.000Z</time>
        <extensions>
          <ns3:TrackPointExtension>
            <ns3:hr>92</ns3:hr>
            <ns3:cad>58</ns3:cad>
          </ns3:TrackPointExtension>
        </extensions>
      </trkpt>
      <trkpt lat="42.55992664955556392669677734375" lon="-5.658322088420391082763671875">
        <ele>881.4000244140625</ele>
        <time>2025-10-03T14:17:57.000Z</time>
        <extensions>
          <ns3:TrackPointExtension>
            <ns3:hr>91</ns3:hr>
            <ns3:cad>58</ns3:cad>
          </ns3:TrackPointExtension>
        </extensions>
      </trkpt>
      <trkpt lat="42.55985473282635211944580078125" lon="-5.658372379839420318603515625">
        <ele>880.79998779296875</ele>
        <time>2025-10-03T14:18:04.000Z</time>
        <extensions>
          <ns3:TrackPointExtension>
            <ns3:hr>90</ns3:hr>
            <ns3:cad>58</ns3:cad>
          </ns3:TrackPointExtension>
        </extensions>
      </trkpt>
      <trkpt lat="42.55976856686174869537353515625" lon="-5.65842845477163791656494140625">
        <ele>880.20001220703125</ele>
        <time>2025-10-03T14:18:12.000Z</time>
        <extensions>
          <ns3:TrackPointExtension>
            <ns3:hr>90</ns3:hr>
            <ns3:cad>57</ns3:cad>
          </ns3:TrackPointExtension>
        </extensions>
      </trkpt>
      <trkpt lat="42.55969614721834659576416015625" lon="-5.658476650714874267578125">
        <ele>879.79998779296875</ele>
        <time>2025-10-03T14:18:18.000Z</time>
        <extensions>
          <ns3:TrackPointExtension>
            <ns3:hr>88</ns3:hr>
            <ns3:cad>59</ns3:cad>
          </ns3:TrackPointExtension>
        </extensions>
      </trkpt>
      <trkpt lat="42.55965239368379116058349609375" lon="-5.658497102558612823486328125">
        <ele>879.4000244140625</ele>
        <time>2025-10-03T14:18:22.000Z</time>
        <extensions>
          <ns3:TrackPointExtension>
            <ns3:hr>91</ns3:hr>
            <ns3:cad>58</ns3:cad>
          </ns3:TrackPointExtension>
        </extensions>
      </trkpt>
      <trkpt lat="42.55958282388746738433837890625" lon="-5.65852970816195011138916015625">
        <ele>879.20001220703125</ele>
        <time>2025-10-03T14:18:28.000Z</time>
        <extensions>
          <ns3:TrackPointExtension>
            <ns3:hr>91</ns3:hr>
            <ns3:cad>58</ns3:cad>
          </ns3:TrackPointExtension>
        </extensions>
      </trkpt>
      <trkpt lat="42.55955063737928867340087890625" lon="-5.658546052873134613037109375">
        <ele>878.79998779296875</ele>
        <time>2025-10-03T14:18:31.000Z</time>
        <extensions>
          <ns3:TrackPointExtension>
            <ns3:hr>90</ns3:hr>
            <ns3:cad>58</ns3:cad>
          </ns3:TrackPointExtension>
        </extensions>
      </trkpt>
      <trkpt lat="42.5594276748597621917724609375" lon="-5.6585934944450855255126953125">
        <ele>878.20001220703125</ele>
        <time>2025-10-03T14:18:41.000Z</time>
        <extensions>
          <ns3:TrackPointExtension>
            <ns3:hr>90</ns3:hr>
            <ns3:cad>59</ns3:cad>
          </ns3:TrackPointExtension>
        </extensions>
      </trkpt>
      <trkpt lat="42.55939020775258541107177734375" lon="-5.65860229544341564178466796875">
        <ele>878</ele>
        <time>2025-10-03T14:18:44.000Z</time>
        <extensions>
          <ns3:TrackPointExtension>
            <ns3:hr>90</ns3:hr>
            <ns3:cad>58</ns3:cad>
          </ns3:TrackPointExtension>
        </extensions>
      </trkpt>
      <trkpt lat="42.5592241622507572174072265625" lon="-5.6586521677672863006591796875">
        <ele>877.20001220703125</ele>
        <time>2025-10-03T14:18:58.000Z</time>
        <extensions>
          <ns3:TrackPointExtension>
            <ns3:hr>88</ns3:hr>
            <ns3:cad>59</ns3:cad>
          </ns3:TrackPointExtension>
        </extensions>
      </trkpt>
      <trkpt lat="42.55921284668147563934326171875" lon="-5.6586568616330623626708984375">
        <ele>877</ele>
        <time>2025-10-03T14:18:59.000Z</time>
        <extensions>
          <ns3:TrackPointExtension>
            <ns3:hr>87</ns3:hr>
            <ns3:cad>59</ns3:cad>
          </ns3:TrackPointExtension>
        </extensions>
      </trkpt>
      <trkpt lat="42.55908058024942874908447265625" lon="-5.658670775592327117919921875">
        <ele>877</ele>
        <time>2025-10-03T14:19:10.000Z</time>
        <extensions>
          <ns3:TrackPointExtension>
            <ns3:hr>88</ns3:hr>
            <ns3:cad>58</ns3:cad>
          </ns3:TrackPointExtension>
        </extensions>
      </trkpt>
      <trkpt lat="42.5589690171182155609130859375" lon="-5.6586900539696216583251953125">
        <ele>876.79998779296875</ele>
        <time>2025-10-03T14:19:19.000Z</time>
        <extensions>
          <ns3:TrackPointExtension>
            <ns3:hr>91</ns3:hr>
            <ns3:cad>57</ns3:cad>
          </ns3:TrackPointExtension>
        </extensions>
      </trkpt>
      <trkpt lat="42.5589210726320743560791015625" lon="-5.65868653357028961181640625">
        <ele>877</ele>
        <time>2025-10-03T14:19:23.000Z</time>
        <extensions>
          <ns3:TrackPointExtension>
            <ns3:hr>91</ns3:hr>
            <ns3:cad>57</ns3:cad>
          </ns3:TrackPointExtension>
        </extensions>
      </trkpt>
      <trkpt lat="42.55877874791622161865234375" lon="-5.65867974422872066497802734375">
        <ele>876.79998779296875</ele>
        <time>2025-10-03T14:19:35.000Z</time>
        <extensions>
          <ns3:TrackPointExtension>
            <ns3:hr>93</ns3:hr>
            <ns3:cad>57</ns3:cad>
          </ns3:TrackPointExtension>
        </extensions>
      </trkpt>
      <trkpt lat="42.55861672572791576385498046875" lon="-5.65865837037563323974609375">
        <ele>877</ele>
        <time>2025-10-03T14:19:49.000Z</time>
        <extensions>
          <ns3:TrackPointExtension>
            <ns3:hr>95</ns3:hr>
            <ns3:cad>57</ns3:cad>
          </ns3:TrackPointExtension>
        </extensions>
      </trkpt>
      <trkpt lat="42.5584723055362701416015625" lon="-5.65863163210451602935791015625">
        <ele>877</ele>
        <time>2025-10-03T14:20:01.000Z</time>
        <extensions>
          <ns3:TrackPointExtension>
            <ns3:hr>95</ns3:hr>
            <ns3:cad>57</ns3:cad>
          </ns3:TrackPointExtension>
        </extensions>
      </trkpt>
      <trkpt lat="42.5583205930888652801513671875" lon="-5.65860246308147907257080078125">
        <ele>877.4000244140625</ele>
        <time>2025-10-03T14:20:14.000Z</time>
        <extensions>
          <ns3:TrackPointExtension>
            <ns3:hr>95</ns3:hr>
            <ns3:cad>57</ns3:cad>
          </ns3:TrackPointExtension>
        </extensions>
      </trkpt>
      <trkpt lat="42.55818991921842098236083984375" lon="-5.6585730426013469696044921875">
        <ele>878.20001220703125</ele>
        <time>2025-10-03T14:20:25.000Z</time>
        <extensions>
          <ns3:TrackPointExtension>
            <ns3:hr>95</ns3:hr>
            <ns3:cad>55</ns3:cad>
          </ns3:TrackPointExtension>
        </extensions>
      </trkpt>
      <trkpt lat="42.55815781652927398681640625" lon="-5.6585663370788097381591796875">
        <ele>878.4000244140625</ele>
        <time>2025-10-03T14:20:28.000Z</time>
        <extensions>
          <ns3:TrackPointExtension>
            <ns3:hr>96</ns3:hr>
            <ns3:cad>55</ns3:cad>
          </ns3:TrackPointExtension>
        </extensions>
      </trkpt>
      <trkpt lat="42.55808581598103046417236328125" lon="-5.65855401568114757537841796875">
        <ele>879</ele>
        <time>2025-10-03T14:20:34.000Z</time>
        <extensions>
          <ns3:TrackPointExtension>
            <ns3:hr>99</ns3:hr>
            <ns3:cad>55</ns3:cad>
          </ns3:TrackPointExtension>
        </extensions>
      </trkpt>
      <trkpt lat="42.558052875101566314697265625" lon="-5.65855183638632297515869140625">
        <ele>879.20001220703125</ele>
        <time>2025-10-03T14:20:37.000Z</time>
        <extensions>
          <ns3:TrackPointExtension>
            <ns3:hr>101</ns3:hr>
            <ns3:cad>54</ns3:cad>
          </ns3:TrackPointExtension>
        </extensions>
      </trkpt>
      <trkpt lat="42.5579759292304515838623046875" lon="-5.65854781307280063629150390625">
        <ele>879.79998779296875</ele>
        <time>2025-10-03T14:20:44.000Z</time>
        <extensions>
          <ns3:TrackPointExtension>
            <ns3:hr>102</ns3:hr>
            <ns3:cad>55</ns3:cad>
          </ns3:TrackPointExtension>
        </extensions>
      </trkpt>
      <trkpt lat="42.55789588205516338348388671875" lon="-5.65854378975927829742431640625">
        <ele>880</ele>
        <time>2025-10-03T14:20:51.000Z</time>
        <extensions>
          <ns3:TrackPointExtension>
            <ns3:hr>105</ns3:hr>
            <ns3:cad>55</ns3:cad>
          </ns3:TrackPointExtension>
        </extensions>
      </trkpt>
      <trkpt lat="42.55785816349089145660400390625" lon="-5.658540688455104827880859375">
        <ele>880.20001220703125</ele>
        <time>2025-10-03T14:20:54.000Z</time>
        <extensions>
          <ns3:TrackPointExtension>
            <ns3:hr>106</ns3:hr>
            <ns3:cad>55</ns3:cad>
          </ns3:TrackPointExtension>
        </extensions>
      </trkpt>
      <trkpt lat="42.557845674455165863037109375" lon="-5.6585391797125339508056640625">
        <ele>880.20001220703125</ele>
        <time>2025-10-03T14:20:55.000Z</time>
        <extensions>
          <ns3:TrackPointExtension>
            <ns3:hr>106</ns3:hr>
            <ns3:cad>55</ns3:cad>
          </ns3:TrackPointExtension>
        </extensions>
      </trkpt>
      <trkpt lat="42.557692788541316986083984375" lon="-5.6585423648357391357421875">
        <ele>881</ele>
        <time>2025-10-03T14:21:08.000Z</time>
        <extensions>
          <ns3:TrackPointExtension>
            <ns3:hr>107</ns3:hr>
            <ns3:cad>56</ns3:cad>
          </ns3:TrackPointExtension>
        </extensions>
      </trkpt>
      <trkpt lat="42.55751836113631725311279296875" lon="-5.65854513086378574371337890625">
        <ele>881.20001220703125</ele>
        <time>2025-10-03T14:21:23.000Z</time>
        <extensions>
          <ns3:TrackPointExtension>
            <ns3:hr>104</ns3:hr>
            <ns3:cad>56</ns3:cad>
          </ns3:TrackPointExtension>
        </extensions>
      </trkpt>
      <trkpt lat="42.5574948079884052276611328125" lon="-5.65854630433022975921630859375">
        <ele>881.20001220703125</ele>
        <time>2025-10-03T14:21:25.000Z</time>
        <extensions>
          <ns3:TrackPointExtension>
            <ns3:hr>103</ns3:hr>
            <ns3:cad>56</ns3:cad>
          </ns3:TrackPointExtension>
        </extensions>
      </trkpt>
      <trkpt lat="42.55733303725719451904296875" lon="-5.65857731737196445465087890625">
        <ele>881.4000244140625</ele>
        <time>2025-10-03T14:21:39.000Z</time>
        <extensions>
          <ns3:TrackPointExtension>
            <ns3:hr>100</ns3:hr>
            <ns3:cad>56</ns3:cad>
          </ns3:TrackPointExtension>
        </extensions>
      </trkpt>
      <trkpt lat="42.5573224760591983795166015625" lon="-5.6585807539522647857666015625">
        <ele>881.4000244140625</ele>
        <time>2025-10-03T14:21:40.000Z</time>
        <extensions>
          <ns3:TrackPointExtension>
            <ns3:hr>100</ns3:hr>
            <ns3:cad>56</ns3:cad>
          </ns3:TrackPointExtension>
        </extensions>
      </trkpt>
      <trkpt lat="42.55719901062548160552978515625" lon="-5.658600367605686187744140625">
        <ele>881.20001220703125</ele>
        <time>2025-10-03T14:21:51.000Z</time>
        <extensions>
          <ns3:TrackPointExtension>
            <ns3:hr>97</ns3:hr>
            <ns3:cad>56</ns3:cad>
          </ns3:TrackPointExtension>
        </extensions>
      </trkpt>
      <trkpt lat="42.55716145969927310943603515625" lon="-5.6586045585572719573974609375">
        <ele>881.20001220703125</ele>
        <time>2025-10-03T14:21:54.000Z</time>
        <extensions>
          <ns3:TrackPointExtension>
            <ns3:hr>97</ns3:hr>
            <ns3:cad>56</ns3:cad>
          </ns3:TrackPointExtension>
        </extensions>
      </trkpt>
      <trkpt lat="42.5570029579102993011474609375" lon="-5.6586525030434131622314453125">
        <ele>880.4000244140625</ele>
        <time>2025-10-03T14:22:08.000Z</time>
        <extensions>
          <ns3:TrackPointExtension>
            <ns3:hr>94</ns3:hr>
            <ns3:cad>57</ns3:cad>
          </ns3:TrackPointExtension>
        </extensions>
      </trkpt>
      <trkpt lat="42.55699180997908115386962890625" lon="-5.65865560434758663177490234375">
        <ele>880.20001220703125</ele>
        <time>2025-10-03T14:22:09.000Z</time>
        <extensions>
          <ns3:TrackPointExtension>
            <ns3:hr>94</ns3:hr>
            <ns3:cad>57</ns3:cad>
          </ns3:TrackPointExtension>
        </extensions>
      </trkpt>
      <trkpt lat="42.55697873421013355255126953125" lon="-5.6586602143943309783935546875">
        <ele>880.20001220703125</ele>
        <time>2025-10-03T14:22:10.000Z</time>
        <extensions>
          <ns3:TrackPointExtension>
            <ns3:hr>94</ns3:hr>
            <ns3:cad>57</ns3:cad>
          </ns3:TrackPointExtension>
        </extensions>
      </trkpt>
      <trkpt lat="42.55682702176272869110107421875" lon="-5.6586987711489200592041015625">
        <ele>879.20001220703125</ele>
        <time>2025-10-03T14:22:23.000Z</time>
        <extensions>
          <ns3:TrackPointExtension>
            <ns3:hr>92</ns3:hr>
            <ns3:cad>57</ns3:cad>
          </ns3:TrackPointExtension>
        </extensions>
      </trkpt>
      <trkpt lat="42.556800954043865203857421875" lon="-5.65870556049048900604248046875">
        <ele>879.20001220703125</ele>
        <time>2025-10-03T14:22:25.000Z</time>
        <extensions>
          <ns3:TrackPointExtension>
            <ns3:hr>90</ns3:hr>
            <ns3:cad>57</ns3:cad>
          </ns3:TrackPointExtension>
        </extensions>
      </trkpt>
      <trkpt lat="42.5566562823951244354248046875" lon="-5.65874646417796611785888671875">
        <ele>878.20001220703125</ele>
        <time>2025-10-03T14:22:37.000Z</time>
        <extensions>
          <ns3:TrackPointExtension>
            <ns3:hr>89</ns3:hr>
            <ns3:cad>58</ns3:cad>
          </ns3:TrackPointExtension>
        </extensions>
      </trkpt>
      <trkpt lat="42.55664429627358913421630859375" lon="-5.658749230206012725830078125">
        <ele>878.20001220703125</ele>
        <time>2025-10-03T14:22:38.000Z</time>
        <extensions>
          <ns3:TrackPointExtension>
            <ns3:hr>89</ns3:hr>
            <ns3:cad>58</ns3:cad>
          </ns3:TrackPointExtension>
        </extensions>
      </trkpt>
      <trkpt lat="42.556531392037868499755859375" lon="-5.65879927016794681549072265625">
        <ele>877.5999755859375</ele>
        <time>2025-10-03T14:22:48.000Z</time>
        <extensions>
          <ns3:TrackPointExtension>
            <ns3:hr>90</ns3:hr>
            <ns3:cad>57</ns3:cad>
          </ns3:TrackPointExtension>
        </extensions>
      </trkpt>
      <trkpt lat="42.55645302124321460723876953125" lon="-5.65881234593689441680908203125">
        <ele>877</ele>
        <time>2025-10-03T14:22:54.000Z</time>
        <extensions>
          <ns3:TrackPointExtension>
            <ns3:hr>90</ns3:hr>
            <ns3:cad>58</ns3:cad>
          </ns3:TrackPointExtension>
        </extensions>
      </trkpt>
      <trkpt lat="42.5563954375684261322021484375" lon="-5.6588231585919857025146484375">
        <ele>876.79998779296875</ele>
        <time>2025-10-03T14:22:59.000Z</time>
        <extensions>
          <ns3:TrackPointExtension>
            <ns3:hr>90</ns3:hr>
            <ns3:cad>58</ns3:cad>
          </ns3:TrackPointExtension>
        </extensions>
      </trkpt>
      <trkpt lat="42.55625881254673004150390625" lon="-5.65887655131518840789794921875">
        <ele>876</ele>
        <time>2025-10-03T14:23:11.000Z</time>
        <extensions>
          <ns3:TrackPointExtension>
            <ns3:hr>90</ns3:hr>
            <ns3:cad>58</ns3:cad>
          </ns3:TrackPointExtension>
        </extensions>
      </trkpt>
      <trkpt lat="42.5562460720539093017578125" lon="-5.65888007171452045440673828125">
        <ele>876</ele>
        <time>2025-10-03T14:23:12.000Z</time>
        <extensions>
          <ns3:TrackPointExtension>
            <ns3:hr>90</ns3:hr>
            <ns3:cad>58</ns3:cad>
          </ns3:TrackPointExtension>
        </extensions>
      </trkpt>
      <trkpt lat="42.5561744906008243560791015625" lon="-5.65890119411051273345947265625">
        <ele>875.5999755859375</ele>
        <time>2025-10-03T14:23:18.000Z</time>
        <extensions>
          <ns3:TrackPointExtension>
            <ns3:hr>87</ns3:hr>
            <ns3:cad>58</ns3:cad>
          </ns3:TrackPointExtension>
        </extensions>
      </trkpt>
      <trkpt lat="42.55610525608062744140625" lon="-5.6589178740978240966796875">
        <ele>875.20001220703125</ele>
        <time>2025-10-03T14:23:24.000Z</time>
        <extensions>
          <ns3:TrackPointExtension>
            <ns3:hr>87</ns3:hr>
            <ns3:cad>57</ns3:cad>
          </ns3:TrackPointExtension>
        </extensions>
      </trkpt>
      <trkpt lat="42.55607063882052898406982421875" lon="-5.6589277647435665130615234375">
        <ele>875</ele>
        <time>2025-10-03T14:23:27.000Z</time>
        <extensions>
          <ns3:TrackPointExtension>
            <ns3:hr>87</ns3:hr>
            <ns3:cad>58</ns3:cad>
          </ns3:TrackPointExtension>
        </extensions>
      </trkpt>
      <trkpt lat="42.5559672899544239044189453125" lon="-5.6589567661285400390625">
        <ele>874.5999755859375</ele>
        <time>2025-10-03T14:23:35.000Z</time>
        <extensions>
          <ns3:TrackPointExtension>
            <ns3:hr>90</ns3:hr>
            <ns3:cad>58</ns3:cad>
          </ns3:TrackPointExtension>
        </extensions>
      </trkpt>
      <trkpt lat="42.555873580276966094970703125" lon="-5.65898652188479900360107421875">
        <ele>874</ele>
        <time>2025-10-03T14:23:43.000Z</time>
        <extensions>
          <ns3:TrackPointExtension>
            <ns3:hr>90</ns3:hr>
            <ns3:cad>58</ns3:cad>
          </ns3:TrackPointExtension>
        </extensions>
      </trkpt>
      <trkpt lat="42.55581012926995754241943359375" lon="-5.659007392823696136474609375">
        <ele>873.79998779296875</ele>
        <time>2025-10-03T14:23:48.000Z</time>
        <extensions>
          <ns3:TrackPointExtension>
            <ns3:hr>89</ns3:hr>
            <ns3:cad>58</ns3:cad>
          </ns3:TrackPointExtension>
        </extensions>
      </trkpt>
      <trkpt lat="42.55565933883190155029296875" lon="-5.65905206836760044097900390625">
        <ele>873.79998779296875</ele>
        <time>2025-10-03T14:24:01.000Z</time>
        <extensions>
          <ns3:TrackPointExtension>
            <ns3:hr>89</ns3:hr>
            <ns3:cad>57</ns3:cad>
          </ns3:TrackPointExtension>
        </extensions>
      </trkpt>
      <trkpt lat="42.55555800162255764007568359375" lon="-5.6590833328664302825927734375">
        <ele>874</ele>
        <time>2025-10-03T14:24:10.000Z</time>
        <extensions>
          <ns3:TrackPointExtension>
            <ns3:hr>93</ns3:hr>
            <ns3:cad>56</ns3:cad>
          </ns3:TrackPointExtension>
        </extensions>
      </trkpt>
      <trkpt lat="42.5554968975484371185302734375" lon="-5.65910118632018566131591796875">
        <ele>874.4000244140625</ele>
        <time>2025-10-03T14:24:15.000Z</time>
        <extensions>
          <ns3:TrackPointExtension>
            <ns3:hr>95</ns3:hr>
            <ns3:cad>55</ns3:cad>
          </ns3:TrackPointExtension>
        </extensions>
      </trkpt>
      <trkpt lat="42.5553886033594608306884765625" lon="-5.65913178026676177978515625">
        <ele>875</ele>
        <time>2025-10-03T14:24:24.000Z</time>
        <extensions>
          <ns3:TrackPointExtension>
            <ns3:hr>97</ns3:hr>
            <ns3:cad>55</ns3:cad>
          </ns3:TrackPointExtension>
        </extensions>
      </trkpt>
      <trkpt lat="42.555352561175823211669921875" lon="-5.65913890488445758819580078125">
        <ele>875.20001220703125</ele>
        <time>2025-10-03T14:24:27.000Z</time>
        <extensions>
          <ns3:TrackPointExtension>
            <ns3:hr>98</ns3:hr>
            <ns3:cad>55</ns3:cad>
          </ns3:TrackPointExtension>
        </extensions>
      </trkpt>
      <trkpt lat="42.55529045127332210540771484375" lon="-5.65915617160499095916748046875">
        <ele>875.5999755859375</ele>
        <time>2025-10-03T14:24:33.000Z</time>
        <extensions>
          <ns3:TrackPointExtension>
            <ns3:hr>101</ns3:hr>
            <ns3:cad>55</ns3:cad>
          </ns3:TrackPointExtension>
        </extensions>
      </trkpt>
      <trkpt lat="42.55520696751773357391357421875" lon="-5.659183077514171600341796875">
        <ele>875.79998779296875</ele>
        <time>2025-10-03T14:24:40.000Z</time>
        <extensions>
          <ns3:TrackPointExtension>
            <ns3:hr>103</ns3:hr>
            <ns3:cad>56</ns3:cad>
          </ns3:TrackPointExtension>
        </extensions>
      </trkpt>
      <trkpt lat="42.55515986122190952301025390625" lon="-5.65920076332986354827880859375">
        <ele>876</ele>
        <time>2025-10-03T14:24:45.000Z</time>
        <extensions>
          <ns3:TrackPointExtension>
            <ns3:hr>103</ns3:hr>
            <ns3:cad>55</ns3:cad>
          </ns3:TrackPointExtension>
        </extensions>
      </trkpt>
      <trkpt lat="42.55508274771273136138916015625" lon="-5.6592134200036525726318359375">
        <ele>875.79998779296875</ele>
        <time>2025-10-03T14:24:51.000Z</time>
        <extensions>
          <ns3:TrackPointExtension>
            <ns3:hr>103</ns3:hr>
            <ns3:cad>56</ns3:cad>
          </ns3:TrackPointExtension>
        </extensions>
      </trkpt>
      <trkpt lat="42.55498853512108325958251953125" lon="-5.65924443304538726806640625">
        <ele>875.79998779296875</ele>
        <time>2025-10-03T14:24:59.000Z</time>
        <extensions>
          <ns3:TrackPointExtension>
            <ns3:hr>106</ns3:hr>
            <ns3:cad>56</ns3:cad>
          </ns3:TrackPointExtension>
        </extensions>
      </trkpt>
      <trkpt lat="42.55495098419487476348876953125" lon="-5.6592627055943012237548828125">
        <ele>875.79998779296875</ele>
        <time>2025-10-03T14:25:03.000Z</time>
        <extensions>
          <ns3:TrackPointExtension>
            <ns3:hr>105</ns3:hr>
            <ns3:cad>56</ns3:cad>
          </ns3:TrackPointExtension>
        </extensions>
      </trkpt>
      <trkpt lat="42.55480916239321231842041015625" lon="-5.65930000506341457366943359375">
        <ele>875.20001220703125</ele>
        <time>2025-10-03T14:25:15.000Z</time>
        <extensions>
          <ns3:TrackPointExtension>
            <ns3:hr>103</ns3:hr>
            <ns3:cad>57</ns3:cad>
          </ns3:TrackPointExtension>
        </extensions>
      </trkpt>
      <trkpt lat="42.55474076606333255767822265625" lon="-5.6593215465545654296875">
        <ele>875</ele>
        <time>2025-10-03T14:25:21.000Z</time>
        <extensions>
          <ns3:TrackPointExtension>
            <ns3:hr>102</ns3:hr>
            <ns3:cad>57</ns3:cad>
          </ns3:TrackPointExtension>
        </extensions>
      </trkpt>
      <trkpt lat="42.55469508469104766845703125" lon="-5.65933973528444766998291015625">
        <ele>874.79998779296875</ele>
        <time>2025-10-03T14:25:25.000Z</time>
        <extensions>
          <ns3:TrackPointExtension>
            <ns3:hr>101</ns3:hr>
            <ns3:cad>57</ns3:cad>
          </ns3:TrackPointExtension>
        </extensions>
      </trkpt>
      <trkpt lat="42.55460447631776332855224609375" lon="-5.65936672501266002655029296875">
        <ele>874</ele>
        <time>2025-10-03T14:25:33.000Z</time>
        <extensions>
          <ns3:TrackPointExtension>
            <ns3:hr>98</ns3:hr>
            <ns3:cad>57</ns3:cad>
          </ns3:TrackPointExtension>
        </extensions>
      </trkpt>
      <trkpt lat="42.5545926578342914581298828125" lon="-5.65936940722167491912841796875">
        <ele>874</ele>
        <time>2025-10-03T14:25:34.000Z</time>
        <extensions>
          <ns3:TrackPointExtension>
            <ns3:hr>97</ns3:hr>
            <ns3:cad>57</ns3:cad>
          </ns3:TrackPointExtension>
        </extensions>
      </trkpt>
      <trkpt lat="42.55454697646200656890869140625" lon="-5.65938147716224193572998046875">
        <ele>873.5999755859375</ele>
        <time>2025-10-03T14:25:38.000Z</time>
        <extensions>
          <ns3:TrackPointExtension>
            <ns3:hr>95</ns3:hr>
            <ns3:cad>58</ns3:cad>
          </ns3:TrackPointExtension>
        </extensions>
      </trkpt>
      <trkpt lat="42.554488219320774078369140625" lon="-5.65939891152083873748779296875">
        <ele>873</ele>
        <time>2025-10-03T14:25:43.000Z</time>
        <extensions>
          <ns3:TrackPointExtension>
            <ns3:hr>92</ns3:hr>
            <ns3:cad>58</ns3:cad>
          </ns3:TrackPointExtension>
        </extensions>
      </trkpt>
      <trkpt lat="42.55446583963930606842041015625" lon="-5.65940670669078826904296875">
        <ele>873</ele>
        <time>2025-10-03T14:25:45.000Z</time>
        <extensions>
          <ns3:TrackPointExtension>
            <ns3:hr>91</ns3:hr>
            <ns3:cad>58</ns3:cad>
          </ns3:TrackPointExtension>
        </extensions>
      </trkpt>
      <trkpt lat="42.55437950603663921356201171875" lon="-5.6594336964190006256103515625">
        <ele>872.20001220703125</ele>
        <time>2025-10-03T14:25:52.000Z</time>
        <extensions>
          <ns3:TrackPointExtension>
            <ns3:hr>89</ns3:hr>
            <ns3:cad>58</ns3:cad>
          </ns3:TrackPointExtension>
        </extensions>
      </trkpt>
      <trkpt lat="42.55433742888271808624267578125" lon="-5.6594427488744258880615234375">
        <ele>871.79998779296875</ele>
        <time>2025-10-03T14:25:55.000Z</time>
        <extensions>
          <ns3:TrackPointExtension>
            <ns3:hr>89</ns3:hr>
            <ns3:cad>58</ns3:cad>
          </ns3:TrackPointExtension>
        </extensions>
      </trkpt>
      <trkpt lat="42.554233409464359283447265625" lon="-5.6594692356884479522705078125">
        <ele>871.20001220703125</ele>
        <time>2025-10-03T14:26:04.000Z</time>
        <extensions>
          <ns3:TrackPointExtension>
            <ns3:hr>89</ns3:hr>
            <ns3:cad>58</ns3:cad>
          </ns3:TrackPointExtension>
        </extensions>
      </trkpt>
      <trkpt lat="42.5541977025568485260009765625" lon="-5.6594811379909515380859375">
        <ele>870.79998779296875</ele>
        <time>2025-10-03T14:26:07.000Z</time>
        <extensions>
          <ns3:TrackPointExtension>
            <ns3:hr>89</ns3:hr>
            <ns3:cad>58</ns3:cad>
          </ns3:TrackPointExtension>
        </extensions>
      </trkpt>
      <trkpt lat="42.554161660373210906982421875" lon="-5.65949647687375545501708984375">
        <ele>870.20001220703125</ele>
        <time>2025-10-03T14:26:12.000Z</time>
        <extensions>
          <ns3:TrackPointExtension>
            <ns3:hr>89</ns3:hr>
            <ns3:cad>58</ns3:cad>
          </ns3:TrackPointExtension>
        </extensions>
      </trkpt>
      <trkpt lat="42.5540766678750514984130859375" lon="-5.65951692871749401092529296875">
        <ele>869.5999755859375</ele>
        <time>2025-10-03T14:26:19.000Z</time>
        <extensions>
          <ns3:TrackPointExtension>
            <ns3:hr>88</ns3:hr>
            <ns3:cad>58</ns3:cad>
          </ns3:TrackPointExtension>
        </extensions>
      </trkpt>
      <trkpt lat="42.554000057280063629150390625" lon="-5.6595359556376934051513671875">
        <ele>869.20001220703125</ele>
        <time>2025-10-03T14:26:25.000Z</time>
        <extensions>
          <ns3:TrackPointExtension>
            <ns3:hr>90</ns3:hr>
            <ns3:cad>59</ns3:cad>
          </ns3:TrackPointExtension>
        </extensions>
      </trkpt>
      <trkpt lat="42.55392218939960002899169921875" lon="-5.65955917350947856903076171875">
        <ele>868.5999755859375</ele>
        <time>2025-10-03T14:26:31.000Z</time>
        <extensions>
          <ns3:TrackPointExtension>
            <ns3:hr>90</ns3:hr>
            <ns3:cad>59</ns3:cad>
          </ns3:TrackPointExtension>
        </extensions>
      </trkpt>
      <trkpt lat="42.5538627617061138153076171875" lon="-5.65957593731582164764404296875">
        <ele>868</ele>
        <time>2025-10-03T14:26:37.000Z</time>
        <extensions>
          <ns3:TrackPointExtension>
            <ns3:hr>90</ns3:hr>
            <ns3:cad>58</ns3:cad>
          </ns3:TrackPointExtension>
        </extensions>
      </trkpt>
      <trkpt lat="42.553800232708454132080078125" lon="-5.659590773284435272216796875">
        <ele>867.5999755859375</ele>
        <time>2025-10-03T14:26:42.000Z</time>
        <extensions>
          <ns3:TrackPointExtension>
            <ns3:hr>88</ns3:hr>
            <ns3:cad>58</ns3:cad>
          </ns3:TrackPointExtension>
        </extensions>
      </trkpt>
      <trkpt lat="42.553715743124485015869140625" lon="-5.65961700864136219024658203125">
        <ele>867</ele>
        <time>2025-10-03T14:26:49.000Z</time>
        <extensions>
          <ns3:TrackPointExtension>
            <ns3:hr>88</ns3:hr>
            <ns3:cad>58</ns3:cad>
          </ns3:TrackPointExtension>
        </extensions>
      </trkpt>
      <trkpt lat="42.5536562316119670867919921875" lon="-5.65963394008576869964599609375">
        <ele>866.5999755859375</ele>
        <time>2025-10-03T14:26:54.000Z</time>
        <extensions>
          <ns3:TrackPointExtension>
            <ns3:hr>88</ns3:hr>
            <ns3:cad>58</ns3:cad>
          </ns3:TrackPointExtension>
        </extensions>
      </trkpt>
      <trkpt lat="42.55358121357858180999755859375" lon="-5.65965346992015838623046875">
        <ele>866.20001220703125</ele>
        <time>2025-10-03T14:27:00.000Z</time>
        <extensions>
          <ns3:TrackPointExtension>
            <ns3:hr>88</ns3:hr>
            <ns3:cad>58</ns3:cad>
          </ns3:TrackPointExtension>
        </extensions>
      </trkpt>
      <trkpt lat="42.55348599515855312347412109375" lon="-5.65967869944870471954345703125">
        <ele>865.5999755859375</ele>
        <time>2025-10-03T14:27:08.000Z</time>
        <extensions>
          <ns3:TrackPointExtension>
            <ns3:hr>90</ns3:hr>
            <ns3:cad>58</ns3:cad>
          </ns3:TrackPointExtension>
        </extensions>
      </trkpt>
      <trkpt lat="42.55345397628843784332275390625" lon="-5.65968741662800312042236328125">
        <ele>865.4000244140625</ele>
        <time>2025-10-03T14:27:11.000Z</time>
        <extensions>
          <ns3:TrackPointExtension>
            <ns3:hr>90</ns3:hr>
            <ns3:cad>58</ns3:cad>
          </ns3:TrackPointExtension>
        </extensions>
      </trkpt>
      <trkpt lat="42.55332070402801036834716796875" lon="-5.659709461033344268798828125">
        <ele>865</ele>
        <time>2025-10-03T14:27:22.000Z</time>
        <extensions>
          <ns3:TrackPointExtension>
            <ns3:hr>92</ns3:hr>
            <ns3:cad>58</ns3:cad>
          </ns3:TrackPointExtension>
        </extensions>
      </trkpt>
      <trkpt lat="42.5531938858330249786376953125" lon="-5.65972262062132358551025390625">
        <ele>864.79998779296875</ele>
        <time>2025-10-03T14:27:33.000Z</time>
        <extensions>
          <ns3:TrackPointExtension>
            <ns3:hr>90</ns3:hr>
            <ns3:cad>58</ns3:cad>
          </ns3:TrackPointExtension>
        </extensions>
      </trkpt>
      <trkpt lat="42.55312909372150897979736328125" lon="-5.65972228534519672393798828125">
        <ele>864.5999755859375</ele>
        <time>2025-10-03T14:27:38.000Z</time>
        <extensions>
          <ns3:TrackPointExtension>
            <ns3:hr>89</ns3:hr>
            <ns3:cad>57</ns3:cad>
          </ns3:TrackPointExtension>
        </extensions>
      </trkpt>
      <trkpt lat="42.5530389882624149322509765625" lon="-5.65972949378192424774169921875">
        <ele>864.5999755859375</ele>
        <time>2025-10-03T14:27:45.000Z</time>
        <extensions>
          <ns3:TrackPointExtension>
            <ns3:hr>89</ns3:hr>
            <ns3:cad>57</ns3:cad>
          </ns3:TrackPointExtension>
        </extensions>
      </trkpt>
      <trkpt lat="42.55292424000799655914306640625" lon="-5.65974064171314239501953125">
        <ele>865</ele>
        <time>2025-10-03T14:27:55.000Z</time>
        <extensions>
          <ns3:TrackPointExtension>
            <ns3:hr>89</ns3:hr>
            <ns3:cad>57</ns3:cad>
          </ns3:TrackPointExtension>
        </extensions>
      </trkpt>
      <trkpt lat="42.55280387587845325469970703125" lon="-5.6597679667174816131591796875">
        <ele>865.4000244140625</ele>
        <time>2025-10-03T14:28:05.000Z</time>
        <extensions>
          <ns3:TrackPointExtension>
            <ns3:hr>90</ns3:hr>
            <ns3:cad>56</ns3:cad>
          </ns3:TrackPointExtension>
        </extensions>
      </trkpt>
      <trkpt lat="42.5527717731893062591552734375" lon="-5.6597733311355113983154296875">
        <ele>865.5999755859375</ele>
        <time>2025-10-03T14:28:08.000Z</time>
        <extensions>
          <ns3:TrackPointExtension>
            <ns3:hr>90</ns3:hr>
            <ns3:cad>56</ns3:cad>
          </ns3:TrackPointExtension>
        </extensions>
      </trkpt>
      <trkpt lat="42.5526842661201953887939453125" lon="-5.6597914360463619232177734375">
        <ele>866.20001220703125</ele>
        <time>2025-10-03T14:28:16.000Z</time>
        <extensions>
          <ns3:TrackPointExtension>
            <ns3:hr>92</ns3:hr>
            <ns3:cad>56</ns3:cad>
          </ns3:TrackPointExtension>
        </extensions>
      </trkpt>
      <trkpt lat="42.5526232458651065826416015625" lon="-5.659808032214641571044921875">
        <ele>866.5999755859375</ele>
        <time>2025-10-03T14:28:21.000Z</time>
        <extensions>
          <ns3:TrackPointExtension>
            <ns3:hr>93</ns3:hr>
            <ns3:cad>55</ns3:cad>
          </ns3:TrackPointExtension>
        </extensions>
      </trkpt>
      <trkpt lat="42.55254931747913360595703125" lon="-5.65984868444502353668212890625">
        <ele>867.20001220703125</ele>
        <time>2025-10-03T14:28:28.000Z</time>
        <extensions>
          <ns3:TrackPointExtension>
            <ns3:hr>96</ns3:hr>
            <ns3:cad>56</ns3:cad>
          </ns3:TrackPointExtension>
        </extensions>
      </trkpt>
      <trkpt lat="42.55254135467112064361572265625" lon="-5.659856311976909637451171875">
        <ele>867.20001220703125</ele>
        <time>2025-10-03T14:28:29.000Z</time>
        <extensions>
          <ns3:TrackPointExtension>
            <ns3:hr>97</ns3:hr>
            <ns3:cad>56</ns3:cad>
          </ns3:TrackPointExtension>
        </extensions>
      </trkpt>
      <trkpt lat="42.55250849761068820953369140625" lon="-5.6598796136677265167236328125">
        <ele>867.4000244140625</ele>
        <time>2025-10-03T14:28:33.000Z</time>
        <extensions>
          <ns3:TrackPointExtension>
            <ns3:hr>100</ns3:hr>
            <ns3:cad>55</ns3:cad>
          </ns3:TrackPointExtension>
        </extensions>
      </trkpt>
      <trkpt lat="42.55248469300568103790283203125" lon="-5.65988874994218349456787109375">
        <ele>867.5999755859375</ele>
        <time>2025-10-03T14:28:36.000Z</time>
        <extensions>
          <ns3:TrackPointExtension>
            <ns3:hr>103</ns3:hr>
            <ns3:cad>54</ns3:cad>
          </ns3:TrackPointExtension>
        </extensions>
      </trkpt>
      <trkpt lat="42.55244068801403045654296875" lon="-5.6599107943475246429443359375">
        <ele>867.79998779296875</ele>
        <time>2025-10-03T14:28:40.000Z</time>
        <extensions>
          <ns3:TrackPointExtension>
            <ns3:hr>104</ns3:hr>
            <ns3:cad>53</ns3:cad>
          </ns3:TrackPointExtension>
        </extensions>
      </trkpt>
      <trkpt lat="42.5523339025676250457763671875" lon="-5.65997156314551830291748046875">
        <ele>868.4000244140625</ele>
        <time>2025-10-03T14:28:50.000Z</time>
        <extensions>
          <ns3:TrackPointExtension>
            <ns3:hr>104</ns3:hr>
            <ns3:cad>54</ns3:cad>
          </ns3:TrackPointExtension>
        </extensions>
      </trkpt>
      <trkpt lat="42.55230364389717578887939453125" lon="-5.66002218984067440032958984375">
        <ele>868.5999755859375</ele>
        <time>2025-10-03T14:28:54.000Z</time>
        <extensions>
          <ns3:TrackPointExtension>
            <ns3:hr>105</ns3:hr>
            <ns3:cad>55</ns3:cad>
          </ns3:TrackPointExtension>
        </extensions>
      </trkpt>
      <trkpt lat="42.5522638298571109771728515625" lon="-5.66008756868541240692138671875">
        <ele>869.20001220703125</ele>
        <time>2025-10-03T14:29:00.000Z</time>
        <extensions>
          <ns3:TrackPointExtension>
            <ns3:hr>105</ns3:hr>
            <ns3:cad>55</ns3:cad>
          </ns3:TrackPointExtension>
        </extensions>
      </trkpt>
      <trkpt lat="42.5522252731025218963623046875" lon="-5.66019753925502300262451171875">
        <ele>869.5999755859375</ele>
        <time>2025-10-03T14:29:09.000Z</time>
        <extensions>
          <ns3:TrackPointExtension>
            <ns3:hr>106</ns3:hr>
            <ns3:cad>53</ns3:cad>
          </ns3:TrackPointExtension>
        </extensions>
      </trkpt>
      <trkpt lat="42.552223764359951019287109375" lon="-5.66021245904266834259033203125">
        <ele>869.79998779296875</ele>
        <time>2025-10-03T14:29:10.000Z</time>
        <extensions>
          <ns3:TrackPointExtension>
            <ns3:hr>106</ns3:hr>
            <ns3:cad>53</ns3:cad>
          </ns3:TrackPointExtension>
        </extensions>
      </trkpt>
      <trkpt lat="42.55222099833190441131591796875" lon="-5.6604023091495037078857421875">
        <ele>870.79998779296875</ele>
        <time>2025-10-03T14:29:22.000Z</time>
        <extensions>
          <ns3:TrackPointExtension>
            <ns3:hr>107</ns3:hr>
            <ns3:cad>55</ns3:cad>
          </ns3:TrackPointExtension>
        </extensions>
      </trkpt>
      <trkpt lat="42.55224396474659442901611328125" lon="-5.66055058501660823822021484375">
        <ele>871.5999755859375</ele>
        <time>2025-10-03T14:29:32.000Z</time>
        <extensions>
          <ns3:TrackPointExtension>
            <ns3:hr>108</ns3:hr>
            <ns3:cad>54</ns3:cad>
          </ns3:TrackPointExtension>
        </extensions>
      </trkpt>
      <trkpt lat="42.55226341076195240020751953125" lon="-5.66062686033546924591064453125">
        <ele>871.79998779296875</ele>
        <time>2025-10-03T14:29:37.000Z</time>
        <extensions>
          <ns3:TrackPointExtension>
            <ns3:hr>108</ns3:hr>
            <ns3:cad>56</ns3:cad>
          </ns3:TrackPointExtension>
        </extensions>
      </trkpt>
      <trkpt lat="42.55226978100836277008056640625" lon="-5.66071696579456329345703125">
        <ele>872.20001220703125</ele>
        <time>2025-10-03T14:29:43.000Z</time>
        <extensions>
          <ns3:TrackPointExtension>
            <ns3:hr>106</ns3:hr>
            <ns3:cad>56</ns3:cad>
          </ns3:TrackPointExtension>
        </extensions>
      </trkpt>
      <trkpt lat="42.5522859580814838409423828125" lon="-5.66088720224797725677490234375">
        <ele>872.5999755859375</ele>
        <time>2025-10-03T14:29:53.000Z</time>
        <extensions>
          <ns3:TrackPointExtension>
            <ns3:hr>106</ns3:hr>
            <ns3:cad>56</ns3:cad>
          </ns3:TrackPointExtension>
        </extensions>
      </trkpt>
      <trkpt lat="42.55228579044342041015625" lon="-5.6609456241130828857421875">
        <ele>872.79998779296875</ele>
        <time>2025-10-03T14:29:57.000Z</time>
        <extensions>
          <ns3:TrackPointExtension>
            <ns3:hr>107</ns3:hr>
            <ns3:cad>55</ns3:cad>
          </ns3:TrackPointExtension>
        </extensions>
      </trkpt>
      <trkpt lat="42.5522698648273944854736328125" lon="-5.66102885641157627105712890625">
        <ele>873.4000244140625</ele>
        <time>2025-10-03T14:30:03.000Z</time>
        <extensions>
          <ns3:TrackPointExtension>
            <ns3:hr>108</ns3:hr>
            <ns3:cad>55</ns3:cad>
          </ns3:TrackPointExtension>
        </extensions>
      </trkpt>
      <trkpt lat="42.55223139189183712005615234375" lon="-5.6610648147761821746826171875">
        <ele>873.79998779296875</ele>
        <time>2025-10-03T14:30:07.000Z</time>
        <extensions>
          <ns3:TrackPointExtension>
            <ns3:hr>111</ns3:hr>
            <ns3:cad>53</ns3:cad>
          </ns3:TrackPointExtension>
        </extensions>
      </trkpt>
      <trkpt lat="42.5522013008594512939453125" lon="-5.661078728735446929931640625">
        <ele>874</ele>
        <time>2025-10-03T14:30:10.000Z</time>
        <extensions>
          <ns3:TrackPointExtension>
            <ns3:hr>111</ns3:hr>
            <ns3:cad>54</ns3:cad>
          </ns3:TrackPointExtension>
        </extensions>
      </trkpt>
      <trkpt lat="42.55219065584242343902587890625" lon="-5.661085434257984161376953125">
        <ele>874</ele>
        <time>2025-10-03T14:30:11.000Z</time>
        <extensions>
          <ns3:TrackPointExtension>
            <ns3:hr>111</ns3:hr>
            <ns3:cad>54</ns3:cad>
          </ns3:TrackPointExtension>
        </extensions>
      </trkpt>
      <trkpt lat="42.5521186552941799163818359375" lon="-5.6611556746065616607666015625">
        <ele>874.4000244140625</ele>
        <time>2025-10-03T14:30:19.000Z</time>
        <extensions>
          <ns3:TrackPointExtension>
            <ns3:hr>111</ns3:hr>
            <ns3:cad>54</ns3:cad>
          </ns3:TrackPointExtension>
        </extensions>
      </trkpt>
      <trkpt lat="42.55204129032790660858154296875" lon="-5.66120110452175140380859375">
        <ele>874.79998779296875</ele>
        <time>2025-10-03T14:30:26.000Z</time>
        <extensions>
          <ns3:TrackPointExtension>
            <ns3:hr>111</ns3:hr>
            <ns3:cad>56</ns3:cad>
          </ns3:TrackPointExtension>
        </extensions>
      </trkpt>
      <trkpt lat="42.552016563713550567626953125" lon="-5.66121728159487247467041015625">
        <ele>875</ele>
        <time>2025-10-03T14:30:28.000Z</time>
        <extensions>
          <ns3:TrackPointExtension>
            <ns3:hr>112</ns3:hr>
            <ns3:cad>55</ns3:cad>
          </ns3:TrackPointExtension>
        </extensions>
      </trkpt>
      <trkpt lat="42.55192360840737819671630859375" lon="-5.66127511672675609588623046875">
        <ele>875.4000244140625</ele>
        <time>2025-10-03T14:30:36.000Z</time>
        <extensions>
          <ns3:TrackPointExtension>
            <ns3:hr>112</ns3:hr>
            <ns3:cad>55</ns3:cad>
          </ns3:TrackPointExtension>
        </extensions>
      </trkpt>
      <trkpt lat="42.55183224566280841827392578125" lon="-5.66133630461990833282470703125">
        <ele>876</ele>
        <time>2025-10-03T14:30:45.000Z</time>
        <extensions>
          <ns3:TrackPointExtension>
            <ns3:hr>109</ns3:hr>
            <ns3:cad>56</ns3:cad>
          </ns3:TrackPointExtension>
        </extensions>
      </trkpt>
      <trkpt lat="42.55182084627449512481689453125" lon="-5.66134083084762096405029296875">
        <ele>876</ele>
        <time>2025-10-03T14:30:46.000Z</time>
        <extensions>
          <ns3:TrackPointExtension>
            <ns3:hr>109</ns3:hr>
            <ns3:cad>56</ns3:cad>
          </ns3:TrackPointExtension>
        </extensions>
      </trkpt>
      <trkpt lat="42.55180299282073974609375" lon="-5.66135139204561710357666015625">
        <ele>876.20001220703125</ele>
        <time>2025-10-03T14:30:48.000Z</time>
        <extensions>
          <ns3:TrackPointExtension>
            <ns3:hr>108</ns3:hr>
            <ns3:cad>56</ns3:cad>
          </ns3:TrackPointExtension>
        </extensions>
      </trkpt>
      <trkpt lat="42.551687993109226226806640625" lon="-5.66140185110270977020263671875">
        <ele>876.79998779296875</ele>
        <time>2025-10-03T14:30:59.000Z</time>
        <extensions>
          <ns3:TrackPointExtension>
            <ns3:hr>107</ns3:hr>
            <ns3:cad>55</ns3:cad>
          </ns3:TrackPointExtension>
        </extensions>
      </trkpt>
      <trkpt lat="42.5516675412654876708984375" lon="-5.661411322653293609619140625">
        <ele>877</ele>
        <time>2025-10-03T14:31:01.000Z</time>
        <extensions>
          <ns3:TrackPointExtension>
            <ns3:hr>107</ns3:hr>
            <ns3:cad>54</ns3:cad>
          </ns3:TrackPointExtension>
        </extensions>
      </trkpt>
      <trkpt lat="42.5515979714691638946533203125" lon="-5.6614641286432743072509765625">
        <ele>877.5999755859375</ele>
        <time>2025-10-03T14:31:08.000Z</time>
        <extensions>
          <ns3:TrackPointExtension>
            <ns3:hr>107</ns3:hr>
            <ns3:cad>54</ns3:cad>
          </ns3:TrackPointExtension>
        </extensions>
      </trkpt>
      <trkpt lat="42.551592104136943817138671875" lon="-5.66157124936580657958984375">
        <ele>877.5999755859375</ele>
        <time>2025-10-03T14:31:15.000Z</time>
        <extensions>
          <ns3:TrackPointExtension>
            <ns3:hr>106</ns3:hr>
            <ns3:cad>55</ns3:cad>
          </ns3:TrackPointExtension>
        </extensions>
      </trkpt>
      <trkpt lat="42.55161213688552379608154296875" lon="-5.66162464208900928497314453125">
        <ele>878.20001220703125</ele>
        <time>2025-10-03T14:31:19.000Z</time>
        <extensions>
          <ns3:TrackPointExtension>
            <ns3:hr>105</ns3:hr>
            <ns3:cad>55</ns3:cad>
          </ns3:TrackPointExtension>
        </extensions>
      </trkpt>
      <trkpt lat="42.55164566449820995330810546875" lon="-5.66171064041554927825927734375">
        <ele>877.79998779296875</ele>
        <time>2025-10-03T14:31:24.000Z</time>
        <extensions>
          <ns3:TrackPointExtension>
            <ns3:hr>105</ns3:hr>
            <ns3:cad>55</ns3:cad>
          </ns3:TrackPointExtension>
        </extensions>
      </trkpt>
      <trkpt lat="42.55165874026715755462646484375" lon="-5.66174450330436229705810546875">
        <ele>878</ele>
        <time>2025-10-03T14:31:28.000Z</time>
        <extensions>
          <ns3:TrackPointExtension>
            <ns3:hr>104</ns3:hr>
            <ns3:cad>54</ns3:cad>
          </ns3:TrackPointExtension>
        </extensions>
      </trkpt>
    </trkseg>
  </trk>
</gpx>
