<?xml version="1.0" encoding="UTF-8"?>
<gpx creator="Garmin Connect" version="1.1"
  xsi:schemaLocation="http://www.topografix.com/GPX/1/1 http://www.topografix.com/GPX/11.xsd"
  xmlns:ns3="http://www.garmin.com/xmlschemas/TrackPointExtension/v1"
  xmlns="http://www.topografix.com/GPX/1/1"
  xmlns:xsi="http://www.w3.org/2001/XMLSchema-instance" xmlns:ns2="http://www.garmin.com/xmlschemas/GpxExtensions/v3">
  <metadata>
    <link href="connect.garmin.com">
      <text>Garmin Connect</text>
    </link>
    <time>2025-09-28T04:46:51.000Z</time>
  </metadata>
  <trk>
    <name>Day 15 Frómista &gt; Carrión de los Condes</name>
    <desc></desc>
    <type>hiking</type>
    <trkseg>
      <trkpt lat="42.26837488822638988494873046875" lon="-4.4047395698726177215576171875">
        <ele>774.4000244140625</ele>
        <time>2025-09-28T04:47:05.000Z</time>
        <extensions>
          <ns3:TrackPointExtension>
            <ns3:hr>104</ns3:hr>
            <ns3:cad>56</ns3:cad>
          </ns3:TrackPointExtension>
        </extensions>
      </trkpt>
      <trkpt lat="42.26825150661170482635498046875" lon="-4.4048009254038333892822265625">
        <ele>774.4000244140625</ele>
        <time>2025-09-28T04:47:13.000Z</time>
        <extensions>
          <ns3:TrackPointExtension>
            <ns3:hr>103</ns3:hr>
            <ns3:cad>59</ns3:cad>
          </ns3:TrackPointExtension>
        </extensions>
      </trkpt>
      <trkpt lat="42.26815947331488132476806640625" lon="-4.40486253239214420318603515625">
        <ele>774.4000244140625</ele>
        <time>2025-09-28T04:47:19.000Z</time>
        <extensions>
          <ns3:TrackPointExtension>
            <ns3:hr>103</ns3:hr>
            <ns3:cad>57</ns3:cad>
          </ns3:TrackPointExtension>
        </extensions>
      </trkpt>
      <trkpt lat="42.26805905811488628387451171875" lon="-4.40491475164890289306640625">
        <ele>774.4000244140625</ele>
        <time>2025-09-28T04:47:29.000Z</time>
        <extensions>
          <ns3:TrackPointExtension>
            <ns3:hr>103</ns3:hr>
            <ns3:cad>57</ns3:cad>
          </ns3:TrackPointExtension>
        </extensions>
      </trkpt>
      <trkpt lat="42.26797557435929775238037109375" lon="-4.4049702398478984832763671875">
        <ele>774.4000244140625</ele>
        <time>2025-09-28T04:47:36.000Z</time>
        <extensions>
          <ns3:TrackPointExtension>
            <ns3:hr>102</ns3:hr>
            <ns3:cad>59</ns3:cad>
          </ns3:TrackPointExtension>
        </extensions>
      </trkpt>
      <trkpt lat="42.26787574589252471923828125" lon="-4.40501709468662738800048828125">
        <ele>774.5999755859375</ele>
        <time>2025-09-28T04:47:44.000Z</time>
        <extensions>
          <ns3:TrackPointExtension>
            <ns3:hr>101</ns3:hr>
            <ns3:cad>57</ns3:cad>
          </ns3:TrackPointExtension>
        </extensions>
      </trkpt>
      <trkpt lat="42.26778899319469928741455078125" lon="-4.40504542551934719085693359375">
        <ele>774.5999755859375</ele>
        <time>2025-09-28T04:47:51.000Z</time>
        <extensions>
          <ns3:TrackPointExtension>
            <ns3:hr>101</ns3:hr>
            <ns3:cad>59</ns3:cad>
          </ns3:TrackPointExtension>
        </extensions>
      </trkpt>
      <trkpt lat="42.26772227324545383453369140625" lon="-4.40506151877343654632568359375">
        <ele>774.5999755859375</ele>
        <time>2025-09-28T04:48:01.000Z</time>
        <extensions>
          <ns3:TrackPointExtension>
            <ns3:hr>100</ns3:hr>
            <ns3:cad>58</ns3:cad>
          </ns3:TrackPointExtension>
        </extensions>
      </trkpt>
      <trkpt lat="42.26761900819838047027587890625" lon="-4.40512019209563732147216796875">
        <ele>774.5999755859375</ele>
        <time>2025-09-28T04:48:08.000Z</time>
        <extensions>
          <ns3:TrackPointExtension>
            <ns3:hr>98</ns3:hr>
            <ns3:cad>60</ns3:cad>
          </ns3:TrackPointExtension>
        </extensions>
      </trkpt>
      <trkpt lat="42.267550528049468994140625" lon="-4.40521189011633396148681640625">
        <ele>774.79998779296875</ele>
        <time>2025-09-28T04:48:17.000Z</time>
        <extensions>
          <ns3:TrackPointExtension>
            <ns3:hr>97</ns3:hr>
            <ns3:cad>60</ns3:cad>
          </ns3:TrackPointExtension>
        </extensions>
      </trkpt>
      <trkpt lat="42.26745086722075939178466796875" lon="-4.40531632862985134124755859375">
        <ele>774.79998779296875</ele>
        <time>2025-09-28T04:48:25.000Z</time>
        <extensions>
          <ns3:TrackPointExtension>
            <ns3:hr>98</ns3:hr>
            <ns3:cad>59</ns3:cad>
          </ns3:TrackPointExtension>
        </extensions>
      </trkpt>
      <trkpt lat="42.2673746757209300994873046875" lon="-4.4054138101637363433837890625">
        <ele>774.79998779296875</ele>
        <time>2025-09-28T04:48:33.000Z</time>
        <extensions>
          <ns3:TrackPointExtension>
            <ns3:hr>101</ns3:hr>
            <ns3:cad>61</ns3:cad>
          </ns3:TrackPointExtension>
        </extensions>
      </trkpt>
      <trkpt lat="42.26725992746651172637939453125" lon="-4.40549503080546855926513671875">
        <ele>774.79998779296875</ele>
        <time>2025-09-28T04:48:43.000Z</time>
        <extensions>
          <ns3:TrackPointExtension>
            <ns3:hr>101</ns3:hr>
            <ns3:cad>60</ns3:cad>
          </ns3:TrackPointExtension>
        </extensions>
      </trkpt>
      <trkpt lat="42.26711533963680267333984375" lon="-4.4055797718465328216552734375">
        <ele>774.79998779296875</ele>
        <time>2025-09-28T04:48:55.000Z</time>
        <extensions>
          <ns3:TrackPointExtension>
            <ns3:hr>100</ns3:hr>
            <ns3:cad>59</ns3:cad>
          </ns3:TrackPointExtension>
        </extensions>
      </trkpt>
      <trkpt lat="42.26697024889290332794189453125" lon="-4.40566216595470905303955078125">
        <ele>775</ele>
        <time>2025-09-28T04:49:07.000Z</time>
        <extensions>
          <ns3:TrackPointExtension>
            <ns3:hr>101</ns3:hr>
            <ns3:cad>60</ns3:cad>
          </ns3:TrackPointExtension>
        </extensions>
      </trkpt>
      <trkpt lat="42.26684234105050563812255859375" lon="-4.4057199172675609588623046875">
        <ele>774.79998779296875</ele>
        <time>2025-09-28T04:49:18.000Z</time>
        <extensions>
          <ns3:TrackPointExtension>
            <ns3:hr>100</ns3:hr>
            <ns3:cad>59</ns3:cad>
          </ns3:TrackPointExtension>
        </extensions>
      </trkpt>
      <trkpt lat="42.26668777875602245330810546875" lon="-4.40581329166889190673828125">
        <ele>774.79998779296875</ele>
        <time>2025-09-28T04:49:32.000Z</time>
        <extensions>
          <ns3:TrackPointExtension>
            <ns3:hr>99</ns3:hr>
            <ns3:cad>60</ns3:cad>
          </ns3:TrackPointExtension>
        </extensions>
      </trkpt>
      <trkpt lat="42.2665311209857463836669921875" lon="-4.40590607933700084686279296875">
        <ele>774.5999755859375</ele>
        <time>2025-09-28T04:49:45.000Z</time>
        <extensions>
          <ns3:TrackPointExtension>
            <ns3:hr>98</ns3:hr>
            <ns3:cad>59</ns3:cad>
          </ns3:TrackPointExtension>
        </extensions>
      </trkpt>
      <trkpt lat="42.26644185371696949005126953125" lon="-4.40596282482147216796875">
        <ele>774.4000244140625</ele>
        <time>2025-09-28T04:49:53.000Z</time>
        <extensions>
          <ns3:TrackPointExtension>
            <ns3:hr>97</ns3:hr>
            <ns3:cad>61</ns3:cad>
          </ns3:TrackPointExtension>
        </extensions>
      </trkpt>
      <trkpt lat="42.2662897221744060516357421875" lon="-4.40603918395936489105224609375">
        <ele>774.5999755859375</ele>
        <time>2025-09-28T04:50:06.000Z</time>
        <extensions>
          <ns3:TrackPointExtension>
            <ns3:hr>99</ns3:hr>
            <ns3:cad>59</ns3:cad>
          </ns3:TrackPointExtension>
        </extensions>
      </trkpt>
      <trkpt lat="42.266150750219821929931640625" lon="-4.40612283535301685333251953125">
        <ele>774.79998779296875</ele>
        <time>2025-09-28T04:50:19.000Z</time>
        <extensions>
          <ns3:TrackPointExtension>
            <ns3:hr>99</ns3:hr>
            <ns3:cad>58</ns3:cad>
          </ns3:TrackPointExtension>
        </extensions>
      </trkpt>
      <trkpt lat="42.2660793364048004150390625" lon="-4.4062241725623607635498046875">
        <ele>774.79998779296875</ele>
        <time>2025-09-28T04:50:28.000Z</time>
        <extensions>
          <ns3:TrackPointExtension>
            <ns3:hr>97</ns3:hr>
            <ns3:cad>55</ns3:cad>
          </ns3:TrackPointExtension>
        </extensions>
      </trkpt>
      <trkpt lat="42.26606165058910846710205078125" lon="-4.4063750468194484710693359375">
        <ele>774.79998779296875</ele>
        <time>2025-09-28T04:50:37.000Z</time>
        <extensions>
          <ns3:TrackPointExtension>
            <ns3:hr>97</ns3:hr>
            <ns3:cad>59</ns3:cad>
          </ns3:TrackPointExtension>
        </extensions>
      </trkpt>
      <trkpt lat="42.265997864305973052978515625" lon="-4.40648853778839111328125">
        <ele>775</ele>
        <time>2025-09-28T04:50:46.000Z</time>
        <extensions>
          <ns3:TrackPointExtension>
            <ns3:hr>97</ns3:hr>
            <ns3:cad>59</ns3:cad>
          </ns3:TrackPointExtension>
        </extensions>
      </trkpt>
      <trkpt lat="42.26591496728360652923583984375" lon="-4.40659188665449619293212890625">
        <ele>775</ele>
        <time>2025-09-28T04:50:56.000Z</time>
        <extensions>
          <ns3:TrackPointExtension>
            <ns3:hr>99</ns3:hr>
            <ns3:cad>57</ns3:cad>
          </ns3:TrackPointExtension>
        </extensions>
      </trkpt>
      <trkpt lat="42.265809439122676849365234375" lon="-4.4066858477890491485595703125">
        <ele>774.79998779296875</ele>
        <time>2025-09-28T04:51:07.000Z</time>
        <extensions>
          <ns3:TrackPointExtension>
            <ns3:hr>98</ns3:hr>
            <ns3:cad>58</ns3:cad>
          </ns3:TrackPointExtension>
        </extensions>
      </trkpt>
      <trkpt lat="42.265717573463916778564453125" lon="-4.4068031944334506988525390625">
        <ele>775</ele>
        <time>2025-09-28T04:51:18.000Z</time>
        <extensions>
          <ns3:TrackPointExtension>
            <ns3:hr>99</ns3:hr>
            <ns3:cad>59</ns3:cad>
          </ns3:TrackPointExtension>
        </extensions>
      </trkpt>
      <trkpt lat="42.26565663702785968780517578125" lon="-4.4069138355553150177001953125">
        <ele>774.79998779296875</ele>
        <time>2025-09-28T04:51:26.000Z</time>
        <extensions>
          <ns3:TrackPointExtension>
            <ns3:hr>98</ns3:hr>
            <ns3:cad>58</ns3:cad>
          </ns3:TrackPointExtension>
        </extensions>
      </trkpt>
      <trkpt lat="42.26556041277945041656494140625" lon="-4.40710251219570636749267578125">
        <ele>774.79998779296875</ele>
        <time>2025-09-28T04:51:39.000Z</time>
        <extensions>
          <ns3:TrackPointExtension>
            <ns3:hr>99</ns3:hr>
            <ns3:cad>60</ns3:cad>
          </ns3:TrackPointExtension>
        </extensions>
      </trkpt>
      <trkpt lat="42.2654897533357143402099609375" lon="-4.4073024205863475799560546875">
        <ele>774.5999755859375</ele>
        <time>2025-09-28T04:51:51.000Z</time>
        <extensions>
          <ns3:TrackPointExtension>
            <ns3:hr>98</ns3:hr>
            <ns3:cad>61</ns3:cad>
          </ns3:TrackPointExtension>
        </extensions>
      </trkpt>
      <trkpt lat="42.26540677249431610107421875" lon="-4.40749931149184703826904296875">
        <ele>774.5999755859375</ele>
        <time>2025-09-28T04:52:05.000Z</time>
        <extensions>
          <ns3:TrackPointExtension>
            <ns3:hr>97</ns3:hr>
            <ns3:cad>59</ns3:cad>
          </ns3:TrackPointExtension>
        </extensions>
      </trkpt>
      <trkpt lat="42.26536276750266551971435546875" lon="-4.40767206251621246337890625">
        <ele>774.5999755859375</ele>
        <time>2025-09-28T04:52:15.000Z</time>
        <extensions>
          <ns3:TrackPointExtension>
            <ns3:hr>98</ns3:hr>
            <ns3:cad>59</ns3:cad>
          </ns3:TrackPointExtension>
        </extensions>
      </trkpt>
      <trkpt lat="42.2653247974812984466552734375" lon="-4.40787465311586856842041015625">
        <ele>774.79998779296875</ele>
        <time>2025-09-28T04:52:28.000Z</time>
        <extensions>
          <ns3:TrackPointExtension>
            <ns3:hr>99</ns3:hr>
            <ns3:cad>59</ns3:cad>
          </ns3:TrackPointExtension>
        </extensions>
      </trkpt>
      <trkpt lat="42.2653164155781269073486328125" lon="-4.40804296173155307769775390625">
        <ele>774.79998779296875</ele>
        <time>2025-09-28T04:52:39.000Z</time>
        <extensions>
          <ns3:TrackPointExtension>
            <ns3:hr>97</ns3:hr>
            <ns3:cad>58</ns3:cad>
          </ns3:TrackPointExtension>
        </extensions>
      </trkpt>
      <trkpt lat="42.2652956284582614898681640625" lon="-4.40822350792586803436279296875">
        <ele>774.79998779296875</ele>
        <time>2025-09-28T04:52:50.000Z</time>
        <extensions>
          <ns3:TrackPointExtension>
            <ns3:hr>98</ns3:hr>
            <ns3:cad>59</ns3:cad>
          </ns3:TrackPointExtension>
        </extensions>
      </trkpt>
      <trkpt lat="42.26528498344123363494873046875" lon="-4.40842383541166782379150390625">
        <ele>775</ele>
        <time>2025-09-28T04:53:01.000Z</time>
        <extensions>
          <ns3:TrackPointExtension>
            <ns3:hr>98</ns3:hr>
            <ns3:cad>61</ns3:cad>
          </ns3:TrackPointExtension>
        </extensions>
      </trkpt>
      <trkpt lat="42.265272997319698333740234375" lon="-4.40852710045874118804931640625">
        <ele>775.4000244140625</ele>
        <time>2025-09-28T04:53:08.000Z</time>
        <extensions>
          <ns3:TrackPointExtension>
            <ns3:hr>100</ns3:hr>
            <ns3:cad>60</ns3:cad>
          </ns3:TrackPointExtension>
        </extensions>
      </trkpt>
      <trkpt lat="42.2652691416442394256591796875" lon="-4.40854922868311405181884765625">
        <ele>776</ele>
        <time>2025-09-28T04:53:11.000Z</time>
        <extensions>
          <ns3:TrackPointExtension>
            <ns3:hr>101</ns3:hr>
            <ns3:cad>0</ns3:cad>
          </ns3:TrackPointExtension>
        </extensions>
      </trkpt>
      <trkpt lat="42.26526704616844654083251953125" lon="-4.40857336856424808502197265625">
        <ele>775.79998779296875</ele>
        <time>2025-09-28T04:53:20.000Z</time>
        <extensions>
          <ns3:TrackPointExtension>
            <ns3:hr>97</ns3:hr>
            <ns3:cad>0</ns3:cad>
          </ns3:TrackPointExtension>
        </extensions>
      </trkpt>
      <trkpt lat="42.26526587270200252532958984375" lon="-4.40861209295690059661865234375">
        <ele>775.4000244140625</ele>
        <time>2025-09-28T04:53:22.000Z</time>
        <extensions>
          <ns3:TrackPointExtension>
            <ns3:hr>94</ns3:hr>
            <ns3:cad>0</ns3:cad>
          </ns3:TrackPointExtension>
        </extensions>
      </trkpt>
      <trkpt lat="42.265259921550750732421875" lon="-4.40880001522600650787353515625">
        <ele>775.79998779296875</ele>
        <time>2025-09-28T04:53:33.000Z</time>
        <extensions>
          <ns3:TrackPointExtension>
            <ns3:hr>97</ns3:hr>
            <ns3:cad>62</ns3:cad>
          </ns3:TrackPointExtension>
        </extensions>
      </trkpt>
      <trkpt lat="42.265259586274623870849609375" lon="-4.4088192097842693328857421875">
        <ele>775.79998779296875</ele>
        <time>2025-09-28T04:53:34.000Z</time>
        <extensions>
          <ns3:TrackPointExtension>
            <ns3:hr>98</ns3:hr>
            <ns3:cad>62</ns3:cad>
          </ns3:TrackPointExtension>
        </extensions>
      </trkpt>
      <trkpt lat="42.26525866426527500152587890625" lon="-4.4089154340326786041259765625">
        <ele>776</ele>
        <time>2025-09-28T04:53:39.000Z</time>
        <extensions>
          <ns3:TrackPointExtension>
            <ns3:hr>101</ns3:hr>
            <ns3:cad>61</ns3:cad>
          </ns3:TrackPointExtension>
        </extensions>
      </trkpt>
      <trkpt lat="42.26525765843689441680908203125" lon="-4.4090378098189830780029296875">
        <ele>776.20001220703125</ele>
        <time>2025-09-28T04:53:46.000Z</time>
        <extensions>
          <ns3:TrackPointExtension>
            <ns3:hr>102</ns3:hr>
            <ns3:cad>61</ns3:cad>
          </ns3:TrackPointExtension>
        </extensions>
      </trkpt>
      <trkpt lat="42.2652463428676128387451171875" lon="-4.4092404842376708984375">
        <ele>776.5999755859375</ele>
        <time>2025-09-28T04:53:58.000Z</time>
        <extensions>
          <ns3:TrackPointExtension>
            <ns3:hr>102</ns3:hr>
            <ns3:cad>60</ns3:cad>
          </ns3:TrackPointExtension>
        </extensions>
      </trkpt>
      <trkpt lat="42.26524583995342254638671875" lon="-4.40928968600928783416748046875">
        <ele>776.5999755859375</ele>
        <time>2025-09-28T04:54:01.000Z</time>
        <extensions>
          <ns3:TrackPointExtension>
            <ns3:hr>102</ns3:hr>
            <ns3:cad>60</ns3:cad>
          </ns3:TrackPointExtension>
        </extensions>
      </trkpt>
      <trkpt lat="42.26523351855576038360595703125" lon="-4.40954499877989292144775390625">
        <ele>777.4000244140625</ele>
        <time>2025-09-28T04:54:16.000Z</time>
        <extensions>
          <ns3:TrackPointExtension>
            <ns3:hr>102</ns3:hr>
            <ns3:cad>59</ns3:cad>
          </ns3:TrackPointExtension>
        </extensions>
      </trkpt>
      <trkpt lat="42.26523050107061862945556640625" lon="-4.409610964357852935791015625">
        <ele>777.5999755859375</ele>
        <time>2025-09-28T04:54:20.000Z</time>
        <extensions>
          <ns3:TrackPointExtension>
            <ns3:hr>102</ns3:hr>
            <ns3:cad>59</ns3:cad>
          </ns3:TrackPointExtension>
        </extensions>
      </trkpt>
      <trkpt lat="42.26522111333906650543212890625" lon="-4.4097640179097652435302734375">
        <ele>777.79998779296875</ele>
        <time>2025-09-28T04:54:29.000Z</time>
        <extensions>
          <ns3:TrackPointExtension>
            <ns3:hr>102</ns3:hr>
            <ns3:cad>59</ns3:cad>
          </ns3:TrackPointExtension>
        </extensions>
      </trkpt>
      <trkpt lat="42.26521675474941730499267578125" lon="-4.410009272396564483642578125">
        <ele>778.4000244140625</ele>
        <time>2025-09-28T04:54:43.000Z</time>
        <extensions>
          <ns3:TrackPointExtension>
            <ns3:hr>104</ns3:hr>
            <ns3:cad>60</ns3:cad>
          </ns3:TrackPointExtension>
        </extensions>
      </trkpt>
      <trkpt lat="42.2652020864188671112060546875" lon="-4.4101814366877079010009765625">
        <ele>778.4000244140625</ele>
        <time>2025-09-28T04:54:53.000Z</time>
        <extensions>
          <ns3:TrackPointExtension>
            <ns3:hr>104</ns3:hr>
            <ns3:cad>59</ns3:cad>
          </ns3:TrackPointExtension>
        </extensions>
      </trkpt>
      <trkpt lat="42.26519077084958553314208984375" lon="-4.41037715412676334381103515625">
        <ele>778.4000244140625</ele>
        <time>2025-09-28T04:55:04.000Z</time>
        <extensions>
          <ns3:TrackPointExtension>
            <ns3:hr>103</ns3:hr>
            <ns3:cad>60</ns3:cad>
          </ns3:TrackPointExtension>
        </extensions>
      </trkpt>
      <trkpt lat="42.26518775336444377899169921875" lon="-4.4105824269354343414306640625">
        <ele>778.20001220703125</ele>
        <time>2025-09-28T04:55:16.000Z</time>
        <extensions>
          <ns3:TrackPointExtension>
            <ns3:hr>101</ns3:hr>
            <ns3:cad>62</ns3:cad>
          </ns3:TrackPointExtension>
        </extensions>
      </trkpt>
      <trkpt lat="42.26517752744257450103759765625" lon="-4.41081720404326915740966796875">
        <ele>778.20001220703125</ele>
        <time>2025-09-28T04:55:29.000Z</time>
        <extensions>
          <ns3:TrackPointExtension>
            <ns3:hr>101</ns3:hr>
            <ns3:cad>62</ns3:cad>
          </ns3:TrackPointExtension>
        </extensions>
      </trkpt>
      <trkpt lat="42.26517283357679843902587890625" lon="-4.411003030836582183837890625">
        <ele>778.20001220703125</ele>
        <time>2025-09-28T04:55:40.000Z</time>
        <extensions>
          <ns3:TrackPointExtension>
            <ns3:hr>101</ns3:hr>
            <ns3:cad>61</ns3:cad>
          </ns3:TrackPointExtension>
        </extensions>
      </trkpt>
      <trkpt lat="42.2651528008282184600830078125" lon="-4.41114577464759349822998046875">
        <ele>778</ele>
        <time>2025-09-28T04:55:48.000Z</time>
        <extensions>
          <ns3:TrackPointExtension>
            <ns3:hr>97</ns3:hr>
            <ns3:cad>60</ns3:cad>
          </ns3:TrackPointExtension>
        </extensions>
      </trkpt>
      <trkpt lat="42.2651487775146961212158203125" lon="-4.41124476492404937744140625">
        <ele>778</ele>
        <time>2025-09-28T04:55:54.000Z</time>
        <extensions>
          <ns3:TrackPointExtension>
            <ns3:hr>94</ns3:hr>
            <ns3:cad>59</ns3:cad>
          </ns3:TrackPointExtension>
        </extensions>
      </trkpt>
      <trkpt lat="42.26514517329633235931396484375" lon="-4.4112727604806423187255859375">
        <ele>777.79998779296875</ele>
        <time>2025-09-28T04:55:56.000Z</time>
        <extensions>
          <ns3:TrackPointExtension>
            <ns3:hr>94</ns3:hr>
            <ns3:cad>59</ns3:cad>
          </ns3:TrackPointExtension>
        </extensions>
      </trkpt>
      <trkpt lat="42.26514148525893688201904296875" lon="-4.4114682264626026153564453125">
        <ele>778</ele>
        <time>2025-09-28T04:56:08.000Z</time>
        <extensions>
          <ns3:TrackPointExtension>
            <ns3:hr>96</ns3:hr>
            <ns3:cad>59</ns3:cad>
          </ns3:TrackPointExtension>
        </extensions>
      </trkpt>
      <trkpt lat="42.26514483802020549774169921875" lon="-4.41150887869298458099365234375">
        <ele>777.79998779296875</ele>
        <time>2025-09-28T04:56:15.000Z</time>
        <extensions>
          <ns3:TrackPointExtension>
            <ns3:hr>95</ns3:hr>
            <ns3:cad>0</ns3:cad>
          </ns3:TrackPointExtension>
        </extensions>
      </trkpt>
      <trkpt lat="42.2651377134025096893310546875" lon="-4.41157090477645397186279296875">
        <ele>778.20001220703125</ele>
        <time>2025-09-28T04:56:22.000Z</time>
        <extensions>
          <ns3:TrackPointExtension>
            <ns3:hr>95</ns3:hr>
            <ns3:cad>50</ns3:cad>
          </ns3:TrackPointExtension>
        </extensions>
      </trkpt>
      <trkpt lat="42.26514936424791812896728515625" lon="-4.4117133133113384246826171875">
        <ele>778.20001220703125</ele>
        <time>2025-09-28T04:56:31.000Z</time>
        <extensions>
          <ns3:TrackPointExtension>
            <ns3:hr>98</ns3:hr>
            <ns3:cad>56</ns3:cad>
          </ns3:TrackPointExtension>
        </extensions>
      </trkpt>
      <trkpt lat="42.26514634676277637481689453125" lon="-4.41183376125991344451904296875">
        <ele>778.5999755859375</ele>
        <time>2025-09-28T04:56:39.000Z</time>
        <extensions>
          <ns3:TrackPointExtension>
            <ns3:hr>97</ns3:hr>
            <ns3:cad>57</ns3:cad>
          </ns3:TrackPointExtension>
        </extensions>
      </trkpt>
      <trkpt lat="42.2651454247534275054931640625" lon="-4.4119020737707614898681640625">
        <ele>778.79998779296875</ele>
        <time>2025-09-28T04:56:43.000Z</time>
        <extensions>
          <ns3:TrackPointExtension>
            <ns3:hr>97</ns3:hr>
            <ns3:cad>56</ns3:cad>
          </ns3:TrackPointExtension>
        </extensions>
      </trkpt>
      <trkpt lat="42.265136875212192535400390625" lon="-4.412018246948719024658203125">
        <ele>779.5999755859375</ele>
        <time>2025-09-28T04:56:50.000Z</time>
        <extensions>
          <ns3:TrackPointExtension>
            <ns3:hr>100</ns3:hr>
            <ns3:cad>57</ns3:cad>
          </ns3:TrackPointExtension>
        </extensions>
      </trkpt>
      <trkpt lat="42.26513695903122425079345703125" lon="-4.41203258000314235687255859375">
        <ele>779.5999755859375</ele>
        <time>2025-09-28T04:56:51.000Z</time>
        <extensions>
          <ns3:TrackPointExtension>
            <ns3:hr>100</ns3:hr>
            <ns3:cad>57</ns3:cad>
          </ns3:TrackPointExtension>
        </extensions>
      </trkpt>
      <trkpt lat="42.2651360370218753814697265625" lon="-4.412112794816493988037109375">
        <ele>780</ele>
        <time>2025-09-28T04:56:56.000Z</time>
        <extensions>
          <ns3:TrackPointExtension>
            <ns3:hr>103</ns3:hr>
            <ns3:cad>56</ns3:cad>
          </ns3:TrackPointExtension>
        </extensions>
      </trkpt>
      <trkpt lat="42.2651246376335620880126953125" lon="-4.4121961109340190887451171875">
        <ele>780.4000244140625</ele>
        <time>2025-09-28T04:57:01.000Z</time>
        <extensions>
          <ns3:TrackPointExtension>
            <ns3:hr>106</ns3:hr>
            <ns3:cad>56</ns3:cad>
          </ns3:TrackPointExtension>
        </extensions>
      </trkpt>
      <trkpt lat="42.2651236318051815032958984375" lon="-4.412227459251880645751953125">
        <ele>780.5999755859375</ele>
        <time>2025-09-28T04:57:03.000Z</time>
        <extensions>
          <ns3:TrackPointExtension>
            <ns3:hr>107</ns3:hr>
            <ns3:cad>56</ns3:cad>
          </ns3:TrackPointExtension>
        </extensions>
      </trkpt>
      <trkpt lat="42.2651199437677860260009765625" lon="-4.41230901516973972320556640625">
        <ele>781</ele>
        <time>2025-09-28T04:57:08.000Z</time>
        <extensions>
          <ns3:TrackPointExtension>
            <ns3:hr>110</ns3:hr>
            <ns3:cad>56</ns3:cad>
          </ns3:TrackPointExtension>
        </extensions>
      </trkpt>
      <trkpt lat="42.2651179321110248565673828125" lon="-4.412340112030506134033203125">
        <ele>781.4000244140625</ele>
        <time>2025-09-28T04:57:10.000Z</time>
        <extensions>
          <ns3:TrackPointExtension>
            <ns3:hr>110</ns3:hr>
            <ns3:cad>56</ns3:cad>
          </ns3:TrackPointExtension>
        </extensions>
      </trkpt>
      <trkpt lat="42.2651152499020099639892578125" lon="-4.41242032684385776519775390625">
        <ele>781.79998779296875</ele>
        <time>2025-09-28T04:57:15.000Z</time>
        <extensions>
          <ns3:TrackPointExtension>
            <ns3:hr>112</ns3:hr>
            <ns3:cad>56</ns3:cad>
          </ns3:TrackPointExtension>
        </extensions>
      </trkpt>
      <trkpt lat="42.26510728709399700164794921875" lon="-4.41256633959710597991943359375">
        <ele>782.4000244140625</ele>
        <time>2025-09-28T04:57:24.000Z</time>
        <extensions>
          <ns3:TrackPointExtension>
            <ns3:hr>113</ns3:hr>
            <ns3:cad>56</ns3:cad>
          </ns3:TrackPointExtension>
        </extensions>
      </trkpt>
      <trkpt lat="42.26509320549666881561279296875" lon="-4.41264345310628414154052734375">
        <ele>782.79998779296875</ele>
        <time>2025-09-28T04:57:29.000Z</time>
        <extensions>
          <ns3:TrackPointExtension>
            <ns3:hr>114</ns3:hr>
            <ns3:cad>56</ns3:cad>
          </ns3:TrackPointExtension>
        </extensions>
      </trkpt>
      <trkpt lat="42.26508733816444873809814453125" lon="-4.4127405993640422821044921875">
        <ele>783.20001220703125</ele>
        <time>2025-09-28T04:57:35.000Z</time>
        <extensions>
          <ns3:TrackPointExtension>
            <ns3:hr>114</ns3:hr>
            <ns3:cad>57</ns3:cad>
          </ns3:TrackPointExtension>
        </extensions>
      </trkpt>
      <trkpt lat="42.26507308892905712127685546875" lon="-4.41297613084316253662109375">
        <ele>783.5999755859375</ele>
        <time>2025-09-28T04:57:49.000Z</time>
        <extensions>
          <ns3:TrackPointExtension>
            <ns3:hr>114</ns3:hr>
            <ns3:cad>58</ns3:cad>
          </ns3:TrackPointExtension>
        </extensions>
      </trkpt>
      <trkpt lat="42.26506571285426616668701171875" lon="-4.41305986605584621429443359375">
        <ele>783.79998779296875</ele>
        <time>2025-09-28T04:57:54.000Z</time>
        <extensions>
          <ns3:TrackPointExtension>
            <ns3:hr>113</ns3:hr>
            <ns3:cad>56</ns3:cad>
          </ns3:TrackPointExtension>
        </extensions>
      </trkpt>
      <trkpt lat="42.26505967788398265838623046875" lon="-4.413156174123287200927734375">
        <ele>784</ele>
        <time>2025-09-28T04:58:00.000Z</time>
        <extensions>
          <ns3:TrackPointExtension>
            <ns3:hr>114</ns3:hr>
            <ns3:cad>59</ns3:cad>
          </ns3:TrackPointExtension>
        </extensions>
      </trkpt>
      <trkpt lat="42.2650351189076900482177734375" lon="-4.4133685715496540069580078125">
        <ele>784.20001220703125</ele>
        <time>2025-09-28T04:58:12.000Z</time>
        <extensions>
          <ns3:TrackPointExtension>
            <ns3:hr>112</ns3:hr>
            <ns3:cad>59</ns3:cad>
          </ns3:TrackPointExtension>
        </extensions>
      </trkpt>
      <trkpt lat="42.26502799428999423980712890625" lon="-4.4134191982448101043701171875">
        <ele>784</ele>
        <time>2025-09-28T04:58:15.000Z</time>
        <extensions>
          <ns3:TrackPointExtension>
            <ns3:hr>112</ns3:hr>
            <ns3:cad>57</ns3:cad>
          </ns3:TrackPointExtension>
        </extensions>
      </trkpt>
      <trkpt lat="42.2650475241243839263916015625" lon="-4.41351525485515594482421875">
        <ele>783.5999755859375</ele>
        <time>2025-09-28T04:58:21.000Z</time>
        <extensions>
          <ns3:TrackPointExtension>
            <ns3:hr>111</ns3:hr>
            <ns3:cad>59</ns3:cad>
          </ns3:TrackPointExtension>
        </extensions>
      </trkpt>
      <trkpt lat="42.26507392711937427520751953125" lon="-4.413695633411407470703125">
        <ele>784.20001220703125</ele>
        <time>2025-09-28T04:58:32.000Z</time>
        <extensions>
          <ns3:TrackPointExtension>
            <ns3:hr>112</ns3:hr>
            <ns3:cad>57</ns3:cad>
          </ns3:TrackPointExtension>
        </extensions>
      </trkpt>
      <trkpt lat="42.2650790400803089141845703125" lon="-4.4138356111943721771240234375">
        <ele>784.5999755859375</ele>
        <time>2025-09-28T04:58:42.000Z</time>
        <extensions>
          <ns3:TrackPointExtension>
            <ns3:hr>113</ns3:hr>
            <ns3:cad>0</ns3:cad>
          </ns3:TrackPointExtension>
        </extensions>
      </trkpt>
      <trkpt lat="42.265082895755767822265625" lon="-4.41384156234562397003173828125">
        <ele>784.5999755859375</ele>
        <time>2025-09-28T04:58:53.000Z</time>
        <extensions>
          <ns3:TrackPointExtension>
            <ns3:hr>111</ns3:hr>
            <ns3:cad>0</ns3:cad>
          </ns3:TrackPointExtension>
        </extensions>
      </trkpt>
      <trkpt lat="42.2651016712188720703125" lon="-4.4139335118234157562255859375">
        <ele>784.79998779296875</ele>
        <time>2025-09-28T04:58:58.000Z</time>
        <extensions>
          <ns3:TrackPointExtension>
            <ns3:hr>108</ns3:hr>
            <ns3:cad>57</ns3:cad>
          </ns3:TrackPointExtension>
        </extensions>
      </trkpt>
      <trkpt lat="42.26513125933706760406494140625" lon="-4.414013139903545379638671875">
        <ele>784.79998779296875</ele>
        <time>2025-09-28T04:59:03.000Z</time>
        <extensions>
          <ns3:TrackPointExtension>
            <ns3:hr>106</ns3:hr>
            <ns3:cad>59</ns3:cad>
          </ns3:TrackPointExtension>
        </extensions>
      </trkpt>
      <trkpt lat="42.26524022407829761505126953125" lon="-4.41415923647582530975341796875">
        <ele>784.79998779296875</ele>
        <time>2025-09-28T04:59:15.000Z</time>
        <extensions>
          <ns3:TrackPointExtension>
            <ns3:hr>107</ns3:hr>
            <ns3:cad>59</ns3:cad>
          </ns3:TrackPointExtension>
        </extensions>
      </trkpt>
      <trkpt lat="42.26528280414640903472900390625" lon="-4.4142412953078746795654296875">
        <ele>785</ele>
        <time>2025-09-28T04:59:21.000Z</time>
        <extensions>
          <ns3:TrackPointExtension>
            <ns3:hr>106</ns3:hr>
            <ns3:cad>59</ns3:cad>
          </ns3:TrackPointExtension>
        </extensions>
      </trkpt>
      <trkpt lat="42.26532270200550556182861328125" lon="-4.4143559597432613372802734375">
        <ele>785</ele>
        <time>2025-09-28T04:59:28.000Z</time>
        <extensions>
          <ns3:TrackPointExtension>
            <ns3:hr>106</ns3:hr>
            <ns3:cad>59</ns3:cad>
          </ns3:TrackPointExtension>
        </extensions>
      </trkpt>
      <trkpt lat="42.2653365321457386016845703125" lon="-4.4145014695823192596435546875">
        <ele>785</ele>
        <time>2025-09-28T04:59:37.000Z</time>
        <extensions>
          <ns3:TrackPointExtension>
            <ns3:hr>105</ns3:hr>
            <ns3:cad>59</ns3:cad>
          </ns3:TrackPointExtension>
        </extensions>
      </trkpt>
      <trkpt lat="42.26533208973705768585205078125" lon="-4.4145718775689601898193359375">
        <ele>784.79998779296875</ele>
        <time>2025-09-28T04:59:41.000Z</time>
        <extensions>
          <ns3:TrackPointExtension>
            <ns3:hr>102</ns3:hr>
            <ns3:cad>59</ns3:cad>
          </ns3:TrackPointExtension>
        </extensions>
      </trkpt>
      <trkpt lat="42.26530694402754306793212890625" lon="-4.41470489837229251861572265625">
        <ele>785</ele>
        <time>2025-09-28T04:59:49.000Z</time>
        <extensions>
          <ns3:TrackPointExtension>
            <ns3:hr>101</ns3:hr>
            <ns3:cad>59</ns3:cad>
          </ns3:TrackPointExtension>
        </extensions>
      </trkpt>
      <trkpt lat="42.26528464816510677337646484375" lon="-4.41476725973188877105712890625">
        <ele>784.79998779296875</ele>
        <time>2025-09-28T04:59:53.000Z</time>
        <extensions>
          <ns3:TrackPointExtension>
            <ns3:hr>104</ns3:hr>
            <ns3:cad>59</ns3:cad>
          </ns3:TrackPointExtension>
        </extensions>
      </trkpt>
      <trkpt lat="42.2652185149490833282470703125" lon="-4.41490807570517063140869140625">
        <ele>784.79998779296875</ele>
        <time>2025-09-28T05:00:03.000Z</time>
        <extensions>
          <ns3:TrackPointExtension>
            <ns3:hr>105</ns3:hr>
            <ns3:cad>59</ns3:cad>
          </ns3:TrackPointExtension>
        </extensions>
      </trkpt>
      <trkpt lat="42.265146262943744659423828125" lon="-4.41510220058262348175048828125">
        <ele>784.5999755859375</ele>
        <time>2025-09-28T05:00:16.000Z</time>
        <extensions>
          <ns3:TrackPointExtension>
            <ns3:hr>105</ns3:hr>
            <ns3:cad>58</ns3:cad>
          </ns3:TrackPointExtension>
        </extensions>
      </trkpt>
      <trkpt lat="42.2651464305818080902099609375" lon="-4.41528417170047760009765625">
        <ele>784.5999755859375</ele>
        <time>2025-09-28T05:00:27.000Z</time>
        <extensions>
          <ns3:TrackPointExtension>
            <ns3:hr>103</ns3:hr>
            <ns3:cad>59</ns3:cad>
          </ns3:TrackPointExtension>
        </extensions>
      </trkpt>
      <trkpt lat="42.26515062153339385986328125" lon="-4.41547167487442493438720703125">
        <ele>784.5999755859375</ele>
        <time>2025-09-28T05:00:38.000Z</time>
        <extensions>
          <ns3:TrackPointExtension>
            <ns3:hr>104</ns3:hr>
            <ns3:cad>59</ns3:cad>
          </ns3:TrackPointExtension>
        </extensions>
      </trkpt>
      <trkpt lat="42.26516746915876865386962890625" lon="-4.4156990759074687957763671875">
        <ele>784.79998779296875</ele>
        <time>2025-09-28T05:00:52.000Z</time>
        <extensions>
          <ns3:TrackPointExtension>
            <ns3:hr>103</ns3:hr>
            <ns3:cad>58</ns3:cad>
          </ns3:TrackPointExtension>
        </extensions>
      </trkpt>
      <trkpt lat="42.2651672177016735076904296875" lon="-4.4158908538520336151123046875">
        <ele>785.4000244140625</ele>
        <time>2025-09-28T05:01:05.000Z</time>
        <extensions>
          <ns3:TrackPointExtension>
            <ns3:hr>101</ns3:hr>
            <ns3:cad>55</ns3:cad>
          </ns3:TrackPointExtension>
        </extensions>
      </trkpt>
      <trkpt lat="42.2651863284409046173095703125" lon="-4.41604918800294399261474609375">
        <ele>785.4000244140625</ele>
        <time>2025-09-28T05:01:15.000Z</time>
        <extensions>
          <ns3:TrackPointExtension>
            <ns3:hr>102</ns3:hr>
            <ns3:cad>58</ns3:cad>
          </ns3:TrackPointExtension>
        </extensions>
      </trkpt>
      <trkpt lat="42.26518875919282436370849609375" lon="-4.41609646193683147430419921875">
        <ele>785.4000244140625</ele>
        <time>2025-09-28T05:01:18.000Z</time>
        <extensions>
          <ns3:TrackPointExtension>
            <ns3:hr>105</ns3:hr>
            <ns3:cad>58</ns3:cad>
          </ns3:TrackPointExtension>
        </extensions>
      </trkpt>
      <trkpt lat="42.26520560681819915771484375" lon="-4.41626979969441890716552734375">
        <ele>785.4000244140625</ele>
        <time>2025-09-28T05:01:28.000Z</time>
        <extensions>
          <ns3:TrackPointExtension>
            <ns3:hr>105</ns3:hr>
            <ns3:cad>59</ns3:cad>
          </ns3:TrackPointExtension>
        </extensions>
      </trkpt>
      <trkpt lat="42.26523335091769695281982421875" lon="-4.41650055348873138427734375">
        <ele>785.4000244140625</ele>
        <time>2025-09-28T05:01:42.000Z</time>
        <extensions>
          <ns3:TrackPointExtension>
            <ns3:hr>105</ns3:hr>
            <ns3:cad>59</ns3:cad>
          </ns3:TrackPointExtension>
        </extensions>
      </trkpt>
      <trkpt lat="42.2652518749237060546875" lon="-4.41670884378254413604736328125">
        <ele>785</ele>
        <time>2025-09-28T05:01:54.000Z</time>
        <extensions>
          <ns3:TrackPointExtension>
            <ns3:hr>104</ns3:hr>
            <ns3:cad>59</ns3:cad>
          </ns3:TrackPointExtension>
        </extensions>
      </trkpt>
      <trkpt lat="42.26527341641485691070556640625" lon="-4.4168762303888797760009765625">
        <ele>784.4000244140625</ele>
        <time>2025-09-28T05:02:05.000Z</time>
        <extensions>
          <ns3:TrackPointExtension>
            <ns3:hr>104</ns3:hr>
            <ns3:cad>57</ns3:cad>
          </ns3:TrackPointExtension>
        </extensions>
      </trkpt>
      <trkpt lat="42.26529537700116634368896484375" lon="-4.41697890870273113250732421875">
        <ele>784</ele>
        <time>2025-09-28T05:02:11.000Z</time>
        <extensions>
          <ns3:TrackPointExtension>
            <ns3:hr>104</ns3:hr>
            <ns3:cad>61</ns3:cad>
          </ns3:TrackPointExtension>
        </extensions>
      </trkpt>
      <trkpt lat="42.2653076983988285064697265625" lon="-4.41706574521958827972412109375">
        <ele>783.4000244140625</ele>
        <time>2025-09-28T05:02:16.000Z</time>
        <extensions>
          <ns3:TrackPointExtension>
            <ns3:hr>104</ns3:hr>
            <ns3:cad>60</ns3:cad>
          </ns3:TrackPointExtension>
        </extensions>
      </trkpt>
      <trkpt lat="42.26533845998346805572509765625" lon="-4.4172554276883602142333984375">
        <ele>783</ele>
        <time>2025-09-28T05:02:28.000Z</time>
        <extensions>
          <ns3:TrackPointExtension>
            <ns3:hr>103</ns3:hr>
            <ns3:cad>59</ns3:cad>
          </ns3:TrackPointExtension>
        </extensions>
      </trkpt>
      <trkpt lat="42.26535857655107975006103515625" lon="-4.417378641664981842041015625">
        <ele>782.79998779296875</ele>
        <time>2025-09-28T05:02:35.000Z</time>
        <extensions>
          <ns3:TrackPointExtension>
            <ns3:hr>103</ns3:hr>
            <ns3:cad>58</ns3:cad>
          </ns3:TrackPointExtension>
        </extensions>
      </trkpt>
      <trkpt lat="42.2653794474899768829345703125" lon="-4.41749020479619503021240234375">
        <ele>782.5999755859375</ele>
        <time>2025-09-28T05:02:42.000Z</time>
        <extensions>
          <ns3:TrackPointExtension>
            <ns3:hr>102</ns3:hr>
            <ns3:cad>59</ns3:cad>
          </ns3:TrackPointExtension>
        </extensions>
      </trkpt>
      <trkpt lat="42.26544893346726894378662109375" lon="-4.4176594354212284088134765625">
        <ele>782.20001220703125</ele>
        <time>2025-09-28T05:02:53.000Z</time>
        <extensions>
          <ns3:TrackPointExtension>
            <ns3:hr>102</ns3:hr>
            <ns3:cad>59</ns3:cad>
          </ns3:TrackPointExtension>
        </extensions>
      </trkpt>
      <trkpt lat="42.2655387036502361297607421875" lon="-4.4177486188709735870361328125">
        <ele>782</ele>
        <time>2025-09-28T05:03:02.000Z</time>
        <extensions>
          <ns3:TrackPointExtension>
            <ns3:hr>99</ns3:hr>
            <ns3:cad>59</ns3:cad>
          </ns3:TrackPointExtension>
        </extensions>
      </trkpt>
      <trkpt lat="42.26555739529430866241455078125" lon="-4.41776655614376068115234375">
        <ele>782</ele>
        <time>2025-09-28T05:03:04.000Z</time>
        <extensions>
          <ns3:TrackPointExtension>
            <ns3:hr>99</ns3:hr>
            <ns3:cad>59</ns3:cad>
          </ns3:TrackPointExtension>
        </extensions>
      </trkpt>
      <trkpt lat="42.265641801059246063232421875" lon="-4.41785682924091815948486328125">
        <ele>781.79998779296875</ele>
        <time>2025-09-28T05:03:13.000Z</time>
        <extensions>
          <ns3:TrackPointExtension>
            <ns3:hr>96</ns3:hr>
            <ns3:cad>59</ns3:cad>
          </ns3:TrackPointExtension>
        </extensions>
      </trkpt>
      <trkpt lat="42.26566049270331859588623046875" lon="-4.41788314841687679290771484375">
        <ele>781.79998779296875</ele>
        <time>2025-09-28T05:03:15.000Z</time>
        <extensions>
          <ns3:TrackPointExtension>
            <ns3:hr>96</ns3:hr>
            <ns3:cad>59</ns3:cad>
          </ns3:TrackPointExtension>
        </extensions>
      </trkpt>
      <trkpt lat="42.26572721265256404876708984375" lon="-4.41802748478949069976806640625">
        <ele>781.4000244140625</ele>
        <time>2025-09-28T05:03:25.000Z</time>
        <extensions>
          <ns3:TrackPointExtension>
            <ns3:hr>96</ns3:hr>
            <ns3:cad>59</ns3:cad>
          </ns3:TrackPointExtension>
        </extensions>
      </trkpt>
      <trkpt lat="42.26575504057109355926513671875" lon="-4.41822429187595844268798828125">
        <ele>781</ele>
        <time>2025-09-28T05:03:37.000Z</time>
        <extensions>
          <ns3:TrackPointExtension>
            <ns3:hr>97</ns3:hr>
            <ns3:cad>59</ns3:cad>
          </ns3:TrackPointExtension>
        </extensions>
      </trkpt>
      <trkpt lat="42.26574682630598545074462890625" lon="-4.4183447398245334625244140625">
        <ele>780.79998779296875</ele>
        <time>2025-09-28T05:03:44.000Z</time>
        <extensions>
          <ns3:TrackPointExtension>
            <ns3:hr>97</ns3:hr>
            <ns3:cad>59</ns3:cad>
          </ns3:TrackPointExtension>
        </extensions>
      </trkpt>
      <trkpt lat="42.265726961195468902587890625" lon="-4.4184252060949802398681640625">
        <ele>780.5999755859375</ele>
        <time>2025-09-28T05:03:49.000Z</time>
        <extensions>
          <ns3:TrackPointExtension>
            <ns3:hr>97</ns3:hr>
            <ns3:cad>59</ns3:cad>
          </ns3:TrackPointExtension>
        </extensions>
      </trkpt>
      <trkpt lat="42.265651188790798187255859375" lon="-4.41857046447694301605224609375">
        <ele>780.4000244140625</ele>
        <time>2025-09-28T05:04:00.000Z</time>
        <extensions>
          <ns3:TrackPointExtension>
            <ns3:hr>96</ns3:hr>
            <ns3:cad>59</ns3:cad>
          </ns3:TrackPointExtension>
        </extensions>
      </trkpt>
      <trkpt lat="42.2655537910759449005126953125" lon="-4.41875335760414600372314453125">
        <ele>780</ele>
        <time>2025-09-28T05:04:13.000Z</time>
        <extensions>
          <ns3:TrackPointExtension>
            <ns3:hr>96</ns3:hr>
            <ns3:cad>59</ns3:cad>
          </ns3:TrackPointExtension>
        </extensions>
      </trkpt>
      <trkpt lat="42.26552772335708141326904296875" lon="-4.418845809996128082275390625">
        <ele>779.79998779296875</ele>
        <time>2025-09-28T05:04:19.000Z</time>
        <extensions>
          <ns3:TrackPointExtension>
            <ns3:hr>99</ns3:hr>
            <ns3:cad>59</ns3:cad>
          </ns3:TrackPointExtension>
        </extensions>
      </trkpt>
      <trkpt lat="42.2655165754258632659912109375" lon="-4.4189314730465412139892578125">
        <ele>779.79998779296875</ele>
        <time>2025-09-28T05:04:24.000Z</time>
        <extensions>
          <ns3:TrackPointExtension>
            <ns3:hr>98</ns3:hr>
            <ns3:cad>59</ns3:cad>
          </ns3:TrackPointExtension>
        </extensions>
      </trkpt>
      <trkpt lat="42.2655192576348781585693359375" lon="-4.419125430285930633544921875">
        <ele>779.20001220703125</ele>
        <time>2025-09-28T05:04:37.000Z</time>
        <extensions>
          <ns3:TrackPointExtension>
            <ns3:hr>98</ns3:hr>
            <ns3:cad>58</ns3:cad>
          </ns3:TrackPointExtension>
        </extensions>
      </trkpt>
      <trkpt lat="42.2655273042619228363037109375" lon="-4.41923883743584156036376953125">
        <ele>778.79998779296875</ele>
        <time>2025-09-28T05:04:44.000Z</time>
        <extensions>
          <ns3:TrackPointExtension>
            <ns3:hr>98</ns3:hr>
            <ns3:cad>58</ns3:cad>
          </ns3:TrackPointExtension>
        </extensions>
      </trkpt>
      <trkpt lat="42.26553685963153839111328125" lon="-4.41933942027390003204345703125">
        <ele>778.4000244140625</ele>
        <time>2025-09-28T05:04:50.000Z</time>
        <extensions>
          <ns3:TrackPointExtension>
            <ns3:hr>97</ns3:hr>
            <ns3:cad>59</ns3:cad>
          </ns3:TrackPointExtension>
        </extensions>
      </trkpt>
      <trkpt lat="42.265553958714008331298828125" lon="-4.419519715011119842529296875">
        <ele>778</ele>
        <time>2025-09-28T05:05:02.000Z</time>
        <extensions>
          <ns3:TrackPointExtension>
            <ns3:hr>97</ns3:hr>
            <ns3:cad>59</ns3:cad>
          </ns3:TrackPointExtension>
        </extensions>
      </trkpt>
      <trkpt lat="42.2655628435313701629638671875" lon="-4.41959707997739315032958984375">
        <ele>777.79998779296875</ele>
        <time>2025-09-28T05:05:10.000Z</time>
        <extensions>
          <ns3:TrackPointExtension>
            <ns3:hr>97</ns3:hr>
            <ns3:cad>0</ns3:cad>
          </ns3:TrackPointExtension>
        </extensions>
      </trkpt>
      <trkpt lat="42.2655628435313701629638671875" lon="-4.41959707997739315032958984375">
        <ele>777.79998779296875</ele>
        <time>2025-09-28T05:05:18.000Z</time>
        <extensions>
          <ns3:TrackPointExtension>
            <ns3:hr>94</ns3:hr>
            <ns3:cad>0</ns3:cad>
          </ns3:TrackPointExtension>
        </extensions>
      </trkpt>
      <trkpt lat="42.2655628435313701629638671875" lon="-4.41959707997739315032958984375">
        <ele>777.79998779296875</ele>
        <time>2025-09-28T05:05:20.000Z</time>
        <extensions>
          <ns3:TrackPointExtension>
            <ns3:hr>91</ns3:hr>
            <ns3:cad>0</ns3:cad>
          </ns3:TrackPointExtension>
        </extensions>
      </trkpt>
      <trkpt lat="42.2655608318746089935302734375" lon="-4.41964770667254924774169921875">
        <ele>777.79998779296875</ele>
        <time>2025-09-28T05:05:25.000Z</time>
        <extensions>
          <ns3:TrackPointExtension>
            <ns3:hr>89</ns3:hr>
            <ns3:cad>0</ns3:cad>
          </ns3:TrackPointExtension>
        </extensions>
      </trkpt>
      <trkpt lat="42.26556208916008472442626953125" lon="-4.4196647219359874725341796875">
        <ele>777.5999755859375</ele>
        <time>2025-09-28T05:05:26.000Z</time>
        <extensions>
          <ns3:TrackPointExtension>
            <ns3:hr>89</ns3:hr>
            <ns3:cad>0</ns3:cad>
          </ns3:TrackPointExtension>
        </extensions>
      </trkpt>
      <trkpt lat="42.2655777633190155029296875" lon="-4.41980729810893535614013671875">
        <ele>776.79998779296875</ele>
        <time>2025-09-28T05:05:35.000Z</time>
        <extensions>
          <ns3:TrackPointExtension>
            <ns3:hr>87</ns3:hr>
            <ns3:cad>61</ns3:cad>
          </ns3:TrackPointExtension>
        </extensions>
      </trkpt>
      <trkpt lat="42.2655796073377132415771484375" lon="-4.4198233075439929962158203125">
        <ele>776.79998779296875</ele>
        <time>2025-09-28T05:05:36.000Z</time>
        <extensions>
          <ns3:TrackPointExtension>
            <ns3:hr>87</ns3:hr>
            <ns3:cad>60</ns3:cad>
          </ns3:TrackPointExtension>
        </extensions>
      </trkpt>
      <trkpt lat="42.26560031063854694366455078125" lon="-4.42003595642745494842529296875">
        <ele>776.20001220703125</ele>
        <time>2025-09-28T05:05:48.000Z</time>
        <extensions>
          <ns3:TrackPointExtension>
            <ns3:hr>88</ns3:hr>
            <ns3:cad>60</ns3:cad>
          </ns3:TrackPointExtension>
        </extensions>
      </trkpt>
      <trkpt lat="42.26560902781784534454345703125" lon="-4.42010368220508098602294921875">
        <ele>776</ele>
        <time>2025-09-28T05:05:52.000Z</time>
        <extensions>
          <ns3:TrackPointExtension>
            <ns3:hr>91</ns3:hr>
            <ns3:cad>61</ns3:cad>
          </ns3:TrackPointExtension>
        </extensions>
      </trkpt>
      <trkpt lat="42.26561673916876316070556640625" lon="-4.42022337578237056732177734375">
        <ele>775.79998779296875</ele>
        <time>2025-09-28T05:05:59.000Z</time>
        <extensions>
          <ns3:TrackPointExtension>
            <ns3:hr>92</ns3:hr>
            <ns3:cad>61</ns3:cad>
          </ns3:TrackPointExtension>
        </extensions>
      </trkpt>
      <trkpt lat="42.26561808027327060699462890625" lon="-4.420241899788379669189453125">
        <ele>775.5999755859375</ele>
        <time>2025-09-28T05:06:00.000Z</time>
        <extensions>
          <ns3:TrackPointExtension>
            <ns3:hr>92</ns3:hr>
            <ns3:cad>60</ns3:cad>
          </ns3:TrackPointExtension>
        </extensions>
      </trkpt>
      <trkpt lat="42.26562847383320331573486328125" lon="-4.42035346291959285736083984375">
        <ele>775.4000244140625</ele>
        <time>2025-09-28T05:06:07.000Z</time>
        <extensions>
          <ns3:TrackPointExtension>
            <ns3:hr>89</ns3:hr>
            <ns3:cad>60</ns3:cad>
          </ns3:TrackPointExtension>
        </extensions>
      </trkpt>
      <trkpt lat="42.26563484407961368560791015625" lon="-4.4204040057957172393798828125">
        <ele>775.20001220703125</ele>
        <time>2025-09-28T05:06:10.000Z</time>
        <extensions>
          <ns3:TrackPointExtension>
            <ns3:hr>88</ns3:hr>
            <ns3:cad>60</ns3:cad>
          </ns3:TrackPointExtension>
        </extensions>
      </trkpt>
      <trkpt lat="42.2656630910933017730712890625" lon="-4.42061665467917919158935546875">
        <ele>774.79998779296875</ele>
        <time>2025-09-28T05:06:23.000Z</time>
        <extensions>
          <ns3:TrackPointExtension>
            <ns3:hr>88</ns3:hr>
            <ns3:cad>59</ns3:cad>
          </ns3:TrackPointExtension>
        </extensions>
      </trkpt>
      <trkpt lat="42.2656597383320331573486328125" lon="-4.420699886977672576904296875">
        <ele>774.5999755859375</ele>
        <time>2025-09-28T05:06:28.000Z</time>
        <extensions>
          <ns3:TrackPointExtension>
            <ns3:hr>89</ns3:hr>
            <ns3:cad>59</ns3:cad>
          </ns3:TrackPointExtension>
        </extensions>
      </trkpt>
      <trkpt lat="42.26567499339580535888671875" lon="-4.42078328691422939300537109375">
        <ele>774.4000244140625</ele>
        <time>2025-09-28T05:06:33.000Z</time>
        <extensions>
          <ns3:TrackPointExtension>
            <ns3:hr>89</ns3:hr>
            <ns3:cad>60</ns3:cad>
          </ns3:TrackPointExtension>
        </extensions>
      </trkpt>
      <trkpt lat="42.2656879015266895294189453125" lon="-4.42093282006680965423583984375">
        <ele>774</ele>
        <time>2025-09-28T05:06:42.000Z</time>
        <extensions>
          <ns3:TrackPointExtension>
            <ns3:hr>89</ns3:hr>
            <ns3:cad>59</ns3:cad>
          </ns3:TrackPointExtension>
        </extensions>
      </trkpt>
      <trkpt lat="42.26570449769496917724609375" lon="-4.421088807284832000732421875">
        <ele>773.5999755859375</ele>
        <time>2025-09-28T05:06:52.000Z</time>
        <extensions>
          <ns3:TrackPointExtension>
            <ns3:hr>91</ns3:hr>
            <ns3:cad>60</ns3:cad>
          </ns3:TrackPointExtension>
        </extensions>
      </trkpt>
      <trkpt lat="42.2657210938632488250732421875" lon="-4.42128402180969715118408203125">
        <ele>773</ele>
        <time>2025-09-28T05:07:04.000Z</time>
        <extensions>
          <ns3:TrackPointExtension>
            <ns3:hr>92</ns3:hr>
            <ns3:cad>59</ns3:cad>
          </ns3:TrackPointExtension>
        </extensions>
      </trkpt>
      <trkpt lat="42.26574598811566829681396484375" lon="-4.42150161601603031158447265625">
        <ele>773.20001220703125</ele>
        <time>2025-09-28T05:07:17.000Z</time>
        <extensions>
          <ns3:TrackPointExtension>
            <ns3:hr>92</ns3:hr>
            <ns3:cad>57</ns3:cad>
          </ns3:TrackPointExtension>
        </extensions>
      </trkpt>
      <trkpt lat="42.2657633386552333831787109375" lon="-4.4217021949589252471923828125">
        <ele>773.20001220703125</ele>
        <time>2025-09-28T05:07:29.000Z</time>
        <extensions>
          <ns3:TrackPointExtension>
            <ns3:hr>92</ns3:hr>
            <ns3:cad>59</ns3:cad>
          </ns3:TrackPointExtension>
        </extensions>
      </trkpt>
      <trkpt lat="42.2657764144241809844970703125" lon="-4.4218688271939754486083984375">
        <ele>773.20001220703125</ele>
        <time>2025-09-28T05:07:39.000Z</time>
        <extensions>
          <ns3:TrackPointExtension>
            <ns3:hr>91</ns3:hr>
            <ns3:cad>59</ns3:cad>
          </ns3:TrackPointExtension>
        </extensions>
      </trkpt>
      <trkpt lat="42.26580080576241016387939453125" lon="-4.42207711748778820037841796875">
        <ele>773.4000244140625</ele>
        <time>2025-09-28T05:07:52.000Z</time>
        <extensions>
          <ns3:TrackPointExtension>
            <ns3:hr>92</ns3:hr>
            <ns3:cad>58</ns3:cad>
          </ns3:TrackPointExtension>
        </extensions>
      </trkpt>
      <trkpt lat="42.2658220119774341583251953125" lon="-4.422262609004974365234375">
        <ele>773.4000244140625</ele>
        <time>2025-09-28T05:08:04.000Z</time>
        <extensions>
          <ns3:TrackPointExtension>
            <ns3:hr>95</ns3:hr>
            <ns3:cad>58</ns3:cad>
          </ns3:TrackPointExtension>
        </extensions>
      </trkpt>
      <trkpt lat="42.2658223472535610198974609375" lon="-4.4222778640687465667724609375">
        <ele>773.4000244140625</ele>
        <time>2025-09-28T05:08:05.000Z</time>
        <extensions>
          <ns3:TrackPointExtension>
            <ns3:hr>95</ns3:hr>
            <ns3:cad>58</ns3:cad>
          </ns3:TrackPointExtension>
        </extensions>
      </trkpt>
      <trkpt lat="42.26584439165890216827392578125" lon="-4.422479532659053802490234375">
        <ele>773.5999755859375</ele>
        <time>2025-09-28T05:08:17.000Z</time>
        <extensions>
          <ns3:TrackPointExtension>
            <ns3:hr>96</ns3:hr>
            <ns3:cad>59</ns3:cad>
          </ns3:TrackPointExtension>
        </extensions>
      </trkpt>
      <trkpt lat="42.26586702279746532440185546875" lon="-4.42272369749844074249267578125">
        <ele>773.5999755859375</ele>
        <time>2025-09-28T05:08:32.000Z</time>
        <extensions>
          <ns3:TrackPointExtension>
            <ns3:hr>95</ns3:hr>
            <ns3:cad>58</ns3:cad>
          </ns3:TrackPointExtension>
        </extensions>
      </trkpt>
      <trkpt lat="42.26589024066925048828125" lon="-4.4229323230683803558349609375">
        <ele>773.5999755859375</ele>
        <time>2025-09-28T05:08:45.000Z</time>
        <extensions>
          <ns3:TrackPointExtension>
            <ns3:hr>95</ns3:hr>
            <ns3:cad>58</ns3:cad>
          </ns3:TrackPointExtension>
        </extensions>
      </trkpt>
      <trkpt lat="42.265911363065242767333984375" lon="-4.42314564250409603118896484375">
        <ele>773.5999755859375</ele>
        <time>2025-09-28T05:08:58.000Z</time>
        <extensions>
          <ns3:TrackPointExtension>
            <ns3:hr>96</ns3:hr>
            <ns3:cad>59</ns3:cad>
          </ns3:TrackPointExtension>
        </extensions>
      </trkpt>
      <trkpt lat="42.26592435501515865325927734375" lon="-4.423335827887058258056640625">
        <ele>773.5999755859375</ele>
        <time>2025-09-28T05:09:10.000Z</time>
        <extensions>
          <ns3:TrackPointExtension>
            <ns3:hr>96</ns3:hr>
            <ns3:cad>58</ns3:cad>
          </ns3:TrackPointExtension>
        </extensions>
      </trkpt>
      <trkpt lat="42.2659443877637386322021484375" lon="-4.4235411845147609710693359375">
        <ele>773.5999755859375</ele>
        <time>2025-09-28T05:09:23.000Z</time>
        <extensions>
          <ns3:TrackPointExtension>
            <ns3:hr>96</ns3:hr>
            <ns3:cad>58</ns3:cad>
          </ns3:TrackPointExtension>
        </extensions>
      </trkpt>
      <trkpt lat="42.26596157066524028778076171875" lon="-4.423750229179859161376953125">
        <ele>773.79998779296875</ele>
        <time>2025-09-28T05:09:36.000Z</time>
        <extensions>
          <ns3:TrackPointExtension>
            <ns3:hr>96</ns3:hr>
            <ns3:cad>58</ns3:cad>
          </ns3:TrackPointExtension>
        </extensions>
      </trkpt>
      <trkpt lat="42.26598344743251800537109375" lon="-4.42394494079053401947021484375">
        <ele>773.79998779296875</ele>
        <time>2025-09-28T05:09:48.000Z</time>
        <extensions>
          <ns3:TrackPointExtension>
            <ns3:hr>97</ns3:hr>
            <ns3:cad>58</ns3:cad>
          </ns3:TrackPointExtension>
        </extensions>
      </trkpt>
      <trkpt lat="42.266005240380764007568359375" lon="-4.424155242741107940673828125">
        <ele>773.79998779296875</ele>
        <time>2025-09-28T05:10:01.000Z</time>
        <extensions>
          <ns3:TrackPointExtension>
            <ns3:hr>96</ns3:hr>
            <ns3:cad>59</ns3:cad>
          </ns3:TrackPointExtension>
        </extensions>
      </trkpt>
      <trkpt lat="42.2660203278064727783203125" lon="-4.4243542291224002838134765625">
        <ele>774</ele>
        <time>2025-09-28T05:10:13.000Z</time>
        <extensions>
          <ns3:TrackPointExtension>
            <ns3:hr>97</ns3:hr>
            <ns3:cad>59</ns3:cad>
          </ns3:TrackPointExtension>
        </extensions>
      </trkpt>
      <trkpt lat="42.26604337804019451141357421875" lon="-4.42454508505761623382568359375">
        <ele>774</ele>
        <time>2025-09-28T05:10:25.000Z</time>
        <extensions>
          <ns3:TrackPointExtension>
            <ns3:hr>97</ns3:hr>
            <ns3:cad>57</ns3:cad>
          </ns3:TrackPointExtension>
        </extensions>
      </trkpt>
      <trkpt lat="42.26605477742850780487060546875" lon="-4.4246714003384113311767578125">
        <ele>774.20001220703125</ele>
        <time>2025-09-28T05:10:33.000Z</time>
        <extensions>
          <ns3:TrackPointExtension>
            <ns3:hr>100</ns3:hr>
            <ns3:cad>58</ns3:cad>
          </ns3:TrackPointExtension>
        </extensions>
      </trkpt>
      <trkpt lat="42.26605854928493499755859375" lon="-4.4247166626155376434326171875">
        <ele>774.20001220703125</ele>
        <time>2025-09-28T05:10:36.000Z</time>
        <extensions>
          <ns3:TrackPointExtension>
            <ns3:hr>100</ns3:hr>
            <ns3:cad>58</ns3:cad>
          </ns3:TrackPointExtension>
        </extensions>
      </trkpt>
      <trkpt lat="42.26607774384319782257080078125" lon="-4.4249319098889827728271484375">
        <ele>774.20001220703125</ele>
        <time>2025-09-28T05:10:49.000Z</time>
        <extensions>
          <ns3:TrackPointExtension>
            <ns3:hr>101</ns3:hr>
            <ns3:cad>59</ns3:cad>
          </ns3:TrackPointExtension>
        </extensions>
      </trkpt>
      <trkpt lat="42.26609366945922374725341796875" lon="-4.4250831194221973419189453125">
        <ele>774.20001220703125</ele>
        <time>2025-09-28T05:10:58.000Z</time>
        <extensions>
          <ns3:TrackPointExtension>
            <ns3:hr>98</ns3:hr>
            <ns3:cad>58</ns3:cad>
          </ns3:TrackPointExtension>
        </extensions>
      </trkpt>
      <trkpt lat="42.26609953679144382476806640625" lon="-4.42513232119381427764892578125">
        <ele>774.20001220703125</ele>
        <time>2025-09-28T05:11:01.000Z</time>
        <extensions>
          <ns3:TrackPointExtension>
            <ns3:hr>97</ns3:hr>
            <ns3:cad>58</ns3:cad>
          </ns3:TrackPointExtension>
        </extensions>
      </trkpt>
      <trkpt lat="42.266123592853546142578125" lon="-4.4253469817340373992919921875">
        <ele>774.20001220703125</ele>
        <time>2025-09-28T05:11:14.000Z</time>
        <extensions>
          <ns3:TrackPointExtension>
            <ns3:hr>97</ns3:hr>
            <ns3:cad>59</ns3:cad>
          </ns3:TrackPointExtension>
        </extensions>
      </trkpt>
      <trkpt lat="42.2661442123353481292724609375" lon="-4.425560720264911651611328125">
        <ele>774.20001220703125</ele>
        <time>2025-09-28T05:11:27.000Z</time>
        <extensions>
          <ns3:TrackPointExtension>
            <ns3:hr>97</ns3:hr>
            <ns3:cad>59</ns3:cad>
          </ns3:TrackPointExtension>
        </extensions>
      </trkpt>
      <trkpt lat="42.266161479055881500244140625" lon="-4.42577672190964221954345703125">
        <ele>774.4000244140625</ele>
        <time>2025-09-28T05:11:40.000Z</time>
        <extensions>
          <ns3:TrackPointExtension>
            <ns3:hr>98</ns3:hr>
            <ns3:cad>57</ns3:cad>
          </ns3:TrackPointExtension>
        </extensions>
      </trkpt>
      <trkpt lat="42.266168184578418731689453125" lon="-4.42586791701614856719970703125">
        <ele>774.4000244140625</ele>
        <time>2025-09-28T05:11:46.000Z</time>
        <extensions>
          <ns3:TrackPointExtension>
            <ns3:hr>95</ns3:hr>
            <ns3:cad>58</ns3:cad>
          </ns3:TrackPointExtension>
        </extensions>
      </trkpt>
      <trkpt lat="42.26617665030062198638916015625" lon="-4.42593128420412540435791015625">
        <ele>774.4000244140625</ele>
        <time>2025-09-28T05:11:50.000Z</time>
        <extensions>
          <ns3:TrackPointExtension>
            <ns3:hr>95</ns3:hr>
            <ns3:cad>57</ns3:cad>
          </ns3:TrackPointExtension>
        </extensions>
      </trkpt>
      <trkpt lat="42.2661978565156459808349609375" lon="-4.426125995814800262451171875">
        <ele>774.4000244140625</ele>
        <time>2025-09-28T05:12:02.000Z</time>
        <extensions>
          <ns3:TrackPointExtension>
            <ns3:hr>96</ns3:hr>
            <ns3:cad>58</ns3:cad>
          </ns3:TrackPointExtension>
        </extensions>
      </trkpt>
      <trkpt lat="42.26621269248425960540771484375" lon="-4.42623387090861797332763671875">
        <ele>774.5999755859375</ele>
        <time>2025-09-28T05:12:09.000Z</time>
        <extensions>
          <ns3:TrackPointExtension>
            <ns3:hr>96</ns3:hr>
            <ns3:cad>57</ns3:cad>
          </ns3:TrackPointExtension>
        </extensions>
      </trkpt>
      <trkpt lat="42.26621872745454311370849609375" lon="-4.42631701938807964324951171875">
        <ele>774.5999755859375</ele>
        <time>2025-09-28T05:12:14.000Z</time>
        <extensions>
          <ns3:TrackPointExtension>
            <ns3:hr>97</ns3:hr>
            <ns3:cad>56</ns3:cad>
          </ns3:TrackPointExtension>
        </extensions>
      </trkpt>
      <trkpt lat="42.2662389278411865234375" lon="-4.42648851312696933746337890625">
        <ele>774.5999755859375</ele>
        <time>2025-09-28T05:12:25.000Z</time>
        <extensions>
          <ns3:TrackPointExtension>
            <ns3:hr>97</ns3:hr>
            <ns3:cad>57</ns3:cad>
          </ns3:TrackPointExtension>
        </extensions>
      </trkpt>
      <trkpt lat="42.2662538476288318634033203125" lon="-4.426647685468196868896484375">
        <ele>774.4000244140625</ele>
        <time>2025-09-28T05:12:36.000Z</time>
        <extensions>
          <ns3:TrackPointExtension>
            <ns3:hr>97</ns3:hr>
            <ns3:cad>56</ns3:cad>
          </ns3:TrackPointExtension>
        </extensions>
      </trkpt>
      <trkpt lat="42.26625703275203704833984375" lon="-4.42678992636501789093017578125">
        <ele>774.4000244140625</ele>
        <time>2025-09-28T05:12:46.000Z</time>
        <extensions>
          <ns3:TrackPointExtension>
            <ns3:hr>98</ns3:hr>
            <ns3:cad>55</ns3:cad>
          </ns3:TrackPointExtension>
        </extensions>
      </trkpt>
      <trkpt lat="42.2662649117410182952880859375" lon="-4.42688832990825176239013671875">
        <ele>774.4000244140625</ele>
        <time>2025-09-28T05:12:54.000Z</time>
        <extensions>
          <ns3:TrackPointExtension>
            <ns3:hr>98</ns3:hr>
            <ns3:cad>51</ns3:cad>
          </ns3:TrackPointExtension>
        </extensions>
      </trkpt>
      <trkpt lat="42.26627589203417301177978515625" lon="-4.4269001483917236328125">
        <ele>774.4000244140625</ele>
        <time>2025-09-28T05:12:59.000Z</time>
        <extensions>
          <ns3:TrackPointExtension>
            <ns3:hr>97</ns3:hr>
            <ns3:cad>0</ns3:cad>
          </ns3:TrackPointExtension>
        </extensions>
      </trkpt>
      <trkpt lat="42.26628125645220279693603515625" lon="-4.4269073568284511566162109375">
        <ele>774.4000244140625</ele>
        <time>2025-09-28T05:13:01.000Z</time>
        <extensions>
          <ns3:TrackPointExtension>
            <ns3:hr>97</ns3:hr>
            <ns3:cad>0</ns3:cad>
          </ns3:TrackPointExtension>
        </extensions>
      </trkpt>
      <trkpt lat="42.26629466749727725982666015625" lon="-4.4270114600658416748046875">
        <ele>774.4000244140625</ele>
        <time>2025-09-28T05:13:09.000Z</time>
        <extensions>
          <ns3:TrackPointExtension>
            <ns3:hr>96</ns3:hr>
            <ns3:cad>53</ns3:cad>
          </ns3:TrackPointExtension>
        </extensions>
      </trkpt>
      <trkpt lat="42.26631009019911289215087890625" lon="-4.42717800848186016082763671875">
        <ele>774.20001220703125</ele>
        <time>2025-09-28T05:13:20.000Z</time>
        <extensions>
          <ns3:TrackPointExtension>
            <ns3:hr>96</ns3:hr>
            <ns3:cad>56</ns3:cad>
          </ns3:TrackPointExtension>
        </extensions>
      </trkpt>
      <trkpt lat="42.26630807854235172271728515625" lon="-4.4271863065659999847412109375">
        <ele>774.4000244140625</ele>
        <time>2025-09-28T05:13:25.000Z</time>
        <extensions>
          <ns3:TrackPointExtension>
            <ns3:hr>96</ns3:hr>
            <ns3:cad>0</ns3:cad>
          </ns3:TrackPointExtension>
        </extensions>
      </trkpt>
      <trkpt lat="42.266311012208461761474609375" lon="-4.4272245280444622039794921875">
        <ele>774.20001220703125</ele>
        <time>2025-09-28T05:13:33.000Z</time>
        <extensions>
          <ns3:TrackPointExtension>
            <ns3:hr>96</ns3:hr>
            <ns3:cad>0</ns3:cad>
          </ns3:TrackPointExtension>
        </extensions>
      </trkpt>
      <trkpt lat="42.2663341462612152099609375" lon="-4.42739007063210010528564453125">
        <ele>774.20001220703125</ele>
        <time>2025-09-28T05:13:44.000Z</time>
        <extensions>
          <ns3:TrackPointExtension>
            <ns3:hr>94</ns3:hr>
            <ns3:cad>57</ns3:cad>
          </ns3:TrackPointExtension>
        </extensions>
      </trkpt>
      <trkpt lat="42.26634914986789226531982421875" lon="-4.42754245363175868988037109375">
        <ele>774</ele>
        <time>2025-09-28T05:13:55.000Z</time>
        <extensions>
          <ns3:TrackPointExtension>
            <ns3:hr>93</ns3:hr>
            <ns3:cad>53</ns3:cad>
          </ns3:TrackPointExtension>
        </extensions>
      </trkpt>
      <trkpt lat="42.26634998805820941925048828125" lon="-4.4276310503482818603515625">
        <ele>774</ele>
        <time>2025-09-28T05:14:01.000Z</time>
        <extensions>
          <ns3:TrackPointExtension>
            <ns3:hr>90</ns3:hr>
            <ns3:cad>56</ns3:cad>
          </ns3:TrackPointExtension>
        </extensions>
      </trkpt>
      <trkpt lat="42.26635652594268321990966796875" lon="-4.42768041975796222686767578125">
        <ele>773.79998779296875</ele>
        <time>2025-09-28T05:14:05.000Z</time>
        <extensions>
          <ns3:TrackPointExtension>
            <ns3:hr>90</ns3:hr>
            <ns3:cad>54</ns3:cad>
          </ns3:TrackPointExtension>
        </extensions>
      </trkpt>
      <trkpt lat="42.26637396030128002166748046875" lon="-4.427841268479824066162109375">
        <ele>773.5999755859375</ele>
        <time>2025-09-28T05:14:16.000Z</time>
        <extensions>
          <ns3:TrackPointExtension>
            <ns3:hr>90</ns3:hr>
            <ns3:cad>56</ns3:cad>
          </ns3:TrackPointExtension>
        </extensions>
      </trkpt>
      <trkpt lat="42.26639089174568653106689453125" lon="-4.42801586352288722991943359375">
        <ele>773.4000244140625</ele>
        <time>2025-09-28T05:14:28.000Z</time>
        <extensions>
          <ns3:TrackPointExtension>
            <ns3:hr>89</ns3:hr>
            <ns3:cad>57</ns3:cad>
          </ns3:TrackPointExtension>
        </extensions>
      </trkpt>
      <trkpt lat="42.26641117595136165618896484375" lon="-4.42821887321770191192626953125">
        <ele>773.20001220703125</ele>
        <time>2025-09-28T05:14:41.000Z</time>
        <extensions>
          <ns3:TrackPointExtension>
            <ns3:hr>88</ns3:hr>
            <ns3:cad>57</ns3:cad>
          </ns3:TrackPointExtension>
        </extensions>
      </trkpt>
      <trkpt lat="42.26642358116805553436279296875" lon="-4.428407214581966400146484375">
        <ele>773.20001220703125</ele>
        <time>2025-09-28T05:14:53.000Z</time>
        <extensions>
          <ns3:TrackPointExtension>
            <ns3:hr>89</ns3:hr>
            <ns3:cad>56</ns3:cad>
          </ns3:TrackPointExtension>
        </extensions>
      </trkpt>
      <trkpt lat="42.2664439491927623748779296875" lon="-4.428557418286800384521484375">
        <ele>773.20001220703125</ele>
        <time>2025-09-28T05:15:04.000Z</time>
        <extensions>
          <ns3:TrackPointExtension>
            <ns3:hr>89</ns3:hr>
            <ns3:cad>55</ns3:cad>
          </ns3:TrackPointExtension>
        </extensions>
      </trkpt>
      <trkpt lat="42.266461886465549468994140625" lon="-4.42870200611650943756103515625">
        <ele>773.20001220703125</ele>
        <time>2025-09-28T05:15:14.000Z</time>
        <extensions>
          <ns3:TrackPointExtension>
            <ns3:hr>92</ns3:hr>
            <ns3:cad>56</ns3:cad>
          </ns3:TrackPointExtension>
        </extensions>
      </trkpt>
      <trkpt lat="42.2664628922939300537109375" lon="-4.42871533334255218505859375">
        <ele>773.20001220703125</ele>
        <time>2025-09-28T05:15:15.000Z</time>
        <extensions>
          <ns3:TrackPointExtension>
            <ns3:hr>92</ns3:hr>
            <ns3:cad>56</ns3:cad>
          </ns3:TrackPointExtension>
        </extensions>
      </trkpt>
      <trkpt lat="42.26647404022514820098876953125" lon="-4.428887329995632171630859375">
        <ele>773</ele>
        <time>2025-09-28T05:15:26.000Z</time>
        <extensions>
          <ns3:TrackPointExtension>
            <ns3:hr>93</ns3:hr>
            <ns3:cad>57</ns3:cad>
          </ns3:TrackPointExtension>
        </extensions>
      </trkpt>
      <trkpt lat="42.26649063639342784881591796875" lon="-4.4290633499622344970703125">
        <ele>773</ele>
        <time>2025-09-28T05:15:37.000Z</time>
        <extensions>
          <ns3:TrackPointExtension>
            <ns3:hr>94</ns3:hr>
            <ns3:cad>57</ns3:cad>
          </ns3:TrackPointExtension>
        </extensions>
      </trkpt>
      <trkpt lat="42.26651561446487903594970703125" lon="-4.42927331663668155670166015625">
        <ele>773</ele>
        <time>2025-09-28T05:15:50.000Z</time>
        <extensions>
          <ns3:TrackPointExtension>
            <ns3:hr>93</ns3:hr>
            <ns3:cad>58</ns3:cad>
          </ns3:TrackPointExtension>
        </extensions>
      </trkpt>
      <trkpt lat="42.26652969606220722198486328125" lon="-4.429470039904117584228515625">
        <ele>773.20001220703125</ele>
        <time>2025-09-28T05:16:02.000Z</time>
        <extensions>
          <ns3:TrackPointExtension>
            <ns3:hr>92</ns3:hr>
            <ns3:cad>59</ns3:cad>
          </ns3:TrackPointExtension>
        </extensions>
      </trkpt>
      <trkpt lat="42.2665566019713878631591796875" lon="-4.42969475872814655303955078125">
        <ele>773.20001220703125</ele>
        <time>2025-09-28T05:16:16.000Z</time>
        <extensions>
          <ns3:TrackPointExtension>
            <ns3:hr>93</ns3:hr>
            <ns3:cad>58</ns3:cad>
          </ns3:TrackPointExtension>
        </extensions>
      </trkpt>
      <trkpt lat="42.26657847873866558074951171875" lon="-4.42991637624800205230712890625">
        <ele>773.20001220703125</ele>
        <time>2025-09-28T05:16:29.000Z</time>
        <extensions>
          <ns3:TrackPointExtension>
            <ns3:hr>93</ns3:hr>
            <ns3:cad>59</ns3:cad>
          </ns3:TrackPointExtension>
        </extensions>
      </trkpt>
      <trkpt lat="42.2665931470692157745361328125" lon="-4.4300663284957408905029296875">
        <ele>773.20001220703125</ele>
        <time>2025-09-28T05:16:38.000Z</time>
        <extensions>
          <ns3:TrackPointExtension>
            <ns3:hr>92</ns3:hr>
            <ns3:cad>59</ns3:cad>
          </ns3:TrackPointExtension>
        </extensions>
      </trkpt>
      <trkpt lat="42.26661452092230319976806640625" lon="-4.43029540590941905975341796875">
        <ele>773</ele>
        <time>2025-09-28T05:16:52.000Z</time>
        <extensions>
          <ns3:TrackPointExtension>
            <ns3:hr>93</ns3:hr>
            <ns3:cad>59</ns3:cad>
          </ns3:TrackPointExtension>
        </extensions>
      </trkpt>
      <trkpt lat="42.2666300274431705474853515625" lon="-4.43045675754547119140625">
        <ele>773</ele>
        <time>2025-09-28T05:17:02.000Z</time>
        <extensions>
          <ns3:TrackPointExtension>
            <ns3:hr>94</ns3:hr>
            <ns3:cad>58</ns3:cad>
          </ns3:TrackPointExtension>
        </extensions>
      </trkpt>
      <trkpt lat="42.2666508145630359649658203125" lon="-4.4306222163140773773193359375">
        <ele>773</ele>
        <time>2025-09-28T05:17:12.000Z</time>
        <extensions>
          <ns3:TrackPointExtension>
            <ns3:hr>95</ns3:hr>
            <ns3:cad>57</ns3:cad>
          </ns3:TrackPointExtension>
        </extensions>
      </trkpt>
      <trkpt lat="42.26666782982647418975830078125" lon="-4.43086235783994197845458984375">
        <ele>772.79998779296875</ele>
        <time>2025-09-28T05:17:26.000Z</time>
        <extensions>
          <ns3:TrackPointExtension>
            <ns3:hr>94</ns3:hr>
            <ns3:cad>59</ns3:cad>
          </ns3:TrackPointExtension>
        </extensions>
      </trkpt>
      <trkpt lat="42.26668023504316806793212890625" lon="-4.4309997372329235076904296875">
        <ele>772.79998779296875</ele>
        <time>2025-09-28T05:17:35.000Z</time>
        <extensions>
          <ns3:TrackPointExtension>
            <ns3:hr>93</ns3:hr>
            <ns3:cad>57</ns3:cad>
          </ns3:TrackPointExtension>
        </extensions>
      </trkpt>
      <trkpt lat="42.2667051292955875396728515625" lon="-4.43121783435344696044921875">
        <ele>772.79998779296875</ele>
        <time>2025-09-28T05:17:48.000Z</time>
        <extensions>
          <ns3:TrackPointExtension>
            <ns3:hr>93</ns3:hr>
            <ns3:cad>58</ns3:cad>
          </ns3:TrackPointExtension>
        </extensions>
      </trkpt>
      <trkpt lat="42.26671325974166393280029296875" lon="-4.43131171166896820068359375">
        <ele>772.5999755859375</ele>
        <time>2025-09-28T05:17:54.000Z</time>
        <extensions>
          <ns3:TrackPointExtension>
            <ns3:hr>96</ns3:hr>
            <ns3:cad>58</ns3:cad>
          </ns3:TrackPointExtension>
        </extensions>
      </trkpt>
      <trkpt lat="42.2667222283780574798583984375" lon="-4.4314154796302318572998046875">
        <ele>772.5999755859375</ele>
        <time>2025-09-28T05:18:00.000Z</time>
        <extensions>
          <ns3:TrackPointExtension>
            <ns3:hr>96</ns3:hr>
            <ns3:cad>59</ns3:cad>
          </ns3:TrackPointExtension>
        </extensions>
      </trkpt>
      <trkpt lat="42.2667410038411617279052734375" lon="-4.4316468201577663421630859375">
        <ele>772.5999755859375</ele>
        <time>2025-09-28T05:18:14.000Z</time>
        <extensions>
          <ns3:TrackPointExtension>
            <ns3:hr>97</ns3:hr>
            <ns3:cad>58</ns3:cad>
          </ns3:TrackPointExtension>
        </extensions>
      </trkpt>
      <trkpt lat="42.266745865345001220703125" lon="-4.431679509580135345458984375">
        <ele>772.4000244140625</ele>
        <time>2025-09-28T05:18:16.000Z</time>
        <extensions>
          <ns3:TrackPointExtension>
            <ns3:hr>97</ns3:hr>
            <ns3:cad>58</ns3:cad>
          </ns3:TrackPointExtension>
        </extensions>
      </trkpt>
      <trkpt lat="42.26676489226520061492919921875" lon="-4.43189819343388080596923828125">
        <ele>772.5999755859375</ele>
        <time>2025-09-28T05:18:29.000Z</time>
        <extensions>
          <ns3:TrackPointExtension>
            <ns3:hr>97</ns3:hr>
            <ns3:cad>59</ns3:cad>
          </ns3:TrackPointExtension>
        </extensions>
      </trkpt>
      <trkpt lat="42.2667879424989223480224609375" lon="-4.4321061484515666961669921875">
        <ele>772.5999755859375</ele>
        <time>2025-09-28T05:18:42.000Z</time>
        <extensions>
          <ns3:TrackPointExtension>
            <ns3:hr>98</ns3:hr>
            <ns3:cad>59</ns3:cad>
          </ns3:TrackPointExtension>
        </extensions>
      </trkpt>
      <trkpt lat="42.26681761443614959716796875" lon="-4.43233572877943515777587890625">
        <ele>772.5999755859375</ele>
        <time>2025-09-28T05:18:56.000Z</time>
        <extensions>
          <ns3:TrackPointExtension>
            <ns3:hr>99</ns3:hr>
            <ns3:cad>59</ns3:cad>
          </ns3:TrackPointExtension>
        </extensions>
      </trkpt>
      <trkpt lat="42.26683278568089008331298828125" lon="-4.4325966574251651763916015625">
        <ele>772.5999755859375</ele>
        <time>2025-09-28T05:19:11.000Z</time>
        <extensions>
          <ns3:TrackPointExtension>
            <ns3:hr>100</ns3:hr>
            <ns3:cad>59</ns3:cad>
          </ns3:TrackPointExtension>
        </extensions>
      </trkpt>
      <trkpt lat="42.2668345458805561065673828125" lon="-4.43261534906923770904541015625">
        <ele>772.5999755859375</ele>
        <time>2025-09-28T05:19:12.000Z</time>
        <extensions>
          <ns3:TrackPointExtension>
            <ns3:hr>100</ns3:hr>
            <ns3:cad>59</ns3:cad>
          </ns3:TrackPointExtension>
        </extensions>
      </trkpt>
      <trkpt lat="42.2668544948101043701171875" lon="-4.432810060679912567138671875">
        <ele>772.4000244140625</ele>
        <time>2025-09-28T05:19:23.000Z</time>
        <extensions>
          <ns3:TrackPointExtension>
            <ns3:hr>98</ns3:hr>
            <ns3:cad>59</ns3:cad>
          </ns3:TrackPointExtension>
        </extensions>
      </trkpt>
      <trkpt lat="42.26687771268188953399658203125" lon="-4.43303746171295642852783203125">
        <ele>772.5999755859375</ele>
        <time>2025-09-28T05:19:37.000Z</time>
        <extensions>
          <ns3:TrackPointExtension>
            <ns3:hr>99</ns3:hr>
            <ns3:cad>58</ns3:cad>
          </ns3:TrackPointExtension>
        </extensions>
      </trkpt>
      <trkpt lat="42.26690637879073619842529296875" lon="-4.43327844142913818359375">
        <ele>772.5999755859375</ele>
        <time>2025-09-28T05:19:52.000Z</time>
        <extensions>
          <ns3:TrackPointExtension>
            <ns3:hr>98</ns3:hr>
            <ns3:cad>58</ns3:cad>
          </ns3:TrackPointExtension>
        </extensions>
      </trkpt>
      <trkpt lat="42.26692632772028446197509765625" lon="-4.43348941393196582794189453125">
        <ele>772.79998779296875</ele>
        <time>2025-09-28T05:20:05.000Z</time>
        <extensions>
          <ns3:TrackPointExtension>
            <ns3:hr>99</ns3:hr>
            <ns3:cad>58</ns3:cad>
          </ns3:TrackPointExtension>
        </extensions>
      </trkpt>
      <trkpt lat="42.26694376207888126373291015625" lon="-4.433723352849483489990234375">
        <ele>772.79998779296875</ele>
        <time>2025-09-28T05:20:19.000Z</time>
        <extensions>
          <ns3:TrackPointExtension>
            <ns3:hr>100</ns3:hr>
            <ns3:cad>59</ns3:cad>
          </ns3:TrackPointExtension>
        </extensions>
      </trkpt>
      <trkpt lat="42.26697259582579135894775390625" lon="-4.4339645840227603912353515625">
        <ele>772.5999755859375</ele>
        <time>2025-09-28T05:20:34.000Z</time>
        <extensions>
          <ns3:TrackPointExtension>
            <ns3:hr>100</ns3:hr>
            <ns3:cad>58</ns3:cad>
          </ns3:TrackPointExtension>
        </extensions>
      </trkpt>
      <trkpt lat="42.2669941373169422149658203125" lon="-4.4341825135052204132080078125">
        <ele>772.5999755859375</ele>
        <time>2025-09-28T05:20:47.000Z</time>
        <extensions>
          <ns3:TrackPointExtension>
            <ns3:hr>99</ns3:hr>
            <ns3:cad>59</ns3:cad>
          </ns3:TrackPointExtension>
        </extensions>
      </trkpt>
      <trkpt lat="42.2670075483620166778564453125" lon="-4.43433430977165699005126953125">
        <ele>772.79998779296875</ele>
        <time>2025-09-28T05:20:56.000Z</time>
        <extensions>
          <ns3:TrackPointExtension>
            <ns3:hr>99</ns3:hr>
            <ns3:cad>59</ns3:cad>
          </ns3:TrackPointExtension>
        </extensions>
      </trkpt>
      <trkpt lat="42.26702221669256687164306640625" lon="-4.43452038802206516265869140625">
        <ele>773</ele>
        <time>2025-09-28T05:21:08.000Z</time>
        <extensions>
          <ns3:TrackPointExtension>
            <ns3:hr>98</ns3:hr>
            <ns3:cad>58</ns3:cad>
          </ns3:TrackPointExtension>
        </extensions>
      </trkpt>
      <trkpt lat="42.267040573060512542724609375" lon="-4.434697329998016357421875">
        <ele>773</ele>
        <time>2025-09-28T05:21:19.000Z</time>
        <extensions>
          <ns3:TrackPointExtension>
            <ns3:hr>98</ns3:hr>
            <ns3:cad>58</ns3:cad>
          </ns3:TrackPointExtension>
        </extensions>
      </trkpt>
      <trkpt lat="42.2670544870197772979736328125" lon="-4.43484175018966197967529296875">
        <ele>773</ele>
        <time>2025-09-28T05:21:28.000Z</time>
        <extensions>
          <ns3:TrackPointExtension>
            <ns3:hr>99</ns3:hr>
            <ns3:cad>57</ns3:cad>
          </ns3:TrackPointExtension>
        </extensions>
      </trkpt>
      <trkpt lat="42.2670717537403106689453125" lon="-4.4350243918597698211669921875">
        <ele>773</ele>
        <time>2025-09-28T05:21:39.000Z</time>
        <extensions>
          <ns3:TrackPointExtension>
            <ns3:hr>100</ns3:hr>
            <ns3:cad>58</ns3:cad>
          </ns3:TrackPointExtension>
        </extensions>
      </trkpt>
      <trkpt lat="42.2670990787446498870849609375" lon="-4.4352538883686065673828125">
        <ele>773</ele>
        <time>2025-09-28T05:21:53.000Z</time>
        <extensions>
          <ns3:TrackPointExtension>
            <ns3:hr>100</ns3:hr>
            <ns3:cad>58</ns3:cad>
          </ns3:TrackPointExtension>
        </extensions>
      </trkpt>
      <trkpt lat="42.2671175189316272735595703125" lon="-4.43547123111784458160400390625">
        <ele>773</ele>
        <time>2025-09-28T05:22:06.000Z</time>
        <extensions>
          <ns3:TrackPointExtension>
            <ns3:hr>100</ns3:hr>
            <ns3:cad>58</ns3:cad>
          </ns3:TrackPointExtension>
        </extensions>
      </trkpt>
      <trkpt lat="42.2671369649469852447509765625" lon="-4.43567960523068904876708984375">
        <ele>773.20001220703125</ele>
        <time>2025-09-28T05:22:19.000Z</time>
        <extensions>
          <ns3:TrackPointExtension>
            <ns3:hr>100</ns3:hr>
            <ns3:cad>57</ns3:cad>
          </ns3:TrackPointExtension>
        </extensions>
      </trkpt>
      <trkpt lat="42.2671574167907238006591796875" lon="-4.43587976507842540740966796875">
        <ele>773.4000244140625</ele>
        <time>2025-09-28T05:22:31.000Z</time>
        <extensions>
          <ns3:TrackPointExtension>
            <ns3:hr>98</ns3:hr>
            <ns3:cad>58</ns3:cad>
          </ns3:TrackPointExtension>
        </extensions>
      </trkpt>
      <trkpt lat="42.26717627607285976409912109375" lon="-4.436099790036678314208984375">
        <ele>773.4000244140625</ele>
        <time>2025-09-28T05:22:45.000Z</time>
        <extensions>
          <ns3:TrackPointExtension>
            <ns3:hr>98</ns3:hr>
            <ns3:cad>58</ns3:cad>
          </ns3:TrackPointExtension>
        </extensions>
      </trkpt>
      <trkpt lat="42.26718968711793422698974609375" lon="-4.4362451322376728057861328125">
        <ele>773.5999755859375</ele>
        <time>2025-09-28T05:22:54.000Z</time>
        <extensions>
          <ns3:TrackPointExtension>
            <ns3:hr>99</ns3:hr>
            <ns3:cad>58</ns3:cad>
          </ns3:TrackPointExtension>
        </extensions>
      </trkpt>
      <trkpt lat="42.26719605736434459686279296875" lon="-4.436291567981243133544921875">
        <ele>773.5999755859375</ele>
        <time>2025-09-28T05:22:57.000Z</time>
        <extensions>
          <ns3:TrackPointExtension>
            <ns3:hr>99</ns3:hr>
            <ns3:cad>58</ns3:cad>
          </ns3:TrackPointExtension>
        </extensions>
      </trkpt>
      <trkpt lat="42.2672127373516559600830078125" lon="-4.436462558805942535400390625">
        <ele>773.5999755859375</ele>
        <time>2025-09-28T05:23:07.000Z</time>
        <extensions>
          <ns3:TrackPointExtension>
            <ns3:hr>100</ns3:hr>
            <ns3:cad>58</ns3:cad>
          </ns3:TrackPointExtension>
        </extensions>
      </trkpt>
      <trkpt lat="42.2672365419566631317138671875" lon="-4.436675123870372772216796875">
        <ele>773.5999755859375</ele>
        <time>2025-09-28T05:23:20.000Z</time>
        <extensions>
          <ns3:TrackPointExtension>
            <ns3:hr>100</ns3:hr>
            <ns3:cad>58</ns3:cad>
          </ns3:TrackPointExtension>
        </extensions>
      </trkpt>
      <trkpt lat="42.2672529704868793487548828125" lon="-4.43684485740959644317626953125">
        <ele>773.79998779296875</ele>
        <time>2025-09-28T05:23:30.000Z</time>
        <extensions>
          <ns3:TrackPointExtension>
            <ns3:hr>100</ns3:hr>
            <ns3:cad>59</ns3:cad>
          </ns3:TrackPointExtension>
        </extensions>
      </trkpt>
      <trkpt lat="42.26727761328220367431640625" lon="-4.43707703612744808197021484375">
        <ele>774</ele>
        <time>2025-09-28T05:23:44.000Z</time>
        <extensions>
          <ns3:TrackPointExtension>
            <ns3:hr>99</ns3:hr>
            <ns3:cad>59</ns3:cad>
          </ns3:TrackPointExtension>
        </extensions>
      </trkpt>
      <trkpt lat="42.26730083115398883819580078125" lon="-4.43729463033378124237060546875">
        <ele>774</ele>
        <time>2025-09-28T05:23:57.000Z</time>
        <extensions>
          <ns3:TrackPointExtension>
            <ns3:hr>100</ns3:hr>
            <ns3:cad>59</ns3:cad>
          </ns3:TrackPointExtension>
        </extensions>
      </trkpt>
      <trkpt lat="42.267318181693553924560546875" lon="-4.43749344907701015472412109375">
        <ele>774.20001220703125</ele>
        <time>2025-09-28T05:24:09.000Z</time>
        <extensions>
          <ns3:TrackPointExtension>
            <ns3:hr>101</ns3:hr>
            <ns3:cad>59</ns3:cad>
          </ns3:TrackPointExtension>
        </extensions>
      </trkpt>
      <trkpt lat="42.26732145063579082489013671875" lon="-4.4375295750796794891357421875">
        <ele>774.5999755859375</ele>
        <time>2025-09-28T05:24:11.000Z</time>
        <extensions>
          <ns3:TrackPointExtension>
            <ns3:hr>100</ns3:hr>
            <ns3:cad>59</ns3:cad>
          </ns3:TrackPointExtension>
        </extensions>
      </trkpt>
      <trkpt lat="42.26733754388988018035888671875" lon="-4.43769461475312709808349609375">
        <ele>774.20001220703125</ele>
        <time>2025-09-28T05:24:21.000Z</time>
        <extensions>
          <ns3:TrackPointExtension>
            <ns3:hr>101</ns3:hr>
            <ns3:cad>59</ns3:cad>
          </ns3:TrackPointExtension>
        </extensions>
      </trkpt>
      <trkpt lat="42.26735129021108150482177734375" lon="-4.43791522644460201263427734375">
        <ele>774.4000244140625</ele>
        <time>2025-09-28T05:24:34.000Z</time>
        <extensions>
          <ns3:TrackPointExtension>
            <ns3:hr>100</ns3:hr>
            <ns3:cad>59</ns3:cad>
          </ns3:TrackPointExtension>
        </extensions>
      </trkpt>
      <trkpt lat="42.2673773579299449920654296875" lon="-4.43814790807664394378662109375">
        <ele>774.20001220703125</ele>
        <time>2025-09-28T05:24:48.000Z</time>
        <extensions>
          <ns3:TrackPointExtension>
            <ns3:hr>99</ns3:hr>
            <ns3:cad>59</ns3:cad>
          </ns3:TrackPointExtension>
        </extensions>
      </trkpt>
      <trkpt lat="42.2674011625349521636962890625" lon="-4.438377320766448974609375">
        <ele>774.4000244140625</ele>
        <time>2025-09-28T05:25:02.000Z</time>
        <extensions>
          <ns3:TrackPointExtension>
            <ns3:hr>99</ns3:hr>
            <ns3:cad>59</ns3:cad>
          </ns3:TrackPointExtension>
        </extensions>
      </trkpt>
      <trkpt lat="42.267414741218090057373046875" lon="-4.438626766204833984375">
        <ele>774.4000244140625</ele>
        <time>2025-09-28T05:25:17.000Z</time>
        <extensions>
          <ns3:TrackPointExtension>
            <ns3:hr>98</ns3:hr>
            <ns3:cad>57</ns3:cad>
          </ns3:TrackPointExtension>
        </extensions>
      </trkpt>
      <trkpt lat="42.26744164712727069854736328125" lon="-4.438826255500316619873046875">
        <ele>774.5999755859375</ele>
        <time>2025-09-28T05:25:29.000Z</time>
        <extensions>
          <ns3:TrackPointExtension>
            <ns3:hr>98</ns3:hr>
            <ns3:cad>59</ns3:cad>
          </ns3:TrackPointExtension>
        </extensions>
      </trkpt>
      <trkpt lat="42.26746008731424808502197265625" lon="-4.4390265829861164093017578125">
        <ele>774.5999755859375</ele>
        <time>2025-09-28T05:25:41.000Z</time>
        <extensions>
          <ns3:TrackPointExtension>
            <ns3:hr>98</ns3:hr>
            <ns3:cad>59</ns3:cad>
          </ns3:TrackPointExtension>
        </extensions>
      </trkpt>
      <trkpt lat="42.2674732469022274017333984375" lon="-4.4392584264278411865234375">
        <ele>774.5999755859375</ele>
        <time>2025-09-28T05:25:54.000Z</time>
        <extensions>
          <ns3:TrackPointExtension>
            <ns3:hr>99</ns3:hr>
            <ns3:cad>59</ns3:cad>
          </ns3:TrackPointExtension>
        </extensions>
      </trkpt>
      <trkpt lat="42.26748456247150897979736328125" lon="-4.43944073282182216644287109375">
        <ele>774.5999755859375</ele>
        <time>2025-09-28T05:26:05.000Z</time>
        <extensions>
          <ns3:TrackPointExtension>
            <ns3:hr>97</ns3:hr>
            <ns3:cad>59</ns3:cad>
          </ns3:TrackPointExtension>
        </extensions>
      </trkpt>
      <trkpt lat="42.26750853471457958221435546875" lon="-4.4396875798702239990234375">
        <ele>774.4000244140625</ele>
        <time>2025-09-28T05:26:19.000Z</time>
        <extensions>
          <ns3:TrackPointExtension>
            <ns3:hr>97</ns3:hr>
            <ns3:cad>59</ns3:cad>
          </ns3:TrackPointExtension>
        </extensions>
      </trkpt>
      <trkpt lat="42.2675362788140773773193359375" lon="-4.43990039639174938201904296875">
        <ele>774.20001220703125</ele>
        <time>2025-09-28T05:26:32.000Z</time>
        <extensions>
          <ns3:TrackPointExtension>
            <ns3:hr>98</ns3:hr>
            <ns3:cad>59</ns3:cad>
          </ns3:TrackPointExtension>
        </extensions>
      </trkpt>
      <trkpt lat="42.267559580504894256591796875" lon="-4.44006803445518016815185546875">
        <ele>774.20001220703125</ele>
        <time>2025-09-28T05:26:43.000Z</time>
        <extensions>
          <ns3:TrackPointExtension>
            <ns3:hr>97</ns3:hr>
            <ns3:cad>56</ns3:cad>
          </ns3:TrackPointExtension>
        </extensions>
      </trkpt>
      <trkpt lat="42.2675627656280994415283203125" lon="-4.44021840579807758331298828125">
        <ele>774</ele>
        <time>2025-09-28T05:26:52.000Z</time>
        <extensions>
          <ns3:TrackPointExtension>
            <ns3:hr>97</ns3:hr>
            <ns3:cad>57</ns3:cad>
          </ns3:TrackPointExtension>
        </extensions>
      </trkpt>
      <trkpt lat="42.26757626049220561981201171875" lon="-4.44045075215399265289306640625">
        <ele>773.79998779296875</ele>
        <time>2025-09-28T05:27:06.000Z</time>
        <extensions>
          <ns3:TrackPointExtension>
            <ns3:hr>97</ns3:hr>
            <ns3:cad>59</ns3:cad>
          </ns3:TrackPointExtension>
        </extensions>
      </trkpt>
      <trkpt lat="42.2675869055092334747314453125" lon="-4.4406451284885406494140625">
        <ele>773.5999755859375</ele>
        <time>2025-09-28T05:27:17.000Z</time>
        <extensions>
          <ns3:TrackPointExtension>
            <ns3:hr>97</ns3:hr>
            <ns3:cad>59</ns3:cad>
          </ns3:TrackPointExtension>
        </extensions>
      </trkpt>
      <trkpt lat="42.2675976343452930450439453125" lon="-4.44073338992893695831298828125">
        <ele>773.5999755859375</ele>
        <time>2025-09-28T05:27:22.000Z</time>
        <extensions>
          <ns3:TrackPointExtension>
            <ns3:hr>96</ns3:hr>
            <ns3:cad>59</ns3:cad>
          </ns3:TrackPointExtension>
        </extensions>
      </trkpt>
      <trkpt lat="42.2676157392561435699462890625" lon="-4.4409031234681606292724609375">
        <ele>773.20001220703125</ele>
        <time>2025-09-28T05:27:32.000Z</time>
        <extensions>
          <ns3:TrackPointExtension>
            <ns3:hr>95</ns3:hr>
            <ns3:cad>59</ns3:cad>
          </ns3:TrackPointExtension>
        </extensions>
      </trkpt>
      <trkpt lat="42.2676418907940387725830078125" lon="-4.4411099888384342193603515625">
        <ele>773.20001220703125</ele>
        <time>2025-09-28T05:27:44.000Z</time>
        <extensions>
          <ns3:TrackPointExtension>
            <ns3:hr>96</ns3:hr>
            <ns3:cad>59</ns3:cad>
          </ns3:TrackPointExtension>
        </extensions>
      </trkpt>
      <trkpt lat="42.2676645219326019287109375" lon="-4.44133101962506771087646484375">
        <ele>773</ele>
        <time>2025-09-28T05:27:57.000Z</time>
        <extensions>
          <ns3:TrackPointExtension>
            <ns3:hr>96</ns3:hr>
            <ns3:cad>58</ns3:cad>
          </ns3:TrackPointExtension>
        </extensions>
      </trkpt>
      <trkpt lat="42.267678268253803253173828125" lon="-4.4414489530026912689208984375">
        <ele>772.79998779296875</ele>
        <time>2025-09-28T05:28:04.000Z</time>
        <extensions>
          <ns3:TrackPointExtension>
            <ns3:hr>93</ns3:hr>
            <ns3:cad>60</ns3:cad>
          </ns3:TrackPointExtension>
        </extensions>
      </trkpt>
      <trkpt lat="42.26767919026315212249755859375" lon="-4.44146596826612949371337890625">
        <ele>772.79998779296875</ele>
        <time>2025-09-28T05:28:05.000Z</time>
        <extensions>
          <ns3:TrackPointExtension>
            <ns3:hr>90</ns3:hr>
            <ns3:cad>59</ns3:cad>
          </ns3:TrackPointExtension>
        </extensions>
      </trkpt>
      <trkpt lat="42.26768220774829387664794921875" lon="-4.441521875560283660888671875">
        <ele>772.5999755859375</ele>
        <time>2025-09-28T05:28:08.000Z</time>
        <extensions>
          <ns3:TrackPointExtension>
            <ns3:hr>89</ns3:hr>
            <ns3:cad>59</ns3:cad>
          </ns3:TrackPointExtension>
        </extensions>
      </trkpt>
      <trkpt lat="42.267686985433101654052734375" lon="-4.441576860845088958740234375">
        <ele>772.5999755859375</ele>
        <time>2025-09-28T05:28:11.000Z</time>
        <extensions>
          <ns3:TrackPointExtension>
            <ns3:hr>89</ns3:hr>
            <ns3:cad>58</ns3:cad>
          </ns3:TrackPointExtension>
        </extensions>
      </trkpt>
      <trkpt lat="42.26769872009754180908203125" lon="-4.441745840013027191162109375">
        <ele>772.4000244140625</ele>
        <time>2025-09-28T05:28:21.000Z</time>
        <extensions>
          <ns3:TrackPointExtension>
            <ns3:hr>90</ns3:hr>
            <ns3:cad>59</ns3:cad>
          </ns3:TrackPointExtension>
        </extensions>
      </trkpt>
      <trkpt lat="42.26771347224712371826171875" lon="-4.441973827779293060302734375">
        <ele>772.20001220703125</ele>
        <time>2025-09-28T05:28:34.000Z</time>
        <extensions>
          <ns3:TrackPointExtension>
            <ns3:hr>90</ns3:hr>
            <ns3:cad>59</ns3:cad>
          </ns3:TrackPointExtension>
        </extensions>
      </trkpt>
      <trkpt lat="42.26771506480872631072998046875" lon="-4.4421617500483989715576171875">
        <ele>771.5999755859375</ele>
        <time>2025-09-28T05:28:46.000Z</time>
        <extensions>
          <ns3:TrackPointExtension>
            <ns3:hr>91</ns3:hr>
            <ns3:cad>57</ns3:cad>
          </ns3:TrackPointExtension>
        </extensions>
      </trkpt>
      <trkpt lat="42.26773987524211406707763671875" lon="-4.4422345049679279327392578125">
        <ele>771.5999755859375</ele>
        <time>2025-09-28T05:28:53.000Z</time>
        <extensions>
          <ns3:TrackPointExtension>
            <ns3:hr>90</ns3:hr>
            <ns3:cad>52</ns3:cad>
          </ns3:TrackPointExtension>
        </extensions>
      </trkpt>
      <trkpt lat="42.2677478380501270294189453125" lon="-4.442244730889797210693359375">
        <ele>771.5999755859375</ele>
        <time>2025-09-28T05:28:54.000Z</time>
        <extensions>
          <ns3:TrackPointExtension>
            <ns3:hr>90</ns3:hr>
            <ns3:cad>52</ns3:cad>
          </ns3:TrackPointExtension>
        </extensions>
      </trkpt>
      <trkpt lat="42.26780734956264495849609375" lon="-4.44234807975590229034423828125">
        <ele>771.5999755859375</ele>
        <time>2025-09-28T05:29:02.000Z</time>
        <extensions>
          <ns3:TrackPointExtension>
            <ns3:hr>90</ns3:hr>
            <ns3:cad>58</ns3:cad>
          </ns3:TrackPointExtension>
        </extensions>
      </trkpt>
      <trkpt lat="42.26786610670387744903564453125" lon="-4.442462660372257232666015625">
        <ele>772</ele>
        <time>2025-09-28T05:29:10.000Z</time>
        <extensions>
          <ns3:TrackPointExtension>
            <ns3:hr>89</ns3:hr>
            <ns3:cad>59</ns3:cad>
          </ns3:TrackPointExtension>
        </extensions>
      </trkpt>
      <trkpt lat="42.26794087328016757965087890625" lon="-4.4426123611629009246826171875">
        <ele>771.79998779296875</ele>
        <time>2025-09-28T05:29:20.000Z</time>
        <extensions>
          <ns3:TrackPointExtension>
            <ns3:hr>88</ns3:hr>
            <ns3:cad>59</ns3:cad>
          </ns3:TrackPointExtension>
        </extensions>
      </trkpt>
      <trkpt lat="42.2680024802684783935546875" lon="-4.44270749576389789581298828125">
        <ele>771.79998779296875</ele>
        <time>2025-09-28T05:29:27.000Z</time>
        <extensions>
          <ns3:TrackPointExtension>
            <ns3:hr>93</ns3:hr>
            <ns3:cad>59</ns3:cad>
          </ns3:TrackPointExtension>
        </extensions>
      </trkpt>
      <trkpt lat="42.26802435703575611114501953125" lon="-4.44274907000362873077392578125">
        <ele>772</ele>
        <time>2025-09-28T05:29:30.000Z</time>
        <extensions>
          <ns3:TrackPointExtension>
            <ns3:hr>94</ns3:hr>
            <ns3:cad>59</ns3:cad>
          </ns3:TrackPointExtension>
        </extensions>
      </trkpt>
      <trkpt lat="42.26810105144977569580078125" lon="-4.44288737140595912933349609375">
        <ele>772</ele>
        <time>2025-09-28T05:29:40.000Z</time>
        <extensions>
          <ns3:TrackPointExtension>
            <ns3:hr>94</ns3:hr>
            <ns3:cad>59</ns3:cad>
          </ns3:TrackPointExtension>
        </extensions>
      </trkpt>
      <trkpt lat="42.268195264041423797607421875" lon="-4.44306112825870513916015625">
        <ele>772</ele>
        <time>2025-09-28T05:29:52.000Z</time>
        <extensions>
          <ns3:TrackPointExtension>
            <ns3:hr>91</ns3:hr>
            <ns3:cad>60</ns3:cad>
          </ns3:TrackPointExtension>
        </extensions>
      </trkpt>
      <trkpt lat="42.26820305921137332916259765625" lon="-4.4430747069418430328369140625">
        <ele>772</ele>
        <time>2025-09-28T05:29:53.000Z</time>
        <extensions>
          <ns3:TrackPointExtension>
            <ns3:hr>91</ns3:hr>
            <ns3:cad>60</ns3:cad>
          </ns3:TrackPointExtension>
        </extensions>
      </trkpt>
      <trkpt lat="42.26831219159066677093505859375" lon="-4.44328718818724155426025390625">
        <ele>771.79998779296875</ele>
        <time>2025-09-28T05:30:07.000Z</time>
        <extensions>
          <ns3:TrackPointExtension>
            <ns3:hr>92</ns3:hr>
            <ns3:cad>60</ns3:cad>
          </ns3:TrackPointExtension>
        </extensions>
      </trkpt>
      <trkpt lat="42.2683208249509334564208984375" lon="-4.44330076687037944793701171875">
        <ele>771.79998779296875</ele>
        <time>2025-09-28T05:30:08.000Z</time>
        <extensions>
          <ns3:TrackPointExtension>
            <ns3:hr>92</ns3:hr>
            <ns3:cad>60</ns3:cad>
          </ns3:TrackPointExtension>
        </extensions>
      </trkpt>
      <trkpt lat="42.26840774528682231903076171875" lon="-4.44346019066870212554931640625">
        <ele>771.79998779296875</ele>
        <time>2025-09-28T05:30:20.000Z</time>
        <extensions>
          <ns3:TrackPointExtension>
            <ns3:hr>94</ns3:hr>
            <ns3:cad>58</ns3:cad>
          </ns3:TrackPointExtension>
        </extensions>
      </trkpt>
      <trkpt lat="42.26847178302705287933349609375" lon="-4.4435870088636875152587890625">
        <ele>771.5999755859375</ele>
        <time>2025-09-28T05:30:29.000Z</time>
        <extensions>
          <ns3:TrackPointExtension>
            <ns3:hr>94</ns3:hr>
            <ns3:cad>59</ns3:cad>
          </ns3:TrackPointExtension>
        </extensions>
      </trkpt>
      <trkpt lat="42.26856716908514499664306640625" lon="-4.44375590421259403228759765625">
        <ele>771.4000244140625</ele>
        <time>2025-09-28T05:30:41.000Z</time>
        <extensions>
          <ns3:TrackPointExtension>
            <ns3:hr>94</ns3:hr>
            <ns3:cad>59</ns3:cad>
          </ns3:TrackPointExtension>
        </extensions>
      </trkpt>
      <trkpt lat="42.2686785645782947540283203125" lon="-4.44394047372043132781982421875">
        <ele>771.20001220703125</ele>
        <time>2025-09-28T05:30:54.000Z</time>
        <extensions>
          <ns3:TrackPointExtension>
            <ns3:hr>95</ns3:hr>
            <ns3:cad>60</ns3:cad>
          </ns3:TrackPointExtension>
        </extensions>
      </trkpt>
      <trkpt lat="42.268763892352581024169921875" lon="-4.44410157389938831329345703125">
        <ele>771.20001220703125</ele>
        <time>2025-09-28T05:31:06.000Z</time>
        <extensions>
          <ns3:TrackPointExtension>
            <ns3:hr>93</ns3:hr>
            <ns3:cad>59</ns3:cad>
          </ns3:TrackPointExtension>
        </extensions>
      </trkpt>
      <trkpt lat="42.268859446048736572265625" lon="-4.4442853890359401702880859375">
        <ele>771.4000244140625</ele>
        <time>2025-09-28T05:31:19.000Z</time>
        <extensions>
          <ns3:TrackPointExtension>
            <ns3:hr>95</ns3:hr>
            <ns3:cad>59</ns3:cad>
          </ns3:TrackPointExtension>
        </extensions>
      </trkpt>
      <trkpt lat="42.26896815933287143707275390625" lon="-4.44449133239686489105224609375">
        <ele>771.4000244140625</ele>
        <time>2025-09-28T05:31:33.000Z</time>
        <extensions>
          <ns3:TrackPointExtension>
            <ns3:hr>95</ns3:hr>
            <ns3:cad>60</ns3:cad>
          </ns3:TrackPointExtension>
        </extensions>
      </trkpt>
      <trkpt lat="42.2689759545028209686279296875" lon="-4.444503821432590484619140625">
        <ele>771.20001220703125</ele>
        <time>2025-09-28T05:31:34.000Z</time>
        <extensions>
          <ns3:TrackPointExtension>
            <ns3:hr>95</ns3:hr>
            <ns3:cad>60</ns3:cad>
          </ns3:TrackPointExtension>
        </extensions>
      </trkpt>
      <trkpt lat="42.26908131502568721771240234375" lon="-4.44467808119952678680419921875">
        <ele>771</ele>
        <time>2025-09-28T05:31:47.000Z</time>
        <extensions>
          <ns3:TrackPointExtension>
            <ns3:hr>95</ns3:hr>
            <ns3:cad>59</ns3:cad>
          </ns3:TrackPointExtension>
        </extensions>
      </trkpt>
      <trkpt lat="42.26917318068444728851318359375" lon="-4.44486315362155437469482421875">
        <ele>770.79998779296875</ele>
        <time>2025-09-28T05:32:00.000Z</time>
        <extensions>
          <ns3:TrackPointExtension>
            <ns3:hr>95</ns3:hr>
            <ns3:cad>59</ns3:cad>
          </ns3:TrackPointExtension>
        </extensions>
      </trkpt>
      <trkpt lat="42.2692495398223400115966796875" lon="-4.44501788355410099029541015625">
        <ele>770.79998779296875</ele>
        <time>2025-09-28T05:32:12.000Z</time>
        <extensions>
          <ns3:TrackPointExtension>
            <ns3:hr>98</ns3:hr>
            <ns3:cad>56</ns3:cad>
          </ns3:TrackPointExtension>
        </extensions>
      </trkpt>
      <trkpt lat="42.26929354481399059295654296875" lon="-4.44517345167696475982666015625">
        <ele>771</ele>
        <time>2025-09-28T05:32:23.000Z</time>
        <extensions>
          <ns3:TrackPointExtension>
            <ns3:hr>98</ns3:hr>
            <ns3:cad>57</ns3:cad>
          </ns3:TrackPointExtension>
        </extensions>
      </trkpt>
      <trkpt lat="42.26934023201465606689453125" lon="-4.44529532454907894134521484375">
        <ele>771.5999755859375</ele>
        <time>2025-09-28T05:32:31.000Z</time>
        <extensions>
          <ns3:TrackPointExtension>
            <ns3:hr>93</ns3:hr>
            <ns3:cad>56</ns3:cad>
          </ns3:TrackPointExtension>
        </extensions>
      </trkpt>
      <trkpt lat="42.2693507932126522064208984375" lon="-4.44534226320683956146240234375">
        <ele>772</ele>
        <time>2025-09-28T05:32:34.000Z</time>
        <extensions>
          <ns3:TrackPointExtension>
            <ns3:hr>93</ns3:hr>
            <ns3:cad>55</ns3:cad>
          </ns3:TrackPointExtension>
        </extensions>
      </trkpt>
      <trkpt lat="42.26934232749044895172119140625" lon="-4.445500262081623077392578125">
        <ele>772.20001220703125</ele>
        <time>2025-09-28T05:32:43.000Z</time>
        <extensions>
          <ns3:TrackPointExtension>
            <ns3:hr>95</ns3:hr>
            <ns3:cad>58</ns3:cad>
          </ns3:TrackPointExtension>
        </extensions>
      </trkpt>
      <trkpt lat="42.2693038545548915863037109375" lon="-4.44559774361550807952880859375">
        <ele>772</ele>
        <time>2025-09-28T05:32:49.000Z</time>
        <extensions>
          <ns3:TrackPointExtension>
            <ns3:hr>98</ns3:hr>
            <ns3:cad>61</ns3:cad>
          </ns3:TrackPointExtension>
        </extensions>
      </trkpt>
      <trkpt lat="42.26928415708243846893310546875" lon="-4.44566245190799236297607421875">
        <ele>771.79998779296875</ele>
        <time>2025-09-28T05:32:53.000Z</time>
        <extensions>
          <ns3:TrackPointExtension>
            <ns3:hr>99</ns3:hr>
            <ns3:cad>59</ns3:cad>
          </ns3:TrackPointExtension>
        </extensions>
      </trkpt>
      <trkpt lat="42.26923160254955291748046875" lon="-4.4458276592195034027099609375">
        <ele>771.4000244140625</ele>
        <time>2025-09-28T05:33:03.000Z</time>
        <extensions>
          <ns3:TrackPointExtension>
            <ns3:hr>100</ns3:hr>
            <ns3:cad>59</ns3:cad>
          </ns3:TrackPointExtension>
        </extensions>
      </trkpt>
      <trkpt lat="42.2691955603659152984619140625" lon="-4.4459500350058078765869140625">
        <ele>770.79998779296875</ele>
        <time>2025-09-28T05:33:12.000Z</time>
        <extensions>
          <ns3:TrackPointExtension>
            <ns3:hr>100</ns3:hr>
            <ns3:cad>58</ns3:cad>
          </ns3:TrackPointExtension>
        </extensions>
      </trkpt>
      <trkpt lat="42.26914719678461551666259765625" lon="-4.4460536353290081024169921875">
        <ele>770.5999755859375</ele>
        <time>2025-09-28T05:33:18.000Z</time>
        <extensions>
          <ns3:TrackPointExtension>
            <ns3:hr>99</ns3:hr>
            <ns3:cad>59</ns3:cad>
          </ns3:TrackPointExtension>
        </extensions>
      </trkpt>
      <trkpt lat="42.269128672778606414794921875" lon="-4.44611356593668460845947265625">
        <ele>770.4000244140625</ele>
        <time>2025-09-28T05:33:22.000Z</time>
        <extensions>
          <ns3:TrackPointExtension>
            <ns3:hr>100</ns3:hr>
            <ns3:cad>59</ns3:cad>
          </ns3:TrackPointExtension>
        </extensions>
      </trkpt>
      <trkpt lat="42.2691144235432147979736328125" lon="-4.4463107921183109283447265625">
        <ele>769.79998779296875</ele>
        <time>2025-09-28T05:33:34.000Z</time>
        <extensions>
          <ns3:TrackPointExtension>
            <ns3:hr>98</ns3:hr>
            <ns3:cad>59</ns3:cad>
          </ns3:TrackPointExtension>
        </extensions>
      </trkpt>
      <trkpt lat="42.269091792404651641845703125" lon="-4.446447081863880157470703125">
        <ele>769.4000244140625</ele>
        <time>2025-09-28T05:33:42.000Z</time>
        <extensions>
          <ns3:TrackPointExtension>
            <ns3:hr>98</ns3:hr>
            <ns3:cad>59</ns3:cad>
          </ns3:TrackPointExtension>
        </extensions>
      </trkpt>
      <trkpt lat="42.2690802253782749176025390625" lon="-4.4464762508869171142578125">
        <ele>769.4000244140625</ele>
        <time>2025-09-28T05:33:44.000Z</time>
        <extensions>
          <ns3:TrackPointExtension>
            <ns3:hr>97</ns3:hr>
            <ns3:cad>59</ns3:cad>
          </ns3:TrackPointExtension>
        </extensions>
      </trkpt>
      <trkpt lat="42.2690244019031524658203125" lon="-4.4466561265289783477783203125">
        <ele>768.79998779296875</ele>
        <time>2025-09-28T05:33:56.000Z</time>
        <extensions>
          <ns3:TrackPointExtension>
            <ns3:hr>98</ns3:hr>
            <ns3:cad>59</ns3:cad>
          </ns3:TrackPointExtension>
        </extensions>
      </trkpt>
      <trkpt lat="42.26901660673320293426513671875" lon="-4.446693845093250274658203125">
        <ele>768.5999755859375</ele>
        <time>2025-09-28T05:34:02.000Z</time>
        <extensions>
          <ns3:TrackPointExtension>
            <ns3:hr>98</ns3:hr>
            <ns3:cad>57</ns3:cad>
          </ns3:TrackPointExtension>
        </extensions>
      </trkpt>
      <trkpt lat="42.26902130059897899627685546875" lon="-4.44667951203882694244384765625">
        <ele>768.5999755859375</ele>
        <time>2025-09-28T05:34:03.000Z</time>
        <extensions>
          <ns3:TrackPointExtension>
            <ns3:hr>99</ns3:hr>
            <ns3:cad>57</ns3:cad>
          </ns3:TrackPointExtension>
        </extensions>
      </trkpt>
      <trkpt lat="42.26903186179697513580322265625" lon="-4.446620754897594451904296875">
        <ele>769</ele>
        <time>2025-09-28T05:34:10.000Z</time>
        <extensions>
          <ns3:TrackPointExtension>
            <ns3:hr>98</ns3:hr>
            <ns3:cad>0</ns3:cad>
          </ns3:TrackPointExtension>
        </extensions>
      </trkpt>
      <trkpt lat="42.26902867667376995086669921875" lon="-4.446630813181400299072265625">
        <ele>768.79998779296875</ele>
        <time>2025-09-28T05:34:12.000Z</time>
        <extensions>
          <ns3:TrackPointExtension>
            <ns3:hr>98</ns3:hr>
            <ns3:cad>0</ns3:cad>
          </ns3:TrackPointExtension>
        </extensions>
      </trkpt>
      <trkpt lat="42.26901325397193431854248046875" lon="-4.446705244481563568115234375">
        <ele>768.79998779296875</ele>
        <time>2025-09-28T05:34:17.000Z</time>
        <extensions>
          <ns3:TrackPointExtension>
            <ns3:hr>94</ns3:hr>
            <ns3:cad>52</ns3:cad>
          </ns3:TrackPointExtension>
        </extensions>
      </trkpt>
      <trkpt lat="42.2690057940781116485595703125" lon="-4.446735084056854248046875">
        <ele>768.5999755859375</ele>
        <time>2025-09-28T05:34:19.000Z</time>
        <extensions>
          <ns3:TrackPointExtension>
            <ns3:hr>90</ns3:hr>
            <ns3:cad>55</ns3:cad>
          </ns3:TrackPointExtension>
        </extensions>
      </trkpt>
      <trkpt lat="42.2689980827271938323974609375" lon="-4.44676685146987438201904296875">
        <ele>768.5999755859375</ele>
        <time>2025-09-28T05:34:21.000Z</time>
        <extensions>
          <ns3:TrackPointExtension>
            <ns3:hr>86</ns3:hr>
            <ns3:cad>57</ns3:cad>
          </ns3:TrackPointExtension>
        </extensions>
      </trkpt>
      <trkpt lat="42.26899514906108379364013671875" lon="-4.4467979483306407928466796875">
        <ele>768.4000244140625</ele>
        <time>2025-09-28T05:34:23.000Z</time>
        <extensions>
          <ns3:TrackPointExtension>
            <ns3:hr>86</ns3:hr>
            <ns3:cad>58</ns3:cad>
          </ns3:TrackPointExtension>
        </extensions>
      </trkpt>
      <trkpt lat="42.26897654123604297637939453125" lon="-4.4468861259520053863525390625">
        <ele>768.20001220703125</ele>
        <time>2025-09-28T05:34:28.000Z</time>
        <extensions>
          <ns3:TrackPointExtension>
            <ns3:hr>86</ns3:hr>
            <ns3:cad>57</ns3:cad>
          </ns3:TrackPointExtension>
        </extensions>
      </trkpt>
      <trkpt lat="42.26891485042870044708251953125" lon="-4.4470755569636821746826171875">
        <ele>768</ele>
        <time>2025-09-28T05:34:40.000Z</time>
        <extensions>
          <ns3:TrackPointExtension>
            <ns3:hr>86</ns3:hr>
            <ns3:cad>60</ns3:cad>
          </ns3:TrackPointExtension>
        </extensions>
      </trkpt>
      <trkpt lat="42.268877886235713958740234375" lon="-4.44725417532026767730712890625">
        <ele>767.5999755859375</ele>
        <time>2025-09-28T05:34:51.000Z</time>
        <extensions>
          <ns3:TrackPointExtension>
            <ns3:hr>86</ns3:hr>
            <ns3:cad>60</ns3:cad>
          </ns3:TrackPointExtension>
        </extensions>
      </trkpt>
      <trkpt lat="42.26885768584907054901123046875" lon="-4.447485767304897308349609375">
        <ele>767.5999755859375</ele>
        <time>2025-09-28T05:35:04.000Z</time>
        <extensions>
          <ns3:TrackPointExtension>
            <ns3:hr>87</ns3:hr>
            <ns3:cad>60</ns3:cad>
          </ns3:TrackPointExtension>
        </extensions>
      </trkpt>
      <trkpt lat="42.26883807219564914703369140625" lon="-4.44765566848218441009521484375">
        <ele>767.5999755859375</ele>
        <time>2025-09-28T05:35:14.000Z</time>
        <extensions>
          <ns3:TrackPointExtension>
            <ns3:hr>89</ns3:hr>
            <ns3:cad>59</ns3:cad>
          </ns3:TrackPointExtension>
        </extensions>
      </trkpt>
      <trkpt lat="42.2687995992600917816162109375" lon="-4.44781878031790256500244140625">
        <ele>767.5999755859375</ele>
        <time>2025-09-28T05:35:24.000Z</time>
        <extensions>
          <ns3:TrackPointExtension>
            <ns3:hr>89</ns3:hr>
            <ns3:cad>57</ns3:cad>
          </ns3:TrackPointExtension>
        </extensions>
      </trkpt>
      <trkpt lat="42.26874704472720623016357421875" lon="-4.44800904951989650726318359375">
        <ele>767.5999755859375</ele>
        <time>2025-09-28T05:35:36.000Z</time>
        <extensions>
          <ns3:TrackPointExtension>
            <ns3:hr>90</ns3:hr>
            <ns3:cad>59</ns3:cad>
          </ns3:TrackPointExtension>
        </extensions>
      </trkpt>
      <trkpt lat="42.2687374055385589599609375" lon="-4.4481300003826618194580078125">
        <ele>767.79998779296875</ele>
        <time>2025-09-28T05:35:44.000Z</time>
        <extensions>
          <ns3:TrackPointExtension>
            <ns3:hr>90</ns3:hr>
            <ns3:cad>59</ns3:cad>
          </ns3:TrackPointExtension>
        </extensions>
      </trkpt>
      <trkpt lat="42.2687534987926483154296875" lon="-4.448338039219379425048828125">
        <ele>767.79998779296875</ele>
        <time>2025-09-28T05:35:56.000Z</time>
        <extensions>
          <ns3:TrackPointExtension>
            <ns3:hr>92</ns3:hr>
            <ns3:cad>59</ns3:cad>
          </ns3:TrackPointExtension>
        </extensions>
      </trkpt>
      <trkpt lat="42.268792055547237396240234375" lon="-4.44850198924541473388671875">
        <ele>768</ele>
        <time>2025-09-28T05:36:06.000Z</time>
        <extensions>
          <ns3:TrackPointExtension>
            <ns3:hr>93</ns3:hr>
            <ns3:cad>59</ns3:cad>
          </ns3:TrackPointExtension>
        </extensions>
      </trkpt>
      <trkpt lat="42.26886573247611522674560546875" lon="-4.44869200699031352996826171875">
        <ele>768.20001220703125</ele>
        <time>2025-09-28T05:36:19.000Z</time>
        <extensions>
          <ns3:TrackPointExtension>
            <ns3:hr>93</ns3:hr>
            <ns3:cad>59</ns3:cad>
          </ns3:TrackPointExtension>
        </extensions>
      </trkpt>
      <trkpt lat="42.26893463172018527984619140625" lon="-4.44882242940366268157958984375">
        <ele>768.4000244140625</ele>
        <time>2025-09-28T05:36:28.000Z</time>
        <extensions>
          <ns3:TrackPointExtension>
            <ns3:hr>96</ns3:hr>
            <ns3:cad>59</ns3:cad>
          </ns3:TrackPointExtension>
        </extensions>
      </trkpt>
      <trkpt lat="42.2689457796514034271240234375" lon="-4.44885545410215854644775390625">
        <ele>768.4000244140625</ele>
        <time>2025-09-28T05:36:30.000Z</time>
        <extensions>
          <ns3:TrackPointExtension>
            <ns3:hr>97</ns3:hr>
            <ns3:cad>59</ns3:cad>
          </ns3:TrackPointExtension>
        </extensions>
      </trkpt>
      <trkpt lat="42.2689870186150074005126953125" lon="-4.44893340580165386199951171875">
        <ele>768.5999755859375</ele>
        <time>2025-09-28T05:36:36.000Z</time>
        <extensions>
          <ns3:TrackPointExtension>
            <ns3:hr>100</ns3:hr>
            <ns3:cad>57</ns3:cad>
          </ns3:TrackPointExtension>
        </extensions>
      </trkpt>
      <trkpt lat="42.26901275105774402618408203125" lon="-4.44897003471851348876953125">
        <ele>768.79998779296875</ele>
        <time>2025-09-28T05:36:39.000Z</time>
        <extensions>
          <ns3:TrackPointExtension>
            <ns3:hr>100</ns3:hr>
            <ns3:cad>58</ns3:cad>
          </ns3:TrackPointExtension>
        </extensions>
      </trkpt>
      <trkpt lat="42.2691209614276885986328125" lon="-4.449138678610324859619140625">
        <ele>769.4000244140625</ele>
        <time>2025-09-28T05:36:52.000Z</time>
        <extensions>
          <ns3:TrackPointExtension>
            <ns3:hr>102</ns3:hr>
            <ns3:cad>58</ns3:cad>
          </ns3:TrackPointExtension>
        </extensions>
      </trkpt>
      <trkpt lat="42.2691278345882892608642578125" lon="-4.4491693563759326934814453125">
        <ele>769.4000244140625</ele>
        <time>2025-09-28T05:36:54.000Z</time>
        <extensions>
          <ns3:TrackPointExtension>
            <ns3:hr>102</ns3:hr>
            <ns3:cad>57</ns3:cad>
          </ns3:TrackPointExtension>
        </extensions>
      </trkpt>
      <trkpt lat="42.26915222592651844024658203125" lon="-4.4492833502590656280517578125">
        <ele>769.5999755859375</ele>
        <time>2025-09-28T05:37:02.000Z</time>
        <extensions>
          <ns3:TrackPointExtension>
            <ns3:hr>103</ns3:hr>
            <ns3:cad>54</ns3:cad>
          </ns3:TrackPointExtension>
        </extensions>
      </trkpt>
      <trkpt lat="42.26911467500030994415283203125" lon="-4.4493943266570568084716796875">
        <ele>769.5999755859375</ele>
        <time>2025-09-28T05:37:10.000Z</time>
        <extensions>
          <ns3:TrackPointExtension>
            <ns3:hr>104</ns3:hr>
            <ns3:cad>55</ns3:cad>
          </ns3:TrackPointExtension>
        </extensions>
      </trkpt>
      <trkpt lat="42.26907812990248203277587890625" lon="-4.4494607113301753997802734375">
        <ele>769.4000244140625</ele>
        <time>2025-09-28T05:37:15.000Z</time>
        <extensions>
          <ns3:TrackPointExtension>
            <ns3:hr>101</ns3:hr>
            <ns3:cad>59</ns3:cad>
          </ns3:TrackPointExtension>
        </extensions>
      </trkpt>
      <trkpt lat="42.269055582582950592041015625" lon="-4.44949918426573276519775390625">
        <ele>769.4000244140625</ele>
        <time>2025-09-28T05:37:18.000Z</time>
        <extensions>
          <ns3:TrackPointExtension>
            <ns3:hr>98</ns3:hr>
            <ns3:cad>59</ns3:cad>
          </ns3:TrackPointExtension>
        </extensions>
      </trkpt>
      <trkpt lat="42.269022725522518157958984375" lon="-4.44956389255821704864501953125">
        <ele>769.4000244140625</ele>
        <time>2025-09-28T05:37:23.000Z</time>
        <extensions>
          <ns3:TrackPointExtension>
            <ns3:hr>96</ns3:hr>
            <ns3:cad>59</ns3:cad>
          </ns3:TrackPointExtension>
        </extensions>
      </trkpt>
      <trkpt lat="42.268984504044055938720703125" lon="-4.449634216725826263427734375">
        <ele>769.4000244140625</ele>
        <time>2025-09-28T05:37:28.000Z</time>
        <extensions>
          <ns3:TrackPointExtension>
            <ns3:hr>93</ns3:hr>
            <ns3:cad>59</ns3:cad>
          </ns3:TrackPointExtension>
        </extensions>
      </trkpt>
      <trkpt lat="42.2689259983599185943603515625" lon="-4.44974041543900966644287109375">
        <ele>769.4000244140625</ele>
        <time>2025-09-28T05:37:36.000Z</time>
        <extensions>
          <ns3:TrackPointExtension>
            <ns3:hr>91</ns3:hr>
            <ns3:cad>58</ns3:cad>
          </ns3:TrackPointExtension>
        </extensions>
      </trkpt>
      <trkpt lat="42.2688462026417255401611328125" lon="-4.44989942014217376708984375">
        <ele>769.4000244140625</ele>
        <time>2025-09-28T05:37:47.000Z</time>
        <extensions>
          <ns3:TrackPointExtension>
            <ns3:hr>92</ns3:hr>
            <ns3:cad>60</ns3:cad>
          </ns3:TrackPointExtension>
        </extensions>
      </trkpt>
      <trkpt lat="42.26883237250149250030517578125" lon="-4.45003193803131580352783203125">
        <ele>769</ele>
        <time>2025-09-28T05:37:55.000Z</time>
        <extensions>
          <ns3:TrackPointExtension>
            <ns3:hr>92</ns3:hr>
            <ns3:cad>56</ns3:cad>
          </ns3:TrackPointExtension>
        </extensions>
      </trkpt>
      <trkpt lat="42.26876967586576938629150390625" lon="-4.45020829327404499053955078125">
        <ele>768.79998779296875</ele>
        <time>2025-09-28T05:38:06.000Z</time>
        <extensions>
          <ns3:TrackPointExtension>
            <ns3:hr>91</ns3:hr>
            <ns3:cad>59</ns3:cad>
          </ns3:TrackPointExtension>
        </extensions>
      </trkpt>
      <trkpt lat="42.26871586404740810394287109375" lon="-4.45042186416685581207275390625">
        <ele>768.79998779296875</ele>
        <time>2025-09-28T05:38:19.000Z</time>
        <extensions>
          <ns3:TrackPointExtension>
            <ns3:hr>91</ns3:hr>
            <ns3:cad>59</ns3:cad>
          </ns3:TrackPointExtension>
        </extensions>
      </trkpt>
      <trkpt lat="42.26869918406009674072265625" lon="-4.4506385363638401031494140625">
        <ele>768.4000244140625</ele>
        <time>2025-09-28T05:38:32.000Z</time>
        <extensions>
          <ns3:TrackPointExtension>
            <ns3:hr>90</ns3:hr>
            <ns3:cad>59</ns3:cad>
          </ns3:TrackPointExtension>
        </extensions>
      </trkpt>
      <trkpt lat="42.268713600933551788330078125" lon="-4.4508641771972179412841796875">
        <ele>768.4000244140625</ele>
        <time>2025-09-28T05:38:45.000Z</time>
        <extensions>
          <ns3:TrackPointExtension>
            <ns3:hr>90</ns3:hr>
            <ns3:cad>60</ns3:cad>
          </ns3:TrackPointExtension>
        </extensions>
      </trkpt>
      <trkpt lat="42.26876146160066127777099609375" lon="-4.451106078922748565673828125">
        <ele>768.5999755859375</ele>
        <time>2025-09-28T05:38:59.000Z</time>
        <extensions>
          <ns3:TrackPointExtension>
            <ns3:hr>90</ns3:hr>
            <ns3:cad>59</ns3:cad>
          </ns3:TrackPointExtension>
        </extensions>
      </trkpt>
      <trkpt lat="42.26882499642670154571533203125" lon="-4.45130699314177036285400390625">
        <ele>768.79998779296875</ele>
        <time>2025-09-28T05:39:11.000Z</time>
        <extensions>
          <ns3:TrackPointExtension>
            <ns3:hr>89</ns3:hr>
            <ns3:cad>60</ns3:cad>
          </ns3:TrackPointExtension>
        </extensions>
      </trkpt>
      <trkpt lat="42.2688653133809566497802734375" lon="-4.451409839093685150146484375">
        <ele>768.79998779296875</ele>
        <time>2025-09-28T05:39:18.000Z</time>
        <extensions>
          <ns3:TrackPointExtension>
            <ns3:hr>89</ns3:hr>
            <ns3:cad>59</ns3:cad>
          </ns3:TrackPointExtension>
        </extensions>
      </trkpt>
      <trkpt lat="42.26892046630382537841796875" lon="-4.4515541754662990570068359375">
        <ele>768.5999755859375</ele>
        <time>2025-09-28T05:39:28.000Z</time>
        <extensions>
          <ns3:TrackPointExtension>
            <ns3:hr>87</ns3:hr>
            <ns3:cad>59</ns3:cad>
          </ns3:TrackPointExtension>
        </extensions>
      </trkpt>
      <trkpt lat="42.26899112574756145477294921875" lon="-4.4517628848552703857421875">
        <ele>768.5999755859375</ele>
        <time>2025-09-28T05:39:41.000Z</time>
        <extensions>
          <ns3:TrackPointExtension>
            <ns3:hr>90</ns3:hr>
            <ns3:cad>60</ns3:cad>
          </ns3:TrackPointExtension>
        </extensions>
      </trkpt>
      <trkpt lat="42.26899581961333751678466796875" lon="-4.4517774693667888641357421875">
        <ele>768.79998779296875</ele>
        <time>2025-09-28T05:39:42.000Z</time>
        <extensions>
          <ns3:TrackPointExtension>
            <ns3:hr>90</ns3:hr>
            <ns3:cad>59</ns3:cad>
          </ns3:TrackPointExtension>
        </extensions>
      </trkpt>
      <trkpt lat="42.26907603442668914794921875" lon="-4.451921470463275909423828125">
        <ele>768.79998779296875</ele>
        <time>2025-09-28T05:39:53.000Z</time>
        <extensions>
          <ns3:TrackPointExtension>
            <ns3:hr>92</ns3:hr>
            <ns3:cad>56</ns3:cad>
          </ns3:TrackPointExtension>
        </extensions>
      </trkpt>
      <trkpt lat="42.26913646794855594635009765625" lon="-4.45206823758780956268310546875">
        <ele>768.79998779296875</ele>
        <time>2025-09-28T05:40:03.000Z</time>
        <extensions>
          <ns3:TrackPointExtension>
            <ns3:hr>93</ns3:hr>
            <ns3:cad>58</ns3:cad>
          </ns3:TrackPointExtension>
        </extensions>
      </trkpt>
      <trkpt lat="42.26921123452484607696533203125" lon="-4.4522430002689361572265625">
        <ele>769</ele>
        <time>2025-09-28T05:40:15.000Z</time>
        <extensions>
          <ns3:TrackPointExtension>
            <ns3:hr>93</ns3:hr>
            <ns3:cad>57</ns3:cad>
          </ns3:TrackPointExtension>
        </extensions>
      </trkpt>
      <trkpt lat="42.26926890201866626739501953125" lon="-4.4523916952311992645263671875">
        <ele>769</ele>
        <time>2025-09-28T05:40:25.000Z</time>
        <extensions>
          <ns3:TrackPointExtension>
            <ns3:hr>93</ns3:hr>
            <ns3:cad>59</ns3:cad>
          </ns3:TrackPointExtension>
        </extensions>
      </trkpt>
      <trkpt lat="42.26933763362467288970947265625" lon="-4.4525492750108242034912109375">
        <ele>769</ele>
        <time>2025-09-28T05:40:36.000Z</time>
        <extensions>
          <ns3:TrackPointExtension>
            <ns3:hr>94</ns3:hr>
            <ns3:cad>59</ns3:cad>
          </ns3:TrackPointExtension>
        </extensions>
      </trkpt>
      <trkpt lat="42.26937778294086456298828125" lon="-4.452668465673923492431640625">
        <ele>769</ele>
        <time>2025-09-28T05:40:46.000Z</time>
        <extensions>
          <ns3:TrackPointExtension>
            <ns3:hr>96</ns3:hr>
            <ns3:cad>56</ns3:cad>
          </ns3:TrackPointExtension>
        </extensions>
      </trkpt>
      <trkpt lat="42.2693903557956218719482421875" lon="-4.45271867327392101287841796875">
        <ele>769.20001220703125</ele>
        <time>2025-09-28T05:40:53.000Z</time>
        <extensions>
          <ns3:TrackPointExtension>
            <ns3:hr>96</ns3:hr>
            <ns3:cad>47</ns3:cad>
          </ns3:TrackPointExtension>
        </extensions>
      </trkpt>
      <trkpt lat="42.2694513760507106781005859375" lon="-4.45287357084453105926513671875">
        <ele>769</ele>
        <time>2025-09-28T05:41:04.000Z</time>
        <extensions>
          <ns3:TrackPointExtension>
            <ns3:hr>96</ns3:hr>
            <ns3:cad>57</ns3:cad>
          </ns3:TrackPointExtension>
        </extensions>
      </trkpt>
      <trkpt lat="42.26952840574085712432861328125" lon="-4.45308345369994640350341796875">
        <ele>769</ele>
        <time>2025-09-28T05:41:18.000Z</time>
        <extensions>
          <ns3:TrackPointExtension>
            <ns3:hr>96</ns3:hr>
            <ns3:cad>59</ns3:cad>
          </ns3:TrackPointExtension>
        </extensions>
      </trkpt>
      <trkpt lat="42.2696106322109699249267578125" lon="-4.45330917835235595703125">
        <ele>769.20001220703125</ele>
        <time>2025-09-28T05:41:33.000Z</time>
        <extensions>
          <ns3:TrackPointExtension>
            <ns3:hr>94</ns3:hr>
            <ns3:cad>59</ns3:cad>
          </ns3:TrackPointExtension>
        </extensions>
      </trkpt>
      <trkpt lat="42.26968581788241863250732421875" lon="-4.4535111822187900543212890625">
        <ele>769.4000244140625</ele>
        <time>2025-09-28T05:41:46.000Z</time>
        <extensions>
          <ns3:TrackPointExtension>
            <ns3:hr>95</ns3:hr>
            <ns3:cad>59</ns3:cad>
          </ns3:TrackPointExtension>
        </extensions>
      </trkpt>
      <trkpt lat="42.269746921956539154052734375" lon="-4.45368141867220401763916015625">
        <ele>769.4000244140625</ele>
        <time>2025-09-28T05:41:58.000Z</time>
        <extensions>
          <ns3:TrackPointExtension>
            <ns3:hr>92</ns3:hr>
            <ns3:cad>58</ns3:cad>
          </ns3:TrackPointExtension>
        </extensions>
      </trkpt>
      <trkpt lat="42.26975262165069580078125" lon="-4.45369667373597621917724609375">
        <ele>769.4000244140625</ele>
        <time>2025-09-28T05:41:59.000Z</time>
        <extensions>
          <ns3:TrackPointExtension>
            <ns3:hr>92</ns3:hr>
            <ns3:cad>58</ns3:cad>
          </ns3:TrackPointExtension>
        </extensions>
      </trkpt>
      <trkpt lat="42.26982562802731990814208984375" lon="-4.45388560183346271514892578125">
        <ele>769.5999755859375</ele>
        <time>2025-09-28T05:42:12.000Z</time>
        <extensions>
          <ns3:TrackPointExtension>
            <ns3:hr>93</ns3:hr>
            <ns3:cad>58</ns3:cad>
          </ns3:TrackPointExtension>
        </extensions>
      </trkpt>
      <trkpt lat="42.269915230572223663330078125" lon="-4.45411778055131435394287109375">
        <ele>769.5999755859375</ele>
        <time>2025-09-28T05:42:28.000Z</time>
        <extensions>
          <ns3:TrackPointExtension>
            <ns3:hr>95</ns3:hr>
            <ns3:cad>58</ns3:cad>
          </ns3:TrackPointExtension>
        </extensions>
      </trkpt>
      <trkpt lat="42.2699784301221370697021484375" lon="-4.4542953930795192718505859375">
        <ele>769.5999755859375</ele>
        <time>2025-09-28T05:42:40.000Z</time>
        <extensions>
          <ns3:TrackPointExtension>
            <ns3:hr>96</ns3:hr>
            <ns3:cad>58</ns3:cad>
          </ns3:TrackPointExtension>
        </extensions>
      </trkpt>
      <trkpt lat="42.27004925720393657684326171875" lon="-4.4544774480164051055908203125">
        <ele>769.79998779296875</ele>
        <time>2025-09-28T05:42:52.000Z</time>
        <extensions>
          <ns3:TrackPointExtension>
            <ns3:hr>95</ns3:hr>
            <ns3:cad>59</ns3:cad>
          </ns3:TrackPointExtension>
        </extensions>
      </trkpt>
      <trkpt lat="42.2701259516179561614990234375" lon="-4.45467174053192138671875">
        <ele>769.79998779296875</ele>
        <time>2025-09-28T05:43:05.000Z</time>
        <extensions>
          <ns3:TrackPointExtension>
            <ns3:hr>95</ns3:hr>
            <ns3:cad>58</ns3:cad>
          </ns3:TrackPointExtension>
        </extensions>
      </trkpt>
      <trkpt lat="42.27017934434115886688232421875" lon="-4.454826302826404571533203125">
        <ele>769.79998779296875</ele>
        <time>2025-09-28T05:43:16.000Z</time>
        <extensions>
          <ns3:TrackPointExtension>
            <ns3:hr>96</ns3:hr>
            <ns3:cad>57</ns3:cad>
          </ns3:TrackPointExtension>
        </extensions>
      </trkpt>
      <trkpt lat="42.27024614810943603515625" lon="-4.455006681382656097412109375">
        <ele>770</ele>
        <time>2025-09-28T05:43:28.000Z</time>
        <extensions>
          <ns3:TrackPointExtension>
            <ns3:hr>97</ns3:hr>
            <ns3:cad>58</ns3:cad>
          </ns3:TrackPointExtension>
        </extensions>
      </trkpt>
      <trkpt lat="42.2703096829354763031005859375" lon="-4.455162584781646728515625">
        <ele>770</ele>
        <time>2025-09-28T05:43:39.000Z</time>
        <extensions>
          <ns3:TrackPointExtension>
            <ns3:hr>97</ns3:hr>
            <ns3:cad>57</ns3:cad>
          </ns3:TrackPointExtension>
        </extensions>
      </trkpt>
      <trkpt lat="42.27036307565867900848388671875" lon="-4.4552998803555965423583984375">
        <ele>770</ele>
        <time>2025-09-28T05:43:48.000Z</time>
        <extensions>
          <ns3:TrackPointExtension>
            <ns3:hr>100</ns3:hr>
            <ns3:cad>58</ns3:cad>
          </ns3:TrackPointExtension>
        </extensions>
      </trkpt>
      <trkpt lat="42.27039434015750885009765625" lon="-4.4553696177899837493896484375">
        <ele>770</ele>
        <time>2025-09-28T05:43:53.000Z</time>
        <extensions>
          <ns3:TrackPointExtension>
            <ns3:hr>101</ns3:hr>
            <ns3:cad>58</ns3:cad>
          </ns3:TrackPointExtension>
        </extensions>
      </trkpt>
      <trkpt lat="42.270453684031963348388671875" lon="-4.4555396027863025665283203125">
        <ele>770</ele>
        <time>2025-09-28T05:44:04.000Z</time>
        <extensions>
          <ns3:TrackPointExtension>
            <ns3:hr>102</ns3:hr>
            <ns3:cad>57</ns3:cad>
          </ns3:TrackPointExtension>
        </extensions>
      </trkpt>
      <trkpt lat="42.2705329768359661102294921875" lon="-4.45573414675891399383544921875">
        <ele>770.20001220703125</ele>
        <time>2025-09-28T05:44:17.000Z</time>
        <extensions>
          <ns3:TrackPointExtension>
            <ns3:hr>103</ns3:hr>
            <ns3:cad>57</ns3:cad>
          </ns3:TrackPointExtension>
        </extensions>
      </trkpt>
      <trkpt lat="42.2706171311438083648681640625" lon="-4.455961547791957855224609375">
        <ele>770.20001220703125</ele>
        <time>2025-09-28T05:44:32.000Z</time>
        <extensions>
          <ns3:TrackPointExtension>
            <ns3:hr>103</ns3:hr>
            <ns3:cad>58</ns3:cad>
          </ns3:TrackPointExtension>
        </extensions>
      </trkpt>
      <trkpt lat="42.27062174119055271148681640625" lon="-4.45597462356090545654296875">
        <ele>770.20001220703125</ele>
        <time>2025-09-28T05:44:33.000Z</time>
        <extensions>
          <ns3:TrackPointExtension>
            <ns3:hr>104</ns3:hr>
            <ns3:cad>58</ns3:cad>
          </ns3:TrackPointExtension>
        </extensions>
      </trkpt>
      <trkpt lat="42.27070019580423831939697265625" lon="-4.45620336569845676422119140625">
        <ele>770.20001220703125</ele>
        <time>2025-09-28T05:44:48.000Z</time>
        <extensions>
          <ns3:TrackPointExtension>
            <ns3:hr>103</ns3:hr>
            <ns3:cad>57</ns3:cad>
          </ns3:TrackPointExtension>
        </extensions>
      </trkpt>
      <trkpt lat="42.27075031958520412445068359375" lon="-4.45635189302265644073486328125">
        <ele>770.4000244140625</ele>
        <time>2025-09-28T05:44:58.000Z</time>
        <extensions>
          <ns3:TrackPointExtension>
            <ns3:hr>103</ns3:hr>
            <ns3:cad>57</ns3:cad>
          </ns3:TrackPointExtension>
        </extensions>
      </trkpt>
      <trkpt lat="42.27080027572810649871826171875" lon="-4.456497319042682647705078125">
        <ele>770.4000244140625</ele>
        <time>2025-09-28T05:45:07.000Z</time>
        <extensions>
          <ns3:TrackPointExtension>
            <ns3:hr>101</ns3:hr>
            <ns3:cad>57</ns3:cad>
          </ns3:TrackPointExtension>
        </extensions>
      </trkpt>
      <trkpt lat="42.2708380781114101409912109375" lon="-4.45660519413650035858154296875">
        <ele>770.4000244140625</ele>
        <time>2025-09-28T05:45:14.000Z</time>
        <extensions>
          <ns3:TrackPointExtension>
            <ns3:hr>100</ns3:hr>
            <ns3:cad>58</ns3:cad>
          </ns3:TrackPointExtension>
        </extensions>
      </trkpt>
      <trkpt lat="42.270876131951808929443359375" lon="-4.456711225211620330810546875">
        <ele>770.5999755859375</ele>
        <time>2025-09-28T05:45:21.000Z</time>
        <extensions>
          <ns3:TrackPointExtension>
            <ns3:hr>97</ns3:hr>
            <ns3:cad>57</ns3:cad>
          </ns3:TrackPointExtension>
        </extensions>
      </trkpt>
      <trkpt lat="42.27090069092810153961181640625" lon="-4.456766210496425628662109375">
        <ele>770.5999755859375</ele>
        <time>2025-09-28T05:45:25.000Z</time>
        <extensions>
          <ns3:TrackPointExtension>
            <ns3:hr>93</ns3:hr>
            <ns3:cad>57</ns3:cad>
          </ns3:TrackPointExtension>
        </extensions>
      </trkpt>
      <trkpt lat="42.2709158621728420257568359375" lon="-4.456793703138828277587890625">
        <ele>770.5999755859375</ele>
        <time>2025-09-28T05:45:27.000Z</time>
        <extensions>
          <ns3:TrackPointExtension>
            <ns3:hr>93</ns3:hr>
            <ns3:cad>57</ns3:cad>
          </ns3:TrackPointExtension>
        </extensions>
      </trkpt>
      <trkpt lat="42.27097378112375736236572265625" lon="-4.45696544833481311798095703125">
        <ele>770.5999755859375</ele>
        <time>2025-09-28T05:45:38.000Z</time>
        <extensions>
          <ns3:TrackPointExtension>
            <ns3:hr>93</ns3:hr>
            <ns3:cad>58</ns3:cad>
          </ns3:TrackPointExtension>
        </extensions>
      </trkpt>
      <trkpt lat="42.27100060321390628814697265625" lon="-4.45703870616853237152099609375">
        <ele>770.5999755859375</ele>
        <time>2025-09-28T05:45:43.000Z</time>
        <extensions>
          <ns3:TrackPointExtension>
            <ns3:hr>96</ns3:hr>
            <ns3:cad>58</ns3:cad>
          </ns3:TrackPointExtension>
        </extensions>
      </trkpt>
      <trkpt lat="42.27105014026165008544921875" lon="-4.45718052797019481658935546875">
        <ele>770.79998779296875</ele>
        <time>2025-09-28T05:45:52.000Z</time>
        <extensions>
          <ns3:TrackPointExtension>
            <ns3:hr>98</ns3:hr>
            <ns3:cad>57</ns3:cad>
          </ns3:TrackPointExtension>
        </extensions>
      </trkpt>
      <trkpt lat="42.27110789157450199127197265625" lon="-4.45734900422394275665283203125">
        <ele>770.79998779296875</ele>
        <time>2025-09-28T05:46:03.000Z</time>
        <extensions>
          <ns3:TrackPointExtension>
            <ns3:hr>99</ns3:hr>
            <ns3:cad>58</ns3:cad>
          </ns3:TrackPointExtension>
        </extensions>
      </trkpt>
      <trkpt lat="42.271171174943447113037109375" lon="-4.45750792510807514190673828125">
        <ele>771</ele>
        <time>2025-09-28T05:46:14.000Z</time>
        <extensions>
          <ns3:TrackPointExtension>
            <ns3:hr>99</ns3:hr>
            <ns3:cad>58</ns3:cad>
          </ns3:TrackPointExtension>
        </extensions>
      </trkpt>
      <trkpt lat="42.27122808806598186492919921875" lon="-4.4576454721391201019287109375">
        <ele>771</ele>
        <time>2025-09-28T05:46:23.000Z</time>
        <extensions>
          <ns3:TrackPointExtension>
            <ns3:hr>102</ns3:hr>
            <ns3:cad>58</ns3:cad>
          </ns3:TrackPointExtension>
        </extensions>
      </trkpt>
      <trkpt lat="42.2712598554790019989013671875" lon="-4.457737840712070465087890625">
        <ele>771.20001220703125</ele>
        <time>2025-09-28T05:46:29.000Z</time>
        <extensions>
          <ns3:TrackPointExtension>
            <ns3:hr>102</ns3:hr>
            <ns3:cad>57</ns3:cad>
          </ns3:TrackPointExtension>
        </extensions>
      </trkpt>
      <trkpt lat="42.27133034728467464447021484375" lon="-4.457909166812896728515625">
        <ele>771.20001220703125</ele>
        <time>2025-09-28T05:46:41.000Z</time>
        <extensions>
          <ns3:TrackPointExtension>
            <ns3:hr>105</ns3:hr>
            <ns3:cad>57</ns3:cad>
          </ns3:TrackPointExtension>
        </extensions>
      </trkpt>
      <trkpt lat="42.271388433873653411865234375" lon="-4.45810153149068355560302734375">
        <ele>771.20001220703125</ele>
        <time>2025-09-28T05:46:53.000Z</time>
        <extensions>
          <ns3:TrackPointExtension>
            <ns3:hr>106</ns3:hr>
            <ns3:cad>58</ns3:cad>
          </ns3:TrackPointExtension>
        </extensions>
      </trkpt>
      <trkpt lat="42.27146781049668788909912109375" lon="-4.458303786814212799072265625">
        <ele>771.20001220703125</ele>
        <time>2025-09-28T05:47:07.000Z</time>
        <extensions>
          <ns3:TrackPointExtension>
            <ns3:hr>103</ns3:hr>
            <ns3:cad>58</ns3:cad>
          </ns3:TrackPointExtension>
        </extensions>
      </trkpt>
      <trkpt lat="42.271479628980159759521484375" lon="-4.45833555422723293304443359375">
        <ele>771.20001220703125</ele>
        <time>2025-09-28T05:47:09.000Z</time>
        <extensions>
          <ns3:TrackPointExtension>
            <ns3:hr>103</ns3:hr>
            <ns3:cad>58</ns3:cad>
          </ns3:TrackPointExtension>
        </extensions>
      </trkpt>
      <trkpt lat="42.271560765802860260009765625" lon="-4.4585544057190418243408203125">
        <ele>771.4000244140625</ele>
        <time>2025-09-28T05:47:24.000Z</time>
        <extensions>
          <ns3:TrackPointExtension>
            <ns3:hr>100</ns3:hr>
            <ns3:cad>57</ns3:cad>
          </ns3:TrackPointExtension>
        </extensions>
      </trkpt>
      <trkpt lat="42.271639220416545867919921875" lon="-4.45876370184123516082763671875">
        <ele>771.4000244140625</ele>
        <time>2025-09-28T05:47:38.000Z</time>
        <extensions>
          <ns3:TrackPointExtension>
            <ns3:hr>98</ns3:hr>
            <ns3:cad>57</ns3:cad>
          </ns3:TrackPointExtension>
        </extensions>
      </trkpt>
      <trkpt lat="42.27171893231570720672607421875" lon="-4.4589828886091709136962890625">
        <ele>771.4000244140625</ele>
        <time>2025-09-28T05:47:53.000Z</time>
        <extensions>
          <ns3:TrackPointExtension>
            <ns3:hr>98</ns3:hr>
            <ns3:cad>57</ns3:cad>
          </ns3:TrackPointExtension>
        </extensions>
      </trkpt>
      <trkpt lat="42.27172949351370334625244140625" lon="-4.45901499129831790924072265625">
        <ele>771.4000244140625</ele>
        <time>2025-09-28T05:47:55.000Z</time>
        <extensions>
          <ns3:TrackPointExtension>
            <ns3:hr>98</ns3:hr>
            <ns3:cad>57</ns3:cad>
          </ns3:TrackPointExtension>
        </extensions>
      </trkpt>
      <trkpt lat="42.2717617638409137725830078125" lon="-4.4591121375560760498046875">
        <ele>771.4000244140625</ele>
        <time>2025-09-28T05:48:01.000Z</time>
        <extensions>
          <ns3:TrackPointExtension>
            <ns3:hr>98</ns3:hr>
            <ns3:cad>57</ns3:cad>
          </ns3:TrackPointExtension>
        </extensions>
      </trkpt>
      <trkpt lat="42.2718192636966705322265625" lon="-4.459249265491962432861328125">
        <ele>771.5999755859375</ele>
        <time>2025-09-28T05:48:10.000Z</time>
        <extensions>
          <ns3:TrackPointExtension>
            <ns3:hr>98</ns3:hr>
            <ns3:cad>59</ns3:cad>
          </ns3:TrackPointExtension>
        </extensions>
      </trkpt>
      <trkpt lat="42.27188698947429656982421875" lon="-4.4594281353056430816650390625">
        <ele>771.5999755859375</ele>
        <time>2025-09-28T05:48:22.000Z</time>
        <extensions>
          <ns3:TrackPointExtension>
            <ns3:hr>99</ns3:hr>
            <ns3:cad>59</ns3:cad>
          </ns3:TrackPointExtension>
        </extensions>
      </trkpt>
      <trkpt lat="42.2719247080385684967041015625" lon="-4.45951991714537143707275390625">
        <ele>771.5999755859375</ele>
        <time>2025-09-28T05:48:30.000Z</time>
        <extensions>
          <ns3:TrackPointExtension>
            <ns3:hr>99</ns3:hr>
            <ns3:cad>0</ns3:cad>
          </ns3:TrackPointExtension>
        </extensions>
      </trkpt>
      <trkpt lat="42.271952368319034576416015625" lon="-4.45958361960947513580322265625">
        <ele>771.5999755859375</ele>
        <time>2025-09-28T05:48:36.000Z</time>
        <extensions>
          <ns3:TrackPointExtension>
            <ns3:hr>98</ns3:hr>
            <ns3:cad>55</ns3:cad>
          </ns3:TrackPointExtension>
        </extensions>
      </trkpt>
      <trkpt lat="42.27201850153505802154541015625" lon="-4.45975880138576030731201171875">
        <ele>771.79998779296875</ele>
        <time>2025-09-28T05:48:48.000Z</time>
        <extensions>
          <ns3:TrackPointExtension>
            <ns3:hr>98</ns3:hr>
            <ns3:cad>58</ns3:cad>
          </ns3:TrackPointExtension>
        </extensions>
      </trkpt>
      <trkpt lat="42.27210223674774169921875" lon="-4.4599769823253154754638671875">
        <ele>771.79998779296875</ele>
        <time>2025-09-28T05:49:02.000Z</time>
        <extensions>
          <ns3:TrackPointExtension>
            <ns3:hr>98</ns3:hr>
            <ns3:cad>59</ns3:cad>
          </ns3:TrackPointExtension>
        </extensions>
      </trkpt>
      <trkpt lat="42.27211405523121356964111328125" lon="-4.4600058160722255706787109375">
        <ele>771.79998779296875</ele>
        <time>2025-09-28T05:49:04.000Z</time>
        <extensions>
          <ns3:TrackPointExtension>
            <ns3:hr>98</ns3:hr>
            <ns3:cad>59</ns3:cad>
          </ns3:TrackPointExtension>
        </extensions>
      </trkpt>
      <trkpt lat="42.27218077518045902252197265625" lon="-4.46019063703715801239013671875">
        <ele>771.79998779296875</ele>
        <time>2025-09-28T05:49:16.000Z</time>
        <extensions>
          <ns3:TrackPointExtension>
            <ns3:hr>99</ns3:hr>
            <ns3:cad>59</ns3:cad>
          </ns3:TrackPointExtension>
        </extensions>
      </trkpt>
      <trkpt lat="42.27225537411868572235107421875" lon="-4.46039088070392608642578125">
        <ele>771.5999755859375</ele>
        <time>2025-09-28T05:49:29.000Z</time>
        <extensions>
          <ns3:TrackPointExtension>
            <ns3:hr>98</ns3:hr>
            <ns3:cad>59</ns3:cad>
          </ns3:TrackPointExtension>
        </extensions>
      </trkpt>
      <trkpt lat="42.27232695557177066802978515625" lon="-4.4605953991413116455078125">
        <ele>771.79998779296875</ele>
        <time>2025-09-28T05:49:42.000Z</time>
        <extensions>
          <ns3:TrackPointExtension>
            <ns3:hr>100</ns3:hr>
            <ns3:cad>57</ns3:cad>
          </ns3:TrackPointExtension>
        </extensions>
      </trkpt>
      <trkpt lat="42.2724041528999805450439453125" lon="-4.46080368943512439727783203125">
        <ele>771.79998779296875</ele>
        <time>2025-09-28T05:49:56.000Z</time>
        <extensions>
          <ns3:TrackPointExtension>
            <ns3:hr>99</ns3:hr>
            <ns3:cad>56</ns3:cad>
          </ns3:TrackPointExtension>
        </extensions>
      </trkpt>
      <trkpt lat="42.27248587645590305328369140625" lon="-4.4609861634671688079833984375">
        <ele>772</ele>
        <time>2025-09-28T05:50:09.000Z</time>
        <extensions>
          <ns3:TrackPointExtension>
            <ns3:hr>100</ns3:hr>
            <ns3:cad>58</ns3:cad>
          </ns3:TrackPointExtension>
        </extensions>
      </trkpt>
      <trkpt lat="42.2725459747016429901123046875" lon="-4.46117249317467212677001953125">
        <ele>772</ele>
        <time>2025-09-28T05:50:21.000Z</time>
        <extensions>
          <ns3:TrackPointExtension>
            <ns3:hr>98</ns3:hr>
            <ns3:cad>58</ns3:cad>
          </ns3:TrackPointExtension>
        </extensions>
      </trkpt>
      <trkpt lat="42.27262769825756549835205078125" lon="-4.4614027440547943115234375">
        <ele>772</ele>
        <time>2025-09-28T05:50:36.000Z</time>
        <extensions>
          <ns3:TrackPointExtension>
            <ns3:hr>97</ns3:hr>
            <ns3:cad>58</ns3:cad>
          </ns3:TrackPointExtension>
        </extensions>
      </trkpt>
      <trkpt lat="42.2727124392986297607421875" lon="-4.4616117887198925018310546875">
        <ele>772.20001220703125</ele>
        <time>2025-09-28T05:50:50.000Z</time>
        <extensions>
          <ns3:TrackPointExtension>
            <ns3:hr>97</ns3:hr>
            <ns3:cad>59</ns3:cad>
          </ns3:TrackPointExtension>
        </extensions>
      </trkpt>
      <trkpt lat="42.27279751561582088470458984375" lon="-4.46182854473590850830078125">
        <ele>772.4000244140625</ele>
        <time>2025-09-28T05:51:05.000Z</time>
        <extensions>
          <ns3:TrackPointExtension>
            <ns3:hr>98</ns3:hr>
            <ns3:cad>59</ns3:cad>
          </ns3:TrackPointExtension>
        </extensions>
      </trkpt>
      <trkpt lat="42.2728038020431995391845703125" lon="-4.46184455417096614837646484375">
        <ele>772.4000244140625</ele>
        <time>2025-09-28T05:51:06.000Z</time>
        <extensions>
          <ns3:TrackPointExtension>
            <ns3:hr>97</ns3:hr>
            <ns3:cad>58</ns3:cad>
          </ns3:TrackPointExtension>
        </extensions>
      </trkpt>
      <trkpt lat="42.27287798188626766204833984375" lon="-4.46203717030584812164306640625">
        <ele>772.5999755859375</ele>
        <time>2025-09-28T05:51:19.000Z</time>
        <extensions>
          <ns3:TrackPointExtension>
            <ns3:hr>98</ns3:hr>
            <ns3:cad>57</ns3:cad>
          </ns3:TrackPointExtension>
        </extensions>
      </trkpt>
      <trkpt lat="42.27288636378943920135498046875" lon="-4.4620499946177005767822265625">
        <ele>772.5999755859375</ele>
        <time>2025-09-28T05:51:20.000Z</time>
        <extensions>
          <ns3:TrackPointExtension>
            <ns3:hr>97</ns3:hr>
            <ns3:cad>57</ns3:cad>
          </ns3:TrackPointExtension>
        </extensions>
      </trkpt>
      <trkpt lat="42.272925674915313720703125" lon="-4.46213624440133571624755859375">
        <ele>772.20001220703125</ele>
        <time>2025-09-28T05:51:26.000Z</time>
        <extensions>
          <ns3:TrackPointExtension>
            <ns3:hr>94</ns3:hr>
            <ns3:cad>59</ns3:cad>
          </ns3:TrackPointExtension>
        </extensions>
      </trkpt>
      <trkpt lat="42.2729516588151454925537109375" lon="-4.46219525299966335296630859375">
        <ele>772.20001220703125</ele>
        <time>2025-09-28T05:51:30.000Z</time>
        <extensions>
          <ns3:TrackPointExtension>
            <ns3:hr>94</ns3:hr>
            <ns3:cad>58</ns3:cad>
          </ns3:TrackPointExtension>
        </extensions>
      </trkpt>
      <trkpt lat="42.27302399463951587677001953125" lon="-4.4623755477368831634521484375">
        <ele>772.4000244140625</ele>
        <time>2025-09-28T05:51:42.000Z</time>
        <extensions>
          <ns3:TrackPointExtension>
            <ns3:hr>93</ns3:hr>
            <ns3:cad>58</ns3:cad>
          </ns3:TrackPointExtension>
        </extensions>
      </trkpt>
      <trkpt lat="42.27308836765587329864501953125" lon="-4.4625120051205158233642578125">
        <ele>772.5999755859375</ele>
        <time>2025-09-28T05:51:51.000Z</time>
        <extensions>
          <ns3:TrackPointExtension>
            <ns3:hr>94</ns3:hr>
            <ns3:cad>58</ns3:cad>
          </ns3:TrackPointExtension>
        </extensions>
      </trkpt>
      <trkpt lat="42.27311410009860992431640625" lon="-4.4625666551291942596435546875">
        <ele>772.4000244140625</ele>
        <time>2025-09-28T05:51:55.000Z</time>
        <extensions>
          <ns3:TrackPointExtension>
            <ns3:hr>97</ns3:hr>
            <ns3:cad>59</ns3:cad>
          </ns3:TrackPointExtension>
        </extensions>
      </trkpt>
      <trkpt lat="42.273164056241512298583984375" lon="-4.4626789726316928863525390625">
        <ele>772.5999755859375</ele>
        <time>2025-09-28T05:52:03.000Z</time>
        <extensions>
          <ns3:TrackPointExtension>
            <ns3:hr>99</ns3:hr>
            <ns3:cad>59</ns3:cad>
          </ns3:TrackPointExtension>
        </extensions>
      </trkpt>
      <trkpt lat="42.2732542455196380615234375" lon="-4.4628632068634033203125">
        <ele>772.79998779296875</ele>
        <time>2025-09-28T05:52:16.000Z</time>
        <extensions>
          <ns3:TrackPointExtension>
            <ns3:hr>97</ns3:hr>
            <ns3:cad>58</ns3:cad>
          </ns3:TrackPointExtension>
        </extensions>
      </trkpt>
      <trkpt lat="42.273287437856197357177734375" lon="-4.46292514912784099578857421875">
        <ele>772.79998779296875</ele>
        <time>2025-09-28T05:52:21.000Z</time>
        <extensions>
          <ns3:TrackPointExtension>
            <ns3:hr>94</ns3:hr>
            <ns3:cad>58</ns3:cad>
          </ns3:TrackPointExtension>
        </extensions>
      </trkpt>
      <trkpt lat="42.27333596907556056976318359375" lon="-4.4630145840346813201904296875">
        <ele>772.5999755859375</ele>
        <time>2025-09-28T05:52:28.000Z</time>
        <extensions>
          <ns3:TrackPointExtension>
            <ns3:hr>93</ns3:hr>
            <ns3:cad>59</ns3:cad>
          </ns3:TrackPointExtension>
        </extensions>
      </trkpt>
      <trkpt lat="42.27344267070293426513671875" lon="-4.46321231313049793243408203125">
        <ele>773</ele>
        <time>2025-09-28T05:52:42.000Z</time>
        <extensions>
          <ns3:TrackPointExtension>
            <ns3:hr>92</ns3:hr>
            <ns3:cad>58</ns3:cad>
          </ns3:TrackPointExtension>
        </extensions>
      </trkpt>
      <trkpt lat="42.2735564969480037689208984375" lon="-4.46339436806738376617431640625">
        <ele>772.79998779296875</ele>
        <time>2025-09-28T05:52:56.000Z</time>
        <extensions>
          <ns3:TrackPointExtension>
            <ns3:hr>95</ns3:hr>
            <ns3:cad>59</ns3:cad>
          </ns3:TrackPointExtension>
        </extensions>
      </trkpt>
      <trkpt lat="42.27356337010860443115234375" lon="-4.46340627036988735198974609375">
        <ele>772.79998779296875</ele>
        <time>2025-09-28T05:52:57.000Z</time>
        <extensions>
          <ns3:TrackPointExtension>
            <ns3:hr>95</ns3:hr>
            <ns3:cad>59</ns3:cad>
          </ns3:TrackPointExtension>
        </extensions>
      </trkpt>
      <trkpt lat="42.273657582700252532958984375" lon="-4.4635726511478424072265625">
        <ele>772.79998779296875</ele>
        <time>2025-09-28T05:53:09.000Z</time>
        <extensions>
          <ns3:TrackPointExtension>
            <ns3:hr>95</ns3:hr>
            <ns3:cad>59</ns3:cad>
          </ns3:TrackPointExtension>
        </extensions>
      </trkpt>
      <trkpt lat="42.273779623210430145263671875" lon="-4.463770128786563873291015625">
        <ele>772.79998779296875</ele>
        <time>2025-09-28T05:53:24.000Z</time>
        <extensions>
          <ns3:TrackPointExtension>
            <ns3:hr>94</ns3:hr>
            <ns3:cad>59</ns3:cad>
          </ns3:TrackPointExtension>
        </extensions>
      </trkpt>
      <trkpt lat="42.273888923227787017822265625" lon="-4.46394824422895908355712890625">
        <ele>773</ele>
        <time>2025-09-28T05:53:37.000Z</time>
        <extensions>
          <ns3:TrackPointExtension>
            <ns3:hr>94</ns3:hr>
            <ns3:cad>59</ns3:cad>
          </ns3:TrackPointExtension>
        </extensions>
      </trkpt>
      <trkpt lat="42.2739972174167633056640625" lon="-4.4641287066042423248291015625">
        <ele>773</ele>
        <time>2025-09-28T05:53:51.000Z</time>
        <extensions>
          <ns3:TrackPointExtension>
            <ns3:hr>94</ns3:hr>
            <ns3:cad>58</ns3:cad>
          </ns3:TrackPointExtension>
        </extensions>
      </trkpt>
      <trkpt lat="42.27405195124447345733642578125" lon="-4.4642074964940547943115234375">
        <ele>773</ele>
        <time>2025-09-28T05:54:00.000Z</time>
        <extensions>
          <ns3:TrackPointExtension>
            <ns3:hr>94</ns3:hr>
            <ns3:cad>57</ns3:cad>
          </ns3:TrackPointExtension>
        </extensions>
      </trkpt>
      <trkpt lat="42.27414499036967754364013671875" lon="-4.464341439306735992431640625">
        <ele>772.79998779296875</ele>
        <time>2025-09-28T05:54:11.000Z</time>
        <extensions>
          <ns3:TrackPointExtension>
            <ns3:hr>95</ns3:hr>
            <ns3:cad>58</ns3:cad>
          </ns3:TrackPointExtension>
        </extensions>
      </trkpt>
      <trkpt lat="42.2742428071796894073486328125" lon="-4.46450044400990009307861328125">
        <ele>773</ele>
        <time>2025-09-28T05:54:24.000Z</time>
        <extensions>
          <ns3:TrackPointExtension>
            <ns3:hr>96</ns3:hr>
            <ns3:cad>56</ns3:cad>
          </ns3:TrackPointExtension>
        </extensions>
      </trkpt>
      <trkpt lat="42.27436040528118610382080078125" lon="-4.4646943174302577972412109375">
        <ele>773.20001220703125</ele>
        <time>2025-09-28T05:54:39.000Z</time>
        <extensions>
          <ns3:TrackPointExtension>
            <ns3:hr>98</ns3:hr>
            <ns3:cad>58</ns3:cad>
          </ns3:TrackPointExtension>
        </extensions>
      </trkpt>
      <trkpt lat="42.274367697536945343017578125" lon="-4.464706219732761383056640625">
        <ele>773.20001220703125</ele>
        <time>2025-09-28T05:54:40.000Z</time>
        <extensions>
          <ns3:TrackPointExtension>
            <ns3:hr>98</ns3:hr>
            <ns3:cad>58</ns3:cad>
          </ns3:TrackPointExtension>
        </extensions>
      </trkpt>
      <trkpt lat="42.2744746506214141845703125" lon="-4.46487930603325366973876953125">
        <ele>773.4000244140625</ele>
        <time>2025-09-28T05:54:53.000Z</time>
        <extensions>
          <ns3:TrackPointExtension>
            <ns3:hr>98</ns3:hr>
            <ns3:cad>59</ns3:cad>
          </ns3:TrackPointExtension>
        </extensions>
      </trkpt>
      <trkpt lat="42.274561487138271331787109375" lon="-4.46501500904560089111328125">
        <ele>773.4000244140625</ele>
        <time>2025-09-28T05:55:03.000Z</time>
        <extensions>
          <ns3:TrackPointExtension>
            <ns3:hr>98</ns3:hr>
            <ns3:cad>59</ns3:cad>
          </ns3:TrackPointExtension>
        </extensions>
      </trkpt>
      <trkpt lat="42.274684198200702667236328125" lon="-4.4652062840759754180908203125">
        <ele>773.4000244140625</ele>
        <time>2025-09-28T05:55:18.000Z</time>
        <extensions>
          <ns3:TrackPointExtension>
            <ns3:hr>98</ns3:hr>
            <ns3:cad>59</ns3:cad>
          </ns3:TrackPointExtension>
        </extensions>
      </trkpt>
      <trkpt lat="42.27480112574994564056396484375" lon="-4.465397559106349945068359375">
        <ele>773.20001220703125</ele>
        <time>2025-09-28T05:55:32.000Z</time>
        <extensions>
          <ns3:TrackPointExtension>
            <ns3:hr>96</ns3:hr>
            <ns3:cad>59</ns3:cad>
          </ns3:TrackPointExtension>
        </extensions>
      </trkpt>
      <trkpt lat="42.27491646073758602142333984375" lon="-4.4655640237033367156982421875">
        <ele>773.4000244140625</ele>
        <time>2025-09-28T05:55:45.000Z</time>
        <extensions>
          <ns3:TrackPointExtension>
            <ns3:hr>98</ns3:hr>
            <ns3:cad>59</ns3:cad>
          </ns3:TrackPointExtension>
        </extensions>
      </trkpt>
      <trkpt lat="42.2749901376664638519287109375" lon="-4.4656806997954845428466796875">
        <ele>773.5999755859375</ele>
        <time>2025-09-28T05:55:54.000Z</time>
        <extensions>
          <ns3:TrackPointExtension>
            <ns3:hr>98</ns3:hr>
            <ns3:cad>59</ns3:cad>
          </ns3:TrackPointExtension>
        </extensions>
      </trkpt>
      <trkpt lat="42.27501486428081989288330078125" lon="-4.465722776949405670166015625">
        <ele>773.5999755859375</ele>
        <time>2025-09-28T05:55:57.000Z</time>
        <extensions>
          <ns3:TrackPointExtension>
            <ns3:hr>98</ns3:hr>
            <ns3:cad>59</ns3:cad>
          </ns3:TrackPointExtension>
        </extensions>
      </trkpt>
      <trkpt lat="42.27513539604842662811279296875" lon="-4.46591162122786045074462890625">
        <ele>773.79998779296875</ele>
        <time>2025-09-28T05:56:12.000Z</time>
        <extensions>
          <ns3:TrackPointExtension>
            <ns3:hr>99</ns3:hr>
            <ns3:cad>58</ns3:cad>
          </ns3:TrackPointExtension>
        </extensions>
      </trkpt>
      <trkpt lat="42.27514344267547130584716796875" lon="-4.465925283730030059814453125">
        <ele>773.79998779296875</ele>
        <time>2025-09-28T05:56:13.000Z</time>
        <extensions>
          <ns3:TrackPointExtension>
            <ns3:hr>98</ns3:hr>
            <ns3:cad>58</ns3:cad>
          </ns3:TrackPointExtension>
        </extensions>
      </trkpt>
      <trkpt lat="42.2752556763589382171630859375" lon="-4.46611228398978710174560546875">
        <ele>774</ele>
        <time>2025-09-28T05:56:27.000Z</time>
        <extensions>
          <ns3:TrackPointExtension>
            <ns3:hr>99</ns3:hr>
            <ns3:cad>58</ns3:cad>
          </ns3:TrackPointExtension>
        </extensions>
      </trkpt>
      <trkpt lat="42.27536908350884914398193359375" lon="-4.46629115380346775054931640625">
        <ele>774.20001220703125</ele>
        <time>2025-09-28T05:56:41.000Z</time>
        <extensions>
          <ns3:TrackPointExtension>
            <ns3:hr>99</ns3:hr>
            <ns3:cad>58</ns3:cad>
          </ns3:TrackPointExtension>
        </extensions>
      </trkpt>
      <trkpt lat="42.27546966634690761566162109375" lon="-4.46644471026957035064697265625">
        <ele>774.20001220703125</ele>
        <time>2025-09-28T05:56:53.000Z</time>
        <extensions>
          <ns3:TrackPointExtension>
            <ns3:hr>99</ns3:hr>
            <ns3:cad>59</ns3:cad>
          </ns3:TrackPointExtension>
        </extensions>
      </trkpt>
      <trkpt lat="42.27556471712887287139892578125" lon="-4.4665916450321674346923828125">
        <ele>774.4000244140625</ele>
        <time>2025-09-28T05:57:05.000Z</time>
        <extensions>
          <ns3:TrackPointExtension>
            <ns3:hr>98</ns3:hr>
            <ns3:cad>57</ns3:cad>
          </ns3:TrackPointExtension>
        </extensions>
      </trkpt>
      <trkpt lat="42.27567200548946857452392578125" lon="-4.46676607243716716766357421875">
        <ele>774.4000244140625</ele>
        <time>2025-09-28T05:57:19.000Z</time>
        <extensions>
          <ns3:TrackPointExtension>
            <ns3:hr>97</ns3:hr>
            <ns3:cad>57</ns3:cad>
          </ns3:TrackPointExtension>
        </extensions>
      </trkpt>
      <trkpt lat="42.27569011040031909942626953125" lon="-4.46678954176604747772216796875">
        <ele>774.4000244140625</ele>
        <time>2025-09-28T05:57:21.000Z</time>
        <extensions>
          <ns3:TrackPointExtension>
            <ns3:hr>100</ns3:hr>
            <ns3:cad>57</ns3:cad>
          </ns3:TrackPointExtension>
        </extensions>
      </trkpt>
      <trkpt lat="42.2757138311862945556640625" lon="-4.46682591922581195831298828125">
        <ele>774.5999755859375</ele>
        <time>2025-09-28T05:57:24.000Z</time>
        <extensions>
          <ns3:TrackPointExtension>
            <ns3:hr>99</ns3:hr>
            <ns3:cad>57</ns3:cad>
          </ns3:TrackPointExtension>
        </extensions>
      </trkpt>
      <trkpt lat="42.27578717283904552459716796875" lon="-4.46693672798573970794677734375">
        <ele>774.5999755859375</ele>
        <time>2025-09-28T05:57:33.000Z</time>
        <extensions>
          <ns3:TrackPointExtension>
            <ns3:hr>98</ns3:hr>
            <ns3:cad>58</ns3:cad>
          </ns3:TrackPointExtension>
        </extensions>
      </trkpt>
      <trkpt lat="42.27590502239763736724853515625" lon="-4.46712112985551357269287109375">
        <ele>774.79998779296875</ele>
        <time>2025-09-28T05:57:48.000Z</time>
        <extensions>
          <ns3:TrackPointExtension>
            <ns3:hr>97</ns3:hr>
            <ns3:cad>57</ns3:cad>
          </ns3:TrackPointExtension>
        </extensions>
      </trkpt>
      <trkpt lat="42.275920696556568145751953125" lon="-4.46714795194566249847412109375">
        <ele>775</ele>
        <time>2025-09-28T05:57:50.000Z</time>
        <extensions>
          <ns3:TrackPointExtension>
            <ns3:hr>97</ns3:hr>
            <ns3:cad>58</ns3:cad>
          </ns3:TrackPointExtension>
        </extensions>
      </trkpt>
      <trkpt lat="42.27603058330714702606201171875" lon="-4.4673264026641845703125">
        <ele>775</ele>
        <time>2025-09-28T05:58:04.000Z</time>
        <extensions>
          <ns3:TrackPointExtension>
            <ns3:hr>97</ns3:hr>
            <ns3:cad>58</ns3:cad>
          </ns3:TrackPointExtension>
        </extensions>
      </trkpt>
      <trkpt lat="42.27613602764904499053955078125" lon="-4.46749798022210597991943359375">
        <ele>775.20001220703125</ele>
        <time>2025-09-28T05:58:17.000Z</time>
        <extensions>
          <ns3:TrackPointExtension>
            <ns3:hr>98</ns3:hr>
            <ns3:cad>59</ns3:cad>
          </ns3:TrackPointExtension>
        </extensions>
      </trkpt>
      <trkpt lat="42.27624683640897274017333984375" lon="-4.4676786102354526519775390625">
        <ele>775.4000244140625</ele>
        <time>2025-09-28T05:58:31.000Z</time>
        <extensions>
          <ns3:TrackPointExtension>
            <ns3:hr>98</ns3:hr>
            <ns3:cad>58</ns3:cad>
          </ns3:TrackPointExtension>
        </extensions>
      </trkpt>
      <trkpt lat="42.27634171955287456512451171875" lon="-4.467827640473842620849609375">
        <ele>775.5999755859375</ele>
        <time>2025-09-28T05:58:43.000Z</time>
        <extensions>
          <ns3:TrackPointExtension>
            <ns3:hr>98</ns3:hr>
            <ns3:cad>58</ns3:cad>
          </ns3:TrackPointExtension>
        </extensions>
      </trkpt>
      <trkpt lat="42.2763567231595516204833984375" lon="-4.46785303764045238494873046875">
        <ele>775.5999755859375</ele>
        <time>2025-09-28T05:58:45.000Z</time>
        <extensions>
          <ns3:TrackPointExtension>
            <ns3:hr>98</ns3:hr>
            <ns3:cad>59</ns3:cad>
          </ns3:TrackPointExtension>
        </extensions>
      </trkpt>
      <trkpt lat="42.27646342478692531585693359375" lon="-4.468028135597705841064453125">
        <ele>776</ele>
        <time>2025-09-28T05:58:58.000Z</time>
        <extensions>
          <ns3:TrackPointExtension>
            <ns3:hr>99</ns3:hr>
            <ns3:cad>59</ns3:cad>
          </ns3:TrackPointExtension>
        </extensions>
      </trkpt>
      <trkpt lat="42.27654607035219669342041015625" lon="-4.46816082112491130828857421875">
        <ele>775.79998779296875</ele>
        <time>2025-09-28T05:59:09.000Z</time>
        <extensions>
          <ns3:TrackPointExtension>
            <ns3:hr>101</ns3:hr>
            <ns3:cad>58</ns3:cad>
          </ns3:TrackPointExtension>
        </extensions>
      </trkpt>
      <trkpt lat="42.27663994766771793365478515625" lon="-4.46830381639301776885986328125">
        <ele>776</ele>
        <time>2025-09-28T05:59:20.000Z</time>
        <extensions>
          <ns3:TrackPointExtension>
            <ns3:hr>101</ns3:hr>
            <ns3:cad>59</ns3:cad>
          </ns3:TrackPointExtension>
        </extensions>
      </trkpt>
      <trkpt lat="42.276734076440334320068359375" lon="-4.468456618487834930419921875">
        <ele>776</ele>
        <time>2025-09-28T05:59:32.000Z</time>
        <extensions>
          <ns3:TrackPointExtension>
            <ns3:hr>102</ns3:hr>
            <ns3:cad>59</ns3:cad>
          </ns3:TrackPointExtension>
        </extensions>
      </trkpt>
      <trkpt lat="42.2768110223114490509033203125" lon="-4.4685848616063594818115234375">
        <ele>776.20001220703125</ele>
        <time>2025-09-28T05:59:42.000Z</time>
        <extensions>
          <ns3:TrackPointExtension>
            <ns3:hr>102</ns3:hr>
            <ns3:cad>59</ns3:cad>
          </ns3:TrackPointExtension>
        </extensions>
      </trkpt>
      <trkpt lat="42.2769350744783878326416015625" lon="-4.468766413629055023193359375">
        <ele>776.4000244140625</ele>
        <time>2025-09-28T05:59:56.000Z</time>
        <extensions>
          <ns3:TrackPointExtension>
            <ns3:hr>102</ns3:hr>
            <ns3:cad>59</ns3:cad>
          </ns3:TrackPointExtension>
        </extensions>
      </trkpt>
      <trkpt lat="42.27694454602897167205810546875" lon="-4.46878041140735149383544921875">
        <ele>776.4000244140625</ele>
        <time>2025-09-28T05:59:57.000Z</time>
        <extensions>
          <ns3:TrackPointExtension>
            <ns3:hr>102</ns3:hr>
            <ns3:cad>58</ns3:cad>
          </ns3:TrackPointExtension>
        </extensions>
      </trkpt>
      <trkpt lat="42.27705451659858226776123046875" lon="-4.46896347217261791229248046875">
        <ele>776.20001220703125</ele>
        <time>2025-09-28T06:00:11.000Z</time>
        <extensions>
          <ns3:TrackPointExtension>
            <ns3:hr>101</ns3:hr>
            <ns3:cad>59</ns3:cad>
          </ns3:TrackPointExtension>
        </extensions>
      </trkpt>
      <trkpt lat="42.277177982032299041748046875" lon="-4.46915726177394390106201171875">
        <ele>776.20001220703125</ele>
        <time>2025-09-28T06:00:25.000Z</time>
        <extensions>
          <ns3:TrackPointExtension>
            <ns3:hr>101</ns3:hr>
            <ns3:cad>59</ns3:cad>
          </ns3:TrackPointExtension>
        </extensions>
      </trkpt>
      <trkpt lat="42.2772723622620105743408203125" lon="-4.4693097285926342010498046875">
        <ele>776</ele>
        <time>2025-09-28T06:00:37.000Z</time>
        <extensions>
          <ns3:TrackPointExtension>
            <ns3:hr>100</ns3:hr>
            <ns3:cad>59</ns3:cad>
          </ns3:TrackPointExtension>
        </extensions>
      </trkpt>
      <trkpt lat="42.2773890383541584014892578125" lon="-4.46948650293052196502685546875">
        <ele>775.79998779296875</ele>
        <time>2025-09-28T06:00:51.000Z</time>
        <extensions>
          <ns3:TrackPointExtension>
            <ns3:hr>98</ns3:hr>
            <ns3:cad>59</ns3:cad>
          </ns3:TrackPointExtension>
        </extensions>
      </trkpt>
      <trkpt lat="42.277511246502399444580078125" lon="-4.46967844851315021514892578125">
        <ele>775.5999755859375</ele>
        <time>2025-09-28T06:01:06.000Z</time>
        <extensions>
          <ns3:TrackPointExtension>
            <ns3:hr>99</ns3:hr>
            <ns3:cad>59</ns3:cad>
          </ns3:TrackPointExtension>
        </extensions>
      </trkpt>
      <trkpt lat="42.27751954458653926849365234375" lon="-4.4696916081011295318603515625">
        <ele>775.5999755859375</ele>
        <time>2025-09-28T06:01:07.000Z</time>
        <extensions>
          <ns3:TrackPointExtension>
            <ns3:hr>99</ns3:hr>
            <ns3:cad>59</ns3:cad>
          </ns3:TrackPointExtension>
        </extensions>
      </trkpt>
      <trkpt lat="42.27763420902192592620849609375" lon="-4.46986687369644641876220703125">
        <ele>775.5999755859375</ele>
        <time>2025-09-28T06:01:21.000Z</time>
        <extensions>
          <ns3:TrackPointExtension>
            <ns3:hr>97</ns3:hr>
            <ns3:cad>58</ns3:cad>
          </ns3:TrackPointExtension>
        </extensions>
      </trkpt>
      <trkpt lat="42.2777469456195831298828125" lon="-4.470047838985919952392578125">
        <ele>775.5999755859375</ele>
        <time>2025-09-28T06:01:35.000Z</time>
        <extensions>
          <ns3:TrackPointExtension>
            <ns3:hr>98</ns3:hr>
            <ns3:cad>59</ns3:cad>
          </ns3:TrackPointExtension>
        </extensions>
      </trkpt>
      <trkpt lat="42.27786420844495296478271484375" lon="-4.470248334109783172607421875">
        <ele>775.5999755859375</ele>
        <time>2025-09-28T06:01:50.000Z</time>
        <extensions>
          <ns3:TrackPointExtension>
            <ns3:hr>96</ns3:hr>
            <ns3:cad>59</ns3:cad>
          </ns3:TrackPointExtension>
        </extensions>
      </trkpt>
      <trkpt lat="42.2779694013297557830810546875" lon="-4.4704149663448333740234375">
        <ele>775.79998779296875</ele>
        <time>2025-09-28T06:02:03.000Z</time>
        <extensions>
          <ns3:TrackPointExtension>
            <ns3:hr>96</ns3:hr>
            <ns3:cad>59</ns3:cad>
          </ns3:TrackPointExtension>
        </extensions>
      </trkpt>
      <trkpt lat="42.2780820541083812713623046875" lon="-4.4705774076282978057861328125">
        <ele>775.79998779296875</ele>
        <time>2025-09-28T06:02:16.000Z</time>
        <extensions>
          <ns3:TrackPointExtension>
            <ns3:hr>96</ns3:hr>
            <ns3:cad>59</ns3:cad>
          </ns3:TrackPointExtension>
        </extensions>
      </trkpt>
      <trkpt lat="42.2781967185437679290771484375" lon="-4.47077329270541667938232421875">
        <ele>775.79998779296875</ele>
        <time>2025-09-28T06:02:30.000Z</time>
        <extensions>
          <ns3:TrackPointExtension>
            <ns3:hr>97</ns3:hr>
            <ns3:cad>59</ns3:cad>
          </ns3:TrackPointExtension>
        </extensions>
      </trkpt>
      <trkpt lat="42.27823116816580295562744140625" lon="-4.47082526050508022308349609375">
        <ele>775.79998779296875</ele>
        <time>2025-09-28T06:02:34.000Z</time>
        <extensions>
          <ns3:TrackPointExtension>
            <ns3:hr>97</ns3:hr>
            <ns3:cad>59</ns3:cad>
          </ns3:TrackPointExtension>
        </extensions>
      </trkpt>
      <trkpt lat="42.27835002355277538299560546875" lon="-4.47100480087101459503173828125">
        <ele>775.79998779296875</ele>
        <time>2025-09-28T06:02:48.000Z</time>
        <extensions>
          <ns3:TrackPointExtension>
            <ns3:hr>98</ns3:hr>
            <ns3:cad>59</ns3:cad>
          </ns3:TrackPointExtension>
        </extensions>
      </trkpt>
      <trkpt lat="42.2784592397511005401611328125" lon="-4.47117813862860202789306640625">
        <ele>776</ele>
        <time>2025-09-28T06:03:02.000Z</time>
        <extensions>
          <ns3:TrackPointExtension>
            <ns3:hr>100</ns3:hr>
            <ns3:cad>59</ns3:cad>
          </ns3:TrackPointExtension>
        </extensions>
      </trkpt>
      <trkpt lat="42.27855621837079524993896484375" lon="-4.47134024463593959808349609375">
        <ele>776</ele>
        <time>2025-09-28T06:03:14.000Z</time>
        <extensions>
          <ns3:TrackPointExtension>
            <ns3:hr>99</ns3:hr>
            <ns3:cad>59</ns3:cad>
          </ns3:TrackPointExtension>
        </extensions>
      </trkpt>
      <trkpt lat="42.2786389477550983428955078125" lon="-4.471472762525081634521484375">
        <ele>776</ele>
        <time>2025-09-28T06:03:24.000Z</time>
        <extensions>
          <ns3:TrackPointExtension>
            <ns3:hr>97</ns3:hr>
            <ns3:cad>59</ns3:cad>
          </ns3:TrackPointExtension>
        </extensions>
      </trkpt>
      <trkpt lat="42.278741709887981414794921875" lon="-4.471616931259632110595703125">
        <ele>776</ele>
        <time>2025-09-28T06:03:36.000Z</time>
        <extensions>
          <ns3:TrackPointExtension>
            <ns3:hr>97</ns3:hr>
            <ns3:cad>59</ns3:cad>
          </ns3:TrackPointExtension>
        </extensions>
      </trkpt>
      <trkpt lat="42.27882930077612400054931640625" lon="-4.47173318825662136077880859375">
        <ele>776.4000244140625</ele>
        <time>2025-09-28T06:03:46.000Z</time>
        <extensions>
          <ns3:TrackPointExtension>
            <ns3:hr>98</ns3:hr>
            <ns3:cad>57</ns3:cad>
          </ns3:TrackPointExtension>
        </extensions>
      </trkpt>
      <trkpt lat="42.27890725247561931610107421875" lon="-4.47186847217381000518798828125">
        <ele>776.20001220703125</ele>
        <time>2025-09-28T06:03:56.000Z</time>
        <extensions>
          <ns3:TrackPointExtension>
            <ns3:hr>98</ns3:hr>
            <ns3:cad>59</ns3:cad>
          </ns3:TrackPointExtension>
        </extensions>
      </trkpt>
      <trkpt lat="42.27901403792202472686767578125" lon="-4.47204248048365116119384765625">
        <ele>776.4000244140625</ele>
        <time>2025-09-28T06:04:09.000Z</time>
        <extensions>
          <ns3:TrackPointExtension>
            <ns3:hr>99</ns3:hr>
            <ns3:cad>59</ns3:cad>
          </ns3:TrackPointExtension>
        </extensions>
      </trkpt>
      <trkpt lat="42.27913834154605865478515625" lon="-4.472243897616863250732421875">
        <ele>776.20001220703125</ele>
        <time>2025-09-28T06:04:24.000Z</time>
        <extensions>
          <ns3:TrackPointExtension>
            <ns3:hr>98</ns3:hr>
            <ns3:cad>59</ns3:cad>
          </ns3:TrackPointExtension>
        </extensions>
      </trkpt>
      <trkpt lat="42.27914747782051563262939453125" lon="-4.472258649766445159912109375">
        <ele>776.4000244140625</ele>
        <time>2025-09-28T06:04:25.000Z</time>
        <extensions>
          <ns3:TrackPointExtension>
            <ns3:hr>98</ns3:hr>
            <ns3:cad>59</ns3:cad>
          </ns3:TrackPointExtension>
        </extensions>
      </trkpt>
      <trkpt lat="42.279257364571094512939453125" lon="-4.47242997586727142333984375">
        <ele>776.5999755859375</ele>
        <time>2025-09-28T06:04:38.000Z</time>
        <extensions>
          <ns3:TrackPointExtension>
            <ns3:hr>99</ns3:hr>
            <ns3:cad>59</ns3:cad>
          </ns3:TrackPointExtension>
        </extensions>
      </trkpt>
      <trkpt lat="42.279294915497303009033203125" lon="-4.47249828837811946868896484375">
        <ele>776.5999755859375</ele>
        <time>2025-09-28T06:04:43.000Z</time>
        <extensions>
          <ns3:TrackPointExtension>
            <ns3:hr>102</ns3:hr>
            <ns3:cad>59</ns3:cad>
          </ns3:TrackPointExtension>
        </extensions>
      </trkpt>
      <trkpt lat="42.2793544270098209381103515625" lon="-4.47259065695106983184814453125">
        <ele>776.79998779296875</ele>
        <time>2025-09-28T06:04:50.000Z</time>
        <extensions>
          <ns3:TrackPointExtension>
            <ns3:hr>102</ns3:hr>
            <ns3:cad>59</ns3:cad>
          </ns3:TrackPointExtension>
        </extensions>
      </trkpt>
      <trkpt lat="42.27941670455038547515869140625" lon="-4.47269945405423641204833984375">
        <ele>776.79998779296875</ele>
        <time>2025-09-28T06:04:58.000Z</time>
        <extensions>
          <ns3:TrackPointExtension>
            <ns3:hr>102</ns3:hr>
            <ns3:cad>59</ns3:cad>
          </ns3:TrackPointExtension>
        </extensions>
      </trkpt>
      <trkpt lat="42.27952164597809314727783203125" lon="-4.47285921312868595123291015625">
        <ele>777</ele>
        <time>2025-09-28T06:05:11.000Z</time>
        <extensions>
          <ns3:TrackPointExtension>
            <ns3:hr>102</ns3:hr>
            <ns3:cad>58</ns3:cad>
          </ns3:TrackPointExtension>
        </extensions>
      </trkpt>
      <trkpt lat="42.27962457574903964996337890625" lon="-4.47301126085221767425537109375">
        <ele>777.20001220703125</ele>
        <time>2025-09-28T06:05:23.000Z</time>
        <extensions>
          <ns3:TrackPointExtension>
            <ns3:hr>103</ns3:hr>
            <ns3:cad>58</ns3:cad>
          </ns3:TrackPointExtension>
        </extensions>
      </trkpt>
      <trkpt lat="42.279734797775745391845703125" lon="-4.47318543680012226104736328125">
        <ele>777.20001220703125</ele>
        <time>2025-09-28T06:05:36.000Z</time>
        <extensions>
          <ns3:TrackPointExtension>
            <ns3:hr>104</ns3:hr>
            <ns3:cad>59</ns3:cad>
          </ns3:TrackPointExtension>
        </extensions>
      </trkpt>
      <trkpt lat="42.279856167733669281005859375" lon="-4.4733833335340023040771484375">
        <ele>777.4000244140625</ele>
        <time>2025-09-28T06:05:51.000Z</time>
        <extensions>
          <ns3:TrackPointExtension>
            <ns3:hr>105</ns3:hr>
            <ns3:cad>59</ns3:cad>
          </ns3:TrackPointExtension>
        </extensions>
      </trkpt>
      <trkpt lat="42.2799585945904254913330078125" lon="-4.47352959774434566497802734375">
        <ele>777.5999755859375</ele>
        <time>2025-09-28T06:06:03.000Z</time>
        <extensions>
          <ns3:TrackPointExtension>
            <ns3:hr>104</ns3:hr>
            <ns3:cad>58</ns3:cad>
          </ns3:TrackPointExtension>
        </extensions>
      </trkpt>
      <trkpt lat="42.279984243214130401611328125" lon="-4.47356983087956905364990234375">
        <ele>777.5999755859375</ele>
        <time>2025-09-28T06:06:06.000Z</time>
        <extensions>
          <ns3:TrackPointExtension>
            <ns3:hr>104</ns3:hr>
            <ns3:cad>57</ns3:cad>
          </ns3:TrackPointExtension>
        </extensions>
      </trkpt>
      <trkpt lat="42.2800548188388347625732421875" lon="-4.4736877642571926116943359375">
        <ele>777.79998779296875</ele>
        <time>2025-09-28T06:06:15.000Z</time>
        <extensions>
          <ns3:TrackPointExtension>
            <ns3:hr>101</ns3:hr>
            <ns3:cad>58</ns3:cad>
          </ns3:TrackPointExtension>
        </extensions>
      </trkpt>
      <trkpt lat="42.28008390404284000396728515625" lon="-4.4737266562879085540771484375">
        <ele>777.79998779296875</ele>
        <time>2025-09-28T06:06:18.000Z</time>
        <extensions>
          <ns3:TrackPointExtension>
            <ns3:hr>101</ns3:hr>
            <ns3:cad>58</ns3:cad>
          </ns3:TrackPointExtension>
        </extensions>
      </trkpt>
      <trkpt lat="42.280155234038829803466796875" lon="-4.47382581420242786407470703125">
        <ele>777.79998779296875</ele>
        <time>2025-09-28T06:06:26.000Z</time>
        <extensions>
          <ns3:TrackPointExtension>
            <ns3:hr>101</ns3:hr>
            <ns3:cad>58</ns3:cad>
          </ns3:TrackPointExtension>
        </extensions>
      </trkpt>
      <trkpt lat="42.2802566550672054290771484375" lon="-4.47399965487420558929443359375">
        <ele>778</ele>
        <time>2025-09-28T06:06:39.000Z</time>
        <extensions>
          <ns3:TrackPointExtension>
            <ns3:hr>101</ns3:hr>
            <ns3:cad>59</ns3:cad>
          </ns3:TrackPointExtension>
        </extensions>
      </trkpt>
      <trkpt lat="42.28035514242947101593017578125" lon="-4.47414918802678585052490234375">
        <ele>778.20001220703125</ele>
        <time>2025-09-28T06:06:51.000Z</time>
        <extensions>
          <ns3:TrackPointExtension>
            <ns3:hr>101</ns3:hr>
            <ns3:cad>58</ns3:cad>
          </ns3:TrackPointExtension>
        </extensions>
      </trkpt>
      <trkpt lat="42.28044616989791393280029296875" lon="-4.47430022992193698883056640625">
        <ele>778</ele>
        <time>2025-09-28T06:07:02.000Z</time>
        <extensions>
          <ns3:TrackPointExtension>
            <ns3:hr>100</ns3:hr>
            <ns3:cad>59</ns3:cad>
          </ns3:TrackPointExtension>
        </extensions>
      </trkpt>
      <trkpt lat="42.28056318126618862152099609375" lon="-4.4744967855513095855712890625">
        <ele>777.79998779296875</ele>
        <time>2025-09-28T06:07:16.000Z</time>
        <extensions>
          <ns3:TrackPointExtension>
            <ns3:hr>99</ns3:hr>
            <ns3:cad>59</ns3:cad>
          </ns3:TrackPointExtension>
        </extensions>
      </trkpt>
      <trkpt lat="42.280673570930957794189453125" lon="-4.474675655364990234375">
        <ele>777.79998779296875</ele>
        <time>2025-09-28T06:07:30.000Z</time>
        <extensions>
          <ns3:TrackPointExtension>
            <ns3:hr>97</ns3:hr>
            <ns3:cad>59</ns3:cad>
          </ns3:TrackPointExtension>
        </extensions>
      </trkpt>
      <trkpt lat="42.28075847961008548736572265625" lon="-4.47481303475797176361083984375">
        <ele>777.79998779296875</ele>
        <time>2025-09-28T06:07:40.000Z</time>
        <extensions>
          <ns3:TrackPointExtension>
            <ns3:hr>94</ns3:hr>
            <ns3:cad>59</ns3:cad>
          </ns3:TrackPointExtension>
        </extensions>
      </trkpt>
      <trkpt lat="42.28079200722277164459228515625" lon="-4.4748639129102230072021484375">
        <ele>777.5999755859375</ele>
        <time>2025-09-28T06:07:44.000Z</time>
        <extensions>
          <ns3:TrackPointExtension>
            <ns3:hr>94</ns3:hr>
            <ns3:cad>59</ns3:cad>
          </ns3:TrackPointExtension>
        </extensions>
      </trkpt>
      <trkpt lat="42.280904911458492279052734375" lon="-4.47502559982240200042724609375">
        <ele>777.79998779296875</ele>
        <time>2025-09-28T06:07:57.000Z</time>
        <extensions>
          <ns3:TrackPointExtension>
            <ns3:hr>95</ns3:hr>
            <ns3:cad>59</ns3:cad>
          </ns3:TrackPointExtension>
        </extensions>
      </trkpt>
      <trkpt lat="42.28101479820907115936279296875" lon="-4.475203715264797210693359375">
        <ele>777.79998779296875</ele>
        <time>2025-09-28T06:08:10.000Z</time>
        <extensions>
          <ns3:TrackPointExtension>
            <ns3:hr>97</ns3:hr>
            <ns3:cad>60</ns3:cad>
          </ns3:TrackPointExtension>
        </extensions>
      </trkpt>
      <trkpt lat="42.28113633580505847930908203125" lon="-4.4753879494965076446533203125">
        <ele>777.79998779296875</ele>
        <time>2025-09-28T06:08:24.000Z</time>
        <extensions>
          <ns3:TrackPointExtension>
            <ns3:hr>97</ns3:hr>
            <ns3:cad>60</ns3:cad>
          </ns3:TrackPointExtension>
        </extensions>
      </trkpt>
      <trkpt lat="42.281238175928592681884765625" lon="-4.47556287981569766998291015625">
        <ele>777.5999755859375</ele>
        <time>2025-09-28T06:08:37.000Z</time>
        <extensions>
          <ns3:TrackPointExtension>
            <ns3:hr>96</ns3:hr>
            <ns3:cad>59</ns3:cad>
          </ns3:TrackPointExtension>
        </extensions>
      </trkpt>
      <trkpt lat="42.281358540058135986328125" lon="-4.47574895806610584259033203125">
        <ele>777.79998779296875</ele>
        <time>2025-09-28T06:08:51.000Z</time>
        <extensions>
          <ns3:TrackPointExtension>
            <ns3:hr>96</ns3:hr>
            <ns3:cad>59</ns3:cad>
          </ns3:TrackPointExtension>
        </extensions>
      </trkpt>
      <trkpt lat="42.28136667050421237945556640625" lon="-4.47576354257762432098388671875">
        <ele>777.79998779296875</ele>
        <time>2025-09-28T06:08:52.000Z</time>
        <extensions>
          <ns3:TrackPointExtension>
            <ns3:hr>96</ns3:hr>
            <ns3:cad>59</ns3:cad>
          </ns3:TrackPointExtension>
        </extensions>
      </trkpt>
      <trkpt lat="42.28148837573826313018798828125" lon="-4.47594660334289073944091796875">
        <ele>777.5999755859375</ele>
        <time>2025-09-28T06:09:06.000Z</time>
        <extensions>
          <ns3:TrackPointExtension>
            <ns3:hr>96</ns3:hr>
            <ns3:cad>59</ns3:cad>
          </ns3:TrackPointExtension>
        </extensions>
      </trkpt>
      <trkpt lat="42.28158527053892612457275390625" lon="-4.4760839827358722686767578125">
        <ele>777.5999755859375</ele>
        <time>2025-09-28T06:09:17.000Z</time>
        <extensions>
          <ns3:TrackPointExtension>
            <ns3:hr>99</ns3:hr>
            <ns3:cad>59</ns3:cad>
          </ns3:TrackPointExtension>
        </extensions>
      </trkpt>
      <trkpt lat="42.28160337544977664947509765625" lon="-4.476111643016338348388671875">
        <ele>777.5999755859375</ele>
        <time>2025-09-28T06:09:19.000Z</time>
        <extensions>
          <ns3:TrackPointExtension>
            <ns3:hr>99</ns3:hr>
            <ns3:cad>59</ns3:cad>
          </ns3:TrackPointExtension>
        </extensions>
      </trkpt>
      <trkpt lat="42.2816792316734790802001953125" lon="-4.47623393498361110687255859375">
        <ele>777.5999755859375</ele>
        <time>2025-09-28T06:09:30.000Z</time>
        <extensions>
          <ns3:TrackPointExtension>
            <ns3:hr>99</ns3:hr>
            <ns3:cad>0</ns3:cad>
          </ns3:TrackPointExtension>
        </extensions>
      </trkpt>
      <trkpt lat="42.281704209744930267333984375" lon="-4.47628431022167205810546875">
        <ele>777.5999755859375</ele>
        <time>2025-09-28T06:09:35.000Z</time>
        <extensions>
          <ns3:TrackPointExtension>
            <ns3:hr>98</ns3:hr>
            <ns3:cad>57</ns3:cad>
          </ns3:TrackPointExtension>
        </extensions>
      </trkpt>
      <trkpt lat="42.28178727440536022186279296875" lon="-4.476417414844036102294921875">
        <ele>778</ele>
        <time>2025-09-28T06:09:46.000Z</time>
        <extensions>
          <ns3:TrackPointExtension>
            <ns3:hr>97</ns3:hr>
            <ns3:cad>58</ns3:cad>
          </ns3:TrackPointExtension>
        </extensions>
      </trkpt>
      <trkpt lat="42.2817965783178806304931640625" lon="-4.4764276407659053802490234375">
        <ele>778.20001220703125</ele>
        <time>2025-09-28T06:09:53.000Z</time>
        <extensions>
          <ns3:TrackPointExtension>
            <ns3:hr>97</ns3:hr>
            <ns3:cad>0</ns3:cad>
          </ns3:TrackPointExtension>
        </extensions>
      </trkpt>
      <trkpt lat="42.281865142285823822021484375" lon="-4.4765357673168182373046875">
        <ele>777.5999755859375</ele>
        <time>2025-09-28T06:10:01.000Z</time>
        <extensions>
          <ns3:TrackPointExtension>
            <ns3:hr>96</ns3:hr>
            <ns3:cad>59</ns3:cad>
          </ns3:TrackPointExtension>
        </extensions>
      </trkpt>
      <trkpt lat="42.2819632105529308319091796875" lon="-4.4766806066036224365234375">
        <ele>777.5999755859375</ele>
        <time>2025-09-28T06:10:12.000Z</time>
        <extensions>
          <ns3:TrackPointExtension>
            <ns3:hr>96</ns3:hr>
            <ns3:cad>59</ns3:cad>
          </ns3:TrackPointExtension>
        </extensions>
      </trkpt>
      <trkpt lat="42.28204376064240932464599609375" lon="-4.47682636789977550506591796875">
        <ele>777.4000244140625</ele>
        <time>2025-09-28T06:10:23.000Z</time>
        <extensions>
          <ns3:TrackPointExtension>
            <ns3:hr>95</ns3:hr>
            <ns3:cad>58</ns3:cad>
          </ns3:TrackPointExtension>
        </extensions>
      </trkpt>
      <trkpt lat="42.2821285016834735870361328125" lon="-4.4769768230617046356201171875">
        <ele>777.5999755859375</ele>
        <time>2025-09-28T06:10:34.000Z</time>
        <extensions>
          <ns3:TrackPointExtension>
            <ns3:hr>97</ns3:hr>
            <ns3:cad>59</ns3:cad>
          </ns3:TrackPointExtension>
        </extensions>
      </trkpt>
      <trkpt lat="42.28222330100834369659423828125" lon="-4.47710112668573856353759765625">
        <ele>777.5999755859375</ele>
        <time>2025-09-28T06:10:45.000Z</time>
        <extensions>
          <ns3:TrackPointExtension>
            <ns3:hr>99</ns3:hr>
            <ns3:cad>0</ns3:cad>
          </ns3:TrackPointExtension>
        </extensions>
      </trkpt>
      <trkpt lat="42.2822180204093456268310546875" lon="-4.477102719247341156005859375">
        <ele>778</ele>
        <time>2025-09-28T06:10:52.000Z</time>
        <extensions>
          <ns3:TrackPointExtension>
            <ns3:hr>101</ns3:hr>
            <ns3:cad>0</ns3:cad>
          </ns3:TrackPointExtension>
        </extensions>
      </trkpt>
      <trkpt lat="42.28221726603806018829345703125" lon="-4.477103054523468017578125">
        <ele>778.4000244140625</ele>
        <time>2025-09-28T06:11:02.000Z</time>
        <extensions>
          <ns3:TrackPointExtension>
            <ns3:hr>98</ns3:hr>
            <ns3:cad>0</ns3:cad>
          </ns3:TrackPointExtension>
        </extensions>
      </trkpt>
      <trkpt lat="42.28221726603806018829345703125" lon="-4.477103054523468017578125">
        <ele>778.20001220703125</ele>
        <time>2025-09-28T06:11:06.000Z</time>
        <extensions>
          <ns3:TrackPointExtension>
            <ns3:hr>95</ns3:hr>
            <ns3:cad>0</ns3:cad>
          </ns3:TrackPointExtension>
        </extensions>
      </trkpt>
      <trkpt lat="42.28221726603806018829345703125" lon="-4.477103054523468017578125">
        <ele>778</ele>
        <time>2025-09-28T06:11:09.000Z</time>
        <extensions>
          <ns3:TrackPointExtension>
            <ns3:hr>93</ns3:hr>
            <ns3:cad>0</ns3:cad>
          </ns3:TrackPointExtension>
        </extensions>
      </trkpt>
      <trkpt lat="42.28224031627178192138671875" lon="-4.4771283678710460662841796875">
        <ele>777.5999755859375</ele>
        <time>2025-09-28T06:11:16.000Z</time>
        <extensions>
          <ns3:TrackPointExtension>
            <ns3:hr>92</ns3:hr>
            <ns3:cad>0</ns3:cad>
          </ns3:TrackPointExtension>
        </extensions>
      </trkpt>
      <trkpt lat="42.28228264488279819488525390625" lon="-4.47720162570476531982421875">
        <ele>777.79998779296875</ele>
        <time>2025-09-28T06:11:22.000Z</time>
        <extensions>
          <ns3:TrackPointExtension>
            <ns3:hr>95</ns3:hr>
            <ns3:cad>57</ns3:cad>
          </ns3:TrackPointExtension>
        </extensions>
      </trkpt>
      <trkpt lat="42.28233913891017436981201171875" lon="-4.47728854604065418243408203125">
        <ele>777.79998779296875</ele>
        <time>2025-09-28T06:11:29.000Z</time>
        <extensions>
          <ns3:TrackPointExtension>
            <ns3:hr>96</ns3:hr>
            <ns3:cad>58</ns3:cad>
          </ns3:TrackPointExtension>
        </extensions>
      </trkpt>
      <trkpt lat="42.28242949582636356353759765625" lon="-4.47744461707770824432373046875">
        <ele>778</ele>
        <time>2025-09-28T06:11:41.000Z</time>
        <extensions>
          <ns3:TrackPointExtension>
            <ns3:hr>95</ns3:hr>
            <ns3:cad>58</ns3:cad>
          </ns3:TrackPointExtension>
        </extensions>
      </trkpt>
      <trkpt lat="42.2824875824153423309326171875" lon="-4.47752751410007476806640625">
        <ele>778.20001220703125</ele>
        <time>2025-09-28T06:11:48.000Z</time>
        <extensions>
          <ns3:TrackPointExtension>
            <ns3:hr>99</ns3:hr>
            <ns3:cad>57</ns3:cad>
          </ns3:TrackPointExtension>
        </extensions>
      </trkpt>
      <trkpt lat="42.28252706117928028106689453125" lon="-4.47759398259222507476806640625">
        <ele>778.4000244140625</ele>
        <time>2025-09-28T06:11:53.000Z</time>
        <extensions>
          <ns3:TrackPointExtension>
            <ns3:hr>99</ns3:hr>
            <ns3:cad>57</ns3:cad>
          </ns3:TrackPointExtension>
        </extensions>
      </trkpt>
      <trkpt lat="42.28260166011750698089599609375" lon="-4.4777026958763599395751953125">
        <ele>778.5999755859375</ele>
        <time>2025-09-28T06:12:02.000Z</time>
        <extensions>
          <ns3:TrackPointExtension>
            <ns3:hr>100</ns3:hr>
            <ns3:cad>57</ns3:cad>
          </ns3:TrackPointExtension>
        </extensions>
      </trkpt>
      <trkpt lat="42.28261590935289859771728515625" lon="-4.477722644805908203125">
        <ele>778.5999755859375</ele>
        <time>2025-09-28T06:12:04.000Z</time>
        <extensions>
          <ns3:TrackPointExtension>
            <ns3:hr>100</ns3:hr>
            <ns3:cad>57</ns3:cad>
          </ns3:TrackPointExtension>
        </extensions>
      </trkpt>
      <trkpt lat="42.282727472484111785888671875" lon="-4.4778867624700069427490234375">
        <ele>778.79998779296875</ele>
        <time>2025-09-28T06:12:17.000Z</time>
        <extensions>
          <ns3:TrackPointExtension>
            <ns3:hr>99</ns3:hr>
            <ns3:cad>57</ns3:cad>
          </ns3:TrackPointExtension>
        </extensions>
      </trkpt>
      <trkpt lat="42.28279779665172100067138671875" lon="-4.47800092399120330810546875">
        <ele>778.5999755859375</ele>
        <time>2025-09-28T06:12:26.000Z</time>
        <extensions>
          <ns3:TrackPointExtension>
            <ns3:hr>98</ns3:hr>
            <ns3:cad>59</ns3:cad>
          </ns3:TrackPointExtension>
        </extensions>
      </trkpt>
      <trkpt lat="42.28288429789245128631591796875" lon="-4.47814232669770717620849609375">
        <ele>778.79998779296875</ele>
        <time>2025-09-28T06:12:37.000Z</time>
        <extensions>
          <ns3:TrackPointExtension>
            <ns3:hr>97</ns3:hr>
            <ns3:cad>58</ns3:cad>
          </ns3:TrackPointExtension>
        </extensions>
      </trkpt>
      <trkpt lat="42.28300516493618488311767578125" lon="-4.478338547050952911376953125">
        <ele>779</ele>
        <time>2025-09-28T06:12:52.000Z</time>
        <extensions>
          <ns3:TrackPointExtension>
            <ns3:hr>97</ns3:hr>
            <ns3:cad>58</ns3:cad>
          </ns3:TrackPointExtension>
        </extensions>
      </trkpt>
      <trkpt lat="42.2830136306583881378173828125" lon="-4.478351958096027374267578125">
        <ele>779</ele>
        <time>2025-09-28T06:12:53.000Z</time>
        <extensions>
          <ns3:TrackPointExtension>
            <ns3:hr>97</ns3:hr>
            <ns3:cad>58</ns3:cad>
          </ns3:TrackPointExtension>
        </extensions>
      </trkpt>
      <trkpt lat="42.283135168254375457763671875" lon="-4.4785420596599578857421875">
        <ele>779</ele>
        <time>2025-09-28T06:13:07.000Z</time>
        <extensions>
          <ns3:TrackPointExtension>
            <ns3:hr>96</ns3:hr>
            <ns3:cad>59</ns3:cad>
          </ns3:TrackPointExtension>
        </extensions>
      </trkpt>
      <trkpt lat="42.2831480763852596282958984375" lon="-4.47856913320720195770263671875">
        <ele>779</ele>
        <time>2025-09-28T06:13:09.000Z</time>
        <extensions>
          <ns3:TrackPointExtension>
            <ns3:hr>95</ns3:hr>
            <ns3:cad>59</ns3:cad>
          </ns3:TrackPointExtension>
        </extensions>
      </trkpt>
      <trkpt lat="42.28323834948241710662841796875" lon="-4.4787102006375789642333984375">
        <ele>779</ele>
        <time>2025-09-28T06:13:20.000Z</time>
        <extensions>
          <ns3:TrackPointExtension>
            <ns3:hr>95</ns3:hr>
            <ns3:cad>59</ns3:cad>
          </ns3:TrackPointExtension>
        </extensions>
      </trkpt>
      <trkpt lat="42.28333591483533382415771484375" lon="-4.47887406684458255767822265625">
        <ele>779</ele>
        <time>2025-09-28T06:13:32.000Z</time>
        <extensions>
          <ns3:TrackPointExtension>
            <ns3:hr>98</ns3:hr>
            <ns3:cad>59</ns3:cad>
          </ns3:TrackPointExtension>
        </extensions>
      </trkpt>
      <trkpt lat="42.28335217572748661041259765625" lon="-4.4789016433060169219970703125">
        <ele>779.20001220703125</ele>
        <time>2025-09-28T06:13:34.000Z</time>
        <extensions>
          <ns3:TrackPointExtension>
            <ns3:hr>98</ns3:hr>
            <ns3:cad>59</ns3:cad>
          </ns3:TrackPointExtension>
        </extensions>
      </trkpt>
      <trkpt lat="42.2834689356386661529541015625" lon="-4.479079507291316986083984375">
        <ele>779.20001220703125</ele>
        <time>2025-09-28T06:13:48.000Z</time>
        <extensions>
          <ns3:TrackPointExtension>
            <ns3:hr>97</ns3:hr>
            <ns3:cad>59</ns3:cad>
          </ns3:TrackPointExtension>
        </extensions>
      </trkpt>
      <trkpt lat="42.283554263412952423095703125" lon="-4.47923180647194385528564453125">
        <ele>779.20001220703125</ele>
        <time>2025-09-28T06:13:59.000Z</time>
        <extensions>
          <ns3:TrackPointExtension>
            <ns3:hr>97</ns3:hr>
            <ns3:cad>58</ns3:cad>
          </ns3:TrackPointExtension>
        </extensions>
      </trkpt>
      <trkpt lat="42.28362089954316616058349609375" lon="-4.4794105924665927886962890625">
        <ele>779</ele>
        <time>2025-09-28T06:14:11.000Z</time>
        <extensions>
          <ns3:TrackPointExtension>
            <ns3:hr>97</ns3:hr>
            <ns3:cad>58</ns3:cad>
          </ns3:TrackPointExtension>
        </extensions>
      </trkpt>
      <trkpt lat="42.28373506106436252593994140625" lon="-4.47956942953169345855712890625">
        <ele>779.4000244140625</ele>
        <time>2025-09-28T06:14:24.000Z</time>
        <extensions>
          <ns3:TrackPointExtension>
            <ns3:hr>98</ns3:hr>
            <ns3:cad>57</ns3:cad>
          </ns3:TrackPointExtension>
        </extensions>
      </trkpt>
      <trkpt lat="42.28385391645133495330810546875" lon="-4.47972835041582584381103515625">
        <ele>779.5999755859375</ele>
        <time>2025-09-28T06:14:38.000Z</time>
        <extensions>
          <ns3:TrackPointExtension>
            <ns3:hr>98</ns3:hr>
            <ns3:cad>58</ns3:cad>
          </ns3:TrackPointExtension>
        </extensions>
      </trkpt>
      <trkpt lat="42.28387244045734405517578125" lon="-4.47975299321115016937255859375">
        <ele>779.79998779296875</ele>
        <time>2025-09-28T06:14:40.000Z</time>
        <extensions>
          <ns3:TrackPointExtension>
            <ns3:hr>98</ns3:hr>
            <ns3:cad>58</ns3:cad>
          </ns3:TrackPointExtension>
        </extensions>
      </trkpt>
      <trkpt lat="42.2839809022843837738037109375" lon="-4.4798846729099750518798828125">
        <ele>780</ele>
        <time>2025-09-28T06:14:52.000Z</time>
        <extensions>
          <ns3:TrackPointExtension>
            <ns3:hr>99</ns3:hr>
            <ns3:cad>58</ns3:cad>
          </ns3:TrackPointExtension>
        </extensions>
      </trkpt>
      <trkpt lat="42.28406111709773540496826171875" lon="-4.47997502982616424560546875">
        <ele>780.4000244140625</ele>
        <time>2025-09-28T06:15:01.000Z</time>
        <extensions>
          <ns3:TrackPointExtension>
            <ns3:hr>100</ns3:hr>
            <ns3:cad>57</ns3:cad>
          </ns3:TrackPointExtension>
        </extensions>
      </trkpt>
      <trkpt lat="42.28415315039455890655517578125" lon="-4.4801150076091289520263671875">
        <ele>780.79998779296875</ele>
        <time>2025-09-28T06:15:13.000Z</time>
        <extensions>
          <ns3:TrackPointExtension>
            <ns3:hr>101</ns3:hr>
            <ns3:cad>56</ns3:cad>
          </ns3:TrackPointExtension>
        </extensions>
      </trkpt>
      <trkpt lat="42.28418852202594280242919921875" lon="-4.4801592640578746795654296875">
        <ele>780.79998779296875</ele>
        <time>2025-09-28T06:15:17.000Z</time>
        <extensions>
          <ns3:TrackPointExtension>
            <ns3:hr>101</ns3:hr>
            <ns3:cad>56</ns3:cad>
          </ns3:TrackPointExtension>
        </extensions>
      </trkpt>
      <trkpt lat="42.2841917909681797027587890625" lon="-4.4801542349159717559814453125">
        <ele>780.79998779296875</ele>
        <time>2025-09-28T06:15:22.000Z</time>
        <extensions>
          <ns3:TrackPointExtension>
            <ns3:hr>101</ns3:hr>
            <ns3:cad>53</ns3:cad>
          </ns3:TrackPointExtension>
        </extensions>
      </trkpt>
      <trkpt lat="42.28413471020758152008056640625" lon="-4.4801451824605464935302734375">
        <ele>780.79998779296875</ele>
        <time>2025-09-28T06:15:30.000Z</time>
        <extensions>
          <ns3:TrackPointExtension>
            <ns3:hr>101</ns3:hr>
            <ns3:cad>51</ns3:cad>
          </ns3:TrackPointExtension>
        </extensions>
      </trkpt>
      <trkpt lat="42.28413756005465984344482421875" lon="-4.48017929680645465850830078125">
        <ele>781.20001220703125</ele>
        <time>2025-09-28T06:15:36.000Z</time>
        <extensions>
          <ns3:TrackPointExtension>
            <ns3:hr>100</ns3:hr>
            <ns3:cad>0</ns3:cad>
          </ns3:TrackPointExtension>
        </extensions>
      </trkpt>
      <trkpt lat="42.284126244485378265380859375" lon="-4.48020838201045989990234375">
        <ele>780.79998779296875</ele>
        <time>2025-09-28T06:15:43.000Z</time>
        <extensions>
          <ns3:TrackPointExtension>
            <ns3:hr>98</ns3:hr>
            <ns3:cad>0</ns3:cad>
          </ns3:TrackPointExtension>
        </extensions>
      </trkpt>
      <trkpt lat="42.28413269855082035064697265625" lon="-4.4802206195890903472900390625">
        <ele>780.79998779296875</ele>
        <time>2025-09-28T06:15:50.000Z</time>
        <extensions>
          <ns3:TrackPointExtension>
            <ns3:hr>95</ns3:hr>
            <ns3:cad>0</ns3:cad>
          </ns3:TrackPointExtension>
        </extensions>
      </trkpt>
      <trkpt lat="42.2841364704072475433349609375" lon="-4.480211734771728515625">
        <ele>780.5999755859375</ele>
        <time>2025-09-28T06:15:52.000Z</time>
        <extensions>
          <ns3:TrackPointExtension>
            <ns3:hr>94</ns3:hr>
            <ns3:cad>0</ns3:cad>
          </ns3:TrackPointExtension>
        </extensions>
      </trkpt>
      <trkpt lat="42.2841627895832061767578125" lon="-4.4801921211183071136474609375">
        <ele>780.4000244140625</ele>
        <time>2025-09-28T06:15:59.000Z</time>
        <extensions>
          <ns3:TrackPointExtension>
            <ns3:hr>93</ns3:hr>
            <ns3:cad>53</ns3:cad>
          </ns3:TrackPointExtension>
        </extensions>
      </trkpt>
      <trkpt lat="42.2842206247150897979736328125" lon="-4.480287842452526092529296875">
        <ele>780.5999755859375</ele>
        <time>2025-09-28T06:16:06.000Z</time>
        <extensions>
          <ns3:TrackPointExtension>
            <ns3:hr>93</ns3:hr>
            <ns3:cad>54</ns3:cad>
          </ns3:TrackPointExtension>
        </extensions>
      </trkpt>
      <trkpt lat="42.28430653922259807586669921875" lon="-4.48040711693465709686279296875">
        <ele>780.5999755859375</ele>
        <time>2025-09-28T06:16:15.000Z</time>
        <extensions>
          <ns3:TrackPointExtension>
            <ns3:hr>94</ns3:hr>
            <ns3:cad>57</ns3:cad>
          </ns3:TrackPointExtension>
        </extensions>
      </trkpt>
      <trkpt lat="42.2843912802636623382568359375" lon="-4.4805015809834003448486328125">
        <ele>781</ele>
        <time>2025-09-28T06:16:25.000Z</time>
        <extensions>
          <ns3:TrackPointExtension>
            <ns3:hr>93</ns3:hr>
            <ns3:cad>58</ns3:cad>
          </ns3:TrackPointExtension>
        </extensions>
      </trkpt>
      <trkpt lat="42.2844797931611537933349609375" lon="-4.4805860705673694610595703125">
        <ele>781</ele>
        <time>2025-09-28T06:16:33.000Z</time>
        <extensions>
          <ns3:TrackPointExtension>
            <ns3:hr>96</ns3:hr>
            <ns3:cad>58</ns3:cad>
          </ns3:TrackPointExtension>
        </extensions>
      </trkpt>
      <trkpt lat="42.2845334373414516448974609375" lon="-4.4806675426661968231201171875">
        <ele>781</ele>
        <time>2025-09-28T06:16:40.000Z</time>
        <extensions>
          <ns3:TrackPointExtension>
            <ns3:hr>95</ns3:hr>
            <ns3:cad>57</ns3:cad>
          </ns3:TrackPointExtension>
        </extensions>
      </trkpt>
      <trkpt lat="42.2846025042235851287841796875" lon="-4.4807825423777103424072265625">
        <ele>781.20001220703125</ele>
        <time>2025-09-28T06:16:49.000Z</time>
        <extensions>
          <ns3:TrackPointExtension>
            <ns3:hr>95</ns3:hr>
            <ns3:cad>58</ns3:cad>
          </ns3:TrackPointExtension>
        </extensions>
      </trkpt>
      <trkpt lat="42.28467299602925777435302734375" lon="-4.4808281399309635162353515625">
        <ele>781</ele>
        <time>2025-09-28T06:16:56.000Z</time>
        <extensions>
          <ns3:TrackPointExtension>
            <ns3:hr>98</ns3:hr>
            <ns3:cad>58</ns3:cad>
          </ns3:TrackPointExtension>
        </extensions>
      </trkpt>
      <trkpt lat="42.28477039374411106109619140625" lon="-4.480914138257503509521484375">
        <ele>781</ele>
        <time>2025-09-28T06:17:04.000Z</time>
        <extensions>
          <ns3:TrackPointExtension>
            <ns3:hr>99</ns3:hr>
            <ns3:cad>59</ns3:cad>
          </ns3:TrackPointExtension>
        </extensions>
      </trkpt>
      <trkpt lat="42.28483376093208789825439453125" lon="-4.48100726120173931121826171875">
        <ele>781</ele>
        <time>2025-09-28T06:17:13.000Z</time>
        <extensions>
          <ns3:TrackPointExtension>
            <ns3:hr>100</ns3:hr>
            <ns3:cad>55</ns3:cad>
          </ns3:TrackPointExtension>
        </extensions>
      </trkpt>
      <trkpt lat="42.28491640649735927581787109375" lon="-4.4810437224805355072021484375">
        <ele>781</ele>
        <time>2025-09-28T06:17:21.000Z</time>
        <extensions>
          <ns3:TrackPointExtension>
            <ns3:hr>100</ns3:hr>
            <ns3:cad>57</ns3:cad>
          </ns3:TrackPointExtension>
        </extensions>
      </trkpt>
      <trkpt lat="42.284993268549442291259765625" lon="-4.48109929449856281280517578125">
        <ele>781.20001220703125</ele>
        <time>2025-09-28T06:17:28.000Z</time>
        <extensions>
          <ns3:TrackPointExtension>
            <ns3:hr>100</ns3:hr>
            <ns3:cad>58</ns3:cad>
          </ns3:TrackPointExtension>
        </extensions>
      </trkpt>
      <trkpt lat="42.2850574739277362823486328125" lon="-4.48120289482176303863525390625">
        <ele>781.79998779296875</ele>
        <time>2025-09-28T06:17:37.000Z</time>
        <extensions>
          <ns3:TrackPointExtension>
            <ns3:hr>100</ns3:hr>
            <ns3:cad>56</ns3:cad>
          </ns3:TrackPointExtension>
        </extensions>
      </trkpt>
      <trkpt lat="42.28506493382155895233154296875" lon="-4.4812106899917125701904296875">
        <ele>782</ele>
        <time>2025-09-28T06:17:38.000Z</time>
        <extensions>
          <ns3:TrackPointExtension>
            <ns3:hr>100</ns3:hr>
            <ns3:cad>55</ns3:cad>
          </ns3:TrackPointExtension>
        </extensions>
      </trkpt>
      <trkpt lat="42.28507650084793567657470703125" lon="-4.4812308065593242645263671875">
        <ele>782.4000244140625</ele>
        <time>2025-09-28T06:17:45.000Z</time>
        <extensions>
          <ns3:TrackPointExtension>
            <ns3:hr>101</ns3:hr>
            <ns3:cad>0</ns3:cad>
          </ns3:TrackPointExtension>
        </extensions>
      </trkpt>
      <trkpt lat="42.28507650084793567657470703125" lon="-4.4812308065593242645263671875">
        <ele>782.20001220703125</ele>
        <time>2025-09-28T06:17:49.000Z</time>
        <extensions>
          <ns3:TrackPointExtension>
            <ns3:hr>104</ns3:hr>
            <ns3:cad>0</ns3:cad>
          </ns3:TrackPointExtension>
        </extensions>
      </trkpt>
      <trkpt lat="42.28507650084793567657470703125" lon="-4.4812308065593242645263671875">
        <ele>782.20001220703125</ele>
        <time>2025-09-28T06:17:58.000Z</time>
        <extensions>
          <ns3:TrackPointExtension>
            <ns3:hr>100</ns3:hr>
            <ns3:cad>0</ns3:cad>
          </ns3:TrackPointExtension>
        </extensions>
      </trkpt>
      <trkpt lat="42.28507650084793567657470703125" lon="-4.4812308065593242645263671875">
        <ele>782.20001220703125</ele>
        <time>2025-09-28T06:17:59.000Z</time>
        <extensions>
          <ns3:TrackPointExtension>
            <ns3:hr>97</ns3:hr>
            <ns3:cad>0</ns3:cad>
          </ns3:TrackPointExtension>
        </extensions>
      </trkpt>
      <trkpt lat="42.28507650084793567657470703125" lon="-4.4812308065593242645263671875">
        <ele>782.20001220703125</ele>
        <time>2025-09-28T06:18:00.000Z</time>
        <extensions>
          <ns3:TrackPointExtension>
            <ns3:hr>92</ns3:hr>
            <ns3:cad>0</ns3:cad>
          </ns3:TrackPointExtension>
        </extensions>
      </trkpt>
      <trkpt lat="42.2850849665701389312744140625" lon="-4.481253437697887420654296875">
        <ele>782.20001220703125</ele>
        <time>2025-09-28T06:18:03.000Z</time>
        <extensions>
          <ns3:TrackPointExtension>
            <ns3:hr>91</ns3:hr>
            <ns3:cad>0</ns3:cad>
          </ns3:TrackPointExtension>
        </extensions>
      </trkpt>
      <trkpt lat="42.28514003567397594451904296875" lon="-4.48133113794028759002685546875">
        <ele>782.20001220703125</ele>
        <time>2025-09-28T06:18:11.000Z</time>
        <extensions>
          <ns3:TrackPointExtension>
            <ns3:hr>90</ns3:hr>
            <ns3:cad>53</ns3:cad>
          </ns3:TrackPointExtension>
        </extensions>
      </trkpt>
      <trkpt lat="42.2851848788559436798095703125" lon="-4.481428451836109161376953125">
        <ele>781.4000244140625</ele>
        <time>2025-09-28T06:18:20.000Z</time>
        <extensions>
          <ns3:TrackPointExtension>
            <ns3:hr>91</ns3:hr>
            <ns3:cad>54</ns3:cad>
          </ns3:TrackPointExtension>
        </extensions>
      </trkpt>
      <trkpt lat="42.2852204181253910064697265625" lon="-4.48147798888385295867919921875">
        <ele>781.5999755859375</ele>
        <time>2025-09-28T06:18:25.000Z</time>
        <extensions>
          <ns3:TrackPointExtension>
            <ns3:hr>88</ns3:hr>
            <ns3:cad>56</ns3:cad>
          </ns3:TrackPointExtension>
        </extensions>
      </trkpt>
      <trkpt lat="42.28524983860552310943603515625" lon="-4.4815171323716640472412109375">
        <ele>781.5999755859375</ele>
        <time>2025-09-28T06:18:28.000Z</time>
        <extensions>
          <ns3:TrackPointExtension>
            <ns3:hr>89</ns3:hr>
            <ns3:cad>57</ns3:cad>
          </ns3:TrackPointExtension>
        </extensions>
      </trkpt>
      <trkpt lat="42.285302393138408660888671875" lon="-4.48158427141606807708740234375">
        <ele>781.4000244140625</ele>
        <time>2025-09-28T06:18:34.000Z</time>
        <extensions>
          <ns3:TrackPointExtension>
            <ns3:hr>86</ns3:hr>
            <ns3:cad>59</ns3:cad>
          </ns3:TrackPointExtension>
        </extensions>
      </trkpt>
      <trkpt lat="42.2853260301053524017333984375" lon="-4.48162685148417949676513671875">
        <ele>781.5999755859375</ele>
        <time>2025-09-28T06:18:37.000Z</time>
        <extensions>
          <ns3:TrackPointExtension>
            <ns3:hr>87</ns3:hr>
            <ns3:cad>57</ns3:cad>
          </ns3:TrackPointExtension>
        </extensions>
      </trkpt>
      <trkpt lat="42.28535595349967479705810546875" lon="-4.4816663302481174468994140625">
        <ele>781.5999755859375</ele>
        <time>2025-09-28T06:18:40.000Z</time>
        <extensions>
          <ns3:TrackPointExtension>
            <ns3:hr>90</ns3:hr>
            <ns3:cad>58</ns3:cad>
          </ns3:TrackPointExtension>
        </extensions>
      </trkpt>
      <trkpt lat="42.2853994555771350860595703125" lon="-4.48172190226614475250244140625">
        <ele>781.79998779296875</ele>
        <time>2025-09-28T06:18:45.000Z</time>
        <extensions>
          <ns3:TrackPointExtension>
            <ns3:hr>89</ns3:hr>
            <ns3:cad>58</ns3:cad>
          </ns3:TrackPointExtension>
        </extensions>
      </trkpt>
      <trkpt lat="42.28551403619349002838134765625" lon="-4.4818296097218990325927734375">
        <ele>781.4000244140625</ele>
        <time>2025-09-28T06:18:56.000Z</time>
        <extensions>
          <ns3:TrackPointExtension>
            <ns3:hr>88</ns3:hr>
            <ns3:cad>58</ns3:cad>
          </ns3:TrackPointExtension>
        </extensions>
      </trkpt>
      <trkpt lat="42.28559550829231739044189453125" lon="-4.481916613876819610595703125">
        <ele>781.5999755859375</ele>
        <time>2025-09-28T06:19:04.000Z</time>
        <extensions>
          <ns3:TrackPointExtension>
            <ns3:hr>88</ns3:hr>
            <ns3:cad>59</ns3:cad>
          </ns3:TrackPointExtension>
        </extensions>
      </trkpt>
      <trkpt lat="42.2857102565467357635498046875" lon="-4.48197168298065662384033203125">
        <ele>781.4000244140625</ele>
        <time>2025-09-28T06:19:14.000Z</time>
        <extensions>
          <ns3:TrackPointExtension>
            <ns3:hr>89</ns3:hr>
            <ns3:cad>57</ns3:cad>
          </ns3:TrackPointExtension>
        </extensions>
      </trkpt>
      <trkpt lat="42.28581042028963565826416015625" lon="-4.48207310400903224945068359375">
        <ele>781.4000244140625</ele>
        <time>2025-09-28T06:19:25.000Z</time>
        <extensions>
          <ns3:TrackPointExtension>
            <ns3:hr>88</ns3:hr>
            <ns3:cad>59</ns3:cad>
          </ns3:TrackPointExtension>
        </extensions>
      </trkpt>
      <trkpt lat="42.2858970053493976593017578125" lon="-4.48219095356762409210205078125">
        <ele>781.20001220703125</ele>
        <time>2025-09-28T06:19:35.000Z</time>
        <extensions>
          <ns3:TrackPointExtension>
            <ns3:hr>87</ns3:hr>
            <ns3:cad>59</ns3:cad>
          </ns3:TrackPointExtension>
        </extensions>
      </trkpt>
      <trkpt lat="42.286000438034534454345703125" lon="-4.48228432796895503997802734375">
        <ele>781</ele>
        <time>2025-09-28T06:19:45.000Z</time>
        <extensions>
          <ns3:TrackPointExtension>
            <ns3:hr>90</ns3:hr>
            <ns3:cad>58</ns3:cad>
          </ns3:TrackPointExtension>
        </extensions>
      </trkpt>
      <trkpt lat="42.28607612662017345428466796875" lon="-4.48235859163105487823486328125">
        <ele>780.79998779296875</ele>
        <time>2025-09-28T06:19:53.000Z</time>
        <extensions>
          <ns3:TrackPointExtension>
            <ns3:hr>89</ns3:hr>
            <ns3:cad>59</ns3:cad>
          </ns3:TrackPointExtension>
        </extensions>
      </trkpt>
      <trkpt lat="42.28611283935606479644775390625" lon="-4.48238809593021869659423828125">
        <ele>780.5999755859375</ele>
        <time>2025-09-28T06:19:56.000Z</time>
        <extensions>
          <ns3:TrackPointExtension>
            <ns3:hr>89</ns3:hr>
            <ns3:cad>59</ns3:cad>
          </ns3:TrackPointExtension>
        </extensions>
      </trkpt>
      <trkpt lat="42.28617151267826557159423828125" lon="-4.48246470652520656585693359375">
        <ele>780.4000244140625</ele>
        <time>2025-09-28T06:20:02.000Z</time>
        <extensions>
          <ns3:TrackPointExtension>
            <ns3:hr>86</ns3:hr>
            <ns3:cad>59</ns3:cad>
          </ns3:TrackPointExtension>
        </extensions>
      </trkpt>
      <trkpt lat="42.2861798107624053955078125" lon="-4.482473842799663543701171875">
        <ele>780.4000244140625</ele>
        <time>2025-09-28T06:20:03.000Z</time>
        <extensions>
          <ns3:TrackPointExtension>
            <ns3:hr>86</ns3:hr>
            <ns3:cad>58</ns3:cad>
          </ns3:TrackPointExtension>
        </extensions>
      </trkpt>
      <trkpt lat="42.286309562623500823974609375" lon="-4.48261004872620105743408203125">
        <ele>780.20001220703125</ele>
        <time>2025-09-28T06:20:16.000Z</time>
        <extensions>
          <ns3:TrackPointExtension>
            <ns3:hr>85</ns3:hr>
            <ns3:cad>59</ns3:cad>
          </ns3:TrackPointExtension>
        </extensions>
      </trkpt>
      <trkpt lat="42.28644057177007198333740234375" lon="-4.48275002650916576385498046875">
        <ele>780</ele>
        <time>2025-09-28T06:20:29.000Z</time>
        <extensions>
          <ns3:TrackPointExtension>
            <ns3:hr>84</ns3:hr>
            <ns3:cad>59</ns3:cad>
          </ns3:TrackPointExtension>
        </extensions>
      </trkpt>
      <trkpt lat="42.28653453290462493896484375" lon="-4.48289863765239715576171875">
        <ele>779.79998779296875</ele>
        <time>2025-09-28T06:20:40.000Z</time>
        <extensions>
          <ns3:TrackPointExtension>
            <ns3:hr>85</ns3:hr>
            <ns3:cad>59</ns3:cad>
          </ns3:TrackPointExtension>
        </extensions>
      </trkpt>
      <trkpt lat="42.28662698529660701751708984375" lon="-4.4830148108303546905517578125">
        <ele>780</ele>
        <time>2025-09-28T06:20:50.000Z</time>
        <extensions>
          <ns3:TrackPointExtension>
            <ns3:hr>86</ns3:hr>
            <ns3:cad>59</ns3:cad>
          </ns3:TrackPointExtension>
        </extensions>
      </trkpt>
      <trkpt lat="42.28672740049660205841064453125" lon="-4.4831653498113155364990234375">
        <ele>780</ele>
        <time>2025-09-28T06:21:02.000Z</time>
        <extensions>
          <ns3:TrackPointExtension>
            <ns3:hr>85</ns3:hr>
            <ns3:cad>58</ns3:cad>
          </ns3:TrackPointExtension>
        </extensions>
      </trkpt>
      <trkpt lat="42.2868183441460132598876953125" lon="-4.48330373503267765045166015625">
        <ele>780.20001220703125</ele>
        <time>2025-09-28T06:21:13.000Z</time>
        <extensions>
          <ns3:TrackPointExtension>
            <ns3:hr>87</ns3:hr>
            <ns3:cad>59</ns3:cad>
          </ns3:TrackPointExtension>
        </extensions>
      </trkpt>
      <trkpt lat="42.28693258948624134063720703125" lon="-4.48345343582332134246826171875">
        <ele>780.5999755859375</ele>
        <time>2025-09-28T06:21:26.000Z</time>
        <extensions>
          <ns3:TrackPointExtension>
            <ns3:hr>88</ns3:hr>
            <ns3:cad>58</ns3:cad>
          </ns3:TrackPointExtension>
        </extensions>
      </trkpt>
      <trkpt lat="42.28703535161912441253662109375" lon="-4.48360917158424854278564453125">
        <ele>780.79998779296875</ele>
        <time>2025-09-28T06:21:38.000Z</time>
        <extensions>
          <ns3:TrackPointExtension>
            <ns3:hr>89</ns3:hr>
            <ns3:cad>59</ns3:cad>
          </ns3:TrackPointExtension>
        </extensions>
      </trkpt>
      <trkpt lat="42.28708933107554912567138671875" lon="-4.4836783222854137420654296875">
        <ele>780.79998779296875</ele>
        <time>2025-09-28T06:21:44.000Z</time>
        <extensions>
          <ns3:TrackPointExtension>
            <ns3:hr>93</ns3:hr>
            <ns3:cad>58</ns3:cad>
          </ns3:TrackPointExtension>
        </extensions>
      </trkpt>
      <trkpt lat="42.2871532849967479705810546875" lon="-4.48374462313950061798095703125">
        <ele>780.5999755859375</ele>
        <time>2025-09-28T06:21:50.000Z</time>
        <extensions>
          <ns3:TrackPointExtension>
            <ns3:hr>96</ns3:hr>
            <ns3:cad>59</ns3:cad>
          </ns3:TrackPointExtension>
        </extensions>
      </trkpt>
      <trkpt lat="42.28716552257537841796875" lon="-4.483755268156528472900390625">
        <ele>780.5999755859375</ele>
        <time>2025-09-28T06:21:51.000Z</time>
        <extensions>
          <ns3:TrackPointExtension>
            <ns3:hr>97</ns3:hr>
            <ns3:cad>59</ns3:cad>
          </ns3:TrackPointExtension>
        </extensions>
      </trkpt>
      <trkpt lat="42.2872580587863922119140625" lon="-4.483837746083736419677734375">
        <ele>780.79998779296875</ele>
        <time>2025-09-28T06:22:00.000Z</time>
        <extensions>
          <ns3:TrackPointExtension>
            <ns3:hr>94</ns3:hr>
            <ns3:cad>59</ns3:cad>
          </ns3:TrackPointExtension>
        </extensions>
      </trkpt>
      <trkpt lat="42.28728412650525569915771484375" lon="-4.4838716089725494384765625">
        <ele>780.79998779296875</ele>
        <time>2025-09-28T06:22:03.000Z</time>
        <extensions>
          <ns3:TrackPointExtension>
            <ns3:hr>94</ns3:hr>
            <ns3:cad>59</ns3:cad>
          </ns3:TrackPointExtension>
        </extensions>
      </trkpt>
      <trkpt lat="42.287385798990726470947265625" lon="-4.48401586152613162994384765625">
        <ele>781</ele>
        <time>2025-09-28T06:22:14.000Z</time>
        <extensions>
          <ns3:TrackPointExtension>
            <ns3:hr>94</ns3:hr>
            <ns3:cad>59</ns3:cad>
          </ns3:TrackPointExtension>
        </extensions>
      </trkpt>
      <trkpt lat="42.28751194663345813751220703125" lon="-4.48418517597019672393798828125">
        <ele>781.4000244140625</ele>
        <time>2025-09-28T06:22:28.000Z</time>
        <extensions>
          <ns3:TrackPointExtension>
            <ns3:hr>94</ns3:hr>
            <ns3:cad>59</ns3:cad>
          </ns3:TrackPointExtension>
        </extensions>
      </trkpt>
      <trkpt lat="42.2875546105206012725830078125" lon="-4.48424602858722209930419921875">
        <ele>781.4000244140625</ele>
        <time>2025-09-28T06:22:33.000Z</time>
        <extensions>
          <ns3:TrackPointExtension>
            <ns3:hr>97</ns3:hr>
            <ns3:cad>59</ns3:cad>
          </ns3:TrackPointExtension>
        </extensions>
      </trkpt>
      <trkpt lat="42.287604399025440216064453125" lon="-4.4843207113444805145263671875">
        <ele>781.4000244140625</ele>
        <time>2025-09-28T06:22:39.000Z</time>
        <extensions>
          <ns3:TrackPointExtension>
            <ns3:hr>98</ns3:hr>
            <ns3:cad>59</ns3:cad>
          </ns3:TrackPointExtension>
        </extensions>
      </trkpt>
      <trkpt lat="42.287731468677520751953125" lon="-4.48449765332043170928955078125">
        <ele>781.79998779296875</ele>
        <time>2025-09-28T06:22:53.000Z</time>
        <extensions>
          <ns3:TrackPointExtension>
            <ns3:hr>99</ns3:hr>
            <ns3:cad>59</ns3:cad>
          </ns3:TrackPointExtension>
        </extensions>
      </trkpt>
      <trkpt lat="42.2878204844892024993896484375" lon="-4.48462329804897308349609375">
        <ele>781.79998779296875</ele>
        <time>2025-09-28T06:23:03.000Z</time>
        <extensions>
          <ns3:TrackPointExtension>
            <ns3:hr>101</ns3:hr>
            <ns3:cad>59</ns3:cad>
          </ns3:TrackPointExtension>
        </extensions>
      </trkpt>
      <trkpt lat="42.2878452949225902557373046875" lon="-4.48466084897518157958984375">
        <ele>782</ele>
        <time>2025-09-28T06:23:06.000Z</time>
        <extensions>
          <ns3:TrackPointExtension>
            <ns3:hr>102</ns3:hr>
            <ns3:cad>59</ns3:cad>
          </ns3:TrackPointExtension>
        </extensions>
      </trkpt>
      <trkpt lat="42.287937663495540618896484375" lon="-4.48479470796883106231689453125">
        <ele>782.20001220703125</ele>
        <time>2025-09-28T06:23:17.000Z</time>
        <extensions>
          <ns3:TrackPointExtension>
            <ns3:hr>105</ns3:hr>
            <ns3:cad>59</ns3:cad>
          </ns3:TrackPointExtension>
        </extensions>
      </trkpt>
      <trkpt lat="42.28804017417132854461669921875" lon="-4.48493669740855693817138671875">
        <ele>782.20001220703125</ele>
        <time>2025-09-28T06:23:28.000Z</time>
        <extensions>
          <ns3:TrackPointExtension>
            <ns3:hr>105</ns3:hr>
            <ns3:cad>59</ns3:cad>
          </ns3:TrackPointExtension>
        </extensions>
      </trkpt>
      <trkpt lat="42.28814377449452877044677734375" lon="-4.48508840985596179962158203125">
        <ele>782.4000244140625</ele>
        <time>2025-09-28T06:23:40.000Z</time>
        <extensions>
          <ns3:TrackPointExtension>
            <ns3:hr>105</ns3:hr>
            <ns3:cad>59</ns3:cad>
          </ns3:TrackPointExtension>
        </extensions>
      </trkpt>
      <trkpt lat="42.28822457604110240936279296875" lon="-4.48520542122423648834228515625">
        <ele>782.4000244140625</ele>
        <time>2025-09-28T06:23:49.000Z</time>
        <extensions>
          <ns3:TrackPointExtension>
            <ns3:hr>103</ns3:hr>
            <ns3:cad>59</ns3:cad>
          </ns3:TrackPointExtension>
        </extensions>
      </trkpt>
      <trkpt lat="42.288293056190013885498046875" lon="-4.485321342945098876953125">
        <ele>782.4000244140625</ele>
        <time>2025-09-28T06:23:58.000Z</time>
        <extensions>
          <ns3:TrackPointExtension>
            <ns3:hr>99</ns3:hr>
            <ns3:cad>60</ns3:cad>
          </ns3:TrackPointExtension>
        </extensions>
      </trkpt>
      <trkpt lat="42.28831954300403594970703125" lon="-4.4853602349758148193359375">
        <ele>782.5999755859375</ele>
        <time>2025-09-28T06:24:01.000Z</time>
        <extensions>
          <ns3:TrackPointExtension>
            <ns3:hr>98</ns3:hr>
            <ns3:cad>59</ns3:cad>
          </ns3:TrackPointExtension>
        </extensions>
      </trkpt>
      <trkpt lat="42.2883569262921810150146484375" lon="-4.4854138791561126708984375">
        <ele>782.79998779296875</ele>
        <time>2025-09-28T06:24:05.000Z</time>
        <extensions>
          <ns3:TrackPointExtension>
            <ns3:hr>98</ns3:hr>
            <ns3:cad>59</ns3:cad>
          </ns3:TrackPointExtension>
        </extensions>
      </trkpt>
      <trkpt lat="42.288388945162296295166015625" lon="-4.48546760715544223785400390625">
        <ele>782.5999755859375</ele>
        <time>2025-09-28T06:24:09.000Z</time>
        <extensions>
          <ns3:TrackPointExtension>
            <ns3:hr>98</ns3:hr>
            <ns3:cad>59</ns3:cad>
          </ns3:TrackPointExtension>
        </extensions>
      </trkpt>
      <trkpt lat="42.28850788436830043792724609375" lon="-4.48564379476010799407958984375">
        <ele>782.5999755859375</ele>
        <time>2025-09-28T06:24:23.000Z</time>
        <extensions>
          <ns3:TrackPointExtension>
            <ns3:hr>98</ns3:hr>
            <ns3:cad>59</ns3:cad>
          </ns3:TrackPointExtension>
        </extensions>
      </trkpt>
      <trkpt lat="42.28860695846378803253173828125" lon="-4.48579969815909862518310546875">
        <ele>782.79998779296875</ele>
        <time>2025-09-28T06:24:35.000Z</time>
        <extensions>
          <ns3:TrackPointExtension>
            <ns3:hr>98</ns3:hr>
            <ns3:cad>60</ns3:cad>
          </ns3:TrackPointExtension>
        </extensions>
      </trkpt>
      <trkpt lat="42.28872447274625301361083984375" lon="-4.48596314527094364166259765625">
        <ele>782.79998779296875</ele>
        <time>2025-09-28T06:24:48.000Z</time>
        <extensions>
          <ns3:TrackPointExtension>
            <ns3:hr>96</ns3:hr>
            <ns3:cad>59</ns3:cad>
          </ns3:TrackPointExtension>
        </extensions>
      </trkpt>
      <trkpt lat="42.28883964009582996368408203125" lon="-4.48612323962152004241943359375">
        <ele>783.20001220703125</ele>
        <time>2025-09-28T06:25:01.000Z</time>
        <extensions>
          <ns3:TrackPointExtension>
            <ns3:hr>96</ns3:hr>
            <ns3:cad>60</ns3:cad>
          </ns3:TrackPointExtension>
        </extensions>
      </trkpt>
      <trkpt lat="42.28893418796360492706298828125" lon="-4.48626673780381679534912109375">
        <ele>782.79998779296875</ele>
        <time>2025-09-28T06:25:12.000Z</time>
        <extensions>
          <ns3:TrackPointExtension>
            <ns3:hr>94</ns3:hr>
            <ns3:cad>59</ns3:cad>
          </ns3:TrackPointExtension>
        </extensions>
      </trkpt>
      <trkpt lat="42.2889932803809642791748046875" lon="-4.48635675944387912750244140625">
        <ele>783</ele>
        <time>2025-09-28T06:25:19.000Z</time>
        <extensions>
          <ns3:TrackPointExtension>
            <ns3:hr>97</ns3:hr>
            <ns3:cad>59</ns3:cad>
          </ns3:TrackPointExtension>
        </extensions>
      </trkpt>
      <trkpt lat="42.28902655653655529022216796875" lon="-4.486408643424510955810546875">
        <ele>783</ele>
        <time>2025-09-28T06:25:23.000Z</time>
        <extensions>
          <ns3:TrackPointExtension>
            <ns3:hr>98</ns3:hr>
            <ns3:cad>59</ns3:cad>
          </ns3:TrackPointExtension>
        </extensions>
      </trkpt>
      <trkpt lat="42.28912395425140857696533203125" lon="-4.4865543209016323089599609375">
        <ele>783.20001220703125</ele>
        <time>2025-09-28T06:25:34.000Z</time>
        <extensions>
          <ns3:TrackPointExtension>
            <ns3:hr>99</ns3:hr>
            <ns3:cad>61</ns3:cad>
          </ns3:TrackPointExtension>
        </extensions>
      </trkpt>
      <trkpt lat="42.28922604583203792572021484375" lon="-4.48670008219778537750244140625">
        <ele>783.5999755859375</ele>
        <time>2025-09-28T06:25:45.000Z</time>
        <extensions>
          <ns3:TrackPointExtension>
            <ns3:hr>100</ns3:hr>
            <ns3:cad>61</ns3:cad>
          </ns3:TrackPointExtension>
        </extensions>
      </trkpt>
      <trkpt lat="42.28928656317293643951416015625" lon="-4.48678859509527683258056640625">
        <ele>783.79998779296875</ele>
        <time>2025-09-28T06:25:52.000Z</time>
        <extensions>
          <ns3:TrackPointExtension>
            <ns3:hr>101</ns3:hr>
            <ns3:cad>60</ns3:cad>
          </ns3:TrackPointExtension>
        </extensions>
      </trkpt>
      <trkpt lat="42.28933584876358509063720703125" lon="-4.486857242882251739501953125">
        <ele>783.79998779296875</ele>
        <time>2025-09-28T06:25:57.000Z</time>
        <extensions>
          <ns3:TrackPointExtension>
            <ns3:hr>100</ns3:hr>
            <ns3:cad>61</ns3:cad>
          </ns3:TrackPointExtension>
        </extensions>
      </trkpt>
      <trkpt lat="42.2894455678761005401611328125" lon="-4.4870049320161342620849609375">
        <ele>784</ele>
        <time>2025-09-28T06:26:09.000Z</time>
        <extensions>
          <ns3:TrackPointExtension>
            <ns3:hr>101</ns3:hr>
            <ns3:cad>61</ns3:cad>
          </ns3:TrackPointExtension>
        </extensions>
      </trkpt>
      <trkpt lat="42.28955595754086971282958984375" lon="-4.48717919178307056427001953125">
        <ele>784.20001220703125</ele>
        <time>2025-09-28T06:26:22.000Z</time>
        <extensions>
          <ns3:TrackPointExtension>
            <ns3:hr>100</ns3:hr>
            <ns3:cad>59</ns3:cad>
          </ns3:TrackPointExtension>
        </extensions>
      </trkpt>
      <trkpt lat="42.28965335525572299957275390625" lon="-4.48731816373765468597412109375">
        <ele>784</ele>
        <time>2025-09-28T06:26:33.000Z</time>
        <extensions>
          <ns3:TrackPointExtension>
            <ns3:hr>100</ns3:hr>
            <ns3:cad>59</ns3:cad>
          </ns3:TrackPointExtension>
        </extensions>
      </trkpt>
      <trkpt lat="42.28973901830613613128662109375" lon="-4.4874438084661960601806640625">
        <ele>784.79998779296875</ele>
        <time>2025-09-28T06:26:43.000Z</time>
        <extensions>
          <ns3:TrackPointExtension>
            <ns3:hr>99</ns3:hr>
            <ns3:cad>59</ns3:cad>
          </ns3:TrackPointExtension>
        </extensions>
      </trkpt>
      <trkpt lat="42.28983088396489620208740234375" lon="-4.487567357718944549560546875">
        <ele>784.5999755859375</ele>
        <time>2025-09-28T06:26:53.000Z</time>
        <extensions>
          <ns3:TrackPointExtension>
            <ns3:hr>99</ns3:hr>
            <ns3:cad>57</ns3:cad>
          </ns3:TrackPointExtension>
        </extensions>
      </trkpt>
      <trkpt lat="42.2898961789906024932861328125" lon="-4.48767892085015773773193359375">
        <ele>784.79998779296875</ele>
        <time>2025-09-28T06:27:01.000Z</time>
        <extensions>
          <ns3:TrackPointExtension>
            <ns3:hr>100</ns3:hr>
            <ns3:cad>59</ns3:cad>
          </ns3:TrackPointExtension>
        </extensions>
      </trkpt>
      <trkpt lat="42.28996130637824535369873046875" lon="-4.487773217260837554931640625">
        <ele>784.79998779296875</ele>
        <time>2025-09-28T06:27:08.000Z</time>
        <extensions>
          <ns3:TrackPointExtension>
            <ns3:hr>101</ns3:hr>
            <ns3:cad>60</ns3:cad>
          </ns3:TrackPointExtension>
        </extensions>
      </trkpt>
      <trkpt lat="42.2899925708770751953125" lon="-4.487826190888881683349609375">
        <ele>785</ele>
        <time>2025-09-28T06:27:12.000Z</time>
        <extensions>
          <ns3:TrackPointExtension>
            <ns3:hr>100</ns3:hr>
            <ns3:cad>59</ns3:cad>
          </ns3:TrackPointExtension>
        </extensions>
      </trkpt>
      <trkpt lat="42.29010363109409809112548828125" lon="-4.48796206153929233551025390625">
        <ele>784.5999755859375</ele>
        <time>2025-09-28T06:27:24.000Z</time>
        <extensions>
          <ns3:TrackPointExtension>
            <ns3:hr>98</ns3:hr>
            <ns3:cad>58</ns3:cad>
          </ns3:TrackPointExtension>
        </extensions>
      </trkpt>
      <trkpt lat="42.290193736553192138671875" lon="-4.48810723610222339630126953125">
        <ele>784.5999755859375</ele>
        <time>2025-09-28T06:27:35.000Z</time>
        <extensions>
          <ns3:TrackPointExtension>
            <ns3:hr>97</ns3:hr>
            <ns3:cad>57</ns3:cad>
          </ns3:TrackPointExtension>
        </extensions>
      </trkpt>
      <trkpt lat="42.29031871072947978973388671875" lon="-4.4882642291486263275146484375">
        <ele>784.4000244140625</ele>
        <time>2025-09-28T06:27:49.000Z</time>
        <extensions>
          <ns3:TrackPointExtension>
            <ns3:hr>95</ns3:hr>
            <ns3:cad>57</ns3:cad>
          </ns3:TrackPointExtension>
        </extensions>
      </trkpt>
      <trkpt lat="42.2904021106660366058349609375" lon="-4.48840362019836902618408203125">
        <ele>784.79998779296875</ele>
        <time>2025-09-28T06:27:59.000Z</time>
        <extensions>
          <ns3:TrackPointExtension>
            <ns3:hr>94</ns3:hr>
            <ns3:cad>58</ns3:cad>
          </ns3:TrackPointExtension>
        </extensions>
      </trkpt>
      <trkpt lat="42.29045785032212734222412109375" lon="-4.488479979336261749267578125">
        <ele>784.4000244140625</ele>
        <time>2025-09-28T06:28:05.000Z</time>
        <extensions>
          <ns3:TrackPointExtension>
            <ns3:hr>91</ns3:hr>
            <ns3:cad>59</ns3:cad>
          </ns3:TrackPointExtension>
        </extensions>
      </trkpt>
      <trkpt lat="42.290509901940822601318359375" lon="-4.48855550028383731842041015625">
        <ele>784.79998779296875</ele>
        <time>2025-09-28T06:28:11.000Z</time>
        <extensions>
          <ns3:TrackPointExtension>
            <ns3:hr>90</ns3:hr>
            <ns3:cad>59</ns3:cad>
          </ns3:TrackPointExtension>
        </extensions>
      </trkpt>
      <trkpt lat="42.29057553224265575408935546875" lon="-4.488659016788005828857421875">
        <ele>784.4000244140625</ele>
        <time>2025-09-28T06:28:19.000Z</time>
        <extensions>
          <ns3:TrackPointExtension>
            <ns3:hr>91</ns3:hr>
            <ns3:cad>59</ns3:cad>
          </ns3:TrackPointExtension>
        </extensions>
      </trkpt>
      <trkpt lat="42.29068583808839321136474609375" lon="-4.488807208836078643798828125">
        <ele>784.4000244140625</ele>
        <time>2025-09-28T06:28:31.000Z</time>
        <extensions>
          <ns3:TrackPointExtension>
            <ns3:hr>90</ns3:hr>
            <ns3:cad>58</ns3:cad>
          </ns3:TrackPointExtension>
        </extensions>
      </trkpt>
      <trkpt lat="42.29079983197152614593505859375" lon="-4.48897342197597026824951171875">
        <ele>784.5999755859375</ele>
        <time>2025-09-28T06:28:44.000Z</time>
        <extensions>
          <ns3:TrackPointExtension>
            <ns3:hr>89</ns3:hr>
            <ns3:cad>59</ns3:cad>
          </ns3:TrackPointExtension>
        </extensions>
      </trkpt>
      <trkpt lat="42.29089915752410888671875" lon="-4.48913100175559520721435546875">
        <ele>784.79998779296875</ele>
        <time>2025-09-28T06:28:56.000Z</time>
        <extensions>
          <ns3:TrackPointExtension>
            <ns3:hr>91</ns3:hr>
            <ns3:cad>59</ns3:cad>
          </ns3:TrackPointExtension>
        </extensions>
      </trkpt>
      <trkpt lat="42.29101306758821010589599609375" lon="-4.48930903337895870208740234375">
        <ele>784.5999755859375</ele>
        <time>2025-09-28T06:29:10.000Z</time>
        <extensions>
          <ns3:TrackPointExtension>
            <ns3:hr>90</ns3:hr>
            <ns3:cad>58</ns3:cad>
          </ns3:TrackPointExtension>
        </extensions>
      </trkpt>
      <trkpt lat="42.2911097109317779541015625" lon="-4.4894407130777835845947265625">
        <ele>785</ele>
        <time>2025-09-28T06:29:21.000Z</time>
        <extensions>
          <ns3:TrackPointExtension>
            <ns3:hr>90</ns3:hr>
            <ns3:cad>59</ns3:cad>
          </ns3:TrackPointExtension>
        </extensions>
      </trkpt>
      <trkpt lat="42.29113678447902202606201171875" lon="-4.48947818018496036529541015625">
        <ele>785.20001220703125</ele>
        <time>2025-09-28T06:29:24.000Z</time>
        <extensions>
          <ns3:TrackPointExtension>
            <ns3:hr>87</ns3:hr>
            <ns3:cad>0</ns3:cad>
          </ns3:TrackPointExtension>
        </extensions>
      </trkpt>
      <trkpt lat="42.29117617942392826080322265625" lon="-4.48953852988779544830322265625">
        <ele>784.79998779296875</ele>
        <time>2025-09-28T06:29:29.000Z</time>
        <extensions>
          <ns3:TrackPointExtension>
            <ns3:hr>84</ns3:hr>
            <ns3:cad>0</ns3:cad>
          </ns3:TrackPointExtension>
        </extensions>
      </trkpt>
      <trkpt lat="42.29118254967033863067626953125" lon="-4.48954875580966472625732421875">
        <ele>784.5999755859375</ele>
        <time>2025-09-28T06:29:30.000Z</time>
        <extensions>
          <ns3:TrackPointExtension>
            <ns3:hr>85</ns3:hr>
            <ns3:cad>0</ns3:cad>
          </ns3:TrackPointExtension>
        </extensions>
      </trkpt>
      <trkpt lat="42.29127408005297183990478515625" lon="-4.4897018931806087493896484375">
        <ele>784.79998779296875</ele>
        <time>2025-09-28T06:29:41.000Z</time>
        <extensions>
          <ns3:TrackPointExtension>
            <ns3:hr>84</ns3:hr>
            <ns3:cad>57</ns3:cad>
          </ns3:TrackPointExtension>
        </extensions>
      </trkpt>
      <trkpt lat="42.29138120077550411224365234375" lon="-4.4898463971912860870361328125">
        <ele>784.79998779296875</ele>
        <time>2025-09-28T06:29:53.000Z</time>
        <extensions>
          <ns3:TrackPointExtension>
            <ns3:hr>86</ns3:hr>
            <ns3:cad>57</ns3:cad>
          </ns3:TrackPointExtension>
        </extensions>
      </trkpt>
      <trkpt lat="42.2914659418165683746337890625" lon="-4.48996952734887599945068359375">
        <ele>784.79998779296875</ele>
        <time>2025-09-28T06:30:03.000Z</time>
        <extensions>
          <ns3:TrackPointExtension>
            <ns3:hr>86</ns3:hr>
            <ns3:cad>57</ns3:cad>
          </ns3:TrackPointExtension>
        </extensions>
      </trkpt>
      <trkpt lat="42.29157146997749805450439453125" lon="-4.490108080208301544189453125">
        <ele>784.4000244140625</ele>
        <time>2025-09-28T06:30:15.000Z</time>
        <extensions>
          <ns3:TrackPointExtension>
            <ns3:hr>87</ns3:hr>
            <ns3:cad>58</ns3:cad>
          </ns3:TrackPointExtension>
        </extensions>
      </trkpt>
      <trkpt lat="42.291671968996524810791015625" lon="-4.4902648217976093292236328125">
        <ele>784.5999755859375</ele>
        <time>2025-09-28T06:30:27.000Z</time>
        <extensions>
          <ns3:TrackPointExtension>
            <ns3:hr>86</ns3:hr>
            <ns3:cad>58</ns3:cad>
          </ns3:TrackPointExtension>
        </extensions>
      </trkpt>
      <trkpt lat="42.29176341556012630462646484375" lon="-4.49040555395185947418212890625">
        <ele>784.4000244140625</ele>
        <time>2025-09-28T06:30:38.000Z</time>
        <extensions>
          <ns3:TrackPointExtension>
            <ns3:hr>86</ns3:hr>
            <ns3:cad>60</ns3:cad>
          </ns3:TrackPointExtension>
        </extensions>
      </trkpt>
      <trkpt lat="42.29188411496579647064208984375" lon="-4.4905583560466766357421875">
        <ele>784.79998779296875</ele>
        <time>2025-09-28T06:30:51.000Z</time>
        <extensions>
          <ns3:TrackPointExtension>
            <ns3:hr>86</ns3:hr>
            <ns3:cad>58</ns3:cad>
          </ns3:TrackPointExtension>
        </extensions>
      </trkpt>
      <trkpt lat="42.291970364749431610107421875" lon="-4.4906924664974212646484375">
        <ele>784.5999755859375</ele>
        <time>2025-09-28T06:31:01.000Z</time>
        <extensions>
          <ns3:TrackPointExtension>
            <ns3:hr>88</ns3:hr>
            <ns3:cad>59</ns3:cad>
          </ns3:TrackPointExtension>
        </extensions>
      </trkpt>
      <trkpt lat="42.2920660860836505889892578125" lon="-4.490830600261688232421875">
        <ele>784.79998779296875</ele>
        <time>2025-09-28T06:31:12.000Z</time>
        <extensions>
          <ns3:TrackPointExtension>
            <ns3:hr>91</ns3:hr>
            <ns3:cad>59</ns3:cad>
          </ns3:TrackPointExtension>
        </extensions>
      </trkpt>
      <trkpt lat="42.29207488708198070526123046875" lon="-4.49084292165935039520263671875">
        <ele>784.79998779296875</ele>
        <time>2025-09-28T06:31:13.000Z</time>
        <extensions>
          <ns3:TrackPointExtension>
            <ns3:hr>90</ns3:hr>
            <ns3:cad>59</ns3:cad>
          </ns3:TrackPointExtension>
        </extensions>
      </trkpt>
      <trkpt lat="42.29214898310601711273193359375" lon="-4.49095574207603931427001953125">
        <ele>784.4000244140625</ele>
        <time>2025-09-28T06:31:22.000Z</time>
        <extensions>
          <ns3:TrackPointExtension>
            <ns3:hr>92</ns3:hr>
            <ns3:cad>57</ns3:cad>
          </ns3:TrackPointExtension>
        </extensions>
      </trkpt>
      <trkpt lat="42.29215820319950580596923828125" lon="-4.49096781201660633087158203125">
        <ele>784.5999755859375</ele>
        <time>2025-09-28T06:31:23.000Z</time>
        <extensions>
          <ns3:TrackPointExtension>
            <ns3:hr>95</ns3:hr>
            <ns3:cad>57</ns3:cad>
          </ns3:TrackPointExtension>
        </extensions>
      </trkpt>
      <trkpt lat="42.29216692037880420684814453125" lon="-4.49098004959523677825927734375">
        <ele>784.5999755859375</ele>
        <time>2025-09-28T06:31:24.000Z</time>
        <extensions>
          <ns3:TrackPointExtension>
            <ns3:hr>99</ns3:hr>
            <ns3:cad>57</ns3:cad>
          </ns3:TrackPointExtension>
        </extensions>
      </trkpt>
      <trkpt lat="42.2922558523714542388916015625" lon="-4.49109613895416259765625">
        <ele>784.5999755859375</ele>
        <time>2025-09-28T06:31:34.000Z</time>
        <extensions>
          <ns3:TrackPointExtension>
            <ns3:hr>100</ns3:hr>
            <ns3:cad>58</ns3:cad>
          </ns3:TrackPointExtension>
        </extensions>
      </trkpt>
      <trkpt lat="42.2923450358211994171142578125" lon="-4.491243325173854827880859375">
        <ele>784.79998779296875</ele>
        <time>2025-09-28T06:31:45.000Z</time>
        <extensions>
          <ns3:TrackPointExtension>
            <ns3:hr>101</ns3:hr>
            <ns3:cad>60</ns3:cad>
          </ns3:TrackPointExtension>
        </extensions>
      </trkpt>
      <trkpt lat="42.29246263392269611358642578125" lon="-4.491386823356151580810546875">
        <ele>784.79998779296875</ele>
        <time>2025-09-28T06:31:58.000Z</time>
        <extensions>
          <ns3:TrackPointExtension>
            <ns3:hr>99</ns3:hr>
            <ns3:cad>56</ns3:cad>
          </ns3:TrackPointExtension>
        </extensions>
      </trkpt>
      <trkpt lat="42.29254075326025485992431640625" lon="-4.49151925742626190185546875">
        <ele>784.5999755859375</ele>
        <time>2025-09-28T06:32:08.000Z</time>
        <extensions>
          <ns3:TrackPointExtension>
            <ns3:hr>97</ns3:hr>
            <ns3:cad>57</ns3:cad>
          </ns3:TrackPointExtension>
        </extensions>
      </trkpt>
      <trkpt lat="42.2926251590251922607421875" lon="-4.49163467623293399810791015625">
        <ele>784.5999755859375</ele>
        <time>2025-09-28T06:32:18.000Z</time>
        <extensions>
          <ns3:TrackPointExtension>
            <ns3:hr>96</ns3:hr>
            <ns3:cad>57</ns3:cad>
          </ns3:TrackPointExtension>
        </extensions>
      </trkpt>
      <trkpt lat="42.29272683151066303253173828125" lon="-4.49178907088935375213623046875">
        <ele>784.79998779296875</ele>
        <time>2025-09-28T06:32:30.000Z</time>
        <extensions>
          <ns3:TrackPointExtension>
            <ns3:hr>95</ns3:hr>
            <ns3:cad>57</ns3:cad>
          </ns3:TrackPointExtension>
        </extensions>
      </trkpt>
      <trkpt lat="42.29283127002418041229248046875" lon="-4.49194530956447124481201171875">
        <ele>784.5999755859375</ele>
        <time>2025-09-28T06:32:42.000Z</time>
        <extensions>
          <ns3:TrackPointExtension>
            <ns3:hr>92</ns3:hr>
            <ns3:cad>58</ns3:cad>
          </ns3:TrackPointExtension>
        </extensions>
      </trkpt>
      <trkpt lat="42.29284040629863739013671875" lon="-4.49195788241922855377197265625">
        <ele>784.79998779296875</ele>
        <time>2025-09-28T06:32:43.000Z</time>
        <extensions>
          <ns3:TrackPointExtension>
            <ns3:hr>92</ns3:hr>
            <ns3:cad>58</ns3:cad>
          </ns3:TrackPointExtension>
        </extensions>
      </trkpt>
      <trkpt lat="42.29294300079345703125" lon="-4.492106996476650238037109375">
        <ele>785</ele>
        <time>2025-09-28T06:32:56.000Z</time>
        <extensions>
          <ns3:TrackPointExtension>
            <ns3:hr>92</ns3:hr>
            <ns3:cad>59</ns3:cad>
          </ns3:TrackPointExtension>
        </extensions>
      </trkpt>
      <trkpt lat="42.292975522577762603759765625" lon="-4.49214898981153964996337890625">
        <ele>784.79998779296875</ele>
        <time>2025-09-28T06:33:03.000Z</time>
        <extensions>
          <ns3:TrackPointExtension>
            <ns3:hr>91</ns3:hr>
            <ns3:cad>0</ns3:cad>
          </ns3:TrackPointExtension>
        </extensions>
      </trkpt>
      <trkpt lat="42.293071746826171875" lon="-4.49227840639650821685791015625">
        <ele>784.79998779296875</ele>
        <time>2025-09-28T06:33:14.000Z</time>
        <extensions>
          <ns3:TrackPointExtension>
            <ns3:hr>90</ns3:hr>
            <ns3:cad>56</ns3:cad>
          </ns3:TrackPointExtension>
        </extensions>
      </trkpt>
      <trkpt lat="42.2931490279734134674072265625" lon="-4.49240765534341335296630859375">
        <ele>784.79998779296875</ele>
        <time>2025-09-28T06:33:24.000Z</time>
        <extensions>
          <ns3:TrackPointExtension>
            <ns3:hr>89</ns3:hr>
            <ns3:cad>57</ns3:cad>
          </ns3:TrackPointExtension>
        </extensions>
      </trkpt>
      <trkpt lat="42.29327224195003509521484375" lon="-4.492592476308345794677734375">
        <ele>784.79998779296875</ele>
        <time>2025-09-28T06:33:38.000Z</time>
        <extensions>
          <ns3:TrackPointExtension>
            <ns3:hr>88</ns3:hr>
            <ns3:cad>59</ns3:cad>
          </ns3:TrackPointExtension>
        </extensions>
      </trkpt>
      <trkpt lat="42.29328095912933349609375" lon="-4.49260563589632511138916015625">
        <ele>784.79998779296875</ele>
        <time>2025-09-28T06:33:39.000Z</time>
        <extensions>
          <ns3:TrackPointExtension>
            <ns3:hr>88</ns3:hr>
            <ns3:cad>59</ns3:cad>
          </ns3:TrackPointExtension>
        </extensions>
      </trkpt>
      <trkpt lat="42.29341305792331695556640625" lon="-4.49277109466493129730224609375">
        <ele>785</ele>
        <time>2025-09-28T06:33:53.000Z</time>
        <extensions>
          <ns3:TrackPointExtension>
            <ns3:hr>89</ns3:hr>
            <ns3:cad>57</ns3:cad>
          </ns3:TrackPointExtension>
        </extensions>
      </trkpt>
      <trkpt lat="42.293495871126651763916015625" lon="-4.4928964041173458099365234375">
        <ele>784.79998779296875</ele>
        <time>2025-09-28T06:34:03.000Z</time>
        <extensions>
          <ns3:TrackPointExtension>
            <ns3:hr>89</ns3:hr>
            <ns3:cad>59</ns3:cad>
          </ns3:TrackPointExtension>
        </extensions>
      </trkpt>
      <trkpt lat="42.2935773432254791259765625" lon="-4.4930268265306949615478515625">
        <ele>784.5999755859375</ele>
        <time>2025-09-28T06:34:13.000Z</time>
        <extensions>
          <ns3:TrackPointExtension>
            <ns3:hr>89</ns3:hr>
            <ns3:cad>57</ns3:cad>
          </ns3:TrackPointExtension>
        </extensions>
      </trkpt>
      <trkpt lat="42.293691337108612060546875" lon="-4.49319069273769855499267578125">
        <ele>784.4000244140625</ele>
        <time>2025-09-28T06:34:26.000Z</time>
        <extensions>
          <ns3:TrackPointExtension>
            <ns3:hr>90</ns3:hr>
            <ns3:cad>58</ns3:cad>
          </ns3:TrackPointExtension>
        </extensions>
      </trkpt>
      <trkpt lat="42.293795607984066009521484375" lon="-4.49333419091999530792236328125">
        <ele>784.5999755859375</ele>
        <time>2025-09-28T06:34:37.000Z</time>
        <extensions>
          <ns3:TrackPointExtension>
            <ns3:hr>89</ns3:hr>
            <ns3:cad>60</ns3:cad>
          </ns3:TrackPointExtension>
        </extensions>
      </trkpt>
      <trkpt lat="42.29389308951795101165771484375" lon="-4.4934774376451969146728515625">
        <ele>784.4000244140625</ele>
        <time>2025-09-28T06:34:48.000Z</time>
        <extensions>
          <ns3:TrackPointExtension>
            <ns3:hr>91</ns3:hr>
            <ns3:cad>61</ns3:cad>
          </ns3:TrackPointExtension>
        </extensions>
      </trkpt>
      <trkpt lat="42.2940049879252910614013671875" lon="-4.4936504401266574859619140625">
        <ele>784.4000244140625</ele>
        <time>2025-09-28T06:35:01.000Z</time>
        <extensions>
          <ns3:TrackPointExtension>
            <ns3:hr>91</ns3:hr>
            <ns3:cad>59</ns3:cad>
          </ns3:TrackPointExtension>
        </extensions>
      </trkpt>
      <trkpt lat="42.29410196654498577117919921875" lon="-4.4937895797193050384521484375">
        <ele>784.4000244140625</ele>
        <time>2025-09-28T06:35:12.000Z</time>
        <extensions>
          <ns3:TrackPointExtension>
            <ns3:hr>92</ns3:hr>
            <ns3:cad>59</ns3:cad>
          </ns3:TrackPointExtension>
        </extensions>
      </trkpt>
      <trkpt lat="42.29421411640942096710205078125" lon="-4.49396048672497272491455078125">
        <ele>784.5999755859375</ele>
        <time>2025-09-28T06:35:25.000Z</time>
        <extensions>
          <ns3:TrackPointExtension>
            <ns3:hr>94</ns3:hr>
            <ns3:cad>58</ns3:cad>
          </ns3:TrackPointExtension>
        </extensions>
      </trkpt>
      <trkpt lat="42.29430715553462505340576171875" lon="-4.49409694410860538482666015625">
        <ele>784.5999755859375</ele>
        <time>2025-09-28T06:35:36.000Z</time>
        <extensions>
          <ns3:TrackPointExtension>
            <ns3:hr>96</ns3:hr>
            <ns3:cad>57</ns3:cad>
          </ns3:TrackPointExtension>
        </extensions>
      </trkpt>
      <trkpt lat="42.29438242502510547637939453125" lon="-4.4941986165940761566162109375">
        <ele>784.79998779296875</ele>
        <time>2025-09-28T06:35:44.000Z</time>
        <extensions>
          <ns3:TrackPointExtension>
            <ns3:hr>97</ns3:hr>
            <ns3:cad>58</ns3:cad>
          </ns3:TrackPointExtension>
        </extensions>
      </trkpt>
      <trkpt lat="42.29447144083678722381591796875" lon="-4.494327194988727569580078125">
        <ele>785</ele>
        <time>2025-09-28T06:35:54.000Z</time>
        <extensions>
          <ns3:TrackPointExtension>
            <ns3:hr>97</ns3:hr>
            <ns3:cad>59</ns3:cad>
          </ns3:TrackPointExtension>
        </extensions>
      </trkpt>
      <trkpt lat="42.29450337588787078857421875" lon="-4.4943675957620143890380859375">
        <ele>784.79998779296875</ele>
        <time>2025-09-28T06:35:58.000Z</time>
        <extensions>
          <ns3:TrackPointExtension>
            <ns3:hr>100</ns3:hr>
            <ns3:cad>116</ns3:cad>
          </ns3:TrackPointExtension>
        </extensions>
      </trkpt>
      <trkpt lat="42.29453799314796924591064453125" lon="-4.49442467652261257171630859375">
        <ele>784.79998779296875</ele>
        <time>2025-09-28T06:36:02.000Z</time>
        <extensions>
          <ns3:TrackPointExtension>
            <ns3:hr>100</ns3:hr>
            <ns3:cad>58</ns3:cad>
          </ns3:TrackPointExtension>
        </extensions>
      </trkpt>
      <trkpt lat="42.29462482966482639312744140625" lon="-4.4945462979376316070556640625">
        <ele>785</ele>
        <time>2025-09-28T06:36:12.000Z</time>
        <extensions>
          <ns3:TrackPointExtension>
            <ns3:hr>98</ns3:hr>
            <ns3:cad>0</ns3:cad>
          </ns3:TrackPointExtension>
        </extensions>
      </trkpt>
      <trkpt lat="42.2947140969336032867431640625" lon="-4.49467311613261699676513671875">
        <ele>785.20001220703125</ele>
        <time>2025-09-28T06:36:22.000Z</time>
        <extensions>
          <ns3:TrackPointExtension>
            <ns3:hr>98</ns3:hr>
            <ns3:cad>116</ns3:cad>
          </ns3:TrackPointExtension>
        </extensions>
      </trkpt>
      <trkpt lat="42.29474888183176517486572265625" lon="-4.49474805034697055816650390625">
        <ele>785.20001220703125</ele>
        <time>2025-09-28T06:36:27.000Z</time>
        <extensions>
          <ns3:TrackPointExtension>
            <ns3:hr>95</ns3:hr>
            <ns3:cad>57</ns3:cad>
          </ns3:TrackPointExtension>
        </extensions>
      </trkpt>
      <trkpt lat="42.2947655618190765380859375" lon="-4.4947685860097408294677734375">
        <ele>785.20001220703125</ele>
        <time>2025-09-28T06:36:29.000Z</time>
        <extensions>
          <ns3:TrackPointExtension>
            <ns3:hr>92</ns3:hr>
            <ns3:cad>57</ns3:cad>
          </ns3:TrackPointExtension>
        </extensions>
      </trkpt>
      <trkpt lat="42.2947808168828487396240234375" lon="-4.494789876043796539306640625">
        <ele>785.20001220703125</ele>
        <time>2025-09-28T06:36:31.000Z</time>
        <extensions>
          <ns3:TrackPointExtension>
            <ns3:hr>89</ns3:hr>
            <ns3:cad>57</ns3:cad>
          </ns3:TrackPointExtension>
        </extensions>
      </trkpt>
      <trkpt lat="42.29484477080404758453369140625" lon="-4.49487428180873394012451171875">
        <ele>785.20001220703125</ele>
        <time>2025-09-28T06:36:38.000Z</time>
        <extensions>
          <ns3:TrackPointExtension>
            <ns3:hr>88</ns3:hr>
            <ns3:cad>58</ns3:cad>
          </ns3:TrackPointExtension>
        </extensions>
      </trkpt>
      <trkpt lat="42.29495742358267307281494140625" lon="-4.4950311072170734405517578125">
        <ele>785.5999755859375</ele>
        <time>2025-09-28T06:36:51.000Z</time>
        <extensions>
          <ns3:TrackPointExtension>
            <ns3:hr>88</ns3:hr>
            <ns3:cad>0</ns3:cad>
          </ns3:TrackPointExtension>
        </extensions>
      </trkpt>
      <trkpt lat="42.29502514936029911041259765625" lon="-4.49513294734060764312744140625">
        <ele>785.4000244140625</ele>
        <time>2025-09-28T06:36:59.000Z</time>
        <extensions>
          <ns3:TrackPointExtension>
            <ns3:hr>91</ns3:hr>
            <ns3:cad>58</ns3:cad>
          </ns3:TrackPointExtension>
        </extensions>
      </trkpt>
      <trkpt lat="42.29503386653959751129150390625" lon="-4.4951474480330944061279296875">
        <ele>785.4000244140625</ele>
        <time>2025-09-28T06:37:00.000Z</time>
        <extensions>
          <ns3:TrackPointExtension>
            <ns3:hr>91</ns3:hr>
            <ns3:cad>58</ns3:cad>
          </ns3:TrackPointExtension>
        </extensions>
      </trkpt>
      <trkpt lat="42.29510947130620479583740234375" lon="-4.49526420794427394866943359375">
        <ele>785.5999755859375</ele>
        <time>2025-09-28T06:37:09.000Z</time>
        <extensions>
          <ns3:TrackPointExtension>
            <ns3:hr>92</ns3:hr>
            <ns3:cad>57</ns3:cad>
          </ns3:TrackPointExtension>
        </extensions>
      </trkpt>
      <trkpt lat="42.29518490843474864959716796875" lon="-4.495358169078826904296875">
        <ele>785.79998779296875</ele>
        <time>2025-09-28T06:37:17.000Z</time>
        <extensions>
          <ns3:TrackPointExtension>
            <ns3:hr>91</ns3:hr>
            <ns3:cad>0</ns3:cad>
          </ns3:TrackPointExtension>
        </extensions>
      </trkpt>
      <trkpt lat="42.2952233813703060150146484375" lon="-4.49542262591421604156494140625">
        <ele>785.79998779296875</ele>
        <time>2025-09-28T06:37:22.000Z</time>
        <extensions>
          <ns3:TrackPointExtension>
            <ns3:hr>91</ns3:hr>
            <ns3:cad>59</ns3:cad>
          </ns3:TrackPointExtension>
        </extensions>
      </trkpt>
      <trkpt lat="42.2952626086771488189697265625" lon="-4.495473839342594146728515625">
        <ele>785.79998779296875</ele>
        <time>2025-09-28T06:37:27.000Z</time>
        <extensions>
          <ns3:TrackPointExtension>
            <ns3:hr>88</ns3:hr>
            <ns3:cad>57</ns3:cad>
          </ns3:TrackPointExtension>
        </extensions>
      </trkpt>
      <trkpt lat="42.29530996643006801605224609375" lon="-4.4955588318407535552978515625">
        <ele>785.79998779296875</ele>
        <time>2025-09-28T06:37:34.000Z</time>
        <extensions>
          <ns3:TrackPointExtension>
            <ns3:hr>88</ns3:hr>
            <ns3:cad>0</ns3:cad>
          </ns3:TrackPointExtension>
        </extensions>
      </trkpt>
      <trkpt lat="42.295389510691165924072265625" lon="-4.49568062089383602142333984375">
        <ele>786</ele>
        <time>2025-09-28T06:37:44.000Z</time>
        <extensions>
          <ns3:TrackPointExtension>
            <ns3:hr>88</ns3:hr>
            <ns3:cad>57</ns3:cad>
          </ns3:TrackPointExtension>
        </extensions>
      </trkpt>
      <trkpt lat="42.295492775738239288330078125" lon="-4.49582311324775218963623046875">
        <ele>785.79998779296875</ele>
        <time>2025-09-28T06:37:56.000Z</time>
        <extensions>
          <ns3:TrackPointExtension>
            <ns3:hr>89</ns3:hr>
            <ns3:cad>0</ns3:cad>
          </ns3:TrackPointExtension>
        </extensions>
      </trkpt>
      <trkpt lat="42.29557584039866924285888671875" lon="-4.49591363780200481414794921875">
        <ele>786</ele>
        <time>2025-09-28T06:38:05.000Z</time>
        <extensions>
          <ns3:TrackPointExtension>
            <ns3:hr>88</ns3:hr>
            <ns3:cad>59</ns3:cad>
          </ns3:TrackPointExtension>
        </extensions>
      </trkpt>
      <trkpt lat="42.29566074907779693603515625" lon="-4.49605026282370090484619140625">
        <ele>786.20001220703125</ele>
        <time>2025-09-28T06:38:16.000Z</time>
        <extensions>
          <ns3:TrackPointExtension>
            <ns3:hr>90</ns3:hr>
            <ns3:cad>58</ns3:cad>
          </ns3:TrackPointExtension>
        </extensions>
      </trkpt>
      <trkpt lat="42.29575705714523792266845703125" lon="-4.4962163083255290985107421875">
        <ele>786</ele>
        <time>2025-09-28T06:38:28.000Z</time>
        <extensions>
          <ns3:TrackPointExtension>
            <ns3:hr>89</ns3:hr>
            <ns3:cad>60</ns3:cad>
          </ns3:TrackPointExtension>
        </extensions>
      </trkpt>
      <trkpt lat="42.29584858752787113189697265625" lon="-4.49631731025874614715576171875">
        <ele>785.79998779296875</ele>
        <time>2025-09-28T06:38:37.000Z</time>
        <extensions>
          <ns3:TrackPointExtension>
            <ns3:hr>88</ns3:hr>
            <ns3:cad>58</ns3:cad>
          </ns3:TrackPointExtension>
        </extensions>
      </trkpt>
      <trkpt lat="42.2959294728934764862060546875" lon="-4.4964546896517276763916015625">
        <ele>786</ele>
        <time>2025-09-28T06:38:47.000Z</time>
        <extensions>
          <ns3:TrackPointExtension>
            <ns3:hr>88</ns3:hr>
            <ns3:cad>59</ns3:cad>
          </ns3:TrackPointExtension>
        </extensions>
      </trkpt>
      <trkpt lat="42.2960153035819530487060546875" lon="-4.4965763948857784271240234375">
        <ele>786</ele>
        <time>2025-09-28T06:38:57.000Z</time>
        <extensions>
          <ns3:TrackPointExtension>
            <ns3:hr>88</ns3:hr>
            <ns3:cad>57</ns3:cad>
          </ns3:TrackPointExtension>
        </extensions>
      </trkpt>
      <trkpt lat="42.2961064986884593963623046875" lon="-4.49670069850981235504150390625">
        <ele>785.79998779296875</ele>
        <time>2025-09-28T06:39:07.000Z</time>
        <extensions>
          <ns3:TrackPointExtension>
            <ns3:hr>88</ns3:hr>
            <ns3:cad>59</ns3:cad>
          </ns3:TrackPointExtension>
        </extensions>
      </trkpt>
      <trkpt lat="42.29622644372284412384033203125" lon="-4.49686850421130657196044921875">
        <ele>785.79998779296875</ele>
        <time>2025-09-28T06:39:21.000Z</time>
        <extensions>
          <ns3:TrackPointExtension>
            <ns3:hr>90</ns3:hr>
            <ns3:cad>58</ns3:cad>
          </ns3:TrackPointExtension>
        </extensions>
      </trkpt>
      <trkpt lat="42.29634177871048450469970703125" lon="-4.49705424718558788299560546875">
        <ele>785.5999755859375</ele>
        <time>2025-09-28T06:39:35.000Z</time>
        <extensions>
          <ns3:TrackPointExtension>
            <ns3:hr>90</ns3:hr>
            <ns3:cad>60</ns3:cad>
          </ns3:TrackPointExtension>
        </extensions>
      </trkpt>
      <trkpt lat="42.296428196132183074951171875" lon="-4.49718902818858623504638671875">
        <ele>785.79998779296875</ele>
        <time>2025-09-28T06:39:45.000Z</time>
        <extensions>
          <ns3:TrackPointExtension>
            <ns3:hr>91</ns3:hr>
            <ns3:cad>57</ns3:cad>
          </ns3:TrackPointExtension>
        </extensions>
      </trkpt>
      <trkpt lat="42.2965192236006259918212890625" lon="-4.49732263572514057159423828125">
        <ele>785.4000244140625</ele>
        <time>2025-09-28T06:39:56.000Z</time>
        <extensions>
          <ns3:TrackPointExtension>
            <ns3:hr>88</ns3:hr>
            <ns3:cad>57</ns3:cad>
          </ns3:TrackPointExtension>
        </extensions>
      </trkpt>
      <trkpt lat="42.29654856026172637939453125" lon="-4.4973562471568584442138671875">
        <ele>785.4000244140625</ele>
        <time>2025-09-28T06:39:59.000Z</time>
        <extensions>
          <ns3:TrackPointExtension>
            <ns3:hr>83</ns3:hr>
            <ns3:cad>58</ns3:cad>
          </ns3:TrackPointExtension>
        </extensions>
      </trkpt>
      <trkpt lat="42.29656641371548175811767578125" lon="-4.49738181196153163909912109375">
        <ele>785.4000244140625</ele>
        <time>2025-09-28T06:40:01.000Z</time>
        <extensions>
          <ns3:TrackPointExtension>
            <ns3:hr>80</ns3:hr>
            <ns3:cad>59</ns3:cad>
          </ns3:TrackPointExtension>
        </extensions>
      </trkpt>
      <trkpt lat="42.29662693105638027191162109375" lon="-4.4974675588309764862060546875">
        <ele>785.4000244140625</ele>
        <time>2025-09-28T06:40:08.000Z</time>
        <extensions>
          <ns3:TrackPointExtension>
            <ns3:hr>78</ns3:hr>
            <ns3:cad>58</ns3:cad>
          </ns3:TrackPointExtension>
        </extensions>
      </trkpt>
      <trkpt lat="42.2967163659632205963134765625" lon="-4.49759387411177158355712890625">
        <ele>785.5999755859375</ele>
        <time>2025-09-28T06:40:18.000Z</time>
        <extensions>
          <ns3:TrackPointExtension>
            <ns3:hr>79</ns3:hr>
            <ns3:cad>57</ns3:cad>
          </ns3:TrackPointExtension>
        </extensions>
      </trkpt>
      <trkpt lat="42.29679842479526996612548828125" lon="-4.49773033149540424346923828125">
        <ele>785.4000244140625</ele>
        <time>2025-09-28T06:40:28.000Z</time>
        <extensions>
          <ns3:TrackPointExtension>
            <ns3:hr>79</ns3:hr>
            <ns3:cad>59</ns3:cad>
          </ns3:TrackPointExtension>
        </extensions>
      </trkpt>
      <trkpt lat="42.29690931737422943115234375" lon="-4.497879780828952789306640625">
        <ele>785.4000244140625</ele>
        <time>2025-09-28T06:40:40.000Z</time>
        <extensions>
          <ns3:TrackPointExtension>
            <ns3:hr>78</ns3:hr>
            <ns3:cad>58</ns3:cad>
          </ns3:TrackPointExtension>
        </extensions>
      </trkpt>
      <trkpt lat="42.2969849221408367156982421875" lon="-4.49801280163228511810302734375">
        <ele>785.5999755859375</ele>
        <time>2025-09-28T06:40:50.000Z</time>
        <extensions>
          <ns3:TrackPointExtension>
            <ns3:hr>77</ns3:hr>
            <ns3:cad>57</ns3:cad>
          </ns3:TrackPointExtension>
        </extensions>
      </trkpt>
      <trkpt lat="42.29706748388707637786865234375" lon="-4.49812394566833972930908203125">
        <ele>785.5999755859375</ele>
        <time>2025-09-28T06:40:59.000Z</time>
        <extensions>
          <ns3:TrackPointExtension>
            <ns3:hr>79</ns3:hr>
            <ns3:cad>61</ns3:cad>
          </ns3:TrackPointExtension>
        </extensions>
      </trkpt>
      <trkpt lat="42.29716286994516849517822265625" lon="-4.49827197007834911346435546875">
        <ele>786</ele>
        <time>2025-09-28T06:41:10.000Z</time>
        <extensions>
          <ns3:TrackPointExtension>
            <ns3:hr>81</ns3:hr>
            <ns3:cad>59</ns3:cad>
          </ns3:TrackPointExtension>
        </extensions>
      </trkpt>
      <trkpt lat="42.29724668897688388824462890625" lon="-4.498408846557140350341796875">
        <ele>785.5999755859375</ele>
        <time>2025-09-28T06:41:20.000Z</time>
        <extensions>
          <ns3:TrackPointExtension>
            <ns3:hr>77</ns3:hr>
            <ns3:cad>59</ns3:cad>
          </ns3:TrackPointExtension>
        </extensions>
      </trkpt>
      <trkpt lat="42.29727200232446193695068359375" lon="-4.4984494149684906005859375">
        <ele>785.5999755859375</ele>
        <time>2025-09-28T06:41:23.000Z</time>
        <extensions>
          <ns3:TrackPointExtension>
            <ns3:hr>75</ns3:hr>
            <ns3:cad>59</ns3:cad>
          </ns3:TrackPointExtension>
        </extensions>
      </trkpt>
      <trkpt lat="42.2973698191344738006591796875" lon="-4.49859634973108768463134765625">
        <ele>785.5999755859375</ele>
        <time>2025-09-28T06:41:34.000Z</time>
        <extensions>
          <ns3:TrackPointExtension>
            <ns3:hr>75</ns3:hr>
            <ns3:cad>0</ns3:cad>
          </ns3:TrackPointExtension>
        </extensions>
      </trkpt>
      <trkpt lat="42.29745187796652317047119140625" lon="-4.49873481877148151397705078125">
        <ele>785.5999755859375</ele>
        <time>2025-09-28T06:41:44.000Z</time>
        <extensions>
          <ns3:TrackPointExtension>
            <ns3:hr>74</ns3:hr>
            <ns3:cad>58</ns3:cad>
          </ns3:TrackPointExtension>
        </extensions>
      </trkpt>
      <trkpt lat="42.29754994623363018035888671875" lon="-4.4988646544516086578369140625">
        <ele>785.5999755859375</ele>
        <time>2025-09-28T06:41:55.000Z</time>
        <extensions>
          <ns3:TrackPointExtension>
            <ns3:hr>75</ns3:hr>
            <ns3:cad>59</ns3:cad>
          </ns3:TrackPointExtension>
        </extensions>
      </trkpt>
      <trkpt lat="42.29763577692210674285888671875" lon="-4.49901879765093326568603515625">
        <ele>785.5999755859375</ele>
        <time>2025-09-28T06:42:06.000Z</time>
        <extensions>
          <ns3:TrackPointExtension>
            <ns3:hr>76</ns3:hr>
            <ns3:cad>59</ns3:cad>
          </ns3:TrackPointExtension>
        </extensions>
      </trkpt>
      <trkpt lat="42.29767198674380779266357421875" lon="-4.49917620979249477386474609375">
        <ele>785.79998779296875</ele>
        <time>2025-09-28T06:42:16.000Z</time>
        <extensions>
          <ns3:TrackPointExtension>
            <ns3:hr>76</ns3:hr>
            <ns3:cad>61</ns3:cad>
          </ns3:TrackPointExtension>
        </extensions>
      </trkpt>
      <trkpt lat="42.29770065285265445709228515625" lon="-4.499249048531055450439453125">
        <ele>785.79998779296875</ele>
        <time>2025-09-28T06:42:23.000Z</time>
        <extensions>
          <ns3:TrackPointExtension>
            <ns3:hr>77</ns3:hr>
            <ns3:cad>51</ns3:cad>
          </ns3:TrackPointExtension>
        </extensions>
      </trkpt>
      <trkpt lat="42.29775966145098209381103515625" lon="-4.49935239739716053009033203125">
        <ele>785.5999755859375</ele>
        <time>2025-09-28T06:42:32.000Z</time>
        <extensions>
          <ns3:TrackPointExtension>
            <ns3:hr>77</ns3:hr>
            <ns3:cad>54</ns3:cad>
          </ns3:TrackPointExtension>
        </extensions>
      </trkpt>
      <trkpt lat="42.2978355176746845245361328125" lon="-4.49945314787328243255615234375">
        <ele>785.79998779296875</ele>
        <time>2025-09-28T06:42:41.000Z</time>
        <extensions>
          <ns3:TrackPointExtension>
            <ns3:hr>77</ns3:hr>
            <ns3:cad>57</ns3:cad>
          </ns3:TrackPointExtension>
        </extensions>
      </trkpt>
      <trkpt lat="42.29794037528336048126220703125" lon="-4.49959849007427692413330078125">
        <ele>786.20001220703125</ele>
        <time>2025-09-28T06:42:53.000Z</time>
        <extensions>
          <ns3:TrackPointExtension>
            <ns3:hr>79</ns3:hr>
            <ns3:cad>58</ns3:cad>
          </ns3:TrackPointExtension>
        </extensions>
      </trkpt>
      <trkpt lat="42.29799854569137096405029296875" lon="-4.49968256056308746337890625">
        <ele>786</ele>
        <time>2025-09-28T06:43:00.000Z</time>
        <extensions>
          <ns3:TrackPointExtension>
            <ns3:hr>81</ns3:hr>
            <ns3:cad>60</ns3:cad>
          </ns3:TrackPointExtension>
        </extensions>
      </trkpt>
      <trkpt lat="42.29808772914111614227294921875" lon="-4.49983402155339717864990234375">
        <ele>785.4000244140625</ele>
        <time>2025-09-28T06:43:11.000Z</time>
        <extensions>
          <ns3:TrackPointExtension>
            <ns3:hr>81</ns3:hr>
            <ns3:cad>59</ns3:cad>
          </ns3:TrackPointExtension>
        </extensions>
      </trkpt>
      <trkpt lat="42.298160232603549957275390625" lon="-4.49995480477809906005859375">
        <ele>785.20001220703125</ele>
        <time>2025-09-28T06:43:20.000Z</time>
        <extensions>
          <ns3:TrackPointExtension>
            <ns3:hr>81</ns3:hr>
            <ns3:cad>60</ns3:cad>
          </ns3:TrackPointExtension>
        </extensions>
      </trkpt>
      <trkpt lat="42.29825050570070743560791015625" lon="-4.5001713931560516357421875">
        <ele>785.20001220703125</ele>
        <time>2025-09-28T06:43:33.000Z</time>
        <extensions>
          <ns3:TrackPointExtension>
            <ns3:hr>81</ns3:hr>
            <ns3:cad>59</ns3:cad>
          </ns3:TrackPointExtension>
        </extensions>
      </trkpt>
      <trkpt lat="42.2982599772512912750244140625" lon="-4.5001874864101409912109375">
        <ele>785.20001220703125</ele>
        <time>2025-09-28T06:43:34.000Z</time>
        <extensions>
          <ns3:TrackPointExtension>
            <ns3:hr>81</ns3:hr>
            <ns3:cad>60</ns3:cad>
          </ns3:TrackPointExtension>
        </extensions>
      </trkpt>
      <trkpt lat="42.29832342825829982757568359375" lon="-4.5002956129610538482666015625">
        <ele>785.20001220703125</ele>
        <time>2025-09-28T06:43:43.000Z</time>
        <extensions>
          <ns3:TrackPointExtension>
            <ns3:hr>81</ns3:hr>
            <ns3:cad>59</ns3:cad>
          </ns3:TrackPointExtension>
        </extensions>
      </trkpt>
      <trkpt lat="42.29841344989836215972900390625" lon="-4.500426538288593292236328125">
        <ele>785.20001220703125</ele>
        <time>2025-09-28T06:43:53.000Z</time>
        <extensions>
          <ns3:TrackPointExtension>
            <ns3:hr>82</ns3:hr>
            <ns3:cad>59</ns3:cad>
          </ns3:TrackPointExtension>
        </extensions>
      </trkpt>
      <trkpt lat="42.29846491478383541107177734375" lon="-4.500566013157367706298828125">
        <ele>785.20001220703125</ele>
        <time>2025-09-28T06:44:03.000Z</time>
        <extensions>
          <ns3:TrackPointExtension>
            <ns3:hr>84</ns3:hr>
            <ns3:cad>59</ns3:cad>
          </ns3:TrackPointExtension>
        </extensions>
      </trkpt>
      <trkpt lat="42.29853951372206211090087890625" lon="-4.50071764178574085235595703125">
        <ele>785.4000244140625</ele>
        <time>2025-09-28T06:44:13.000Z</time>
        <extensions>
          <ns3:TrackPointExtension>
            <ns3:hr>84</ns3:hr>
            <ns3:cad>59</ns3:cad>
          </ns3:TrackPointExtension>
        </extensions>
      </trkpt>
      <trkpt lat="42.29860581457614898681640625" lon="-4.5008669234812259674072265625">
        <ele>785.5999755859375</ele>
        <time>2025-09-28T06:44:23.000Z</time>
        <extensions>
          <ns3:TrackPointExtension>
            <ns3:hr>85</ns3:hr>
            <ns3:cad>58</ns3:cad>
          </ns3:TrackPointExtension>
        </extensions>
      </trkpt>
      <trkpt lat="42.29866373352706432342529296875" lon="-4.5009497366845607757568359375">
        <ele>785.5999755859375</ele>
        <time>2025-09-28T06:44:30.000Z</time>
        <extensions>
          <ns3:TrackPointExtension>
            <ns3:hr>86</ns3:hr>
            <ns3:cad>59</ns3:cad>
          </ns3:TrackPointExtension>
        </extensions>
      </trkpt>
      <trkpt lat="42.298704050481319427490234375" lon="-4.5010188035666942596435546875">
        <ele>785.79998779296875</ele>
        <time>2025-09-28T06:44:35.000Z</time>
        <extensions>
          <ns3:TrackPointExtension>
            <ns3:hr>82</ns3:hr>
            <ns3:cad>59</ns3:cad>
          </ns3:TrackPointExtension>
        </extensions>
      </trkpt>
      <trkpt lat="42.29873456060886383056640625" lon="-4.50108912773430347442626953125">
        <ele>785.79998779296875</ele>
        <time>2025-09-28T06:44:40.000Z</time>
        <extensions>
          <ns3:TrackPointExtension>
            <ns3:hr>82</ns3:hr>
            <ns3:cad>59</ns3:cad>
          </ns3:TrackPointExtension>
        </extensions>
      </trkpt>
      <trkpt lat="42.29876817204058170318603515625" lon="-4.5011552609503269195556640625">
        <ele>785.79998779296875</ele>
        <time>2025-09-28T06:44:44.000Z</time>
        <extensions>
          <ns3:TrackPointExtension>
            <ns3:hr>85</ns3:hr>
            <ns3:cad>59</ns3:cad>
          </ns3:TrackPointExtension>
        </extensions>
      </trkpt>
      <trkpt lat="42.29881192557513713836669921875" lon="-4.501255340874195098876953125">
        <ele>785.5999755859375</ele>
        <time>2025-09-28T06:44:51.000Z</time>
        <extensions>
          <ns3:TrackPointExtension>
            <ns3:hr>87</ns3:hr>
            <ns3:cad>59</ns3:cad>
          </ns3:TrackPointExtension>
        </extensions>
      </trkpt>
      <trkpt lat="42.2989134304225444793701171875" lon="-4.50136606581509113311767578125">
        <ele>785.5999755859375</ele>
        <time>2025-09-28T06:45:01.000Z</time>
        <extensions>
          <ns3:TrackPointExtension>
            <ns3:hr>88</ns3:hr>
            <ns3:cad>60</ns3:cad>
          </ns3:TrackPointExtension>
        </extensions>
      </trkpt>
      <trkpt lat="42.2989989258348941802978515625" lon="-4.50151962228119373321533203125">
        <ele>786</ele>
        <time>2025-09-28T06:45:13.000Z</time>
        <extensions>
          <ns3:TrackPointExtension>
            <ns3:hr>89</ns3:hr>
            <ns3:cad>58</ns3:cad>
          </ns3:TrackPointExtension>
        </extensions>
      </trkpt>
      <trkpt lat="42.29909070767462253570556640625" lon="-4.50169094838201999664306640625">
        <ele>786</ele>
        <time>2025-09-28T06:45:25.000Z</time>
        <extensions>
          <ns3:TrackPointExtension>
            <ns3:hr>90</ns3:hr>
            <ns3:cad>59</ns3:cad>
          </ns3:TrackPointExtension>
        </extensions>
      </trkpt>
      <trkpt lat="42.29917452670633792877197265625" lon="-4.5018942095339298248291015625">
        <ele>786</ele>
        <time>2025-09-28T06:45:38.000Z</time>
        <extensions>
          <ns3:TrackPointExtension>
            <ns3:hr>91</ns3:hr>
            <ns3:cad>60</ns3:cad>
          </ns3:TrackPointExtension>
        </extensions>
      </trkpt>
      <trkpt lat="42.299213670194149017333984375" lon="-4.5019646175205707550048828125">
        <ele>786</ele>
        <time>2025-09-28T06:45:43.000Z</time>
        <extensions>
          <ns3:TrackPointExtension>
            <ns3:hr>94</ns3:hr>
            <ns3:cad>59</ns3:cad>
          </ns3:TrackPointExtension>
        </extensions>
      </trkpt>
      <trkpt lat="42.29925046674907207489013671875" lon="-4.5020420663058757781982421875">
        <ele>786.20001220703125</ele>
        <time>2025-09-28T06:45:48.000Z</time>
        <extensions>
          <ns3:TrackPointExtension>
            <ns3:hr>96</ns3:hr>
            <ns3:cad>59</ns3:cad>
          </ns3:TrackPointExtension>
        </extensions>
      </trkpt>
      <trkpt lat="42.29931768961250782012939453125" lon="-4.50216821394860744476318359375">
        <ele>786.20001220703125</ele>
        <time>2025-09-28T06:45:57.000Z</time>
        <extensions>
          <ns3:TrackPointExtension>
            <ns3:hr>95</ns3:hr>
            <ns3:cad>59</ns3:cad>
          </ns3:TrackPointExtension>
        </extensions>
      </trkpt>
      <trkpt lat="42.29935959912836551666259765625" lon="-4.50230718590319156646728515625">
        <ele>786</ele>
        <time>2025-09-28T06:46:05.000Z</time>
        <extensions>
          <ns3:TrackPointExtension>
            <ns3:hr>93</ns3:hr>
            <ns3:cad>59</ns3:cad>
          </ns3:TrackPointExtension>
        </extensions>
      </trkpt>
      <trkpt lat="42.2994096390902996063232421875" lon="-4.50240458361804485321044921875">
        <ele>786.20001220703125</ele>
        <time>2025-09-28T06:46:12.000Z</time>
        <extensions>
          <ns3:TrackPointExtension>
            <ns3:hr>90</ns3:hr>
            <ns3:cad>58</ns3:cad>
          </ns3:TrackPointExtension>
        </extensions>
      </trkpt>
      <trkpt lat="42.29942162521183490753173828125" lon="-4.50243257917463779449462890625">
        <ele>786.20001220703125</ele>
        <time>2025-09-28T06:46:14.000Z</time>
        <extensions>
          <ns3:TrackPointExtension>
            <ns3:hr>89</ns3:hr>
            <ns3:cad>59</ns3:cad>
          </ns3:TrackPointExtension>
        </extensions>
      </trkpt>
      <trkpt lat="42.2995055280625820159912109375" lon="-4.50264346785843372344970703125">
        <ele>786.20001220703125</ele>
        <time>2025-09-28T06:46:27.000Z</time>
        <extensions>
          <ns3:TrackPointExtension>
            <ns3:hr>90</ns3:hr>
            <ns3:cad>59</ns3:cad>
          </ns3:TrackPointExtension>
        </extensions>
      </trkpt>
      <trkpt lat="42.299587838351726531982421875" lon="-4.5028353296220302581787109375">
        <ele>786.4000244140625</ele>
        <time>2025-09-28T06:46:40.000Z</time>
        <extensions>
          <ns3:TrackPointExtension>
            <ns3:hr>89</ns3:hr>
            <ns3:cad>59</ns3:cad>
          </ns3:TrackPointExtension>
        </extensions>
      </trkpt>
      <trkpt lat="42.2996621020138263702392578125" lon="-4.50300288386642932891845703125">
        <ele>786.20001220703125</ele>
        <time>2025-09-28T06:46:51.000Z</time>
        <extensions>
          <ns3:TrackPointExtension>
            <ns3:hr>89</ns3:hr>
            <ns3:cad>60</ns3:cad>
          </ns3:TrackPointExtension>
        </extensions>
      </trkpt>
      <trkpt lat="42.29972521774470806121826171875" lon="-4.5031628943979740142822265625">
        <ele>786.20001220703125</ele>
        <time>2025-09-28T06:47:01.000Z</time>
        <extensions>
          <ns3:TrackPointExtension>
            <ns3:hr>89</ns3:hr>
            <ns3:cad>59</ns3:cad>
          </ns3:TrackPointExtension>
        </extensions>
      </trkpt>
      <trkpt lat="42.29980400763452053070068359375" lon="-4.5033456198871135711669921875">
        <ele>786.20001220703125</ele>
        <time>2025-09-28T06:47:13.000Z</time>
        <extensions>
          <ns3:TrackPointExtension>
            <ns3:hr>91</ns3:hr>
            <ns3:cad>60</ns3:cad>
          </ns3:TrackPointExtension>
        </extensions>
      </trkpt>
      <trkpt lat="42.29985698126256465911865234375" lon="-4.50347662903368473052978515625">
        <ele>786</ele>
        <time>2025-09-28T06:47:22.000Z</time>
        <extensions>
          <ns3:TrackPointExtension>
            <ns3:hr>90</ns3:hr>
            <ns3:cad>0</ns3:cad>
          </ns3:TrackPointExtension>
        </extensions>
      </trkpt>
      <trkpt lat="42.2999293170869350433349609375" lon="-4.50365600176155567169189453125">
        <ele>786</ele>
        <time>2025-09-28T06:47:34.000Z</time>
        <extensions>
          <ns3:TrackPointExtension>
            <ns3:hr>88</ns3:hr>
            <ns3:cad>59</ns3:cad>
          </ns3:TrackPointExtension>
        </extensions>
      </trkpt>
      <trkpt lat="42.29998975060880184173583984375" lon="-4.50379933230578899383544921875">
        <ele>785.79998779296875</ele>
        <time>2025-09-28T06:47:43.000Z</time>
        <extensions>
          <ns3:TrackPointExtension>
            <ns3:hr>89</ns3:hr>
            <ns3:cad>58</ns3:cad>
          </ns3:TrackPointExtension>
        </extensions>
      </trkpt>
      <trkpt lat="42.30004993267357349395751953125" lon="-4.50394869782030582427978515625">
        <ele>785.79998779296875</ele>
        <time>2025-09-28T06:47:53.000Z</time>
        <extensions>
          <ns3:TrackPointExtension>
            <ns3:hr>87</ns3:hr>
            <ns3:cad>59</ns3:cad>
          </ns3:TrackPointExtension>
        </extensions>
      </trkpt>
      <trkpt lat="42.300116233527660369873046875" lon="-4.50410946272313594818115234375">
        <ele>785.79998779296875</ele>
        <time>2025-09-28T06:48:03.000Z</time>
        <extensions>
          <ns3:TrackPointExtension>
            <ns3:hr>88</ns3:hr>
            <ns3:cad>59</ns3:cad>
          </ns3:TrackPointExtension>
        </extensions>
      </trkpt>
      <trkpt lat="42.3001958616077899932861328125" lon="-4.50430174358189105987548828125">
        <ele>785.5999755859375</ele>
        <time>2025-09-28T06:48:16.000Z</time>
        <extensions>
          <ns3:TrackPointExtension>
            <ns3:hr>89</ns3:hr>
            <ns3:cad>58</ns3:cad>
          </ns3:TrackPointExtension>
        </extensions>
      </trkpt>
      <trkpt lat="42.30026216246187686920166015625" lon="-4.50444884598255157470703125">
        <ele>785.79998779296875</ele>
        <time>2025-09-28T06:48:26.000Z</time>
        <extensions>
          <ns3:TrackPointExtension>
            <ns3:hr>88</ns3:hr>
            <ns3:cad>59</ns3:cad>
          </ns3:TrackPointExtension>
        </extensions>
      </trkpt>
      <trkpt lat="42.30031974613666534423828125" lon="-4.5045911706984043121337890625">
        <ele>785.5999755859375</ele>
        <time>2025-09-28T06:48:35.000Z</time>
        <extensions>
          <ns3:TrackPointExtension>
            <ns3:hr>86</ns3:hr>
            <ns3:cad>61</ns3:cad>
          </ns3:TrackPointExtension>
        </extensions>
      </trkpt>
      <trkpt lat="42.3003822751343250274658203125" lon="-4.50472687371075153350830078125">
        <ele>785.79998779296875</ele>
        <time>2025-09-28T06:48:44.000Z</time>
        <extensions>
          <ns3:TrackPointExtension>
            <ns3:hr>86</ns3:hr>
            <ns3:cad>61</ns3:cad>
          </ns3:TrackPointExtension>
        </extensions>
      </trkpt>
      <trkpt lat="42.30045796371996402740478515625" lon="-4.50490859337151050567626953125">
        <ele>785.79998779296875</ele>
        <time>2025-09-28T06:48:56.000Z</time>
        <extensions>
          <ns3:TrackPointExtension>
            <ns3:hr>86</ns3:hr>
            <ns3:cad>59</ns3:cad>
          </ns3:TrackPointExtension>
        </extensions>
      </trkpt>
      <trkpt lat="42.30052518658339977264404296875" lon="-4.5050541870296001434326171875">
        <ele>785.79998779296875</ele>
        <time>2025-09-28T06:49:06.000Z</time>
        <extensions>
          <ns3:TrackPointExtension>
            <ns3:hr>84</ns3:hr>
            <ns3:cad>58</ns3:cad>
          </ns3:TrackPointExtension>
        </extensions>
      </trkpt>
      <trkpt lat="42.30057396925985813140869140625" lon="-4.505195505917072296142578125">
        <ele>786</ele>
        <time>2025-09-28T06:49:15.000Z</time>
        <extensions>
          <ns3:TrackPointExtension>
            <ns3:hr>84</ns3:hr>
            <ns3:cad>58</ns3:cad>
          </ns3:TrackPointExtension>
        </extensions>
      </trkpt>
      <trkpt lat="42.30063515715301036834716796875" lon="-4.50535115785896778106689453125">
        <ele>785.79998779296875</ele>
        <time>2025-09-28T06:49:25.000Z</time>
        <extensions>
          <ns3:TrackPointExtension>
            <ns3:hr>83</ns3:hr>
            <ns3:cad>59</ns3:cad>
          </ns3:TrackPointExtension>
        </extensions>
      </trkpt>
      <trkpt lat="42.30070087127387523651123046875" lon="-4.50548644177615642547607421875">
        <ele>786.20001220703125</ele>
        <time>2025-09-28T06:49:34.000Z</time>
        <extensions>
          <ns3:TrackPointExtension>
            <ns3:hr>82</ns3:hr>
            <ns3:cad>58</ns3:cad>
          </ns3:TrackPointExtension>
        </extensions>
      </trkpt>
      <trkpt lat="42.30077262036502361297607421875" lon="-4.5056452788412570953369140625">
        <ele>786.20001220703125</ele>
        <time>2025-09-28T06:49:45.000Z</time>
        <extensions>
          <ns3:TrackPointExtension>
            <ns3:hr>83</ns3:hr>
            <ns3:cad>0</ns3:cad>
          </ns3:TrackPointExtension>
        </extensions>
      </trkpt>
      <trkpt lat="42.30082006193697452545166015625" lon="-4.50577343814074993133544921875">
        <ele>786</ele>
        <time>2025-09-28T06:49:53.000Z</time>
        <extensions>
          <ns3:TrackPointExtension>
            <ns3:hr>82</ns3:hr>
            <ns3:cad>58</ns3:cad>
          </ns3:TrackPointExtension>
        </extensions>
      </trkpt>
      <trkpt lat="42.300893403589725494384765625" lon="-4.505937136709690093994140625">
        <ele>786</ele>
        <time>2025-09-28T06:50:04.000Z</time>
        <extensions>
          <ns3:TrackPointExtension>
            <ns3:hr>82</ns3:hr>
            <ns3:cad>58</ns3:cad>
          </ns3:TrackPointExtension>
        </extensions>
      </trkpt>
      <trkpt lat="42.30095283128321170806884765625" lon="-4.5060821436345577239990234375">
        <ele>786.4000244140625</ele>
        <time>2025-09-28T06:50:14.000Z</time>
        <extensions>
          <ns3:TrackPointExtension>
            <ns3:hr>82</ns3:hr>
            <ns3:cad>59</ns3:cad>
          </ns3:TrackPointExtension>
        </extensions>
      </trkpt>
      <trkpt lat="42.30099960230290889739990234375" lon="-4.50619370676577091217041015625">
        <ele>786.4000244140625</ele>
        <time>2025-09-28T06:50:22.000Z</time>
        <extensions>
          <ns3:TrackPointExtension>
            <ns3:hr>81</ns3:hr>
            <ns3:cad>58</ns3:cad>
          </ns3:TrackPointExtension>
        </extensions>
      </trkpt>
      <trkpt lat="42.3010526597499847412109375" lon="-4.50631356798112392425537109375">
        <ele>786.20001220703125</ele>
        <time>2025-09-28T06:50:30.000Z</time>
        <extensions>
          <ns3:TrackPointExtension>
            <ns3:hr>82</ns3:hr>
            <ns3:cad>58</ns3:cad>
          </ns3:TrackPointExtension>
        </extensions>
      </trkpt>
      <trkpt lat="42.30110689066350460052490234375" lon="-4.50645337812602519989013671875">
        <ele>786.4000244140625</ele>
        <time>2025-09-28T06:50:39.000Z</time>
        <extensions>
          <ns3:TrackPointExtension>
            <ns3:hr>82</ns3:hr>
            <ns3:cad>60</ns3:cad>
          </ns3:TrackPointExtension>
        </extensions>
      </trkpt>
      <trkpt lat="42.30115517042577266693115234375" lon="-4.50657558627426624298095703125">
        <ele>786.5999755859375</ele>
        <time>2025-09-28T06:50:48.000Z</time>
        <extensions>
          <ns3:TrackPointExtension>
            <ns3:hr>83</ns3:hr>
            <ns3:cad>0</ns3:cad>
          </ns3:TrackPointExtension>
        </extensions>
      </trkpt>
      <trkpt lat="42.3011814057826995849609375" lon="-4.5066474191844463348388671875">
        <ele>786.4000244140625</ele>
        <time>2025-09-28T06:50:55.000Z</time>
        <extensions>
          <ns3:TrackPointExtension>
            <ns3:hr>84</ns3:hr>
            <ns3:cad>0</ns3:cad>
          </ns3:TrackPointExtension>
        </extensions>
      </trkpt>
      <trkpt lat="42.30118350125849246978759765625" lon="-4.50664398260414600372314453125">
        <ele>786.5999755859375</ele>
        <time>2025-09-28T06:51:04.000Z</time>
        <extensions>
          <ns3:TrackPointExtension>
            <ns3:hr>84</ns3:hr>
            <ns3:cad>0</ns3:cad>
          </ns3:TrackPointExtension>
        </extensions>
      </trkpt>
      <trkpt lat="42.3011819086968898773193359375" lon="-4.50665202923119068145751953125">
        <ele>786.79998779296875</ele>
        <time>2025-09-28T06:51:14.000Z</time>
        <extensions>
          <ns3:TrackPointExtension>
            <ns3:hr>86</ns3:hr>
            <ns3:cad>0</ns3:cad>
          </ns3:TrackPointExtension>
        </extensions>
      </trkpt>
      <trkpt lat="42.3012234829366207122802734375" lon="-4.50674188323318958282470703125">
        <ele>786.4000244140625</ele>
        <time>2025-09-28T06:51:21.000Z</time>
        <extensions>
          <ns3:TrackPointExtension>
            <ns3:hr>84</ns3:hr>
            <ns3:cad>55</ns3:cad>
          </ns3:TrackPointExtension>
        </extensions>
      </trkpt>
      <trkpt lat="42.30123831890523433685302734375" lon="-4.50677071698009967803955078125">
        <ele>786.4000244140625</ele>
        <time>2025-09-28T06:51:23.000Z</time>
        <extensions>
          <ns3:TrackPointExtension>
            <ns3:hr>80</ns3:hr>
            <ns3:cad>55</ns3:cad>
          </ns3:TrackPointExtension>
        </extensions>
      </trkpt>
      <trkpt lat="42.3012895323336124420166015625" lon="-4.50688219629228115081787109375">
        <ele>786.5999755859375</ele>
        <time>2025-09-28T06:51:31.000Z</time>
        <extensions>
          <ns3:TrackPointExtension>
            <ns3:hr>82</ns3:hr>
            <ns3:cad>57</ns3:cad>
          </ns3:TrackPointExtension>
        </extensions>
      </trkpt>
      <trkpt lat="42.30134359560906887054443359375" lon="-4.5070230960845947265625">
        <ele>786.4000244140625</ele>
        <time>2025-09-28T06:51:41.000Z</time>
        <extensions>
          <ns3:TrackPointExtension>
            <ns3:hr>84</ns3:hr>
            <ns3:cad>56</ns3:cad>
          </ns3:TrackPointExtension>
        </extensions>
      </trkpt>
      <trkpt lat="42.3013502173125743865966796875" lon="-4.50703726150095462799072265625">
        <ele>786.4000244140625</ele>
        <time>2025-09-28T06:51:42.000Z</time>
        <extensions>
          <ns3:TrackPointExtension>
            <ns3:hr>88</ns3:hr>
            <ns3:cad>58</ns3:cad>
          </ns3:TrackPointExtension>
        </extensions>
      </trkpt>
      <trkpt lat="42.301356084644794464111328125" lon="-4.50705234892666339874267578125">
        <ele>786.4000244140625</ele>
        <time>2025-09-28T06:51:43.000Z</time>
        <extensions>
          <ns3:TrackPointExtension>
            <ns3:hr>92</ns3:hr>
            <ns3:cad>58</ns3:cad>
          </ns3:TrackPointExtension>
        </extensions>
      </trkpt>
      <trkpt lat="42.3013632930815219879150390625" lon="-4.50706860981881618499755859375">
        <ele>786.4000244140625</ele>
        <time>2025-09-28T06:51:44.000Z</time>
        <extensions>
          <ns3:TrackPointExtension>
            <ns3:hr>95</ns3:hr>
            <ns3:cad>58</ns3:cad>
          </ns3:TrackPointExtension>
        </extensions>
      </trkpt>
      <trkpt lat="42.30141333304345607757568359375" lon="-4.50717355124652385711669921875">
        <ele>786.4000244140625</ele>
        <time>2025-09-28T06:51:51.000Z</time>
        <extensions>
          <ns3:TrackPointExtension>
            <ns3:hr>97</ns3:hr>
            <ns3:cad>57</ns3:cad>
          </ns3:TrackPointExtension>
        </extensions>
      </trkpt>
      <trkpt lat="42.30147804133594036102294921875" lon="-4.50732551515102386474609375">
        <ele>786.4000244140625</ele>
        <time>2025-09-28T06:52:01.000Z</time>
        <extensions>
          <ns3:TrackPointExtension>
            <ns3:hr>94</ns3:hr>
            <ns3:cad>57</ns3:cad>
          </ns3:TrackPointExtension>
        </extensions>
      </trkpt>
      <trkpt lat="42.30148382484912872314453125" lon="-4.50733892619609832763671875">
        <ele>786.4000244140625</ele>
        <time>2025-09-28T06:52:02.000Z</time>
        <extensions>
          <ns3:TrackPointExtension>
            <ns3:hr>94</ns3:hr>
            <ns3:cad>57</ns3:cad>
          </ns3:TrackPointExtension>
        </extensions>
      </trkpt>
      <trkpt lat="42.30152213014662265777587890625" lon="-4.50742366723716259002685546875">
        <ele>786.5999755859375</ele>
        <time>2025-09-28T06:52:08.000Z</time>
        <extensions>
          <ns3:TrackPointExtension>
            <ns3:hr>89</ns3:hr>
            <ns3:cad>59</ns3:cad>
          </ns3:TrackPointExtension>
        </extensions>
      </trkpt>
      <trkpt lat="42.30154358781874179840087890625" lon="-4.50748443603515625">
        <ele>786.5999755859375</ele>
        <time>2025-09-28T06:52:12.000Z</time>
        <extensions>
          <ns3:TrackPointExtension>
            <ns3:hr>87</ns3:hr>
            <ns3:cad>0</ns3:cad>
          </ns3:TrackPointExtension>
        </extensions>
      </trkpt>
      <trkpt lat="42.30160209350287914276123046875" lon="-4.50763975270092487335205078125">
        <ele>786.4000244140625</ele>
        <time>2025-09-28T06:52:22.000Z</time>
        <extensions>
          <ns3:TrackPointExtension>
            <ns3:hr>86</ns3:hr>
            <ns3:cad>58</ns3:cad>
          </ns3:TrackPointExtension>
        </extensions>
      </trkpt>
      <trkpt lat="42.301667891442775726318359375" lon="-4.50780973769724369049072265625">
        <ele>786.5999755859375</ele>
        <time>2025-09-28T06:52:33.000Z</time>
        <extensions>
          <ns3:TrackPointExtension>
            <ns3:hr>86</ns3:hr>
            <ns3:cad>57</ns3:cad>
          </ns3:TrackPointExtension>
        </extensions>
      </trkpt>
      <trkpt lat="42.30170384980738162994384765625" lon="-4.50787897221744060516357421875">
        <ele>787</ele>
        <time>2025-09-28T06:52:38.000Z</time>
        <extensions>
          <ns3:TrackPointExtension>
            <ns3:hr>86</ns3:hr>
            <ns3:cad>58</ns3:cad>
          </ns3:TrackPointExtension>
        </extensions>
      </trkpt>
      <trkpt lat="42.301738299429416656494140625" lon="-4.50796530582010746002197265625">
        <ele>786.5999755859375</ele>
        <time>2025-09-28T06:52:44.000Z</time>
        <extensions>
          <ns3:TrackPointExtension>
            <ns3:hr>87</ns3:hr>
            <ns3:cad>57</ns3:cad>
          </ns3:TrackPointExtension>
        </extensions>
      </trkpt>
      <trkpt lat="42.30180694721639156341552734375" lon="-4.5081053674221038818359375">
        <ele>786.5999755859375</ele>
        <time>2025-09-28T06:52:54.000Z</time>
        <extensions>
          <ns3:TrackPointExtension>
            <ns3:hr>85</ns3:hr>
            <ns3:cad>59</ns3:cad>
          </ns3:TrackPointExtension>
        </extensions>
      </trkpt>
      <trkpt lat="42.301866710186004638671875" lon="-4.508266635239124298095703125">
        <ele>786.79998779296875</ele>
        <time>2025-09-28T06:53:04.000Z</time>
        <extensions>
          <ns3:TrackPointExtension>
            <ns3:hr>83</ns3:hr>
            <ns3:cad>59</ns3:cad>
          </ns3:TrackPointExtension>
        </extensions>
      </trkpt>
      <trkpt lat="42.30193711817264556884765625" lon="-4.50842798687517642974853515625">
        <ele>786.79998779296875</ele>
        <time>2025-09-28T06:53:15.000Z</time>
        <extensions>
          <ns3:TrackPointExtension>
            <ns3:hr>82</ns3:hr>
            <ns3:cad>58</ns3:cad>
          </ns3:TrackPointExtension>
        </extensions>
      </trkpt>
      <trkpt lat="42.3020086996257305145263671875" lon="-4.50860082171857357025146484375">
        <ele>786.79998779296875</ele>
        <time>2025-09-28T06:53:26.000Z</time>
        <extensions>
          <ns3:TrackPointExtension>
            <ns3:hr>82</ns3:hr>
            <ns3:cad>59</ns3:cad>
          </ns3:TrackPointExtension>
        </extensions>
      </trkpt>
      <trkpt lat="42.30206661857664585113525390625" lon="-4.50871900655329227447509765625">
        <ele>786.79998779296875</ele>
        <time>2025-09-28T06:53:35.000Z</time>
        <extensions>
          <ns3:TrackPointExtension>
            <ns3:hr>83</ns3:hr>
            <ns3:cad>58</ns3:cad>
          </ns3:TrackPointExtension>
        </extensions>
      </trkpt>
      <trkpt lat="42.3021280579268932342529296875" lon="-4.508877508342266082763671875">
        <ele>787</ele>
        <time>2025-09-28T06:53:45.000Z</time>
        <extensions>
          <ns3:TrackPointExtension>
            <ns3:hr>83</ns3:hr>
            <ns3:cad>118</ns3:cad>
          </ns3:TrackPointExtension>
        </extensions>
      </trkpt>
      <trkpt lat="42.302180863916873931884765625" lon="-4.5090127922594547271728515625">
        <ele>787</ele>
        <time>2025-09-28T06:53:53.000Z</time>
        <extensions>
          <ns3:TrackPointExtension>
            <ns3:hr>83</ns3:hr>
            <ns3:cad>58</ns3:cad>
          </ns3:TrackPointExtension>
        </extensions>
      </trkpt>
      <trkpt lat="42.30220877565443515777587890625" lon="-4.5090885646641254425048828125">
        <ele>787.4000244140625</ele>
        <time>2025-09-28T06:53:59.000Z</time>
        <extensions>
          <ns3:TrackPointExtension>
            <ns3:hr>84</ns3:hr>
            <ns3:cad>58</ns3:cad>
          </ns3:TrackPointExtension>
        </extensions>
      </trkpt>
      <trkpt lat="42.30227549560368061065673828125" lon="-4.5092129521071910858154296875">
        <ele>787</ele>
        <time>2025-09-28T06:54:08.000Z</time>
        <extensions>
          <ns3:TrackPointExtension>
            <ns3:hr>85</ns3:hr>
            <ns3:cad>59</ns3:cad>
          </ns3:TrackPointExtension>
        </extensions>
      </trkpt>
      <trkpt lat="42.30233500711619853973388671875" lon="-4.50936893932521343231201171875">
        <ele>787.4000244140625</ele>
        <time>2025-09-28T06:54:18.000Z</time>
        <extensions>
          <ns3:TrackPointExtension>
            <ns3:hr>86</ns3:hr>
            <ns3:cad>58</ns3:cad>
          </ns3:TrackPointExtension>
        </extensions>
      </trkpt>
      <trkpt lat="42.302408851683139801025390625" lon="-4.50955317355692386627197265625">
        <ele>787.4000244140625</ele>
        <time>2025-09-28T06:54:30.000Z</time>
        <extensions>
          <ns3:TrackPointExtension>
            <ns3:hr>86</ns3:hr>
            <ns3:cad>59</ns3:cad>
          </ns3:TrackPointExtension>
        </extensions>
      </trkpt>
      <trkpt lat="42.30248504318296909332275390625" lon="-4.509737491607666015625">
        <ele>787.4000244140625</ele>
        <time>2025-09-28T06:54:42.000Z</time>
        <extensions>
          <ns3:TrackPointExtension>
            <ns3:hr>86</ns3:hr>
            <ns3:cad>58</ns3:cad>
          </ns3:TrackPointExtension>
        </extensions>
      </trkpt>
      <trkpt lat="42.3025397770106792449951171875" lon="-4.50985081493854522705078125">
        <ele>787.5999755859375</ele>
        <time>2025-09-28T06:54:50.000Z</time>
        <extensions>
          <ns3:TrackPointExtension>
            <ns3:hr>87</ns3:hr>
            <ns3:cad>59</ns3:cad>
          </ns3:TrackPointExtension>
        </extensions>
      </trkpt>
      <trkpt lat="42.302614711225032806396484375" lon="-4.5100311934947967529296875">
        <ele>787.5999755859375</ele>
        <time>2025-09-28T06:55:02.000Z</time>
        <extensions>
          <ns3:TrackPointExtension>
            <ns3:hr>86</ns3:hr>
            <ns3:cad>59</ns3:cad>
          </ns3:TrackPointExtension>
        </extensions>
      </trkpt>
      <trkpt lat="42.3026685230433940887451171875" lon="-4.510193131864070892333984375">
        <ele>787.5999755859375</ele>
        <time>2025-09-28T06:55:12.000Z</time>
        <extensions>
          <ns3:TrackPointExtension>
            <ns3:hr>85</ns3:hr>
            <ns3:cad>57</ns3:cad>
          </ns3:TrackPointExtension>
        </extensions>
      </trkpt>
      <trkpt lat="42.30273566208779811859130859375" lon="-4.51035750098526477813720703125">
        <ele>788</ele>
        <time>2025-09-28T06:55:23.000Z</time>
        <extensions>
          <ns3:TrackPointExtension>
            <ns3:hr>84</ns3:hr>
            <ns3:cad>60</ns3:cad>
          </ns3:TrackPointExtension>
        </extensions>
      </trkpt>
      <trkpt lat="42.30275787413120269775390625" lon="-4.5103959739208221435546875">
        <ele>787.79998779296875</ele>
        <time>2025-09-28T06:55:26.000Z</time>
        <extensions>
          <ns3:TrackPointExtension>
            <ns3:hr>81</ns3:hr>
            <ns3:cad>57</ns3:cad>
          </ns3:TrackPointExtension>
        </extensions>
      </trkpt>
      <trkpt lat="42.3028056509792804718017578125" lon="-4.5105044357478618621826171875">
        <ele>787.79998779296875</ele>
        <time>2025-09-28T06:55:33.000Z</time>
        <extensions>
          <ns3:TrackPointExtension>
            <ns3:hr>79</ns3:hr>
            <ns3:cad>58</ns3:cad>
          </ns3:TrackPointExtension>
        </extensions>
      </trkpt>
      <trkpt lat="42.30281193740665912628173828125" lon="-4.51052178628742694854736328125">
        <ele>788</ele>
        <time>2025-09-28T06:55:34.000Z</time>
        <extensions>
          <ns3:TrackPointExtension>
            <ns3:hr>79</ns3:hr>
            <ns3:cad>58</ns3:cad>
          </ns3:TrackPointExtension>
        </extensions>
      </trkpt>
      <trkpt lat="42.302852757275104522705078125" lon="-4.51062337495386600494384765625">
        <ele>788.20001220703125</ele>
        <time>2025-09-28T06:55:41.000Z</time>
        <extensions>
          <ns3:TrackPointExtension>
            <ns3:hr>76</ns3:hr>
            <ns3:cad>57</ns3:cad>
          </ns3:TrackPointExtension>
        </extensions>
      </trkpt>
      <trkpt lat="42.30290547944605350494384765625" lon="-4.51075999997556209564208984375">
        <ele>788.4000244140625</ele>
        <time>2025-09-28T06:55:50.000Z</time>
        <extensions>
          <ns3:TrackPointExtension>
            <ns3:hr>76</ns3:hr>
            <ns3:cad>56</ns3:cad>
          </ns3:TrackPointExtension>
        </extensions>
      </trkpt>
      <trkpt lat="42.30298108421266078948974609375" lon="-4.5109190046787261962890625">
        <ele>789</ele>
        <time>2025-09-28T06:56:01.000Z</time>
        <extensions>
          <ns3:TrackPointExtension>
            <ns3:hr>79</ns3:hr>
            <ns3:cad>0</ns3:cad>
          </ns3:TrackPointExtension>
        </extensions>
      </trkpt>
      <trkpt lat="42.30303992517292499542236328125" lon="-4.51107046566903591156005859375">
        <ele>789.20001220703125</ele>
        <time>2025-09-28T06:56:11.000Z</time>
        <extensions>
          <ns3:TrackPointExtension>
            <ns3:hr>81</ns3:hr>
            <ns3:cad>57</ns3:cad>
          </ns3:TrackPointExtension>
        </extensions>
      </trkpt>
      <trkpt lat="42.30311192572116851806640625" lon="-4.51123123057186603546142578125">
        <ele>789.5999755859375</ele>
        <time>2025-09-28T06:56:22.000Z</time>
        <extensions>
          <ns3:TrackPointExtension>
            <ns3:hr>82</ns3:hr>
            <ns3:cad>57</ns3:cad>
          </ns3:TrackPointExtension>
        </extensions>
      </trkpt>
      <trkpt lat="42.303138412535190582275390625" lon="-4.51129593886435031890869140625">
        <ele>790</ele>
        <time>2025-09-28T06:56:26.000Z</time>
        <extensions>
          <ns3:TrackPointExtension>
            <ns3:hr>83</ns3:hr>
            <ns3:cad>0</ns3:cad>
          </ns3:TrackPointExtension>
        </extensions>
      </trkpt>
      <trkpt lat="42.3031607083976268768310546875" lon="-4.51134690083563327789306640625">
        <ele>790.20001220703125</ele>
        <time>2025-09-28T06:56:30.000Z</time>
        <extensions>
          <ns3:TrackPointExtension>
            <ns3:hr>84</ns3:hr>
            <ns3:cad>59</ns3:cad>
          </ns3:TrackPointExtension>
        </extensions>
      </trkpt>
      <trkpt lat="42.303208149969577789306640625" lon="-4.511471875011920928955078125">
        <ele>790</ele>
        <time>2025-09-28T06:56:38.000Z</time>
        <extensions>
          <ns3:TrackPointExtension>
            <ns3:hr>85</ns3:hr>
            <ns3:cad>56</ns3:cad>
          </ns3:TrackPointExtension>
        </extensions>
      </trkpt>
      <trkpt lat="42.30325148440897464752197265625" lon="-4.51157824136316776275634765625">
        <ele>790.20001220703125</ele>
        <time>2025-09-28T06:56:45.000Z</time>
        <extensions>
          <ns3:TrackPointExtension>
            <ns3:hr>88</ns3:hr>
            <ns3:cad>57</ns3:cad>
          </ns3:TrackPointExtension>
        </extensions>
      </trkpt>
      <trkpt lat="42.303277216851711273193359375" lon="-4.51164211146533489227294921875">
        <ele>790.4000244140625</ele>
        <time>2025-09-28T06:56:49.000Z</time>
        <extensions>
          <ns3:TrackPointExtension>
            <ns3:hr>88</ns3:hr>
            <ns3:cad>57</ns3:cad>
          </ns3:TrackPointExtension>
        </extensions>
      </trkpt>
      <trkpt lat="42.30333563871681690216064453125" lon="-4.5117895491421222686767578125">
        <ele>790.5999755859375</ele>
        <time>2025-09-28T06:56:59.000Z</time>
        <extensions>
          <ns3:TrackPointExtension>
            <ns3:hr>89</ns3:hr>
            <ns3:cad>58</ns3:cad>
          </ns3:TrackPointExtension>
        </extensions>
      </trkpt>
      <trkpt lat="42.30340302921831607818603515625" lon="-4.51194084249436855316162109375">
        <ele>790.79998779296875</ele>
        <time>2025-09-28T06:57:09.000Z</time>
        <extensions>
          <ns3:TrackPointExtension>
            <ns3:hr>89</ns3:hr>
            <ns3:cad>0</ns3:cad>
          </ns3:TrackPointExtension>
        </extensions>
      </trkpt>
      <trkpt lat="42.30342901311814785003662109375" lon="-4.5119957439601421356201171875">
        <ele>791</ele>
        <time>2025-09-28T06:57:13.000Z</time>
        <extensions>
          <ns3:TrackPointExtension>
            <ns3:hr>88</ns3:hr>
            <ns3:cad>57</ns3:cad>
          </ns3:TrackPointExtension>
        </extensions>
      </trkpt>
      <trkpt lat="42.30347561649978160858154296875" lon="-4.51209657825529575347900390625">
        <ele>790.79998779296875</ele>
        <time>2025-09-28T06:57:20.000Z</time>
        <extensions>
          <ns3:TrackPointExtension>
            <ns3:hr>87</ns3:hr>
            <ns3:cad>59</ns3:cad>
          </ns3:TrackPointExtension>
        </extensions>
      </trkpt>
      <trkpt lat="42.30354837141931056976318359375" lon="-4.51223404146730899810791015625">
        <ele>791.20001220703125</ele>
        <time>2025-09-28T06:57:30.000Z</time>
        <extensions>
          <ns3:TrackPointExtension>
            <ns3:hr>88</ns3:hr>
            <ns3:cad>55</ns3:cad>
          </ns3:TrackPointExtension>
        </extensions>
      </trkpt>
      <trkpt lat="42.3035865090787410736083984375" lon="-4.51234526932239532470703125">
        <ele>791.4000244140625</ele>
        <time>2025-09-28T06:57:37.000Z</time>
        <extensions>
          <ns3:TrackPointExtension>
            <ns3:hr>88</ns3:hr>
            <ns3:cad>57</ns3:cad>
          </ns3:TrackPointExtension>
        </extensions>
      </trkpt>
      <trkpt lat="42.30365398339927196502685546875" lon="-4.51251869089901447296142578125">
        <ele>791.79998779296875</ele>
        <time>2025-09-28T06:57:49.000Z</time>
        <extensions>
          <ns3:TrackPointExtension>
            <ns3:hr>88</ns3:hr>
            <ns3:cad>58</ns3:cad>
          </ns3:TrackPointExtension>
        </extensions>
      </trkpt>
      <trkpt lat="42.3037139140069484710693359375" lon="-4.5126585848629474639892578125">
        <ele>792</ele>
        <time>2025-09-28T06:57:58.000Z</time>
        <extensions>
          <ns3:TrackPointExtension>
            <ns3:hr>91</ns3:hr>
            <ns3:cad>59</ns3:cad>
          </ns3:TrackPointExtension>
        </extensions>
      </trkpt>
      <trkpt lat="42.30371969752013683319091796875" lon="-4.51267610304057598114013671875">
        <ele>792</ele>
        <time>2025-09-28T06:57:59.000Z</time>
        <extensions>
          <ns3:TrackPointExtension>
            <ns3:hr>91</ns3:hr>
            <ns3:cad>59</ns3:cad>
          </ns3:TrackPointExtension>
        </extensions>
      </trkpt>
      <trkpt lat="42.3037276603281497955322265625" lon="-4.51270946301519870758056640625">
        <ele>792.20001220703125</ele>
        <time>2025-09-28T06:58:01.000Z</time>
        <extensions>
          <ns3:TrackPointExtension>
            <ns3:hr>91</ns3:hr>
            <ns3:cad>59</ns3:cad>
          </ns3:TrackPointExtension>
        </extensions>
      </trkpt>
      <trkpt lat="42.30376898311078548431396484375" lon="-4.5128111355006694793701171875">
        <ele>792.4000244140625</ele>
        <time>2025-09-28T06:58:08.000Z</time>
        <extensions>
          <ns3:TrackPointExtension>
            <ns3:hr>92</ns3:hr>
            <ns3:cad>60</ns3:cad>
          </ns3:TrackPointExtension>
        </extensions>
      </trkpt>
      <trkpt lat="42.30384886264801025390625" lon="-4.512975923717021942138671875">
        <ele>792.79998779296875</ele>
        <time>2025-09-28T06:58:20.000Z</time>
        <extensions>
          <ns3:TrackPointExtension>
            <ns3:hr>94</ns3:hr>
            <ns3:cad>58</ns3:cad>
          </ns3:TrackPointExtension>
        </extensions>
      </trkpt>
      <trkpt lat="42.3039107210934162139892578125" lon="-4.51313023455440998077392578125">
        <ele>792.79998779296875</ele>
        <time>2025-09-28T06:58:30.000Z</time>
        <extensions>
          <ns3:TrackPointExtension>
            <ns3:hr>94</ns3:hr>
            <ns3:cad>58</ns3:cad>
          </ns3:TrackPointExtension>
        </extensions>
      </trkpt>
      <trkpt lat="42.30396595783531665802001953125" lon="-4.51326535083353519439697265625">
        <ele>792.79998779296875</ele>
        <time>2025-09-28T06:58:39.000Z</time>
        <extensions>
          <ns3:TrackPointExtension>
            <ns3:hr>93</ns3:hr>
            <ns3:cad>58</ns3:cad>
          </ns3:TrackPointExtension>
        </extensions>
      </trkpt>
      <trkpt lat="42.3040297441184520721435546875" lon="-4.51339057646691799163818359375">
        <ele>793</ele>
        <time>2025-09-28T06:58:48.000Z</time>
        <extensions>
          <ns3:TrackPointExtension>
            <ns3:hr>93</ns3:hr>
            <ns3:cad>58</ns3:cad>
          </ns3:TrackPointExtension>
        </extensions>
      </trkpt>
      <trkpt lat="42.3040793649852275848388671875" lon="-4.51351311989128589630126953125">
        <ele>793</ele>
        <time>2025-09-28T06:58:56.000Z</time>
        <extensions>
          <ns3:TrackPointExtension>
            <ns3:hr>92</ns3:hr>
            <ns3:cad>57</ns3:cad>
          </ns3:TrackPointExtension>
        </extensions>
      </trkpt>
      <trkpt lat="42.30409897863864898681640625" lon="-4.51356961391866207122802734375">
        <ele>793.20001220703125</ele>
        <time>2025-09-28T06:59:00.000Z</time>
        <extensions>
          <ns3:TrackPointExtension>
            <ns3:hr>92</ns3:hr>
            <ns3:cad>59</ns3:cad>
          </ns3:TrackPointExtension>
        </extensions>
      </trkpt>
      <trkpt lat="42.3041420616209506988525390625" lon="-4.51366935856640338897705078125">
        <ele>793.4000244140625</ele>
        <time>2025-09-28T06:59:07.000Z</time>
        <extensions>
          <ns3:TrackPointExtension>
            <ns3:hr>93</ns3:hr>
            <ns3:cad>57</ns3:cad>
          </ns3:TrackPointExtension>
        </extensions>
      </trkpt>
      <trkpt lat="42.3042225278913974761962890625" lon="-4.51384487561881542205810546875">
        <ele>793.4000244140625</ele>
        <time>2025-09-28T06:59:19.000Z</time>
        <extensions>
          <ns3:TrackPointExtension>
            <ns3:hr>92</ns3:hr>
            <ns3:cad>0</ns3:cad>
          </ns3:TrackPointExtension>
        </extensions>
      </trkpt>
      <trkpt lat="42.30427022092044353485107421875" lon="-4.51398585923016071319580078125">
        <ele>793.5999755859375</ele>
        <time>2025-09-28T06:59:28.000Z</time>
        <extensions>
          <ns3:TrackPointExtension>
            <ns3:hr>92</ns3:hr>
            <ns3:cad>59</ns3:cad>
          </ns3:TrackPointExtension>
        </extensions>
      </trkpt>
      <trkpt lat="42.30433325283229351043701171875" lon="-4.5141255855560302734375">
        <ele>793.79998779296875</ele>
        <time>2025-09-28T06:59:38.000Z</time>
        <extensions>
          <ns3:TrackPointExtension>
            <ns3:hr>92</ns3:hr>
            <ns3:cad>57</ns3:cad>
          </ns3:TrackPointExtension>
        </extensions>
      </trkpt>
      <trkpt lat="42.3043968714773654937744140625" lon="-4.514268748462200164794921875">
        <ele>794</ele>
        <time>2025-09-28T06:59:48.000Z</time>
        <extensions>
          <ns3:TrackPointExtension>
            <ns3:hr>92</ns3:hr>
            <ns3:cad>57</ns3:cad>
          </ns3:TrackPointExtension>
        </extensions>
      </trkpt>
      <trkpt lat="42.304461412131786346435546875" lon="-4.51443714089691638946533203125">
        <ele>794</ele>
        <time>2025-09-28T06:59:59.000Z</time>
        <extensions>
          <ns3:TrackPointExtension>
            <ns3:hr>91</ns3:hr>
            <ns3:cad>58</ns3:cad>
          </ns3:TrackPointExtension>
        </extensions>
      </trkpt>
      <trkpt lat="42.30453844182193279266357421875" lon="-4.5146085508167743682861328125">
        <ele>794</ele>
        <time>2025-09-28T07:00:11.000Z</time>
        <extensions>
          <ns3:TrackPointExtension>
            <ns3:hr>90</ns3:hr>
            <ns3:cad>57</ns3:cad>
          </ns3:TrackPointExtension>
        </extensions>
      </trkpt>
      <trkpt lat="42.3046037368476390838623046875" lon="-4.5147557370364665985107421875">
        <ele>794</ele>
        <time>2025-09-28T07:00:21.000Z</time>
        <extensions>
          <ns3:TrackPointExtension>
            <ns3:hr>91</ns3:hr>
            <ns3:cad>57</ns3:cad>
          </ns3:TrackPointExtension>
        </extensions>
      </trkpt>
      <trkpt lat="42.30466417036950588226318359375" lon="-4.51492412947118282318115234375">
        <ele>794.20001220703125</ele>
        <time>2025-09-28T07:00:32.000Z</time>
        <extensions>
          <ns3:TrackPointExtension>
            <ns3:hr>91</ns3:hr>
            <ns3:cad>59</ns3:cad>
          </ns3:TrackPointExtension>
        </extensions>
      </trkpt>
      <trkpt lat="42.30466987006366252899169921875" lon="-4.5149401389062404632568359375">
        <ele>794.20001220703125</ele>
        <time>2025-09-28T07:00:33.000Z</time>
        <extensions>
          <ns3:TrackPointExtension>
            <ns3:hr>91</ns3:hr>
            <ns3:cad>59</ns3:cad>
          </ns3:TrackPointExtension>
        </extensions>
      </trkpt>
      <trkpt lat="42.30476818978786468505859375" lon="-4.51514373533427715301513671875">
        <ele>794</ele>
        <time>2025-09-28T07:00:47.000Z</time>
        <extensions>
          <ns3:TrackPointExtension>
            <ns3:hr>91</ns3:hr>
            <ns3:cad>59</ns3:cad>
          </ns3:TrackPointExtension>
        </extensions>
      </trkpt>
      <trkpt lat="42.30482443235814571380615234375" lon="-4.5152640156447887420654296875">
        <ele>794</ele>
        <time>2025-09-28T07:00:55.000Z</time>
        <extensions>
          <ns3:TrackPointExtension>
            <ns3:hr>91</ns3:hr>
            <ns3:cad>0</ns3:cad>
          </ns3:TrackPointExtension>
        </extensions>
      </trkpt>
      <trkpt lat="42.3048860393464565277099609375" lon="-4.5154128782451152801513671875">
        <ele>794.4000244140625</ele>
        <time>2025-09-28T07:01:05.000Z</time>
        <extensions>
          <ns3:TrackPointExtension>
            <ns3:hr>91</ns3:hr>
            <ns3:cad>58</ns3:cad>
          </ns3:TrackPointExtension>
        </extensions>
      </trkpt>
      <trkpt lat="42.30494999326765537261962890625" lon="-4.515581689774990081787109375">
        <ele>794.20001220703125</ele>
        <time>2025-09-28T07:01:16.000Z</time>
        <extensions>
          <ns3:TrackPointExtension>
            <ns3:hr>90</ns3:hr>
            <ns3:cad>59</ns3:cad>
          </ns3:TrackPointExtension>
        </extensions>
      </trkpt>
      <trkpt lat="42.3050196468830108642578125" lon="-4.51574186794459819793701171875">
        <ele>794.20001220703125</ele>
        <time>2025-09-28T07:01:27.000Z</time>
        <extensions>
          <ns3:TrackPointExtension>
            <ns3:hr>88</ns3:hr>
            <ns3:cad>57</ns3:cad>
          </ns3:TrackPointExtension>
        </extensions>
      </trkpt>
      <trkpt lat="42.30506616644561290740966796875" lon="-4.51584211550652980804443359375">
        <ele>794.4000244140625</ele>
        <time>2025-09-28T07:01:34.000Z</time>
        <extensions>
          <ns3:TrackPointExtension>
            <ns3:hr>88</ns3:hr>
            <ns3:cad>58</ns3:cad>
          </ns3:TrackPointExtension>
        </extensions>
      </trkpt>
      <trkpt lat="42.305132634937763214111328125" lon="-4.51601578854024410247802734375">
        <ele>794</ele>
        <time>2025-09-28T07:01:45.000Z</time>
        <extensions>
          <ns3:TrackPointExtension>
            <ns3:hr>89</ns3:hr>
            <ns3:cad>58</ns3:cad>
          </ns3:TrackPointExtension>
        </extensions>
      </trkpt>
      <trkpt lat="42.30518938042223453521728515625" lon="-4.516163729131221771240234375">
        <ele>794.20001220703125</ele>
        <time>2025-09-28T07:01:55.000Z</time>
        <extensions>
          <ns3:TrackPointExtension>
            <ns3:hr>90</ns3:hr>
            <ns3:cad>58</ns3:cad>
          </ns3:TrackPointExtension>
        </extensions>
      </trkpt>
      <trkpt lat="42.30526976287364959716796875" lon="-4.51634117402136325836181640625">
        <ele>794.20001220703125</ele>
        <time>2025-09-28T07:02:07.000Z</time>
        <extensions>
          <ns3:TrackPointExtension>
            <ns3:hr>89</ns3:hr>
            <ns3:cad>59</ns3:cad>
          </ns3:TrackPointExtension>
        </extensions>
      </trkpt>
      <trkpt lat="42.30533120222389698028564453125" lon="-4.516493640840053558349609375">
        <ele>794.20001220703125</ele>
        <time>2025-09-28T07:02:17.000Z</time>
        <extensions>
          <ns3:TrackPointExtension>
            <ns3:hr>90</ns3:hr>
            <ns3:cad>59</ns3:cad>
          </ns3:TrackPointExtension>
        </extensions>
      </trkpt>
      <trkpt lat="42.30539356358349323272705078125" lon="-4.516642503440380096435546875">
        <ele>794.79998779296875</ele>
        <time>2025-09-28T07:02:27.000Z</time>
        <extensions>
          <ns3:TrackPointExtension>
            <ns3:hr>92</ns3:hr>
            <ns3:cad>57</ns3:cad>
          </ns3:TrackPointExtension>
        </extensions>
      </trkpt>
      <trkpt lat="42.30548006482422351837158203125" lon="-4.516840986907482147216796875">
        <ele>794.4000244140625</ele>
        <time>2025-09-28T07:02:41.000Z</time>
        <extensions>
          <ns3:TrackPointExtension>
            <ns3:hr>93</ns3:hr>
            <ns3:cad>57</ns3:cad>
          </ns3:TrackPointExtension>
        </extensions>
      </trkpt>
      <trkpt lat="42.3055542446672916412353515625" lon="-4.517026059329509735107421875">
        <ele>794.5999755859375</ele>
        <time>2025-09-28T07:02:53.000Z</time>
        <extensions>
          <ns3:TrackPointExtension>
            <ns3:hr>93</ns3:hr>
            <ns3:cad>57</ns3:cad>
          </ns3:TrackPointExtension>
        </extensions>
      </trkpt>
      <trkpt lat="42.30557662434875965118408203125" lon="-4.5170800387859344482421875">
        <ele>794.4000244140625</ele>
        <time>2025-09-28T07:02:57.000Z</time>
        <extensions>
          <ns3:TrackPointExtension>
            <ns3:hr>90</ns3:hr>
            <ns3:cad>57</ns3:cad>
          </ns3:TrackPointExtension>
        </extensions>
      </trkpt>
      <trkpt lat="42.3056135885417461395263671875" lon="-4.51716025359928607940673828125">
        <ele>794.20001220703125</ele>
        <time>2025-09-28T07:03:03.000Z</time>
        <extensions>
          <ns3:TrackPointExtension>
            <ns3:hr>89</ns3:hr>
            <ns3:cad>58</ns3:cad>
          </ns3:TrackPointExtension>
        </extensions>
      </trkpt>
      <trkpt lat="42.3056766204535961151123046875" lon="-4.51730911619961261749267578125">
        <ele>794.20001220703125</ele>
        <time>2025-09-28T07:03:13.000Z</time>
        <extensions>
          <ns3:TrackPointExtension>
            <ns3:hr>88</ns3:hr>
            <ns3:cad>57</ns3:cad>
          </ns3:TrackPointExtension>
        </extensions>
      </trkpt>
      <trkpt lat="42.30574007146060466766357421875" lon="-4.51745043508708477020263671875">
        <ele>794.4000244140625</ele>
        <time>2025-09-28T07:03:23.000Z</time>
        <extensions>
          <ns3:TrackPointExtension>
            <ns3:hr>88</ns3:hr>
            <ns3:cad>57</ns3:cad>
          </ns3:TrackPointExtension>
        </extensions>
      </trkpt>
      <trkpt lat="42.305809222161769866943359375" lon="-4.51763031072914600372314453125">
        <ele>794.20001220703125</ele>
        <time>2025-09-28T07:03:35.000Z</time>
        <extensions>
          <ns3:TrackPointExtension>
            <ns3:hr>88</ns3:hr>
            <ns3:cad>58</ns3:cad>
          </ns3:TrackPointExtension>
        </extensions>
      </trkpt>
      <trkpt lat="42.30585314333438873291015625" lon="-4.51774782501161098480224609375">
        <ele>794.20001220703125</ele>
        <time>2025-09-28T07:03:43.000Z</time>
        <extensions>
          <ns3:TrackPointExtension>
            <ns3:hr>88</ns3:hr>
            <ns3:cad>57</ns3:cad>
          </ns3:TrackPointExtension>
        </extensions>
      </trkpt>
      <trkpt lat="42.305923886597156524658203125" lon="-4.51790523715317249298095703125">
        <ele>794.20001220703125</ele>
        <time>2025-09-28T07:03:54.000Z</time>
        <extensions>
          <ns3:TrackPointExtension>
            <ns3:hr>88</ns3:hr>
            <ns3:cad>57</ns3:cad>
          </ns3:TrackPointExtension>
        </extensions>
      </trkpt>
      <trkpt lat="42.30598859488964080810546875" lon="-4.51805837452411651611328125">
        <ele>794.20001220703125</ele>
        <time>2025-09-28T07:04:04.000Z</time>
        <extensions>
          <ns3:TrackPointExtension>
            <ns3:hr>86</ns3:hr>
            <ns3:cad>57</ns3:cad>
          </ns3:TrackPointExtension>
        </extensions>
      </trkpt>
      <trkpt lat="42.3060388863086700439453125" lon="-4.51816909946501255035400390625">
        <ele>794.20001220703125</ele>
        <time>2025-09-28T07:04:13.000Z</time>
        <extensions>
          <ns3:TrackPointExtension>
            <ns3:hr>86</ns3:hr>
            <ns3:cad>57</ns3:cad>
          </ns3:TrackPointExtension>
        </extensions>
      </trkpt>
      <trkpt lat="42.30606964789330959320068359375" lon="-4.51824587769806385040283203125">
        <ele>794.20001220703125</ele>
        <time>2025-09-28T07:04:18.000Z</time>
        <extensions>
          <ns3:TrackPointExtension>
            <ns3:hr>83</ns3:hr>
            <ns3:cad>57</ns3:cad>
          </ns3:TrackPointExtension>
        </extensions>
      </trkpt>
      <trkpt lat="42.3061158321797847747802734375" lon="-4.51835073530673980712890625">
        <ele>794.20001220703125</ele>
        <time>2025-09-28T07:04:25.000Z</time>
        <extensions>
          <ns3:TrackPointExtension>
            <ns3:hr>83</ns3:hr>
            <ns3:cad>57</ns3:cad>
          </ns3:TrackPointExtension>
        </extensions>
      </trkpt>
      <trkpt lat="42.30616805143654346466064453125" lon="-4.5184783078730106353759765625">
        <ele>794.20001220703125</ele>
        <time>2025-09-28T07:04:34.000Z</time>
        <extensions>
          <ns3:TrackPointExtension>
            <ns3:hr>82</ns3:hr>
            <ns3:cad>56</ns3:cad>
          </ns3:TrackPointExtension>
        </extensions>
      </trkpt>
      <trkpt lat="42.306233346462249755859375" lon="-4.51862356625497341156005859375">
        <ele>794.20001220703125</ele>
        <time>2025-09-28T07:04:45.000Z</time>
        <extensions>
          <ns3:TrackPointExtension>
            <ns3:hr>85</ns3:hr>
            <ns3:cad>55</ns3:cad>
          </ns3:TrackPointExtension>
        </extensions>
      </trkpt>
      <trkpt lat="42.30623912997543811798095703125" lon="-4.5186382345855236053466796875">
        <ele>794.20001220703125</ele>
        <time>2025-09-28T07:04:46.000Z</time>
        <extensions>
          <ns3:TrackPointExtension>
            <ns3:hr>85</ns3:hr>
            <ns3:cad>55</ns3:cad>
          </ns3:TrackPointExtension>
        </extensions>
      </trkpt>
      <trkpt lat="42.3062895052134990692138671875" lon="-4.518805705010890960693359375">
        <ele>794.4000244140625</ele>
        <time>2025-09-28T07:04:58.000Z</time>
        <extensions>
          <ns3:TrackPointExtension>
            <ns3:hr>83</ns3:hr>
            <ns3:cad>55</ns3:cad>
          </ns3:TrackPointExtension>
        </extensions>
      </trkpt>
      <trkpt lat="42.30629377998411655426025390625" lon="-4.51881098560988903045654296875">
        <ele>794.20001220703125</ele>
        <time>2025-09-28T07:05:04.000Z</time>
        <extensions>
          <ns3:TrackPointExtension>
            <ns3:hr>85</ns3:hr>
            <ns3:cad>0</ns3:cad>
          </ns3:TrackPointExtension>
        </extensions>
      </trkpt>
      <trkpt lat="42.30632345192134380340576171875" lon="-4.51888374052941799163818359375">
        <ele>794.20001220703125</ele>
        <time>2025-09-28T07:05:10.000Z</time>
        <extensions>
          <ns3:TrackPointExtension>
            <ns3:hr>86</ns3:hr>
            <ns3:cad>57</ns3:cad>
          </ns3:TrackPointExtension>
        </extensions>
      </trkpt>
      <trkpt lat="42.3063743300735950469970703125" lon="-4.51899739913642406463623046875">
        <ele>794.4000244140625</ele>
        <time>2025-09-28T07:05:19.000Z</time>
        <extensions>
          <ns3:TrackPointExtension>
            <ns3:hr>85</ns3:hr>
            <ns3:cad>55</ns3:cad>
          </ns3:TrackPointExtension>
        </extensions>
      </trkpt>
      <trkpt lat="42.30643291957676410675048828125" lon="-4.51913570053875446319580078125">
        <ele>794.4000244140625</ele>
        <time>2025-09-28T07:05:29.000Z</time>
        <extensions>
          <ns3:TrackPointExtension>
            <ns3:hr>86</ns3:hr>
            <ns3:cad>56</ns3:cad>
          </ns3:TrackPointExtension>
        </extensions>
      </trkpt>
      <trkpt lat="42.30648857541382312774658203125" lon="-4.519281126558780670166015625">
        <ele>794.4000244140625</ele>
        <time>2025-09-28T07:05:40.000Z</time>
        <extensions>
          <ns3:TrackPointExtension>
            <ns3:hr>85</ns3:hr>
            <ns3:cad>57</ns3:cad>
          </ns3:TrackPointExtension>
        </extensions>
      </trkpt>
      <trkpt lat="42.30654171667993068695068359375" lon="-4.51940794475376605987548828125">
        <ele>794.5999755859375</ele>
        <time>2025-09-28T07:05:49.000Z</time>
        <extensions>
          <ns3:TrackPointExtension>
            <ns3:hr>85</ns3:hr>
            <ns3:cad>57</ns3:cad>
          </ns3:TrackPointExtension>
        </extensions>
      </trkpt>
      <trkpt lat="42.30658027343451976776123046875" lon="-4.5195015706121921539306640625">
        <ele>794.5999755859375</ele>
        <time>2025-09-28T07:05:56.000Z</time>
        <extensions>
          <ns3:TrackPointExtension>
            <ns3:hr>88</ns3:hr>
            <ns3:cad>57</ns3:cad>
          </ns3:TrackPointExtension>
        </extensions>
      </trkpt>
      <trkpt lat="42.30661178939044475555419921875" lon="-4.519577510654926300048828125">
        <ele>794.79998779296875</ele>
        <time>2025-09-28T07:06:02.000Z</time>
        <extensions>
          <ns3:TrackPointExtension>
            <ns3:hr>87</ns3:hr>
            <ns3:cad>57</ns3:cad>
          </ns3:TrackPointExtension>
        </extensions>
      </trkpt>
      <trkpt lat="42.3066676966845989227294921875" lon="-4.51970525085926055908203125">
        <ele>794.5999755859375</ele>
        <time>2025-09-28T07:06:12.000Z</time>
        <extensions>
          <ns3:TrackPointExtension>
            <ns3:hr>87</ns3:hr>
            <ns3:cad>57</ns3:cad>
          </ns3:TrackPointExtension>
        </extensions>
      </trkpt>
      <trkpt lat="42.30671891011297702789306640625" lon="-4.51982301659882068634033203125">
        <ele>794.20001220703125</ele>
        <time>2025-09-28T07:06:20.000Z</time>
        <extensions>
          <ns3:TrackPointExtension>
            <ns3:hr>84</ns3:hr>
            <ns3:cad>57</ns3:cad>
          </ns3:TrackPointExtension>
        </extensions>
      </trkpt>
      <trkpt lat="42.3067300580441951751708984375" lon="-4.51984715647995471954345703125">
        <ele>794.4000244140625</ele>
        <time>2025-09-28T07:06:22.000Z</time>
        <extensions>
          <ns3:TrackPointExtension>
            <ns3:hr>84</ns3:hr>
            <ns3:cad>58</ns3:cad>
          </ns3:TrackPointExtension>
        </extensions>
      </trkpt>
      <trkpt lat="42.30679233558475971221923828125" lon="-4.51998822391033172607421875">
        <ele>794.4000244140625</ele>
        <time>2025-09-28T07:06:33.000Z</time>
        <extensions>
          <ns3:TrackPointExtension>
            <ns3:hr>85</ns3:hr>
            <ns3:cad>56</ns3:cad>
          </ns3:TrackPointExtension>
        </extensions>
      </trkpt>
      <trkpt lat="42.30683675967156887054443359375" lon="-4.520125351846218109130859375">
        <ele>794.20001220703125</ele>
        <time>2025-09-28T07:06:42.000Z</time>
        <extensions>
          <ns3:TrackPointExtension>
            <ns3:hr>86</ns3:hr>
            <ns3:cad>57</ns3:cad>
          </ns3:TrackPointExtension>
        </extensions>
      </trkpt>
      <trkpt lat="42.306910268962383270263671875" lon="-4.52029709704220294952392578125">
        <ele>794.4000244140625</ele>
        <time>2025-09-28T07:06:54.000Z</time>
        <extensions>
          <ns3:TrackPointExtension>
            <ns3:hr>86</ns3:hr>
            <ns3:cad>57</ns3:cad>
          </ns3:TrackPointExtension>
        </extensions>
      </trkpt>
      <trkpt lat="42.30697564780712127685546875" lon="-4.5204477198421955108642578125">
        <ele>794.4000244140625</ele>
        <time>2025-09-28T07:07:05.000Z</time>
        <extensions>
          <ns3:TrackPointExtension>
            <ns3:hr>84</ns3:hr>
            <ns3:cad>57</ns3:cad>
          </ns3:TrackPointExtension>
        </extensions>
      </trkpt>
      <trkpt lat="42.30704328976571559906005859375" lon="-4.5206044614315032958984375">
        <ele>794.4000244140625</ele>
        <time>2025-09-28T07:07:17.000Z</time>
        <extensions>
          <ns3:TrackPointExtension>
            <ns3:hr>82</ns3:hr>
            <ns3:cad>55</ns3:cad>
          </ns3:TrackPointExtension>
        </extensions>
      </trkpt>
      <trkpt lat="42.3071132786571979522705078125" lon="-4.52077184803783893585205078125">
        <ele>794.20001220703125</ele>
        <time>2025-09-28T07:07:29.000Z</time>
        <extensions>
          <ns3:TrackPointExtension>
            <ns3:hr>82</ns3:hr>
            <ns3:cad>57</ns3:cad>
          </ns3:TrackPointExtension>
        </extensions>
      </trkpt>
      <trkpt lat="42.3071672581136226654052734375" lon="-4.52090729959309101104736328125">
        <ele>794.4000244140625</ele>
        <time>2025-09-28T07:07:38.000Z</time>
        <extensions>
          <ns3:TrackPointExtension>
            <ns3:hr>81</ns3:hr>
            <ns3:cad>56</ns3:cad>
          </ns3:TrackPointExtension>
        </extensions>
      </trkpt>
      <trkpt lat="42.30722249485552310943603515625" lon="-4.52104610390961170196533203125">
        <ele>794.20001220703125</ele>
        <time>2025-09-28T07:07:48.000Z</time>
        <extensions>
          <ns3:TrackPointExtension>
            <ns3:hr>81</ns3:hr>
            <ns3:cad>57</ns3:cad>
          </ns3:TrackPointExtension>
        </extensions>
      </trkpt>
      <trkpt lat="42.30726775713264942169189453125" lon="-4.52114735729992389678955078125">
        <ele>794.20001220703125</ele>
        <time>2025-09-28T07:07:55.000Z</time>
        <extensions>
          <ns3:TrackPointExtension>
            <ns3:hr>82</ns3:hr>
            <ns3:cad>57</ns3:cad>
          </ns3:TrackPointExtension>
        </extensions>
      </trkpt>
      <trkpt lat="42.307334057986736297607421875" lon="-4.5212919451296329498291015625">
        <ele>794</ele>
        <time>2025-09-28T07:08:06.000Z</time>
        <extensions>
          <ns3:TrackPointExtension>
            <ns3:hr>82</ns3:hr>
            <ns3:cad>56</ns3:cad>
          </ns3:TrackPointExtension>
        </extensions>
      </trkpt>
      <trkpt lat="42.3074053041636943817138671875" lon="-4.521450698375701904296875">
        <ele>794.20001220703125</ele>
        <time>2025-09-28T07:08:17.000Z</time>
        <extensions>
          <ns3:TrackPointExtension>
            <ns3:hr>82</ns3:hr>
            <ns3:cad>56</ns3:cad>
          </ns3:TrackPointExtension>
        </extensions>
      </trkpt>
      <trkpt lat="42.307474873960018157958984375" lon="-4.52161691151559352874755859375">
        <ele>794.20001220703125</ele>
        <time>2025-09-28T07:08:29.000Z</time>
        <extensions>
          <ns3:TrackPointExtension>
            <ns3:hr>84</ns3:hr>
            <ns3:cad>56</ns3:cad>
          </ns3:TrackPointExtension>
        </extensions>
      </trkpt>
      <trkpt lat="42.3075461201369762420654296875" lon="-4.52178262174129486083984375">
        <ele>794.20001220703125</ele>
        <time>2025-09-28T07:08:41.000Z</time>
        <extensions>
          <ns3:TrackPointExtension>
            <ns3:hr>87</ns3:hr>
            <ns3:cad>56</ns3:cad>
          </ns3:TrackPointExtension>
        </extensions>
      </trkpt>
      <trkpt lat="42.30760286562144756317138671875" lon="-4.521913044154644012451171875">
        <ele>794.4000244140625</ele>
        <time>2025-09-28T07:08:50.000Z</time>
        <extensions>
          <ns3:TrackPointExtension>
            <ns3:hr>86</ns3:hr>
            <ns3:cad>0</ns3:cad>
          </ns3:TrackPointExtension>
        </extensions>
      </trkpt>
      <trkpt lat="42.3076614551246166229248046875" lon="-4.52205779962241649627685546875">
        <ele>794.4000244140625</ele>
        <time>2025-09-28T07:09:01.000Z</time>
        <extensions>
          <ns3:TrackPointExtension>
            <ns3:hr>87</ns3:hr>
            <ns3:cad>57</ns3:cad>
          </ns3:TrackPointExtension>
        </extensions>
      </trkpt>
      <trkpt lat="42.3077224753797054290771484375" lon="-4.52220984734594821929931640625">
        <ele>794.20001220703125</ele>
        <time>2025-09-28T07:09:12.000Z</time>
        <extensions>
          <ns3:TrackPointExtension>
            <ns3:hr>88</ns3:hr>
            <ns3:cad>54</ns3:cad>
          </ns3:TrackPointExtension>
        </extensions>
      </trkpt>
      <trkpt lat="42.3077850043773651123046875" lon="-4.522372372448444366455078125">
        <ele>794.4000244140625</ele>
        <time>2025-09-28T07:09:23.000Z</time>
        <extensions>
          <ns3:TrackPointExtension>
            <ns3:hr>87</ns3:hr>
            <ns3:cad>56</ns3:cad>
          </ns3:TrackPointExtension>
        </extensions>
      </trkpt>
      <trkpt lat="42.30783621780574321746826171875" lon="-4.52246733941137790679931640625">
        <ele>794.4000244140625</ele>
        <time>2025-09-28T07:09:31.000Z</time>
        <extensions>
          <ns3:TrackPointExtension>
            <ns3:hr>87</ns3:hr>
            <ns3:cad>53</ns3:cad>
          </ns3:TrackPointExtension>
        </extensions>
      </trkpt>
      <trkpt lat="42.30789086781442165374755859375" lon="-4.5225767232477664947509765625">
        <ele>794</ele>
        <time>2025-09-28T07:09:40.000Z</time>
        <extensions>
          <ns3:TrackPointExtension>
            <ns3:hr>87</ns3:hr>
            <ns3:cad>55</ns3:cad>
          </ns3:TrackPointExtension>
        </extensions>
      </trkpt>
      <trkpt lat="42.30796177871525287628173828125" lon="-4.522755928337574005126953125">
        <ele>794.20001220703125</ele>
        <time>2025-09-28T07:09:53.000Z</time>
        <extensions>
          <ns3:TrackPointExtension>
            <ns3:hr>86</ns3:hr>
            <ns3:cad>55</ns3:cad>
          </ns3:TrackPointExtension>
        </extensions>
      </trkpt>
      <trkpt lat="42.308008633553981781005859375" lon="-4.52285575680434703826904296875">
        <ele>794.20001220703125</ele>
        <time>2025-09-28T07:10:01.000Z</time>
        <extensions>
          <ns3:TrackPointExtension>
            <ns3:hr>87</ns3:hr>
            <ns3:cad>53</ns3:cad>
          </ns3:TrackPointExtension>
        </extensions>
      </trkpt>
      <trkpt lat="42.3080691508948802947998046875" lon="-4.5229797251522541046142578125">
        <ele>794.4000244140625</ele>
        <time>2025-09-28T07:10:11.000Z</time>
        <extensions>
          <ns3:TrackPointExtension>
            <ns3:hr>88</ns3:hr>
            <ns3:cad>53</ns3:cad>
          </ns3:TrackPointExtension>
        </extensions>
      </trkpt>
      <trkpt lat="42.3081067018210887908935546875" lon="-4.523070752620697021484375">
        <ele>794.20001220703125</ele>
        <time>2025-09-28T07:10:18.000Z</time>
        <extensions>
          <ns3:TrackPointExtension>
            <ns3:hr>91</ns3:hr>
            <ns3:cad>54</ns3:cad>
          </ns3:TrackPointExtension>
        </extensions>
      </trkpt>
      <trkpt lat="42.3081204481422901153564453125" lon="-4.5230967365205287933349609375">
        <ele>794.20001220703125</ele>
        <time>2025-09-28T07:10:20.000Z</time>
        <extensions>
          <ns3:TrackPointExtension>
            <ns3:hr>91</ns3:hr>
            <ns3:cad>55</ns3:cad>
          </ns3:TrackPointExtension>
        </extensions>
      </trkpt>
      <trkpt lat="42.30815975926816463470458984375" lon="-4.52321081422269344329833984375">
        <ele>794.20001220703125</ele>
        <time>2025-09-28T07:10:29.000Z</time>
        <extensions>
          <ns3:TrackPointExtension>
            <ns3:hr>90</ns3:hr>
            <ns3:cad>54</ns3:cad>
          </ns3:TrackPointExtension>
        </extensions>
      </trkpt>
      <trkpt lat="42.30821725912392139434814453125" lon="-4.52336068265140056610107421875">
        <ele>794.4000244140625</ele>
        <time>2025-09-28T07:10:40.000Z</time>
        <extensions>
          <ns3:TrackPointExtension>
            <ns3:hr>89</ns3:hr>
            <ns3:cad>55</ns3:cad>
          </ns3:TrackPointExtension>
        </extensions>
      </trkpt>
      <trkpt lat="42.30829420499503612518310546875" lon="-4.52352195046842098236083984375">
        <ele>794</ele>
        <time>2025-09-28T07:10:53.000Z</time>
        <extensions>
          <ns3:TrackPointExtension>
            <ns3:hr>87</ns3:hr>
            <ns3:cad>55</ns3:cad>
          </ns3:TrackPointExtension>
        </extensions>
      </trkpt>
      <trkpt lat="42.308344580233097076416015625" lon="-4.5236487686634063720703125">
        <ele>794.20001220703125</ele>
        <time>2025-09-28T07:11:02.000Z</time>
        <extensions>
          <ns3:TrackPointExtension>
            <ns3:hr>88</ns3:hr>
            <ns3:cad>56</ns3:cad>
          </ns3:TrackPointExtension>
        </extensions>
      </trkpt>
      <trkpt lat="42.30838942341506481170654296875" lon="-4.52375547029078006744384765625">
        <ele>794.20001220703125</ele>
        <time>2025-09-28T07:11:10.000Z</time>
        <extensions>
          <ns3:TrackPointExtension>
            <ns3:hr>90</ns3:hr>
            <ns3:cad>0</ns3:cad>
          </ns3:TrackPointExtension>
        </extensions>
      </trkpt>
      <trkpt lat="42.30843200348317623138427734375" lon="-4.5238544605672359466552734375">
        <ele>794</ele>
        <time>2025-09-28T07:11:17.000Z</time>
        <extensions>
          <ns3:TrackPointExtension>
            <ns3:hr>90</ns3:hr>
            <ns3:cad>54</ns3:cad>
          </ns3:TrackPointExtension>
        </extensions>
      </trkpt>
      <trkpt lat="42.308467291295528411865234375" lon="-4.5239396207034587860107421875">
        <ele>794.20001220703125</ele>
        <time>2025-09-28T07:11:24.000Z</time>
        <extensions>
          <ns3:TrackPointExtension>
            <ns3:hr>90</ns3:hr>
            <ns3:cad>54</ns3:cad>
          </ns3:TrackPointExtension>
        </extensions>
      </trkpt>
      <trkpt lat="42.308512218296527862548828125" lon="-4.52404565177857875823974609375">
        <ele>794.20001220703125</ele>
        <time>2025-09-28T07:11:32.000Z</time>
        <extensions>
          <ns3:TrackPointExtension>
            <ns3:hr>90</ns3:hr>
            <ns3:cad>55</ns3:cad>
          </ns3:TrackPointExtension>
        </extensions>
      </trkpt>
      <trkpt lat="42.30856644921004772186279296875" lon="-4.52418177388608455657958984375">
        <ele>794.20001220703125</ele>
        <time>2025-09-28T07:11:42.000Z</time>
        <extensions>
          <ns3:TrackPointExtension>
            <ns3:hr>89</ns3:hr>
            <ns3:cad>54</ns3:cad>
          </ns3:TrackPointExtension>
        </extensions>
      </trkpt>
      <trkpt lat="42.30861221440136432647705078125" lon="-4.5243040658533573150634765625">
        <ele>794.20001220703125</ele>
        <time>2025-09-28T07:11:51.000Z</time>
        <extensions>
          <ns3:TrackPointExtension>
            <ns3:hr>88</ns3:hr>
            <ns3:cad>55</ns3:cad>
          </ns3:TrackPointExtension>
        </extensions>
      </trkpt>
      <trkpt lat="42.308668456971645355224609375" lon="-4.52442920766770839691162109375">
        <ele>794.20001220703125</ele>
        <time>2025-09-28T07:12:01.000Z</time>
        <extensions>
          <ns3:TrackPointExtension>
            <ns3:hr>87</ns3:hr>
            <ns3:cad>55</ns3:cad>
          </ns3:TrackPointExtension>
        </extensions>
      </trkpt>
      <trkpt lat="42.308714054524898529052734375" lon="-4.5245307125151157379150390625">
        <ele>794.20001220703125</ele>
        <time>2025-09-28T07:12:09.000Z</time>
        <extensions>
          <ns3:TrackPointExtension>
            <ns3:hr>86</ns3:hr>
            <ns3:cad>55</ns3:cad>
          </ns3:TrackPointExtension>
        </extensions>
      </trkpt>
      <trkpt lat="42.3087671957910060882568359375" lon="-4.5246661640703678131103515625">
        <ele>794.20001220703125</ele>
        <time>2025-09-28T07:12:19.000Z</time>
        <extensions>
          <ns3:TrackPointExtension>
            <ns3:hr>86</ns3:hr>
            <ns3:cad>54</ns3:cad>
          </ns3:TrackPointExtension>
        </extensions>
      </trkpt>
      <trkpt lat="42.308816649019718170166015625" lon="-4.52478677965700626373291015625">
        <ele>794.20001220703125</ele>
        <time>2025-09-28T07:12:28.000Z</time>
        <extensions>
          <ns3:TrackPointExtension>
            <ns3:hr>86</ns3:hr>
            <ns3:cad>54</ns3:cad>
          </ns3:TrackPointExtension>
        </extensions>
      </trkpt>
      <trkpt lat="42.30887054465711116790771484375" lon="-4.52489398419857025146484375">
        <ele>794</ele>
        <time>2025-09-28T07:12:37.000Z</time>
        <extensions>
          <ns3:TrackPointExtension>
            <ns3:hr>85</ns3:hr>
            <ns3:cad>55</ns3:cad>
          </ns3:TrackPointExtension>
        </extensions>
      </trkpt>
      <trkpt lat="42.30891882441937923431396484375" lon="-4.525015354156494140625">
        <ele>794.20001220703125</ele>
        <time>2025-09-28T07:12:46.000Z</time>
        <extensions>
          <ns3:TrackPointExtension>
            <ns3:hr>86</ns3:hr>
            <ns3:cad>54</ns3:cad>
          </ns3:TrackPointExtension>
        </extensions>
      </trkpt>
      <trkpt lat="42.308974564075469970703125" lon="-4.52513295225799083709716796875">
        <ele>794.20001220703125</ele>
        <time>2025-09-28T07:12:55.000Z</time>
        <extensions>
          <ns3:TrackPointExtension>
            <ns3:hr>85</ns3:hr>
            <ns3:cad>53</ns3:cad>
          </ns3:TrackPointExtension>
        </extensions>
      </trkpt>
      <trkpt lat="42.30902879498898983001708984375" lon="-4.52527862973511219024658203125">
        <ele>794.5999755859375</ele>
        <time>2025-09-28T07:13:06.000Z</time>
        <extensions>
          <ns3:TrackPointExtension>
            <ns3:hr>85</ns3:hr>
            <ns3:cad>55</ns3:cad>
          </ns3:TrackPointExtension>
        </extensions>
      </trkpt>
      <trkpt lat="42.30907875113189220428466796875" lon="-4.5254004187881946563720703125">
        <ele>794.79998779296875</ele>
        <time>2025-09-28T07:13:15.000Z</time>
        <extensions>
          <ns3:TrackPointExtension>
            <ns3:hr>86</ns3:hr>
            <ns3:cad>0</ns3:cad>
          </ns3:TrackPointExtension>
        </extensions>
      </trkpt>
      <trkpt lat="42.30911764316260814666748046875" lon="-4.525498487055301666259765625">
        <ele>794.4000244140625</ele>
        <time>2025-09-28T07:13:23.000Z</time>
        <extensions>
          <ns3:TrackPointExtension>
            <ns3:hr>88</ns3:hr>
            <ns3:cad>53</ns3:cad>
          </ns3:TrackPointExtension>
        </extensions>
      </trkpt>
      <trkpt lat="42.30916391126811504364013671875" lon="-4.52563502825796604156494140625">
        <ele>794.79998779296875</ele>
        <time>2025-09-28T07:13:33.000Z</time>
        <extensions>
          <ns3:TrackPointExtension>
            <ns3:hr>87</ns3:hr>
            <ns3:cad>55</ns3:cad>
          </ns3:TrackPointExtension>
        </extensions>
      </trkpt>
      <trkpt lat="42.30920481495559215545654296875" lon="-4.5257273130118846893310546875">
        <ele>794.4000244140625</ele>
        <time>2025-09-28T07:13:40.000Z</time>
        <extensions>
          <ns3:TrackPointExtension>
            <ns3:hr>88</ns3:hr>
            <ns3:cad>55</ns3:cad>
          </ns3:TrackPointExtension>
        </extensions>
      </trkpt>
      <trkpt lat="42.30925242416560649871826171875" lon="-4.52583870850503444671630859375">
        <ele>794.4000244140625</ele>
        <time>2025-09-28T07:13:48.000Z</time>
        <extensions>
          <ns3:TrackPointExtension>
            <ns3:hr>85</ns3:hr>
            <ns3:cad>53</ns3:cad>
          </ns3:TrackPointExtension>
        </extensions>
      </trkpt>
      <trkpt lat="42.309257201850414276123046875" lon="-4.52585153281688690185546875">
        <ele>794.4000244140625</ele>
        <time>2025-09-28T07:13:49.000Z</time>
        <extensions>
          <ns3:TrackPointExtension>
            <ns3:hr>85</ns3:hr>
            <ns3:cad>53</ns3:cad>
          </ns3:TrackPointExtension>
        </extensions>
      </trkpt>
      <trkpt lat="42.3093173839151859283447265625" lon="-4.52597768045961856842041015625">
        <ele>794.5999755859375</ele>
        <time>2025-09-28T07:13:59.000Z</time>
        <extensions>
          <ns3:TrackPointExtension>
            <ns3:hr>86</ns3:hr>
            <ns3:cad>54</ns3:cad>
          </ns3:TrackPointExtension>
        </extensions>
      </trkpt>
      <trkpt lat="42.3093841038644313812255859375" lon="-4.526137523353099822998046875">
        <ele>794.20001220703125</ele>
        <time>2025-09-28T07:14:11.000Z</time>
        <extensions>
          <ns3:TrackPointExtension>
            <ns3:hr>85</ns3:hr>
            <ns3:cad>54</ns3:cad>
          </ns3:TrackPointExtension>
        </extensions>
      </trkpt>
      <trkpt lat="42.30944051407277584075927734375" lon="-4.5262714661657810211181640625">
        <ele>794.4000244140625</ele>
        <time>2025-09-28T07:14:22.000Z</time>
        <extensions>
          <ns3:TrackPointExtension>
            <ns3:hr>85</ns3:hr>
            <ns3:cad>54</ns3:cad>
          </ns3:TrackPointExtension>
        </extensions>
      </trkpt>
      <trkpt lat="42.30948728509247303009033203125" lon="-4.526378251612186431884765625">
        <ele>794.20001220703125</ele>
        <time>2025-09-28T07:14:30.000Z</time>
        <extensions>
          <ns3:TrackPointExtension>
            <ns3:hr>84</ns3:hr>
            <ns3:cad>53</ns3:cad>
          </ns3:TrackPointExtension>
        </extensions>
      </trkpt>
      <trkpt lat="42.30954227037727832794189453125" lon="-4.52650976367294788360595703125">
        <ele>794.20001220703125</ele>
        <time>2025-09-28T07:14:40.000Z</time>
        <extensions>
          <ns3:TrackPointExtension>
            <ns3:hr>84</ns3:hr>
            <ns3:cad>0</ns3:cad>
          </ns3:TrackPointExtension>
        </extensions>
      </trkpt>
      <trkpt lat="42.309589125216007232666015625" lon="-4.52663482166826725006103515625">
        <ele>794.5999755859375</ele>
        <time>2025-09-28T07:14:49.000Z</time>
        <extensions>
          <ns3:TrackPointExtension>
            <ns3:hr>85</ns3:hr>
            <ns3:cad>55</ns3:cad>
          </ns3:TrackPointExtension>
        </extensions>
      </trkpt>
      <trkpt lat="42.3096519894897937774658203125" lon="-4.526774547994136810302734375">
        <ele>795.20001220703125</ele>
        <time>2025-09-28T07:15:00.000Z</time>
        <extensions>
          <ns3:TrackPointExtension>
            <ns3:hr>85</ns3:hr>
            <ns3:cad>54</ns3:cad>
          </ns3:TrackPointExtension>
        </extensions>
      </trkpt>
      <trkpt lat="42.30968895368278026580810546875" lon="-4.5268702693283557891845703125">
        <ele>795.20001220703125</ele>
        <time>2025-09-28T07:15:07.000Z</time>
        <extensions>
          <ns3:TrackPointExtension>
            <ns3:hr>86</ns3:hr>
            <ns3:cad>53</ns3:cad>
          </ns3:TrackPointExtension>
        </extensions>
      </trkpt>
      <trkpt lat="42.3097408376634120941162109375" lon="-4.5270042121410369873046875">
        <ele>794.79998779296875</ele>
        <time>2025-09-28T07:15:17.000Z</time>
        <extensions>
          <ns3:TrackPointExtension>
            <ns3:hr>86</ns3:hr>
            <ns3:cad>0</ns3:cad>
          </ns3:TrackPointExtension>
        </extensions>
      </trkpt>
      <trkpt lat="42.3098001815378665924072265625" lon="-4.5271401666104793548583984375">
        <ele>795.5999755859375</ele>
        <time>2025-09-28T07:15:27.000Z</time>
        <extensions>
          <ns3:TrackPointExtension>
            <ns3:hr>86</ns3:hr>
            <ns3:cad>54</ns3:cad>
          </ns3:TrackPointExtension>
        </extensions>
      </trkpt>
      <trkpt lat="42.3098437674343585968017578125" lon="-4.52724401839077472686767578125">
        <ele>794.5999755859375</ele>
        <time>2025-09-28T07:15:35.000Z</time>
        <extensions>
          <ns3:TrackPointExtension>
            <ns3:hr>86</ns3:hr>
            <ns3:cad>54</ns3:cad>
          </ns3:TrackPointExtension>
        </extensions>
      </trkpt>
      <trkpt lat="42.30988156981766223907470703125" lon="-4.52735214494168758392333984375">
        <ele>794.5999755859375</ele>
        <time>2025-09-28T07:15:43.000Z</time>
        <extensions>
          <ns3:TrackPointExtension>
            <ns3:hr>87</ns3:hr>
            <ns3:cad>55</ns3:cad>
          </ns3:TrackPointExtension>
        </extensions>
      </trkpt>
      <trkpt lat="42.30993144214153289794921875" lon="-4.5274710841476917266845703125">
        <ele>794.4000244140625</ele>
        <time>2025-09-28T07:15:52.000Z</time>
        <extensions>
          <ns3:TrackPointExtension>
            <ns3:hr>88</ns3:hr>
            <ns3:cad>54</ns3:cad>
          </ns3:TrackPointExtension>
        </extensions>
      </trkpt>
      <trkpt lat="42.30996957980096340179443359375" lon="-4.52754811383783817291259765625">
        <ele>794.20001220703125</ele>
        <time>2025-09-28T07:15:58.000Z</time>
        <extensions>
          <ns3:TrackPointExtension>
            <ns3:hr>88</ns3:hr>
            <ns3:cad>55</ns3:cad>
          </ns3:TrackPointExtension>
        </extensions>
      </trkpt>
      <trkpt lat="42.309984751045703887939453125" lon="-4.52759035862982273101806640625">
        <ele>794.20001220703125</ele>
        <time>2025-09-28T07:16:01.000Z</time>
        <extensions>
          <ns3:TrackPointExtension>
            <ns3:hr>88</ns3:hr>
            <ns3:cad>54</ns3:cad>
          </ns3:TrackPointExtension>
        </extensions>
      </trkpt>
      <trkpt lat="42.310033030807971954345703125" lon="-4.527694545686244964599609375">
        <ele>794.5999755859375</ele>
        <time>2025-09-28T07:16:09.000Z</time>
        <extensions>
          <ns3:TrackPointExtension>
            <ns3:hr>87</ns3:hr>
            <ns3:cad>54</ns3:cad>
          </ns3:TrackPointExtension>
        </extensions>
      </trkpt>
      <trkpt lat="42.31008491478860378265380859375" lon="-4.52781222760677337646484375">
        <ele>794.5999755859375</ele>
        <time>2025-09-28T07:16:18.000Z</time>
        <extensions>
          <ns3:TrackPointExtension>
            <ns3:hr>88</ns3:hr>
            <ns3:cad>0</ns3:cad>
          </ns3:TrackPointExtension>
        </extensions>
      </trkpt>
      <trkpt lat="42.31013990007340908050537109375" lon="-4.527933262288570404052734375">
        <ele>794.5999755859375</ele>
        <time>2025-09-28T07:16:28.000Z</time>
        <extensions>
          <ns3:TrackPointExtension>
            <ns3:hr>87</ns3:hr>
            <ns3:cad>0</ns3:cad>
          </ns3:TrackPointExtension>
        </extensions>
      </trkpt>
      <trkpt lat="42.31018801219761371612548828125" lon="-4.528034515678882598876953125">
        <ele>794.4000244140625</ele>
        <time>2025-09-28T07:16:36.000Z</time>
        <extensions>
          <ns3:TrackPointExtension>
            <ns3:hr>87</ns3:hr>
            <ns3:cad>55</ns3:cad>
          </ns3:TrackPointExtension>
        </extensions>
      </trkpt>
      <trkpt lat="42.310218773782253265380859375" lon="-4.5281154848635196685791015625">
        <ele>794.79998779296875</ele>
        <time>2025-09-28T07:16:42.000Z</time>
        <extensions>
          <ns3:TrackPointExtension>
            <ns3:hr>84</ns3:hr>
            <ns3:cad>54</ns3:cad>
          </ns3:TrackPointExtension>
        </extensions>
      </trkpt>
      <trkpt lat="42.31022874824702739715576171875" lon="-4.5281416364014148712158203125">
        <ele>794.79998779296875</ele>
        <time>2025-09-28T07:16:44.000Z</time>
        <extensions>
          <ns3:TrackPointExtension>
            <ns3:hr>83</ns3:hr>
            <ns3:cad>54</ns3:cad>
          </ns3:TrackPointExtension>
        </extensions>
      </trkpt>
      <trkpt lat="42.31028121896088123321533203125" lon="-4.52826828695833683013916015625">
        <ele>794.79998779296875</ele>
        <time>2025-09-28T07:16:54.000Z</time>
        <extensions>
          <ns3:TrackPointExtension>
            <ns3:hr>82</ns3:hr>
            <ns3:cad>53</ns3:cad>
          </ns3:TrackPointExtension>
        </extensions>
      </trkpt>
      <trkpt lat="42.3103242181241512298583984375" lon="-4.5283699594438076019287109375">
        <ele>794.20001220703125</ele>
        <time>2025-09-28T07:17:02.000Z</time>
        <extensions>
          <ns3:TrackPointExtension>
            <ns3:hr>79</ns3:hr>
            <ns3:cad>0</ns3:cad>
          </ns3:TrackPointExtension>
        </extensions>
      </trkpt>
      <trkpt lat="42.31033804826438426971435546875" lon="-4.528403989970684051513671875">
        <ele>794.20001220703125</ele>
        <time>2025-09-28T07:17:05.000Z</time>
        <extensions>
          <ns3:TrackPointExtension>
            <ns3:hr>79</ns3:hr>
            <ns3:cad>0</ns3:cad>
          </ns3:TrackPointExtension>
        </extensions>
      </trkpt>
      <trkpt lat="42.31039403937757015228271484375" lon="-4.5285463146865367889404296875">
        <ele>793.79998779296875</ele>
        <time>2025-09-28T07:17:15.000Z</time>
        <extensions>
          <ns3:TrackPointExtension>
            <ns3:hr>79</ns3:hr>
            <ns3:cad>56</ns3:cad>
          </ns3:TrackPointExtension>
        </extensions>
      </trkpt>
      <trkpt lat="42.3104623518884181976318359375" lon="-4.52870137989521026611328125">
        <ele>794</ele>
        <time>2025-09-28T07:17:27.000Z</time>
        <extensions>
          <ns3:TrackPointExtension>
            <ns3:hr>77</ns3:hr>
            <ns3:cad>55</ns3:cad>
          </ns3:TrackPointExtension>
        </extensions>
      </trkpt>
      <trkpt lat="42.31051976792514324188232421875" lon="-4.528824426233768463134765625">
        <ele>794</ele>
        <time>2025-09-28T07:17:36.000Z</time>
        <extensions>
          <ns3:TrackPointExtension>
            <ns3:hr>78</ns3:hr>
            <ns3:cad>55</ns3:cad>
          </ns3:TrackPointExtension>
        </extensions>
      </trkpt>
      <trkpt lat="42.31057743541896343231201171875" lon="-4.5289496518671512603759765625">
        <ele>793.79998779296875</ele>
        <time>2025-09-28T07:17:46.000Z</time>
        <extensions>
          <ns3:TrackPointExtension>
            <ns3:hr>80</ns3:hr>
            <ns3:cad>54</ns3:cad>
          </ns3:TrackPointExtension>
        </extensions>
      </trkpt>
      <trkpt lat="42.310635186731815338134765625" lon="-4.52909407205879688262939453125">
        <ele>793.79998779296875</ele>
        <time>2025-09-28T07:17:56.000Z</time>
        <extensions>
          <ns3:TrackPointExtension>
            <ns3:hr>80</ns3:hr>
            <ns3:cad>54</ns3:cad>
          </ns3:TrackPointExtension>
        </extensions>
      </trkpt>
      <trkpt lat="42.3106762580573558807373046875" lon="-4.52919499017298221588134765625">
        <ele>793.79998779296875</ele>
        <time>2025-09-28T07:18:04.000Z</time>
        <extensions>
          <ns3:TrackPointExtension>
            <ns3:hr>80</ns3:hr>
            <ns3:cad>56</ns3:cad>
          </ns3:TrackPointExtension>
        </extensions>
      </trkpt>
      <trkpt lat="42.3107231967151165008544921875" lon="-4.52929926104843616485595703125">
        <ele>793.79998779296875</ele>
        <time>2025-09-28T07:18:12.000Z</time>
        <extensions>
          <ns3:TrackPointExtension>
            <ns3:hr>77</ns3:hr>
            <ns3:cad>56</ns3:cad>
          </ns3:TrackPointExtension>
        </extensions>
      </trkpt>
      <trkpt lat="42.31077223084867000579833984375" lon="-4.52941157855093479156494140625">
        <ele>793.5999755859375</ele>
        <time>2025-09-28T07:18:20.000Z</time>
        <extensions>
          <ns3:TrackPointExtension>
            <ns3:hr>74</ns3:hr>
            <ns3:cad>55</ns3:cad>
          </ns3:TrackPointExtension>
        </extensions>
      </trkpt>
      <trkpt lat="42.3107778467237949371337890625" lon="-4.529426582157611846923828125">
        <ele>793.5999755859375</ele>
        <time>2025-09-28T07:18:21.000Z</time>
        <extensions>
          <ns3:TrackPointExtension>
            <ns3:hr>74</ns3:hr>
            <ns3:cad>55</ns3:cad>
          </ns3:TrackPointExtension>
        </extensions>
      </trkpt>
      <trkpt lat="42.3108499310910701751708984375" lon="-4.52960620634257793426513671875">
        <ele>793.5999755859375</ele>
        <time>2025-09-28T07:18:35.000Z</time>
        <extensions>
          <ns3:TrackPointExtension>
            <ns3:hr>74</ns3:hr>
            <ns3:cad>55</ns3:cad>
          </ns3:TrackPointExtension>
        </extensions>
      </trkpt>
      <trkpt lat="42.310899384319782257080078125" lon="-4.529727660119533538818359375">
        <ele>793.5999755859375</ele>
        <time>2025-09-28T07:18:44.000Z</time>
        <extensions>
          <ns3:TrackPointExtension>
            <ns3:hr>74</ns3:hr>
            <ns3:cad>55</ns3:cad>
          </ns3:TrackPointExtension>
        </extensions>
      </trkpt>
      <trkpt lat="42.31094825081527233123779296875" lon="-4.52984190545976161956787109375">
        <ele>793.79998779296875</ele>
        <time>2025-09-28T07:18:53.000Z</time>
        <extensions>
          <ns3:TrackPointExtension>
            <ns3:hr>73</ns3:hr>
            <ns3:cad>56</ns3:cad>
          </ns3:TrackPointExtension>
        </extensions>
      </trkpt>
      <trkpt lat="42.31099988333880901336669921875" lon="-4.529982469975948333740234375">
        <ele>793.79998779296875</ele>
        <time>2025-09-28T07:19:03.000Z</time>
        <extensions>
          <ns3:TrackPointExtension>
            <ns3:hr>73</ns3:hr>
            <ns3:cad>57</ns3:cad>
          </ns3:TrackPointExtension>
        </extensions>
      </trkpt>
      <trkpt lat="42.311074733734130859375" lon="-4.53014834783971309661865234375">
        <ele>793.79998779296875</ele>
        <time>2025-09-28T07:19:15.000Z</time>
        <extensions>
          <ns3:TrackPointExtension>
            <ns3:hr>74</ns3:hr>
            <ns3:cad>55</ns3:cad>
          </ns3:TrackPointExtension>
        </extensions>
      </trkpt>
      <trkpt lat="42.31112343259155750274658203125" lon="-4.530258737504482269287109375">
        <ele>793.79998779296875</ele>
        <time>2025-09-28T07:19:24.000Z</time>
        <extensions>
          <ns3:TrackPointExtension>
            <ns3:hr>73</ns3:hr>
            <ns3:cad>55</ns3:cad>
          </ns3:TrackPointExtension>
        </extensions>
      </trkpt>
      <trkpt lat="42.31119082309305667877197265625" lon="-4.5304084382951259613037109375">
        <ele>794</ele>
        <time>2025-09-28T07:19:35.000Z</time>
        <extensions>
          <ns3:TrackPointExtension>
            <ns3:hr>74</ns3:hr>
            <ns3:cad>55</ns3:cad>
          </ns3:TrackPointExtension>
        </extensions>
      </trkpt>
      <trkpt lat="42.311236001551151275634765625" lon="-4.53052796423435211181640625">
        <ele>793.79998779296875</ele>
        <time>2025-09-28T07:19:44.000Z</time>
        <extensions>
          <ns3:TrackPointExtension>
            <ns3:hr>75</ns3:hr>
            <ns3:cad>55</ns3:cad>
          </ns3:TrackPointExtension>
        </extensions>
      </trkpt>
      <trkpt lat="42.3113059066236019134521484375" lon="-4.5306806825101375579833984375">
        <ele>793.5999755859375</ele>
        <time>2025-09-28T07:19:55.000Z</time>
        <extensions>
          <ns3:TrackPointExtension>
            <ns3:hr>75</ns3:hr>
            <ns3:cad>57</ns3:cad>
          </ns3:TrackPointExtension>
        </extensions>
      </trkpt>
      <trkpt lat="42.3113689385354518890380859375" lon="-4.53080582432448863983154296875">
        <ele>793.79998779296875</ele>
        <time>2025-09-28T07:20:05.000Z</time>
        <extensions>
          <ns3:TrackPointExtension>
            <ns3:hr>74</ns3:hr>
            <ns3:cad>0</ns3:cad>
          </ns3:TrackPointExtension>
        </extensions>
      </trkpt>
      <trkpt lat="42.31142769567668437957763671875" lon="-4.53096776269376277923583984375">
        <ele>793.79998779296875</ele>
        <time>2025-09-28T07:20:16.000Z</time>
        <extensions>
          <ns3:TrackPointExtension>
            <ns3:hr>75</ns3:hr>
            <ns3:cad>56</ns3:cad>
          </ns3:TrackPointExtension>
        </extensions>
      </trkpt>
      <trkpt lat="42.31149743311107158660888671875" lon="-4.531127102673053741455078125">
        <ele>793.5999755859375</ele>
        <time>2025-09-28T07:20:28.000Z</time>
        <extensions>
          <ns3:TrackPointExtension>
            <ns3:hr>75</ns3:hr>
            <ns3:cad>57</ns3:cad>
          </ns3:TrackPointExtension>
        </extensions>
      </trkpt>
      <trkpt lat="42.3115513287484645843505859375" lon="-4.53125157393515110015869140625">
        <ele>793.79998779296875</ele>
        <time>2025-09-28T07:20:37.000Z</time>
        <extensions>
          <ns3:TrackPointExtension>
            <ns3:hr>75</ns3:hr>
            <ns3:cad>56</ns3:cad>
          </ns3:TrackPointExtension>
        </extensions>
      </trkpt>
      <trkpt lat="42.31161880306899547576904296875" lon="-4.53140932135283946990966796875">
        <ele>794</ele>
        <time>2025-09-28T07:20:49.000Z</time>
        <extensions>
          <ns3:TrackPointExtension>
            <ns3:hr>75</ns3:hr>
            <ns3:cad>56</ns3:cad>
          </ns3:TrackPointExtension>
        </extensions>
      </trkpt>
      <trkpt lat="42.3116579465568065643310546875" lon="-4.53151074238121509552001953125">
        <ele>794</ele>
        <time>2025-09-28T07:20:56.000Z</time>
        <extensions>
          <ns3:TrackPointExtension>
            <ns3:hr>78</ns3:hr>
            <ns3:cad>57</ns3:cad>
          </ns3:TrackPointExtension>
        </extensions>
      </trkpt>
      <trkpt lat="42.3116830922663211822509765625" lon="-4.5315644703805446624755859375">
        <ele>794</ele>
        <time>2025-09-28T07:21:00.000Z</time>
        <extensions>
          <ns3:TrackPointExtension>
            <ns3:hr>79</ns3:hr>
            <ns3:cad>57</ns3:cad>
          </ns3:TrackPointExtension>
        </extensions>
      </trkpt>
      <trkpt lat="42.31172625906765460968017578125" lon="-4.53167569823563098907470703125">
        <ele>793.79998779296875</ele>
        <time>2025-09-28T07:21:08.000Z</time>
        <extensions>
          <ns3:TrackPointExtension>
            <ns3:hr>79</ns3:hr>
            <ns3:cad>57</ns3:cad>
          </ns3:TrackPointExtension>
        </extensions>
      </trkpt>
      <trkpt lat="42.31178711168467998504638671875" lon="-4.53182875178754329681396484375">
        <ele>793.79998779296875</ele>
        <time>2025-09-28T07:21:19.000Z</time>
        <extensions>
          <ns3:TrackPointExtension>
            <ns3:hr>79</ns3:hr>
            <ns3:cad>56</ns3:cad>
          </ns3:TrackPointExtension>
        </extensions>
      </trkpt>
      <trkpt lat="42.31182717718183994293212890625" lon="-4.5319859124720096588134765625">
        <ele>794</ele>
        <time>2025-09-28T07:21:30.000Z</time>
        <extensions>
          <ns3:TrackPointExtension>
            <ns3:hr>79</ns3:hr>
            <ns3:cad>56</ns3:cad>
          </ns3:TrackPointExtension>
        </extensions>
      </trkpt>
      <trkpt lat="42.31188065372407436370849609375" lon="-4.53211490996181964874267578125">
        <ele>794.20001220703125</ele>
        <time>2025-09-28T07:21:39.000Z</time>
        <extensions>
          <ns3:TrackPointExtension>
            <ns3:hr>78</ns3:hr>
            <ns3:cad>0</ns3:cad>
          </ns3:TrackPointExtension>
        </extensions>
      </trkpt>
      <trkpt lat="42.31192876584827899932861328125" lon="-4.5322521217167377471923828125">
        <ele>794</ele>
        <time>2025-09-28T07:21:49.000Z</time>
        <extensions>
          <ns3:TrackPointExtension>
            <ns3:hr>78</ns3:hr>
            <ns3:cad>56</ns3:cad>
          </ns3:TrackPointExtension>
        </extensions>
      </trkpt>
      <trkpt lat="42.31196095235645771026611328125" lon="-4.5323369465768337249755859375">
        <ele>793.79998779296875</ele>
        <time>2025-09-28T07:21:56.000Z</time>
        <extensions>
          <ns3:TrackPointExtension>
            <ns3:hr>75</ns3:hr>
            <ns3:cad>56</ns3:cad>
          </ns3:TrackPointExtension>
        </extensions>
      </trkpt>
      <trkpt lat="42.3119684122502803802490234375" lon="-4.5323614217340946197509765625">
        <ele>793.79998779296875</ele>
        <time>2025-09-28T07:21:58.000Z</time>
        <extensions>
          <ns3:TrackPointExtension>
            <ns3:hr>76</ns3:hr>
            <ns3:cad>56</ns3:cad>
          </ns3:TrackPointExtension>
        </extensions>
      </trkpt>
      <trkpt lat="42.31201954185962677001953125" lon="-4.53252361156046390533447265625">
        <ele>794</ele>
        <time>2025-09-28T07:22:10.000Z</time>
        <extensions>
          <ns3:TrackPointExtension>
            <ns3:hr>77</ns3:hr>
            <ns3:cad>57</ns3:cad>
          </ns3:TrackPointExtension>
        </extensions>
      </trkpt>
      <trkpt lat="42.31205566786229610443115234375" lon="-4.5326276309788227081298828125">
        <ele>794.20001220703125</ele>
        <time>2025-09-28T07:22:18.000Z</time>
        <extensions>
          <ns3:TrackPointExtension>
            <ns3:hr>77</ns3:hr>
            <ns3:cad>56</ns3:cad>
          </ns3:TrackPointExtension>
        </extensions>
      </trkpt>
      <trkpt lat="42.31207209639251232147216796875" lon="-4.532691501080989837646484375">
        <ele>794.20001220703125</ele>
        <time>2025-09-28T07:22:22.000Z</time>
        <extensions>
          <ns3:TrackPointExtension>
            <ns3:hr>80</ns3:hr>
            <ns3:cad>56</ns3:cad>
          </ns3:TrackPointExtension>
        </extensions>
      </trkpt>
      <trkpt lat="42.31210210360586643218994140625" lon="-4.53276148997247219085693359375">
        <ele>794.20001220703125</ele>
        <time>2025-09-28T07:22:28.000Z</time>
        <extensions>
          <ns3:TrackPointExtension>
            <ns3:hr>82</ns3:hr>
            <ns3:cad>56</ns3:cad>
          </ns3:TrackPointExtension>
        </extensions>
      </trkpt>
      <trkpt lat="42.31213361956179141998291015625" lon="-4.532870538532733917236328125">
        <ele>794</ele>
        <time>2025-09-28T07:22:36.000Z</time>
        <extensions>
          <ns3:TrackPointExtension>
            <ns3:hr>85</ns3:hr>
            <ns3:cad>56</ns3:cad>
          </ns3:TrackPointExtension>
        </extensions>
      </trkpt>
      <trkpt lat="42.31213496066629886627197265625" lon="-4.5328814350068569183349609375">
        <ele>794</ele>
        <time>2025-09-28T07:22:37.000Z</time>
        <extensions>
          <ns3:TrackPointExtension>
            <ns3:hr>86</ns3:hr>
            <ns3:cad>56</ns3:cad>
          </ns3:TrackPointExtension>
        </extensions>
      </trkpt>
      <trkpt lat="42.31215809471905231475830078125" lon="-4.5329313911497592926025390625">
        <ele>793.79998779296875</ele>
        <time>2025-09-28T07:22:41.000Z</time>
        <extensions>
          <ns3:TrackPointExtension>
            <ns3:hr>89</ns3:hr>
            <ns3:cad>56</ns3:cad>
          </ns3:TrackPointExtension>
        </extensions>
      </trkpt>
      <trkpt lat="42.31216840445995330810546875" lon="-4.53297673724591732025146484375">
        <ele>793.79998779296875</ele>
        <time>2025-09-28T07:22:44.000Z</time>
        <extensions>
          <ns3:TrackPointExtension>
            <ns3:hr>88</ns3:hr>
            <ns3:cad>56</ns3:cad>
          </ns3:TrackPointExtension>
        </extensions>
      </trkpt>
      <trkpt lat="42.312210984528064727783203125" lon="-4.53314186073839664459228515625">
        <ele>793.5999755859375</ele>
        <time>2025-09-28T07:22:54.000Z</time>
        <extensions>
          <ns3:TrackPointExtension>
            <ns3:hr>87</ns3:hr>
            <ns3:cad>57</ns3:cad>
          </ns3:TrackPointExtension>
        </extensions>
      </trkpt>
      <trkpt lat="42.312243171036243438720703125" lon="-4.533229283988475799560546875">
        <ele>793.79998779296875</ele>
        <time>2025-09-28T07:23:01.000Z</time>
        <extensions>
          <ns3:TrackPointExtension>
            <ns3:hr>90</ns3:hr>
            <ns3:cad>57</ns3:cad>
          </ns3:TrackPointExtension>
        </extensions>
      </trkpt>
      <trkpt lat="42.312255911529064178466796875" lon="-4.53327479772269725799560546875">
        <ele>793.79998779296875</ele>
        <time>2025-09-28T07:23:04.000Z</time>
        <extensions>
          <ns3:TrackPointExtension>
            <ns3:hr>90</ns3:hr>
            <ns3:cad>57</ns3:cad>
          </ns3:TrackPointExtension>
        </extensions>
      </trkpt>
      <trkpt lat="42.312312908470630645751953125" lon="-4.533459953963756561279296875">
        <ele>793.5999755859375</ele>
        <time>2025-09-28T07:23:17.000Z</time>
        <extensions>
          <ns3:TrackPointExtension>
            <ns3:hr>92</ns3:hr>
            <ns3:cad>57</ns3:cad>
          </ns3:TrackPointExtension>
        </extensions>
      </trkpt>
      <trkpt lat="42.31237015686929225921630859375" lon="-4.53366505913436412811279296875">
        <ele>793.5999755859375</ele>
        <time>2025-09-28T07:23:30.000Z</time>
        <extensions>
          <ns3:TrackPointExtension>
            <ns3:hr>93</ns3:hr>
            <ns3:cad>57</ns3:cad>
          </ns3:TrackPointExtension>
        </extensions>
      </trkpt>
      <trkpt lat="42.31242547743022441864013671875" lon="-4.53384895808994770050048828125">
        <ele>793.5999755859375</ele>
        <time>2025-09-28T07:23:43.000Z</time>
        <extensions>
          <ns3:TrackPointExtension>
            <ns3:hr>92</ns3:hr>
            <ns3:cad>57</ns3:cad>
          </ns3:TrackPointExtension>
        </extensions>
      </trkpt>
      <trkpt lat="42.3124569095671176910400390625" lon="-4.53397016040980815887451171875">
        <ele>793.79998779296875</ele>
        <time>2025-09-28T07:23:51.000Z</time>
        <extensions>
          <ns3:TrackPointExtension>
            <ns3:hr>92</ns3:hr>
            <ns3:cad>57</ns3:cad>
          </ns3:TrackPointExtension>
        </extensions>
      </trkpt>
      <trkpt lat="42.31252086348831653594970703125" lon="-4.534137547016143798828125">
        <ele>794</ele>
        <time>2025-09-28T07:24:03.000Z</time>
        <extensions>
          <ns3:TrackPointExtension>
            <ns3:hr>94</ns3:hr>
            <ns3:cad>57</ns3:cad>
          </ns3:TrackPointExtension>
        </extensions>
      </trkpt>
      <trkpt lat="42.312559001147747039794921875" lon="-4.5342865772545337677001953125">
        <ele>793.4000244140625</ele>
        <time>2025-09-28T07:24:13.000Z</time>
        <extensions>
          <ns3:TrackPointExtension>
            <ns3:hr>95</ns3:hr>
            <ns3:cad>57</ns3:cad>
          </ns3:TrackPointExtension>
        </extensions>
      </trkpt>
      <trkpt lat="42.31260669417679309844970703125" lon="-4.53444960527122020721435546875">
        <ele>793.5999755859375</ele>
        <time>2025-09-28T07:24:24.000Z</time>
        <extensions>
          <ns3:TrackPointExtension>
            <ns3:hr>96</ns3:hr>
            <ns3:cad>57</ns3:cad>
          </ns3:TrackPointExtension>
        </extensions>
      </trkpt>
      <trkpt lat="42.3126510344445705413818359375" lon="-4.53461087308824062347412109375">
        <ele>793.79998779296875</ele>
        <time>2025-09-28T07:24:35.000Z</time>
        <extensions>
          <ns3:TrackPointExtension>
            <ns3:hr>96</ns3:hr>
            <ns3:cad>57</ns3:cad>
          </ns3:TrackPointExtension>
        </extensions>
      </trkpt>
      <trkpt lat="42.31270124204456806182861328125" lon="-4.53477323055267333984375">
        <ele>793.4000244140625</ele>
        <time>2025-09-28T07:24:47.000Z</time>
        <extensions>
          <ns3:TrackPointExtension>
            <ns3:hr>96</ns3:hr>
            <ns3:cad>57</ns3:cad>
          </ns3:TrackPointExtension>
        </extensions>
      </trkpt>
      <trkpt lat="42.31274851597845554351806640625" lon="-4.53493273817002773284912109375">
        <ele>793.5999755859375</ele>
        <time>2025-09-28T07:24:58.000Z</time>
        <extensions>
          <ns3:TrackPointExtension>
            <ns3:hr>97</ns3:hr>
            <ns3:cad>57</ns3:cad>
          </ns3:TrackPointExtension>
        </extensions>
      </trkpt>
      <trkpt lat="42.31276712380349636077880859375" lon="-4.53499224968254566192626953125">
        <ele>793.5999755859375</ele>
        <time>2025-09-28T07:25:02.000Z</time>
        <extensions>
          <ns3:TrackPointExtension>
            <ns3:hr>100</ns3:hr>
            <ns3:cad>57</ns3:cad>
          </ns3:TrackPointExtension>
        </extensions>
      </trkpt>
      <trkpt lat="42.31281221844255924224853515625" lon="-4.53515200875699520111083984375">
        <ele>793.4000244140625</ele>
        <time>2025-09-28T07:25:13.000Z</time>
        <extensions>
          <ns3:TrackPointExtension>
            <ns3:hr>100</ns3:hr>
            <ns3:cad>57</ns3:cad>
          </ns3:TrackPointExtension>
        </extensions>
      </trkpt>
      <trkpt lat="42.31286108493804931640625" lon="-4.53530640341341495513916015625">
        <ele>793.20001220703125</ele>
        <time>2025-09-28T07:25:24.000Z</time>
        <extensions>
          <ns3:TrackPointExtension>
            <ns3:hr>100</ns3:hr>
            <ns3:cad>57</ns3:cad>
          </ns3:TrackPointExtension>
        </extensions>
      </trkpt>
      <trkpt lat="42.3129142262041568756103515625" lon="-4.53548477031290531158447265625">
        <ele>793.4000244140625</ele>
        <time>2025-09-28T07:25:36.000Z</time>
        <extensions>
          <ns3:TrackPointExtension>
            <ns3:hr>100</ns3:hr>
            <ns3:cad>57</ns3:cad>
          </ns3:TrackPointExtension>
        </extensions>
      </trkpt>
      <trkpt lat="42.3129330016672611236572265625" lon="-4.5355401746928691864013671875">
        <ele>793.20001220703125</ele>
        <time>2025-09-28T07:25:40.000Z</time>
        <extensions>
          <ns3:TrackPointExtension>
            <ns3:hr>101</ns3:hr>
            <ns3:cad>57</ns3:cad>
          </ns3:TrackPointExtension>
        </extensions>
      </trkpt>
      <trkpt lat="42.31297298334538936614990234375" lon="-4.53566850163042545318603515625">
        <ele>793.20001220703125</ele>
        <time>2025-09-28T07:25:49.000Z</time>
        <extensions>
          <ns3:TrackPointExtension>
            <ns3:hr>98</ns3:hr>
            <ns3:cad>57</ns3:cad>
          </ns3:TrackPointExtension>
        </extensions>
      </trkpt>
      <trkpt lat="42.31298119761049747467041015625" lon="-4.5357011072337627410888671875">
        <ele>793.20001220703125</ele>
        <time>2025-09-28T07:25:51.000Z</time>
        <extensions>
          <ns3:TrackPointExtension>
            <ns3:hr>90</ns3:hr>
            <ns3:cad>57</ns3:cad>
          </ns3:TrackPointExtension>
        </extensions>
      </trkpt>
      <trkpt lat="42.31298605911433696746826171875" lon="-4.5357158593833446502685546875">
        <ele>793.20001220703125</ele>
        <time>2025-09-28T07:25:52.000Z</time>
        <extensions>
          <ns3:TrackPointExtension>
            <ns3:hr>82</ns3:hr>
            <ns3:cad>57</ns3:cad>
          </ns3:TrackPointExtension>
        </extensions>
      </trkpt>
      <trkpt lat="42.31299125589430332183837890625" lon="-4.5357309468090534210205078125">
        <ele>793</ele>
        <time>2025-09-28T07:25:53.000Z</time>
        <extensions>
          <ns3:TrackPointExtension>
            <ns3:hr>82</ns3:hr>
            <ns3:cad>57</ns3:cad>
          </ns3:TrackPointExtension>
        </extensions>
      </trkpt>
      <trkpt lat="42.31303500942885875701904296875" lon="-4.53586631454527378082275390625">
        <ele>793.20001220703125</ele>
        <time>2025-09-28T07:26:03.000Z</time>
        <extensions>
          <ns3:TrackPointExtension>
            <ns3:hr>82</ns3:hr>
            <ns3:cad>57</ns3:cad>
          </ns3:TrackPointExtension>
        </extensions>
      </trkpt>
      <trkpt lat="42.31308295391499996185302734375" lon="-4.5360155962407588958740234375">
        <ele>793.20001220703125</ele>
        <time>2025-09-28T07:26:14.000Z</time>
        <extensions>
          <ns3:TrackPointExtension>
            <ns3:hr>81</ns3:hr>
            <ns3:cad>57</ns3:cad>
          </ns3:TrackPointExtension>
        </extensions>
      </trkpt>
      <trkpt lat="42.3131251148879528045654296875" lon="-4.5361473597586154937744140625">
        <ele>793.4000244140625</ele>
        <time>2025-09-28T07:26:24.000Z</time>
        <extensions>
          <ns3:TrackPointExtension>
            <ns3:hr>79</ns3:hr>
            <ns3:cad>56</ns3:cad>
          </ns3:TrackPointExtension>
        </extensions>
      </trkpt>
      <trkpt lat="42.31316484510898590087890625" lon="-4.536279626190662384033203125">
        <ele>793</ele>
        <time>2025-09-28T07:26:33.000Z</time>
        <extensions>
          <ns3:TrackPointExtension>
            <ns3:hr>77</ns3:hr>
            <ns3:cad>57</ns3:cad>
          </ns3:TrackPointExtension>
        </extensions>
      </trkpt>
      <trkpt lat="42.31321605853736400604248046875" lon="-4.53646101057529449462890625">
        <ele>793.20001220703125</ele>
        <time>2025-09-28T07:26:45.000Z</time>
        <extensions>
          <ns3:TrackPointExtension>
            <ns3:hr>77</ns3:hr>
            <ns3:cad>56</ns3:cad>
          </ns3:TrackPointExtension>
        </extensions>
      </trkpt>
      <trkpt lat="42.31326408684253692626953125" lon="-4.53661347739398479461669921875">
        <ele>793.20001220703125</ele>
        <time>2025-09-28T07:26:56.000Z</time>
        <extensions>
          <ns3:TrackPointExtension>
            <ns3:hr>80</ns3:hr>
            <ns3:cad>56</ns3:cad>
          </ns3:TrackPointExtension>
        </extensions>
      </trkpt>
      <trkpt lat="42.31327322311699390411376953125" lon="-4.53664314933121204376220703125">
        <ele>793.20001220703125</ele>
        <time>2025-09-28T07:26:58.000Z</time>
        <extensions>
          <ns3:TrackPointExtension>
            <ns3:hr>81</ns3:hr>
            <ns3:cad>56</ns3:cad>
          </ns3:TrackPointExtension>
        </extensions>
      </trkpt>
      <trkpt lat="42.313320748507976531982421875" lon="-4.536792933940887451171875">
        <ele>793</ele>
        <time>2025-09-28T07:27:09.000Z</time>
        <extensions>
          <ns3:TrackPointExtension>
            <ns3:hr>84</ns3:hr>
            <ns3:cad>57</ns3:cad>
          </ns3:TrackPointExtension>
        </extensions>
      </trkpt>
      <trkpt lat="42.3133363388478755950927734375" lon="-4.53684666194021701812744140625">
        <ele>793.20001220703125</ele>
        <time>2025-09-28T07:27:13.000Z</time>
        <extensions>
          <ns3:TrackPointExtension>
            <ns3:hr>84</ns3:hr>
            <ns3:cad>56</ns3:cad>
          </ns3:TrackPointExtension>
        </extensions>
      </trkpt>
      <trkpt lat="42.31338017620146274566650390625" lon="-4.5370029844343662261962890625">
        <ele>793.20001220703125</ele>
        <time>2025-09-28T07:27:24.000Z</time>
        <extensions>
          <ns3:TrackPointExtension>
            <ns3:hr>85</ns3:hr>
            <ns3:cad>56</ns3:cad>
          </ns3:TrackPointExtension>
        </extensions>
      </trkpt>
      <trkpt lat="42.3134258575737476348876953125" lon="-4.537157714366912841796875">
        <ele>793</ele>
        <time>2025-09-28T07:27:35.000Z</time>
        <extensions>
          <ns3:TrackPointExtension>
            <ns3:hr>85</ns3:hr>
            <ns3:cad>57</ns3:cad>
          </ns3:TrackPointExtension>
        </extensions>
      </trkpt>
      <trkpt lat="42.3134714551270008087158203125" lon="-4.537304230034351348876953125">
        <ele>793</ele>
        <time>2025-09-28T07:27:45.000Z</time>
        <extensions>
          <ns3:TrackPointExtension>
            <ns3:hr>86</ns3:hr>
            <ns3:cad>56</ns3:cad>
          </ns3:TrackPointExtension>
        </extensions>
      </trkpt>
      <trkpt lat="42.31352652423083782196044921875" lon="-4.53748033381998538970947265625">
        <ele>793</ele>
        <time>2025-09-28T07:27:59.000Z</time>
        <extensions>
          <ns3:TrackPointExtension>
            <ns3:hr>86</ns3:hr>
            <ns3:cad>56</ns3:cad>
          </ns3:TrackPointExtension>
        </extensions>
      </trkpt>
      <trkpt lat="42.31356927193701267242431640625" lon="-4.53762710094451904296875">
        <ele>793</ele>
        <time>2025-09-28T07:28:11.000Z</time>
        <extensions>
          <ns3:TrackPointExtension>
            <ns3:hr>85</ns3:hr>
            <ns3:cad>55</ns3:cad>
          </ns3:TrackPointExtension>
        </extensions>
      </trkpt>
      <trkpt lat="42.3135938309133052825927734375" lon="-4.5377288572490215301513671875">
        <ele>793</ele>
        <time>2025-09-28T07:28:18.000Z</time>
        <extensions>
          <ns3:TrackPointExtension>
            <ns3:hr>82</ns3:hr>
            <ns3:cad>55</ns3:cad>
          </ns3:TrackPointExtension>
        </extensions>
      </trkpt>
      <trkpt lat="42.31361051090061664581298828125" lon="-4.5377945713698863983154296875">
        <ele>793</ele>
        <time>2025-09-28T07:28:23.000Z</time>
        <extensions>
          <ns3:TrackPointExtension>
            <ns3:hr>82</ns3:hr>
            <ns3:cad>55</ns3:cad>
          </ns3:TrackPointExtension>
        </extensions>
      </trkpt>
      <trkpt lat="42.3136588744819164276123046875" lon="-4.53795273788273334503173828125">
        <ele>793</ele>
        <time>2025-09-28T07:28:36.000Z</time>
        <extensions>
          <ns3:TrackPointExtension>
            <ns3:hr>81</ns3:hr>
            <ns3:cad>56</ns3:cad>
          </ns3:TrackPointExtension>
        </extensions>
      </trkpt>
      <trkpt lat="42.31372819282114505767822265625" lon="-4.5381727628409862518310546875">
        <ele>793.20001220703125</ele>
        <time>2025-09-28T07:28:51.000Z</time>
        <extensions>
          <ns3:TrackPointExtension>
            <ns3:hr>81</ns3:hr>
            <ns3:cad>56</ns3:cad>
          </ns3:TrackPointExtension>
        </extensions>
      </trkpt>
      <trkpt lat="42.31374847702682018280029296875" lon="-4.53823671676218509674072265625">
        <ele>793</ele>
        <time>2025-09-28T07:28:56.000Z</time>
        <extensions>
          <ns3:TrackPointExtension>
            <ns3:hr>84</ns3:hr>
            <ns3:cad>56</ns3:cad>
          </ns3:TrackPointExtension>
        </extensions>
      </trkpt>
      <trkpt lat="42.31377563439309597015380859375" lon="-4.538339562714099884033203125">
        <ele>793.20001220703125</ele>
        <time>2025-09-28T07:29:03.000Z</time>
        <extensions>
          <ns3:TrackPointExtension>
            <ns3:hr>84</ns3:hr>
            <ns3:cad>56</ns3:cad>
          </ns3:TrackPointExtension>
        </extensions>
      </trkpt>
      <trkpt lat="42.3138265125453472137451171875" lon="-4.5385100506246089935302734375">
        <ele>792.79998779296875</ele>
        <time>2025-09-28T07:29:14.000Z</time>
        <extensions>
          <ns3:TrackPointExtension>
            <ns3:hr>85</ns3:hr>
            <ns3:cad>57</ns3:cad>
          </ns3:TrackPointExtension>
        </extensions>
      </trkpt>
      <trkpt lat="42.3138774745166301727294921875" lon="-4.53866084106266498565673828125">
        <ele>792.5999755859375</ele>
        <time>2025-09-28T07:29:25.000Z</time>
        <extensions>
          <ns3:TrackPointExtension>
            <ns3:hr>86</ns3:hr>
            <ns3:cad>57</ns3:cad>
          </ns3:TrackPointExtension>
        </extensions>
      </trkpt>
      <trkpt lat="42.31393329799175262451171875" lon="-4.53883820213377475738525390625">
        <ele>792.5999755859375</ele>
        <time>2025-09-28T07:29:38.000Z</time>
        <extensions>
          <ns3:TrackPointExtension>
            <ns3:hr>84</ns3:hr>
            <ns3:cad>57</ns3:cad>
          </ns3:TrackPointExtension>
        </extensions>
      </trkpt>
      <trkpt lat="42.3139867745339870452880859375" lon="-4.53901874832808971405029296875">
        <ele>792.5999755859375</ele>
        <time>2025-09-28T07:29:50.000Z</time>
        <extensions>
          <ns3:TrackPointExtension>
            <ns3:hr>83</ns3:hr>
            <ns3:cad>56</ns3:cad>
          </ns3:TrackPointExtension>
        </extensions>
      </trkpt>
      <trkpt lat="42.31402994133532047271728515625" lon="-4.539174735546112060546875">
        <ele>792.5999755859375</ele>
        <time>2025-09-28T07:30:01.000Z</time>
        <extensions>
          <ns3:TrackPointExtension>
            <ns3:hr>83</ns3:hr>
            <ns3:cad>56</ns3:cad>
          </ns3:TrackPointExtension>
        </extensions>
      </trkpt>
      <trkpt lat="42.31407788582146167755126953125" lon="-4.539349414408206939697265625">
        <ele>792.4000244140625</ele>
        <time>2025-09-28T07:30:13.000Z</time>
        <extensions>
          <ns3:TrackPointExtension>
            <ns3:hr>83</ns3:hr>
            <ns3:cad>57</ns3:cad>
          </ns3:TrackPointExtension>
        </extensions>
      </trkpt>
      <trkpt lat="42.3141255788505077362060546875" lon="-4.5394872128963470458984375">
        <ele>793.20001220703125</ele>
        <time>2025-09-28T07:30:24.000Z</time>
        <extensions>
          <ns3:TrackPointExtension>
            <ns3:hr>83</ns3:hr>
            <ns3:cad>55</ns3:cad>
          </ns3:TrackPointExtension>
        </extensions>
      </trkpt>
      <trkpt lat="42.31417662464082241058349609375" lon="-4.539648480713367462158203125">
        <ele>793.20001220703125</ele>
        <time>2025-09-28T07:30:36.000Z</time>
        <extensions>
          <ns3:TrackPointExtension>
            <ns3:hr>85</ns3:hr>
            <ns3:cad>55</ns3:cad>
          </ns3:TrackPointExtension>
        </extensions>
      </trkpt>
      <trkpt lat="42.31421635486185550689697265625" lon="-4.539781920611858367919921875">
        <ele>793</ele>
        <time>2025-09-28T07:30:47.000Z</time>
        <extensions>
          <ns3:TrackPointExtension>
            <ns3:hr>86</ns3:hr>
            <ns3:cad>55</ns3:cad>
          </ns3:TrackPointExtension>
        </extensions>
      </trkpt>
      <trkpt lat="42.31426681391894817352294921875" lon="-4.53993857838213443756103515625">
        <ele>793.20001220703125</ele>
        <time>2025-09-28T07:30:59.000Z</time>
        <extensions>
          <ns3:TrackPointExtension>
            <ns3:hr>85</ns3:hr>
            <ns3:cad>55</ns3:cad>
          </ns3:TrackPointExtension>
        </extensions>
      </trkpt>
      <trkpt lat="42.314317524433135986328125" lon="-4.54007872380316257476806640625">
        <ele>794</ele>
        <time>2025-09-28T07:31:10.000Z</time>
        <extensions>
          <ns3:TrackPointExtension>
            <ns3:hr>86</ns3:hr>
            <ns3:cad>55</ns3:cad>
          </ns3:TrackPointExtension>
        </extensions>
      </trkpt>
      <trkpt lat="42.314336635172367095947265625" lon="-4.5401180349290370941162109375">
        <ele>794.20001220703125</ele>
        <time>2025-09-28T07:31:16.000Z</time>
        <extensions>
          <ns3:TrackPointExtension>
            <ns3:hr>85</ns3:hr>
            <ns3:cad>0</ns3:cad>
          </ns3:TrackPointExtension>
        </extensions>
      </trkpt>
      <trkpt lat="42.314336635172367095947265625" lon="-4.5401180349290370941162109375">
        <ele>794.20001220703125</ele>
        <time>2025-09-28T07:31:17.000Z</time>
        <extensions>
          <ns3:TrackPointExtension>
            <ns3:hr>85</ns3:hr>
            <ns3:cad>0</ns3:cad>
          </ns3:TrackPointExtension>
        </extensions>
      </trkpt>
      <trkpt lat="42.314336635172367095947265625" lon="-4.5401180349290370941162109375">
        <ele>794.20001220703125</ele>
        <time>2025-09-28T07:31:25.000Z</time>
        <extensions>
          <ns3:TrackPointExtension>
            <ns3:hr>88</ns3:hr>
            <ns3:cad>0</ns3:cad>
          </ns3:TrackPointExtension>
        </extensions>
      </trkpt>
      <trkpt lat="42.31433621607720851898193359375" lon="-4.54011979512870311737060546875">
        <ele>794</ele>
        <time>2025-09-28T07:31:27.000Z</time>
        <extensions>
          <ns3:TrackPointExtension>
            <ns3:hr>88</ns3:hr>
            <ns3:cad>0</ns3:cad>
          </ns3:TrackPointExtension>
        </extensions>
      </trkpt>
      <trkpt lat="42.31435415334999561309814453125" lon="-4.54020244069397449493408203125">
        <ele>793.5999755859375</ele>
        <time>2025-09-28T07:31:32.000Z</time>
        <extensions>
          <ns3:TrackPointExtension>
            <ns3:hr>90</ns3:hr>
            <ns3:cad>57</ns3:cad>
          </ns3:TrackPointExtension>
        </extensions>
      </trkpt>
      <trkpt lat="42.314368151128292083740234375" lon="-4.540250636637210845947265625">
        <ele>793.20001220703125</ele>
        <time>2025-09-28T07:31:35.000Z</time>
        <extensions>
          <ns3:TrackPointExtension>
            <ns3:hr>91</ns3:hr>
            <ns3:cad>57</ns3:cad>
          </ns3:TrackPointExtension>
        </extensions>
      </trkpt>
      <trkpt lat="42.314403355121612548828125" lon="-4.54036102630198001861572265625">
        <ele>793.5999755859375</ele>
        <time>2025-09-28T07:31:43.000Z</time>
        <extensions>
          <ns3:TrackPointExtension>
            <ns3:hr>92</ns3:hr>
            <ns3:cad>57</ns3:cad>
          </ns3:TrackPointExtension>
        </extensions>
      </trkpt>
      <trkpt lat="42.31444635428488254547119140625" lon="-4.540494717657566070556640625">
        <ele>793.20001220703125</ele>
        <time>2025-09-28T07:31:52.000Z</time>
        <extensions>
          <ns3:TrackPointExtension>
            <ns3:hr>90</ns3:hr>
            <ns3:cad>57</ns3:cad>
          </ns3:TrackPointExtension>
        </extensions>
      </trkpt>
      <trkpt lat="42.31448851525783538818359375" lon="-4.54063779674470424652099609375">
        <ele>793.20001220703125</ele>
        <time>2025-09-28T07:32:03.000Z</time>
        <extensions>
          <ns3:TrackPointExtension>
            <ns3:hr>88</ns3:hr>
            <ns3:cad>56</ns3:cad>
          </ns3:TrackPointExtension>
        </extensions>
      </trkpt>
      <trkpt lat="42.3145312629640102386474609375" lon="-4.5408258028328418731689453125">
        <ele>793</ele>
        <time>2025-09-28T07:32:15.000Z</time>
        <extensions>
          <ns3:TrackPointExtension>
            <ns3:hr>87</ns3:hr>
            <ns3:cad>56</ns3:cad>
          </ns3:TrackPointExtension>
        </extensions>
      </trkpt>
      <trkpt lat="42.3145738430321216583251953125" lon="-4.54098313115537166595458984375">
        <ele>793.4000244140625</ele>
        <time>2025-09-28T07:32:26.000Z</time>
        <extensions>
          <ns3:TrackPointExtension>
            <ns3:hr>88</ns3:hr>
            <ns3:cad>56</ns3:cad>
          </ns3:TrackPointExtension>
        </extensions>
      </trkpt>
      <trkpt lat="42.3146197758615016937255859375" lon="-4.5411335863173007965087890625">
        <ele>793</ele>
        <time>2025-09-28T07:32:37.000Z</time>
        <extensions>
          <ns3:TrackPointExtension>
            <ns3:hr>90</ns3:hr>
            <ns3:cad>56</ns3:cad>
          </ns3:TrackPointExtension>
        </extensions>
      </trkpt>
      <trkpt lat="42.31467652134597301483154296875" lon="-4.54130264930427074432373046875">
        <ele>793</ele>
        <time>2025-09-28T07:32:49.000Z</time>
        <extensions>
          <ns3:TrackPointExtension>
            <ns3:hr>90</ns3:hr>
            <ns3:cad>56</ns3:cad>
          </ns3:TrackPointExtension>
        </extensions>
      </trkpt>
      <trkpt lat="42.314729578793048858642578125" lon="-4.5414987020194530487060546875">
        <ele>793</ele>
        <time>2025-09-28T07:33:03.000Z</time>
        <extensions>
          <ns3:TrackPointExtension>
            <ns3:hr>90</ns3:hr>
            <ns3:cad>56</ns3:cad>
          </ns3:TrackPointExtension>
        </extensions>
      </trkpt>
      <trkpt lat="42.3147807084023952484130859375" lon="-4.54166005365550518035888671875">
        <ele>793.20001220703125</ele>
        <time>2025-09-28T07:33:15.000Z</time>
        <extensions>
          <ns3:TrackPointExtension>
            <ns3:hr>90</ns3:hr>
            <ns3:cad>56</ns3:cad>
          </ns3:TrackPointExtension>
        </extensions>
      </trkpt>
      <trkpt lat="42.3148390464484691619873046875" lon="-4.54183079302310943603515625">
        <ele>793</ele>
        <time>2025-09-28T07:33:27.000Z</time>
        <extensions>
          <ns3:TrackPointExtension>
            <ns3:hr>89</ns3:hr>
            <ns3:cad>56</ns3:cad>
          </ns3:TrackPointExtension>
        </extensions>
      </trkpt>
      <trkpt lat="42.31491171754896640777587890625" lon="-4.54200446605682373046875">
        <ele>793</ele>
        <time>2025-09-28T07:33:40.000Z</time>
        <extensions>
          <ns3:TrackPointExtension>
            <ns3:hr>88</ns3:hr>
            <ns3:cad>56</ns3:cad>
          </ns3:TrackPointExtension>
        </extensions>
      </trkpt>
      <trkpt lat="42.31497391127049922943115234375" lon="-4.5421189628541469573974609375">
        <ele>793.20001220703125</ele>
        <time>2025-09-28T07:33:50.000Z</time>
        <extensions>
          <ns3:TrackPointExtension>
            <ns3:hr>89</ns3:hr>
            <ns3:cad>56</ns3:cad>
          </ns3:TrackPointExtension>
        </extensions>
      </trkpt>
      <trkpt lat="42.31506225652992725372314453125" lon="-4.542224407196044921875">
        <ele>793</ele>
        <time>2025-09-28T07:34:00.000Z</time>
        <extensions>
          <ns3:TrackPointExtension>
            <ns3:hr>87</ns3:hr>
            <ns3:cad>56</ns3:cad>
          </ns3:TrackPointExtension>
        </extensions>
      </trkpt>
      <trkpt lat="42.315167449414730072021484375" lon="-4.542286098003387451171875">
        <ele>793</ele>
        <time>2025-09-28T07:34:10.000Z</time>
        <extensions>
          <ns3:TrackPointExtension>
            <ns3:hr>88</ns3:hr>
            <ns3:cad>56</ns3:cad>
          </ns3:TrackPointExtension>
        </extensions>
      </trkpt>
      <trkpt lat="42.315268702805042266845703125" lon="-4.54231627285480499267578125">
        <ele>793.4000244140625</ele>
        <time>2025-09-28T07:34:19.000Z</time>
        <extensions>
          <ns3:TrackPointExtension>
            <ns3:hr>88</ns3:hr>
            <ns3:cad>56</ns3:cad>
          </ns3:TrackPointExtension>
        </extensions>
      </trkpt>
      <trkpt lat="42.3154096864163875579833984375" lon="-4.54226874746382236480712890625">
        <ele>793.20001220703125</ele>
        <time>2025-09-28T07:34:32.000Z</time>
        <extensions>
          <ns3:TrackPointExtension>
            <ns3:hr>86</ns3:hr>
            <ns3:cad>56</ns3:cad>
          </ns3:TrackPointExtension>
        </extensions>
      </trkpt>
      <trkpt lat="42.31550096534192562103271484375" lon="-4.54218241386115550994873046875">
        <ele>793.20001220703125</ele>
        <time>2025-09-28T07:34:42.000Z</time>
        <extensions>
          <ns3:TrackPointExtension>
            <ns3:hr>86</ns3:hr>
            <ns3:cad>55</ns3:cad>
          </ns3:TrackPointExtension>
        </extensions>
      </trkpt>
      <trkpt lat="42.31557548046112060546875" lon="-4.54219800420105457305908203125">
        <ele>793.20001220703125</ele>
        <time>2025-09-28T07:34:50.000Z</time>
        <extensions>
          <ns3:TrackPointExtension>
            <ns3:hr>89</ns3:hr>
            <ns3:cad>55</ns3:cad>
          </ns3:TrackPointExtension>
        </extensions>
      </trkpt>
      <trkpt lat="42.31558662839233875274658203125" lon="-4.54220303334295749664306640625">
        <ele>793.4000244140625</ele>
        <time>2025-09-28T07:34:51.000Z</time>
        <extensions>
          <ns3:TrackPointExtension>
            <ns3:hr>89</ns3:hr>
            <ns3:cad>55</ns3:cad>
          </ns3:TrackPointExtension>
        </extensions>
      </trkpt>
      <trkpt lat="42.31568369083106517791748046875" lon="-4.54227360896766185760498046875">
        <ele>793.5999755859375</ele>
        <time>2025-09-28T07:35:01.000Z</time>
        <extensions>
          <ns3:TrackPointExtension>
            <ns3:hr>87</ns3:hr>
            <ns3:cad>54</ns3:cad>
          </ns3:TrackPointExtension>
        </extensions>
      </trkpt>
      <trkpt lat="42.315794415771961212158203125" lon="-4.54231635667383670806884765625">
        <ele>794</ele>
        <time>2025-09-28T07:35:12.000Z</time>
        <extensions>
          <ns3:TrackPointExtension>
            <ns3:hr>86</ns3:hr>
            <ns3:cad>53</ns3:cad>
          </ns3:TrackPointExtension>
        </extensions>
      </trkpt>
      <trkpt lat="42.315846718847751617431640625" lon="-4.5423305220901966094970703125">
        <ele>794.20001220703125</ele>
        <time>2025-09-28T07:35:16.000Z</time>
        <extensions>
          <ns3:TrackPointExtension>
            <ns3:hr>87</ns3:hr>
            <ns3:cad>53</ns3:cad>
          </ns3:TrackPointExtension>
        </extensions>
      </trkpt>
      <trkpt lat="42.31589575298130512237548828125" lon="-4.54236723482608795166015625">
        <ele>794.79998779296875</ele>
        <time>2025-09-28T07:35:22.000Z</time>
        <extensions>
          <ns3:TrackPointExtension>
            <ns3:hr>89</ns3:hr>
            <ns3:cad>53</ns3:cad>
          </ns3:TrackPointExtension>
        </extensions>
      </trkpt>
      <trkpt lat="42.31595375575125217437744140625" lon="-4.5423834957182407379150390625">
        <ele>795.20001220703125</ele>
        <time>2025-09-28T07:35:28.000Z</time>
        <extensions>
          <ns3:TrackPointExtension>
            <ns3:hr>92</ns3:hr>
            <ns3:cad>52</ns3:cad>
          </ns3:TrackPointExtension>
        </extensions>
      </trkpt>
      <trkpt lat="42.31596373021602630615234375" lon="-4.542388021945953369140625">
        <ele>795.20001220703125</ele>
        <time>2025-09-28T07:35:29.000Z</time>
        <extensions>
          <ns3:TrackPointExtension>
            <ns3:hr>92</ns3:hr>
            <ns3:cad>52</ns3:cad>
          </ns3:TrackPointExtension>
        </extensions>
      </trkpt>
      <trkpt lat="42.3159980960190296173095703125" lon="-4.54239799641072750091552734375">
        <ele>795.4000244140625</ele>
        <time>2025-09-28T07:35:32.000Z</time>
        <extensions>
          <ns3:TrackPointExtension>
            <ns3:hr>94</ns3:hr>
            <ns3:cad>52</ns3:cad>
          </ns3:TrackPointExtension>
        </extensions>
      </trkpt>
      <trkpt lat="42.316083423793315887451171875" lon="-4.54240973107516765594482421875">
        <ele>796</ele>
        <time>2025-09-28T07:35:42.000Z</time>
        <extensions>
          <ns3:TrackPointExtension>
            <ns3:hr>94</ns3:hr>
            <ns3:cad>50</ns3:cad>
          </ns3:TrackPointExtension>
        </extensions>
      </trkpt>
      <trkpt lat="42.3161288537085056304931640625" lon="-4.5424096472561359405517578125">
        <ele>796.4000244140625</ele>
        <time>2025-09-28T07:35:46.000Z</time>
        <extensions>
          <ns3:TrackPointExtension>
            <ns3:hr>93</ns3:hr>
            <ns3:cad>50</ns3:cad>
          </ns3:TrackPointExtension>
        </extensions>
      </trkpt>
      <trkpt lat="42.31617386452853679656982421875" lon="-4.54242850653827190399169921875">
        <ele>796.79998779296875</ele>
        <time>2025-09-28T07:35:51.000Z</time>
        <extensions>
          <ns3:TrackPointExtension>
            <ns3:hr>93</ns3:hr>
            <ns3:cad>51</ns3:cad>
          </ns3:TrackPointExtension>
        </extensions>
      </trkpt>
      <trkpt lat="42.316256426274776458740234375" lon="-4.54246605746448040008544921875">
        <ele>797.4000244140625</ele>
        <time>2025-09-28T07:36:01.000Z</time>
        <extensions>
          <ns3:TrackPointExtension>
            <ns3:hr>94</ns3:hr>
            <ns3:cad>50</ns3:cad>
          </ns3:TrackPointExtension>
        </extensions>
      </trkpt>
      <trkpt lat="42.31626489199697971343994140625" lon="-4.54246924258768558502197265625">
        <ele>797.4000244140625</ele>
        <time>2025-09-28T07:36:02.000Z</time>
        <extensions>
          <ns3:TrackPointExtension>
            <ns3:hr>94</ns3:hr>
            <ns3:cad>50</ns3:cad>
          </ns3:TrackPointExtension>
        </extensions>
      </trkpt>
      <trkpt lat="42.316320799291133880615234375" lon="-4.54253344796597957611083984375">
        <ele>797.5999755859375</ele>
        <time>2025-09-28T07:36:10.000Z</time>
        <extensions>
          <ns3:TrackPointExtension>
            <ns3:hr>92</ns3:hr>
            <ns3:cad>51</ns3:cad>
          </ns3:TrackPointExtension>
        </extensions>
      </trkpt>
      <trkpt lat="42.3163447715342044830322265625" lon="-4.54254903830587863922119140625">
        <ele>797.79998779296875</ele>
        <time>2025-09-28T07:36:16.000Z</time>
        <extensions>
          <ns3:TrackPointExtension>
            <ns3:hr>92</ns3:hr>
            <ns3:cad>0</ns3:cad>
          </ns3:TrackPointExtension>
        </extensions>
      </trkpt>
      <trkpt lat="42.31637544929981231689453125" lon="-4.542549960315227508544921875">
        <ele>797.5999755859375</ele>
        <time>2025-09-28T07:36:23.000Z</time>
        <extensions>
          <ns3:TrackPointExtension>
            <ns3:hr>92</ns3:hr>
            <ns3:cad>43</ns3:cad>
          </ns3:TrackPointExtension>
        </extensions>
      </trkpt>
      <trkpt lat="42.3164111562073230743408203125" lon="-4.54248365946114063262939453125">
        <ele>797.79998779296875</ele>
        <time>2025-09-28T07:36:29.000Z</time>
        <extensions>
          <ns3:TrackPointExtension>
            <ns3:hr>93</ns3:hr>
            <ns3:cad>0</ns3:cad>
          </ns3:TrackPointExtension>
        </extensions>
      </trkpt>
      <trkpt lat="42.31642104685306549072265625" lon="-4.5424803905189037322998046875">
        <ele>798</ele>
        <time>2025-09-28T07:36:31.000Z</time>
        <extensions>
          <ns3:TrackPointExtension>
            <ns3:hr>95</ns3:hr>
            <ns3:cad>0</ns3:cad>
          </ns3:TrackPointExtension>
        </extensions>
      </trkpt>
      <trkpt lat="42.3164208792150020599365234375" lon="-4.54262246377766132354736328125">
        <ele>795</ele>
        <time>2025-09-28T08:42:21.000Z</time>
        <extensions>
          <ns3:TrackPointExtension>
            <ns3:hr>92</ns3:hr>
            <ns3:cad>0</ns3:cad>
          </ns3:TrackPointExtension>
        </extensions>
      </trkpt>
      <trkpt lat="42.316431440412998199462890625" lon="-4.5425839908421039581298828125">
        <ele>795.20001220703125</ele>
        <time>2025-09-28T08:42:24.000Z</time>
        <extensions>
          <ns3:TrackPointExtension>
            <ns3:hr>94</ns3:hr>
            <ns3:cad>49</ns3:cad>
          </ns3:TrackPointExtension>
        </extensions>
      </trkpt>
      <trkpt lat="42.31639699079096317291259765625" lon="-4.54252724535763263702392578125">
        <ele>795</ele>
        <time>2025-09-28T08:42:30.000Z</time>
        <extensions>
          <ns3:TrackPointExtension>
            <ns3:hr>95</ns3:hr>
            <ns3:cad>48</ns3:cad>
          </ns3:TrackPointExtension>
        </extensions>
      </trkpt>
      <trkpt lat="42.31628291308879852294921875" lon="-4.54247712157666683197021484375">
        <ele>794.79998779296875</ele>
        <time>2025-09-28T08:42:42.000Z</time>
        <extensions>
          <ns3:TrackPointExtension>
            <ns3:hr>95</ns3:hr>
            <ns3:cad>53</ns3:cad>
          </ns3:TrackPointExtension>
        </extensions>
      </trkpt>
      <trkpt lat="42.31621912680566310882568359375" lon="-4.54242398031055927276611328125">
        <ele>794.4000244140625</ele>
        <time>2025-09-28T08:42:50.000Z</time>
        <extensions>
          <ns3:TrackPointExtension>
            <ns3:hr>96</ns3:hr>
            <ns3:cad>53</ns3:cad>
          </ns3:TrackPointExtension>
        </extensions>
      </trkpt>
      <trkpt lat="42.3161653988063335418701171875" lon="-4.54240386374294757843017578125">
        <ele>794</ele>
        <time>2025-09-28T08:42:55.000Z</time>
        <extensions>
          <ns3:TrackPointExtension>
            <ns3:hr>96</ns3:hr>
            <ns3:cad>54</ns3:cad>
          </ns3:TrackPointExtension>
        </extensions>
      </trkpt>
      <trkpt lat="42.31612323783338069915771484375" lon="-4.54238357953727245330810546875">
        <ele>793.79998779296875</ele>
        <time>2025-09-28T08:42:59.000Z</time>
        <extensions>
          <ns3:TrackPointExtension>
            <ns3:hr>96</ns3:hr>
            <ns3:cad>54</ns3:cad>
          </ns3:TrackPointExtension>
        </extensions>
      </trkpt>
      <trkpt lat="42.31606925837695598602294921875" lon="-4.5423623733222484588623046875">
        <ele>793.5999755859375</ele>
        <time>2025-09-28T08:43:04.000Z</time>
        <extensions>
          <ns3:TrackPointExtension>
            <ns3:hr>93</ns3:hr>
            <ns3:cad>54</ns3:cad>
          </ns3:TrackPointExtension>
        </extensions>
      </trkpt>
      <trkpt lat="42.31603774242103099822998046875" lon="-4.542352817952632904052734375">
        <ele>793.4000244140625</ele>
        <time>2025-09-28T08:43:07.000Z</time>
        <extensions>
          <ns3:TrackPointExtension>
            <ns3:hr>92</ns3:hr>
            <ns3:cad>54</ns3:cad>
          </ns3:TrackPointExtension>
        </extensions>
      </trkpt>
      <trkpt lat="42.3159880377352237701416015625" lon="-4.54234871082007884979248046875">
        <ele>793</ele>
        <time>2025-09-28T08:43:12.000Z</time>
        <extensions>
          <ns3:TrackPointExtension>
            <ns3:hr>91</ns3:hr>
            <ns3:cad>53</ns3:cad>
          </ns3:TrackPointExtension>
        </extensions>
      </trkpt>
      <trkpt lat="42.3159384168684482574462890625" lon="-4.5423348806798458099365234375">
        <ele>793</ele>
        <time>2025-09-28T08:43:17.000Z</time>
        <extensions>
          <ns3:TrackPointExtension>
            <ns3:hr>91</ns3:hr>
            <ns3:cad>53</ns3:cad>
          </ns3:TrackPointExtension>
        </extensions>
      </trkpt>
      <trkpt lat="42.31584730558097362518310546875" lon="-4.542287774384021759033203125">
        <ele>792.20001220703125</ele>
        <time>2025-09-28T08:43:26.000Z</time>
        <extensions>
          <ns3:TrackPointExtension>
            <ns3:hr>89</ns3:hr>
            <ns3:cad>52</ns3:cad>
          </ns3:TrackPointExtension>
        </extensions>
      </trkpt>
      <trkpt lat="42.3158069886267185211181640625" lon="-4.542289786040782928466796875">
        <ele>792</ele>
        <time>2025-09-28T08:43:31.000Z</time>
        <extensions>
          <ns3:TrackPointExtension>
            <ns3:hr>88</ns3:hr>
            <ns3:cad>53</ns3:cad>
          </ns3:TrackPointExtension>
        </extensions>
      </trkpt>
      <trkpt lat="42.31577153317630290985107421875" lon="-4.542299844324588775634765625">
        <ele>791.79998779296875</ele>
        <time>2025-09-28T08:43:35.000Z</time>
        <extensions>
          <ns3:TrackPointExtension>
            <ns3:hr>89</ns3:hr>
            <ns3:cad>54</ns3:cad>
          </ns3:TrackPointExtension>
        </extensions>
      </trkpt>
      <trkpt lat="42.31570447795093059539794921875" lon="-4.5422882772982120513916015625">
        <ele>791.5999755859375</ele>
        <time>2025-09-28T08:43:41.000Z</time>
        <extensions>
          <ns3:TrackPointExtension>
            <ns3:hr>86</ns3:hr>
            <ns3:cad>52</ns3:cad>
          </ns3:TrackPointExtension>
        </extensions>
      </trkpt>
      <trkpt lat="42.3156215809285640716552734375" lon="-4.54226774163544178009033203125">
        <ele>791.4000244140625</ele>
        <time>2025-09-28T08:43:50.000Z</time>
        <extensions>
          <ns3:TrackPointExtension>
            <ns3:hr>84</ns3:hr>
            <ns3:cad>52</ns3:cad>
          </ns3:TrackPointExtension>
        </extensions>
      </trkpt>
      <trkpt lat="42.31553055346012115478515625" lon="-4.54224645160138607025146484375">
        <ele>791.20001220703125</ele>
        <time>2025-09-28T08:43:59.000Z</time>
        <extensions>
          <ns3:TrackPointExtension>
            <ns3:hr>85</ns3:hr>
            <ns3:cad>54</ns3:cad>
          </ns3:TrackPointExtension>
        </extensions>
      </trkpt>
      <trkpt lat="42.31549828313291072845458984375" lon="-4.5422366447746753692626953125">
        <ele>791</ele>
        <time>2025-09-28T08:44:02.000Z</time>
        <extensions>
          <ns3:TrackPointExtension>
            <ns3:hr>88</ns3:hr>
            <ns3:cad>54</ns3:cad>
          </ns3:TrackPointExtension>
        </extensions>
      </trkpt>
      <trkpt lat="42.3154881410300731658935546875" lon="-4.54223312437534332275390625">
        <ele>791</ele>
        <time>2025-09-28T08:44:03.000Z</time>
        <extensions>
          <ns3:TrackPointExtension>
            <ns3:hr>88</ns3:hr>
            <ns3:cad>54</ns3:cad>
          </ns3:TrackPointExtension>
        </extensions>
      </trkpt>
      <trkpt lat="42.3154224269092082977294921875" lon="-4.5422752015292644500732421875">
        <ele>791.4000244140625</ele>
        <time>2025-09-28T08:44:10.000Z</time>
        <extensions>
          <ns3:TrackPointExtension>
            <ns3:hr>90</ns3:hr>
            <ns3:cad>53</ns3:cad>
          </ns3:TrackPointExtension>
        </extensions>
      </trkpt>
      <trkpt lat="42.31534422375261783599853515625" lon="-4.54234016127884387969970703125">
        <ele>791.79998779296875</ele>
        <time>2025-09-28T08:44:19.000Z</time>
        <extensions>
          <ns3:TrackPointExtension>
            <ns3:hr>89</ns3:hr>
            <ns3:cad>53</ns3:cad>
          </ns3:TrackPointExtension>
        </extensions>
      </trkpt>
      <trkpt lat="42.3152675293385982513427734375" lon="-4.54239363782107830047607421875">
        <ele>791.79998779296875</ele>
        <time>2025-09-28T08:44:27.000Z</time>
        <extensions>
          <ns3:TrackPointExtension>
            <ns3:hr>92</ns3:hr>
            <ns3:cad>54</ns3:cad>
          </ns3:TrackPointExtension>
        </extensions>
      </trkpt>
      <trkpt lat="42.31521614827215671539306640625" lon="-4.54243672080338001251220703125">
        <ele>791.79998779296875</ele>
        <time>2025-09-28T08:44:33.000Z</time>
        <extensions>
          <ns3:TrackPointExtension>
            <ns3:hr>94</ns3:hr>
            <ns3:cad>53</ns3:cad>
          </ns3:TrackPointExtension>
        </extensions>
      </trkpt>
      <trkpt lat="42.3152172379195690155029296875" lon="-4.54246656037867069244384765625">
        <ele>791.79998779296875</ele>
        <time>2025-09-28T08:44:36.000Z</time>
        <extensions>
          <ns3:TrackPointExtension>
            <ns3:hr>94</ns3:hr>
            <ns3:cad>53</ns3:cad>
          </ns3:TrackPointExtension>
        </extensions>
      </trkpt>
      <trkpt lat="42.315225116908550262451171875" lon="-4.542512409389019012451171875">
        <ele>791.79998779296875</ele>
        <time>2025-09-28T08:44:39.000Z</time>
        <extensions>
          <ns3:TrackPointExtension>
            <ns3:hr>93</ns3:hr>
            <ns3:cad>51</ns3:cad>
          </ns3:TrackPointExtension>
        </extensions>
      </trkpt>
      <trkpt lat="42.31522075831890106201171875" lon="-4.542635791003704071044921875">
        <ele>792</ele>
        <time>2025-09-28T08:44:47.000Z</time>
        <extensions>
          <ns3:TrackPointExtension>
            <ns3:hr>93</ns3:hr>
            <ns3:cad>51</ns3:cad>
          </ns3:TrackPointExtension>
        </extensions>
      </trkpt>
      <trkpt lat="42.31521413661539554595947265625" lon="-4.54267166554927825927734375">
        <ele>792</ele>
        <time>2025-09-28T08:44:49.000Z</time>
        <extensions>
          <ns3:TrackPointExtension>
            <ns3:hr>94</ns3:hr>
            <ns3:cad>51</ns3:cad>
          </ns3:TrackPointExtension>
        </extensions>
      </trkpt>
      <trkpt lat="42.31521732173860073089599609375" lon="-4.5427968911826610565185546875">
        <ele>792</ele>
        <time>2025-09-28T08:44:59.000Z</time>
        <extensions>
          <ns3:TrackPointExtension>
            <ns3:hr>91</ns3:hr>
            <ns3:cad>52</ns3:cad>
          </ns3:TrackPointExtension>
        </extensions>
      </trkpt>
      <trkpt lat="42.3151971213519573211669921875" lon="-4.54289252869784832000732421875">
        <ele>792.20001220703125</ele>
        <time>2025-09-28T08:45:08.000Z</time>
        <extensions>
          <ns3:TrackPointExtension>
            <ns3:hr>92</ns3:hr>
            <ns3:cad>52</ns3:cad>
          </ns3:TrackPointExtension>
        </extensions>
      </trkpt>
      <trkpt lat="42.31519117020070552825927734375" lon="-4.54303116537630558013916015625">
        <ele>792.5999755859375</ele>
        <time>2025-09-28T08:45:17.000Z</time>
        <extensions>
          <ns3:TrackPointExtension>
            <ns3:hr>94</ns3:hr>
            <ns3:cad>53</ns3:cad>
          </ns3:TrackPointExtension>
        </extensions>
      </trkpt>
      <trkpt lat="42.3152101971209049224853515625" lon="-4.5431475900113582611083984375">
        <ele>792.4000244140625</ele>
        <time>2025-09-28T08:45:25.000Z</time>
        <extensions>
          <ns3:TrackPointExtension>
            <ns3:hr>93</ns3:hr>
            <ns3:cad>54</ns3:cad>
          </ns3:TrackPointExtension>
        </extensions>
      </trkpt>
      <trkpt lat="42.31523743830621242523193359375" lon="-4.54319226555526256561279296875">
        <ele>792.4000244140625</ele>
        <time>2025-09-28T08:45:29.000Z</time>
        <extensions>
          <ns3:TrackPointExtension>
            <ns3:hr>96</ns3:hr>
            <ns3:cad>54</ns3:cad>
          </ns3:TrackPointExtension>
        </extensions>
      </trkpt>
      <trkpt lat="42.31525696814060211181640625" lon="-4.543241970241069793701171875">
        <ele>792.20001220703125</ele>
        <time>2025-09-28T08:45:33.000Z</time>
        <extensions>
          <ns3:TrackPointExtension>
            <ns3:hr>99</ns3:hr>
            <ns3:cad>53</ns3:cad>
          </ns3:TrackPointExtension>
        </extensions>
      </trkpt>
      <trkpt lat="42.31526124291121959686279296875" lon="-4.5432552136480808258056640625">
        <ele>792.20001220703125</ele>
        <time>2025-09-28T08:45:34.000Z</time>
        <extensions>
          <ns3:TrackPointExtension>
            <ns3:hr>99</ns3:hr>
            <ns3:cad>53</ns3:cad>
          </ns3:TrackPointExtension>
        </extensions>
      </trkpt>
      <trkpt lat="42.3152745701372623443603515625" lon="-4.54330190084874629974365234375">
        <ele>792.20001220703125</ele>
        <time>2025-09-28T08:45:37.000Z</time>
        <extensions>
          <ns3:TrackPointExtension>
            <ns3:hr>102</ns3:hr>
            <ns3:cad>54</ns3:cad>
          </ns3:TrackPointExtension>
        </extensions>
      </trkpt>
      <trkpt lat="42.315297536551952362060546875" lon="-4.54340927302837371826171875">
        <ele>792.5999755859375</ele>
        <time>2025-09-28T08:45:46.000Z</time>
        <extensions>
          <ns3:TrackPointExtension>
            <ns3:hr>104</ns3:hr>
            <ns3:cad>53</ns3:cad>
          </ns3:TrackPointExtension>
        </extensions>
      </trkpt>
      <trkpt lat="42.31533785350620746612548828125" lon="-4.5435613207519054412841796875">
        <ele>792.5999755859375</ele>
        <time>2025-09-28T08:45:57.000Z</time>
        <extensions>
          <ns3:TrackPointExtension>
            <ns3:hr>103</ns3:hr>
            <ns3:cad>53</ns3:cad>
          </ns3:TrackPointExtension>
        </extensions>
      </trkpt>
      <trkpt lat="42.31536014936864376068115234375" lon="-4.54362745396792888641357421875">
        <ele>792.79998779296875</ele>
        <time>2025-09-28T08:46:02.000Z</time>
        <extensions>
          <ns3:TrackPointExtension>
            <ns3:hr>100</ns3:hr>
            <ns3:cad>53</ns3:cad>
          </ns3:TrackPointExtension>
        </extensions>
      </trkpt>
      <trkpt lat="42.31538043357431888580322265625" lon="-4.5436840318143367767333984375">
        <ele>792.79998779296875</ele>
        <time>2025-09-28T08:46:07.000Z</time>
        <extensions>
          <ns3:TrackPointExtension>
            <ns3:hr>97</ns3:hr>
            <ns3:cad>53</ns3:cad>
          </ns3:TrackPointExtension>
        </extensions>
      </trkpt>
      <trkpt lat="42.3153842054307460784912109375" lon="-4.5436974428594112396240234375">
        <ele>792.79998779296875</ele>
        <time>2025-09-28T08:46:08.000Z</time>
        <extensions>
          <ns3:TrackPointExtension>
            <ns3:hr>97</ns3:hr>
            <ns3:cad>53</ns3:cad>
          </ns3:TrackPointExtension>
        </extensions>
      </trkpt>
      <trkpt lat="42.31542603112757205963134765625" lon="-4.543814957141876220703125">
        <ele>793</ele>
        <time>2025-09-28T08:46:18.000Z</time>
        <extensions>
          <ns3:TrackPointExtension>
            <ns3:hr>94</ns3:hr>
            <ns3:cad>53</ns3:cad>
          </ns3:TrackPointExtension>
        </extensions>
      </trkpt>
      <trkpt lat="42.315438352525234222412109375" lon="-4.543849490582942962646484375">
        <ele>793</ele>
        <time>2025-09-28T08:46:21.000Z</time>
        <extensions>
          <ns3:TrackPointExtension>
            <ns3:hr>93</ns3:hr>
            <ns3:cad>53</ns3:cad>
          </ns3:TrackPointExtension>
        </extensions>
      </trkpt>
      <trkpt lat="42.31547422707080841064453125" lon="-4.5439804159104824066162109375">
        <ele>793</ele>
        <time>2025-09-28T08:46:31.000Z</time>
        <extensions>
          <ns3:TrackPointExtension>
            <ns3:hr>90</ns3:hr>
            <ns3:cad>53</ns3:cad>
          </ns3:TrackPointExtension>
        </extensions>
      </trkpt>
      <trkpt lat="42.3154777474701404571533203125" lon="-4.54399122856557369232177734375">
        <ele>793</ele>
        <time>2025-09-28T08:46:32.000Z</time>
        <extensions>
          <ns3:TrackPointExtension>
            <ns3:hr>90</ns3:hr>
            <ns3:cad>53</ns3:cad>
          </ns3:TrackPointExtension>
        </extensions>
      </trkpt>
      <trkpt lat="42.31548420153558254241943359375" lon="-4.544015116989612579345703125">
        <ele>793</ele>
        <time>2025-09-28T08:46:34.000Z</time>
        <extensions>
          <ns3:TrackPointExtension>
            <ns3:hr>90</ns3:hr>
            <ns3:cad>53</ns3:cad>
          </ns3:TrackPointExtension>
        </extensions>
      </trkpt>
      <trkpt lat="42.3155337385833263397216796875" lon="-4.54418267123401165008544921875">
        <ele>793.20001220703125</ele>
        <time>2025-09-28T08:46:47.000Z</time>
        <extensions>
          <ns3:TrackPointExtension>
            <ns3:hr>90</ns3:hr>
            <ns3:cad>53</ns3:cad>
          </ns3:TrackPointExtension>
        </extensions>
      </trkpt>
      <trkpt lat="42.3155441321432590484619140625" lon="-4.544226340949535369873046875">
        <ele>793.79998779296875</ele>
        <time>2025-09-28T08:46:55.000Z</time>
        <extensions>
          <ns3:TrackPointExtension>
            <ns3:hr>90</ns3:hr>
            <ns3:cad>0</ns3:cad>
          </ns3:TrackPointExtension>
        </extensions>
      </trkpt>
      <trkpt lat="42.31556097976863384246826171875" lon="-4.54425944946706295013427734375">
        <ele>793.79998779296875</ele>
        <time>2025-09-28T08:47:04.000Z</time>
        <extensions>
          <ns3:TrackPointExtension>
            <ns3:hr>87</ns3:hr>
            <ns3:cad>48</ns3:cad>
          </ns3:TrackPointExtension>
        </extensions>
      </trkpt>
      <trkpt lat="42.315582521259784698486328125" lon="-4.54432256519794464111328125">
        <ele>793.79998779296875</ele>
        <time>2025-09-28T08:47:10.000Z</time>
        <extensions>
          <ns3:TrackPointExtension>
            <ns3:hr>90</ns3:hr>
            <ns3:cad>49</ns3:cad>
          </ns3:TrackPointExtension>
        </extensions>
      </trkpt>
      <trkpt lat="42.3155897296965122222900390625" lon="-4.54434662126004695892333984375">
        <ele>794</ele>
        <time>2025-09-28T08:47:12.000Z</time>
        <extensions>
          <ns3:TrackPointExtension>
            <ns3:hr>93</ns3:hr>
            <ns3:cad>50</ns3:cad>
          </ns3:TrackPointExtension>
        </extensions>
      </trkpt>
      <trkpt lat="42.31560221873223781585693359375" lon="-4.54438350163400173187255859375">
        <ele>794</ele>
        <time>2025-09-28T08:47:15.000Z</time>
        <extensions>
          <ns3:TrackPointExtension>
            <ns3:hr>93</ns3:hr>
            <ns3:cad>51</ns3:cad>
          </ns3:TrackPointExtension>
        </extensions>
      </trkpt>
      <trkpt lat="42.31561227701604366302490234375" lon="-4.54441451467573642730712890625">
        <ele>794</ele>
        <time>2025-09-28T08:47:18.000Z</time>
        <extensions>
          <ns3:TrackPointExtension>
            <ns3:hr>94</ns3:hr>
            <ns3:cad>52</ns3:cad>
          </ns3:TrackPointExtension>
        </extensions>
      </trkpt>
      <trkpt lat="42.315647900104522705078125" lon="-4.5445597730576992034912109375">
        <ele>793.4000244140625</ele>
        <time>2025-09-28T08:47:28.000Z</time>
        <extensions>
          <ns3:TrackPointExtension>
            <ns3:hr>95</ns3:hr>
            <ns3:cad>55</ns3:cad>
          </ns3:TrackPointExtension>
        </extensions>
      </trkpt>
      <trkpt lat="42.31570900417864322662353515625" lon="-4.54475414939224720001220703125">
        <ele>793.79998779296875</ele>
        <time>2025-09-28T08:47:42.000Z</time>
        <extensions>
          <ns3:TrackPointExtension>
            <ns3:hr>94</ns3:hr>
            <ns3:cad>53</ns3:cad>
          </ns3:TrackPointExtension>
        </extensions>
      </trkpt>
      <trkpt lat="42.3157553561031818389892578125" lon="-4.54488775692880153656005859375">
        <ele>794</ele>
        <time>2025-09-28T08:47:52.000Z</time>
        <extensions>
          <ns3:TrackPointExtension>
            <ns3:hr>93</ns3:hr>
            <ns3:cad>55</ns3:cad>
          </ns3:TrackPointExtension>
        </extensions>
      </trkpt>
      <trkpt lat="42.315807826817035675048828125" lon="-4.54505941830575466156005859375">
        <ele>794.20001220703125</ele>
        <time>2025-09-28T08:48:05.000Z</time>
        <extensions>
          <ns3:TrackPointExtension>
            <ns3:hr>93</ns3:hr>
            <ns3:cad>55</ns3:cad>
          </ns3:TrackPointExtension>
        </extensions>
      </trkpt>
      <trkpt lat="42.315849401056766510009765625" lon="-4.54521171748638153076171875">
        <ele>794.20001220703125</ele>
        <time>2025-09-28T08:48:16.000Z</time>
        <extensions>
          <ns3:TrackPointExtension>
            <ns3:hr>96</ns3:hr>
            <ns3:cad>55</ns3:cad>
          </ns3:TrackPointExtension>
        </extensions>
      </trkpt>
      <trkpt lat="42.31586138717830181121826171875" lon="-4.5452524535357952117919921875">
        <ele>794.4000244140625</ele>
        <time>2025-09-28T08:48:19.000Z</time>
        <extensions>
          <ns3:TrackPointExtension>
            <ns3:hr>95</ns3:hr>
            <ns3:cad>55</ns3:cad>
          </ns3:TrackPointExtension>
        </extensions>
      </trkpt>
      <trkpt lat="42.31591955758631229400634765625" lon="-4.5454207621514797210693359375">
        <ele>795</ele>
        <time>2025-09-28T08:48:32.000Z</time>
        <extensions>
          <ns3:TrackPointExtension>
            <ns3:hr>95</ns3:hr>
            <ns3:cad>54</ns3:cad>
          </ns3:TrackPointExtension>
        </extensions>
      </trkpt>
      <trkpt lat="42.31597940437495708465576171875" lon="-4.54559217207133769989013671875">
        <ele>795</ele>
        <time>2025-09-28T08:48:44.000Z</time>
        <extensions>
          <ns3:TrackPointExtension>
            <ns3:hr>94</ns3:hr>
            <ns3:cad>56</ns3:cad>
          </ns3:TrackPointExtension>
        </extensions>
      </trkpt>
      <trkpt lat="42.3160007782280445098876953125" lon="-4.54568001441657543182373046875">
        <ele>795</ele>
        <time>2025-09-28T08:48:50.000Z</time>
        <extensions>
          <ns3:TrackPointExtension>
            <ns3:hr>95</ns3:hr>
            <ns3:cad>55</ns3:cad>
          </ns3:TrackPointExtension>
        </extensions>
      </trkpt>
      <trkpt lat="42.3160205595195293426513671875" lon="-4.5457630790770053863525390625">
        <ele>795</ele>
        <time>2025-09-28T08:48:55.000Z</time>
        <extensions>
          <ns3:TrackPointExtension>
            <ns3:hr>95</ns3:hr>
            <ns3:cad>56</ns3:cad>
          </ns3:TrackPointExtension>
        </extensions>
      </trkpt>
      <trkpt lat="42.31604612432420253753662109375" lon="-4.54587195999920368194580078125">
        <ele>794.79998779296875</ele>
        <time>2025-09-28T08:49:03.000Z</time>
        <extensions>
          <ns3:TrackPointExtension>
            <ns3:hr>98</ns3:hr>
            <ns3:cad>56</ns3:cad>
          </ns3:TrackPointExtension>
        </extensions>
      </trkpt>
      <trkpt lat="42.3160601221024990081787109375" lon="-4.54590884037315845489501953125">
        <ele>794.79998779296875</ele>
        <time>2025-09-28T08:49:06.000Z</time>
        <extensions>
          <ns3:TrackPointExtension>
            <ns3:hr>99</ns3:hr>
            <ns3:cad>56</ns3:cad>
          </ns3:TrackPointExtension>
        </extensions>
      </trkpt>
      <trkpt lat="42.31611753813922405242919921875" lon="-4.546095840632915496826171875">
        <ele>795.20001220703125</ele>
        <time>2025-09-28T08:49:18.000Z</time>
        <extensions>
          <ns3:TrackPointExtension>
            <ns3:hr>100</ns3:hr>
            <ns3:cad>55</ns3:cad>
          </ns3:TrackPointExtension>
        </extensions>
      </trkpt>
      <trkpt lat="42.31614553369581699371337890625" lon="-4.5461768098175525665283203125">
        <ele>795.4000244140625</ele>
        <time>2025-09-28T08:49:24.000Z</time>
        <extensions>
          <ns3:TrackPointExtension>
            <ns3:hr>103</ns3:hr>
            <ns3:cad>56</ns3:cad>
          </ns3:TrackPointExtension>
        </extensions>
      </trkpt>
      <trkpt lat="42.3161784745752811431884765625" lon="-4.54623774625360965728759765625">
        <ele>795.5999755859375</ele>
        <time>2025-09-28T08:49:29.000Z</time>
        <extensions>
          <ns3:TrackPointExtension>
            <ns3:hr>103</ns3:hr>
            <ns3:cad>55</ns3:cad>
          </ns3:TrackPointExtension>
        </extensions>
      </trkpt>
      <trkpt lat="42.3162237368524074554443359375" lon="-4.54638493247330188751220703125">
        <ele>795.79998779296875</ele>
        <time>2025-09-28T08:49:39.000Z</time>
        <extensions>
          <ns3:TrackPointExtension>
            <ns3:hr>105</ns3:hr>
            <ns3:cad>55</ns3:cad>
          </ns3:TrackPointExtension>
        </extensions>
      </trkpt>
      <trkpt lat="42.31624192558228969573974609375" lon="-4.546443857252597808837890625">
        <ele>796</ele>
        <time>2025-09-28T08:49:43.000Z</time>
        <extensions>
          <ns3:TrackPointExtension>
            <ns3:hr>106</ns3:hr>
            <ns3:cad>55</ns3:cad>
          </ns3:TrackPointExtension>
        </extensions>
      </trkpt>
      <trkpt lat="42.31624846346676349639892578125" lon="-4.54647210426628589630126953125">
        <ele>796.79998779296875</ele>
        <time>2025-09-28T08:49:48.000Z</time>
        <extensions>
          <ns3:TrackPointExtension>
            <ns3:hr>107</ns3:hr>
            <ns3:cad>0</ns3:cad>
          </ns3:TrackPointExtension>
        </extensions>
      </trkpt>
      <trkpt lat="42.31625550426542758941650390625" lon="-4.54648886807262897491455078125">
        <ele>796.4000244140625</ele>
        <time>2025-09-28T08:49:56.000Z</time>
        <extensions>
          <ns3:TrackPointExtension>
            <ns3:hr>103</ns3:hr>
            <ns3:cad>0</ns3:cad>
          </ns3:TrackPointExtension>
        </extensions>
      </trkpt>
      <trkpt lat="42.31626137159764766693115234375" lon="-4.54651468433439731597900390625">
        <ele>796.4000244140625</ele>
        <time>2025-09-28T08:49:58.000Z</time>
        <extensions>
          <ns3:TrackPointExtension>
            <ns3:hr>101</ns3:hr>
            <ns3:cad>0</ns3:cad>
          </ns3:TrackPointExtension>
        </extensions>
      </trkpt>
      <trkpt lat="42.31629230082035064697265625" lon="-4.54660990275442600250244140625">
        <ele>797</ele>
        <time>2025-09-28T08:50:05.000Z</time>
        <extensions>
          <ns3:TrackPointExtension>
            <ns3:hr>98</ns3:hr>
            <ns3:cad>53</ns3:cad>
          </ns3:TrackPointExtension>
        </extensions>
      </trkpt>
      <trkpt lat="42.3163132555782794952392578125" lon="-4.54667611978948116302490234375">
        <ele>797</ele>
        <time>2025-09-28T08:50:09.000Z</time>
        <extensions>
          <ns3:TrackPointExtension>
            <ns3:hr>101</ns3:hr>
            <ns3:cad>54</ns3:cad>
          </ns3:TrackPointExtension>
        </extensions>
      </trkpt>
      <trkpt lat="42.316318452358245849609375" lon="-4.5466874353587627410888671875">
        <ele>797.20001220703125</ele>
        <time>2025-09-28T08:50:10.000Z</time>
        <extensions>
          <ns3:TrackPointExtension>
            <ns3:hr>101</ns3:hr>
            <ns3:cad>54</ns3:cad>
          </ns3:TrackPointExtension>
        </extensions>
      </trkpt>
      <trkpt lat="42.3163715936243534088134765625" lon="-4.5468503795564174652099609375">
        <ele>797.79998779296875</ele>
        <time>2025-09-28T08:50:22.000Z</time>
        <extensions>
          <ns3:TrackPointExtension>
            <ns3:hr>104</ns3:hr>
            <ns3:cad>53</ns3:cad>
          </ns3:TrackPointExtension>
        </extensions>
      </trkpt>
      <trkpt lat="42.3163789696991443634033203125" lon="-4.54687594436109066009521484375">
        <ele>798</ele>
        <time>2025-09-28T08:50:24.000Z</time>
        <extensions>
          <ns3:TrackPointExtension>
            <ns3:hr>105</ns3:hr>
            <ns3:cad>53</ns3:cad>
          </ns3:TrackPointExtension>
        </extensions>
      </trkpt>
      <trkpt lat="42.31639933772385120391845703125" lon="-4.54694584943354129791259765625">
        <ele>798</ele>
        <time>2025-09-28T08:50:29.000Z</time>
        <extensions>
          <ns3:TrackPointExtension>
            <ns3:hr>106</ns3:hr>
            <ns3:cad>53</ns3:cad>
          </ns3:TrackPointExtension>
        </extensions>
      </trkpt>
      <trkpt lat="42.3164537362754344940185546875" lon="-4.54709596931934356689453125">
        <ele>798.79998779296875</ele>
        <time>2025-09-28T08:50:40.000Z</time>
        <extensions>
          <ns3:TrackPointExtension>
            <ns3:hr>106</ns3:hr>
            <ns3:cad>53</ns3:cad>
          </ns3:TrackPointExtension>
        </extensions>
      </trkpt>
      <trkpt lat="42.31647075153887271881103515625" lon="-4.54715372063219547271728515625">
        <ele>799</ele>
        <time>2025-09-28T08:50:44.000Z</time>
        <extensions>
          <ns3:TrackPointExtension>
            <ns3:hr>106</ns3:hr>
            <ns3:cad>53</ns3:cad>
          </ns3:TrackPointExtension>
        </extensions>
      </trkpt>
      <trkpt lat="42.3165016807615756988525390625" lon="-4.54726050607860088348388671875">
        <ele>799.5999755859375</ele>
        <time>2025-09-28T08:50:52.000Z</time>
        <extensions>
          <ns3:TrackPointExtension>
            <ns3:hr>105</ns3:hr>
            <ns3:cad>53</ns3:cad>
          </ns3:TrackPointExtension>
        </extensions>
      </trkpt>
      <trkpt lat="42.31653638184070587158203125" lon="-4.54736762680113315582275390625">
        <ele>800.20001220703125</ele>
        <time>2025-09-28T08:51:00.000Z</time>
        <extensions>
          <ns3:TrackPointExtension>
            <ns3:hr>106</ns3:hr>
            <ns3:cad>53</ns3:cad>
          </ns3:TrackPointExtension>
        </extensions>
      </trkpt>
      <trkpt lat="42.316555492579936981201171875" lon="-4.54742395319044589996337890625">
        <ele>800.79998779296875</ele>
        <time>2025-09-28T08:51:04.000Z</time>
        <extensions>
          <ns3:TrackPointExtension>
            <ns3:hr>107</ns3:hr>
            <ns3:cad>53</ns3:cad>
          </ns3:TrackPointExtension>
        </extensions>
      </trkpt>
      <trkpt lat="42.31656731106340885162353515625" lon="-4.54746368341147899627685546875">
        <ele>801.20001220703125</ele>
        <time>2025-09-28T08:51:08.000Z</time>
        <extensions>
          <ns3:TrackPointExtension>
            <ns3:hr>108</ns3:hr>
            <ns3:cad>0</ns3:cad>
          </ns3:TrackPointExtension>
        </extensions>
      </trkpt>
      <trkpt lat="42.316566221415996551513671875" lon="-4.5474614202976226806640625">
        <ele>801</ele>
        <time>2025-09-28T08:51:12.000Z</time>
        <extensions>
          <ns3:TrackPointExtension>
            <ns3:hr>109</ns3:hr>
            <ns3:cad>0</ns3:cad>
          </ns3:TrackPointExtension>
        </extensions>
      </trkpt>
      <trkpt lat="42.3165684007108211517333984375" lon="-4.5474699698388576507568359375">
        <ele>800.79998779296875</ele>
        <time>2025-09-28T08:51:14.000Z</time>
        <extensions>
          <ns3:TrackPointExtension>
            <ns3:hr>112</ns3:hr>
            <ns3:cad>0</ns3:cad>
          </ns3:TrackPointExtension>
        </extensions>
      </trkpt>
      <trkpt lat="42.31657770462334156036376953125" lon="-4.5474907569587230682373046875">
        <ele>800.5999755859375</ele>
        <time>2025-09-28T08:51:16.000Z</time>
        <extensions>
          <ns3:TrackPointExtension>
            <ns3:hr>115</ns3:hr>
            <ns3:cad>0</ns3:cad>
          </ns3:TrackPointExtension>
        </extensions>
      </trkpt>
      <trkpt lat="42.3165821470320224761962890625" lon="-4.547501318156719207763671875">
        <ele>800.5999755859375</ele>
        <time>2025-09-28T08:51:17.000Z</time>
        <extensions>
          <ns3:TrackPointExtension>
            <ns3:hr>115</ns3:hr>
            <ns3:cad>0</ns3:cad>
          </ns3:TrackPointExtension>
        </extensions>
      </trkpt>
      <trkpt lat="42.31662732549011707305908203125" lon="-4.54763769172132015228271484375">
        <ele>800.79998779296875</ele>
        <time>2025-09-28T08:51:27.000Z</time>
        <extensions>
          <ns3:TrackPointExtension>
            <ns3:hr>114</ns3:hr>
            <ns3:cad>55</ns3:cad>
          </ns3:TrackPointExtension>
        </extensions>
      </trkpt>
      <trkpt lat="42.3166606016457080841064453125" lon="-4.5477277971804141998291015625">
        <ele>800.79998779296875</ele>
        <time>2025-09-28T08:51:33.000Z</time>
        <extensions>
          <ns3:TrackPointExtension>
            <ns3:hr>111</ns3:hr>
            <ns3:cad>55</ns3:cad>
          </ns3:TrackPointExtension>
        </extensions>
      </trkpt>
      <trkpt lat="42.31667644344270229339599609375" lon="-4.54777230508625507354736328125">
        <ele>800.79998779296875</ele>
        <time>2025-09-28T08:51:36.000Z</time>
        <extensions>
          <ns3:TrackPointExtension>
            <ns3:hr>108</ns3:hr>
            <ns3:cad>56</ns3:cad>
          </ns3:TrackPointExtension>
        </extensions>
      </trkpt>
      <trkpt lat="42.316684238612651824951171875" lon="-4.5477948524057865142822265625">
        <ele>800.79998779296875</ele>
        <time>2025-09-28T08:51:38.000Z</time>
        <extensions>
          <ns3:TrackPointExtension>
            <ns3:hr>105</ns3:hr>
            <ns3:cad>56</ns3:cad>
          </ns3:TrackPointExtension>
        </extensions>
      </trkpt>
      <trkpt lat="42.316688261926174163818359375" lon="-4.54780784435570240020751953125">
        <ele>800.79998779296875</ele>
        <time>2025-09-28T08:51:39.000Z</time>
        <extensions>
          <ns3:TrackPointExtension>
            <ns3:hr>104</ns3:hr>
            <ns3:cad>56</ns3:cad>
          </ns3:TrackPointExtension>
        </extensions>
      </trkpt>
      <trkpt lat="42.31670401990413665771484375" lon="-4.54785360954701900482177734375">
        <ele>800.79998779296875</ele>
        <time>2025-09-28T08:51:42.000Z</time>
        <extensions>
          <ns3:TrackPointExtension>
            <ns3:hr>101</ns3:hr>
            <ns3:cad>56</ns3:cad>
          </ns3:TrackPointExtension>
        </extensions>
      </trkpt>
      <trkpt lat="42.316753976047039031982421875" lon="-4.54802669584751129150390625">
        <ele>801</ele>
        <time>2025-09-28T08:51:54.000Z</time>
        <extensions>
          <ns3:TrackPointExtension>
            <ns3:hr>100</ns3:hr>
            <ns3:cad>56</ns3:cad>
          </ns3:TrackPointExtension>
        </extensions>
      </trkpt>
      <trkpt lat="42.31681658886373043060302734375" lon="-4.548228196799755096435546875">
        <ele>801.20001220703125</ele>
        <time>2025-09-28T08:52:08.000Z</time>
        <extensions>
          <ns3:TrackPointExtension>
            <ns3:hr>100</ns3:hr>
            <ns3:cad>56</ns3:cad>
          </ns3:TrackPointExtension>
        </extensions>
      </trkpt>
      <trkpt lat="42.31686973012983798980712890625" lon="-4.54840564168989658355712890625">
        <ele>801.5999755859375</ele>
        <time>2025-09-28T08:52:21.000Z</time>
        <extensions>
          <ns3:TrackPointExtension>
            <ns3:hr>101</ns3:hr>
            <ns3:cad>55</ns3:cad>
          </ns3:TrackPointExtension>
        </extensions>
      </trkpt>
      <trkpt lat="42.31693075038492679595947265625" lon="-4.54861636273562908172607421875">
        <ele>802</ele>
        <time>2025-09-28T08:52:36.000Z</time>
        <extensions>
          <ns3:TrackPointExtension>
            <ns3:hr>100</ns3:hr>
            <ns3:cad>56</ns3:cad>
          </ns3:TrackPointExtension>
        </extensions>
      </trkpt>
      <trkpt lat="42.3169965483248233795166015625" lon="-4.5488187856972217559814453125">
        <ele>802</ele>
        <time>2025-09-28T08:52:50.000Z</time>
        <extensions>
          <ns3:TrackPointExtension>
            <ns3:hr>99</ns3:hr>
            <ns3:cad>55</ns3:cad>
          </ns3:TrackPointExtension>
        </extensions>
      </trkpt>
      <trkpt lat="42.31703200377523899078369140625" lon="-4.54892766661942005157470703125">
        <ele>802.20001220703125</ele>
        <time>2025-09-28T08:52:58.000Z</time>
        <extensions>
          <ns3:TrackPointExtension>
            <ns3:hr>99</ns3:hr>
            <ns3:cad>56</ns3:cad>
          </ns3:TrackPointExtension>
        </extensions>
      </trkpt>
      <trkpt lat="42.31704189442098140716552734375" lon="-4.5489663071930408477783203125">
        <ele>802.20001220703125</ele>
        <time>2025-09-28T08:53:01.000Z</time>
        <extensions>
          <ns3:TrackPointExtension>
            <ns3:hr>99</ns3:hr>
            <ns3:cad>55</ns3:cad>
          </ns3:TrackPointExtension>
        </extensions>
      </trkpt>
      <trkpt lat="42.3171028308570384979248046875" lon="-4.54915833659470081329345703125">
        <ele>803</ele>
        <time>2025-09-28T08:53:15.000Z</time>
        <extensions>
          <ns3:TrackPointExtension>
            <ns3:hr>100</ns3:hr>
            <ns3:cad>55</ns3:cad>
          </ns3:TrackPointExtension>
        </extensions>
      </trkpt>
      <trkpt lat="42.31710727326571941375732421875" lon="-4.54917174763977527618408203125">
        <ele>803.20001220703125</ele>
        <time>2025-09-28T08:53:16.000Z</time>
        <extensions>
          <ns3:TrackPointExtension>
            <ns3:hr>100</ns3:hr>
            <ns3:cad>54</ns3:cad>
          </ns3:TrackPointExtension>
        </extensions>
      </trkpt>
      <trkpt lat="42.31714926660060882568359375" lon="-4.5493170060217380523681640625">
        <ele>803.4000244140625</ele>
        <time>2025-09-28T08:53:26.000Z</time>
        <extensions>
          <ns3:TrackPointExtension>
            <ns3:hr>102</ns3:hr>
            <ns3:cad>55</ns3:cad>
          </ns3:TrackPointExtension>
        </extensions>
      </trkpt>
      <trkpt lat="42.31718488968908786773681640625" lon="-4.54944348894059658050537109375">
        <ele>803.4000244140625</ele>
        <time>2025-09-28T08:53:35.000Z</time>
        <extensions>
          <ns3:TrackPointExtension>
            <ns3:hr>103</ns3:hr>
            <ns3:cad>56</ns3:cad>
          </ns3:TrackPointExtension>
        </extensions>
      </trkpt>
      <trkpt lat="42.31722897849977016448974609375" lon="-4.54957994632422924041748046875">
        <ele>803.4000244140625</ele>
        <time>2025-09-28T08:53:45.000Z</time>
        <extensions>
          <ns3:TrackPointExtension>
            <ns3:hr>103</ns3:hr>
            <ns3:cad>54</ns3:cad>
          </ns3:TrackPointExtension>
        </extensions>
      </trkpt>
      <trkpt lat="42.31727072037756443023681640625" lon="-4.54973668791353702545166015625">
        <ele>803.5999755859375</ele>
        <time>2025-09-28T08:53:56.000Z</time>
        <extensions>
          <ns3:TrackPointExtension>
            <ns3:hr>103</ns3:hr>
            <ns3:cad>55</ns3:cad>
          </ns3:TrackPointExtension>
        </extensions>
      </trkpt>
      <trkpt lat="42.317315898835659027099609375" lon="-4.5498661883175373077392578125">
        <ele>803.79998779296875</ele>
        <time>2025-09-28T08:54:05.000Z</time>
        <extensions>
          <ns3:TrackPointExtension>
            <ns3:hr>101</ns3:hr>
            <ns3:cad>55</ns3:cad>
          </ns3:TrackPointExtension>
        </extensions>
      </trkpt>
      <trkpt lat="42.31736652553081512451171875" lon="-4.5500338263809680938720703125">
        <ele>804</ele>
        <time>2025-09-28T08:54:17.000Z</time>
        <extensions>
          <ns3:TrackPointExtension>
            <ns3:hr>102</ns3:hr>
            <ns3:cad>55</ns3:cad>
          </ns3:TrackPointExtension>
        </extensions>
      </trkpt>
      <trkpt lat="42.31739460490643978118896484375" lon="-4.55013650469481945037841796875">
        <ele>804.20001220703125</ele>
        <time>2025-09-28T08:54:24.000Z</time>
        <extensions>
          <ns3:TrackPointExtension>
            <ns3:hr>103</ns3:hr>
            <ns3:cad>55</ns3:cad>
          </ns3:TrackPointExtension>
        </extensions>
      </trkpt>
      <trkpt lat="42.317423187196254730224609375" lon="-4.550223089754581451416015625">
        <ele>804.4000244140625</ele>
        <time>2025-09-28T08:54:30.000Z</time>
        <extensions>
          <ns3:TrackPointExtension>
            <ns3:hr>103</ns3:hr>
            <ns3:cad>55</ns3:cad>
          </ns3:TrackPointExtension>
        </extensions>
      </trkpt>
      <trkpt lat="42.3174726404249668121337890625" lon="-4.55037673003971576690673828125">
        <ele>804.4000244140625</ele>
        <time>2025-09-28T08:54:42.000Z</time>
        <extensions>
          <ns3:TrackPointExtension>
            <ns3:hr>102</ns3:hr>
            <ns3:cad>55</ns3:cad>
          </ns3:TrackPointExtension>
        </extensions>
      </trkpt>
      <trkpt lat="42.31752620078623294830322265625" lon="-4.5505484752357006072998046875">
        <ele>804.79998779296875</ele>
        <time>2025-09-28T08:54:54.000Z</time>
        <extensions>
          <ns3:TrackPointExtension>
            <ns3:hr>102</ns3:hr>
            <ns3:cad>55</ns3:cad>
          </ns3:TrackPointExtension>
        </extensions>
      </trkpt>
      <trkpt lat="42.3175832815468311309814453125" lon="-4.550735391676425933837890625">
        <ele>804.5999755859375</ele>
        <time>2025-09-28T08:55:07.000Z</time>
        <extensions>
          <ns3:TrackPointExtension>
            <ns3:hr>101</ns3:hr>
            <ns3:cad>53</ns3:cad>
          </ns3:TrackPointExtension>
        </extensions>
      </trkpt>
      <trkpt lat="42.31764941476285457611083984375" lon="-4.55095860175788402557373046875">
        <ele>805</ele>
        <time>2025-09-28T08:55:23.000Z</time>
        <extensions>
          <ns3:TrackPointExtension>
            <ns3:hr>101</ns3:hr>
            <ns3:cad>0</ns3:cad>
          </ns3:TrackPointExtension>
        </extensions>
      </trkpt>
      <trkpt lat="42.31769283302128314971923828125" lon="-4.551100172102451324462890625">
        <ele>805</ele>
        <time>2025-09-28T08:55:33.000Z</time>
        <extensions>
          <ns3:TrackPointExtension>
            <ns3:hr>102</ns3:hr>
            <ns3:cad>55</ns3:cad>
          </ns3:TrackPointExtension>
        </extensions>
      </trkpt>
      <trkpt lat="42.31772300787270069122314453125" lon="-4.55117535777390003204345703125">
        <ele>805.4000244140625</ele>
        <time>2025-09-28T08:55:39.000Z</time>
        <extensions>
          <ns3:TrackPointExtension>
            <ns3:hr>102</ns3:hr>
            <ns3:cad>55</ns3:cad>
          </ns3:TrackPointExtension>
        </extensions>
      </trkpt>
      <trkpt lat="42.31775318272411823272705078125" lon="-4.55126638524234294891357421875">
        <ele>805.20001220703125</ele>
        <time>2025-09-28T08:55:45.000Z</time>
        <extensions>
          <ns3:TrackPointExtension>
            <ns3:hr>102</ns3:hr>
            <ns3:cad>55</ns3:cad>
          </ns3:TrackPointExtension>
        </extensions>
      </trkpt>
      <trkpt lat="42.31780213303864002227783203125" lon="-4.55145095475018024444580078125">
        <ele>805.5999755859375</ele>
        <time>2025-09-28T08:55:58.000Z</time>
        <extensions>
          <ns3:TrackPointExtension>
            <ns3:hr>103</ns3:hr>
            <ns3:cad>55</ns3:cad>
          </ns3:TrackPointExtension>
        </extensions>
      </trkpt>
      <trkpt lat="42.31786382384598255157470703125" lon="-4.5516451634466648101806640625">
        <ele>805.4000244140625</ele>
        <time>2025-09-28T08:56:12.000Z</time>
        <extensions>
          <ns3:TrackPointExtension>
            <ns3:hr>103</ns3:hr>
            <ns3:cad>55</ns3:cad>
          </ns3:TrackPointExtension>
        </extensions>
      </trkpt>
      <trkpt lat="42.3179128579795360565185546875" lon="-4.55181171186268329620361328125">
        <ele>805.5999755859375</ele>
        <time>2025-09-28T08:56:24.000Z</time>
        <extensions>
          <ns3:TrackPointExtension>
            <ns3:hr>101</ns3:hr>
            <ns3:cad>55</ns3:cad>
          </ns3:TrackPointExtension>
        </extensions>
      </trkpt>
      <trkpt lat="42.31797262094914913177490234375" lon="-4.552008099853992462158203125">
        <ele>806</ele>
        <time>2025-09-28T08:56:38.000Z</time>
        <extensions>
          <ns3:TrackPointExtension>
            <ns3:hr>101</ns3:hr>
            <ns3:cad>54</ns3:cad>
          </ns3:TrackPointExtension>
        </extensions>
      </trkpt>
      <trkpt lat="42.3179862834513187408447265625" lon="-4.552058391273021697998046875">
        <ele>806.4000244140625</ele>
        <time>2025-09-28T08:56:42.000Z</time>
        <extensions>
          <ns3:TrackPointExtension>
            <ns3:hr>100</ns3:hr>
            <ns3:cad>55</ns3:cad>
          </ns3:TrackPointExtension>
        </extensions>
      </trkpt>
      <trkpt lat="42.31801964342594146728515625" lon="-4.552179761230945587158203125">
        <ele>806.4000244140625</ele>
        <time>2025-09-28T08:56:51.000Z</time>
        <extensions>
          <ns3:TrackPointExtension>
            <ns3:hr>100</ns3:hr>
            <ns3:cad>53</ns3:cad>
          </ns3:TrackPointExtension>
        </extensions>
      </trkpt>
      <trkpt lat="42.3180268518626689910888671875" lon="-4.552201889455318450927734375">
        <ele>807</ele>
        <time>2025-09-28T08:56:58.000Z</time>
        <extensions>
          <ns3:TrackPointExtension>
            <ns3:hr>100</ns3:hr>
            <ns3:cad>0</ns3:cad>
          </ns3:TrackPointExtension>
        </extensions>
      </trkpt>
      <trkpt lat="42.3180483095347881317138671875" lon="-4.5522671006619930267333984375">
        <ele>806.5999755859375</ele>
        <time>2025-09-28T08:57:06.000Z</time>
        <extensions>
          <ns3:TrackPointExtension>
            <ns3:hr>100</ns3:hr>
            <ns3:cad>47</ns3:cad>
          </ns3:TrackPointExtension>
        </extensions>
      </trkpt>
      <trkpt lat="42.31808627955615520477294921875" lon="-4.55238771624863147735595703125">
        <ele>806.79998779296875</ele>
        <time>2025-09-28T08:57:15.000Z</time>
        <extensions>
          <ns3:TrackPointExtension>
            <ns3:hr>100</ns3:hr>
            <ns3:cad>53</ns3:cad>
          </ns3:TrackPointExtension>
        </extensions>
      </trkpt>
      <trkpt lat="42.3181260935962200164794921875" lon="-4.55251210369169712066650390625">
        <ele>806.79998779296875</ele>
        <time>2025-09-28T08:57:24.000Z</time>
        <extensions>
          <ns3:TrackPointExtension>
            <ns3:hr>101</ns3:hr>
            <ns3:cad>53</ns3:cad>
          </ns3:TrackPointExtension>
        </extensions>
      </trkpt>
      <trkpt lat="42.3181770555675029754638671875" lon="-4.55268141813576221466064453125">
        <ele>806.79998779296875</ele>
        <time>2025-09-28T08:57:36.000Z</time>
        <extensions>
          <ns3:TrackPointExtension>
            <ns3:hr>101</ns3:hr>
            <ns3:cad>55</ns3:cad>
          </ns3:TrackPointExtension>
        </extensions>
      </trkpt>
      <trkpt lat="42.3182058893144130706787109375" lon="-4.55277957022190093994140625">
        <ele>806.5999755859375</ele>
        <time>2025-09-28T08:57:43.000Z</time>
        <extensions>
          <ns3:TrackPointExtension>
            <ns3:hr>97</ns3:hr>
            <ns3:cad>55</ns3:cad>
          </ns3:TrackPointExtension>
        </extensions>
      </trkpt>
      <trkpt lat="42.31821955181658267974853515625" lon="-4.55281821079552173614501953125">
        <ele>806.79998779296875</ele>
        <time>2025-09-28T08:57:46.000Z</time>
        <extensions>
          <ns3:TrackPointExtension>
            <ns3:hr>95</ns3:hr>
            <ns3:cad>54</ns3:cad>
          </ns3:TrackPointExtension>
        </extensions>
      </trkpt>
      <trkpt lat="42.31826548464596271514892578125" lon="-4.55296640284359455108642578125">
        <ele>806.5999755859375</ele>
        <time>2025-09-28T08:57:57.000Z</time>
        <extensions>
          <ns3:TrackPointExtension>
            <ns3:hr>94</ns3:hr>
            <ns3:cad>53</ns3:cad>
          </ns3:TrackPointExtension>
        </extensions>
      </trkpt>
      <trkpt lat="42.31831342913210391998291015625" lon="-4.55310772173106670379638671875">
        <ele>806.79998779296875</ele>
        <time>2025-09-28T08:58:07.000Z</time>
        <extensions>
          <ns3:TrackPointExtension>
            <ns3:hr>96</ns3:hr>
            <ns3:cad>55</ns3:cad>
          </ns3:TrackPointExtension>
        </extensions>
      </trkpt>
      <trkpt lat="42.31836958788335323333740234375" lon="-4.55329799093306064605712890625">
        <ele>807</ele>
        <time>2025-09-28T08:58:21.000Z</time>
        <extensions>
          <ns3:TrackPointExtension>
            <ns3:hr>95</ns3:hr>
            <ns3:cad>55</ns3:cad>
          </ns3:TrackPointExtension>
        </extensions>
      </trkpt>
      <trkpt lat="42.3184234835207462310791015625" lon="-4.55348541028797626495361328125">
        <ele>807</ele>
        <time>2025-09-28T08:58:34.000Z</time>
        <extensions>
          <ns3:TrackPointExtension>
            <ns3:hr>96</ns3:hr>
            <ns3:cad>55</ns3:cad>
          </ns3:TrackPointExtension>
        </extensions>
      </trkpt>
      <trkpt lat="42.31847419403493404388427734375" lon="-4.55364734865725040435791015625">
        <ele>807.20001220703125</ele>
        <time>2025-09-28T08:58:46.000Z</time>
        <extensions>
          <ns3:TrackPointExtension>
            <ns3:hr>96</ns3:hr>
            <ns3:cad>55</ns3:cad>
          </ns3:TrackPointExtension>
        </extensions>
      </trkpt>
      <trkpt lat="42.3185307718813419342041015625" lon="-4.553821273148059844970703125">
        <ele>807.20001220703125</ele>
        <time>2025-09-28T08:58:58.000Z</time>
        <extensions>
          <ns3:TrackPointExtension>
            <ns3:hr>98</ns3:hr>
            <ns3:cad>56</ns3:cad>
          </ns3:TrackPointExtension>
        </extensions>
      </trkpt>
      <trkpt lat="42.31858097948133945465087890625" lon="-4.5539974607527256011962890625">
        <ele>807.20001220703125</ele>
        <time>2025-09-28T08:59:10.000Z</time>
        <extensions>
          <ns3:TrackPointExtension>
            <ns3:hr>98</ns3:hr>
            <ns3:cad>55</ns3:cad>
          </ns3:TrackPointExtension>
        </extensions>
      </trkpt>
      <trkpt lat="42.31862850487232208251953125" lon="-4.554140456020832061767578125">
        <ele>807.4000244140625</ele>
        <time>2025-09-28T08:59:20.000Z</time>
        <extensions>
          <ns3:TrackPointExtension>
            <ns3:hr>100</ns3:hr>
            <ns3:cad>55</ns3:cad>
          </ns3:TrackPointExtension>
        </extensions>
      </trkpt>
      <trkpt lat="42.3186303488910198211669921875" lon="-4.554153196513652801513671875">
        <ele>807.4000244140625</ele>
        <time>2025-09-28T08:59:21.000Z</time>
        <extensions>
          <ns3:TrackPointExtension>
            <ns3:hr>100</ns3:hr>
            <ns3:cad>55</ns3:cad>
          </ns3:TrackPointExtension>
        </extensions>
      </trkpt>
      <trkpt lat="42.31868793256580829620361328125" lon="-4.55434857867658138275146484375">
        <ele>807.4000244140625</ele>
        <time>2025-09-28T08:59:34.000Z</time>
        <extensions>
          <ns3:TrackPointExtension>
            <ns3:hr>100</ns3:hr>
            <ns3:cad>55</ns3:cad>
          </ns3:TrackPointExtension>
        </extensions>
      </trkpt>
      <trkpt lat="42.31874275021255016326904296875" lon="-4.5545183122158050537109375">
        <ele>807.20001220703125</ele>
        <time>2025-09-28T08:59:46.000Z</time>
        <extensions>
          <ns3:TrackPointExtension>
            <ns3:hr>99</ns3:hr>
            <ns3:cad>55</ns3:cad>
          </ns3:TrackPointExtension>
        </extensions>
      </trkpt>
      <trkpt lat="42.318801172077655792236328125" lon="-4.55472073517739772796630859375">
        <ele>807.4000244140625</ele>
        <time>2025-09-28T08:59:59.000Z</time>
        <extensions>
          <ns3:TrackPointExtension>
            <ns3:hr>99</ns3:hr>
            <ns3:cad>57</ns3:cad>
          </ns3:TrackPointExtension>
        </extensions>
      </trkpt>
      <trkpt lat="42.3188606835901737213134765625" lon="-4.55492508597671985626220703125">
        <ele>807.20001220703125</ele>
        <time>2025-09-28T09:00:13.000Z</time>
        <extensions>
          <ns3:TrackPointExtension>
            <ns3:hr>99</ns3:hr>
            <ns3:cad>55</ns3:cad>
          </ns3:TrackPointExtension>
        </extensions>
      </trkpt>
      <trkpt lat="42.31891927309334278106689453125" lon="-4.55511284060776233673095703125">
        <ele>807.4000244140625</ele>
        <time>2025-09-28T09:00:26.000Z</time>
        <extensions>
          <ns3:TrackPointExtension>
            <ns3:hr>97</ns3:hr>
            <ns3:cad>56</ns3:cad>
          </ns3:TrackPointExtension>
        </extensions>
      </trkpt>
      <trkpt lat="42.31896579265594482421875" lon="-4.55527142621576786041259765625">
        <ele>807.5999755859375</ele>
        <time>2025-09-28T09:00:37.000Z</time>
        <extensions>
          <ns3:TrackPointExtension>
            <ns3:hr>99</ns3:hr>
            <ns3:cad>55</ns3:cad>
          </ns3:TrackPointExtension>
        </extensions>
      </trkpt>
      <trkpt lat="42.3190236277878284454345703125" lon="-4.555458091199398040771484375">
        <ele>807.79998779296875</ele>
        <time>2025-09-28T09:00:50.000Z</time>
        <extensions>
          <ns3:TrackPointExtension>
            <ns3:hr>100</ns3:hr>
            <ns3:cad>55</ns3:cad>
          </ns3:TrackPointExtension>
        </extensions>
      </trkpt>
      <trkpt lat="42.319066710770130157470703125" lon="-4.5556024275720119476318359375">
        <ele>808</ele>
        <time>2025-09-28T09:01:00.000Z</time>
        <extensions>
          <ns3:TrackPointExtension>
            <ns3:hr>99</ns3:hr>
            <ns3:cad>56</ns3:cad>
          </ns3:TrackPointExtension>
        </extensions>
      </trkpt>
      <trkpt lat="42.31911071576178073883056640625" lon="-4.55576042644679546356201171875">
        <ele>808.4000244140625</ele>
        <time>2025-09-28T09:01:11.000Z</time>
        <extensions>
          <ns3:TrackPointExtension>
            <ns3:hr>99</ns3:hr>
            <ns3:cad>55</ns3:cad>
          </ns3:TrackPointExtension>
        </extensions>
      </trkpt>
      <trkpt lat="42.31914709322154521942138671875" lon="-4.5558833889663219451904296875">
        <ele>808.79998779296875</ele>
        <time>2025-09-28T09:01:20.000Z</time>
        <extensions>
          <ns3:TrackPointExtension>
            <ns3:hr>102</ns3:hr>
            <ns3:cad>55</ns3:cad>
          </ns3:TrackPointExtension>
        </extensions>
      </trkpt>
      <trkpt lat="42.3191570676863193511962890625" lon="-4.55591649748384952545166015625">
        <ele>808.79998779296875</ele>
        <time>2025-09-28T09:01:22.000Z</time>
        <extensions>
          <ns3:TrackPointExtension>
            <ns3:hr>102</ns3:hr>
            <ns3:cad>55</ns3:cad>
          </ns3:TrackPointExtension>
        </extensions>
      </trkpt>
      <trkpt lat="42.319208867847919464111328125" lon="-4.55608229152858257293701171875">
        <ele>808.5999755859375</ele>
        <time>2025-09-28T09:01:34.000Z</time>
        <extensions>
          <ns3:TrackPointExtension>
            <ns3:hr>104</ns3:hr>
            <ns3:cad>54</ns3:cad>
          </ns3:TrackPointExtension>
        </extensions>
      </trkpt>
      <trkpt lat="42.3192626796662807464599609375" lon="-4.5562666095793247222900390625">
        <ele>808.5999755859375</ele>
        <time>2025-09-28T09:01:47.000Z</time>
        <extensions>
          <ns3:TrackPointExtension>
            <ns3:hr>103</ns3:hr>
            <ns3:cad>55</ns3:cad>
          </ns3:TrackPointExtension>
        </extensions>
      </trkpt>
      <trkpt lat="42.31932143680751323699951171875" lon="-4.55644640140235424041748046875">
        <ele>809</ele>
        <time>2025-09-28T09:02:00.000Z</time>
        <extensions>
          <ns3:TrackPointExtension>
            <ns3:hr>103</ns3:hr>
            <ns3:cad>55</ns3:cad>
          </ns3:TrackPointExtension>
        </extensions>
      </trkpt>
      <trkpt lat="42.3193686269223690032958984375" lon="-4.5565847866237163543701171875">
        <ele>809</ele>
        <time>2025-09-28T09:02:10.000Z</time>
        <extensions>
          <ns3:TrackPointExtension>
            <ns3:hr>103</ns3:hr>
            <ns3:cad>56</ns3:cad>
          </ns3:TrackPointExtension>
        </extensions>
      </trkpt>
      <trkpt lat="42.3194122128188610076904296875" lon="-4.55673373304307460784912109375">
        <ele>809</ele>
        <time>2025-09-28T09:02:20.000Z</time>
        <extensions>
          <ns3:TrackPointExtension>
            <ns3:hr>103</ns3:hr>
            <ns3:cad>56</ns3:cad>
          </ns3:TrackPointExtension>
        </extensions>
      </trkpt>
      <trkpt lat="42.319460324943065643310546875" lon="-4.5569076575338840484619140625">
        <ele>809</ele>
        <time>2025-09-28T09:02:32.000Z</time>
        <extensions>
          <ns3:TrackPointExtension>
            <ns3:hr>102</ns3:hr>
            <ns3:cad>55</ns3:cad>
          </ns3:TrackPointExtension>
        </extensions>
      </trkpt>
      <trkpt lat="42.3195201717317104339599609375" lon="-4.55707688815891742706298828125">
        <ele>809.20001220703125</ele>
        <time>2025-09-28T09:02:44.000Z</time>
        <extensions>
          <ns3:TrackPointExtension>
            <ns3:hr>102</ns3:hr>
            <ns3:cad>57</ns3:cad>
          </ns3:TrackPointExtension>
        </extensions>
      </trkpt>
      <trkpt lat="42.3195463232696056365966796875" lon="-4.5571792311966419219970703125">
        <ele>809.4000244140625</ele>
        <time>2025-09-28T09:02:50.000Z</time>
        <extensions>
          <ns3:TrackPointExtension>
            <ns3:hr>101</ns3:hr>
            <ns3:cad>57</ns3:cad>
          </ns3:TrackPointExtension>
        </extensions>
      </trkpt>
      <trkpt lat="42.319574989378452301025390625" lon="-4.55727905966341495513916015625">
        <ele>809.5999755859375</ele>
        <time>2025-09-28T09:02:57.000Z</time>
        <extensions>
          <ns3:TrackPointExtension>
            <ns3:hr>102</ns3:hr>
            <ns3:cad>57</ns3:cad>
          </ns3:TrackPointExtension>
        </extensions>
      </trkpt>
      <trkpt lat="42.31962469406425952911376953125" lon="-4.55743680708110332489013671875">
        <ele>809.79998779296875</ele>
        <time>2025-09-28T09:03:08.000Z</time>
        <extensions>
          <ns3:TrackPointExtension>
            <ns3:hr>103</ns3:hr>
            <ns3:cad>57</ns3:cad>
          </ns3:TrackPointExtension>
        </extensions>
      </trkpt>
      <trkpt lat="42.31967884115874767303466796875" lon="-4.55759949982166290283203125">
        <ele>810</ele>
        <time>2025-09-28T09:03:20.000Z</time>
        <extensions>
          <ns3:TrackPointExtension>
            <ns3:hr>104</ns3:hr>
            <ns3:cad>55</ns3:cad>
          </ns3:TrackPointExtension>
        </extensions>
      </trkpt>
      <trkpt lat="42.31968889944255352020263671875" lon="-4.55762900412082672119140625">
        <ele>810.5999755859375</ele>
        <time>2025-09-28T09:03:22.000Z</time>
        <extensions>
          <ns3:TrackPointExtension>
            <ns3:hr>104</ns3:hr>
            <ns3:cad>55</ns3:cad>
          </ns3:TrackPointExtension>
        </extensions>
      </trkpt>
      <trkpt lat="42.31973600573837757110595703125" lon="-4.557773508131504058837890625">
        <ele>810.5999755859375</ele>
        <time>2025-09-28T09:03:32.000Z</time>
        <extensions>
          <ns3:TrackPointExtension>
            <ns3:hr>105</ns3:hr>
            <ns3:cad>56</ns3:cad>
          </ns3:TrackPointExtension>
        </extensions>
      </trkpt>
      <trkpt lat="42.31979199685156345367431640625" lon="-4.557967968285083770751953125">
        <ele>811</ele>
        <time>2025-09-28T09:03:45.000Z</time>
        <extensions>
          <ns3:TrackPointExtension>
            <ns3:hr>106</ns3:hr>
            <ns3:cad>55</ns3:cad>
          </ns3:TrackPointExtension>
        </extensions>
      </trkpt>
      <trkpt lat="42.31983575038611888885498046875" lon="-4.5581116341054439544677734375">
        <ele>811</ele>
        <time>2025-09-28T09:03:55.000Z</time>
        <extensions>
          <ns3:TrackPointExtension>
            <ns3:hr>106</ns3:hr>
            <ns3:cad>55</ns3:cad>
          </ns3:TrackPointExtension>
        </extensions>
      </trkpt>
      <trkpt lat="42.31988118030130863189697265625" lon="-4.55824918113648891448974609375">
        <ele>811.20001220703125</ele>
        <time>2025-09-28T09:04:05.000Z</time>
        <extensions>
          <ns3:TrackPointExtension>
            <ns3:hr>109</ns3:hr>
            <ns3:cad>55</ns3:cad>
          </ns3:TrackPointExtension>
        </extensions>
      </trkpt>
      <trkpt lat="42.31988486833870410919189453125" lon="-4.5582625083625316619873046875">
        <ele>811.4000244140625</ele>
        <time>2025-09-28T09:04:06.000Z</time>
        <extensions>
          <ns3:TrackPointExtension>
            <ns3:hr>109</ns3:hr>
            <ns3:cad>55</ns3:cad>
          </ns3:TrackPointExtension>
        </extensions>
      </trkpt>
      <trkpt lat="42.31992761604487895965576171875" lon="-4.558411873877048492431640625">
        <ele>811.5999755859375</ele>
        <time>2025-09-28T09:04:16.000Z</time>
        <extensions>
          <ns3:TrackPointExtension>
            <ns3:hr>110</ns3:hr>
            <ns3:cad>55</ns3:cad>
          </ns3:TrackPointExtension>
        </extensions>
      </trkpt>
      <trkpt lat="42.31993666850030422210693359375" lon="-4.55843475647270679473876953125">
        <ele>811.5999755859375</ele>
        <time>2025-09-28T09:04:18.000Z</time>
        <extensions>
          <ns3:TrackPointExtension>
            <ns3:hr>110</ns3:hr>
            <ns3:cad>55</ns3:cad>
          </ns3:TrackPointExtension>
        </extensions>
      </trkpt>
      <trkpt lat="42.31997631490230560302734375" lon="-4.5585565455257892608642578125">
        <ele>811.79998779296875</ele>
        <time>2025-09-28T09:04:27.000Z</time>
        <extensions>
          <ns3:TrackPointExtension>
            <ns3:hr>110</ns3:hr>
            <ns3:cad>55</ns3:cad>
          </ns3:TrackPointExtension>
        </extensions>
      </trkpt>
      <trkpt lat="42.32003758661448955535888671875" lon="-4.5587600581347942352294921875">
        <ele>812.20001220703125</ele>
        <time>2025-09-28T09:04:41.000Z</time>
        <extensions>
          <ns3:TrackPointExtension>
            <ns3:hr>110</ns3:hr>
            <ns3:cad>55</ns3:cad>
          </ns3:TrackPointExtension>
        </extensions>
      </trkpt>
      <trkpt lat="42.320093326270580291748046875" lon="-4.5589520037174224853515625">
        <ele>812.4000244140625</ele>
        <time>2025-09-28T09:04:54.000Z</time>
        <extensions>
          <ns3:TrackPointExtension>
            <ns3:hr>108</ns3:hr>
            <ns3:cad>56</ns3:cad>
          </ns3:TrackPointExtension>
        </extensions>
      </trkpt>
      <trkpt lat="42.3201193101704120635986328125" lon="-4.55903003923594951629638671875">
        <ele>812.4000244140625</ele>
        <time>2025-09-28T09:05:00.000Z</time>
        <extensions>
          <ns3:TrackPointExtension>
            <ns3:hr>105</ns3:hr>
            <ns3:cad>56</ns3:cad>
          </ns3:TrackPointExtension>
        </extensions>
      </trkpt>
      <trkpt lat="42.320144288241863250732421875" lon="-4.55912089906632900238037109375">
        <ele>812.4000244140625</ele>
        <time>2025-09-28T09:05:06.000Z</time>
        <extensions>
          <ns3:TrackPointExtension>
            <ns3:hr>104</ns3:hr>
            <ns3:cad>55</ns3:cad>
          </ns3:TrackPointExtension>
        </extensions>
      </trkpt>
      <trkpt lat="42.32020354829728603363037109375" lon="-4.55931351520121097564697265625">
        <ele>812.4000244140625</ele>
        <time>2025-09-28T09:05:19.000Z</time>
        <extensions>
          <ns3:TrackPointExtension>
            <ns3:hr>105</ns3:hr>
            <ns3:cad>55</ns3:cad>
          </ns3:TrackPointExtension>
        </extensions>
      </trkpt>
      <trkpt lat="42.32025316916406154632568359375" lon="-4.5594829134643077850341796875">
        <ele>812.4000244140625</ele>
        <time>2025-09-28T09:05:31.000Z</time>
        <extensions>
          <ns3:TrackPointExtension>
            <ns3:hr>104</ns3:hr>
            <ns3:cad>56</ns3:cad>
          </ns3:TrackPointExtension>
        </extensions>
      </trkpt>
      <trkpt lat="42.3203243315219879150390625" lon="-4.55970813520252704620361328125">
        <ele>812.4000244140625</ele>
        <time>2025-09-28T09:05:46.000Z</time>
        <extensions>
          <ns3:TrackPointExtension>
            <ns3:hr>105</ns3:hr>
            <ns3:cad>57</ns3:cad>
          </ns3:TrackPointExtension>
        </extensions>
      </trkpt>
      <trkpt lat="42.32036196626722812652587890625" lon="-4.559828080236911773681640625">
        <ele>812.20001220703125</ele>
        <time>2025-09-28T09:05:54.000Z</time>
        <extensions>
          <ns3:TrackPointExtension>
            <ns3:hr>106</ns3:hr>
            <ns3:cad>0</ns3:cad>
          </ns3:TrackPointExtension>
        </extensions>
      </trkpt>
      <trkpt lat="42.32041007839143276214599609375" lon="-4.55999177880585193634033203125">
        <ele>812.4000244140625</ele>
        <time>2025-09-28T09:06:05.000Z</time>
        <extensions>
          <ns3:TrackPointExtension>
            <ns3:hr>104</ns3:hr>
            <ns3:cad>57</ns3:cad>
          </ns3:TrackPointExtension>
        </extensions>
      </trkpt>
      <trkpt lat="42.32045383192598819732666015625" lon="-4.56015455536544322967529296875">
        <ele>812.20001220703125</ele>
        <time>2025-09-28T09:06:15.000Z</time>
        <extensions>
          <ns3:TrackPointExtension>
            <ns3:hr>105</ns3:hr>
            <ns3:cad>57</ns3:cad>
          </ns3:TrackPointExtension>
        </extensions>
      </trkpt>
      <trkpt lat="42.32051384635269641876220703125" lon="-4.5603241212666034698486328125">
        <ele>812.4000244140625</ele>
        <time>2025-09-28T09:06:27.000Z</time>
        <extensions>
          <ns3:TrackPointExtension>
            <ns3:hr>105</ns3:hr>
            <ns3:cad>56</ns3:cad>
          </ns3:TrackPointExtension>
        </extensions>
      </trkpt>
      <trkpt lat="42.3205437697470188140869140625" lon="-4.56044691614806652069091796875">
        <ele>812.5999755859375</ele>
        <time>2025-09-28T09:06:35.000Z</time>
        <extensions>
          <ns3:TrackPointExtension>
            <ns3:hr>102</ns3:hr>
            <ns3:cad>57</ns3:cad>
          </ns3:TrackPointExtension>
        </extensions>
      </trkpt>
      <trkpt lat="42.32055827043950557708740234375" lon="-4.56049419008195400238037109375">
        <ele>812.5999755859375</ele>
        <time>2025-09-28T09:06:38.000Z</time>
        <extensions>
          <ns3:TrackPointExtension>
            <ns3:hr>102</ns3:hr>
            <ns3:cad>57</ns3:cad>
          </ns3:TrackPointExtension>
        </extensions>
      </trkpt>
      <trkpt lat="42.3206128366291522979736328125" lon="-4.5606389455497264862060546875">
        <ele>812.4000244140625</ele>
        <time>2025-09-28T09:06:49.000Z</time>
        <extensions>
          <ns3:TrackPointExtension>
            <ns3:hr>100</ns3:hr>
            <ns3:cad>0</ns3:cad>
          </ns3:TrackPointExtension>
        </extensions>
      </trkpt>
      <trkpt lat="42.3206664808094501495361328125" lon="-4.56081370823085308074951171875">
        <ele>812.20001220703125</ele>
        <time>2025-09-28T09:07:00.000Z</time>
        <extensions>
          <ns3:TrackPointExtension>
            <ns3:hr>100</ns3:hr>
            <ns3:cad>57</ns3:cad>
          </ns3:TrackPointExtension>
        </extensions>
      </trkpt>
      <trkpt lat="42.32072607614099979400634765625" lon="-4.56100682727992534637451171875">
        <ele>812</ele>
        <time>2025-09-28T09:07:13.000Z</time>
        <extensions>
          <ns3:TrackPointExtension>
            <ns3:hr>100</ns3:hr>
            <ns3:cad>57</ns3:cad>
          </ns3:TrackPointExtension>
        </extensions>
      </trkpt>
      <trkpt lat="42.32076329179108142852783203125" lon="-4.56114077009260654449462890625">
        <ele>812.20001220703125</ele>
        <time>2025-09-28T09:07:22.000Z</time>
        <extensions>
          <ns3:TrackPointExtension>
            <ns3:hr>101</ns3:hr>
            <ns3:cad>57</ns3:cad>
          </ns3:TrackPointExtension>
        </extensions>
      </trkpt>
      <trkpt lat="42.320780642330646514892578125" lon="-4.56119634211063385009765625">
        <ele>812.20001220703125</ele>
        <time>2025-09-28T09:07:26.000Z</time>
        <extensions>
          <ns3:TrackPointExtension>
            <ns3:hr>104</ns3:hr>
            <ns3:cad>58</ns3:cad>
          </ns3:TrackPointExtension>
        </extensions>
      </trkpt>
      <trkpt lat="42.3208096437156200408935546875" lon="-4.56129482947289943695068359375">
        <ele>812</ele>
        <time>2025-09-28T09:07:32.000Z</time>
        <extensions>
          <ns3:TrackPointExtension>
            <ns3:hr>106</ns3:hr>
            <ns3:cad>58</ns3:cad>
          </ns3:TrackPointExtension>
        </extensions>
      </trkpt>
      <trkpt lat="42.32084526680409908294677734375" lon="-4.5614248327910900115966796875">
        <ele>812.20001220703125</ele>
        <time>2025-09-28T09:07:41.000Z</time>
        <extensions>
          <ns3:TrackPointExtension>
            <ns3:hr>107</ns3:hr>
            <ns3:cad>57</ns3:cad>
          </ns3:TrackPointExtension>
        </extensions>
      </trkpt>
      <trkpt lat="42.32090058736503124237060546875" lon="-4.56160579808056354522705078125">
        <ele>812.4000244140625</ele>
        <time>2025-09-28T09:07:52.000Z</time>
        <extensions>
          <ns3:TrackPointExtension>
            <ns3:hr>107</ns3:hr>
            <ns3:cad>57</ns3:cad>
          </ns3:TrackPointExtension>
        </extensions>
      </trkpt>
      <trkpt lat="42.320956327021121978759765625" lon="-4.56176631152629852294921875">
        <ele>812.4000244140625</ele>
        <time>2025-09-28T09:08:04.000Z</time>
        <extensions>
          <ns3:TrackPointExtension>
            <ns3:hr>107</ns3:hr>
            <ns3:cad>57</ns3:cad>
          </ns3:TrackPointExtension>
        </extensions>
      </trkpt>
      <trkpt lat="42.3210061155259609222412109375" lon="-4.56192992627620697021484375">
        <ele>813</ele>
        <time>2025-09-28T09:08:14.000Z</time>
        <extensions>
          <ns3:TrackPointExtension>
            <ns3:hr>104</ns3:hr>
            <ns3:cad>57</ns3:cad>
          </ns3:TrackPointExtension>
        </extensions>
      </trkpt>
      <trkpt lat="42.3210694827139377593994140625" lon="-4.5621384680271148681640625">
        <ele>813.4000244140625</ele>
        <time>2025-09-28T09:08:28.000Z</time>
        <extensions>
          <ns3:TrackPointExtension>
            <ns3:hr>105</ns3:hr>
            <ns3:cad>57</ns3:cad>
          </ns3:TrackPointExtension>
        </extensions>
      </trkpt>
      <trkpt lat="42.3211288265883922576904296875" lon="-4.56232312135398387908935546875">
        <ele>813.4000244140625</ele>
        <time>2025-09-28T09:08:41.000Z</time>
        <extensions>
          <ns3:TrackPointExtension>
            <ns3:hr>105</ns3:hr>
            <ns3:cad>57</ns3:cad>
          </ns3:TrackPointExtension>
        </extensions>
      </trkpt>
      <trkpt lat="42.3211415670812129974365234375" lon="-4.56237114965915679931640625">
        <ele>813.5999755859375</ele>
        <time>2025-09-28T09:08:44.000Z</time>
        <extensions>
          <ns3:TrackPointExtension>
            <ns3:hr>105</ns3:hr>
            <ns3:cad>57</ns3:cad>
          </ns3:TrackPointExtension>
        </extensions>
      </trkpt>
      <trkpt lat="42.32118406333029270172119140625" lon="-4.56252445466816425323486328125">
        <ele>813.5999755859375</ele>
        <time>2025-09-28T09:08:54.000Z</time>
        <extensions>
          <ns3:TrackPointExtension>
            <ns3:hr>105</ns3:hr>
            <ns3:cad>57</ns3:cad>
          </ns3:TrackPointExtension>
        </extensions>
      </trkpt>
      <trkpt lat="42.32124625705182552337646484375" lon="-4.56271556206047534942626953125">
        <ele>813.79998779296875</ele>
        <time>2025-09-28T09:09:07.000Z</time>
        <extensions>
          <ns3:TrackPointExtension>
            <ns3:hr>104</ns3:hr>
            <ns3:cad>56</ns3:cad>
          </ns3:TrackPointExtension>
        </extensions>
      </trkpt>
      <trkpt lat="42.3213033378124237060546875" lon="-4.56288772635161876678466796875">
        <ele>814.4000244140625</ele>
        <time>2025-09-28T09:09:19.000Z</time>
        <extensions>
          <ns3:TrackPointExtension>
            <ns3:hr>106</ns3:hr>
            <ns3:cad>57</ns3:cad>
          </ns3:TrackPointExtension>
        </extensions>
      </trkpt>
      <trkpt lat="42.32134767808020114898681640625" lon="-4.56305670551955699920654296875">
        <ele>814.5999755859375</ele>
        <time>2025-09-28T09:09:30.000Z</time>
        <extensions>
          <ns3:TrackPointExtension>
            <ns3:hr>108</ns3:hr>
            <ns3:cad>57</ns3:cad>
          </ns3:TrackPointExtension>
        </extensions>
      </trkpt>
      <trkpt lat="42.321399562060832977294921875" lon="-4.5632323063910007476806640625">
        <ele>815</ele>
        <time>2025-09-28T09:09:41.000Z</time>
        <extensions>
          <ns3:TrackPointExtension>
            <ns3:hr>108</ns3:hr>
            <ns3:cad>0</ns3:cad>
          </ns3:TrackPointExtension>
        </extensions>
      </trkpt>
      <trkpt lat="42.3214597441256046295166015625" lon="-4.56342048011720180511474609375">
        <ele>815.5999755859375</ele>
        <time>2025-09-28T09:09:54.000Z</time>
        <extensions>
          <ns3:TrackPointExtension>
            <ns3:hr>108</ns3:hr>
            <ns3:cad>56</ns3:cad>
          </ns3:TrackPointExtension>
        </extensions>
      </trkpt>
      <trkpt lat="42.32152101583778858184814453125" lon="-4.56362516619265079498291015625">
        <ele>816.20001220703125</ele>
        <time>2025-09-28T09:10:08.000Z</time>
        <extensions>
          <ns3:TrackPointExtension>
            <ns3:hr>110</ns3:hr>
            <ns3:cad>56</ns3:cad>
          </ns3:TrackPointExtension>
        </extensions>
      </trkpt>
      <trkpt lat="42.32156543992459774017333984375" lon="-4.56378878094255924224853515625">
        <ele>816.5999755859375</ele>
        <time>2025-09-28T09:10:18.000Z</time>
        <extensions>
          <ns3:TrackPointExtension>
            <ns3:hr>109</ns3:hr>
            <ns3:cad>56</ns3:cad>
          </ns3:TrackPointExtension>
        </extensions>
      </trkpt>
      <trkpt lat="42.32156996615231037139892578125" lon="-4.56380437128245830535888671875">
        <ele>816.79998779296875</ele>
        <time>2025-09-28T09:10:19.000Z</time>
        <extensions>
          <ns3:TrackPointExtension>
            <ns3:hr>110</ns3:hr>
            <ns3:cad>56</ns3:cad>
          </ns3:TrackPointExtension>
        </extensions>
      </trkpt>
      <trkpt lat="42.32162897475063800811767578125" lon="-4.5639839954674243927001953125">
        <ele>817.4000244140625</ele>
        <time>2025-09-28T09:10:31.000Z</time>
        <extensions>
          <ns3:TrackPointExtension>
            <ns3:hr>108</ns3:hr>
            <ns3:cad>55</ns3:cad>
          </ns3:TrackPointExtension>
        </extensions>
      </trkpt>
      <trkpt lat="42.32165009714663028717041015625" lon="-4.5640567503869533538818359375">
        <ele>817.79998779296875</ele>
        <time>2025-09-28T09:10:36.000Z</time>
        <extensions>
          <ns3:TrackPointExtension>
            <ns3:hr>111</ns3:hr>
            <ns3:cad>55</ns3:cad>
          </ns3:TrackPointExtension>
        </extensions>
      </trkpt>
      <trkpt lat="42.32165328226983547210693359375" lon="-4.5640684850513935089111328125">
        <ele>817.79998779296875</ele>
        <time>2025-09-28T09:10:37.000Z</time>
        <extensions>
          <ns3:TrackPointExtension>
            <ns3:hr>111</ns3:hr>
            <ns3:cad>55</ns3:cad>
          </ns3:TrackPointExtension>
        </extensions>
      </trkpt>
      <trkpt lat="42.32166501693427562713623046875" lon="-4.56410947255790233612060546875">
        <ele>818.20001220703125</ele>
        <time>2025-09-28T09:10:40.000Z</time>
        <extensions>
          <ns3:TrackPointExtension>
            <ns3:hr>111</ns3:hr>
            <ns3:cad>55</ns3:cad>
          </ns3:TrackPointExtension>
        </extensions>
      </trkpt>
      <trkpt lat="42.32169502414762973785400390625" lon="-4.56419597379863262176513671875">
        <ele>818.5999755859375</ele>
        <time>2025-09-28T09:10:46.000Z</time>
        <extensions>
          <ns3:TrackPointExtension>
            <ns3:hr>114</ns3:hr>
            <ns3:cad>55</ns3:cad>
          </ns3:TrackPointExtension>
        </extensions>
      </trkpt>
      <trkpt lat="42.3217222653329372406005859375" lon="-4.5642857439815998077392578125">
        <ele>818.79998779296875</ele>
        <time>2025-09-28T09:10:52.000Z</time>
        <extensions>
          <ns3:TrackPointExtension>
            <ns3:hr>115</ns3:hr>
            <ns3:cad>0</ns3:cad>
          </ns3:TrackPointExtension>
        </extensions>
      </trkpt>
      <trkpt lat="42.32176928780972957611083984375" lon="-4.564430750906467437744140625">
        <ele>819.4000244140625</ele>
        <time>2025-09-28T09:11:02.000Z</time>
        <extensions>
          <ns3:TrackPointExtension>
            <ns3:hr>116</ns3:hr>
            <ns3:cad>55</ns3:cad>
          </ns3:TrackPointExtension>
        </extensions>
      </trkpt>
      <trkpt lat="42.32178119011223316192626953125" lon="-4.56446100957691669464111328125">
        <ele>819.4000244140625</ele>
        <time>2025-09-28T09:11:04.000Z</time>
        <extensions>
          <ns3:TrackPointExtension>
            <ns3:hr>119</ns3:hr>
            <ns3:cad>56</ns3:cad>
          </ns3:TrackPointExtension>
        </extensions>
      </trkpt>
      <trkpt lat="42.321797199547290802001953125" lon="-4.5645066909492015838623046875">
        <ele>819.4000244140625</ele>
        <time>2025-09-28T09:11:07.000Z</time>
        <extensions>
          <ns3:TrackPointExtension>
            <ns3:hr>122</ns3:hr>
            <ns3:cad>55</ns3:cad>
          </ns3:TrackPointExtension>
        </extensions>
      </trkpt>
      <trkpt lat="42.321822009980678558349609375" lon="-4.56459629349410533905029296875">
        <ele>819.5999755859375</ele>
        <time>2025-09-28T09:11:13.000Z</time>
        <extensions>
          <ns3:TrackPointExtension>
            <ns3:hr>123</ns3:hr>
            <ns3:cad>55</ns3:cad>
          </ns3:TrackPointExtension>
        </extensions>
      </trkpt>
      <trkpt lat="42.3218585550785064697265625" lon="-4.56471816636621952056884765625">
        <ele>819.79998779296875</ele>
        <time>2025-09-28T09:11:21.000Z</time>
        <extensions>
          <ns3:TrackPointExtension>
            <ns3:hr>122</ns3:hr>
            <ns3:cad>55</ns3:cad>
          </ns3:TrackPointExtension>
        </extensions>
      </trkpt>
      <trkpt lat="42.3218684457242488861083984375" lon="-4.564754627645015716552734375">
        <ele>819.79998779296875</ele>
        <time>2025-09-28T09:11:23.000Z</time>
        <extensions>
          <ns3:TrackPointExtension>
            <ns3:hr>122</ns3:hr>
            <ns3:cad>55</ns3:cad>
          </ns3:TrackPointExtension>
        </extensions>
      </trkpt>
      <trkpt lat="42.3219066672027111053466796875" lon="-4.56488429568707942962646484375">
        <ele>820.20001220703125</ele>
        <time>2025-09-28T09:11:32.000Z</time>
        <extensions>
          <ns3:TrackPointExtension>
            <ns3:hr>122</ns3:hr>
            <ns3:cad>57</ns3:cad>
          </ns3:TrackPointExtension>
        </extensions>
      </trkpt>
      <trkpt lat="42.321945391595363616943359375" lon="-4.565025530755519866943359375">
        <ele>820.20001220703125</ele>
        <time>2025-09-28T09:11:41.000Z</time>
        <extensions>
          <ns3:TrackPointExtension>
            <ns3:hr>122</ns3:hr>
            <ns3:cad>57</ns3:cad>
          </ns3:TrackPointExtension>
        </extensions>
      </trkpt>
      <trkpt lat="42.32201051898300647735595703125" lon="-4.5652144588530063629150390625">
        <ele>820.5999755859375</ele>
        <time>2025-09-28T09:11:54.000Z</time>
        <extensions>
          <ns3:TrackPointExtension>
            <ns3:hr>119</ns3:hr>
            <ns3:cad>57</ns3:cad>
          </ns3:TrackPointExtension>
        </extensions>
      </trkpt>
      <trkpt lat="42.32205796055495738983154296875" lon="-4.56538067199289798736572265625">
        <ele>820.5999755859375</ele>
        <time>2025-09-28T09:12:05.000Z</time>
        <extensions>
          <ns3:TrackPointExtension>
            <ns3:hr>117</ns3:hr>
            <ns3:cad>57</ns3:cad>
          </ns3:TrackPointExtension>
        </extensions>
      </trkpt>
      <trkpt lat="42.322089560329914093017578125" lon="-4.56549081020057201385498046875">
        <ele>820.5999755859375</ele>
        <time>2025-09-28T09:12:12.000Z</time>
        <extensions>
          <ns3:TrackPointExtension>
            <ns3:hr>114</ns3:hr>
            <ns3:cad>57</ns3:cad>
          </ns3:TrackPointExtension>
        </extensions>
      </trkpt>
      <trkpt lat="42.32212208211421966552734375" lon="-4.565582759678363800048828125">
        <ele>820.79998779296875</ele>
        <time>2025-09-28T09:12:18.000Z</time>
        <extensions>
          <ns3:TrackPointExtension>
            <ns3:hr>114</ns3:hr>
            <ns3:cad>58</ns3:cad>
          </ns3:TrackPointExtension>
        </extensions>
      </trkpt>
      <trkpt lat="42.32214395888149738311767578125" lon="-4.565674960613250732421875">
        <ele>821</ele>
        <time>2025-09-28T09:12:24.000Z</time>
        <extensions>
          <ns3:TrackPointExtension>
            <ns3:hr>113</ns3:hr>
            <ns3:cad>57</ns3:cad>
          </ns3:TrackPointExtension>
        </extensions>
      </trkpt>
      <trkpt lat="42.32216767966747283935546875" lon="-4.56575383432209491729736328125">
        <ele>821.20001220703125</ele>
        <time>2025-09-28T09:12:29.000Z</time>
        <extensions>
          <ns3:TrackPointExtension>
            <ns3:hr>113</ns3:hr>
            <ns3:cad>56</ns3:cad>
          </ns3:TrackPointExtension>
        </extensions>
      </trkpt>
      <trkpt lat="42.32221621088683605194091796875" lon="-4.5658957399427890777587890625">
        <ele>821.4000244140625</ele>
        <time>2025-09-28T09:12:39.000Z</time>
        <extensions>
          <ns3:TrackPointExtension>
            <ns3:hr>114</ns3:hr>
            <ns3:cad>57</ns3:cad>
          </ns3:TrackPointExtension>
        </extensions>
      </trkpt>
      <trkpt lat="42.32224470935761928558349609375" lon="-4.56599808298051357269287109375">
        <ele>822</ele>
        <time>2025-09-28T09:12:45.000Z</time>
        <extensions>
          <ns3:TrackPointExtension>
            <ns3:hr>115</ns3:hr>
            <ns3:cad>57</ns3:cad>
          </ns3:TrackPointExtension>
        </extensions>
      </trkpt>
      <trkpt lat="42.3222684301435947418212890625" lon="-4.5660571753978729248046875">
        <ele>822</ele>
        <time>2025-09-28T09:12:49.000Z</time>
        <extensions>
          <ns3:TrackPointExtension>
            <ns3:hr>116</ns3:hr>
            <ns3:cad>57</ns3:cad>
          </ns3:TrackPointExtension>
        </extensions>
      </trkpt>
      <trkpt lat="42.32232651673257350921630859375" lon="-4.566223137080669403076171875">
        <ele>822.5999755859375</ele>
        <time>2025-09-28T09:13:01.000Z</time>
        <extensions>
          <ns3:TrackPointExtension>
            <ns3:hr>117</ns3:hr>
            <ns3:cad>55</ns3:cad>
          </ns3:TrackPointExtension>
        </extensions>
      </trkpt>
      <trkpt lat="42.32238787226378917694091796875" lon="-4.56639580428600311279296875">
        <ele>823</ele>
        <time>2025-09-28T09:13:13.000Z</time>
        <extensions>
          <ns3:TrackPointExtension>
            <ns3:hr>116</ns3:hr>
            <ns3:cad>0</ns3:cad>
          </ns3:TrackPointExtension>
        </extensions>
      </trkpt>
      <trkpt lat="42.3223991878330707550048828125" lon="-4.5664408989250659942626953125">
        <ele>823</ele>
        <time>2025-09-28T09:13:16.000Z</time>
        <extensions>
          <ns3:TrackPointExtension>
            <ns3:hr>117</ns3:hr>
            <ns3:cad>55</ns3:cad>
          </ns3:TrackPointExtension>
        </extensions>
      </trkpt>
      <trkpt lat="42.32244201935827732086181640625" lon="-4.56655045039951801300048828125">
        <ele>823.5999755859375</ele>
        <time>2025-09-28T09:13:24.000Z</time>
        <extensions>
          <ns3:TrackPointExtension>
            <ns3:hr>116</ns3:hr>
            <ns3:cad>55</ns3:cad>
          </ns3:TrackPointExtension>
        </extensions>
      </trkpt>
      <trkpt lat="42.322490550577640533447265625" lon="-4.56671641208231449127197265625">
        <ele>823.5999755859375</ele>
        <time>2025-09-28T09:13:35.000Z</time>
        <extensions>
          <ns3:TrackPointExtension>
            <ns3:hr>117</ns3:hr>
            <ns3:cad>56</ns3:cad>
          </ns3:TrackPointExtension>
        </extensions>
      </trkpt>
      <trkpt lat="42.322521395981311798095703125" lon="-4.566806517541408538818359375">
        <ele>824</ele>
        <time>2025-09-28T09:13:41.000Z</time>
        <extensions>
          <ns3:TrackPointExtension>
            <ns3:hr>117</ns3:hr>
            <ns3:cad>56</ns3:cad>
          </ns3:TrackPointExtension>
        </extensions>
      </trkpt>
      <trkpt lat="42.3225624673068523406982421875" lon="-4.5668993890285491943359375">
        <ele>824</ele>
        <time>2025-09-28T09:13:48.000Z</time>
        <extensions>
          <ns3:TrackPointExtension>
            <ns3:hr>116</ns3:hr>
            <ns3:cad>56</ns3:cad>
          </ns3:TrackPointExtension>
        </extensions>
      </trkpt>
      <trkpt lat="42.322621978819370269775390625" lon="-4.5670581422746181488037109375">
        <ele>824.79998779296875</ele>
        <time>2025-09-28T09:13:59.000Z</time>
        <extensions>
          <ns3:TrackPointExtension>
            <ns3:hr>118</ns3:hr>
            <ns3:cad>55</ns3:cad>
          </ns3:TrackPointExtension>
        </extensions>
      </trkpt>
      <trkpt lat="42.32264804653823375701904296875" lon="-4.5671064220368862152099609375">
        <ele>824.79998779296875</ele>
        <time>2025-09-28T09:14:03.000Z</time>
        <extensions>
          <ns3:TrackPointExtension>
            <ns3:hr>121</ns3:hr>
            <ns3:cad>55</ns3:cad>
          </ns3:TrackPointExtension>
        </extensions>
      </trkpt>
      <trkpt lat="42.32265743426978588104248046875" lon="-4.5671327412128448486328125">
        <ele>825.20001220703125</ele>
        <time>2025-09-28T09:14:05.000Z</time>
        <extensions>
          <ns3:TrackPointExtension>
            <ns3:hr>121</ns3:hr>
            <ns3:cad>56</ns3:cad>
          </ns3:TrackPointExtension>
        </extensions>
      </trkpt>
      <trkpt lat="42.32268425635993480682373046875" lon="-4.567204825580120086669921875">
        <ele>825.20001220703125</ele>
        <time>2025-09-28T09:14:10.000Z</time>
        <extensions>
          <ns3:TrackPointExtension>
            <ns3:hr>122</ns3:hr>
            <ns3:cad>53</ns3:cad>
          </ns3:TrackPointExtension>
        </extensions>
      </trkpt>
      <trkpt lat="42.3227539099752902984619140625" lon="-4.56735058687627315521240234375">
        <ele>825.79998779296875</ele>
        <time>2025-09-28T09:14:21.000Z</time>
        <extensions>
          <ns3:TrackPointExtension>
            <ns3:hr>123</ns3:hr>
            <ns3:cad>55</ns3:cad>
          </ns3:TrackPointExtension>
        </extensions>
      </trkpt>
      <trkpt lat="42.32278601266443729400634765625" lon="-4.5674339868128299713134765625">
        <ele>826.20001220703125</ele>
        <time>2025-09-28T09:14:26.000Z</time>
        <extensions>
          <ns3:TrackPointExtension>
            <ns3:hr>124</ns3:hr>
            <ns3:cad>55</ns3:cad>
          </ns3:TrackPointExtension>
        </extensions>
      </trkpt>
      <trkpt lat="42.32281350530683994293212890625" lon="-4.5674903132021427154541015625">
        <ele>826.79998779296875</ele>
        <time>2025-09-28T09:14:31.000Z</time>
        <extensions>
          <ns3:TrackPointExtension>
            <ns3:hr>123</ns3:hr>
            <ns3:cad>56</ns3:cad>
          </ns3:TrackPointExtension>
        </extensions>
      </trkpt>
      <trkpt lat="42.3228777945041656494140625" lon="-4.56763154827058315277099609375">
        <ele>826.79998779296875</ele>
        <time>2025-09-28T09:14:41.000Z</time>
        <extensions>
          <ns3:TrackPointExtension>
            <ns3:hr>124</ns3:hr>
            <ns3:cad>56</ns3:cad>
          </ns3:TrackPointExtension>
        </extensions>
      </trkpt>
      <trkpt lat="42.32294191606342792510986328125" lon="-4.56778124906122684478759765625">
        <ele>827</ele>
        <time>2025-09-28T09:14:52.000Z</time>
        <extensions>
          <ns3:TrackPointExtension>
            <ns3:hr>124</ns3:hr>
            <ns3:cad>57</ns3:cad>
          </ns3:TrackPointExtension>
        </extensions>
      </trkpt>
      <trkpt lat="42.3229718394577503204345703125" lon="-4.567872695624828338623046875">
        <ele>827.20001220703125</ele>
        <time>2025-09-28T09:14:58.000Z</time>
        <extensions>
          <ns3:TrackPointExtension>
            <ns3:hr>123</ns3:hr>
            <ns3:cad>57</ns3:cad>
          </ns3:TrackPointExtension>
        </extensions>
      </trkpt>
      <trkpt lat="42.32299841009080410003662109375" lon="-4.56793136894702911376953125">
        <ele>827.20001220703125</ele>
        <time>2025-09-28T09:15:02.000Z</time>
        <extensions>
          <ns3:TrackPointExtension>
            <ns3:hr>122</ns3:hr>
            <ns3:cad>113</ns3:cad>
          </ns3:TrackPointExtension>
        </extensions>
      </trkpt>
      <trkpt lat="42.3230419121682643890380859375" lon="-4.5680272579193115234375">
        <ele>827.4000244140625</ele>
        <time>2025-09-28T09:15:09.000Z</time>
        <extensions>
          <ns3:TrackPointExtension>
            <ns3:hr>122</ns3:hr>
            <ns3:cad>57</ns3:cad>
          </ns3:TrackPointExtension>
        </extensions>
      </trkpt>
      <trkpt lat="42.323122210800647735595703125" lon="-4.56821241416037082672119140625">
        <ele>827.4000244140625</ele>
        <time>2025-09-28T09:15:22.000Z</time>
        <extensions>
          <ns3:TrackPointExtension>
            <ns3:hr>122</ns3:hr>
            <ns3:cad>57</ns3:cad>
          </ns3:TrackPointExtension>
        </extensions>
      </trkpt>
      <trkpt lat="42.32317619025707244873046875" lon="-4.56835205666720867156982421875">
        <ele>827.79998779296875</ele>
        <time>2025-09-28T09:15:32.000Z</time>
        <extensions>
          <ns3:TrackPointExtension>
            <ns3:hr>120</ns3:hr>
            <ns3:cad>57</ns3:cad>
          </ns3:TrackPointExtension>
        </extensions>
      </trkpt>
      <trkpt lat="42.32320175506174564361572265625" lon="-4.56840871833264827728271484375">
        <ele>828.20001220703125</ele>
        <time>2025-09-28T09:15:36.000Z</time>
        <extensions>
          <ns3:TrackPointExtension>
            <ns3:hr>119</ns3:hr>
            <ns3:cad>57</ns3:cad>
          </ns3:TrackPointExtension>
        </extensions>
      </trkpt>
      <trkpt lat="42.323249280452728271484375" lon="-4.5685095526278018951416015625">
        <ele>828</ele>
        <time>2025-09-28T09:15:43.000Z</time>
        <extensions>
          <ns3:TrackPointExtension>
            <ns3:hr>118</ns3:hr>
            <ns3:cad>56</ns3:cad>
          </ns3:TrackPointExtension>
        </extensions>
      </trkpt>
      <trkpt lat="42.32331323437392711639404296875" lon="-4.568680711090564727783203125">
        <ele>828.20001220703125</ele>
        <time>2025-09-28T09:15:55.000Z</time>
        <extensions>
          <ns3:TrackPointExtension>
            <ns3:hr>117</ns3:hr>
            <ns3:cad>57</ns3:cad>
          </ns3:TrackPointExtension>
        </extensions>
      </trkpt>
      <trkpt lat="42.32334927655756473541259765625" lon="-4.56876679323613643646240234375">
        <ele>828.20001220703125</ele>
        <time>2025-09-28T09:16:01.000Z</time>
        <extensions>
          <ns3:TrackPointExtension>
            <ns3:hr>120</ns3:hr>
            <ns3:cad>57</ns3:cad>
          </ns3:TrackPointExtension>
        </extensions>
      </trkpt>
      <trkpt lat="42.32338272035121917724609375" lon="-4.5688413083553314208984375">
        <ele>828.4000244140625</ele>
        <time>2025-09-28T09:16:06.000Z</time>
        <extensions>
          <ns3:TrackPointExtension>
            <ns3:hr>121</ns3:hr>
            <ns3:cad>57</ns3:cad>
          </ns3:TrackPointExtension>
        </extensions>
      </trkpt>
      <trkpt lat="42.3234462551772594451904296875" lon="-4.5690003968775272369384765625">
        <ele>828.5999755859375</ele>
        <time>2025-09-28T09:16:18.000Z</time>
        <extensions>
          <ns3:TrackPointExtension>
            <ns3:hr>119</ns3:hr>
            <ns3:cad>56</ns3:cad>
          </ns3:TrackPointExtension>
        </extensions>
      </trkpt>
      <trkpt lat="42.32349411584436893463134765625" lon="-4.56910961307585239410400390625">
        <ele>828.4000244140625</ele>
        <time>2025-09-28T09:16:26.000Z</time>
        <extensions>
          <ns3:TrackPointExtension>
            <ns3:hr>117</ns3:hr>
            <ns3:cad>56</ns3:cad>
          </ns3:TrackPointExtension>
        </extensions>
      </trkpt>
      <trkpt lat="42.32352831400930881500244140625" lon="-4.569183290004730224609375">
        <ele>828.79998779296875</ele>
        <time>2025-09-28T09:16:33.000Z</time>
        <extensions>
          <ns3:TrackPointExtension>
            <ns3:hr>121</ns3:hr>
            <ns3:cad>55</ns3:cad>
          </ns3:TrackPointExtension>
        </extensions>
      </trkpt>
      <trkpt lat="42.32355513609945774078369140625" lon="-4.5692528598010540008544921875">
        <ele>828.4000244140625</ele>
        <time>2025-09-28T09:16:38.000Z</time>
        <extensions>
          <ns3:TrackPointExtension>
            <ns3:hr>120</ns3:hr>
            <ns3:cad>54</ns3:cad>
          </ns3:TrackPointExtension>
        </extensions>
      </trkpt>
      <trkpt lat="42.323568128049373626708984375" lon="-4.56929854117333889007568359375">
        <ele>828.79998779296875</ele>
        <time>2025-09-28T09:16:44.000Z</time>
        <extensions>
          <ns3:TrackPointExtension>
            <ns3:hr>121</ns3:hr>
            <ns3:cad>0</ns3:cad>
          </ns3:TrackPointExtension>
        </extensions>
      </trkpt>
      <trkpt lat="42.32358883135020732879638671875" lon="-4.5693564601242542266845703125">
        <ele>828.5999755859375</ele>
        <time>2025-09-28T09:16:49.000Z</time>
        <extensions>
          <ns3:TrackPointExtension>
            <ns3:hr>121</ns3:hr>
            <ns3:cad>0</ns3:cad>
          </ns3:TrackPointExtension>
        </extensions>
      </trkpt>
      <trkpt lat="42.32361766509711742401123046875" lon="-4.5694111101329326629638671875">
        <ele>829</ele>
        <time>2025-09-28T09:16:56.000Z</time>
        <extensions>
          <ns3:TrackPointExtension>
            <ns3:hr>121</ns3:hr>
            <ns3:cad>0</ns3:cad>
          </ns3:TrackPointExtension>
        </extensions>
      </trkpt>
      <trkpt lat="42.32361766509711742401123046875" lon="-4.5694111101329326629638671875">
        <ele>829.20001220703125</ele>
        <time>2025-09-28T09:17:06.000Z</time>
        <extensions>
          <ns3:TrackPointExtension>
            <ns3:hr>120</ns3:hr>
            <ns3:cad>0</ns3:cad>
          </ns3:TrackPointExtension>
        </extensions>
      </trkpt>
      <trkpt lat="42.32361766509711742401123046875" lon="-4.5694111101329326629638671875">
        <ele>828.79998779296875</ele>
        <time>2025-09-28T09:17:15.000Z</time>
        <extensions>
          <ns3:TrackPointExtension>
            <ns3:hr>117</ns3:hr>
            <ns3:cad>0</ns3:cad>
          </ns3:TrackPointExtension>
        </extensions>
      </trkpt>
      <trkpt lat="42.32361766509711742401123046875" lon="-4.5694111101329326629638671875">
        <ele>829</ele>
        <time>2025-09-28T09:17:21.000Z</time>
        <extensions>
          <ns3:TrackPointExtension>
            <ns3:hr>116</ns3:hr>
            <ns3:cad>0</ns3:cad>
          </ns3:TrackPointExtension>
        </extensions>
      </trkpt>
      <trkpt lat="42.32361766509711742401123046875" lon="-4.5694111101329326629638671875">
        <ele>828.4000244140625</ele>
        <time>2025-09-28T09:17:33.000Z</time>
        <extensions>
          <ns3:TrackPointExtension>
            <ns3:hr>117</ns3:hr>
            <ns3:cad>0</ns3:cad>
          </ns3:TrackPointExtension>
        </extensions>
      </trkpt>
      <trkpt lat="42.32361766509711742401123046875" lon="-4.5694111101329326629638671875">
        <ele>828.4000244140625</ele>
        <time>2025-09-28T09:17:43.000Z</time>
        <extensions>
          <ns3:TrackPointExtension>
            <ns3:hr>120</ns3:hr>
            <ns3:cad>0</ns3:cad>
          </ns3:TrackPointExtension>
        </extensions>
      </trkpt>
      <trkpt lat="42.32362143695354461669921875" lon="-4.56942158751189708709716796875">
        <ele>828.20001220703125</ele>
        <time>2025-09-28T09:17:45.000Z</time>
        <extensions>
          <ns3:TrackPointExtension>
            <ns3:hr>123</ns3:hr>
            <ns3:cad>0</ns3:cad>
          </ns3:TrackPointExtension>
        </extensions>
      </trkpt>
      <trkpt lat="42.32363392598927021026611328125" lon="-4.5694476552307605743408203125">
        <ele>828.20001220703125</ele>
        <time>2025-09-28T09:17:47.000Z</time>
        <extensions>
          <ns3:TrackPointExtension>
            <ns3:hr>126</ns3:hr>
            <ns3:cad>0</ns3:cad>
          </ns3:TrackPointExtension>
        </extensions>
      </trkpt>
      <trkpt lat="42.32364532537758350372314453125" lon="-4.569477327167987823486328125">
        <ele>828</ele>
        <time>2025-09-28T09:17:49.000Z</time>
        <extensions>
          <ns3:TrackPointExtension>
            <ns3:hr>128</ns3:hr>
            <ns3:cad>51</ns3:cad>
          </ns3:TrackPointExtension>
        </extensions>
      </trkpt>
      <trkpt lat="42.32368455268442630767822265625" lon="-4.56956215202808380126953125">
        <ele>828.20001220703125</ele>
        <time>2025-09-28T09:17:55.000Z</time>
        <extensions>
          <ns3:TrackPointExtension>
            <ns3:hr>131</ns3:hr>
            <ns3:cad>55</ns3:cad>
          </ns3:TrackPointExtension>
        </extensions>
      </trkpt>
      <trkpt lat="42.32369813136756420135498046875" lon="-4.56959090195596218109130859375">
        <ele>828.4000244140625</ele>
        <time>2025-09-28T09:17:57.000Z</time>
        <extensions>
          <ns3:TrackPointExtension>
            <ns3:hr>130</ns3:hr>
            <ns3:cad>55</ns3:cad>
          </ns3:TrackPointExtension>
        </extensions>
      </trkpt>
      <trkpt lat="42.3237252049148082733154296875" lon="-4.56964940764009952545166015625">
        <ele>828.5999755859375</ele>
        <time>2025-09-28T09:18:01.000Z</time>
        <extensions>
          <ns3:TrackPointExtension>
            <ns3:hr>127</ns3:hr>
            <ns3:cad>57</ns3:cad>
          </ns3:TrackPointExtension>
        </extensions>
      </trkpt>
      <trkpt lat="42.32377876527607440948486328125" lon="-4.569757618010044097900390625">
        <ele>828.5999755859375</ele>
        <time>2025-09-28T09:18:09.000Z</time>
        <extensions>
          <ns3:TrackPointExtension>
            <ns3:hr>126</ns3:hr>
            <ns3:cad>56</ns3:cad>
          </ns3:TrackPointExtension>
        </extensions>
      </trkpt>
      <trkpt lat="42.32384380884468555450439453125" lon="-4.5699200592935085296630859375">
        <ele>828.79998779296875</ele>
        <time>2025-09-28T09:18:20.000Z</time>
        <extensions>
          <ns3:TrackPointExtension>
            <ns3:hr>125</ns3:hr>
            <ns3:cad>58</ns3:cad>
          </ns3:TrackPointExtension>
        </extensions>
      </trkpt>
      <trkpt lat="42.32389208860695362091064453125" lon="-4.5700417645275592803955078125">
        <ele>828.79998779296875</ele>
        <time>2025-09-28T09:18:28.000Z</time>
        <extensions>
          <ns3:TrackPointExtension>
            <ns3:hr>128</ns3:hr>
            <ns3:cad>58</ns3:cad>
          </ns3:TrackPointExtension>
        </extensions>
      </trkpt>
      <trkpt lat="42.323940955102443695068359375" lon="-4.5701490528881549835205078125">
        <ele>828.79998779296875</ele>
        <time>2025-09-28T09:18:35.000Z</time>
        <extensions>
          <ns3:TrackPointExtension>
            <ns3:hr>127</ns3:hr>
            <ns3:cad>57</ns3:cad>
          </ns3:TrackPointExtension>
        </extensions>
      </trkpt>
      <trkpt lat="42.32399216853082180023193359375" lon="-4.5702628791332244873046875">
        <ele>829</ele>
        <time>2025-09-28T09:18:43.000Z</time>
        <extensions>
          <ns3:TrackPointExtension>
            <ns3:hr>126</ns3:hr>
            <ns3:cad>58</ns3:cad>
          </ns3:TrackPointExtension>
        </extensions>
      </trkpt>
      <trkpt lat="42.324057631194591522216796875" lon="-4.5703971572220325469970703125">
        <ele>829</ele>
        <time>2025-09-28T09:18:53.000Z</time>
        <extensions>
          <ns3:TrackPointExtension>
            <ns3:hr>127</ns3:hr>
            <ns3:cad>60</ns3:cad>
          </ns3:TrackPointExtension>
        </extensions>
      </trkpt>
      <trkpt lat="42.324120998382568359375" lon="-4.5705373026430606842041015625">
        <ele>829</ele>
        <time>2025-09-28T09:19:02.000Z</time>
        <extensions>
          <ns3:TrackPointExtension>
            <ns3:hr>127</ns3:hr>
            <ns3:cad>58</ns3:cad>
          </ns3:TrackPointExtension>
        </extensions>
      </trkpt>
      <trkpt lat="42.3241778276860713958740234375" lon="-4.57068775780498981475830078125">
        <ele>829.20001220703125</ele>
        <time>2025-09-28T09:19:12.000Z</time>
        <extensions>
          <ns3:TrackPointExtension>
            <ns3:hr>124</ns3:hr>
            <ns3:cad>59</ns3:cad>
          </ns3:TrackPointExtension>
        </extensions>
      </trkpt>
      <trkpt lat="42.32421152293682098388671875" lon="-4.57074492238461971282958984375">
        <ele>829.20001220703125</ele>
        <time>2025-09-28T09:19:16.000Z</time>
        <extensions>
          <ns3:TrackPointExtension>
            <ns3:hr>121</ns3:hr>
            <ns3:cad>58</ns3:cad>
          </ns3:TrackPointExtension>
        </extensions>
      </trkpt>
      <trkpt lat="42.3242539353668689727783203125" lon="-4.57083083689212799072265625">
        <ele>829.20001220703125</ele>
        <time>2025-09-28T09:19:22.000Z</time>
        <extensions>
          <ns3:TrackPointExtension>
            <ns3:hr>121</ns3:hr>
            <ns3:cad>58</ns3:cad>
          </ns3:TrackPointExtension>
        </extensions>
      </trkpt>
      <trkpt lat="42.32426541857421398162841796875" lon="-4.5708601735532283782958984375">
        <ele>829.4000244140625</ele>
        <time>2025-09-28T09:19:24.000Z</time>
        <extensions>
          <ns3:TrackPointExtension>
            <ns3:hr>121</ns3:hr>
            <ns3:cad>58</ns3:cad>
          </ns3:TrackPointExtension>
        </extensions>
      </trkpt>
      <trkpt lat="42.32433012686669826507568359375" lon="-4.5709989778697490692138671875">
        <ele>829</ele>
        <time>2025-09-28T09:19:34.000Z</time>
        <extensions>
          <ns3:TrackPointExtension>
            <ns3:hr>122</ns3:hr>
            <ns3:cad>59</ns3:cad>
          </ns3:TrackPointExtension>
        </extensions>
      </trkpt>
      <trkpt lat="42.3243890516459941864013671875" lon="-4.571102075278759002685546875">
        <ele>828.5999755859375</ele>
        <time>2025-09-28T09:19:42.000Z</time>
        <extensions>
          <ns3:TrackPointExtension>
            <ns3:hr>123</ns3:hr>
            <ns3:cad>59</ns3:cad>
          </ns3:TrackPointExtension>
        </extensions>
      </trkpt>
      <trkpt lat="42.32441813684999942779541015625" lon="-4.57115580327808856964111328125">
        <ele>828.4000244140625</ele>
        <time>2025-09-28T09:19:46.000Z</time>
        <extensions>
          <ns3:TrackPointExtension>
            <ns3:hr>120</ns3:hr>
            <ns3:cad>57</ns3:cad>
          </ns3:TrackPointExtension>
        </extensions>
      </trkpt>
      <trkpt lat="42.32443925924599170684814453125" lon="-4.57120106555521488189697265625">
        <ele>828.4000244140625</ele>
        <time>2025-09-28T09:19:49.000Z</time>
        <extensions>
          <ns3:TrackPointExtension>
            <ns3:hr>117</ns3:hr>
            <ns3:cad>58</ns3:cad>
          </ns3:TrackPointExtension>
        </extensions>
      </trkpt>
      <trkpt lat="42.324444539844989776611328125" lon="-4.57121573388576507568359375">
        <ele>828.4000244140625</ele>
        <time>2025-09-28T09:19:50.000Z</time>
        <extensions>
          <ns3:TrackPointExtension>
            <ns3:hr>116</ns3:hr>
            <ns3:cad>58</ns3:cad>
          </ns3:TrackPointExtension>
        </extensions>
      </trkpt>
      <trkpt lat="42.324456274509429931640625" lon="-4.57124314270913600921630859375">
        <ele>828.20001220703125</ele>
        <time>2025-09-28T09:19:52.000Z</time>
        <extensions>
          <ns3:TrackPointExtension>
            <ns3:hr>115</ns3:hr>
            <ns3:cad>60</ns3:cad>
          </ns3:TrackPointExtension>
        </extensions>
      </trkpt>
      <trkpt lat="42.3245094157755374908447265625" lon="-4.57134984433650970458984375">
        <ele>828</ele>
        <time>2025-09-28T09:19:59.000Z</time>
        <extensions>
          <ns3:TrackPointExtension>
            <ns3:hr>114</ns3:hr>
            <ns3:cad>58</ns3:cad>
          </ns3:TrackPointExtension>
        </extensions>
      </trkpt>
      <trkpt lat="42.324557863175868988037109375" lon="-4.57143441773951053619384765625">
        <ele>827.5999755859375</ele>
        <time>2025-09-28T09:20:06.000Z</time>
        <extensions>
          <ns3:TrackPointExtension>
            <ns3:hr>111</ns3:hr>
            <ns3:cad>57</ns3:cad>
          </ns3:TrackPointExtension>
        </extensions>
      </trkpt>
      <trkpt lat="42.324598096311092376708984375" lon="-4.57150943577289581298828125">
        <ele>827.5999755859375</ele>
        <time>2025-09-28T09:20:11.000Z</time>
        <extensions>
          <ns3:TrackPointExtension>
            <ns3:hr>112</ns3:hr>
            <ns3:cad>57</ns3:cad>
          </ns3:TrackPointExtension>
        </extensions>
      </trkpt>
      <trkpt lat="42.32467043213546276092529296875" lon="-4.571647234261035919189453125">
        <ele>827.5999755859375</ele>
        <time>2025-09-28T09:20:21.000Z</time>
        <extensions>
          <ns3:TrackPointExtension>
            <ns3:hr>113</ns3:hr>
            <ns3:cad>60</ns3:cad>
          </ns3:TrackPointExtension>
        </extensions>
      </trkpt>
      <trkpt lat="42.32473698444664478302001953125" lon="-4.57177941687405109405517578125">
        <ele>827.5999755859375</ele>
        <time>2025-09-28T09:20:30.000Z</time>
        <extensions>
          <ns3:TrackPointExtension>
            <ns3:hr>112</ns3:hr>
            <ns3:cad>59</ns3:cad>
          </ns3:TrackPointExtension>
        </extensions>
      </trkpt>
      <trkpt lat="42.32478006742894649505615234375" lon="-4.57185544073581695556640625">
        <ele>827.4000244140625</ele>
        <time>2025-09-28T09:20:36.000Z</time>
        <extensions>
          <ns3:TrackPointExtension>
            <ns3:hr>109</ns3:hr>
            <ns3:cad>59</ns3:cad>
          </ns3:TrackPointExtension>
        </extensions>
      </trkpt>
      <trkpt lat="42.32480403967201709747314453125" lon="-4.57189709879457950592041015625">
        <ele>827.5999755859375</ele>
        <time>2025-09-28T09:20:39.000Z</time>
        <extensions>
          <ns3:TrackPointExtension>
            <ns3:hr>109</ns3:hr>
            <ns3:cad>60</ns3:cad>
          </ns3:TrackPointExtension>
        </extensions>
      </trkpt>
      <trkpt lat="42.32483220286667346954345703125" lon="-4.5719504915177822113037109375">
        <ele>827.20001220703125</ele>
        <time>2025-09-28T09:20:43.000Z</time>
        <extensions>
          <ns3:TrackPointExtension>
            <ns3:hr>109</ns3:hr>
            <ns3:cad>60</ns3:cad>
          </ns3:TrackPointExtension>
        </extensions>
      </trkpt>
      <trkpt lat="42.32488500885665416717529296875" lon="-4.57206138409674167633056640625">
        <ele>827.4000244140625</ele>
        <time>2025-09-28T09:20:50.000Z</time>
        <extensions>
          <ns3:TrackPointExtension>
            <ns3:hr>108</ns3:hr>
            <ns3:cad>59</ns3:cad>
          </ns3:TrackPointExtension>
        </extensions>
      </trkpt>
      <trkpt lat="42.32493714429438114166259765625" lon="-4.57216246984899044036865234375">
        <ele>827.5999755859375</ele>
        <time>2025-09-28T09:20:58.000Z</time>
        <extensions>
          <ns3:TrackPointExtension>
            <ns3:hr>109</ns3:hr>
            <ns3:cad>57</ns3:cad>
          </ns3:TrackPointExtension>
        </extensions>
      </trkpt>
      <trkpt lat="42.32500134967267513275146484375" lon="-4.5722723565995693206787109375">
        <ele>826.79998779296875</ele>
        <time>2025-09-28T09:21:06.000Z</time>
        <extensions>
          <ns3:TrackPointExtension>
            <ns3:hr>109</ns3:hr>
            <ns3:cad>57</ns3:cad>
          </ns3:TrackPointExtension>
        </extensions>
      </trkpt>
      <trkpt lat="42.32506739906966686248779296875" lon="-4.5724064670503139495849609375">
        <ele>827.5999755859375</ele>
        <time>2025-09-28T09:21:16.000Z</time>
        <extensions>
          <ns3:TrackPointExtension>
            <ns3:hr>108</ns3:hr>
            <ns3:cad>59</ns3:cad>
          </ns3:TrackPointExtension>
        </extensions>
      </trkpt>
      <trkpt lat="42.3251290060579776763916015625" lon="-4.57253077067434787750244140625">
        <ele>826.79998779296875</ele>
        <time>2025-09-28T09:21:25.000Z</time>
        <extensions>
          <ns3:TrackPointExtension>
            <ns3:hr>111</ns3:hr>
            <ns3:cad>58</ns3:cad>
          </ns3:TrackPointExtension>
        </extensions>
      </trkpt>
      <trkpt lat="42.32513395138084888458251953125" lon="-4.57254342734813690185546875">
        <ele>826.79998779296875</ele>
        <time>2025-09-28T09:21:26.000Z</time>
        <extensions>
          <ns3:TrackPointExtension>
            <ns3:hr>113</ns3:hr>
            <ns3:cad>0</ns3:cad>
          </ns3:TrackPointExtension>
        </extensions>
      </trkpt>
      <trkpt lat="42.32514099217951297760009765625" lon="-4.57255725748836994171142578125">
        <ele>826.79998779296875</ele>
        <time>2025-09-28T09:21:27.000Z</time>
        <extensions>
          <ns3:TrackPointExtension>
            <ns3:hr>117</ns3:hr>
            <ns3:cad>0</ns3:cad>
          </ns3:TrackPointExtension>
        </extensions>
      </trkpt>
      <trkpt lat="42.32521190308034420013427734375" lon="-4.5726795494556427001953125">
        <ele>826.79998779296875</ele>
        <time>2025-09-28T09:21:36.000Z</time>
        <extensions>
          <ns3:TrackPointExtension>
            <ns3:hr>118</ns3:hr>
            <ns3:cad>57</ns3:cad>
          </ns3:TrackPointExtension>
        </extensions>
      </trkpt>
      <trkpt lat="42.32527208514511585235595703125" lon="-4.57279622554779052734375">
        <ele>826.4000244140625</ele>
        <time>2025-09-28T09:21:45.000Z</time>
        <extensions>
          <ns3:TrackPointExtension>
            <ns3:hr>119</ns3:hr>
            <ns3:cad>58</ns3:cad>
          </ns3:TrackPointExtension>
        </extensions>
      </trkpt>
      <trkpt lat="42.325322628021240234375" lon="-4.57289521582424640655517578125">
        <ele>826.5999755859375</ele>
        <time>2025-09-28T09:21:52.000Z</time>
        <extensions>
          <ns3:TrackPointExtension>
            <ns3:hr>116</ns3:hr>
            <ns3:cad>59</ns3:cad>
          </ns3:TrackPointExtension>
        </extensions>
      </trkpt>
      <trkpt lat="42.32533805072307586669921875" lon="-4.57292740233242511749267578125">
        <ele>826.5999755859375</ele>
        <time>2025-09-28T09:21:54.000Z</time>
        <extensions>
          <ns3:TrackPointExtension>
            <ns3:hr>115</ns3:hr>
            <ns3:cad>59</ns3:cad>
          </ns3:TrackPointExtension>
        </extensions>
      </trkpt>
      <trkpt lat="42.32541273348033428192138671875" lon="-4.57306704483926296234130859375">
        <ele>827.20001220703125</ele>
        <time>2025-09-28T09:22:04.000Z</time>
        <extensions>
          <ns3:TrackPointExtension>
            <ns3:hr>115</ns3:hr>
            <ns3:cad>57</ns3:cad>
          </ns3:TrackPointExtension>
        </extensions>
      </trkpt>
      <trkpt lat="42.325455732643604278564453125" lon="-4.5731516182422637939453125">
        <ele>827.20001220703125</ele>
        <time>2025-09-28T09:22:10.000Z</time>
        <extensions>
          <ns3:TrackPointExtension>
            <ns3:hr>118</ns3:hr>
            <ns3:cad>59</ns3:cad>
          </ns3:TrackPointExtension>
        </extensions>
      </trkpt>
      <trkpt lat="42.32548817060887813568115234375" lon="-4.57321800291538238525390625">
        <ele>827.4000244140625</ele>
        <time>2025-09-28T09:22:15.000Z</time>
        <extensions>
          <ns3:TrackPointExtension>
            <ns3:hr>119</ns3:hr>
            <ns3:cad>58</ns3:cad>
          </ns3:TrackPointExtension>
        </extensions>
      </trkpt>
      <trkpt lat="42.32556469738483428955078125" lon="-4.573355801403522491455078125">
        <ele>827.4000244140625</ele>
        <time>2025-09-28T09:22:25.000Z</time>
        <extensions>
          <ns3:TrackPointExtension>
            <ns3:hr>120</ns3:hr>
            <ns3:cad>57</ns3:cad>
          </ns3:TrackPointExtension>
        </extensions>
      </trkpt>
      <trkpt lat="42.3255973868072032928466796875" lon="-4.57344037480652332305908203125">
        <ele>827.4000244140625</ele>
        <time>2025-09-28T09:22:31.000Z</time>
        <extensions>
          <ns3:TrackPointExtension>
            <ns3:hr>116</ns3:hr>
            <ns3:cad>59</ns3:cad>
          </ns3:TrackPointExtension>
        </extensions>
      </trkpt>
      <trkpt lat="42.32563133351504802703857421875" lon="-4.57350927405059337615966796875">
        <ele>827.79998779296875</ele>
        <time>2025-09-28T09:22:36.000Z</time>
        <extensions>
          <ns3:TrackPointExtension>
            <ns3:hr>116</ns3:hr>
            <ns3:cad>57</ns3:cad>
          </ns3:TrackPointExtension>
        </extensions>
      </trkpt>
      <trkpt lat="42.32570878230035305023193359375" lon="-4.5736510120332241058349609375">
        <ele>828.20001220703125</ele>
        <time>2025-09-28T09:22:46.000Z</time>
        <extensions>
          <ns3:TrackPointExtension>
            <ns3:hr>116</ns3:hr>
            <ns3:cad>59</ns3:cad>
          </ns3:TrackPointExtension>
        </extensions>
      </trkpt>
      <trkpt lat="42.32576586306095123291015625" lon="-4.5737710408866405487060546875">
        <ele>827.5999755859375</ele>
        <time>2025-09-28T09:22:55.000Z</time>
        <extensions>
          <ns3:TrackPointExtension>
            <ns3:hr>116</ns3:hr>
            <ns3:cad>57</ns3:cad>
          </ns3:TrackPointExtension>
        </extensions>
      </trkpt>
      <trkpt lat="42.3258223570883274078369140625" lon="-4.5738930813968181610107421875">
        <ele>828.20001220703125</ele>
        <time>2025-09-28T09:23:03.000Z</time>
        <extensions>
          <ns3:TrackPointExtension>
            <ns3:hr>116</ns3:hr>
            <ns3:cad>57</ns3:cad>
          </ns3:TrackPointExtension>
        </extensions>
      </trkpt>
      <trkpt lat="42.32586669735610485076904296875" lon="-4.57398000173270702362060546875">
        <ele>828.20001220703125</ele>
        <time>2025-09-28T09:23:09.000Z</time>
        <extensions>
          <ns3:TrackPointExtension>
            <ns3:hr>117</ns3:hr>
            <ns3:cad>57</ns3:cad>
          </ns3:TrackPointExtension>
        </extensions>
      </trkpt>
      <trkpt lat="42.32594154775142669677734375" lon="-4.57411930896341800689697265625">
        <ele>827.20001220703125</ele>
        <time>2025-09-28T09:23:19.000Z</time>
        <extensions>
          <ns3:TrackPointExtension>
            <ns3:hr>119</ns3:hr>
            <ns3:cad>57</ns3:cad>
          </ns3:TrackPointExtension>
        </extensions>
      </trkpt>
      <trkpt lat="42.325954623520374298095703125" lon="-4.57414604723453521728515625">
        <ele>827</ele>
        <time>2025-09-28T09:23:21.000Z</time>
        <extensions>
          <ns3:TrackPointExtension>
            <ns3:hr>118</ns3:hr>
            <ns3:cad>58</ns3:cad>
          </ns3:TrackPointExtension>
        </extensions>
      </trkpt>
      <trkpt lat="42.3260295577347278594970703125" lon="-4.57430153153836727142333984375">
        <ele>827.20001220703125</ele>
        <time>2025-09-28T09:23:32.000Z</time>
        <extensions>
          <ns3:TrackPointExtension>
            <ns3:hr>119</ns3:hr>
            <ns3:cad>0</ns3:cad>
          </ns3:TrackPointExtension>
        </extensions>
      </trkpt>
      <trkpt lat="42.3261076770722866058349609375" lon="-4.57446162588894367218017578125">
        <ele>827.5999755859375</ele>
        <time>2025-09-28T09:23:44.000Z</time>
        <extensions>
          <ns3:TrackPointExtension>
            <ns3:hr>120</ns3:hr>
            <ns3:cad>57</ns3:cad>
          </ns3:TrackPointExtension>
        </extensions>
      </trkpt>
      <trkpt lat="42.32612368650734424591064453125" lon="-4.57448107190430164337158203125">
        <ele>828.20001220703125</ele>
        <time>2025-09-28T09:23:49.000Z</time>
        <extensions>
          <ns3:TrackPointExtension>
            <ns3:hr>121</ns3:hr>
            <ns3:cad>0</ns3:cad>
          </ns3:TrackPointExtension>
        </extensions>
      </trkpt>
      <trkpt lat="42.32612418942153453826904296875" lon="-4.5744831673800945281982421875">
        <ele>828.20001220703125</ele>
        <time>2025-09-28T09:23:51.000Z</time>
        <extensions>
          <ns3:TrackPointExtension>
            <ns3:hr>120</ns3:hr>
            <ns3:cad>0</ns3:cad>
          </ns3:TrackPointExtension>
        </extensions>
      </trkpt>
      <trkpt lat="42.32612418942153453826904296875" lon="-4.5744831673800945281982421875">
        <ele>828.20001220703125</ele>
        <time>2025-09-28T09:23:55.000Z</time>
        <extensions>
          <ns3:TrackPointExtension>
            <ns3:hr>117</ns3:hr>
            <ns3:cad>0</ns3:cad>
          </ns3:TrackPointExtension>
        </extensions>
      </trkpt>
      <trkpt lat="42.32613307423889636993408203125" lon="-4.57449473440647125244140625">
        <ele>828</ele>
        <time>2025-09-28T09:23:58.000Z</time>
        <extensions>
          <ns3:TrackPointExtension>
            <ns3:hr>114</ns3:hr>
            <ns3:cad>0</ns3:cad>
          </ns3:TrackPointExtension>
        </extensions>
      </trkpt>
      <trkpt lat="42.32614866457879543304443359375" lon="-4.5745213888585567474365234375">
        <ele>827.79998779296875</ele>
        <time>2025-09-28T09:24:00.000Z</time>
        <extensions>
          <ns3:TrackPointExtension>
            <ns3:hr>112</ns3:hr>
            <ns3:cad>0</ns3:cad>
          </ns3:TrackPointExtension>
        </extensions>
      </trkpt>
      <trkpt lat="42.32623122632503509521484375" lon="-4.5746779628098011016845703125">
        <ele>827.5999755859375</ele>
        <time>2025-09-28T09:24:11.000Z</time>
        <extensions>
          <ns3:TrackPointExtension>
            <ns3:hr>112</ns3:hr>
            <ns3:cad>57</ns3:cad>
          </ns3:TrackPointExtension>
        </extensions>
      </trkpt>
      <trkpt lat="42.32628218829631805419921875" lon="-4.57478550262749195098876953125">
        <ele>827.5999755859375</ele>
        <time>2025-09-28T09:24:19.000Z</time>
        <extensions>
          <ns3:TrackPointExtension>
            <ns3:hr>113</ns3:hr>
            <ns3:cad>57</ns3:cad>
          </ns3:TrackPointExtension>
        </extensions>
      </trkpt>
      <trkpt lat="42.3263675160706043243408203125" lon="-4.5749488659203052520751953125">
        <ele>827.79998779296875</ele>
        <time>2025-09-28T09:24:31.000Z</time>
        <extensions>
          <ns3:TrackPointExtension>
            <ns3:hr>114</ns3:hr>
            <ns3:cad>58</ns3:cad>
          </ns3:TrackPointExtension>
        </extensions>
      </trkpt>
      <trkpt lat="42.32640565373003482818603515625" lon="-4.575020112097263336181640625">
        <ele>827.79998779296875</ele>
        <time>2025-09-28T09:24:36.000Z</time>
        <extensions>
          <ns3:TrackPointExtension>
            <ns3:hr>117</ns3:hr>
            <ns3:cad>57</ns3:cad>
          </ns3:TrackPointExtension>
        </extensions>
      </trkpt>
      <trkpt lat="42.32644353993237018585205078125" lon="-4.57509823143482208251953125">
        <ele>828</ele>
        <time>2025-09-28T09:24:42.000Z</time>
        <extensions>
          <ns3:TrackPointExtension>
            <ns3:hr>118</ns3:hr>
            <ns3:cad>56</ns3:cad>
          </ns3:TrackPointExtension>
        </extensions>
      </trkpt>
      <trkpt lat="42.32651864178478717803955078125" lon="-4.57525103352963924407958984375">
        <ele>828.4000244140625</ele>
        <time>2025-09-28T09:24:52.000Z</time>
        <extensions>
          <ns3:TrackPointExtension>
            <ns3:hr>119</ns3:hr>
            <ns3:cad>58</ns3:cad>
          </ns3:TrackPointExtension>
        </extensions>
      </trkpt>
      <trkpt lat="42.32656574808061122894287109375" lon="-4.57533870823681354522705078125">
        <ele>828.20001220703125</ele>
        <time>2025-09-28T09:24:58.000Z</time>
        <extensions>
          <ns3:TrackPointExtension>
            <ns3:hr>122</ns3:hr>
            <ns3:cad>57</ns3:cad>
          </ns3:TrackPointExtension>
        </extensions>
      </trkpt>
      <trkpt lat="42.3266092501580715179443359375" lon="-4.575426466763019561767578125">
        <ele>828.4000244140625</ele>
        <time>2025-09-28T09:25:04.000Z</time>
        <extensions>
          <ns3:TrackPointExtension>
            <ns3:hr>122</ns3:hr>
            <ns3:cad>58</ns3:cad>
          </ns3:TrackPointExtension>
        </extensions>
      </trkpt>
      <trkpt lat="42.3266758024692535400390625" lon="-4.5755523629486560821533203125">
        <ele>828.79998779296875</ele>
        <time>2025-09-28T09:25:13.000Z</time>
        <extensions>
          <ns3:TrackPointExtension>
            <ns3:hr>121</ns3:hr>
            <ns3:cad>57</ns3:cad>
          </ns3:TrackPointExtension>
        </extensions>
      </trkpt>
      <trkpt lat="42.3267262615263462066650390625" lon="-4.57566107623279094696044921875">
        <ele>828.79998779296875</ele>
        <time>2025-09-28T09:25:21.000Z</time>
        <extensions>
          <ns3:TrackPointExtension>
            <ns3:hr>120</ns3:hr>
            <ns3:cad>58</ns3:cad>
          </ns3:TrackPointExtension>
        </extensions>
      </trkpt>
      <trkpt lat="42.3268124274909496307373046875" lon="-4.57583173178136348724365234375">
        <ele>828.79998779296875</ele>
        <time>2025-09-28T09:25:33.000Z</time>
        <extensions>
          <ns3:TrackPointExtension>
            <ns3:hr>119</ns3:hr>
            <ns3:cad>58</ns3:cad>
          </ns3:TrackPointExtension>
        </extensions>
      </trkpt>
      <trkpt lat="42.32688568532466888427734375" lon="-4.57596885971724987030029296875">
        <ele>829</ele>
        <time>2025-09-28T09:25:43.000Z</time>
        <extensions>
          <ns3:TrackPointExtension>
            <ns3:hr>118</ns3:hr>
            <ns3:cad>57</ns3:cad>
          </ns3:TrackPointExtension>
        </extensions>
      </trkpt>
      <trkpt lat="42.32695030979812145233154296875" lon="-4.5760971866548061370849609375">
        <ele>829.20001220703125</ele>
        <time>2025-09-28T09:25:52.000Z</time>
        <extensions>
          <ns3:TrackPointExtension>
            <ns3:hr>117</ns3:hr>
            <ns3:cad>58</ns3:cad>
          </ns3:TrackPointExtension>
        </extensions>
      </trkpt>
      <trkpt lat="42.32695701532065868377685546875" lon="-4.576111100614070892333984375">
        <ele>829.20001220703125</ele>
        <time>2025-09-28T09:25:53.000Z</time>
        <extensions>
          <ns3:TrackPointExtension>
            <ns3:hr>117</ns3:hr>
            <ns3:cad>57</ns3:cad>
          </ns3:TrackPointExtension>
        </extensions>
      </trkpt>
      <trkpt lat="42.3270015232264995574951171875" lon="-4.57620196044445037841796875">
        <ele>829.5999755859375</ele>
        <time>2025-09-28T09:26:00.000Z</time>
        <extensions>
          <ns3:TrackPointExtension>
            <ns3:hr>114</ns3:hr>
            <ns3:cad>56</ns3:cad>
          </ns3:TrackPointExtension>
        </extensions>
      </trkpt>
      <trkpt lat="42.3270246572792530059814453125" lon="-4.5762415230274200439453125">
        <ele>829.5999755859375</ele>
        <time>2025-09-28T09:26:03.000Z</time>
        <extensions>
          <ns3:TrackPointExtension>
            <ns3:hr>111</ns3:hr>
            <ns3:cad>57</ns3:cad>
          </ns3:TrackPointExtension>
        </extensions>
      </trkpt>
      <trkpt lat="42.32703865505754947662353515625" lon="-4.5762656629085540771484375">
        <ele>829.5999755859375</ele>
        <time>2025-09-28T09:26:05.000Z</time>
        <extensions>
          <ns3:TrackPointExtension>
            <ns3:hr>111</ns3:hr>
            <ns3:cad>57</ns3:cad>
          </ns3:TrackPointExtension>
        </extensions>
      </trkpt>
      <trkpt lat="42.3271205462515354156494140625" lon="-4.5764230750501155853271484375">
        <ele>829.20001220703125</ele>
        <time>2025-09-28T09:26:16.000Z</time>
        <extensions>
          <ns3:TrackPointExtension>
            <ns3:hr>112</ns3:hr>
            <ns3:cad>56</ns3:cad>
          </ns3:TrackPointExtension>
        </extensions>
      </trkpt>
      <trkpt lat="42.3272202908992767333984375" lon="-4.57659314386546611785888671875">
        <ele>829.4000244140625</ele>
        <time>2025-09-28T09:26:29.000Z</time>
        <extensions>
          <ns3:TrackPointExtension>
            <ns3:hr>114</ns3:hr>
            <ns3:cad>58</ns3:cad>
          </ns3:TrackPointExtension>
        </extensions>
      </trkpt>
      <trkpt lat="42.32732028700411319732666015625" lon="-4.57680143415927886962890625">
        <ele>829.4000244140625</ele>
        <time>2025-09-28T09:26:44.000Z</time>
        <extensions>
          <ns3:TrackPointExtension>
            <ns3:hr>114</ns3:hr>
            <ns3:cad>58</ns3:cad>
          </ns3:TrackPointExtension>
        </extensions>
      </trkpt>
      <trkpt lat="42.32740360312163829803466796875" lon="-4.57694803364574909210205078125">
        <ele>829.4000244140625</ele>
        <time>2025-09-28T09:26:55.000Z</time>
        <extensions>
          <ns3:TrackPointExtension>
            <ns3:hr>114</ns3:hr>
            <ns3:cad>57</ns3:cad>
          </ns3:TrackPointExtension>
        </extensions>
      </trkpt>
      <trkpt lat="42.3274772800505161285400390625" lon="-4.5771010033786296844482421875">
        <ele>829.4000244140625</ele>
        <time>2025-09-28T09:27:06.000Z</time>
        <extensions>
          <ns3:TrackPointExtension>
            <ns3:hr>114</ns3:hr>
            <ns3:cad>58</ns3:cad>
          </ns3:TrackPointExtension>
        </extensions>
      </trkpt>
      <trkpt lat="42.32753167860209941864013671875" lon="-4.57720376551151275634765625">
        <ele>829.79998779296875</ele>
        <time>2025-09-28T09:27:13.000Z</time>
        <extensions>
          <ns3:TrackPointExtension>
            <ns3:hr>117</ns3:hr>
            <ns3:cad>58</ns3:cad>
          </ns3:TrackPointExtension>
        </extensions>
      </trkpt>
      <trkpt lat="42.3275664635002613067626953125" lon="-4.57725782878696918487548828125">
        <ele>830</ele>
        <time>2025-09-28T09:27:17.000Z</time>
        <extensions>
          <ns3:TrackPointExtension>
            <ns3:hr>117</ns3:hr>
            <ns3:cad>59</ns3:cad>
          </ns3:TrackPointExtension>
        </extensions>
      </trkpt>
      <trkpt lat="42.32762455008924007415771484375" lon="-4.57736964337527751922607421875">
        <ele>829.5999755859375</ele>
        <time>2025-09-28T09:27:25.000Z</time>
        <extensions>
          <ns3:TrackPointExtension>
            <ns3:hr>120</ns3:hr>
            <ns3:cad>59</ns3:cad>
          </ns3:TrackPointExtension>
        </extensions>
      </trkpt>
      <trkpt lat="42.3276479355990886688232421875" lon="-4.57741457037627696990966796875">
        <ele>829.4000244140625</ele>
        <time>2025-09-28T09:27:28.000Z</time>
        <extensions>
          <ns3:TrackPointExtension>
            <ns3:hr>123</ns3:hr>
            <ns3:cad>59</ns3:cad>
          </ns3:TrackPointExtension>
        </extensions>
      </trkpt>
      <trkpt lat="42.3277366161346435546875" lon="-4.57759394310414791107177734375">
        <ele>829.20001220703125</ele>
        <time>2025-09-28T09:27:41.000Z</time>
        <extensions>
          <ns3:TrackPointExtension>
            <ns3:hr>122</ns3:hr>
            <ns3:cad>59</ns3:cad>
          </ns3:TrackPointExtension>
        </extensions>
      </trkpt>
      <trkpt lat="42.3278276436030864715576171875" lon="-4.5777614973485469818115234375">
        <ele>829.4000244140625</ele>
        <time>2025-09-28T09:27:53.000Z</time>
        <extensions>
          <ns3:TrackPointExtension>
            <ns3:hr>120</ns3:hr>
            <ns3:cad>59</ns3:cad>
          </ns3:TrackPointExtension>
        </extensions>
      </trkpt>
      <trkpt lat="42.32790417037904262542724609375" lon="-4.57793106324970722198486328125">
        <ele>828.79998779296875</ele>
        <time>2025-09-28T09:28:04.000Z</time>
        <extensions>
          <ns3:TrackPointExtension>
            <ns3:hr>120</ns3:hr>
            <ns3:cad>60</ns3:cad>
          </ns3:TrackPointExtension>
        </extensions>
      </trkpt>
      <trkpt lat="42.327974997460842132568359375" lon="-4.5780686102807521820068359375">
        <ele>828.79998779296875</ele>
        <time>2025-09-28T09:28:14.000Z</time>
        <extensions>
          <ns3:TrackPointExtension>
            <ns3:hr>117</ns3:hr>
            <ns3:cad>59</ns3:cad>
          </ns3:TrackPointExtension>
        </extensions>
      </trkpt>
      <trkpt lat="42.32798949815332889556884765625" lon="-4.5780949294567108154296875">
        <ele>828.5999755859375</ele>
        <time>2025-09-28T09:28:16.000Z</time>
        <extensions>
          <ns3:TrackPointExtension>
            <ns3:hr>116</ns3:hr>
            <ns3:cad>59</ns3:cad>
          </ns3:TrackPointExtension>
        </extensions>
      </trkpt>
      <trkpt lat="42.32800659723579883575439453125" lon="-4.57812418229877948760986328125">
        <ele>828.5999755859375</ele>
        <time>2025-09-28T09:28:18.000Z</time>
        <extensions>
          <ns3:TrackPointExtension>
            <ns3:hr>113</ns3:hr>
            <ns3:cad>59</ns3:cad>
          </ns3:TrackPointExtension>
        </extensions>
      </trkpt>
      <trkpt lat="42.32805102132260799407958984375" lon="-4.5782107673585414886474609375">
        <ele>828.5999755859375</ele>
        <time>2025-09-28T09:28:24.000Z</time>
        <extensions>
          <ns3:TrackPointExtension>
            <ns3:hr>110</ns3:hr>
            <ns3:cad>59</ns3:cad>
          </ns3:TrackPointExtension>
        </extensions>
      </trkpt>
      <trkpt lat="42.32810533605515956878662109375" lon="-4.5783287845551967620849609375">
        <ele>828.4000244140625</ele>
        <time>2025-09-28T09:28:32.000Z</time>
        <extensions>
          <ns3:TrackPointExtension>
            <ns3:hr>110</ns3:hr>
            <ns3:cad>59</ns3:cad>
          </ns3:TrackPointExtension>
        </extensions>
      </trkpt>
      <trkpt lat="42.32816652394831180572509765625" lon="-4.57844202406704425811767578125">
        <ele>828.20001220703125</ele>
        <time>2025-09-28T09:28:40.000Z</time>
        <extensions>
          <ns3:TrackPointExtension>
            <ns3:hr>111</ns3:hr>
            <ns3:cad>59</ns3:cad>
          </ns3:TrackPointExtension>
        </extensions>
      </trkpt>
      <trkpt lat="42.3281961120665073394775390625" lon="-4.57850052975118160247802734375">
        <ele>828</ele>
        <time>2025-09-28T09:28:44.000Z</time>
        <extensions>
          <ns3:TrackPointExtension>
            <ns3:hr>112</ns3:hr>
            <ns3:cad>60</ns3:cad>
          </ns3:TrackPointExtension>
        </extensions>
      </trkpt>
      <trkpt lat="42.32826836407184600830078125" lon="-4.57863883115351200103759765625">
        <ele>827.4000244140625</ele>
        <time>2025-09-28T09:28:54.000Z</time>
        <extensions>
          <ns3:TrackPointExtension>
            <ns3:hr>112</ns3:hr>
            <ns3:cad>60</ns3:cad>
          </ns3:TrackPointExtension>
        </extensions>
      </trkpt>
      <trkpt lat="42.328361235558986663818359375" lon="-4.5788156054913997650146484375">
        <ele>827.4000244140625</ele>
        <time>2025-09-28T09:29:06.000Z</time>
        <extensions>
          <ns3:TrackPointExtension>
            <ns3:hr>110</ns3:hr>
            <ns3:cad>59</ns3:cad>
          </ns3:TrackPointExtension>
        </extensions>
      </trkpt>
      <trkpt lat="42.32841546647250652313232421875" lon="-4.57891861908137798309326171875">
        <ele>827.20001220703125</ele>
        <time>2025-09-28T09:29:13.000Z</time>
        <extensions>
          <ns3:TrackPointExtension>
            <ns3:hr>109</ns3:hr>
            <ns3:cad>59</ns3:cad>
          </ns3:TrackPointExtension>
        </extensions>
      </trkpt>
      <trkpt lat="42.32843692414462566375732421875" lon="-4.57895918749272823333740234375">
        <ele>826.79998779296875</ele>
        <time>2025-09-28T09:29:16.000Z</time>
        <extensions>
          <ns3:TrackPointExtension>
            <ns3:hr>107</ns3:hr>
            <ns3:cad>60</ns3:cad>
          </ns3:TrackPointExtension>
        </extensions>
      </trkpt>
      <trkpt lat="42.32851018197834491729736328125" lon="-4.57909748889505863189697265625">
        <ele>826</ele>
        <time>2025-09-28T09:29:26.000Z</time>
        <extensions>
          <ns3:TrackPointExtension>
            <ns3:hr>106</ns3:hr>
            <ns3:cad>59</ns3:cad>
          </ns3:TrackPointExtension>
        </extensions>
      </trkpt>
      <trkpt lat="42.3285230062901973724365234375" lon="-4.5791260711848735809326171875">
        <ele>825.79998779296875</ele>
        <time>2025-09-28T09:29:28.000Z</time>
        <extensions>
          <ns3:TrackPointExtension>
            <ns3:hr>106</ns3:hr>
            <ns3:cad>59</ns3:cad>
          </ns3:TrackPointExtension>
        </extensions>
      </trkpt>
      <trkpt lat="42.3286282829940319061279296875" lon="-4.5793248899281024932861328125">
        <ele>825.79998779296875</ele>
        <time>2025-09-28T09:29:42.000Z</time>
        <extensions>
          <ns3:TrackPointExtension>
            <ns3:hr>108</ns3:hr>
            <ns3:cad>59</ns3:cad>
          </ns3:TrackPointExtension>
        </extensions>
      </trkpt>
      <trkpt lat="42.3286688514053821563720703125" lon="-4.57940720021724700927734375">
        <ele>825</ele>
        <time>2025-09-28T09:29:48.000Z</time>
        <extensions>
          <ns3:TrackPointExtension>
            <ns3:hr>108</ns3:hr>
            <ns3:cad>60</ns3:cad>
          </ns3:TrackPointExtension>
        </extensions>
      </trkpt>
      <trkpt lat="42.328744791448116302490234375" lon="-4.579551704227924346923828125">
        <ele>824.5999755859375</ele>
        <time>2025-09-28T09:29:58.000Z</time>
        <extensions>
          <ns3:TrackPointExtension>
            <ns3:hr>108</ns3:hr>
            <ns3:cad>59</ns3:cad>
          </ns3:TrackPointExtension>
        </extensions>
      </trkpt>
      <trkpt lat="42.328810505568981170654296875" lon="-4.57967944443225860595703125">
        <ele>824</ele>
        <time>2025-09-28T09:30:07.000Z</time>
        <extensions>
          <ns3:TrackPointExtension>
            <ns3:hr>109</ns3:hr>
            <ns3:cad>59</ns3:cad>
          </ns3:TrackPointExtension>
        </extensions>
      </trkpt>
      <trkpt lat="42.328838668763637542724609375" lon="-4.57973233424127101898193359375">
        <ele>824</ele>
        <time>2025-09-28T09:30:11.000Z</time>
        <extensions>
          <ns3:TrackPointExtension>
            <ns3:hr>108</ns3:hr>
            <ns3:cad>60</ns3:cad>
          </ns3:TrackPointExtension>
        </extensions>
      </trkpt>
      <trkpt lat="42.32891016639769077301025390625" lon="-4.57987315021455287933349609375">
        <ele>823.4000244140625</ele>
        <time>2025-09-28T09:30:21.000Z</time>
        <extensions>
          <ns3:TrackPointExtension>
            <ns3:hr>107</ns3:hr>
            <ns3:cad>59</ns3:cad>
          </ns3:TrackPointExtension>
        </extensions>
      </trkpt>
      <trkpt lat="42.328968755900859832763671875" lon="-4.57998521625995635986328125">
        <ele>822.79998779296875</ele>
        <time>2025-09-28T09:30:29.000Z</time>
        <extensions>
          <ns3:TrackPointExtension>
            <ns3:hr>106</ns3:hr>
            <ns3:cad>60</ns3:cad>
          </ns3:TrackPointExtension>
        </extensions>
      </trkpt>
      <trkpt lat="42.32898258604109287261962890625" lon="-4.5800098590552806854248046875">
        <ele>822.5999755859375</ele>
        <time>2025-09-28T09:30:31.000Z</time>
        <extensions>
          <ns3:TrackPointExtension>
            <ns3:hr>106</ns3:hr>
            <ns3:cad>60</ns3:cad>
          </ns3:TrackPointExtension>
        </extensions>
      </trkpt>
      <trkpt lat="42.32904662378132343292236328125" lon="-4.5801365934312343597412109375">
        <ele>822.5999755859375</ele>
        <time>2025-09-28T09:30:40.000Z</time>
        <extensions>
          <ns3:TrackPointExtension>
            <ns3:hr>106</ns3:hr>
            <ns3:cad>59</ns3:cad>
          </ns3:TrackPointExtension>
        </extensions>
      </trkpt>
      <trkpt lat="42.32915617525577545166015625" lon="-4.5803411118686199188232421875">
        <ele>822.20001220703125</ele>
        <time>2025-09-28T09:30:54.000Z</time>
        <extensions>
          <ns3:TrackPointExtension>
            <ns3:hr>107</ns3:hr>
            <ns3:cad>59</ns3:cad>
          </ns3:TrackPointExtension>
        </extensions>
      </trkpt>
      <trkpt lat="42.3291955702006816864013671875" lon="-4.58042778074741363525390625">
        <ele>821.79998779296875</ele>
        <time>2025-09-28T09:31:00.000Z</time>
        <extensions>
          <ns3:TrackPointExtension>
            <ns3:hr>108</ns3:hr>
            <ns3:cad>58</ns3:cad>
          </ns3:TrackPointExtension>
        </extensions>
      </trkpt>
      <trkpt lat="42.32924980111420154571533203125" lon="-4.58053599111735820770263671875">
        <ele>821.5999755859375</ele>
        <time>2025-09-28T09:31:08.000Z</time>
        <extensions>
          <ns3:TrackPointExtension>
            <ns3:hr>107</ns3:hr>
            <ns3:cad>60</ns3:cad>
          </ns3:TrackPointExtension>
        </extensions>
      </trkpt>
      <trkpt lat="42.3293280042707920074462890625" lon="-4.5806659944355487823486328125">
        <ele>821.4000244140625</ele>
        <time>2025-09-28T09:31:17.000Z</time>
        <extensions>
          <ns3:TrackPointExtension>
            <ns3:hr>104</ns3:hr>
            <ns3:cad>58</ns3:cad>
          </ns3:TrackPointExtension>
        </extensions>
      </trkpt>
      <trkpt lat="42.32935993932187557220458984375" lon="-4.58072626031935214996337890625">
        <ele>821.20001220703125</ele>
        <time>2025-09-28T09:31:22.000Z</time>
        <extensions>
          <ns3:TrackPointExtension>
            <ns3:hr>105</ns3:hr>
            <ns3:cad>58</ns3:cad>
          </ns3:TrackPointExtension>
        </extensions>
      </trkpt>
      <trkpt lat="42.32943319715559482574462890625" lon="-4.5808804035186767578125">
        <ele>821</ele>
        <time>2025-09-28T09:31:33.000Z</time>
        <extensions>
          <ns3:TrackPointExtension>
            <ns3:hr>106</ns3:hr>
            <ns3:cad>57</ns3:cad>
          </ns3:TrackPointExtension>
        </extensions>
      </trkpt>
      <trkpt lat="42.32947393320500850677490234375" lon="-4.58097050897777080535888671875">
        <ele>820.79998779296875</ele>
        <time>2025-09-28T09:31:39.000Z</time>
        <extensions>
          <ns3:TrackPointExtension>
            <ns3:hr>107</ns3:hr>
            <ns3:cad>58</ns3:cad>
          </ns3:TrackPointExtension>
        </extensions>
      </trkpt>
      <trkpt lat="42.3295144177973270416259765625" lon="-4.58105332218110561370849609375">
        <ele>820.79998779296875</ele>
        <time>2025-09-28T09:31:45.000Z</time>
        <extensions>
          <ns3:TrackPointExtension>
            <ns3:hr>108</ns3:hr>
            <ns3:cad>58</ns3:cad>
          </ns3:TrackPointExtension>
        </extensions>
      </trkpt>
      <trkpt lat="42.32961215078830718994140625" lon="-4.5812175236642360687255859375">
        <ele>820.79998779296875</ele>
        <time>2025-09-28T09:31:58.000Z</time>
        <extensions>
          <ns3:TrackPointExtension>
            <ns3:hr>107</ns3:hr>
            <ns3:cad>58</ns3:cad>
          </ns3:TrackPointExtension>
        </extensions>
      </trkpt>
      <trkpt lat="42.32970359735190868377685546875" lon="-4.58137854002416133880615234375">
        <ele>820.5999755859375</ele>
        <time>2025-09-28T09:32:10.000Z</time>
        <extensions>
          <ns3:TrackPointExtension>
            <ns3:hr>107</ns3:hr>
            <ns3:cad>58</ns3:cad>
          </ns3:TrackPointExtension>
        </extensions>
      </trkpt>
      <trkpt lat="42.3297678865492343902587890625" lon="-4.5815135724842548370361328125">
        <ele>820.4000244140625</ele>
        <time>2025-09-28T09:32:19.000Z</time>
        <extensions>
          <ns3:TrackPointExtension>
            <ns3:hr>107</ns3:hr>
            <ns3:cad>57</ns3:cad>
          </ns3:TrackPointExtension>
        </extensions>
      </trkpt>
      <trkpt lat="42.3298356123268604278564453125" lon="-4.58163402043282985687255859375">
        <ele>820.20001220703125</ele>
        <time>2025-09-28T09:32:29.000Z</time>
        <extensions>
          <ns3:TrackPointExtension>
            <ns3:hr>104</ns3:hr>
            <ns3:cad>56</ns3:cad>
          </ns3:TrackPointExtension>
        </extensions>
      </trkpt>
      <trkpt lat="42.32984692789614200592041015625" lon="-4.58165757358074188232421875">
        <ele>820.20001220703125</ele>
        <time>2025-09-28T09:32:31.000Z</time>
        <extensions>
          <ns3:TrackPointExtension>
            <ns3:hr>105</ns3:hr>
            <ns3:cad>56</ns3:cad>
          </ns3:TrackPointExtension>
        </extensions>
      </trkpt>
      <trkpt lat="42.3299251310527324676513671875" lon="-4.58181875757873058319091796875">
        <ele>820</ele>
        <time>2025-09-28T09:32:43.000Z</time>
        <extensions>
          <ns3:TrackPointExtension>
            <ns3:hr>106</ns3:hr>
            <ns3:cad>57</ns3:cad>
          </ns3:TrackPointExtension>
        </extensions>
      </trkpt>
      <trkpt lat="42.329939045011997222900390625" lon="-4.58184625022113323211669921875">
        <ele>819.79998779296875</ele>
        <time>2025-09-28T09:32:45.000Z</time>
        <extensions>
          <ns3:TrackPointExtension>
            <ns3:hr>106</ns3:hr>
            <ns3:cad>57</ns3:cad>
          </ns3:TrackPointExtension>
        </extensions>
      </trkpt>
      <trkpt lat="42.3300166614353656768798828125" lon="-4.58199528045952320098876953125">
        <ele>819.79998779296875</ele>
        <time>2025-09-28T09:32:56.000Z</time>
        <extensions>
          <ns3:TrackPointExtension>
            <ns3:hr>107</ns3:hr>
            <ns3:cad>57</ns3:cad>
          </ns3:TrackPointExtension>
        </extensions>
      </trkpt>
      <trkpt lat="42.3300937749445438385009765625" lon="-4.582153446972370147705078125">
        <ele>820.20001220703125</ele>
        <time>2025-09-28T09:33:08.000Z</time>
        <extensions>
          <ns3:TrackPointExtension>
            <ns3:hr>108</ns3:hr>
            <ns3:cad>56</ns3:cad>
          </ns3:TrackPointExtension>
        </extensions>
      </trkpt>
      <trkpt lat="42.33016309328377246856689453125" lon="-4.58227959461510181427001953125">
        <ele>820</ele>
        <time>2025-09-28T09:33:17.000Z</time>
        <extensions>
          <ns3:TrackPointExtension>
            <ns3:hr>108</ns3:hr>
            <ns3:cad>57</ns3:cad>
          </ns3:TrackPointExtension>
        </extensions>
      </trkpt>
      <trkpt lat="42.3302272148430347442626953125" lon="-4.58240993320941925048828125">
        <ele>820.20001220703125</ele>
        <time>2025-09-28T09:33:26.000Z</time>
        <extensions>
          <ns3:TrackPointExtension>
            <ns3:hr>109</ns3:hr>
            <ns3:cad>57</ns3:cad>
          </ns3:TrackPointExtension>
        </extensions>
      </trkpt>
      <trkpt lat="42.3303267918527126312255859375" lon="-4.582583941519260406494140625">
        <ele>820</ele>
        <time>2025-09-28T09:33:39.000Z</time>
        <extensions>
          <ns3:TrackPointExtension>
            <ns3:hr>112</ns3:hr>
            <ns3:cad>58</ns3:cad>
          </ns3:TrackPointExtension>
        </extensions>
      </trkpt>
      <trkpt lat="42.33033425174653530120849609375" lon="-4.5825998671352863311767578125">
        <ele>820</ele>
        <time>2025-09-28T09:33:40.000Z</time>
        <extensions>
          <ns3:TrackPointExtension>
            <ns3:hr>112</ns3:hr>
            <ns3:cad>58</ns3:cad>
          </ns3:TrackPointExtension>
        </extensions>
      </trkpt>
      <trkpt lat="42.33042058534920215606689453125" lon="-4.582779407501220703125">
        <ele>819.79998779296875</ele>
        <time>2025-09-28T09:33:52.000Z</time>
        <extensions>
          <ns3:TrackPointExtension>
            <ns3:hr>113</ns3:hr>
            <ns3:cad>58</ns3:cad>
          </ns3:TrackPointExtension>
        </extensions>
      </trkpt>
      <trkpt lat="42.33047808520495891571044921875" lon="-4.5829009450972080230712890625">
        <ele>819.79998779296875</ele>
        <time>2025-09-28T09:34:00.000Z</time>
        <extensions>
          <ns3:TrackPointExtension>
            <ns3:hr>113</ns3:hr>
            <ns3:cad>59</ns3:cad>
          </ns3:TrackPointExtension>
        </extensions>
      </trkpt>
      <trkpt lat="42.3305624909698963165283203125" lon="-4.5830628834664821624755859375">
        <ele>819.79998779296875</ele>
        <time>2025-09-28T09:34:12.000Z</time>
        <extensions>
          <ns3:TrackPointExtension>
            <ns3:hr>113</ns3:hr>
            <ns3:cad>58</ns3:cad>
          </ns3:TrackPointExtension>
        </extensions>
      </trkpt>
      <trkpt lat="42.33065879903733730316162109375" lon="-4.58323094062507152557373046875">
        <ele>819.4000244140625</ele>
        <time>2025-09-28T09:34:24.000Z</time>
        <extensions>
          <ns3:TrackPointExtension>
            <ns3:hr>113</ns3:hr>
            <ns3:cad>58</ns3:cad>
          </ns3:TrackPointExtension>
        </extensions>
      </trkpt>
      <trkpt lat="42.330706156790256500244140625" lon="-4.583356082439422607421875">
        <ele>819.20001220703125</ele>
        <time>2025-09-28T09:34:32.000Z</time>
        <extensions>
          <ns3:TrackPointExtension>
            <ns3:hr>112</ns3:hr>
            <ns3:cad>59</ns3:cad>
          </ns3:TrackPointExtension>
        </extensions>
      </trkpt>
      <trkpt lat="42.33073331415653228759765625" lon="-4.5834176056087017059326171875">
        <ele>818.79998779296875</ele>
        <time>2025-09-28T09:34:36.000Z</time>
        <extensions>
          <ns3:TrackPointExtension>
            <ns3:hr>112</ns3:hr>
            <ns3:cad>59</ns3:cad>
          </ns3:TrackPointExtension>
        </extensions>
      </trkpt>
      <trkpt lat="42.3307849466800689697265625" lon="-4.58350821398198604583740234375">
        <ele>818.5999755859375</ele>
        <time>2025-09-28T09:34:42.000Z</time>
        <extensions>
          <ns3:TrackPointExtension>
            <ns3:hr>111</ns3:hr>
            <ns3:cad>59</ns3:cad>
          </ns3:TrackPointExtension>
        </extensions>
      </trkpt>
      <trkpt lat="42.33088142238557338714599609375" lon="-4.5836901850998401641845703125">
        <ele>818.4000244140625</ele>
        <time>2025-09-28T09:34:55.000Z</time>
        <extensions>
          <ns3:TrackPointExtension>
            <ns3:hr>111</ns3:hr>
            <ns3:cad>58</ns3:cad>
          </ns3:TrackPointExtension>
        </extensions>
      </trkpt>
      <trkpt lat="42.330965660512447357177734375" lon="-4.5838524587452411651611328125">
        <ele>818</ele>
        <time>2025-09-28T09:35:06.000Z</time>
        <extensions>
          <ns3:TrackPointExtension>
            <ns3:hr>111</ns3:hr>
            <ns3:cad>59</ns3:cad>
          </ns3:TrackPointExtension>
        </extensions>
      </trkpt>
      <trkpt lat="42.33104176819324493408203125" lon="-4.58399780094623565673828125">
        <ele>817.79998779296875</ele>
        <time>2025-09-28T09:35:16.000Z</time>
        <extensions>
          <ns3:TrackPointExtension>
            <ns3:hr>111</ns3:hr>
            <ns3:cad>60</ns3:cad>
          </ns3:TrackPointExtension>
        </extensions>
      </trkpt>
      <trkpt lat="42.33105509541928768157958984375" lon="-4.58402923308312892913818359375">
        <ele>817.5999755859375</ele>
        <time>2025-09-28T09:35:18.000Z</time>
        <extensions>
          <ns3:TrackPointExtension>
            <ns3:hr>110</ns3:hr>
            <ns3:cad>60</ns3:cad>
          </ns3:TrackPointExtension>
        </extensions>
      </trkpt>
      <trkpt lat="42.3311277665197849273681640625" lon="-4.5841605775058269500732421875">
        <ele>817.4000244140625</ele>
        <time>2025-09-28T09:35:27.000Z</time>
        <extensions>
          <ns3:TrackPointExtension>
            <ns3:hr>111</ns3:hr>
            <ns3:cad>59</ns3:cad>
          </ns3:TrackPointExtension>
        </extensions>
      </trkpt>
      <trkpt lat="42.33120043762028217315673828125" lon="-4.5843141339719295501708984375">
        <ele>817.20001220703125</ele>
        <time>2025-09-28T09:35:38.000Z</time>
        <extensions>
          <ns3:TrackPointExtension>
            <ns3:hr>111</ns3:hr>
            <ns3:cad>57</ns3:cad>
          </ns3:TrackPointExtension>
        </extensions>
      </trkpt>
      <trkpt lat="42.331278137862682342529296875" lon="-4.5844638347625732421875">
        <ele>817</ele>
        <time>2025-09-28T09:35:49.000Z</time>
        <extensions>
          <ns3:TrackPointExtension>
            <ns3:hr>109</ns3:hr>
            <ns3:cad>58</ns3:cad>
          </ns3:TrackPointExtension>
        </extensions>
      </trkpt>
      <trkpt lat="42.33134443871676921844482421875" lon="-4.58459920249879360198974609375">
        <ele>817</ele>
        <time>2025-09-28T09:35:59.000Z</time>
        <extensions>
          <ns3:TrackPointExtension>
            <ns3:hr>111</ns3:hr>
            <ns3:cad>57</ns3:cad>
          </ns3:TrackPointExtension>
        </extensions>
      </trkpt>
      <trkpt lat="42.331419289112091064453125" lon="-4.584753848612308502197265625">
        <ele>817</ele>
        <time>2025-09-28T09:36:10.000Z</time>
        <extensions>
          <ns3:TrackPointExtension>
            <ns3:hr>108</ns3:hr>
            <ns3:cad>57</ns3:cad>
          </ns3:TrackPointExtension>
        </extensions>
      </trkpt>
      <trkpt lat="42.33142641372978687286376953125" lon="-4.58476600237190723419189453125">
        <ele>816.79998779296875</ele>
        <time>2025-09-28T09:36:11.000Z</time>
        <extensions>
          <ns3:TrackPointExtension>
            <ns3:hr>108</ns3:hr>
            <ns3:cad>57</ns3:cad>
          </ns3:TrackPointExtension>
        </extensions>
      </trkpt>
      <trkpt lat="42.33147318474948406219482421875" lon="-4.58484177477657794952392578125">
        <ele>816.5999755859375</ele>
        <time>2025-09-28T09:36:17.000Z</time>
        <extensions>
          <ns3:TrackPointExtension>
            <ns3:hr>108</ns3:hr>
            <ns3:cad>57</ns3:cad>
          </ns3:TrackPointExtension>
        </extensions>
      </trkpt>
      <trkpt lat="42.331522218883037567138671875" lon="-4.58493950776755809783935546875">
        <ele>816.79998779296875</ele>
        <time>2025-09-28T09:36:24.000Z</time>
        <extensions>
          <ns3:TrackPointExtension>
            <ns3:hr>108</ns3:hr>
            <ns3:cad>57</ns3:cad>
          </ns3:TrackPointExtension>
        </extensions>
      </trkpt>
      <trkpt lat="42.3316048644483089447021484375" lon="-4.58511150442063808441162109375">
        <ele>816.4000244140625</ele>
        <time>2025-09-28T09:36:36.000Z</time>
        <extensions>
          <ns3:TrackPointExtension>
            <ns3:hr>109</ns3:hr>
            <ns3:cad>58</ns3:cad>
          </ns3:TrackPointExtension>
        </extensions>
      </trkpt>
      <trkpt lat="42.33168549835681915283203125" lon="-4.58527059294283390045166015625">
        <ele>816.20001220703125</ele>
        <time>2025-09-28T09:36:48.000Z</time>
        <extensions>
          <ns3:TrackPointExtension>
            <ns3:hr>110</ns3:hr>
            <ns3:cad>58</ns3:cad>
          </ns3:TrackPointExtension>
        </extensions>
      </trkpt>
      <trkpt lat="42.331773675978183746337890625" lon="-4.58542850799858570098876953125">
        <ele>816.20001220703125</ele>
        <time>2025-09-28T09:37:00.000Z</time>
        <extensions>
          <ns3:TrackPointExtension>
            <ns3:hr>109</ns3:hr>
            <ns3:cad>57</ns3:cad>
          </ns3:TrackPointExtension>
        </extensions>
      </trkpt>
      <trkpt lat="42.3318452574312686920166015625" lon="-4.58557653240859508514404296875">
        <ele>816.20001220703125</ele>
        <time>2025-09-28T09:37:10.000Z</time>
        <extensions>
          <ns3:TrackPointExtension>
            <ns3:hr>110</ns3:hr>
            <ns3:cad>57</ns3:cad>
          </ns3:TrackPointExtension>
        </extensions>
      </trkpt>
      <trkpt lat="42.33194827102124691009521484375" lon="-4.585768394172191619873046875">
        <ele>816.4000244140625</ele>
        <time>2025-09-28T09:37:24.000Z</time>
        <extensions>
          <ns3:TrackPointExtension>
            <ns3:hr>111</ns3:hr>
            <ns3:cad>59</ns3:cad>
          </ns3:TrackPointExtension>
        </extensions>
      </trkpt>
      <trkpt lat="42.33201532624661922454833984375" lon="-4.58589236252009868621826171875">
        <ele>816.4000244140625</ele>
        <time>2025-09-28T09:37:33.000Z</time>
        <extensions>
          <ns3:TrackPointExtension>
            <ns3:hr>111</ns3:hr>
            <ns3:cad>58</ns3:cad>
          </ns3:TrackPointExtension>
        </extensions>
      </trkpt>
      <trkpt lat="42.33209243975579738616943359375" lon="-4.5860515348613262176513671875">
        <ele>816.20001220703125</ele>
        <time>2025-09-28T09:37:45.000Z</time>
        <extensions>
          <ns3:TrackPointExtension>
            <ns3:hr>109</ns3:hr>
            <ns3:cad>59</ns3:cad>
          </ns3:TrackPointExtension>
        </extensions>
      </trkpt>
      <trkpt lat="42.33218078501522541046142578125" lon="-4.586228393018245697021484375">
        <ele>816.5999755859375</ele>
        <time>2025-09-28T09:37:57.000Z</time>
        <extensions>
          <ns3:TrackPointExtension>
            <ns3:hr>110</ns3:hr>
            <ns3:cad>58</ns3:cad>
          </ns3:TrackPointExtension>
        </extensions>
      </trkpt>
      <trkpt lat="42.33225303702056407928466796875" lon="-4.58636258728802204132080078125">
        <ele>817</ele>
        <time>2025-09-28T09:38:07.000Z</time>
        <extensions>
          <ns3:TrackPointExtension>
            <ns3:hr>107</ns3:hr>
            <ns3:cad>59</ns3:cad>
          </ns3:TrackPointExtension>
        </extensions>
      </trkpt>
      <trkpt lat="42.3323314078152179718017578125" lon="-4.5865237712860107421875">
        <ele>816.79998779296875</ele>
        <time>2025-09-28T09:38:19.000Z</time>
        <extensions>
          <ns3:TrackPointExtension>
            <ns3:hr>107</ns3:hr>
            <ns3:cad>57</ns3:cad>
          </ns3:TrackPointExtension>
        </extensions>
      </trkpt>
      <trkpt lat="42.33244414441287517547607421875" lon="-4.5867214165627956390380859375">
        <ele>817.20001220703125</ele>
        <time>2025-09-28T09:38:34.000Z</time>
        <extensions>
          <ns3:TrackPointExtension>
            <ns3:hr>109</ns3:hr>
            <ns3:cad>58</ns3:cad>
          </ns3:TrackPointExtension>
        </extensions>
      </trkpt>
      <trkpt lat="42.33252704143524169921875" lon="-4.5869061537086963653564453125">
        <ele>817</ele>
        <time>2025-09-28T09:38:47.000Z</time>
        <extensions>
          <ns3:TrackPointExtension>
            <ns3:hr>109</ns3:hr>
            <ns3:cad>58</ns3:cad>
          </ns3:TrackPointExtension>
        </extensions>
      </trkpt>
      <trkpt lat="42.33260281383991241455078125" lon="-4.5870369113981723785400390625">
        <ele>817</ele>
        <time>2025-09-28T09:38:57.000Z</time>
        <extensions>
          <ns3:TrackPointExtension>
            <ns3:hr>112</ns3:hr>
            <ns3:cad>58</ns3:cad>
          </ns3:TrackPointExtension>
        </extensions>
      </trkpt>
      <trkpt lat="42.33263324014842510223388671875" lon="-4.58708946593105792999267578125">
        <ele>817.20001220703125</ele>
        <time>2025-09-28T09:39:01.000Z</time>
        <extensions>
          <ns3:TrackPointExtension>
            <ns3:hr>112</ns3:hr>
            <ns3:cad>59</ns3:cad>
          </ns3:TrackPointExtension>
        </extensions>
      </trkpt>
      <trkpt lat="42.3327196575701236724853515625" lon="-4.587271772325038909912109375">
        <ele>817</ele>
        <time>2025-09-28T09:39:14.000Z</time>
        <extensions>
          <ns3:TrackPointExtension>
            <ns3:hr>112</ns3:hr>
            <ns3:cad>58</ns3:cad>
          </ns3:TrackPointExtension>
        </extensions>
      </trkpt>
      <trkpt lat="42.3327947594225406646728515625" lon="-4.58741283975541591644287109375">
        <ele>817.4000244140625</ele>
        <time>2025-09-28T09:39:24.000Z</time>
        <extensions>
          <ns3:TrackPointExtension>
            <ns3:hr>112</ns3:hr>
            <ns3:cad>58</ns3:cad>
          </ns3:TrackPointExtension>
        </extensions>
      </trkpt>
      <trkpt lat="42.33289475552737712860107421875" lon="-4.58761953748762607574462890625">
        <ele>817</ele>
        <time>2025-09-28T09:39:39.000Z</time>
        <extensions>
          <ns3:TrackPointExtension>
            <ns3:hr>112</ns3:hr>
            <ns3:cad>57</ns3:cad>
          </ns3:TrackPointExtension>
        </extensions>
      </trkpt>
      <trkpt lat="42.332981340587139129638671875" lon="-4.58777812309563159942626953125">
        <ele>816.79998779296875</ele>
        <time>2025-09-28T09:39:50.000Z</time>
        <extensions>
          <ns3:TrackPointExtension>
            <ns3:hr>113</ns3:hr>
            <ns3:cad>59</ns3:cad>
          </ns3:TrackPointExtension>
        </extensions>
      </trkpt>
      <trkpt lat="42.3330260999500751495361328125" lon="-4.587865881621837615966796875">
        <ele>817.20001220703125</ele>
        <time>2025-09-28T09:39:57.000Z</time>
        <extensions>
          <ns3:TrackPointExtension>
            <ns3:hr>112</ns3:hr>
            <ns3:cad>59</ns3:cad>
          </ns3:TrackPointExtension>
        </extensions>
      </trkpt>
      <trkpt lat="42.3331079073250293731689453125" lon="-4.58804257214069366455078125">
        <ele>816.79998779296875</ele>
        <time>2025-09-28T09:40:09.000Z</time>
        <extensions>
          <ns3:TrackPointExtension>
            <ns3:hr>112</ns3:hr>
            <ns3:cad>59</ns3:cad>
          </ns3:TrackPointExtension>
        </extensions>
      </trkpt>
      <trkpt lat="42.33320765197277069091796875" lon="-4.5882231183350086212158203125">
        <ele>816.79998779296875</ele>
        <time>2025-09-28T09:40:22.000Z</time>
        <extensions>
          <ns3:TrackPointExtension>
            <ns3:hr>112</ns3:hr>
            <ns3:cad>57</ns3:cad>
          </ns3:TrackPointExtension>
        </extensions>
      </trkpt>
      <trkpt lat="42.33328434638679027557373046875" lon="-4.5883619226515293121337890625">
        <ele>816.5999755859375</ele>
        <time>2025-09-28T09:40:32.000Z</time>
        <extensions>
          <ns3:TrackPointExtension>
            <ns3:hr>112</ns3:hr>
            <ns3:cad>58</ns3:cad>
          </ns3:TrackPointExtension>
        </extensions>
      </trkpt>
      <trkpt lat="42.33335844241082668304443359375" lon="-4.5885174907743930816650390625">
        <ele>816.4000244140625</ele>
        <time>2025-09-28T09:40:43.000Z</time>
        <extensions>
          <ns3:TrackPointExtension>
            <ns3:hr>113</ns3:hr>
            <ns3:cad>58</ns3:cad>
          </ns3:TrackPointExtension>
        </extensions>
      </trkpt>
      <trkpt lat="42.33344377018511295318603515625" lon="-4.58868705667555332183837890625">
        <ele>816.4000244140625</ele>
        <time>2025-09-28T09:40:55.000Z</time>
        <extensions>
          <ns3:TrackPointExtension>
            <ns3:hr>112</ns3:hr>
            <ns3:cad>59</ns3:cad>
          </ns3:TrackPointExtension>
        </extensions>
      </trkpt>
      <trkpt lat="42.33353488147258758544921875" lon="-4.58886022679507732391357421875">
        <ele>816.4000244140625</ele>
        <time>2025-09-28T09:41:08.000Z</time>
        <extensions>
          <ns3:TrackPointExtension>
            <ns3:hr>111</ns3:hr>
            <ns3:cad>57</ns3:cad>
          </ns3:TrackPointExtension>
        </extensions>
      </trkpt>
      <trkpt lat="42.3336181975901126861572265625" lon="-4.5890204049646854400634765625">
        <ele>816.20001220703125</ele>
        <time>2025-09-28T09:41:20.000Z</time>
        <extensions>
          <ns3:TrackPointExtension>
            <ns3:hr>110</ns3:hr>
            <ns3:cad>59</ns3:cad>
          </ns3:TrackPointExtension>
        </extensions>
      </trkpt>
      <trkpt lat="42.33369841240346431732177734375" lon="-4.589186869561672210693359375">
        <ele>816</ele>
        <time>2025-09-28T09:41:31.000Z</time>
        <extensions>
          <ns3:TrackPointExtension>
            <ns3:hr>108</ns3:hr>
            <ns3:cad>60</ns3:cad>
          </ns3:TrackPointExtension>
        </extensions>
      </trkpt>
      <trkpt lat="42.33376680873334407806396484375" lon="-4.5893047191202640533447265625">
        <ele>815.5999755859375</ele>
        <time>2025-09-28T09:41:40.000Z</time>
        <extensions>
          <ns3:TrackPointExtension>
            <ns3:hr>107</ns3:hr>
            <ns3:cad>58</ns3:cad>
          </ns3:TrackPointExtension>
        </extensions>
      </trkpt>
      <trkpt lat="42.33379530720412731170654296875" lon="-4.589360542595386505126953125">
        <ele>815.5999755859375</ele>
        <time>2025-09-28T09:41:44.000Z</time>
        <extensions>
          <ns3:TrackPointExtension>
            <ns3:hr>107</ns3:hr>
            <ns3:cad>58</ns3:cad>
          </ns3:TrackPointExtension>
        </extensions>
      </trkpt>
      <trkpt lat="42.33386521227657794952392578125" lon="-4.58949171938002109527587890625">
        <ele>815.20001220703125</ele>
        <time>2025-09-28T09:41:54.000Z</time>
        <extensions>
          <ns3:TrackPointExtension>
            <ns3:hr>107</ns3:hr>
            <ns3:cad>58</ns3:cad>
          </ns3:TrackPointExtension>
        </extensions>
      </trkpt>
      <trkpt lat="42.33393545262515544891357421875" lon="-4.589634798467159271240234375">
        <ele>814.5999755859375</ele>
        <time>2025-09-28T09:42:04.000Z</time>
        <extensions>
          <ns3:TrackPointExtension>
            <ns3:hr>109</ns3:hr>
            <ns3:cad>58</ns3:cad>
          </ns3:TrackPointExtension>
        </extensions>
      </trkpt>
      <trkpt lat="42.333956994116306304931640625" lon="-4.58968148566782474517822265625">
        <ele>814.79998779296875</ele>
        <time>2025-09-28T09:42:07.000Z</time>
        <extensions>
          <ns3:TrackPointExtension>
            <ns3:hr>109</ns3:hr>
            <ns3:cad>59</ns3:cad>
          </ns3:TrackPointExtension>
        </extensions>
      </trkpt>
      <trkpt lat="42.3340577445924282073974609375" lon="-4.5898874290287494659423828125">
        <ele>814.4000244140625</ele>
        <time>2025-09-28T09:42:21.000Z</time>
        <extensions>
          <ns3:TrackPointExtension>
            <ns3:hr>109</ns3:hr>
            <ns3:cad>58</ns3:cad>
          </ns3:TrackPointExtension>
        </extensions>
      </trkpt>
      <trkpt lat="42.334154136478900909423828125" lon="-4.59006554447114467620849609375">
        <ele>814.4000244140625</ele>
        <time>2025-09-28T09:42:35.000Z</time>
        <extensions>
          <ns3:TrackPointExtension>
            <ns3:hr>107</ns3:hr>
            <ns3:cad>59</ns3:cad>
          </ns3:TrackPointExtension>
        </extensions>
      </trkpt>
      <trkpt lat="42.3342408053576946258544921875" lon="-4.5902533829212188720703125">
        <ele>814.20001220703125</ele>
        <time>2025-09-28T09:42:47.000Z</time>
        <extensions>
          <ns3:TrackPointExtension>
            <ns3:hr>107</ns3:hr>
            <ns3:cad>116</ns3:cad>
          </ns3:TrackPointExtension>
        </extensions>
      </trkpt>
      <trkpt lat="42.3342914320528507232666015625" lon="-4.59034298546612262725830078125">
        <ele>813.79998779296875</ele>
        <time>2025-09-28T09:42:54.000Z</time>
        <extensions>
          <ns3:TrackPointExtension>
            <ns3:hr>107</ns3:hr>
            <ns3:cad>59</ns3:cad>
          </ns3:TrackPointExtension>
        </extensions>
      </trkpt>
      <trkpt lat="42.3343849740922451019287109375" lon="-4.59051716141402721405029296875">
        <ele>813.79998779296875</ele>
        <time>2025-09-28T09:43:07.000Z</time>
        <extensions>
          <ns3:TrackPointExtension>
            <ns3:hr>108</ns3:hr>
            <ns3:cad>57</ns3:cad>
          </ns3:TrackPointExtension>
        </extensions>
      </trkpt>
      <trkpt lat="42.33446267433464527130126953125" lon="-4.59067943505942821502685546875">
        <ele>813.79998779296875</ele>
        <time>2025-09-28T09:43:19.000Z</time>
        <extensions>
          <ns3:TrackPointExtension>
            <ns3:hr>110</ns3:hr>
            <ns3:cad>57</ns3:cad>
          </ns3:TrackPointExtension>
        </extensions>
      </trkpt>
      <trkpt lat="42.33454473316669464111328125" lon="-4.59083248861134052276611328125">
        <ele>813.79998779296875</ele>
        <time>2025-09-28T09:43:30.000Z</time>
        <extensions>
          <ns3:TrackPointExtension>
            <ns3:hr>109</ns3:hr>
            <ns3:cad>57</ns3:cad>
          </ns3:TrackPointExtension>
        </extensions>
      </trkpt>
      <trkpt lat="42.33461556024849414825439453125" lon="-4.59097716026008129119873046875">
        <ele>813.79998779296875</ele>
        <time>2025-09-28T09:43:41.000Z</time>
        <extensions>
          <ns3:TrackPointExtension>
            <ns3:hr>110</ns3:hr>
            <ns3:cad>57</ns3:cad>
          </ns3:TrackPointExtension>
        </extensions>
      </trkpt>
      <trkpt lat="42.33469384722411632537841796875" lon="-4.5911158807575702667236328125">
        <ele>814</ele>
        <time>2025-09-28T09:43:52.000Z</time>
        <extensions>
          <ns3:TrackPointExtension>
            <ns3:hr>109</ns3:hr>
            <ns3:cad>58</ns3:cad>
          </ns3:TrackPointExtension>
        </extensions>
      </trkpt>
      <trkpt lat="42.33477682806551456451416015625" lon="-4.59126398898661136627197265625">
        <ele>813.79998779296875</ele>
        <time>2025-09-28T09:44:03.000Z</time>
        <extensions>
          <ns3:TrackPointExtension>
            <ns3:hr>109</ns3:hr>
            <ns3:cad>57</ns3:cad>
          </ns3:TrackPointExtension>
        </extensions>
      </trkpt>
      <trkpt lat="42.3348297178745269775390625" lon="-4.59138670004904270172119140625">
        <ele>814</ele>
        <time>2025-09-28T09:44:11.000Z</time>
        <extensions>
          <ns3:TrackPointExtension>
            <ns3:hr>110</ns3:hr>
            <ns3:cad>56</ns3:cad>
          </ns3:TrackPointExtension>
        </extensions>
      </trkpt>
      <trkpt lat="42.33491261489689350128173828125" lon="-4.59153707139194011688232421875">
        <ele>814.20001220703125</ele>
        <time>2025-09-28T09:44:23.000Z</time>
        <extensions>
          <ns3:TrackPointExtension>
            <ns3:hr>111</ns3:hr>
            <ns3:cad>57</ns3:cad>
          </ns3:TrackPointExtension>
        </extensions>
      </trkpt>
      <trkpt lat="42.3349730484187602996826171875" lon="-4.5916731096804141998291015625">
        <ele>814.20001220703125</ele>
        <time>2025-09-28T09:44:32.000Z</time>
        <extensions>
          <ns3:TrackPointExtension>
            <ns3:hr>113</ns3:hr>
            <ns3:cad>59</ns3:cad>
          </ns3:TrackPointExtension>
        </extensions>
      </trkpt>
      <trkpt lat="42.3350416123867034912109375" lon="-4.59179498255252838134765625">
        <ele>814.20001220703125</ele>
        <time>2025-09-28T09:44:42.000Z</time>
        <extensions>
          <ns3:TrackPointExtension>
            <ns3:hr>113</ns3:hr>
            <ns3:cad>57</ns3:cad>
          </ns3:TrackPointExtension>
        </extensions>
      </trkpt>
      <trkpt lat="42.3351349867880344390869140625" lon="-4.59197913296520709991455078125">
        <ele>814.20001220703125</ele>
        <time>2025-09-28T09:44:55.000Z</time>
        <extensions>
          <ns3:TrackPointExtension>
            <ns3:hr>112</ns3:hr>
            <ns3:cad>56</ns3:cad>
          </ns3:TrackPointExtension>
        </extensions>
      </trkpt>
      <trkpt lat="42.33519927598536014556884765625" lon="-4.59210653789341449737548828125">
        <ele>814.4000244140625</ele>
        <time>2025-09-28T09:45:05.000Z</time>
        <extensions>
          <ns3:TrackPointExtension>
            <ns3:hr>111</ns3:hr>
            <ns3:cad>57</ns3:cad>
          </ns3:TrackPointExtension>
        </extensions>
      </trkpt>
      <trkpt lat="42.33527571894228458404541015625" lon="-4.59225841797888278961181640625">
        <ele>814.4000244140625</ele>
        <time>2025-09-28T09:45:16.000Z</time>
        <extensions>
          <ns3:TrackPointExtension>
            <ns3:hr>111</ns3:hr>
            <ns3:cad>57</ns3:cad>
          </ns3:TrackPointExtension>
        </extensions>
      </trkpt>
      <trkpt lat="42.33535199426114559173583984375" lon="-4.59240459837019443511962890625">
        <ele>814.79998779296875</ele>
        <time>2025-09-28T09:45:27.000Z</time>
        <extensions>
          <ns3:TrackPointExtension>
            <ns3:hr>111</ns3:hr>
            <ns3:cad>57</ns3:cad>
          </ns3:TrackPointExtension>
        </extensions>
      </trkpt>
      <trkpt lat="42.3354206420481204986572265625" lon="-4.59251658059656620025634765625">
        <ele>814.5999755859375</ele>
        <time>2025-09-28T09:45:35.000Z</time>
        <extensions>
          <ns3:TrackPointExtension>
            <ns3:hr>110</ns3:hr>
            <ns3:cad>58</ns3:cad>
          </ns3:TrackPointExtension>
        </extensions>
      </trkpt>
      <trkpt lat="42.3354887031018733978271484375" lon="-4.59266401827335357666015625">
        <ele>814.79998779296875</ele>
        <time>2025-09-28T09:45:46.000Z</time>
        <extensions>
          <ns3:TrackPointExtension>
            <ns3:hr>109</ns3:hr>
            <ns3:cad>57</ns3:cad>
          </ns3:TrackPointExtension>
        </extensions>
      </trkpt>
      <trkpt lat="42.33555399812757968902587890625" lon="-4.5927949436008930206298828125">
        <ele>815.20001220703125</ele>
        <time>2025-09-28T09:45:55.000Z</time>
        <extensions>
          <ns3:TrackPointExtension>
            <ns3:hr>112</ns3:hr>
            <ns3:cad>57</ns3:cad>
          </ns3:TrackPointExtension>
        </extensions>
      </trkpt>
      <trkpt lat="42.33557612635195255279541015625" lon="-4.59283475764095783233642578125">
        <ele>815.4000244140625</ele>
        <time>2025-09-28T09:45:58.000Z</time>
        <extensions>
          <ns3:TrackPointExtension>
            <ns3:hr>112</ns3:hr>
            <ns3:cad>58</ns3:cad>
          </ns3:TrackPointExtension>
        </extensions>
      </trkpt>
      <trkpt lat="42.33563345856964588165283203125" lon="-4.59294942207634449005126953125">
        <ele>815</ele>
        <time>2025-09-28T09:46:07.000Z</time>
        <extensions>
          <ns3:TrackPointExtension>
            <ns3:hr>113</ns3:hr>
            <ns3:cad>57</ns3:cad>
          </ns3:TrackPointExtension>
        </extensions>
      </trkpt>
      <trkpt lat="42.33571828342974185943603515625" lon="-4.5930913276970386505126953125">
        <ele>815.20001220703125</ele>
        <time>2025-09-28T09:46:18.000Z</time>
        <extensions>
          <ns3:TrackPointExtension>
            <ns3:hr>112</ns3:hr>
            <ns3:cad>55</ns3:cad>
          </ns3:TrackPointExtension>
        </extensions>
      </trkpt>
      <trkpt lat="42.33577829785645008087158203125" lon="-4.59320984780788421630859375">
        <ele>815.79998779296875</ele>
        <time>2025-09-28T09:46:27.000Z</time>
        <extensions>
          <ns3:TrackPointExtension>
            <ns3:hr>111</ns3:hr>
            <ns3:cad>57</ns3:cad>
          </ns3:TrackPointExtension>
        </extensions>
      </trkpt>
      <trkpt lat="42.3357981629669666290283203125" lon="-4.5932539366185665130615234375">
        <ele>815.79998779296875</ele>
        <time>2025-09-28T09:46:30.000Z</time>
        <extensions>
          <ns3:TrackPointExtension>
            <ns3:hr>112</ns3:hr>
            <ns3:cad>57</ns3:cad>
          </ns3:TrackPointExtension>
        </extensions>
      </trkpt>
      <trkpt lat="42.33587100170552730560302734375" lon="-4.59340003319084644317626953125">
        <ele>815.5999755859375</ele>
        <time>2025-09-28T09:46:41.000Z</time>
        <extensions>
          <ns3:TrackPointExtension>
            <ns3:hr>113</ns3:hr>
            <ns3:cad>57</ns3:cad>
          </ns3:TrackPointExtension>
        </extensions>
      </trkpt>
      <trkpt lat="42.3359430022537708282470703125" lon="-4.5935283601284027099609375">
        <ele>815.79998779296875</ele>
        <time>2025-09-28T09:46:51.000Z</time>
        <extensions>
          <ns3:TrackPointExtension>
            <ns3:hr>113</ns3:hr>
            <ns3:cad>57</ns3:cad>
          </ns3:TrackPointExtension>
        </extensions>
      </trkpt>
      <trkpt lat="42.336027659475803375244140625" lon="-4.593686945736408233642578125">
        <ele>815.79998779296875</ele>
        <time>2025-09-28T09:47:03.000Z</time>
        <extensions>
          <ns3:TrackPointExtension>
            <ns3:hr>113</ns3:hr>
            <ns3:cad>57</ns3:cad>
          </ns3:TrackPointExtension>
        </extensions>
      </trkpt>
      <trkpt lat="42.33608490787446498870849609375" lon="-4.59380269981920719146728515625">
        <ele>815.5999755859375</ele>
        <time>2025-09-28T09:47:12.000Z</time>
        <extensions>
          <ns3:TrackPointExtension>
            <ns3:hr>113</ns3:hr>
            <ns3:cad>58</ns3:cad>
          </ns3:TrackPointExtension>
        </extensions>
      </trkpt>
      <trkpt lat="42.33617409132421016693115234375" lon="-4.59398760460317134857177734375">
        <ele>815.5999755859375</ele>
        <time>2025-09-28T09:47:25.000Z</time>
        <extensions>
          <ns3:TrackPointExtension>
            <ns3:hr>113</ns3:hr>
            <ns3:cad>57</ns3:cad>
          </ns3:TrackPointExtension>
        </extensions>
      </trkpt>
      <trkpt lat="42.33624391257762908935546875" lon="-4.594112746417522430419921875">
        <ele>815.4000244140625</ele>
        <time>2025-09-28T09:47:35.000Z</time>
        <extensions>
          <ns3:TrackPointExtension>
            <ns3:hr>117</ns3:hr>
            <ns3:cad>58</ns3:cad>
          </ns3:TrackPointExtension>
        </extensions>
      </trkpt>
      <trkpt lat="42.33625221066176891326904296875" lon="-4.5941259898245334625244140625">
        <ele>815.4000244140625</ele>
        <time>2025-09-28T09:47:36.000Z</time>
        <extensions>
          <ns3:TrackPointExtension>
            <ns3:hr>118</ns3:hr>
            <ns3:cad>59</ns3:cad>
          </ns3:TrackPointExtension>
        </extensions>
      </trkpt>
      <trkpt lat="42.3363278992474079132080078125" lon="-4.59428315050899982452392578125">
        <ele>815.5999755859375</ele>
        <time>2025-09-28T09:47:47.000Z</time>
        <extensions>
          <ns3:TrackPointExtension>
            <ns3:hr>119</ns3:hr>
            <ns3:cad>57</ns3:cad>
          </ns3:TrackPointExtension>
        </extensions>
      </trkpt>
      <trkpt lat="42.33641549013555049896240234375" lon="-4.59445648826658725738525390625">
        <ele>815.79998779296875</ele>
        <time>2025-09-28T09:48:00.000Z</time>
        <extensions>
          <ns3:TrackPointExtension>
            <ns3:hr>117</ns3:hr>
            <ns3:cad>58</ns3:cad>
          </ns3:TrackPointExtension>
        </extensions>
      </trkpt>
      <trkpt lat="42.3364900052547454833984375" lon="-4.59461264312267303466796875">
        <ele>816</ele>
        <time>2025-09-28T09:48:11.000Z</time>
        <extensions>
          <ns3:TrackPointExtension>
            <ns3:hr>115</ns3:hr>
            <ns3:cad>57</ns3:cad>
          </ns3:TrackPointExtension>
        </extensions>
      </trkpt>
      <trkpt lat="42.33656049706041812896728515625" lon="-4.5947385393083095550537109375">
        <ele>815.79998779296875</ele>
        <time>2025-09-28T09:48:21.000Z</time>
        <extensions>
          <ns3:TrackPointExtension>
            <ns3:hr>114</ns3:hr>
            <ns3:cad>57</ns3:cad>
          </ns3:TrackPointExtension>
        </extensions>
      </trkpt>
      <trkpt lat="42.33666677959263324737548828125" lon="-4.594936855137348175048828125">
        <ele>816.4000244140625</ele>
        <time>2025-09-28T09:48:36.000Z</time>
        <extensions>
          <ns3:TrackPointExtension>
            <ns3:hr>113</ns3:hr>
            <ns3:cad>58</ns3:cad>
          </ns3:TrackPointExtension>
        </extensions>
      </trkpt>
      <trkpt lat="42.33675730414688587188720703125" lon="-4.59510575048625469207763671875">
        <ele>816.5999755859375</ele>
        <time>2025-09-28T09:48:49.000Z</time>
        <extensions>
          <ns3:TrackPointExtension>
            <ns3:hr>113</ns3:hr>
            <ns3:cad>57</ns3:cad>
          </ns3:TrackPointExtension>
        </extensions>
      </trkpt>
      <trkpt lat="42.33684028498828411102294921875" lon="-4.59525662474334239959716796875">
        <ele>816.4000244140625</ele>
        <time>2025-09-28T09:49:00.000Z</time>
        <extensions>
          <ns3:TrackPointExtension>
            <ns3:hr>113</ns3:hr>
            <ns3:cad>57</ns3:cad>
          </ns3:TrackPointExtension>
        </extensions>
      </trkpt>
      <trkpt lat="42.3369169794023036956787109375" lon="-4.59539073519408702850341796875">
        <ele>816.4000244140625</ele>
        <time>2025-09-28T09:49:10.000Z</time>
        <extensions>
          <ns3:TrackPointExtension>
            <ns3:hr>113</ns3:hr>
            <ns3:cad>58</ns3:cad>
          </ns3:TrackPointExtension>
        </extensions>
      </trkpt>
      <trkpt lat="42.33698680065572261810302734375" lon="-4.59550154395401477813720703125">
        <ele>816.5999755859375</ele>
        <time>2025-09-28T09:49:19.000Z</time>
        <extensions>
          <ns3:TrackPointExtension>
            <ns3:hr>113</ns3:hr>
            <ns3:cad>57</ns3:cad>
          </ns3:TrackPointExtension>
        </extensions>
      </trkpt>
      <trkpt lat="42.33704061247408390045166015625" lon="-4.59559190087020397186279296875">
        <ele>816.4000244140625</ele>
        <time>2025-09-28T09:49:27.000Z</time>
        <extensions>
          <ns3:TrackPointExtension>
            <ns3:hr>112</ns3:hr>
            <ns3:cad>57</ns3:cad>
          </ns3:TrackPointExtension>
        </extensions>
      </trkpt>
      <trkpt lat="42.33713884837925434112548828125" lon="-4.595749564468860626220703125">
        <ele>816.5999755859375</ele>
        <time>2025-09-28T09:49:39.000Z</time>
        <extensions>
          <ns3:TrackPointExtension>
            <ns3:hr>112</ns3:hr>
            <ns3:cad>57</ns3:cad>
          </ns3:TrackPointExtension>
        </extensions>
      </trkpt>
      <trkpt lat="42.337205149233341217041015625" lon="-4.59587621502578258514404296875">
        <ele>816.5999755859375</ele>
        <time>2025-09-28T09:49:49.000Z</time>
        <extensions>
          <ns3:TrackPointExtension>
            <ns3:hr>112</ns3:hr>
            <ns3:cad>57</ns3:cad>
          </ns3:TrackPointExtension>
        </extensions>
      </trkpt>
      <trkpt lat="42.33725233934819698333740234375" lon="-4.59594058804214000701904296875">
        <ele>816.79998779296875</ele>
        <time>2025-09-28T09:49:55.000Z</time>
        <extensions>
          <ns3:TrackPointExtension>
            <ns3:hr>112</ns3:hr>
            <ns3:cad>59</ns3:cad>
          </ns3:TrackPointExtension>
        </extensions>
      </trkpt>
      <trkpt lat="42.33726918697357177734375" lon="-4.59596908651292324066162109375">
        <ele>816.5999755859375</ele>
        <time>2025-09-28T09:49:57.000Z</time>
        <extensions>
          <ns3:TrackPointExtension>
            <ns3:hr>112</ns3:hr>
            <ns3:cad>55</ns3:cad>
          </ns3:TrackPointExtension>
        </extensions>
      </trkpt>
      <trkpt lat="42.33728192746639251708984375" lon="-4.596091210842132568359375">
        <ele>816.5999755859375</ele>
        <time>2025-09-28T09:50:05.000Z</time>
        <extensions>
          <ns3:TrackPointExtension>
            <ns3:hr>114</ns3:hr>
            <ns3:cad>56</ns3:cad>
          </ns3:TrackPointExtension>
        </extensions>
      </trkpt>
      <trkpt lat="42.33728301711380481719970703125" lon="-4.596174694597721099853515625">
        <ele>817</ele>
        <time>2025-09-28T09:50:10.000Z</time>
        <extensions>
          <ns3:TrackPointExtension>
            <ns3:hr>117</ns3:hr>
            <ns3:cad>57</ns3:cad>
          </ns3:TrackPointExtension>
        </extensions>
      </trkpt>
      <trkpt lat="42.3372841067612171173095703125" lon="-4.59622221998870372772216796875">
        <ele>816.5999755859375</ele>
        <time>2025-09-28T09:50:13.000Z</time>
        <extensions>
          <ns3:TrackPointExtension>
            <ns3:hr>117</ns3:hr>
            <ns3:cad>56</ns3:cad>
          </ns3:TrackPointExtension>
        </extensions>
      </trkpt>
      <trkpt lat="42.3373214900493621826171875" lon="-4.59631408564746379852294921875">
        <ele>816.4000244140625</ele>
        <time>2025-09-28T09:50:20.000Z</time>
        <extensions>
          <ns3:TrackPointExtension>
            <ns3:hr>116</ns3:hr>
            <ns3:cad>57</ns3:cad>
          </ns3:TrackPointExtension>
        </extensions>
      </trkpt>
      <trkpt lat="42.33737203292548656463623046875" lon="-4.5964819751679897308349609375">
        <ele>816.4000244140625</ele>
        <time>2025-09-28T09:50:31.000Z</time>
        <extensions>
          <ns3:TrackPointExtension>
            <ns3:hr>115</ns3:hr>
            <ns3:cad>57</ns3:cad>
          </ns3:TrackPointExtension>
        </extensions>
      </trkpt>
      <trkpt lat="42.33737689442932605743408203125" lon="-4.5966745913028717041015625">
        <ele>816.5999755859375</ele>
        <time>2025-09-28T09:50:43.000Z</time>
        <extensions>
          <ns3:TrackPointExtension>
            <ns3:hr>114</ns3:hr>
            <ns3:cad>57</ns3:cad>
          </ns3:TrackPointExtension>
        </extensions>
      </trkpt>
      <trkpt lat="42.3373783193528652191162109375" lon="-4.596829153597354888916015625">
        <ele>816.5999755859375</ele>
        <time>2025-09-28T09:50:54.000Z</time>
        <extensions>
          <ns3:TrackPointExtension>
            <ns3:hr>113</ns3:hr>
            <ns3:cad>57</ns3:cad>
          </ns3:TrackPointExtension>
        </extensions>
      </trkpt>
      <trkpt lat="42.33737848699092864990234375" lon="-4.59704314358532428741455078125">
        <ele>816.79998779296875</ele>
        <time>2025-09-28T09:51:08.000Z</time>
        <extensions>
          <ns3:TrackPointExtension>
            <ns3:hr>113</ns3:hr>
            <ns3:cad>57</ns3:cad>
          </ns3:TrackPointExtension>
        </extensions>
      </trkpt>
      <trkpt lat="42.33738192357122898101806640625" lon="-4.59718815051019191741943359375">
        <ele>816.5999755859375</ele>
        <time>2025-09-28T09:51:17.000Z</time>
        <extensions>
          <ns3:TrackPointExtension>
            <ns3:hr>110</ns3:hr>
            <ns3:cad>57</ns3:cad>
          </ns3:TrackPointExtension>
        </extensions>
      </trkpt>
      <trkpt lat="42.337386198341846466064453125" lon="-4.597255624830722808837890625">
        <ele>816.79998779296875</ele>
        <time>2025-09-28T09:51:21.000Z</time>
        <extensions>
          <ns3:TrackPointExtension>
            <ns3:hr>110</ns3:hr>
            <ns3:cad>57</ns3:cad>
          </ns3:TrackPointExtension>
        </extensions>
      </trkpt>
      <trkpt lat="42.3373939096927642822265625" lon="-4.59741295315325260162353515625">
        <ele>817.20001220703125</ele>
        <time>2025-09-28T09:51:31.000Z</time>
        <extensions>
          <ns3:TrackPointExtension>
            <ns3:hr>110</ns3:hr>
            <ns3:cad>56</ns3:cad>
          </ns3:TrackPointExtension>
        </extensions>
      </trkpt>
      <trkpt lat="42.33740136958658695220947265625" lon="-4.59752862341701984405517578125">
        <ele>817.4000244140625</ele>
        <time>2025-09-28T09:51:39.000Z</time>
        <extensions>
          <ns3:TrackPointExtension>
            <ns3:hr>108</ns3:hr>
            <ns3:cad>56</ns3:cad>
          </ns3:TrackPointExtension>
        </extensions>
      </trkpt>
      <trkpt lat="42.33740421943366527557373046875" lon="-4.59769450128078460693359375">
        <ele>817.4000244140625</ele>
        <time>2025-09-28T09:51:49.000Z</time>
        <extensions>
          <ns3:TrackPointExtension>
            <ns3:hr>109</ns3:hr>
            <ns3:cad>57</ns3:cad>
          </ns3:TrackPointExtension>
        </extensions>
      </trkpt>
      <trkpt lat="42.33741193078458309173583984375" lon="-4.597851745784282684326171875">
        <ele>817.5999755859375</ele>
        <time>2025-09-28T09:51:59.000Z</time>
        <extensions>
          <ns3:TrackPointExtension>
            <ns3:hr>110</ns3:hr>
            <ns3:cad>57</ns3:cad>
          </ns3:TrackPointExtension>
        </extensions>
      </trkpt>
      <trkpt lat="42.33741846866905689239501953125" lon="-4.5979907177388668060302734375">
        <ele>817.5999755859375</ele>
        <time>2025-09-28T09:52:08.000Z</time>
        <extensions>
          <ns3:TrackPointExtension>
            <ns3:hr>111</ns3:hr>
            <ns3:cad>57</ns3:cad>
          </ns3:TrackPointExtension>
        </extensions>
      </trkpt>
      <trkpt lat="42.33741511590778827667236328125" lon="-4.5980782248079776763916015625">
        <ele>817.79998779296875</ele>
        <time>2025-09-28T09:52:14.000Z</time>
        <extensions>
          <ns3:TrackPointExtension>
            <ns3:hr>112</ns3:hr>
            <ns3:cad>57</ns3:cad>
          </ns3:TrackPointExtension>
        </extensions>
      </trkpt>
      <trkpt lat="42.33741411007940769195556640625" lon="-4.59817201830446720123291015625">
        <ele>817.79998779296875</ele>
        <time>2025-09-28T09:52:20.000Z</time>
        <extensions>
          <ns3:TrackPointExtension>
            <ns3:hr>111</ns3:hr>
            <ns3:cad>57</ns3:cad>
          </ns3:TrackPointExtension>
        </extensions>
      </trkpt>
      <trkpt lat="42.3374138586223125457763671875" lon="-4.59828995168209075927734375">
        <ele>818</ele>
        <time>2025-09-28T09:52:27.000Z</time>
        <extensions>
          <ns3:TrackPointExtension>
            <ns3:hr>112</ns3:hr>
            <ns3:cad>57</ns3:cad>
          </ns3:TrackPointExtension>
        </extensions>
      </trkpt>
      <trkpt lat="42.3373991064727306365966796875" lon="-4.59845549426972866058349609375">
        <ele>818.4000244140625</ele>
        <time>2025-09-28T09:52:38.000Z</time>
        <extensions>
          <ns3:TrackPointExtension>
            <ns3:hr>113</ns3:hr>
            <ns3:cad>57</ns3:cad>
          </ns3:TrackPointExtension>
        </extensions>
      </trkpt>
      <trkpt lat="42.33738519251346588134765625" lon="-4.59857719950377941131591796875">
        <ele>818.4000244140625</ele>
        <time>2025-09-28T09:52:46.000Z</time>
        <extensions>
          <ns3:TrackPointExtension>
            <ns3:hr>113</ns3:hr>
            <ns3:cad>54</ns3:cad>
          </ns3:TrackPointExtension>
        </extensions>
      </trkpt>
      <trkpt lat="42.33737857080996036529541015625" lon="-4.5987330190837383270263671875">
        <ele>818.79998779296875</ele>
        <time>2025-09-28T09:52:56.000Z</time>
        <extensions>
          <ns3:TrackPointExtension>
            <ns3:hr>115</ns3:hr>
            <ns3:cad>57</ns3:cad>
          </ns3:TrackPointExtension>
        </extensions>
      </trkpt>
      <trkpt lat="42.33737689442932605743408203125" lon="-4.5988007448613643646240234375">
        <ele>818.79998779296875</ele>
        <time>2025-09-28T09:53:00.000Z</time>
        <extensions>
          <ns3:TrackPointExtension>
            <ns3:hr>115</ns3:hr>
            <ns3:cad>57</ns3:cad>
          </ns3:TrackPointExtension>
        </extensions>
      </trkpt>
      <trkpt lat="42.3373724520206451416015625" lon="-4.59888045676052570343017578125">
        <ele>819</ele>
        <time>2025-09-28T09:53:06.000Z</time>
        <extensions>
          <ns3:TrackPointExtension>
            <ns3:hr>115</ns3:hr>
            <ns3:cad>57</ns3:cad>
          </ns3:TrackPointExtension>
        </extensions>
      </trkpt>
      <trkpt lat="42.33738209120929241180419921875" lon="-4.5990109629929065704345703125">
        <ele>819.20001220703125</ele>
        <time>2025-09-28T09:53:14.000Z</time>
        <extensions>
          <ns3:TrackPointExtension>
            <ns3:hr>115</ns3:hr>
            <ns3:cad>57</ns3:cad>
          </ns3:TrackPointExtension>
        </extensions>
      </trkpt>
      <trkpt lat="42.337401621043682098388671875" lon="-4.5991450734436511993408203125">
        <ele>819.4000244140625</ele>
        <time>2025-09-28T09:53:22.000Z</time>
        <extensions>
          <ns3:TrackPointExtension>
            <ns3:hr>115</ns3:hr>
            <ns3:cad>57</ns3:cad>
          </ns3:TrackPointExtension>
        </extensions>
      </trkpt>
      <trkpt lat="42.33739097602665424346923828125" lon="-4.59931480698287487030029296875">
        <ele>819.5999755859375</ele>
        <time>2025-09-28T09:53:33.000Z</time>
        <extensions>
          <ns3:TrackPointExtension>
            <ns3:hr>113</ns3:hr>
            <ns3:cad>57</ns3:cad>
          </ns3:TrackPointExtension>
        </extensions>
      </trkpt>
      <trkpt lat="42.33736868016421794891357421875" lon="-4.5994800142943859100341796875">
        <ele>819.4000244140625</ele>
        <time>2025-09-28T09:53:43.000Z</time>
        <extensions>
          <ns3:TrackPointExtension>
            <ns3:hr>113</ns3:hr>
            <ns3:cad>57</ns3:cad>
          </ns3:TrackPointExtension>
        </extensions>
      </trkpt>
      <trkpt lat="42.33735661022365093231201171875" lon="-4.59961739368736743927001953125">
        <ele>819.5999755859375</ele>
        <time>2025-09-28T09:53:52.000Z</time>
        <extensions>
          <ns3:TrackPointExtension>
            <ns3:hr>113</ns3:hr>
            <ns3:cad>57</ns3:cad>
          </ns3:TrackPointExtension>
        </extensions>
      </trkpt>
      <trkpt lat="42.3373575322329998016357421875" lon="-4.59973759017884731292724609375">
        <ele>819.5999755859375</ele>
        <time>2025-09-28T09:54:00.000Z</time>
        <extensions>
          <ns3:TrackPointExtension>
            <ns3:hr>112</ns3:hr>
            <ns3:cad>56</ns3:cad>
          </ns3:TrackPointExtension>
        </extensions>
      </trkpt>
      <trkpt lat="42.33732911758124828338623046875" lon="-4.59988259710371494293212890625">
        <ele>819.79998779296875</ele>
        <time>2025-09-28T09:54:10.000Z</time>
        <extensions>
          <ns3:TrackPointExtension>
            <ns3:hr>111</ns3:hr>
            <ns3:cad>57</ns3:cad>
          </ns3:TrackPointExtension>
        </extensions>
      </trkpt>
      <trkpt lat="42.3373028822243213653564453125" lon="-4.6000570245087146759033203125">
        <ele>819.79998779296875</ele>
        <time>2025-09-28T09:54:21.000Z</time>
        <extensions>
          <ns3:TrackPointExtension>
            <ns3:hr>112</ns3:hr>
            <ns3:cad>57</ns3:cad>
          </ns3:TrackPointExtension>
        </extensions>
      </trkpt>
      <trkpt lat="42.33727832324802875518798828125" lon="-4.60020915605127811431884765625">
        <ele>820.20001220703125</ele>
        <time>2025-09-28T09:54:31.000Z</time>
        <extensions>
          <ns3:TrackPointExtension>
            <ns3:hr>112</ns3:hr>
            <ns3:cad>56</ns3:cad>
          </ns3:TrackPointExtension>
        </extensions>
      </trkpt>
      <trkpt lat="42.33726181089878082275390625" lon="-4.60040143691003322601318359375">
        <ele>820</ele>
        <time>2025-09-28T09:54:44.000Z</time>
        <extensions>
          <ns3:TrackPointExtension>
            <ns3:hr>112</ns3:hr>
            <ns3:cad>57</ns3:cad>
          </ns3:TrackPointExtension>
        </extensions>
      </trkpt>
      <trkpt lat="42.33724295161664485931396484375" lon="-4.60053135640919208526611328125">
        <ele>820.5999755859375</ele>
        <time>2025-09-28T09:54:53.000Z</time>
        <extensions>
          <ns3:TrackPointExtension>
            <ns3:hr>112</ns3:hr>
            <ns3:cad>57</ns3:cad>
          </ns3:TrackPointExtension>
        </extensions>
      </trkpt>
      <trkpt lat="42.33723691664636135101318359375" lon="-4.60055314935743808746337890625">
        <ele>820.79998779296875</ele>
        <time>2025-09-28T09:54:55.000Z</time>
        <extensions>
          <ns3:TrackPointExtension>
            <ns3:hr>112</ns3:hr>
            <ns3:cad>57</ns3:cad>
          </ns3:TrackPointExtension>
        </extensions>
      </trkpt>
      <trkpt lat="42.33722719363868236541748046875" lon="-4.60065272636711597442626953125">
        <ele>820.79998779296875</ele>
        <time>2025-09-28T09:55:01.000Z</time>
        <extensions>
          <ns3:TrackPointExtension>
            <ns3:hr>111</ns3:hr>
            <ns3:cad>57</ns3:cad>
          </ns3:TrackPointExtension>
        </extensions>
      </trkpt>
      <trkpt lat="42.33719567768275737762451171875" lon="-4.6008201129734516143798828125">
        <ele>821.4000244140625</ele>
        <time>2025-09-28T09:55:12.000Z</time>
        <extensions>
          <ns3:TrackPointExtension>
            <ns3:hr>112</ns3:hr>
            <ns3:cad>56</ns3:cad>
          </ns3:TrackPointExtension>
        </extensions>
      </trkpt>
      <trkpt lat="42.33718411065638065338134765625" lon="-4.60085171274840831756591796875">
        <ele>821.4000244140625</ele>
        <time>2025-09-28T09:55:17.000Z</time>
        <extensions>
          <ns3:TrackPointExtension>
            <ns3:hr>112</ns3:hr>
            <ns3:cad>51</ns3:cad>
          </ns3:TrackPointExtension>
        </extensions>
      </trkpt>
      <trkpt lat="42.337201796472072601318359375" lon="-4.60097475908696651458740234375">
        <ele>821.4000244140625</ele>
        <time>2025-09-28T09:55:24.000Z</time>
        <extensions>
          <ns3:TrackPointExtension>
            <ns3:hr>113</ns3:hr>
            <ns3:cad>58</ns3:cad>
          </ns3:TrackPointExtension>
        </extensions>
      </trkpt>
      <trkpt lat="42.3371707834303379058837890625" lon="-4.601115323603153228759765625">
        <ele>821.79998779296875</ele>
        <time>2025-09-28T09:55:33.000Z</time>
        <extensions>
          <ns3:TrackPointExtension>
            <ns3:hr>111</ns3:hr>
            <ns3:cad>56</ns3:cad>
          </ns3:TrackPointExtension>
        </extensions>
      </trkpt>
      <trkpt lat="42.3371365852653980255126953125" lon="-4.6012090332806110382080078125">
        <ele>822</ele>
        <time>2025-09-28T09:55:39.000Z</time>
        <extensions>
          <ns3:TrackPointExtension>
            <ns3:hr>109</ns3:hr>
            <ns3:cad>57</ns3:cad>
          </ns3:TrackPointExtension>
        </extensions>
      </trkpt>
      <trkpt lat="42.33712644316256046295166015625" lon="-4.6012415550649166107177734375">
        <ele>822</ele>
        <time>2025-09-28T09:55:41.000Z</time>
        <extensions>
          <ns3:TrackPointExtension>
            <ns3:hr>110</ns3:hr>
            <ns3:cad>56</ns3:cad>
          </ns3:TrackPointExtension>
        </extensions>
      </trkpt>
      <trkpt lat="42.3371396027505397796630859375" lon="-4.601358063519001007080078125">
        <ele>822.5999755859375</ele>
        <time>2025-09-28T09:55:49.000Z</time>
        <extensions>
          <ns3:TrackPointExtension>
            <ns3:hr>111</ns3:hr>
            <ns3:cad>53</ns3:cad>
          </ns3:TrackPointExtension>
        </extensions>
      </trkpt>
      <trkpt lat="42.337166257202625274658203125" lon="-4.601419754326343536376953125">
        <ele>822.79998779296875</ele>
        <time>2025-09-28T09:55:54.000Z</time>
        <extensions>
          <ns3:TrackPointExtension>
            <ns3:hr>114</ns3:hr>
            <ns3:cad>55</ns3:cad>
          </ns3:TrackPointExtension>
        </extensions>
      </trkpt>
      <trkpt lat="42.3371764831244945526123046875" lon="-4.60144129581749439239501953125">
        <ele>822.79998779296875</ele>
        <time>2025-09-28T09:55:56.000Z</time>
        <extensions>
          <ns3:TrackPointExtension>
            <ns3:hr>114</ns3:hr>
            <ns3:cad>56</ns3:cad>
          </ns3:TrackPointExtension>
        </extensions>
      </trkpt>
      <trkpt lat="42.33718662522733211517333984375" lon="-4.60146878845989704132080078125">
        <ele>823</ele>
        <time>2025-09-28T09:55:58.000Z</time>
        <extensions>
          <ns3:TrackPointExtension>
            <ns3:hr>115</ns3:hr>
            <ns3:cad>56</ns3:cad>
          </ns3:TrackPointExtension>
        </extensions>
      </trkpt>
      <trkpt lat="42.337202467024326324462890625" lon="-4.60155956447124481201171875">
        <ele>823</ele>
        <time>2025-09-28T09:56:04.000Z</time>
        <extensions>
          <ns3:TrackPointExtension>
            <ns3:hr>115</ns3:hr>
            <ns3:cad>56</ns3:cad>
          </ns3:TrackPointExtension>
        </extensions>
      </trkpt>
      <trkpt lat="42.3372240923345088958740234375" lon="-4.6016727201640605926513671875">
        <ele>823.20001220703125</ele>
        <time>2025-09-28T09:56:12.000Z</time>
        <extensions>
          <ns3:TrackPointExtension>
            <ns3:hr>115</ns3:hr>
            <ns3:cad>51</ns3:cad>
          </ns3:TrackPointExtension>
        </extensions>
      </trkpt>
      <trkpt lat="42.3372519202530384063720703125" lon="-4.6017699502408504486083984375">
        <ele>823.4000244140625</ele>
        <time>2025-09-28T09:56:19.000Z</time>
        <extensions>
          <ns3:TrackPointExtension>
            <ns3:hr>115</ns3:hr>
            <ns3:cad>55</ns3:cad>
          </ns3:TrackPointExtension>
        </extensions>
      </trkpt>
      <trkpt lat="42.33725535683333873748779296875" lon="-4.60190800018608570098876953125">
        <ele>823.4000244140625</ele>
        <time>2025-09-28T09:56:28.000Z</time>
        <extensions>
          <ns3:TrackPointExtension>
            <ns3:hr>115</ns3:hr>
            <ns3:cad>57</ns3:cad>
          </ns3:TrackPointExtension>
        </extensions>
      </trkpt>
      <trkpt lat="42.3372519202530384063720703125" lon="-4.60194580256938934326171875">
        <ele>823.20001220703125</ele>
        <time>2025-09-28T09:56:33.000Z</time>
        <extensions>
          <ns3:TrackPointExtension>
            <ns3:hr>115</ns3:hr>
            <ns3:cad>0</ns3:cad>
          </ns3:TrackPointExtension>
        </extensions>
      </trkpt>
      <trkpt lat="42.3372442089021205902099609375" lon="-4.601950161159038543701171875">
        <ele>823.20001220703125</ele>
        <time>2025-09-28T09:56:35.000Z</time>
        <extensions>
          <ns3:TrackPointExtension>
            <ns3:hr>115</ns3:hr>
            <ns3:cad>0</ns3:cad>
          </ns3:TrackPointExtension>
        </extensions>
      </trkpt>
      <trkpt lat="42.33724161051213741302490234375" lon="-4.6019986085593700408935546875">
        <ele>823.20001220703125</ele>
        <time>2025-09-28T09:56:43.000Z</time>
        <extensions>
          <ns3:TrackPointExtension>
            <ns3:hr>113</ns3:hr>
            <ns3:cad>0</ns3:cad>
          </ns3:TrackPointExtension>
        </extensions>
      </trkpt>
      <trkpt lat="42.3372705280780792236328125" lon="-4.60212551057338714599609375">
        <ele>823.5999755859375</ele>
        <time>2025-09-28T09:56:51.000Z</time>
        <extensions>
          <ns3:TrackPointExtension>
            <ns3:hr>111</ns3:hr>
            <ns3:cad>58</ns3:cad>
          </ns3:TrackPointExtension>
        </extensions>
      </trkpt>
      <trkpt lat="42.337312437593936920166015625" lon="-4.60224679671227931976318359375">
        <ele>823.5999755859375</ele>
        <time>2025-09-28T09:56:58.000Z</time>
        <extensions>
          <ns3:TrackPointExtension>
            <ns3:hr>111</ns3:hr>
            <ns3:cad>57</ns3:cad>
          </ns3:TrackPointExtension>
        </extensions>
      </trkpt>
      <trkpt lat="42.3373541794717311859130859375" lon="-4.60239515639841556549072265625">
        <ele>824</ele>
        <time>2025-09-28T09:57:08.000Z</time>
        <extensions>
          <ns3:TrackPointExtension>
            <ns3:hr>111</ns3:hr>
            <ns3:cad>57</ns3:cad>
          </ns3:TrackPointExtension>
        </extensions>
      </trkpt>
      <trkpt lat="42.33739851973950862884521484375" lon="-4.60255826823413372039794921875">
        <ele>823.5999755859375</ele>
        <time>2025-09-28T09:57:18.000Z</time>
        <extensions>
          <ns3:TrackPointExtension>
            <ns3:hr>111</ns3:hr>
            <ns3:cad>58</ns3:cad>
          </ns3:TrackPointExtension>
        </extensions>
      </trkpt>
      <trkpt lat="42.33743875287473201751708984375" lon="-4.60267963819205760955810546875">
        <ele>823.5999755859375</ele>
        <time>2025-09-28T09:57:26.000Z</time>
        <extensions>
          <ns3:TrackPointExtension>
            <ns3:hr>113</ns3:hr>
            <ns3:cad>58</ns3:cad>
          </ns3:TrackPointExtension>
        </extensions>
      </trkpt>
      <trkpt lat="42.3374597914516925811767578125" lon="-4.60275641642510890960693359375">
        <ele>823.4000244140625</ele>
        <time>2025-09-28T09:57:34.000Z</time>
        <extensions>
          <ns3:TrackPointExtension>
            <ns3:hr>113</ns3:hr>
            <ns3:cad>57</ns3:cad>
          </ns3:TrackPointExtension>
        </extensions>
      </trkpt>
      <trkpt lat="42.3374859429895877838134765625" lon="-4.60287426598370075225830078125">
        <ele>823.4000244140625</ele>
        <time>2025-09-28T09:57:41.000Z</time>
        <extensions>
          <ns3:TrackPointExtension>
            <ns3:hr>113</ns3:hr>
            <ns3:cad>58</ns3:cad>
          </ns3:TrackPointExtension>
        </extensions>
      </trkpt>
      <trkpt lat="42.33752667903900146484375" lon="-4.60300720296800136566162109375">
        <ele>823.20001220703125</ele>
        <time>2025-09-28T09:57:49.000Z</time>
        <extensions>
          <ns3:TrackPointExtension>
            <ns3:hr>114</ns3:hr>
            <ns3:cad>58</ns3:cad>
          </ns3:TrackPointExtension>
        </extensions>
      </trkpt>
      <trkpt lat="42.337559871375560760498046875" lon="-4.603128321468830108642578125">
        <ele>823</ele>
        <time>2025-09-28T09:57:57.000Z</time>
        <extensions>
          <ns3:TrackPointExtension>
            <ns3:hr>112</ns3:hr>
            <ns3:cad>58</ns3:cad>
          </ns3:TrackPointExtension>
        </extensions>
      </trkpt>
      <trkpt lat="42.337596751749515533447265625" lon="-4.603300653398036956787109375">
        <ele>823.20001220703125</ele>
        <time>2025-09-28T09:58:08.000Z</time>
        <extensions>
          <ns3:TrackPointExtension>
            <ns3:hr>111</ns3:hr>
            <ns3:cad>57</ns3:cad>
          </ns3:TrackPointExtension>
        </extensions>
      </trkpt>
      <trkpt lat="42.337647713720798492431640625" lon="-4.6034644357860088348388671875">
        <ele>823.20001220703125</ele>
        <time>2025-09-28T09:58:18.000Z</time>
        <extensions>
          <ns3:TrackPointExtension>
            <ns3:hr>113</ns3:hr>
            <ns3:cad>57</ns3:cad>
          </ns3:TrackPointExtension>
        </extensions>
      </trkpt>
      <trkpt lat="42.3377216421067714691162109375" lon="-4.6035807766020298004150390625">
        <ele>823.5999755859375</ele>
        <time>2025-09-28T09:58:27.000Z</time>
        <extensions>
          <ns3:TrackPointExtension>
            <ns3:hr>114</ns3:hr>
            <ns3:cad>58</ns3:cad>
          </ns3:TrackPointExtension>
        </extensions>
      </trkpt>
      <trkpt lat="42.33777235262095928192138671875" lon="-4.60363291203975677490234375">
        <ele>823.79998779296875</ele>
        <time>2025-09-28T09:58:32.000Z</time>
        <extensions>
          <ns3:TrackPointExtension>
            <ns3:hr>117</ns3:hr>
            <ns3:cad>57</ns3:cad>
          </ns3:TrackPointExtension>
        </extensions>
      </trkpt>
      <trkpt lat="42.3377989232540130615234375" lon="-4.60365235805511474609375">
        <ele>823.79998779296875</ele>
        <time>2025-09-28T09:58:35.000Z</time>
        <extensions>
          <ns3:TrackPointExtension>
            <ns3:hr>117</ns3:hr>
            <ns3:cad>57</ns3:cad>
          </ns3:TrackPointExtension>
        </extensions>
      </trkpt>
      <trkpt lat="42.33789078891277313232421875" lon="-4.60370055399835109710693359375">
        <ele>823.79998779296875</ele>
        <time>2025-09-28T09:58:43.000Z</time>
        <extensions>
          <ns3:TrackPointExtension>
            <ns3:hr>118</ns3:hr>
            <ns3:cad>58</ns3:cad>
          </ns3:TrackPointExtension>
        </extensions>
      </trkpt>
      <trkpt lat="42.33798072673380374908447265625" lon="-4.6037319861352443695068359375">
        <ele>823.5999755859375</ele>
        <time>2025-09-28T09:58:50.000Z</time>
        <extensions>
          <ns3:TrackPointExtension>
            <ns3:hr>118</ns3:hr>
            <ns3:cad>59</ns3:cad>
          </ns3:TrackPointExtension>
        </extensions>
      </trkpt>
      <trkpt lat="42.33808382414281368255615234375" lon="-4.60369854234158992767333984375">
        <ele>823.5999755859375</ele>
        <time>2025-09-28T09:58:57.000Z</time>
        <extensions>
          <ns3:TrackPointExtension>
            <ns3:hr>114</ns3:hr>
            <ns3:cad>58</ns3:cad>
          </ns3:TrackPointExtension>
        </extensions>
      </trkpt>
      <trkpt lat="42.33807929791510105133056640625" lon="-4.60369418375194072723388671875">
        <ele>824</ele>
        <time>2025-09-28T09:59:00.000Z</time>
        <extensions>
          <ns3:TrackPointExtension>
            <ns3:hr>111</ns3:hr>
            <ns3:cad>0</ns3:cad>
          </ns3:TrackPointExtension>
        </extensions>
      </trkpt>
      <trkpt lat="42.33807929791510105133056640625" lon="-4.6037041582167148590087890625">
        <ele>824.20001220703125</ele>
        <time>2025-09-28T09:59:02.000Z</time>
        <extensions>
          <ns3:TrackPointExtension>
            <ns3:hr>111</ns3:hr>
            <ns3:cad>0</ns3:cad>
          </ns3:TrackPointExtension>
        </extensions>
      </trkpt>
      <trkpt lat="42.3381038568913936614990234375" lon="-4.60370860062539577484130859375">
        <ele>823.4000244140625</ele>
        <time>2025-09-28T09:59:11.000Z</time>
        <extensions>
          <ns3:TrackPointExtension>
            <ns3:hr>111</ns3:hr>
            <ns3:cad>51</ns3:cad>
          </ns3:TrackPointExtension>
        </extensions>
      </trkpt>
      <trkpt lat="42.338214330375194549560546875" lon="-4.6037041582167148590087890625">
        <ele>823.4000244140625</ele>
        <time>2025-09-28T09:59:20.000Z</time>
        <extensions>
          <ns3:TrackPointExtension>
            <ns3:hr>112</ns3:hr>
            <ns3:cad>58</ns3:cad>
          </ns3:TrackPointExtension>
        </extensions>
      </trkpt>
      <trkpt lat="42.33830493874847888946533203125" lon="-4.60368446074426174163818359375">
        <ele>824.20001220703125</ele>
        <time>2025-09-28T09:59:28.000Z</time>
        <extensions>
          <ns3:TrackPointExtension>
            <ns3:hr>111</ns3:hr>
            <ns3:cad>57</ns3:cad>
          </ns3:TrackPointExtension>
        </extensions>
      </trkpt>
      <trkpt lat="42.33838540501892566680908203125" lon="-4.6037058345973491668701171875">
        <ele>823.79998779296875</ele>
        <time>2025-09-28T09:59:35.000Z</time>
        <extensions>
          <ns3:TrackPointExtension>
            <ns3:hr>111</ns3:hr>
            <ns3:cad>58</ns3:cad>
          </ns3:TrackPointExtension>
        </extensions>
      </trkpt>
      <trkpt lat="42.3384760133922100067138671875" lon="-4.603699631989002227783203125">
        <ele>823.79998779296875</ele>
        <time>2025-09-28T09:59:42.000Z</time>
        <extensions>
          <ns3:TrackPointExtension>
            <ns3:hr>111</ns3:hr>
            <ns3:cad>57</ns3:cad>
          </ns3:TrackPointExtension>
        </extensions>
      </trkpt>
      <trkpt lat="42.33858338557183742523193359375" lon="-4.603688232600688934326171875">
        <ele>824</ele>
        <time>2025-09-28T09:59:51.000Z</time>
        <extensions>
          <ns3:TrackPointExtension>
            <ns3:hr>111</ns3:hr>
            <ns3:cad>56</ns3:cad>
          </ns3:TrackPointExtension>
        </extensions>
      </trkpt>
      <trkpt lat="42.3386920988559722900390625" lon="-4.6037168987095355987548828125">
        <ele>824.20001220703125</ele>
        <time>2025-09-28T10:00:00.000Z</time>
        <extensions>
          <ns3:TrackPointExtension>
            <ns3:hr>110</ns3:hr>
            <ns3:cad>57</ns3:cad>
          </ns3:TrackPointExtension>
        </extensions>
      </trkpt>
      <trkpt lat="42.33878036029636859893798828125" lon="-4.60372745990753173828125">
        <ele>824.4000244140625</ele>
        <time>2025-09-28T10:00:07.000Z</time>
        <extensions>
          <ns3:TrackPointExtension>
            <ns3:hr>109</ns3:hr>
            <ns3:cad>57</ns3:cad>
          </ns3:TrackPointExtension>
        </extensions>
      </trkpt>
      <trkpt lat="42.33889653347432613372802734375" lon="-4.60371203720569610595703125">
        <ele>824.79998779296875</ele>
        <time>2025-09-28T10:00:16.000Z</time>
        <extensions>
          <ns3:TrackPointExtension>
            <ns3:hr>111</ns3:hr>
            <ns3:cad>57</ns3:cad>
          </ns3:TrackPointExtension>
        </extensions>
      </trkpt>
      <trkpt lat="42.33895202167332172393798828125" lon="-4.6037370152771472930908203125">
        <ele>825</ele>
        <time>2025-09-28T10:00:21.000Z</time>
        <extensions>
          <ns3:TrackPointExtension>
            <ns3:hr>113</ns3:hr>
            <ns3:cad>57</ns3:cad>
          </ns3:TrackPointExtension>
        </extensions>
      </trkpt>
      <trkpt lat="42.33898580074310302734375" lon="-4.60374095477163791656494140625">
        <ele>825</ele>
        <time>2025-09-28T10:00:24.000Z</time>
        <extensions>
          <ns3:TrackPointExtension>
            <ns3:hr>112</ns3:hr>
            <ns3:cad>57</ns3:cad>
          </ns3:TrackPointExtension>
        </extensions>
      </trkpt>
      <trkpt lat="42.33908043242990970611572265625" lon="-4.60376970469951629638671875">
        <ele>825.4000244140625</ele>
        <time>2025-09-28T10:00:32.000Z</time>
        <extensions>
          <ns3:TrackPointExtension>
            <ns3:hr>112</ns3:hr>
            <ns3:cad>57</ns3:cad>
          </ns3:TrackPointExtension>
        </extensions>
      </trkpt>
      <trkpt lat="42.33919040299952030181884765625" lon="-4.60382309742271900177001953125">
        <ele>825.79998779296875</ele>
        <time>2025-09-28T10:00:42.000Z</time>
        <extensions>
          <ns3:TrackPointExtension>
            <ns3:hr>113</ns3:hr>
            <ns3:cad>56</ns3:cad>
          </ns3:TrackPointExtension>
        </extensions>
      </trkpt>
      <trkpt lat="42.33921940438449382781982421875" lon="-4.60385142825543880462646484375">
        <ele>826</ele>
        <time>2025-09-28T10:00:45.000Z</time>
        <extensions>
          <ns3:TrackPointExtension>
            <ns3:hr>114</ns3:hr>
            <ns3:cad>56</ns3:cad>
          </ns3:TrackPointExtension>
        </extensions>
      </trkpt>
      <trkpt lat="42.339276485145092010498046875" lon="-4.6038925834000110626220703125">
        <ele>826</ele>
        <time>2025-09-28T10:00:50.000Z</time>
        <extensions>
          <ns3:TrackPointExtension>
            <ns3:hr>114</ns3:hr>
            <ns3:cad>55</ns3:cad>
          </ns3:TrackPointExtension>
        </extensions>
      </trkpt>
      <trkpt lat="42.33933742158114910125732421875" lon="-4.603926949203014373779296875">
        <ele>826</ele>
        <time>2025-09-28T10:00:56.000Z</time>
        <extensions>
          <ns3:TrackPointExtension>
            <ns3:hr>114</ns3:hr>
            <ns3:cad>55</ns3:cad>
          </ns3:TrackPointExtension>
        </extensions>
      </trkpt>
      <trkpt lat="42.33944823034107685089111328125" lon="-4.6039817668497562408447265625">
        <ele>826.5999755859375</ele>
        <time>2025-09-28T10:01:06.000Z</time>
        <extensions>
          <ns3:TrackPointExtension>
            <ns3:hr>113</ns3:hr>
            <ns3:cad>54</ns3:cad>
          </ns3:TrackPointExtension>
        </extensions>
      </trkpt>
      <trkpt lat="42.3394919000566005706787109375" lon="-4.603996016085147857666015625">
        <ele>826.79998779296875</ele>
        <time>2025-09-28T10:01:11.000Z</time>
        <extensions>
          <ns3:TrackPointExtension>
            <ns3:hr>113</ns3:hr>
            <ns3:cad>53</ns3:cad>
          </ns3:TrackPointExtension>
        </extensions>
      </trkpt>
      <trkpt lat="42.3395596258342266082763671875" lon="-4.6039985306560993194580078125">
        <ele>826.79998779296875</ele>
        <time>2025-09-28T10:01:16.000Z</time>
        <extensions>
          <ns3:TrackPointExtension>
            <ns3:hr>116</ns3:hr>
            <ns3:cad>56</ns3:cad>
          </ns3:TrackPointExtension>
        </extensions>
      </trkpt>
      <trkpt lat="42.3395716957747936248779296875" lon="-4.60400037467479705810546875">
        <ele>827</ele>
        <time>2025-09-28T10:01:17.000Z</time>
        <extensions>
          <ns3:TrackPointExtension>
            <ns3:hr>116</ns3:hr>
            <ns3:cad>56</ns3:cad>
          </ns3:TrackPointExtension>
        </extensions>
      </trkpt>
      <trkpt lat="42.33959223143756389617919921875" lon="-4.60400708019733428955078125">
        <ele>827</ele>
        <time>2025-09-28T10:01:19.000Z</time>
        <extensions>
          <ns3:TrackPointExtension>
            <ns3:hr>116</ns3:hr>
            <ns3:cad>56</ns3:cad>
          </ns3:TrackPointExtension>
        </extensions>
      </trkpt>
      <trkpt lat="42.339668087661266326904296875" lon="-4.6040199883282184600830078125">
        <ele>827.20001220703125</ele>
        <time>2025-09-28T10:01:26.000Z</time>
        <extensions>
          <ns3:TrackPointExtension>
            <ns3:hr>117</ns3:hr>
            <ns3:cad>55</ns3:cad>
          </ns3:TrackPointExtension>
        </extensions>
      </trkpt>
      <trkpt lat="42.33976288698613643646240234375" lon="-4.6040426194667816162109375">
        <ele>827.79998779296875</ele>
        <time>2025-09-28T10:01:35.000Z</time>
        <extensions>
          <ns3:TrackPointExtension>
            <ns3:hr>117</ns3:hr>
            <ns3:cad>54</ns3:cad>
          </ns3:TrackPointExtension>
        </extensions>
      </trkpt>
      <trkpt lat="42.33978384174406528472900390625" lon="-4.6040488220751285552978515625">
        <ele>828.20001220703125</ele>
        <time>2025-09-28T10:01:37.000Z</time>
        <extensions>
          <ns3:TrackPointExtension>
            <ns3:hr>117</ns3:hr>
            <ns3:cad>55</ns3:cad>
          </ns3:TrackPointExtension>
        </extensions>
      </trkpt>
      <trkpt lat="42.33979842625558376312255859375" lon="-4.6040479838848114013671875">
        <ele>828.5999755859375</ele>
        <time>2025-09-28T10:01:39.000Z</time>
        <extensions>
          <ns3:TrackPointExtension>
            <ns3:hr>117</ns3:hr>
            <ns3:cad>54</ns3:cad>
          </ns3:TrackPointExtension>
        </extensions>
      </trkpt>
    </trkseg>
  </trk>
</gpx>
