<?xml version="1.0" encoding="UTF-8"?>
<gpx creator="Garmin Connect" version="1.1"
  xsi:schemaLocation="http://www.topografix.com/GPX/1/1 http://www.topografix.com/GPX/11.xsd"
  xmlns:ns3="http://www.garmin.com/xmlschemas/TrackPointExtension/v1"
  xmlns="http://www.topografix.com/GPX/1/1"
  xmlns:xsi="http://www.w3.org/2001/XMLSchema-instance" xmlns:ns2="http://www.garmin.com/xmlschemas/GpxExtensions/v3">
  <metadata>
    <link href="connect.garmin.com">
      <text>Garmin Connect</text>
    </link>
    <time>2025-10-05T05:07:08.000Z</time>
  </metadata>
  <trk>
    <name>Day 22 Hospital de Órbigo -&gt; Astorga</name>
    <desc></desc>
    <type>hiking</type>
    <trkseg>
      <trkpt lat="42.463501654565334320068359375" lon="-5.8844514191150665283203125">
        <ele>816.4000244140625</ele>
        <time>2025-10-05T05:07:15.000Z</time>
        <extensions>
          <ns3:TrackPointExtension>
            <ns3:hr>96</ns3:hr>
            <ns3:cad>51</ns3:cad>
          </ns3:TrackPointExtension>
        </extensions>
      </trkpt>
      <trkpt lat="42.46344742365181446075439453125" lon="-5.8845783211290836334228515625">
        <ele>816.79998779296875</ele>
        <time>2025-10-05T05:07:22.000Z</time>
        <extensions>
          <ns3:TrackPointExtension>
            <ns3:hr>99</ns3:hr>
            <ns3:cad>54</ns3:cad>
          </ns3:TrackPointExtension>
        </extensions>
      </trkpt>
      <trkpt lat="42.4634397961199283599853515625" lon="-5.8846614696085453033447265625">
        <ele>816.5999755859375</ele>
        <time>2025-10-05T05:07:27.000Z</time>
        <extensions>
          <ns3:TrackPointExtension>
            <ns3:hr>102</ns3:hr>
            <ns3:cad>57</ns3:cad>
          </ns3:TrackPointExtension>
        </extensions>
      </trkpt>
      <trkpt lat="42.46343032456934452056884765625" lon="-5.8847265131771564483642578125">
        <ele>816.79998779296875</ele>
        <time>2025-10-05T05:07:31.000Z</time>
        <extensions>
          <ns3:TrackPointExtension>
            <ns3:hr>104</ns3:hr>
            <ns3:cad>57</ns3:cad>
          </ns3:TrackPointExtension>
        </extensions>
      </trkpt>
      <trkpt lat="42.463403753936290740966796875" lon="-5.88483162224292755126953125">
        <ele>816.5999755859375</ele>
        <time>2025-10-05T05:07:39.000Z</time>
        <extensions>
          <ns3:TrackPointExtension>
            <ns3:hr>107</ns3:hr>
            <ns3:cad>57</ns3:cad>
          </ns3:TrackPointExtension>
        </extensions>
      </trkpt>
      <trkpt lat="42.46340249665081501007080078125" lon="-5.884977467358112335205078125">
        <ele>816.5999755859375</ele>
        <time>2025-10-05T05:07:47.000Z</time>
        <extensions>
          <ns3:TrackPointExtension>
            <ns3:hr>108</ns3:hr>
            <ns3:cad>57</ns3:cad>
          </ns3:TrackPointExtension>
        </extensions>
      </trkpt>
      <trkpt lat="42.46337584219872951507568359375" lon="-5.8850869350135326385498046875">
        <ele>816.5999755859375</ele>
        <time>2025-10-05T05:07:55.000Z</time>
        <extensions>
          <ns3:TrackPointExtension>
            <ns3:hr>108</ns3:hr>
            <ns3:cad>58</ns3:cad>
          </ns3:TrackPointExtension>
        </extensions>
      </trkpt>
      <trkpt lat="42.46335673145949840545654296875" lon="-5.88522347621619701385498046875">
        <ele>816.79998779296875</ele>
        <time>2025-10-05T05:08:03.000Z</time>
        <extensions>
          <ns3:TrackPointExtension>
            <ns3:hr>109</ns3:hr>
            <ns3:cad>57</ns3:cad>
          </ns3:TrackPointExtension>
        </extensions>
      </trkpt>
      <trkpt lat="42.46333502233028411865234375" lon="-5.8853561617434024810791015625">
        <ele>817</ele>
        <time>2025-10-05T05:08:14.000Z</time>
        <extensions>
          <ns3:TrackPointExtension>
            <ns3:hr>108</ns3:hr>
            <ns3:cad>56</ns3:cad>
          </ns3:TrackPointExtension>
        </extensions>
      </trkpt>
      <trkpt lat="42.4633127264678478240966796875" lon="-5.88547292165458202362060546875">
        <ele>817.20001220703125</ele>
        <time>2025-10-05T05:08:22.000Z</time>
        <extensions>
          <ns3:TrackPointExtension>
            <ns3:hr>107</ns3:hr>
            <ns3:cad>57</ns3:cad>
          </ns3:TrackPointExtension>
        </extensions>
      </trkpt>
      <trkpt lat="42.46329939924180507659912109375" lon="-5.885542072355747222900390625">
        <ele>817.4000244140625</ele>
        <time>2025-10-05T05:08:26.000Z</time>
        <extensions>
          <ns3:TrackPointExtension>
            <ns3:hr>108</ns3:hr>
            <ns3:cad>57</ns3:cad>
          </ns3:TrackPointExtension>
        </extensions>
      </trkpt>
      <trkpt lat="42.463288418948650360107421875" lon="-5.8855932019650936126708984375">
        <ele>817.5999755859375</ele>
        <time>2025-10-05T05:08:29.000Z</time>
        <extensions>
          <ns3:TrackPointExtension>
            <ns3:hr>108</ns3:hr>
            <ns3:cad>57</ns3:cad>
          </ns3:TrackPointExtension>
        </extensions>
      </trkpt>
      <trkpt lat="42.46329470537602901458740234375" lon="-5.8857088722288608551025390625">
        <ele>817.4000244140625</ele>
        <time>2025-10-05T05:08:35.000Z</time>
        <extensions>
          <ns3:TrackPointExtension>
            <ns3:hr>108</ns3:hr>
            <ns3:cad>57</ns3:cad>
          </ns3:TrackPointExtension>
        </extensions>
      </trkpt>
      <trkpt lat="42.46332119219005107879638671875" lon="-5.88581808842718601226806640625">
        <ele>817.79998779296875</ele>
        <time>2025-10-05T05:08:43.000Z</time>
        <extensions>
          <ns3:TrackPointExtension>
            <ns3:hr>110</ns3:hr>
            <ns3:cad>57</ns3:cad>
          </ns3:TrackPointExtension>
        </extensions>
      </trkpt>
      <trkpt lat="42.463315241038799285888671875" lon="-5.88591733016073703765869140625">
        <ele>817.5999755859375</ele>
        <time>2025-10-05T05:08:50.000Z</time>
        <extensions>
          <ns3:TrackPointExtension>
            <ns3:hr>113</ns3:hr>
            <ns3:cad>56</ns3:cad>
          </ns3:TrackPointExtension>
        </extensions>
      </trkpt>
      <trkpt lat="42.46330945752561092376708984375" lon="-5.8859561383724212646484375">
        <ele>817.79998779296875</ele>
        <time>2025-10-05T05:08:53.000Z</time>
        <extensions>
          <ns3:TrackPointExtension>
            <ns3:hr>112</ns3:hr>
            <ns3:cad>56</ns3:cad>
          </ns3:TrackPointExtension>
        </extensions>
      </trkpt>
      <trkpt lat="42.4633184261620044708251953125" lon="-5.88610340841114521026611328125">
        <ele>817.4000244140625</ele>
        <time>2025-10-05T05:09:03.000Z</time>
        <extensions>
          <ns3:TrackPointExtension>
            <ns3:hr>112</ns3:hr>
            <ns3:cad>56</ns3:cad>
          </ns3:TrackPointExtension>
        </extensions>
      </trkpt>
      <trkpt lat="42.4633244611322879791259765625" lon="-5.88627322576940059661865234375">
        <ele>817.4000244140625</ele>
        <time>2025-10-05T05:09:14.000Z</time>
        <extensions>
          <ns3:TrackPointExtension>
            <ns3:hr>112</ns3:hr>
            <ns3:cad>58</ns3:cad>
          </ns3:TrackPointExtension>
        </extensions>
      </trkpt>
      <trkpt lat="42.46332085691392421722412109375" lon="-5.88643415831029415130615234375">
        <ele>817.79998779296875</ele>
        <time>2025-10-05T05:09:24.000Z</time>
        <extensions>
          <ns3:TrackPointExtension>
            <ns3:hr>114</ns3:hr>
            <ns3:cad>57</ns3:cad>
          </ns3:TrackPointExtension>
        </extensions>
      </trkpt>
      <trkpt lat="42.46332353912293910980224609375" lon="-5.8865943364799022674560546875">
        <ele>818</ele>
        <time>2025-10-05T05:09:35.000Z</time>
        <extensions>
          <ns3:TrackPointExtension>
            <ns3:hr>111</ns3:hr>
            <ns3:cad>56</ns3:cad>
          </ns3:TrackPointExtension>
        </extensions>
      </trkpt>
      <trkpt lat="42.4633066914975643157958984375" lon="-5.8867167122662067413330078125">
        <ele>817.5999755859375</ele>
        <time>2025-10-05T05:09:43.000Z</time>
        <extensions>
          <ns3:TrackPointExtension>
            <ns3:hr>110</ns3:hr>
            <ns3:cad>57</ns3:cad>
          </ns3:TrackPointExtension>
        </extensions>
      </trkpt>
      <trkpt lat="42.4633013270795345306396484375" lon="-5.88683229871094226837158203125">
        <ele>817.5999755859375</ele>
        <time>2025-10-05T05:09:50.000Z</time>
        <extensions>
          <ns3:TrackPointExtension>
            <ns3:hr>109</ns3:hr>
            <ns3:cad>58</ns3:cad>
          </ns3:TrackPointExtension>
        </extensions>
      </trkpt>
      <trkpt lat="42.46328003704547882080078125" lon="-5.8869458734989166259765625">
        <ele>817.79998779296875</ele>
        <time>2025-10-05T05:09:58.000Z</time>
        <extensions>
          <ns3:TrackPointExtension>
            <ns3:hr>110</ns3:hr>
            <ns3:cad>58</ns3:cad>
          </ns3:TrackPointExtension>
        </extensions>
      </trkpt>
      <trkpt lat="42.46327777393162250518798828125" lon="-5.88709197007119655609130859375">
        <ele>817.79998779296875</ele>
        <time>2025-10-05T05:10:07.000Z</time>
        <extensions>
          <ns3:TrackPointExtension>
            <ns3:hr>108</ns3:hr>
            <ns3:cad>57</ns3:cad>
          </ns3:TrackPointExtension>
        </extensions>
      </trkpt>
      <trkpt lat="42.46325246058404445648193359375" lon="-5.88724636472761631011962890625">
        <ele>818</ele>
        <time>2025-10-05T05:10:15.000Z</time>
        <extensions>
          <ns3:TrackPointExtension>
            <ns3:hr>107</ns3:hr>
            <ns3:cad>58</ns3:cad>
          </ns3:TrackPointExtension>
        </extensions>
      </trkpt>
      <trkpt lat="42.4632054381072521209716796875" lon="-5.88738550432026386260986328125">
        <ele>818.20001220703125</ele>
        <time>2025-10-05T05:10:26.000Z</time>
        <extensions>
          <ns3:TrackPointExtension>
            <ns3:hr>108</ns3:hr>
            <ns3:cad>57</ns3:cad>
          </ns3:TrackPointExtension>
        </extensions>
      </trkpt>
      <trkpt lat="42.46319881640374660491943359375" lon="-5.8873705007135868072509765625">
        <ele>818.20001220703125</ele>
        <time>2025-10-05T05:10:33.000Z</time>
        <extensions>
          <ns3:TrackPointExtension>
            <ns3:hr>108</ns3:hr>
            <ns3:cad>0</ns3:cad>
          </ns3:TrackPointExtension>
        </extensions>
      </trkpt>
      <trkpt lat="42.4631745927035808563232421875" lon="-5.88742255233228206634521484375">
        <ele>818.20001220703125</ele>
        <time>2025-10-05T05:10:40.000Z</time>
        <extensions>
          <ns3:TrackPointExtension>
            <ns3:hr>109</ns3:hr>
            <ns3:cad>0</ns3:cad>
          </ns3:TrackPointExtension>
        </extensions>
      </trkpt>
      <trkpt lat="42.4631491117179393768310546875" lon="-5.88750704191625118255615234375">
        <ele>818.20001220703125</ele>
        <time>2025-10-05T05:10:46.000Z</time>
        <extensions>
          <ns3:TrackPointExtension>
            <ns3:hr>111</ns3:hr>
            <ns3:cad>57</ns3:cad>
          </ns3:TrackPointExtension>
        </extensions>
      </trkpt>
      <trkpt lat="42.46313042007386684417724609375" lon="-5.88763075880706310272216796875">
        <ele>818.4000244140625</ele>
        <time>2025-10-05T05:10:56.000Z</time>
        <extensions>
          <ns3:TrackPointExtension>
            <ns3:hr>113</ns3:hr>
            <ns3:cad>0</ns3:cad>
          </ns3:TrackPointExtension>
        </extensions>
      </trkpt>
      <trkpt lat="42.46310393325984477996826171875" lon="-5.8876957185566425323486328125">
        <ele>818.4000244140625</ele>
        <time>2025-10-05T05:11:03.000Z</time>
        <extensions>
          <ns3:TrackPointExtension>
            <ns3:hr>111</ns3:hr>
            <ns3:cad>0</ns3:cad>
          </ns3:TrackPointExtension>
        </extensions>
      </trkpt>
      <trkpt lat="42.46309990994632244110107421875" lon="-5.8877369575202465057373046875">
        <ele>818.4000244140625</ele>
        <time>2025-10-05T05:11:05.000Z</time>
        <extensions>
          <ns3:TrackPointExtension>
            <ns3:hr>111</ns3:hr>
            <ns3:cad>57</ns3:cad>
          </ns3:TrackPointExtension>
        </extensions>
      </trkpt>
      <trkpt lat="42.46309228241443634033203125" lon="-5.88782907463610172271728515625">
        <ele>818.5999755859375</ele>
        <time>2025-10-05T05:11:10.000Z</time>
        <extensions>
          <ns3:TrackPointExtension>
            <ns3:hr>112</ns3:hr>
            <ns3:cad>58</ns3:cad>
          </ns3:TrackPointExtension>
        </extensions>
      </trkpt>
      <trkpt lat="42.46304961852729320526123046875" lon="-5.887974165380001068115234375">
        <ele>818.79998779296875</ele>
        <time>2025-10-05T05:11:20.000Z</time>
        <extensions>
          <ns3:TrackPointExtension>
            <ns3:hr>113</ns3:hr>
            <ns3:cad>56</ns3:cad>
          </ns3:TrackPointExtension>
        </extensions>
      </trkpt>
      <trkpt lat="42.4630240537226200103759765625" lon="-5.888018421828746795654296875">
        <ele>819</ele>
        <time>2025-10-05T05:11:25.000Z</time>
        <extensions>
          <ns3:TrackPointExtension>
            <ns3:hr>116</ns3:hr>
            <ns3:cad>57</ns3:cad>
          </ns3:TrackPointExtension>
        </extensions>
      </trkpt>
      <trkpt lat="42.4630264006555080413818359375" lon="-5.88803057558834552764892578125">
        <ele>819</ele>
        <time>2025-10-05T05:11:26.000Z</time>
        <extensions>
          <ns3:TrackPointExtension>
            <ns3:hr>116</ns3:hr>
            <ns3:cad>55</ns3:cad>
          </ns3:TrackPointExtension>
        </extensions>
      </trkpt>
      <trkpt lat="42.4630284123122692108154296875" lon="-5.88804130442440509796142578125">
        <ele>819</ele>
        <time>2025-10-05T05:11:27.000Z</time>
        <extensions>
          <ns3:TrackPointExtension>
            <ns3:hr>116</ns3:hr>
            <ns3:cad>54</ns3:cad>
          </ns3:TrackPointExtension>
        </extensions>
      </trkpt>
      <trkpt lat="42.46304090134799480438232421875" lon="-5.8880474232137203216552734375">
        <ele>819</ele>
        <time>2025-10-05T05:11:30.000Z</time>
        <extensions>
          <ns3:TrackPointExtension>
            <ns3:hr>117</ns3:hr>
            <ns3:cad>0</ns3:cad>
          </ns3:TrackPointExtension>
        </extensions>
      </trkpt>
      <trkpt lat="42.46304894797503948211669921875" lon="-5.8880568109452724456787109375">
        <ele>819</ele>
        <time>2025-10-05T05:11:33.000Z</time>
        <extensions>
          <ns3:TrackPointExtension>
            <ns3:hr>116</ns3:hr>
            <ns3:cad>0</ns3:cad>
          </ns3:TrackPointExtension>
        </extensions>
      </trkpt>
      <trkpt lat="42.46309957467019557952880859375" lon="-5.888084471225738525390625">
        <ele>819</ele>
        <time>2025-10-05T05:11:40.000Z</time>
        <extensions>
          <ns3:TrackPointExtension>
            <ns3:hr>115</ns3:hr>
            <ns3:cad>0</ns3:cad>
          </ns3:TrackPointExtension>
        </extensions>
      </trkpt>
      <trkpt lat="42.463180460035800933837890625" lon="-5.88812914676964282989501953125">
        <ele>819.5999755859375</ele>
        <time>2025-10-05T05:11:47.000Z</time>
        <extensions>
          <ns3:TrackPointExtension>
            <ns3:hr>114</ns3:hr>
            <ns3:cad>58</ns3:cad>
          </ns3:TrackPointExtension>
        </extensions>
      </trkpt>
      <trkpt lat="42.46321004815399646759033203125" lon="-5.88814775459468364715576171875">
        <ele>819.4000244140625</ele>
        <time>2025-10-05T05:11:50.000Z</time>
        <extensions>
          <ns3:TrackPointExtension>
            <ns3:hr>114</ns3:hr>
            <ns3:cad>57</ns3:cad>
          </ns3:TrackPointExtension>
        </extensions>
      </trkpt>
      <trkpt lat="42.46329504065215587615966796875" lon="-5.8881850540637969970703125">
        <ele>819.4000244140625</ele>
        <time>2025-10-05T05:12:00.000Z</time>
        <extensions>
          <ns3:TrackPointExtension>
            <ns3:hr>113</ns3:hr>
            <ns3:cad>0</ns3:cad>
          </ns3:TrackPointExtension>
        </extensions>
      </trkpt>
      <trkpt lat="42.463297806680202484130859375" lon="-5.888182036578655242919921875">
        <ele>819.4000244140625</ele>
        <time>2025-10-05T05:12:09.000Z</time>
        <extensions>
          <ns3:TrackPointExtension>
            <ns3:hr>114</ns3:hr>
            <ns3:cad>0</ns3:cad>
          </ns3:TrackPointExtension>
        </extensions>
      </trkpt>
      <trkpt lat="42.46332831680774688720703125" lon="-5.8881966210901737213134765625">
        <ele>819.4000244140625</ele>
        <time>2025-10-05T05:12:16.000Z</time>
        <extensions>
          <ns3:TrackPointExtension>
            <ns3:hr>114</ns3:hr>
            <ns3:cad>0</ns3:cad>
          </ns3:TrackPointExtension>
        </extensions>
      </trkpt>
      <trkpt lat="42.46342621743679046630859375" lon="-5.88824314065277576446533203125">
        <ele>819.4000244140625</ele>
        <time>2025-10-05T05:12:25.000Z</time>
        <extensions>
          <ns3:TrackPointExtension>
            <ns3:hr>113</ns3:hr>
            <ns3:cad>56</ns3:cad>
          </ns3:TrackPointExtension>
        </extensions>
      </trkpt>
      <trkpt lat="42.46355471201241016387939453125" lon="-5.88830105960369110107421875">
        <ele>819.5999755859375</ele>
        <time>2025-10-05T05:12:37.000Z</time>
        <extensions>
          <ns3:TrackPointExtension>
            <ns3:hr>110</ns3:hr>
            <ns3:cad>57</ns3:cad>
          </ns3:TrackPointExtension>
        </extensions>
      </trkpt>
      <trkpt lat="42.46369049884378910064697265625" lon="-5.88836585171520709991455078125">
        <ele>819.4000244140625</ele>
        <time>2025-10-05T05:12:49.000Z</time>
        <extensions>
          <ns3:TrackPointExtension>
            <ns3:hr>109</ns3:hr>
            <ns3:cad>57</ns3:cad>
          </ns3:TrackPointExtension>
        </extensions>
      </trkpt>
      <trkpt lat="42.46382025070488452911376953125" lon="-5.88844179175794124603271484375">
        <ele>819.79998779296875</ele>
        <time>2025-10-05T05:13:02.000Z</time>
        <extensions>
          <ns3:TrackPointExtension>
            <ns3:hr>109</ns3:hr>
            <ns3:cad>57</ns3:cad>
          </ns3:TrackPointExtension>
        </extensions>
      </trkpt>
      <trkpt lat="42.46392619796097278594970703125" lon="-5.88854824192821979522705078125">
        <ele>819.79998779296875</ele>
        <time>2025-10-05T05:13:14.000Z</time>
        <extensions>
          <ns3:TrackPointExtension>
            <ns3:hr>109</ns3:hr>
            <ns3:cad>58</ns3:cad>
          </ns3:TrackPointExtension>
        </extensions>
      </trkpt>
      <trkpt lat="42.4640322290360927581787109375" lon="-5.88869710452854633331298828125">
        <ele>819.79998779296875</ele>
        <time>2025-10-05T05:13:27.000Z</time>
        <extensions>
          <ns3:TrackPointExtension>
            <ns3:hr>110</ns3:hr>
            <ns3:cad>58</ns3:cad>
          </ns3:TrackPointExtension>
        </extensions>
      </trkpt>
      <trkpt lat="42.46403365395963191986083984375" lon="-5.88869207538664340972900390625">
        <ele>820</ele>
        <time>2025-10-05T05:13:32.000Z</time>
        <extensions>
          <ns3:TrackPointExtension>
            <ns3:hr>110</ns3:hr>
            <ns3:cad>0</ns3:cad>
          </ns3:TrackPointExtension>
        </extensions>
      </trkpt>
      <trkpt lat="42.46406634338200092315673828125" lon="-5.8887565322220325469970703125">
        <ele>820</ele>
        <time>2025-10-05T05:13:38.000Z</time>
        <extensions>
          <ns3:TrackPointExtension>
            <ns3:hr>111</ns3:hr>
            <ns3:cad>0</ns3:cad>
          </ns3:TrackPointExtension>
        </extensions>
      </trkpt>
      <trkpt lat="42.4641445465385913848876953125" lon="-5.88888905011117458343505859375">
        <ele>820</ele>
        <time>2025-10-05T05:13:49.000Z</time>
        <extensions>
          <ns3:TrackPointExtension>
            <ns3:hr>114</ns3:hr>
            <ns3:cad>57</ns3:cad>
          </ns3:TrackPointExtension>
        </extensions>
      </trkpt>
      <trkpt lat="42.4641864560544490814208984375" lon="-5.88896348141133785247802734375">
        <ele>820</ele>
        <time>2025-10-05T05:13:55.000Z</time>
        <extensions>
          <ns3:TrackPointExtension>
            <ns3:hr>111</ns3:hr>
            <ns3:cad>58</ns3:cad>
          </ns3:TrackPointExtension>
        </extensions>
      </trkpt>
      <trkpt lat="42.46423490345478057861328125" lon="-5.8890411816537380218505859375">
        <ele>820</ele>
        <time>2025-10-05T05:14:02.000Z</time>
        <extensions>
          <ns3:TrackPointExtension>
            <ns3:hr>110</ns3:hr>
            <ns3:cad>57</ns3:cad>
          </ns3:TrackPointExtension>
        </extensions>
      </trkpt>
      <trkpt lat="42.46430858038365840911865234375" lon="-5.88916699402034282684326171875">
        <ele>820</ele>
        <time>2025-10-05T05:14:12.000Z</time>
        <extensions>
          <ns3:TrackPointExtension>
            <ns3:hr>108</ns3:hr>
            <ns3:cad>57</ns3:cad>
          </ns3:TrackPointExtension>
        </extensions>
      </trkpt>
      <trkpt lat="42.4643889628350734710693359375" lon="-5.88932189159095287322998046875">
        <ele>820</ele>
        <time>2025-10-05T05:14:24.000Z</time>
        <extensions>
          <ns3:TrackPointExtension>
            <ns3:hr>109</ns3:hr>
            <ns3:cad>58</ns3:cad>
          </ns3:TrackPointExtension>
        </extensions>
      </trkpt>
      <trkpt lat="42.4644219875335693359375" lon="-5.88936053216457366943359375">
        <ele>820.20001220703125</ele>
        <time>2025-10-05T05:14:28.000Z</time>
        <extensions>
          <ns3:TrackPointExtension>
            <ns3:hr>110</ns3:hr>
            <ns3:cad>57</ns3:cad>
          </ns3:TrackPointExtension>
        </extensions>
      </trkpt>
      <trkpt lat="42.4644519947469234466552734375" lon="-5.88942180387675762176513671875">
        <ele>820.20001220703125</ele>
        <time>2025-10-05T05:14:33.000Z</time>
        <extensions>
          <ns3:TrackPointExtension>
            <ns3:hr>109</ns3:hr>
            <ns3:cad>57</ns3:cad>
          </ns3:TrackPointExtension>
        </extensions>
      </trkpt>
      <trkpt lat="42.46454595588147640228271484375" lon="-5.8895766176283359527587890625">
        <ele>820.20001220703125</ele>
        <time>2025-10-05T05:14:46.000Z</time>
        <extensions>
          <ns3:TrackPointExtension>
            <ns3:hr>109</ns3:hr>
            <ns3:cad>57</ns3:cad>
          </ns3:TrackPointExtension>
        </extensions>
      </trkpt>
      <trkpt lat="42.46464419178664684295654296875" lon="-5.889756493270397186279296875">
        <ele>820.4000244140625</ele>
        <time>2025-10-05T05:15:01.000Z</time>
        <extensions>
          <ns3:TrackPointExtension>
            <ns3:hr>108</ns3:hr>
            <ns3:cad>57</ns3:cad>
          </ns3:TrackPointExtension>
        </extensions>
      </trkpt>
      <trkpt lat="42.46472281403839588165283203125" lon="-5.88990636169910430908203125">
        <ele>820.4000244140625</ele>
        <time>2025-10-05T05:15:13.000Z</time>
        <extensions>
          <ns3:TrackPointExtension>
            <ns3:hr>108</ns3:hr>
            <ns3:cad>58</ns3:cad>
          </ns3:TrackPointExtension>
        </extensions>
      </trkpt>
      <trkpt lat="42.46478266082704067230224609375" lon="-5.8899901807308197021484375">
        <ele>820.4000244140625</ele>
        <time>2025-10-05T05:15:21.000Z</time>
        <extensions>
          <ns3:TrackPointExtension>
            <ns3:hr>108</ns3:hr>
            <ns3:cad>57</ns3:cad>
          </ns3:TrackPointExtension>
        </extensions>
      </trkpt>
      <trkpt lat="42.46487729251384735107421875" lon="-5.89016343466937541961669921875">
        <ele>820.4000244140625</ele>
        <time>2025-10-05T05:15:35.000Z</time>
        <extensions>
          <ns3:TrackPointExtension>
            <ns3:hr>107</ns3:hr>
            <ns3:cad>57</ns3:cad>
          </ns3:TrackPointExtension>
        </extensions>
      </trkpt>
      <trkpt lat="42.464946694672107696533203125" lon="-5.89027726091444492340087890625">
        <ele>820.4000244140625</ele>
        <time>2025-10-05T05:15:44.000Z</time>
        <extensions>
          <ns3:TrackPointExtension>
            <ns3:hr>106</ns3:hr>
            <ns3:cad>57</ns3:cad>
          </ns3:TrackPointExtension>
        </extensions>
      </trkpt>
      <trkpt lat="42.46502741239964962005615234375" lon="-5.8904097788035869598388671875">
        <ele>820.5999755859375</ele>
        <time>2025-10-05T05:15:56.000Z</time>
        <extensions>
          <ns3:TrackPointExtension>
            <ns3:hr>104</ns3:hr>
            <ns3:cad>56</ns3:cad>
          </ns3:TrackPointExtension>
        </extensions>
      </trkpt>
      <trkpt lat="42.4651108123362064361572265625" lon="-5.8905616588890552520751953125">
        <ele>820.4000244140625</ele>
        <time>2025-10-05T05:16:09.000Z</time>
        <extensions>
          <ns3:TrackPointExtension>
            <ns3:hr>104</ns3:hr>
            <ns3:cad>57</ns3:cad>
          </ns3:TrackPointExtension>
        </extensions>
      </trkpt>
      <trkpt lat="42.4652065336704254150390625" lon="-5.89072166942059993743896484375">
        <ele>820.4000244140625</ele>
        <time>2025-10-05T05:16:22.000Z</time>
        <extensions>
          <ns3:TrackPointExtension>
            <ns3:hr>104</ns3:hr>
            <ns3:cad>58</ns3:cad>
          </ns3:TrackPointExtension>
        </extensions>
      </trkpt>
      <trkpt lat="42.4652942083775997161865234375" lon="-5.89088134467601776123046875">
        <ele>820.5999755859375</ele>
        <time>2025-10-05T05:16:35.000Z</time>
        <extensions>
          <ns3:TrackPointExtension>
            <ns3:hr>103</ns3:hr>
            <ns3:cad>57</ns3:cad>
          </ns3:TrackPointExtension>
        </extensions>
      </trkpt>
      <trkpt lat="42.4653864093124866485595703125" lon="-5.8910400979220867156982421875">
        <ele>820.5999755859375</ele>
        <time>2025-10-05T05:16:48.000Z</time>
        <extensions>
          <ns3:TrackPointExtension>
            <ns3:hr>103</ns3:hr>
            <ns3:cad>57</ns3:cad>
          </ns3:TrackPointExtension>
        </extensions>
      </trkpt>
      <trkpt lat="42.46547081507742404937744140625" lon="-5.891172699630260467529296875">
        <ele>820.4000244140625</ele>
        <time>2025-10-05T05:17:00.000Z</time>
        <extensions>
          <ns3:TrackPointExtension>
            <ns3:hr>102</ns3:hr>
            <ns3:cad>57</ns3:cad>
          </ns3:TrackPointExtension>
        </extensions>
      </trkpt>
      <trkpt lat="42.46550585143268108367919921875" lon="-5.8912365697324275970458984375">
        <ele>820.5999755859375</ele>
        <time>2025-10-05T05:17:05.000Z</time>
        <extensions>
          <ns3:TrackPointExtension>
            <ns3:hr>99</ns3:hr>
            <ns3:cad>57</ns3:cad>
          </ns3:TrackPointExtension>
        </extensions>
      </trkpt>
      <trkpt lat="42.4655684642493724822998046875" lon="-5.8913433551788330078125">
        <ele>820.4000244140625</ele>
        <time>2025-10-05T05:17:14.000Z</time>
        <extensions>
          <ns3:TrackPointExtension>
            <ns3:hr>98</ns3:hr>
            <ns3:cad>57</ns3:cad>
          </ns3:TrackPointExtension>
        </extensions>
      </trkpt>
      <trkpt lat="42.46564180590212345123291015625" lon="-5.89147184975445270538330078125">
        <ele>820.4000244140625</ele>
        <time>2025-10-05T05:17:25.000Z</time>
        <extensions>
          <ns3:TrackPointExtension>
            <ns3:hr>98</ns3:hr>
            <ns3:cad>56</ns3:cad>
          </ns3:TrackPointExtension>
        </extensions>
      </trkpt>
      <trkpt lat="42.46574054472148418426513671875" lon="-5.891635715961456298828125">
        <ele>820.5999755859375</ele>
        <time>2025-10-05T05:17:39.000Z</time>
        <extensions>
          <ns3:TrackPointExtension>
            <ns3:hr>99</ns3:hr>
            <ns3:cad>57</ns3:cad>
          </ns3:TrackPointExtension>
        </extensions>
      </trkpt>
      <trkpt lat="42.46583475731313228607177734375" lon="-5.89178650639951229095458984375">
        <ele>820.5999755859375</ele>
        <time>2025-10-05T05:17:52.000Z</time>
        <extensions>
          <ns3:TrackPointExtension>
            <ns3:hr>99</ns3:hr>
            <ns3:cad>57</ns3:cad>
          </ns3:TrackPointExtension>
        </extensions>
      </trkpt>
      <trkpt lat="42.46591455303132534027099609375" lon="-5.89192749001085758209228515625">
        <ele>820.5999755859375</ele>
        <time>2025-10-05T05:18:04.000Z</time>
        <extensions>
          <ns3:TrackPointExtension>
            <ns3:hr>99</ns3:hr>
            <ns3:cad>56</ns3:cad>
          </ns3:TrackPointExtension>
        </extensions>
      </trkpt>
      <trkpt lat="42.4659816920757293701171875" lon="-5.8920462615787982940673828125">
        <ele>820.5999755859375</ele>
        <time>2025-10-05T05:18:14.000Z</time>
        <extensions>
          <ns3:TrackPointExtension>
            <ns3:hr>96</ns3:hr>
            <ns3:cad>57</ns3:cad>
          </ns3:TrackPointExtension>
        </extensions>
      </trkpt>
      <trkpt lat="42.466002143919467926025390625" lon="-5.89208272285759449005126953125">
        <ele>820.5999755859375</ele>
        <time>2025-10-05T05:18:17.000Z</time>
        <extensions>
          <ns3:TrackPointExtension>
            <ns3:hr>96</ns3:hr>
            <ns3:cad>56</ns3:cad>
          </ns3:TrackPointExtension>
        </extensions>
      </trkpt>
      <trkpt lat="42.46609157882630825042724609375" lon="-5.89223661459982395172119140625">
        <ele>820.5999755859375</ele>
        <time>2025-10-05T05:18:30.000Z</time>
        <extensions>
          <ns3:TrackPointExtension>
            <ns3:hr>94</ns3:hr>
            <ns3:cad>57</ns3:cad>
          </ns3:TrackPointExtension>
        </extensions>
      </trkpt>
      <trkpt lat="42.4661961011588573455810546875" lon="-5.89240827597677707672119140625">
        <ele>820.5999755859375</ele>
        <time>2025-10-05T05:18:45.000Z</time>
        <extensions>
          <ns3:TrackPointExtension>
            <ns3:hr>94</ns3:hr>
            <ns3:cad>57</ns3:cad>
          </ns3:TrackPointExtension>
        </extensions>
      </trkpt>
      <trkpt lat="42.46628168039023876190185546875" lon="-5.89256920851767063140869140625">
        <ele>820.5999755859375</ele>
        <time>2025-10-05T05:18:58.000Z</time>
        <extensions>
          <ns3:TrackPointExtension>
            <ns3:hr>93</ns3:hr>
            <ns3:cad>57</ns3:cad>
          </ns3:TrackPointExtension>
        </extensions>
      </trkpt>
      <trkpt lat="42.4663758091628551483154296875" lon="-5.892746150493621826171875">
        <ele>820.5999755859375</ele>
        <time>2025-10-05T05:19:12.000Z</time>
        <extensions>
          <ns3:TrackPointExtension>
            <ns3:hr>94</ns3:hr>
            <ns3:cad>57</ns3:cad>
          </ns3:TrackPointExtension>
        </extensions>
      </trkpt>
      <trkpt lat="42.46645853854715824127197265625" lon="-5.89292225427925586700439453125">
        <ele>820.5999755859375</ele>
        <time>2025-10-05T05:19:26.000Z</time>
        <extensions>
          <ns3:TrackPointExtension>
            <ns3:hr>94</ns3:hr>
            <ns3:cad>57</ns3:cad>
          </ns3:TrackPointExtension>
        </extensions>
      </trkpt>
      <trkpt lat="42.46654118411242961883544921875" lon="-5.89309684932231903076171875">
        <ele>820.5999755859375</ele>
        <time>2025-10-05T05:19:40.000Z</time>
        <extensions>
          <ns3:TrackPointExtension>
            <ns3:hr>94</ns3:hr>
            <ns3:cad>56</ns3:cad>
          </ns3:TrackPointExtension>
        </extensions>
      </trkpt>
      <trkpt lat="42.46660270728170871734619140625" lon="-5.89321545325219631195068359375">
        <ele>820.5999755859375</ele>
        <time>2025-10-05T05:19:50.000Z</time>
        <extensions>
          <ns3:TrackPointExtension>
            <ns3:hr>93</ns3:hr>
            <ns3:cad>57</ns3:cad>
          </ns3:TrackPointExtension>
        </extensions>
      </trkpt>
      <trkpt lat="42.46665400452911853790283203125" lon="-5.8933179639279842376708984375">
        <ele>820.5999755859375</ele>
        <time>2025-10-05T05:19:58.000Z</time>
        <extensions>
          <ns3:TrackPointExtension>
            <ns3:hr>90</ns3:hr>
            <ns3:cad>57</ns3:cad>
          </ns3:TrackPointExtension>
        </extensions>
      </trkpt>
      <trkpt lat="42.4666832573711872100830078125" lon="-5.8933816663920879364013671875">
        <ele>820.5999755859375</ele>
        <time>2025-10-05T05:20:03.000Z</time>
        <extensions>
          <ns3:TrackPointExtension>
            <ns3:hr>91</ns3:hr>
            <ns3:cad>57</ns3:cad>
          </ns3:TrackPointExtension>
        </extensions>
      </trkpt>
      <trkpt lat="42.46678124181926250457763671875" lon="-5.89356682263314723968505859375">
        <ele>820.5999755859375</ele>
        <time>2025-10-05T05:20:18.000Z</time>
        <extensions>
          <ns3:TrackPointExtension>
            <ns3:hr>92</ns3:hr>
            <ns3:cad>57</ns3:cad>
          </ns3:TrackPointExtension>
        </extensions>
      </trkpt>
      <trkpt lat="42.46687293983995914459228515625" lon="-5.89372322894632816314697265625">
        <ele>820.5999755859375</ele>
        <time>2025-10-05T05:20:31.000Z</time>
        <extensions>
          <ns3:TrackPointExtension>
            <ns3:hr>92</ns3:hr>
            <ns3:cad>57</ns3:cad>
          </ns3:TrackPointExtension>
        </extensions>
      </trkpt>
      <trkpt lat="42.46694435365498065948486328125" lon="-5.89387980289757251739501953125">
        <ele>820.5999755859375</ele>
        <time>2025-10-05T05:20:43.000Z</time>
        <extensions>
          <ns3:TrackPointExtension>
            <ns3:hr>94</ns3:hr>
            <ns3:cad>57</ns3:cad>
          </ns3:TrackPointExtension>
        </extensions>
      </trkpt>
      <trkpt lat="42.4670319445431232452392578125" lon="-5.89405649341642856597900390625">
        <ele>820.5999755859375</ele>
        <time>2025-10-05T05:20:57.000Z</time>
        <extensions>
          <ns3:TrackPointExtension>
            <ns3:hr>93</ns3:hr>
            <ns3:cad>57</ns3:cad>
          </ns3:TrackPointExtension>
        </extensions>
      </trkpt>
      <trkpt lat="42.46712741442024707794189453125" lon="-5.894226394593715667724609375">
        <ele>820.79998779296875</ele>
        <time>2025-10-05T05:21:11.000Z</time>
        <extensions>
          <ns3:TrackPointExtension>
            <ns3:hr>91</ns3:hr>
            <ns3:cad>57</ns3:cad>
          </ns3:TrackPointExtension>
        </extensions>
      </trkpt>
      <trkpt lat="42.46720410883426666259765625" lon="-5.8943931944668292999267578125">
        <ele>821</ele>
        <time>2025-10-05T05:21:24.000Z</time>
        <extensions>
          <ns3:TrackPointExtension>
            <ns3:hr>92</ns3:hr>
            <ns3:cad>56</ns3:cad>
          </ns3:TrackPointExtension>
        </extensions>
      </trkpt>
      <trkpt lat="42.46722950600087642669677734375" lon="-5.89454281143844127655029296875">
        <ele>821</ele>
        <time>2025-10-05T05:21:34.000Z</time>
        <extensions>
          <ns3:TrackPointExtension>
            <ns3:hr>93</ns3:hr>
            <ns3:cad>57</ns3:cad>
          </ns3:TrackPointExtension>
        </extensions>
      </trkpt>
      <trkpt lat="42.46723872609436511993408203125" lon="-5.89467239566147327423095703125">
        <ele>821</ele>
        <time>2025-10-05T05:21:43.000Z</time>
        <extensions>
          <ns3:TrackPointExtension>
            <ns3:hr>95</ns3:hr>
            <ns3:cad>55</ns3:cad>
          </ns3:TrackPointExtension>
        </extensions>
      </trkpt>
      <trkpt lat="42.46724207885563373565673828125" lon="-5.894666276872158050537109375">
        <ele>821</ele>
        <time>2025-10-05T05:21:50.000Z</time>
        <extensions>
          <ns3:TrackPointExtension>
            <ns3:hr>96</ns3:hr>
            <ns3:cad>0</ns3:cad>
          </ns3:TrackPointExtension>
        </extensions>
      </trkpt>
      <trkpt lat="42.46724090538918972015380859375" lon="-5.89469519443809986114501953125">
        <ele>821</ele>
        <time>2025-10-05T05:21:54.000Z</time>
        <extensions>
          <ns3:TrackPointExtension>
            <ns3:hr>92</ns3:hr>
            <ns3:cad>0</ns3:cad>
          </ns3:TrackPointExtension>
        </extensions>
      </trkpt>
      <trkpt lat="42.4672414921224117279052734375" lon="-5.8947288058698177337646484375">
        <ele>820.79998779296875</ele>
        <time>2025-10-05T05:21:56.000Z</time>
        <extensions>
          <ns3:TrackPointExtension>
            <ns3:hr>87</ns3:hr>
            <ns3:cad>0</ns3:cad>
          </ns3:TrackPointExtension>
        </extensions>
      </trkpt>
      <trkpt lat="42.46724241413176059722900390625" lon="-5.89474531821906566619873046875">
        <ele>820.79998779296875</ele>
        <time>2025-10-05T05:21:57.000Z</time>
        <extensions>
          <ns3:TrackPointExtension>
            <ns3:hr>87</ns3:hr>
            <ns3:cad>0</ns3:cad>
          </ns3:TrackPointExtension>
        </extensions>
      </trkpt>
      <trkpt lat="42.46722280047833919525146484375" lon="-5.8949075080454349517822265625">
        <ele>821</ele>
        <time>2025-10-05T05:22:08.000Z</time>
        <extensions>
          <ns3:TrackPointExtension>
            <ns3:hr>86</ns3:hr>
            <ns3:cad>57</ns3:cad>
          </ns3:TrackPointExtension>
        </extensions>
      </trkpt>
      <trkpt lat="42.46721349656581878662109375" lon="-5.89509450830519199371337890625">
        <ele>820.79998779296875</ele>
        <time>2025-10-05T05:22:20.000Z</time>
        <extensions>
          <ns3:TrackPointExtension>
            <ns3:hr>87</ns3:hr>
            <ns3:cad>57</ns3:cad>
          </ns3:TrackPointExtension>
        </extensions>
      </trkpt>
      <trkpt lat="42.46719296090304851531982421875" lon="-5.89527891017496585845947265625">
        <ele>820.79998779296875</ele>
        <time>2025-10-05T05:22:32.000Z</time>
        <extensions>
          <ns3:TrackPointExtension>
            <ns3:hr>87</ns3:hr>
            <ns3:cad>57</ns3:cad>
          </ns3:TrackPointExtension>
        </extensions>
      </trkpt>
      <trkpt lat="42.46717385016381740570068359375" lon="-5.89545576833188533782958984375">
        <ele>820.79998779296875</ele>
        <time>2025-10-05T05:22:44.000Z</time>
        <extensions>
          <ns3:TrackPointExtension>
            <ns3:hr>86</ns3:hr>
            <ns3:cad>57</ns3:cad>
          </ns3:TrackPointExtension>
        </extensions>
      </trkpt>
      <trkpt lat="42.46716144494712352752685546875" lon="-5.89561770670115947723388671875">
        <ele>820.79998779296875</ele>
        <time>2025-10-05T05:22:55.000Z</time>
        <extensions>
          <ns3:TrackPointExtension>
            <ns3:hr>83</ns3:hr>
            <ns3:cad>57</ns3:cad>
          </ns3:TrackPointExtension>
        </extensions>
      </trkpt>
      <trkpt lat="42.4671623669564723968505859375" lon="-5.89563296176493167877197265625">
        <ele>820.79998779296875</ele>
        <time>2025-10-05T05:22:56.000Z</time>
        <extensions>
          <ns3:TrackPointExtension>
            <ns3:hr>82</ns3:hr>
            <ns3:cad>57</ns3:cad>
          </ns3:TrackPointExtension>
        </extensions>
      </trkpt>
      <trkpt lat="42.46713462285697460174560546875" lon="-5.8957708440721035003662109375">
        <ele>821</ele>
        <time>2025-10-05T05:23:05.000Z</time>
        <extensions>
          <ns3:TrackPointExtension>
            <ns3:hr>81</ns3:hr>
            <ns3:cad>57</ns3:cad>
          </ns3:TrackPointExtension>
        </extensions>
      </trkpt>
      <trkpt lat="42.46713026426732540130615234375" lon="-5.895876623690128326416015625">
        <ele>821.20001220703125</ele>
        <time>2025-10-05T05:23:12.000Z</time>
        <extensions>
          <ns3:TrackPointExtension>
            <ns3:hr>81</ns3:hr>
            <ns3:cad>56</ns3:cad>
          </ns3:TrackPointExtension>
        </extensions>
      </trkpt>
      <trkpt lat="42.4671305157244205474853515625" lon="-5.89593420736491680145263671875">
        <ele>821.4000244140625</ele>
        <time>2025-10-05T05:23:16.000Z</time>
        <extensions>
          <ns3:TrackPointExtension>
            <ns3:hr>81</ns3:hr>
            <ns3:cad>56</ns3:cad>
          </ns3:TrackPointExtension>
        </extensions>
      </trkpt>
      <trkpt lat="42.46714417822659015655517578125" lon="-5.89606580324470996856689453125">
        <ele>820.5999755859375</ele>
        <time>2025-10-05T05:23:25.000Z</time>
        <extensions>
          <ns3:TrackPointExtension>
            <ns3:hr>82</ns3:hr>
            <ns3:cad>56</ns3:cad>
          </ns3:TrackPointExtension>
        </extensions>
      </trkpt>
      <trkpt lat="42.46715356595814228057861328125" lon="-5.89620410464704036712646484375">
        <ele>820.5999755859375</ele>
        <time>2025-10-05T05:23:35.000Z</time>
        <extensions>
          <ns3:TrackPointExtension>
            <ns3:hr>85</ns3:hr>
            <ns3:cad>56</ns3:cad>
          </ns3:TrackPointExtension>
        </extensions>
      </trkpt>
      <trkpt lat="42.4671564996242523193359375" lon="-5.89623411186039447784423828125">
        <ele>820.5999755859375</ele>
        <time>2025-10-05T05:23:37.000Z</time>
        <extensions>
          <ns3:TrackPointExtension>
            <ns3:hr>84</ns3:hr>
            <ns3:cad>56</ns3:cad>
          </ns3:TrackPointExtension>
        </extensions>
      </trkpt>
      <trkpt lat="42.4671841599047183990478515625" lon="-5.89641180820763111114501953125">
        <ele>820.5999755859375</ele>
        <time>2025-10-05T05:23:49.000Z</time>
        <extensions>
          <ns3:TrackPointExtension>
            <ns3:hr>86</ns3:hr>
            <ns3:cad>56</ns3:cad>
          </ns3:TrackPointExtension>
        </extensions>
      </trkpt>
      <trkpt lat="42.4672123230993747711181640625" lon="-5.8965667895972728729248046875">
        <ele>820.5999755859375</ele>
        <time>2025-10-05T05:24:00.000Z</time>
        <extensions>
          <ns3:TrackPointExtension>
            <ns3:hr>86</ns3:hr>
            <ns3:cad>54</ns3:cad>
          </ns3:TrackPointExtension>
        </extensions>
      </trkpt>
      <trkpt lat="42.46723168529570102691650390625" lon="-5.8967384509742259979248046875">
        <ele>820.5999755859375</ele>
        <time>2025-10-05T05:24:12.000Z</time>
        <extensions>
          <ns3:TrackPointExtension>
            <ns3:hr>88</ns3:hr>
            <ns3:cad>57</ns3:cad>
          </ns3:TrackPointExtension>
        </extensions>
      </trkpt>
      <trkpt lat="42.46725632809102535247802734375" lon="-5.8969349227845668792724609375">
        <ele>820.5999755859375</ele>
        <time>2025-10-05T05:24:26.000Z</time>
        <extensions>
          <ns3:TrackPointExtension>
            <ns3:hr>88</ns3:hr>
            <ns3:cad>57</ns3:cad>
          </ns3:TrackPointExtension>
        </extensions>
      </trkpt>
      <trkpt lat="42.46727761812508106231689453125" lon="-5.89711337350308895111083984375">
        <ele>820.5999755859375</ele>
        <time>2025-10-05T05:24:38.000Z</time>
        <extensions>
          <ns3:TrackPointExtension>
            <ns3:hr>88</ns3:hr>
            <ns3:cad>57</ns3:cad>
          </ns3:TrackPointExtension>
        </extensions>
      </trkpt>
      <trkpt lat="42.46729253791272640228271484375" lon="-5.89727648533880710601806640625">
        <ele>820.5999755859375</ele>
        <time>2025-10-05T05:24:49.000Z</time>
        <extensions>
          <ns3:TrackPointExtension>
            <ns3:hr>90</ns3:hr>
            <ns3:cad>56</ns3:cad>
          </ns3:TrackPointExtension>
        </extensions>
      </trkpt>
      <trkpt lat="42.467301674187183380126953125" lon="-5.8973515033721923828125">
        <ele>820.5999755859375</ele>
        <time>2025-10-05T05:24:54.000Z</time>
        <extensions>
          <ns3:TrackPointExtension>
            <ns3:hr>93</ns3:hr>
            <ns3:cad>57</ns3:cad>
          </ns3:TrackPointExtension>
        </extensions>
      </trkpt>
      <trkpt lat="42.46731500141322612762451171875" lon="-5.897469185292720794677734375">
        <ele>820.5999755859375</ele>
        <time>2025-10-05T05:25:02.000Z</time>
        <extensions>
          <ns3:TrackPointExtension>
            <ns3:hr>93</ns3:hr>
            <ns3:cad>56</ns3:cad>
          </ns3:TrackPointExtension>
        </extensions>
      </trkpt>
      <trkpt lat="42.4673367105424404144287109375" lon="-5.89766054414212703704833984375">
        <ele>820.5999755859375</ele>
        <time>2025-10-05T05:25:15.000Z</time>
        <extensions>
          <ns3:TrackPointExtension>
            <ns3:hr>93</ns3:hr>
            <ns3:cad>56</ns3:cad>
          </ns3:TrackPointExtension>
        </extensions>
      </trkpt>
      <trkpt lat="42.46736596338450908660888671875" lon="-5.89787545613944530487060546875">
        <ele>820.5999755859375</ele>
        <time>2025-10-05T05:25:29.000Z</time>
        <extensions>
          <ns3:TrackPointExtension>
            <ns3:hr>93</ns3:hr>
            <ns3:cad>57</ns3:cad>
          </ns3:TrackPointExtension>
        </extensions>
      </trkpt>
      <trkpt lat="42.4673930369317531585693359375" lon="-5.89806103147566318511962890625">
        <ele>820.4000244140625</ele>
        <time>2025-10-05T05:25:42.000Z</time>
        <extensions>
          <ns3:TrackPointExtension>
            <ns3:hr>93</ns3:hr>
            <ns3:cad>57</ns3:cad>
          </ns3:TrackPointExtension>
        </extensions>
      </trkpt>
      <trkpt lat="42.467409633100032806396484375" lon="-5.898254401981830596923828125">
        <ele>820.4000244140625</ele>
        <time>2025-10-05T05:25:55.000Z</time>
        <extensions>
          <ns3:TrackPointExtension>
            <ns3:hr>91</ns3:hr>
            <ns3:cad>56</ns3:cad>
          </ns3:TrackPointExtension>
        </extensions>
      </trkpt>
      <trkpt lat="42.46742681600153446197509765625" lon="-5.89840603061020374298095703125">
        <ele>820.4000244140625</ele>
        <time>2025-10-05T05:26:05.000Z</time>
        <extensions>
          <ns3:TrackPointExtension>
            <ns3:hr>90</ns3:hr>
            <ns3:cad>57</ns3:cad>
          </ns3:TrackPointExtension>
        </extensions>
      </trkpt>
      <trkpt lat="42.46744911186397075653076171875" lon="-5.898586325347423553466796875">
        <ele>820.4000244140625</ele>
        <time>2025-10-05T05:26:17.000Z</time>
        <extensions>
          <ns3:TrackPointExtension>
            <ns3:hr>90</ns3:hr>
            <ns3:cad>56</ns3:cad>
          </ns3:TrackPointExtension>
        </extensions>
      </trkpt>
      <trkpt lat="42.46746688149869441986083984375" lon="-5.8987588249146938323974609375">
        <ele>820.4000244140625</ele>
        <time>2025-10-05T05:26:29.000Z</time>
        <extensions>
          <ns3:TrackPointExtension>
            <ns3:hr>91</ns3:hr>
            <ns3:cad>56</ns3:cad>
          </ns3:TrackPointExtension>
        </extensions>
      </trkpt>
      <trkpt lat="42.4674944579601287841796875" lon="-5.89897968806326389312744140625">
        <ele>820.4000244140625</ele>
        <time>2025-10-05T05:26:44.000Z</time>
        <extensions>
          <ns3:TrackPointExtension>
            <ns3:hr>91</ns3:hr>
            <ns3:cad>56</ns3:cad>
          </ns3:TrackPointExtension>
        </extensions>
      </trkpt>
      <trkpt lat="42.46750719845294952392578125" lon="-5.89914045296609401702880859375">
        <ele>820.4000244140625</ele>
        <time>2025-10-05T05:26:55.000Z</time>
        <extensions>
          <ns3:TrackPointExtension>
            <ns3:hr>90</ns3:hr>
            <ns3:cad>57</ns3:cad>
          </ns3:TrackPointExtension>
        </extensions>
      </trkpt>
      <trkpt lat="42.4675251357257366180419921875" lon="-5.89931957423686981201171875">
        <ele>820.20001220703125</ele>
        <time>2025-10-05T05:27:08.000Z</time>
        <extensions>
          <ns3:TrackPointExtension>
            <ns3:hr>90</ns3:hr>
            <ns3:cad>56</ns3:cad>
          </ns3:TrackPointExtension>
        </extensions>
      </trkpt>
      <trkpt lat="42.46753226034343242645263671875" lon="-5.89935318566858768463134765625">
        <ele>820.20001220703125</ele>
        <time>2025-10-05T05:27:15.000Z</time>
        <extensions>
          <ns3:TrackPointExtension>
            <ns3:hr>90</ns3:hr>
            <ns3:cad>0</ns3:cad>
          </ns3:TrackPointExtension>
        </extensions>
      </trkpt>
      <trkpt lat="42.46754265390336513519287109375" lon="-5.89947321452200412750244140625">
        <ele>820.20001220703125</ele>
        <time>2025-10-05T05:27:23.000Z</time>
        <extensions>
          <ns3:TrackPointExtension>
            <ns3:hr>90</ns3:hr>
            <ns3:cad>56</ns3:cad>
          </ns3:TrackPointExtension>
        </extensions>
      </trkpt>
      <trkpt lat="42.46756562031805515289306640625" lon="-5.89963414706289768218994140625">
        <ele>820.20001220703125</ele>
        <time>2025-10-05T05:27:34.000Z</time>
        <extensions>
          <ns3:TrackPointExtension>
            <ns3:hr>89</ns3:hr>
            <ns3:cad>56</ns3:cad>
          </ns3:TrackPointExtension>
        </extensions>
      </trkpt>
      <trkpt lat="42.46756914071738719940185546875" lon="-5.89965962804853916168212890625">
        <ele>820.20001220703125</ele>
        <time>2025-10-05T05:27:36.000Z</time>
        <extensions>
          <ns3:TrackPointExtension>
            <ns3:hr>88</ns3:hr>
            <ns3:cad>56</ns3:cad>
          </ns3:TrackPointExtension>
        </extensions>
      </trkpt>
      <trkpt lat="42.4675854854285717010498046875" lon="-5.89985962025821208953857421875">
        <ele>820</ele>
        <time>2025-10-05T05:27:49.000Z</time>
        <extensions>
          <ns3:TrackPointExtension>
            <ns3:hr>87</ns3:hr>
            <ns3:cad>56</ns3:cad>
          </ns3:TrackPointExtension>
        </extensions>
      </trkpt>
      <trkpt lat="42.46760719455778598785400390625" lon="-5.90003832243382930755615234375">
        <ele>820.20001220703125</ele>
        <time>2025-10-05T05:28:01.000Z</time>
        <extensions>
          <ns3:TrackPointExtension>
            <ns3:hr>87</ns3:hr>
            <ns3:cad>56</ns3:cad>
          </ns3:TrackPointExtension>
        </extensions>
      </trkpt>
      <trkpt lat="42.4676334299147129058837890625" lon="-5.900241918861865997314453125">
        <ele>820.20001220703125</ele>
        <time>2025-10-05T05:28:15.000Z</time>
        <extensions>
          <ns3:TrackPointExtension>
            <ns3:hr>87</ns3:hr>
            <ns3:cad>56</ns3:cad>
          </ns3:TrackPointExtension>
        </extensions>
      </trkpt>
      <trkpt lat="42.4676552228629589080810546875" lon="-5.90041617862880229949951171875">
        <ele>820.20001220703125</ele>
        <time>2025-10-05T05:28:27.000Z</time>
        <extensions>
          <ns3:TrackPointExtension>
            <ns3:hr>87</ns3:hr>
            <ns3:cad>56</ns3:cad>
          </ns3:TrackPointExtension>
        </extensions>
      </trkpt>
      <trkpt lat="42.46766268275678157806396484375" lon="-5.9005109779536724090576171875">
        <ele>820.20001220703125</ele>
        <time>2025-10-05T05:28:33.000Z</time>
        <extensions>
          <ns3:TrackPointExtension>
            <ns3:hr>90</ns3:hr>
            <ns3:cad>57</ns3:cad>
          </ns3:TrackPointExtension>
        </extensions>
      </trkpt>
      <trkpt lat="42.4676713161170482635498046875" lon="-5.90060041286051273345947265625">
        <ele>820.20001220703125</ele>
        <time>2025-10-05T05:28:39.000Z</time>
        <extensions>
          <ns3:TrackPointExtension>
            <ns3:hr>89</ns3:hr>
            <ns3:cad>56</ns3:cad>
          </ns3:TrackPointExtension>
        </extensions>
      </trkpt>
      <trkpt lat="42.4677014909684658050537109375" lon="-5.90077928267419338226318359375">
        <ele>820</ele>
        <time>2025-10-05T05:28:51.000Z</time>
        <extensions>
          <ns3:TrackPointExtension>
            <ns3:hr>89</ns3:hr>
            <ns3:cad>57</ns3:cad>
          </ns3:TrackPointExtension>
        </extensions>
      </trkpt>
      <trkpt lat="42.467725463211536407470703125" lon="-5.90094474144279956817626953125">
        <ele>820</ele>
        <time>2025-10-05T05:29:02.000Z</time>
        <extensions>
          <ns3:TrackPointExtension>
            <ns3:hr>88</ns3:hr>
            <ns3:cad>56</ns3:cad>
          </ns3:TrackPointExtension>
        </extensions>
      </trkpt>
      <trkpt lat="42.46774281375110149383544921875" lon="-5.90110198594629764556884765625">
        <ele>820</ele>
        <time>2025-10-05T05:29:12.000Z</time>
        <extensions>
          <ns3:TrackPointExtension>
            <ns3:hr>91</ns3:hr>
            <ns3:cad>57</ns3:cad>
          </ns3:TrackPointExtension>
        </extensions>
      </trkpt>
      <trkpt lat="42.46775471605360507965087890625" lon="-5.90125990100204944610595703125">
        <ele>819.79998779296875</ele>
        <time>2025-10-05T05:29:23.000Z</time>
        <extensions>
          <ns3:TrackPointExtension>
            <ns3:hr>90</ns3:hr>
            <ns3:cad>57</ns3:cad>
          </ns3:TrackPointExtension>
        </extensions>
      </trkpt>
      <trkpt lat="42.4677755869925022125244140625" lon="-5.9014658443629741668701171875">
        <ele>819.79998779296875</ele>
        <time>2025-10-05T05:29:37.000Z</time>
        <extensions>
          <ns3:TrackPointExtension>
            <ns3:hr>92</ns3:hr>
            <ns3:cad>57</ns3:cad>
          </ns3:TrackPointExtension>
        </extensions>
      </trkpt>
      <trkpt lat="42.46779863722622394561767578125" lon="-5.901635996997356414794921875">
        <ele>820</ele>
        <time>2025-10-05T05:29:48.000Z</time>
        <extensions>
          <ns3:TrackPointExtension>
            <ns3:hr>92</ns3:hr>
            <ns3:cad>56</ns3:cad>
          </ns3:TrackPointExtension>
        </extensions>
      </trkpt>
      <trkpt lat="42.467820011079311370849609375" lon="-5.90182668529450893402099609375">
        <ele>820</ele>
        <time>2025-10-05T05:30:01.000Z</time>
        <extensions>
          <ns3:TrackPointExtension>
            <ns3:hr>92</ns3:hr>
            <ns3:cad>56</ns3:cad>
          </ns3:TrackPointExtension>
        </extensions>
      </trkpt>
      <trkpt lat="42.46783937327563762664794921875" lon="-5.90202231891453266143798828125">
        <ele>820</ele>
        <time>2025-10-05T05:30:14.000Z</time>
        <extensions>
          <ns3:TrackPointExtension>
            <ns3:hr>91</ns3:hr>
            <ns3:cad>56</ns3:cad>
          </ns3:TrackPointExtension>
        </extensions>
      </trkpt>
      <trkpt lat="42.46785513125360012054443359375" lon="-5.9021605364978313446044921875">
        <ele>820</ele>
        <time>2025-10-05T05:30:24.000Z</time>
        <extensions>
          <ns3:TrackPointExtension>
            <ns3:hr>90</ns3:hr>
            <ns3:cad>56</ns3:cad>
          </ns3:TrackPointExtension>
        </extensions>
      </trkpt>
      <trkpt lat="42.46787390671670436859130859375" lon="-5.9023382328450679779052734375">
        <ele>820.20001220703125</ele>
        <time>2025-10-05T05:30:36.000Z</time>
        <extensions>
          <ns3:TrackPointExtension>
            <ns3:hr>89</ns3:hr>
            <ns3:cad>56</ns3:cad>
          </ns3:TrackPointExtension>
        </extensions>
      </trkpt>
      <trkpt lat="42.46789486147463321685791015625" lon="-5.90252305381000041961669921875">
        <ele>820.20001220703125</ele>
        <time>2025-10-05T05:30:48.000Z</time>
        <extensions>
          <ns3:TrackPointExtension>
            <ns3:hr>88</ns3:hr>
            <ns3:cad>57</ns3:cad>
          </ns3:TrackPointExtension>
        </extensions>
      </trkpt>
      <trkpt lat="42.46791095472872257232666015625" lon="-5.90270712040364742279052734375">
        <ele>820.20001220703125</ele>
        <time>2025-10-05T05:31:00.000Z</time>
        <extensions>
          <ns3:TrackPointExtension>
            <ns3:hr>88</ns3:hr>
            <ns3:cad>57</ns3:cad>
          </ns3:TrackPointExtension>
        </extensions>
      </trkpt>
      <trkpt lat="42.46793023310601711273193359375" lon="-5.90288414619863033294677734375">
        <ele>820.20001220703125</ele>
        <time>2025-10-05T05:31:12.000Z</time>
        <extensions>
          <ns3:TrackPointExtension>
            <ns3:hr>85</ns3:hr>
            <ns3:cad>57</ns3:cad>
          </ns3:TrackPointExtension>
        </extensions>
      </trkpt>
      <trkpt lat="42.4679425545036792755126953125" lon="-5.90293745510280132293701171875">
        <ele>820.4000244140625</ele>
        <time>2025-10-05T05:31:19.000Z</time>
        <extensions>
          <ns3:TrackPointExtension>
            <ns3:hr>85</ns3:hr>
            <ns3:cad>0</ns3:cad>
          </ns3:TrackPointExtension>
        </extensions>
      </trkpt>
      <trkpt lat="42.4679392017424106597900390625" lon="-5.90294047258794307708740234375">
        <ele>820.4000244140625</ele>
        <time>2025-10-05T05:31:20.000Z</time>
        <extensions>
          <ns3:TrackPointExtension>
            <ns3:hr>85</ns3:hr>
            <ns3:cad>0</ns3:cad>
          </ns3:TrackPointExtension>
        </extensions>
      </trkpt>
      <trkpt lat="42.4679418839514255523681640625" lon="-5.90300383977591991424560546875">
        <ele>820.20001220703125</ele>
        <time>2025-10-05T05:31:24.000Z</time>
        <extensions>
          <ns3:TrackPointExtension>
            <ns3:hr>86</ns3:hr>
            <ns3:cad>0</ns3:cad>
          </ns3:TrackPointExtension>
        </extensions>
      </trkpt>
      <trkpt lat="42.46797029860317707061767578125" lon="-5.90316913090646266937255859375">
        <ele>820.4000244140625</ele>
        <time>2025-10-05T05:31:35.000Z</time>
        <extensions>
          <ns3:TrackPointExtension>
            <ns3:hr>87</ns3:hr>
            <ns3:cad>57</ns3:cad>
          </ns3:TrackPointExtension>
        </extensions>
      </trkpt>
      <trkpt lat="42.46798907406628131866455078125" lon="-5.90336090885102748870849609375">
        <ele>820.4000244140625</ele>
        <time>2025-10-05T05:31:47.000Z</time>
        <extensions>
          <ns3:TrackPointExtension>
            <ns3:hr>88</ns3:hr>
            <ns3:cad>57</ns3:cad>
          </ns3:TrackPointExtension>
        </extensions>
      </trkpt>
      <trkpt lat="42.46801170520484447479248046875" lon="-5.90353894047439098358154296875">
        <ele>820.4000244140625</ele>
        <time>2025-10-05T05:31:59.000Z</time>
        <extensions>
          <ns3:TrackPointExtension>
            <ns3:hr>87</ns3:hr>
            <ns3:cad>56</ns3:cad>
          </ns3:TrackPointExtension>
        </extensions>
      </trkpt>
      <trkpt lat="42.46803165413439273834228515625" lon="-5.9037142060697078704833984375">
        <ele>820.5999755859375</ele>
        <time>2025-10-05T05:32:11.000Z</time>
        <extensions>
          <ns3:TrackPointExtension>
            <ns3:hr>88</ns3:hr>
            <ns3:cad>55</ns3:cad>
          </ns3:TrackPointExtension>
        </extensions>
      </trkpt>
      <trkpt lat="42.4680488370358943939208984375" lon="-5.9038191474974155426025390625">
        <ele>820.79998779296875</ele>
        <time>2025-10-05T05:32:18.000Z</time>
        <extensions>
          <ns3:TrackPointExtension>
            <ns3:hr>91</ns3:hr>
            <ns3:cad>56</ns3:cad>
          </ns3:TrackPointExtension>
        </extensions>
      </trkpt>
      <trkpt lat="42.4680578894913196563720703125" lon="-5.90389181859791278839111328125">
        <ele>820.5999755859375</ele>
        <time>2025-10-05T05:32:23.000Z</time>
        <extensions>
          <ns3:TrackPointExtension>
            <ns3:hr>91</ns3:hr>
            <ns3:cad>56</ns3:cad>
          </ns3:TrackPointExtension>
        </extensions>
      </trkpt>
      <trkpt lat="42.46805596165359020233154296875" lon="-5.90405325405299663543701171875">
        <ele>820.5999755859375</ele>
        <time>2025-10-05T05:32:34.000Z</time>
        <extensions>
          <ns3:TrackPointExtension>
            <ns3:hr>91</ns3:hr>
            <ns3:cad>57</ns3:cad>
          </ns3:TrackPointExtension>
        </extensions>
      </trkpt>
      <trkpt lat="42.46807046234607696533203125" lon="-5.904214270412921905517578125">
        <ele>820.5999755859375</ele>
        <time>2025-10-05T05:32:45.000Z</time>
        <extensions>
          <ns3:TrackPointExtension>
            <ns3:hr>92</ns3:hr>
            <ns3:cad>56</ns3:cad>
          </ns3:TrackPointExtension>
        </extensions>
      </trkpt>
      <trkpt lat="42.4680930934846401214599609375" lon="-5.9043991751968860626220703125">
        <ele>820.79998779296875</ele>
        <time>2025-10-05T05:32:57.000Z</time>
        <extensions>
          <ns3:TrackPointExtension>
            <ns3:hr>92</ns3:hr>
            <ns3:cad>55</ns3:cad>
          </ns3:TrackPointExtension>
        </extensions>
      </trkpt>
      <trkpt lat="42.46810675598680973052978515625" lon="-5.90454326011240482330322265625">
        <ele>820.79998779296875</ele>
        <time>2025-10-05T05:33:07.000Z</time>
        <extensions>
          <ns3:TrackPointExtension>
            <ns3:hr>92</ns3:hr>
            <ns3:cad>56</ns3:cad>
          </ns3:TrackPointExtension>
        </extensions>
      </trkpt>
      <trkpt lat="42.46811295859515666961669921875" lon="-5.9047093056142330169677734375">
        <ele>821</ele>
        <time>2025-10-05T05:33:18.000Z</time>
        <extensions>
          <ns3:TrackPointExtension>
            <ns3:hr>91</ns3:hr>
            <ns3:cad>56</ns3:cad>
          </ns3:TrackPointExtension>
        </extensions>
      </trkpt>
      <trkpt lat="42.468120753765106201171875" lon="-5.90485967695713043212890625">
        <ele>821</ele>
        <time>2025-10-05T05:33:28.000Z</time>
        <extensions>
          <ns3:TrackPointExtension>
            <ns3:hr>91</ns3:hr>
            <ns3:cad>56</ns3:cad>
          </ns3:TrackPointExtension>
        </extensions>
      </trkpt>
      <trkpt lat="42.46814330108463764190673828125" lon="-5.90503494255244731903076171875">
        <ele>821.20001220703125</ele>
        <time>2025-10-05T05:33:40.000Z</time>
        <extensions>
          <ns3:TrackPointExtension>
            <ns3:hr>93</ns3:hr>
            <ns3:cad>57</ns3:cad>
          </ns3:TrackPointExtension>
        </extensions>
      </trkpt>
      <trkpt lat="42.4681561253964900970458984375" lon="-5.90510786511003971099853515625">
        <ele>821.20001220703125</ele>
        <time>2025-10-05T05:33:45.000Z</time>
        <extensions>
          <ns3:TrackPointExtension>
            <ns3:hr>92</ns3:hr>
            <ns3:cad>56</ns3:cad>
          </ns3:TrackPointExtension>
        </extensions>
      </trkpt>
      <trkpt lat="42.46816107071936130523681640625" lon="-5.90522043406963348388671875">
        <ele>821.4000244140625</ele>
        <time>2025-10-05T05:33:52.000Z</time>
        <extensions>
          <ns3:TrackPointExtension>
            <ns3:hr>93</ns3:hr>
            <ns3:cad>56</ns3:cad>
          </ns3:TrackPointExtension>
        </extensions>
      </trkpt>
      <trkpt lat="42.4681749008595943450927734375" lon="-5.9054140560328960418701171875">
        <ele>821.5999755859375</ele>
        <time>2025-10-05T05:34:05.000Z</time>
        <extensions>
          <ns3:TrackPointExtension>
            <ns3:hr>92</ns3:hr>
            <ns3:cad>57</ns3:cad>
          </ns3:TrackPointExtension>
        </extensions>
      </trkpt>
      <trkpt lat="42.46818990446627140045166015625" lon="-5.90556518174707889556884765625">
        <ele>821.5999755859375</ele>
        <time>2025-10-05T05:34:15.000Z</time>
        <extensions>
          <ns3:TrackPointExtension>
            <ns3:hr>92</ns3:hr>
            <ns3:cad>57</ns3:cad>
          </ns3:TrackPointExtension>
        </extensions>
      </trkpt>
      <trkpt lat="42.468212284147739410400390625" lon="-5.905790738761425018310546875">
        <ele>821.5999755859375</ele>
        <time>2025-10-05T05:34:30.000Z</time>
        <extensions>
          <ns3:TrackPointExtension>
            <ns3:hr>89</ns3:hr>
            <ns3:cad>57</ns3:cad>
          </ns3:TrackPointExtension>
        </extensions>
      </trkpt>
      <trkpt lat="42.46822535991668701171875" lon="-5.9059699438512325286865234375">
        <ele>821.5999755859375</ele>
        <time>2025-10-05T05:34:42.000Z</time>
        <extensions>
          <ns3:TrackPointExtension>
            <ns3:hr>86</ns3:hr>
            <ns3:cad>57</ns3:cad>
          </ns3:TrackPointExtension>
        </extensions>
      </trkpt>
      <trkpt lat="42.46823432855308055877685546875" lon="-5.906036831438541412353515625">
        <ele>821.4000244140625</ele>
        <time>2025-10-05T05:34:47.000Z</time>
        <extensions>
          <ns3:TrackPointExtension>
            <ns3:hr>85</ns3:hr>
            <ns3:cad>56</ns3:cad>
          </ns3:TrackPointExtension>
        </extensions>
      </trkpt>
      <trkpt lat="42.46825763024389743804931640625" lon="-5.90623187832534313201904296875">
        <ele>821.4000244140625</ele>
        <time>2025-10-05T05:35:01.000Z</time>
        <extensions>
          <ns3:TrackPointExtension>
            <ns3:hr>84</ns3:hr>
            <ns3:cad>0</ns3:cad>
          </ns3:TrackPointExtension>
        </extensions>
      </trkpt>
      <trkpt lat="42.46825377456843852996826171875" lon="-5.906235985457897186279296875">
        <ele>821.4000244140625</ele>
        <time>2025-10-05T05:35:03.000Z</time>
        <extensions>
          <ns3:TrackPointExtension>
            <ns3:hr>84</ns3:hr>
            <ns3:cad>0</ns3:cad>
          </ns3:TrackPointExtension>
        </extensions>
      </trkpt>
      <trkpt lat="42.468254528939723968505859375" lon="-5.90629189275205135345458984375">
        <ele>821.4000244140625</ele>
        <time>2025-10-05T05:35:07.000Z</time>
        <extensions>
          <ns3:TrackPointExtension>
            <ns3:hr>84</ns3:hr>
            <ns3:cad>0</ns3:cad>
          </ns3:TrackPointExtension>
        </extensions>
      </trkpt>
      <trkpt lat="42.46826760470867156982421875" lon="-5.906485430896282196044921875">
        <ele>821.4000244140625</ele>
        <time>2025-10-05T05:35:20.000Z</time>
        <extensions>
          <ns3:TrackPointExtension>
            <ns3:hr>86</ns3:hr>
            <ns3:cad>57</ns3:cad>
          </ns3:TrackPointExtension>
        </extensions>
      </trkpt>
      <trkpt lat="42.46828361414372920989990234375" lon="-5.906667150557041168212890625">
        <ele>821.4000244140625</ele>
        <time>2025-10-05T05:35:32.000Z</time>
        <extensions>
          <ns3:TrackPointExtension>
            <ns3:hr>87</ns3:hr>
            <ns3:cad>57</ns3:cad>
          </ns3:TrackPointExtension>
        </extensions>
      </trkpt>
      <trkpt lat="42.46830381453037261962890625" lon="-5.90687728486955165863037109375">
        <ele>821.5999755859375</ele>
        <time>2025-10-05T05:35:46.000Z</time>
        <extensions>
          <ns3:TrackPointExtension>
            <ns3:hr>87</ns3:hr>
            <ns3:cad>57</ns3:cad>
          </ns3:TrackPointExtension>
        </extensions>
      </trkpt>
      <trkpt lat="42.46832032687962055206298828125" lon="-5.90704442001879215240478515625">
        <ele>821.4000244140625</ele>
        <time>2025-10-05T05:35:57.000Z</time>
        <extensions>
          <ns3:TrackPointExtension>
            <ns3:hr>86</ns3:hr>
            <ns3:cad>57</ns3:cad>
          </ns3:TrackPointExtension>
        </extensions>
      </trkpt>
      <trkpt lat="42.4683297984302043914794921875" lon="-5.90721189044415950775146484375">
        <ele>821.5999755859375</ele>
        <time>2025-10-05T05:36:08.000Z</time>
        <extensions>
          <ns3:TrackPointExtension>
            <ns3:hr>87</ns3:hr>
            <ns3:cad>57</ns3:cad>
          </ns3:TrackPointExtension>
        </extensions>
      </trkpt>
      <trkpt lat="42.468346394598484039306640625" lon="-5.9074153192341327667236328125">
        <ele>821.5999755859375</ele>
        <time>2025-10-05T05:36:21.000Z</time>
        <extensions>
          <ns3:TrackPointExtension>
            <ns3:hr>84</ns3:hr>
            <ns3:cad>57</ns3:cad>
          </ns3:TrackPointExtension>
        </extensions>
      </trkpt>
      <trkpt lat="42.46835318394005298614501953125" lon="-5.9074540436267852783203125">
        <ele>821.79998779296875</ele>
        <time>2025-10-05T05:36:24.000Z</time>
        <extensions>
          <ns3:TrackPointExtension>
            <ns3:hr>83</ns3:hr>
            <ns3:cad>56</ns3:cad>
          </ns3:TrackPointExtension>
        </extensions>
      </trkpt>
      <trkpt lat="42.468373887240886688232421875" lon="-5.9076604060828685760498046875">
        <ele>821.79998779296875</ele>
        <time>2025-10-05T05:36:38.000Z</time>
        <extensions>
          <ns3:TrackPointExtension>
            <ns3:hr>83</ns3:hr>
            <ns3:cad>56</ns3:cad>
          </ns3:TrackPointExtension>
        </extensions>
      </trkpt>
      <trkpt lat="42.4683800898492336273193359375" lon="-5.9078082628548145294189453125">
        <ele>821.79998779296875</ele>
        <time>2025-10-05T05:36:48.000Z</time>
        <extensions>
          <ns3:TrackPointExtension>
            <ns3:hr>80</ns3:hr>
            <ns3:cad>56</ns3:cad>
          </ns3:TrackPointExtension>
        </extensions>
      </trkpt>
      <trkpt lat="42.46838469989597797393798828125" lon="-5.907848663628101348876953125">
        <ele>821.79998779296875</ele>
        <time>2025-10-05T05:36:51.000Z</time>
        <extensions>
          <ns3:TrackPointExtension>
            <ns3:hr>80</ns3:hr>
            <ns3:cad>56</ns3:cad>
          </ns3:TrackPointExtension>
        </extensions>
      </trkpt>
      <trkpt lat="42.4683951772749423980712890625" lon="-5.90794078074395656585693359375">
        <ele>821.79998779296875</ele>
        <time>2025-10-05T05:37:00.000Z</time>
        <extensions>
          <ns3:TrackPointExtension>
            <ns3:hr>80</ns3:hr>
            <ns3:cad>0</ns3:cad>
          </ns3:TrackPointExtension>
        </extensions>
      </trkpt>
      <trkpt lat="42.4683956801891326904296875" lon="-5.90805351734161376953125">
        <ele>821.79998779296875</ele>
        <time>2025-10-05T05:37:08.000Z</time>
        <extensions>
          <ns3:TrackPointExtension>
            <ns3:hr>81</ns3:hr>
            <ns3:cad>56</ns3:cad>
          </ns3:TrackPointExtension>
        </extensions>
      </trkpt>
      <trkpt lat="42.46839542873203754425048828125" lon="-5.9081053175032138824462890625">
        <ele>821.79998779296875</ele>
        <time>2025-10-05T05:37:11.000Z</time>
        <extensions>
          <ns3:TrackPointExtension>
            <ns3:hr>84</ns3:hr>
            <ns3:cad>56</ns3:cad>
          </ns3:TrackPointExtension>
        </extensions>
      </trkpt>
      <trkpt lat="42.46839107014238834381103515625" lon="-5.908223502337932586669921875">
        <ele>821.79998779296875</ele>
        <time>2025-10-05T05:37:19.000Z</time>
        <extensions>
          <ns3:TrackPointExtension>
            <ns3:hr>86</ns3:hr>
            <ns3:cad>57</ns3:cad>
          </ns3:TrackPointExtension>
        </extensions>
      </trkpt>
      <trkpt lat="42.46840800158679485321044921875" lon="-5.90839172713458538055419921875">
        <ele>821.79998779296875</ele>
        <time>2025-10-05T05:37:30.000Z</time>
        <extensions>
          <ns3:TrackPointExtension>
            <ns3:hr>87</ns3:hr>
            <ns3:cad>57</ns3:cad>
          </ns3:TrackPointExtension>
        </extensions>
      </trkpt>
      <trkpt lat="42.46843180619180202484130859375" lon="-5.9085832536220550537109375">
        <ele>822</ele>
        <time>2025-10-05T05:37:42.000Z</time>
        <extensions>
          <ns3:TrackPointExtension>
            <ns3:hr>87</ns3:hr>
            <ns3:cad>57</ns3:cad>
          </ns3:TrackPointExtension>
        </extensions>
      </trkpt>
      <trkpt lat="42.46847924776375293731689453125" lon="-5.90875022113323211669921875">
        <ele>822</ele>
        <time>2025-10-05T05:37:54.000Z</time>
        <extensions>
          <ns3:TrackPointExtension>
            <ns3:hr>87</ns3:hr>
            <ns3:cad>57</ns3:cad>
          </ns3:TrackPointExtension>
        </extensions>
      </trkpt>
      <trkpt lat="42.4685316346585750579833984375" lon="-5.90896085835993289947509765625">
        <ele>822.20001220703125</ele>
        <time>2025-10-05T05:38:08.000Z</time>
        <extensions>
          <ns3:TrackPointExtension>
            <ns3:hr>88</ns3:hr>
            <ns3:cad>57</ns3:cad>
          </ns3:TrackPointExtension>
        </extensions>
      </trkpt>
      <trkpt lat="42.46859156526625156402587890625" lon="-5.909179039299488067626953125">
        <ele>822.20001220703125</ele>
        <time>2025-10-05T05:38:23.000Z</time>
        <extensions>
          <ns3:TrackPointExtension>
            <ns3:hr>89</ns3:hr>
            <ns3:cad>57</ns3:cad>
          </ns3:TrackPointExtension>
        </extensions>
      </trkpt>
      <trkpt lat="42.468659542500972747802734375" lon="-5.9093374572694301605224609375">
        <ele>822.20001220703125</ele>
        <time>2025-10-05T05:38:34.000Z</time>
        <extensions>
          <ns3:TrackPointExtension>
            <ns3:hr>89</ns3:hr>
            <ns3:cad>57</ns3:cad>
          </ns3:TrackPointExtension>
        </extensions>
      </trkpt>
      <trkpt lat="42.46872735209763050079345703125" lon="-5.90951339341700077056884765625">
        <ele>822.4000244140625</ele>
        <time>2025-10-05T05:38:47.000Z</time>
        <extensions>
          <ns3:TrackPointExtension>
            <ns3:hr>91</ns3:hr>
            <ns3:cad>57</ns3:cad>
          </ns3:TrackPointExtension>
        </extensions>
      </trkpt>
      <trkpt lat="42.4687643162906169891357421875" lon="-5.9096760861575603485107421875">
        <ele>822.79998779296875</ele>
        <time>2025-10-05T05:38:58.000Z</time>
        <extensions>
          <ns3:TrackPointExtension>
            <ns3:hr>94</ns3:hr>
            <ns3:cad>56</ns3:cad>
          </ns3:TrackPointExtension>
        </extensions>
      </trkpt>
      <trkpt lat="42.46881267987191677093505859375" lon="-5.9098417125642299652099609375">
        <ele>823</ele>
        <time>2025-10-05T05:39:10.000Z</time>
        <extensions>
          <ns3:TrackPointExtension>
            <ns3:hr>95</ns3:hr>
            <ns3:cad>57</ns3:cad>
          </ns3:TrackPointExtension>
        </extensions>
      </trkpt>
      <trkpt lat="42.4688628874719142913818359375" lon="-5.909983031451702117919921875">
        <ele>823</ele>
        <time>2025-10-05T05:39:21.000Z</time>
        <extensions>
          <ns3:TrackPointExtension>
            <ns3:hr>95</ns3:hr>
            <ns3:cad>57</ns3:cad>
          </ns3:TrackPointExtension>
        </extensions>
      </trkpt>
      <trkpt lat="42.46888183057308197021484375" lon="-5.91004631482064723968505859375">
        <ele>823.20001220703125</ele>
        <time>2025-10-05T05:39:25.000Z</time>
        <extensions>
          <ns3:TrackPointExtension>
            <ns3:hr>95</ns3:hr>
            <ns3:cad>57</ns3:cad>
          </ns3:TrackPointExtension>
        </extensions>
      </trkpt>
      <trkpt lat="42.46893522329628467559814453125" lon="-5.910123847424983978271484375">
        <ele>823.4000244140625</ele>
        <time>2025-10-05T05:39:32.000Z</time>
        <extensions>
          <ns3:TrackPointExtension>
            <ns3:hr>95</ns3:hr>
            <ns3:cad>57</ns3:cad>
          </ns3:TrackPointExtension>
        </extensions>
      </trkpt>
      <trkpt lat="42.46901585720479488372802734375" lon="-5.91021026484668254852294921875">
        <ele>823.4000244140625</ele>
        <time>2025-10-05T05:39:41.000Z</time>
        <extensions>
          <ns3:TrackPointExtension>
            <ns3:hr>96</ns3:hr>
            <ns3:cad>57</ns3:cad>
          </ns3:TrackPointExtension>
        </extensions>
      </trkpt>
      <trkpt lat="42.46909263543784618377685546875" lon="-5.910300202667713165283203125">
        <ele>823.5999755859375</ele>
        <time>2025-10-05T05:39:51.000Z</time>
        <extensions>
          <ns3:TrackPointExtension>
            <ns3:hr>93</ns3:hr>
            <ns3:cad>55</ns3:cad>
          </ns3:TrackPointExtension>
        </extensions>
      </trkpt>
      <trkpt lat="42.46911845169961452484130859375" lon="-5.91032870113849639892578125">
        <ele>823.4000244140625</ele>
        <time>2025-10-05T05:39:54.000Z</time>
        <extensions>
          <ns3:TrackPointExtension>
            <ns3:hr>92</ns3:hr>
            <ns3:cad>55</ns3:cad>
          </ns3:TrackPointExtension>
        </extensions>
      </trkpt>
      <trkpt lat="42.469221465289592742919921875" lon="-5.91040472500026226043701171875">
        <ele>823.5999755859375</ele>
        <time>2025-10-05T05:40:04.000Z</time>
        <extensions>
          <ns3:TrackPointExtension>
            <ns3:hr>91</ns3:hr>
            <ns3:cad>57</ns3:cad>
          </ns3:TrackPointExtension>
        </extensions>
      </trkpt>
      <trkpt lat="42.46933034621179103851318359375" lon="-5.91044495813548564910888671875">
        <ele>823.79998779296875</ele>
        <time>2025-10-05T05:40:14.000Z</time>
        <extensions>
          <ns3:TrackPointExtension>
            <ns3:hr>91</ns3:hr>
            <ns3:cad>57</ns3:cad>
          </ns3:TrackPointExtension>
        </extensions>
      </trkpt>
      <trkpt lat="42.46944434009492397308349609375" lon="-5.91042417101562023162841796875">
        <ele>823.79998779296875</ele>
        <time>2025-10-05T05:40:24.000Z</time>
        <extensions>
          <ns3:TrackPointExtension>
            <ns3:hr>90</ns3:hr>
            <ns3:cad>56</ns3:cad>
          </ns3:TrackPointExtension>
        </extensions>
      </trkpt>
      <trkpt lat="42.46955179609358310699462890625" lon="-5.910427272319793701171875">
        <ele>823.79998779296875</ele>
        <time>2025-10-05T05:40:35.000Z</time>
        <extensions>
          <ns3:TrackPointExtension>
            <ns3:hr>90</ns3:hr>
            <ns3:cad>56</ns3:cad>
          </ns3:TrackPointExtension>
        </extensions>
      </trkpt>
      <trkpt lat="42.46964491903781890869140625" lon="-5.9104871191084384918212890625">
        <ele>824</ele>
        <time>2025-10-05T05:40:44.000Z</time>
        <extensions>
          <ns3:TrackPointExtension>
            <ns3:hr>89</ns3:hr>
            <ns3:cad>55</ns3:cad>
          </ns3:TrackPointExtension>
        </extensions>
      </trkpt>
      <trkpt lat="42.46965656988322734832763671875" lon="-5.91049692593514919281005859375">
        <ele>824.4000244140625</ele>
        <time>2025-10-05T05:40:46.000Z</time>
        <extensions>
          <ns3:TrackPointExtension>
            <ns3:hr>89</ns3:hr>
            <ns3:cad>54</ns3:cad>
          </ns3:TrackPointExtension>
        </extensions>
      </trkpt>
      <trkpt lat="42.46966159902513027191162109375" lon="-5.9105042181909084320068359375">
        <ele>824.4000244140625</ele>
        <time>2025-10-05T05:40:47.000Z</time>
        <extensions>
          <ns3:TrackPointExtension>
            <ns3:hr>89</ns3:hr>
            <ns3:cad>54</ns3:cad>
          </ns3:TrackPointExtension>
        </extensions>
      </trkpt>
      <trkpt lat="42.469655983150005340576171875" lon="-5.91050765477120876312255859375">
        <ele>823.4000244140625</ele>
        <time>2025-10-05T06:13:22.000Z</time>
        <extensions>
          <ns3:TrackPointExtension>
            <ns3:hr>74</ns3:hr>
            <ns3:cad>0</ns3:cad>
          </ns3:TrackPointExtension>
        </extensions>
      </trkpt>
      <trkpt lat="42.46965187601745128631591796875" lon="-5.91050514020025730133056640625">
        <ele>823.4000244140625</ele>
        <time>2025-10-05T06:13:23.000Z</time>
        <extensions>
          <ns3:TrackPointExtension>
            <ns3:hr>74</ns3:hr>
            <ns3:cad>0</ns3:cad>
          </ns3:TrackPointExtension>
        </extensions>
      </trkpt>
      <trkpt lat="42.4696403928101062774658203125" lon="-5.91051201336085796356201171875">
        <ele>823.20001220703125</ele>
        <time>2025-10-05T06:13:25.000Z</time>
        <extensions>
          <ns3:TrackPointExtension>
            <ns3:hr>74</ns3:hr>
            <ns3:cad>0</ns3:cad>
          </ns3:TrackPointExtension>
        </extensions>
      </trkpt>
      <trkpt lat="42.469666041433811187744140625" lon="-5.91055828146636486053466796875">
        <ele>823</ele>
        <time>2025-10-05T06:13:31.000Z</time>
        <extensions>
          <ns3:TrackPointExtension>
            <ns3:hr>73</ns3:hr>
            <ns3:cad>49</ns3:cad>
          </ns3:TrackPointExtension>
        </extensions>
      </trkpt>
      <trkpt lat="42.46970954351127147674560546875" lon="-5.9106074832379817962646484375">
        <ele>823.20001220703125</ele>
        <time>2025-10-05T06:13:36.000Z</time>
        <extensions>
          <ns3:TrackPointExtension>
            <ns3:hr>70</ns3:hr>
            <ns3:cad>52</ns3:cad>
          </ns3:TrackPointExtension>
        </extensions>
      </trkpt>
      <trkpt lat="42.46972714550793170928955078125" lon="-5.91062181629240512847900390625">
        <ele>823.20001220703125</ele>
        <time>2025-10-05T06:13:38.000Z</time>
        <extensions>
          <ns3:TrackPointExtension>
            <ns3:hr>67</ns3:hr>
            <ns3:cad>53</ns3:cad>
          </ns3:TrackPointExtension>
        </extensions>
      </trkpt>
      <trkpt lat="42.469736449420452117919921875" lon="-5.91063338331878185272216796875">
        <ele>823.20001220703125</ele>
        <time>2025-10-05T06:13:39.000Z</time>
        <extensions>
          <ns3:TrackPointExtension>
            <ns3:hr>67</ns3:hr>
            <ns3:cad>53</ns3:cad>
          </ns3:TrackPointExtension>
        </extensions>
      </trkpt>
      <trkpt lat="42.46975329704582691192626953125" lon="-5.91064662672579288482666015625">
        <ele>823.20001220703125</ele>
        <time>2025-10-05T06:13:41.000Z</time>
        <extensions>
          <ns3:TrackPointExtension>
            <ns3:hr>63</ns3:hr>
            <ns3:cad>53</ns3:cad>
          </ns3:TrackPointExtension>
        </extensions>
      </trkpt>
      <trkpt lat="42.46976302005350589752197265625" lon="-5.91065190732479095458984375">
        <ele>823.4000244140625</ele>
        <time>2025-10-05T06:13:42.000Z</time>
        <extensions>
          <ns3:TrackPointExtension>
            <ns3:hr>60</ns3:hr>
            <ns3:cad>53</ns3:cad>
          </ns3:TrackPointExtension>
        </extensions>
      </trkpt>
      <trkpt lat="42.4697823822498321533203125" lon="-5.910662300884723663330078125">
        <ele>823.4000244140625</ele>
        <time>2025-10-05T06:13:44.000Z</time>
        <extensions>
          <ns3:TrackPointExtension>
            <ns3:hr>56</ns3:hr>
            <ns3:cad>53</ns3:cad>
          </ns3:TrackPointExtension>
        </extensions>
      </trkpt>
      <trkpt lat="42.4697999842464923858642578125" lon="-5.91067495755851268768310546875">
        <ele>823.4000244140625</ele>
        <time>2025-10-05T06:13:46.000Z</time>
        <extensions>
          <ns3:TrackPointExtension>
            <ns3:hr>53</ns3:hr>
            <ns3:cad>54</ns3:cad>
          </ns3:TrackPointExtension>
        </extensions>
      </trkpt>
      <trkpt lat="42.4698127247393131256103515625" lon="-5.91068384237587451934814453125">
        <ele>823.4000244140625</ele>
        <time>2025-10-05T06:13:48.000Z</time>
        <extensions>
          <ns3:TrackPointExtension>
            <ns3:hr>53</ns3:hr>
            <ns3:cad>53</ns3:cad>
          </ns3:TrackPointExtension>
        </extensions>
      </trkpt>
      <trkpt lat="42.46987550519406795501708984375" lon="-5.91077704913914203643798828125">
        <ele>823.79998779296875</ele>
        <time>2025-10-05T06:13:57.000Z</time>
        <extensions>
          <ns3:TrackPointExtension>
            <ns3:hr>53</ns3:hr>
            <ns3:cad>54</ns3:cad>
          </ns3:TrackPointExtension>
        </extensions>
      </trkpt>
      <trkpt lat="42.46989729814231395721435546875" lon="-5.9108643047511577606201171875">
        <ele>824</ele>
        <time>2025-10-05T06:14:03.000Z</time>
        <extensions>
          <ns3:TrackPointExtension>
            <ns3:hr>56</ns3:hr>
            <ns3:cad>55</ns3:cad>
          </ns3:TrackPointExtension>
        </extensions>
      </trkpt>
      <trkpt lat="42.46989964507520198822021484375" lon="-5.91087796725332736968994140625">
        <ele>824.20001220703125</ele>
        <time>2025-10-05T06:14:04.000Z</time>
        <extensions>
          <ns3:TrackPointExtension>
            <ns3:hr>57</ns3:hr>
            <ns3:cad>55</ns3:cad>
          </ns3:TrackPointExtension>
        </extensions>
      </trkpt>
      <trkpt lat="42.4699002318084239959716796875" lon="-5.91088718734681606292724609375">
        <ele>824.4000244140625</ele>
        <time>2025-10-05T06:14:05.000Z</time>
        <extensions>
          <ns3:TrackPointExtension>
            <ns3:hr>57</ns3:hr>
            <ns3:cad>55</ns3:cad>
          </ns3:TrackPointExtension>
        </extensions>
      </trkpt>
      <trkpt lat="42.4699183367192745208740234375" lon="-5.91095005162060260772705078125">
        <ele>824.5999755859375</ele>
        <time>2025-10-05T06:14:10.000Z</time>
        <extensions>
          <ns3:TrackPointExtension>
            <ns3:hr>60</ns3:hr>
            <ns3:cad>54</ns3:cad>
          </ns3:TrackPointExtension>
        </extensions>
      </trkpt>
      <trkpt lat="42.46992998756468296051025390625" lon="-5.9109891951084136962890625">
        <ele>824.79998779296875</ele>
        <time>2025-10-05T06:14:13.000Z</time>
        <extensions>
          <ns3:TrackPointExtension>
            <ns3:hr>61</ns3:hr>
            <ns3:cad>55</ns3:cad>
          </ns3:TrackPointExtension>
        </extensions>
      </trkpt>
      <trkpt lat="42.46998363174498081207275390625" lon="-5.91111383400857448577880859375">
        <ele>824.4000244140625</ele>
        <time>2025-10-05T06:14:23.000Z</time>
        <extensions>
          <ns3:TrackPointExtension>
            <ns3:hr>64</ns3:hr>
            <ns3:cad>55</ns3:cad>
          </ns3:TrackPointExtension>
        </extensions>
      </trkpt>
      <trkpt lat="42.46998916380107402801513671875" lon="-5.91112774796783924102783203125">
        <ele>824.4000244140625</ele>
        <time>2025-10-05T06:14:24.000Z</time>
        <extensions>
          <ns3:TrackPointExtension>
            <ns3:hr>65</ns3:hr>
            <ns3:cad>55</ns3:cad>
          </ns3:TrackPointExtension>
        </extensions>
      </trkpt>
      <trkpt lat="42.4700273014605045318603515625" lon="-5.91119178570806980133056640625">
        <ele>824.5999755859375</ele>
        <time>2025-10-05T06:14:30.000Z</time>
        <extensions>
          <ns3:TrackPointExtension>
            <ns3:hr>68</ns3:hr>
            <ns3:cad>55</ns3:cad>
          </ns3:TrackPointExtension>
        </extensions>
      </trkpt>
      <trkpt lat="42.47006879188120365142822265625" lon="-5.911245010793209075927734375">
        <ele>824.5999755859375</ele>
        <time>2025-10-05T06:14:35.000Z</time>
        <extensions>
          <ns3:TrackPointExtension>
            <ns3:hr>70</ns3:hr>
            <ns3:cad>54</ns3:cad>
          </ns3:TrackPointExtension>
        </extensions>
      </trkpt>
      <trkpt lat="42.470125369727611541748046875" lon="-5.91132790781557559967041015625">
        <ele>824.5999755859375</ele>
        <time>2025-10-05T06:14:44.000Z</time>
        <extensions>
          <ns3:TrackPointExtension>
            <ns3:hr>68</ns3:hr>
            <ns3:cad>55</ns3:cad>
          </ns3:TrackPointExtension>
        </extensions>
      </trkpt>
      <trkpt lat="42.47021622955799102783203125" lon="-5.9114014171063899993896484375">
        <ele>824.5999755859375</ele>
        <time>2025-10-05T06:14:53.000Z</time>
        <extensions>
          <ns3:TrackPointExtension>
            <ns3:hr>68</ns3:hr>
            <ns3:cad>56</ns3:cad>
          </ns3:TrackPointExtension>
        </extensions>
      </trkpt>
      <trkpt lat="42.47027884237468242645263671875" lon="-5.9114802069962024688720703125">
        <ele>825</ele>
        <time>2025-10-05T06:15:00.000Z</time>
        <extensions>
          <ns3:TrackPointExtension>
            <ns3:hr>65</ns3:hr>
            <ns3:cad>56</ns3:cad>
          </ns3:TrackPointExtension>
        </extensions>
      </trkpt>
      <trkpt lat="42.4702871404588222503662109375" lon="-5.9114859066903591156005859375">
        <ele>825</ele>
        <time>2025-10-05T06:15:01.000Z</time>
        <extensions>
          <ns3:TrackPointExtension>
            <ns3:hr>60</ns3:hr>
            <ns3:cad>57</ns3:cad>
          </ns3:TrackPointExtension>
        </extensions>
      </trkpt>
      <trkpt lat="42.47029812075197696685791015625" lon="-5.91149420477449893951416015625">
        <ele>825</ele>
        <time>2025-10-05T06:15:02.000Z</time>
        <extensions>
          <ns3:TrackPointExtension>
            <ns3:hr>57</ns3:hr>
            <ns3:cad>57</ns3:cad>
          </ns3:TrackPointExtension>
        </extensions>
      </trkpt>
      <trkpt lat="42.47030700556933879852294921875" lon="-5.911503843963146209716796875">
        <ele>825</ele>
        <time>2025-10-05T06:15:03.000Z</time>
        <extensions>
          <ns3:TrackPointExtension>
            <ns3:hr>57</ns3:hr>
            <ns3:cad>57</ns3:cad>
          </ns3:TrackPointExtension>
        </extensions>
      </trkpt>
      <trkpt lat="42.47036266140639781951904296875" lon="-5.9115690551698207855224609375">
        <ele>825.20001220703125</ele>
        <time>2025-10-05T06:15:09.000Z</time>
        <extensions>
          <ns3:TrackPointExtension>
            <ns3:hr>57</ns3:hr>
            <ns3:cad>57</ns3:cad>
          </ns3:TrackPointExtension>
        </extensions>
      </trkpt>
      <trkpt lat="42.4703629128634929656982421875" lon="-5.9116377867758274078369140625">
        <ele>825.4000244140625</ele>
        <time>2025-10-05T06:15:14.000Z</time>
        <extensions>
          <ns3:TrackPointExtension>
            <ns3:hr>58</ns3:hr>
            <ns3:cad>56</ns3:cad>
          </ns3:TrackPointExtension>
        </extensions>
      </trkpt>
      <trkpt lat="42.4703585542738437652587890625" lon="-5.91166620142757892608642578125">
        <ele>825.4000244140625</ele>
        <time>2025-10-05T06:15:16.000Z</time>
        <extensions>
          <ns3:TrackPointExtension>
            <ns3:hr>59</ns3:hr>
            <ns3:cad>57</ns3:cad>
          </ns3:TrackPointExtension>
        </extensions>
      </trkpt>
      <trkpt lat="42.47032946906983852386474609375" lon="-5.91180299408733844757080078125">
        <ele>825.5999755859375</ele>
        <time>2025-10-05T06:15:24.000Z</time>
        <extensions>
          <ns3:TrackPointExtension>
            <ns3:hr>57</ns3:hr>
            <ns3:cad>57</ns3:cad>
          </ns3:TrackPointExtension>
        </extensions>
      </trkpt>
      <trkpt lat="42.47028864920139312744140625" lon="-5.9119130484759807586669921875">
        <ele>825.79998779296875</ele>
        <time>2025-10-05T06:15:32.000Z</time>
        <extensions>
          <ns3:TrackPointExtension>
            <ns3:hr>56</ns3:hr>
            <ns3:cad>57</ns3:cad>
          </ns3:TrackPointExtension>
        </extensions>
      </trkpt>
      <trkpt lat="42.470233328640460968017578125" lon="-5.912084877490997314453125">
        <ele>826</ele>
        <time>2025-10-05T06:15:43.000Z</time>
        <extensions>
          <ns3:TrackPointExtension>
            <ns3:hr>58</ns3:hr>
            <ns3:cad>57</ns3:cad>
          </ns3:TrackPointExtension>
        </extensions>
      </trkpt>
      <trkpt lat="42.47025034390389919281005859375" lon="-5.91227171011269092559814453125">
        <ele>826.4000244140625</ele>
        <time>2025-10-05T06:15:54.000Z</time>
        <extensions>
          <ns3:TrackPointExtension>
            <ns3:hr>58</ns3:hr>
            <ns3:cad>57</ns3:cad>
          </ns3:TrackPointExtension>
        </extensions>
      </trkpt>
      <trkpt lat="42.4702624976634979248046875" lon="-5.91230691410601139068603515625">
        <ele>826.4000244140625</ele>
        <time>2025-10-05T06:15:56.000Z</time>
        <extensions>
          <ns3:TrackPointExtension>
            <ns3:hr>58</ns3:hr>
            <ns3:cad>57</ns3:cad>
          </ns3:TrackPointExtension>
        </extensions>
      </trkpt>
      <trkpt lat="42.4703223444521427154541015625" lon="-5.91242887079715728759765625">
        <ele>826.79998779296875</ele>
        <time>2025-10-05T06:16:05.000Z</time>
        <extensions>
          <ns3:TrackPointExtension>
            <ns3:hr>59</ns3:hr>
            <ns3:cad>57</ns3:cad>
          </ns3:TrackPointExtension>
        </extensions>
      </trkpt>
      <trkpt lat="42.47039618901908397674560546875" lon="-5.9125785715878009796142578125">
        <ele>827.20001220703125</ele>
        <time>2025-10-05T06:16:16.000Z</time>
        <extensions>
          <ns3:TrackPointExtension>
            <ns3:hr>62</ns3:hr>
            <ns3:cad>57</ns3:cad>
          </ns3:TrackPointExtension>
        </extensions>
      </trkpt>
      <trkpt lat="42.47040976770222187042236328125" lon="-5.91260614804923534393310546875">
        <ele>827.4000244140625</ele>
        <time>2025-10-05T06:16:18.000Z</time>
        <extensions>
          <ns3:TrackPointExtension>
            <ns3:hr>64</ns3:hr>
            <ns3:cad>57</ns3:cad>
          </ns3:TrackPointExtension>
        </extensions>
      </trkpt>
      <trkpt lat="42.47041337192058563232421875" lon="-5.9126226603984832763671875">
        <ele>827.4000244140625</ele>
        <time>2025-10-05T06:16:19.000Z</time>
        <extensions>
          <ns3:TrackPointExtension>
            <ns3:hr>64</ns3:hr>
            <ns3:cad>57</ns3:cad>
          </ns3:TrackPointExtension>
        </extensions>
      </trkpt>
      <trkpt lat="42.4704239331185817718505859375" lon="-5.91265308670699596405029296875">
        <ele>827.4000244140625</ele>
        <time>2025-10-05T06:16:21.000Z</time>
        <extensions>
          <ns3:TrackPointExtension>
            <ns3:hr>67</ns3:hr>
            <ns3:cad>57</ns3:cad>
          </ns3:TrackPointExtension>
        </extensions>
      </trkpt>
      <trkpt lat="42.4704433791339397430419921875" lon="-5.91269466094672679901123046875">
        <ele>827.4000244140625</ele>
        <time>2025-10-05T06:16:24.000Z</time>
        <extensions>
          <ns3:TrackPointExtension>
            <ns3:hr>70</ns3:hr>
            <ns3:cad>57</ns3:cad>
          </ns3:TrackPointExtension>
        </extensions>
      </trkpt>
      <trkpt lat="42.47048000805079936981201171875" lon="-5.9127800725400447845458984375">
        <ele>827.79998779296875</ele>
        <time>2025-10-05T06:16:30.000Z</time>
        <extensions>
          <ns3:TrackPointExtension>
            <ns3:hr>71</ns3:hr>
            <ns3:cad>57</ns3:cad>
          </ns3:TrackPointExtension>
        </extensions>
      </trkpt>
      <trkpt lat="42.4705701135098934173583984375" lon="-5.91289197094738483428955078125">
        <ele>828.20001220703125</ele>
        <time>2025-10-05T06:16:40.000Z</time>
        <extensions>
          <ns3:TrackPointExtension>
            <ns3:hr>70</ns3:hr>
            <ns3:cad>57</ns3:cad>
          </ns3:TrackPointExtension>
        </extensions>
      </trkpt>
      <trkpt lat="42.47059785760939121246337890625" lon="-5.912936143577098846435546875">
        <ele>828.4000244140625</ele>
        <time>2025-10-05T06:16:44.000Z</time>
        <extensions>
          <ns3:TrackPointExtension>
            <ns3:hr>71</ns3:hr>
            <ns3:cad>57</ns3:cad>
          </ns3:TrackPointExtension>
        </extensions>
      </trkpt>
      <trkpt lat="42.47062149457633495330810546875" lon="-5.9130134247243404388427734375">
        <ele>828.79998779296875</ele>
        <time>2025-10-05T06:16:49.000Z</time>
        <extensions>
          <ns3:TrackPointExtension>
            <ns3:hr>71</ns3:hr>
            <ns3:cad>56</ns3:cad>
          </ns3:TrackPointExtension>
        </extensions>
      </trkpt>
      <trkpt lat="42.47066684067249298095703125" lon="-5.91314627788960933685302734375">
        <ele>829.20001220703125</ele>
        <time>2025-10-05T06:16:58.000Z</time>
        <extensions>
          <ns3:TrackPointExtension>
            <ns3:hr>72</ns3:hr>
            <ns3:cad>57</ns3:cad>
          </ns3:TrackPointExtension>
        </extensions>
      </trkpt>
      <trkpt lat="42.47069525532424449920654296875" lon="-5.91319640167057514190673828125">
        <ele>829.4000244140625</ele>
        <time>2025-10-05T06:17:02.000Z</time>
        <extensions>
          <ns3:TrackPointExtension>
            <ns3:hr>72</ns3:hr>
            <ns3:cad>57</ns3:cad>
          </ns3:TrackPointExtension>
        </extensions>
      </trkpt>
      <trkpt lat="42.470720149576663970947265625" lon="-5.91325172223150730133056640625">
        <ele>829.79998779296875</ele>
        <time>2025-10-05T06:17:06.000Z</time>
        <extensions>
          <ns3:TrackPointExtension>
            <ns3:hr>74</ns3:hr>
            <ns3:cad>56</ns3:cad>
          </ns3:TrackPointExtension>
        </extensions>
      </trkpt>
      <trkpt lat="42.47078963555395603179931640625" lon="-5.91337359510362148284912109375">
        <ele>830.4000244140625</ele>
        <time>2025-10-05T06:17:15.000Z</time>
        <extensions>
          <ns3:TrackPointExtension>
            <ns3:hr>76</ns3:hr>
            <ns3:cad>57</ns3:cad>
          </ns3:TrackPointExtension>
        </extensions>
      </trkpt>
      <trkpt lat="42.47079868800938129425048828125" lon="-5.91338910162448883056640625">
        <ele>830.5999755859375</ele>
        <time>2025-10-05T06:17:17.000Z</time>
        <extensions>
          <ns3:TrackPointExtension>
            <ns3:hr>77</ns3:hr>
            <ns3:cad>57</ns3:cad>
          </ns3:TrackPointExtension>
        </extensions>
      </trkpt>
      <trkpt lat="42.47077857144176959991455078125" lon="-5.91348163783550262451171875">
        <ele>831</ele>
        <time>2025-10-05T06:17:24.000Z</time>
        <extensions>
          <ns3:TrackPointExtension>
            <ns3:hr>78</ns3:hr>
            <ns3:cad>57</ns3:cad>
          </ns3:TrackPointExtension>
        </extensions>
      </trkpt>
      <trkpt lat="42.47074537910521030426025390625" lon="-5.91359755955636501312255859375">
        <ele>831.5999755859375</ele>
        <time>2025-10-05T06:17:31.000Z</time>
        <extensions>
          <ns3:TrackPointExtension>
            <ns3:hr>78</ns3:hr>
            <ns3:cad>56</ns3:cad>
          </ns3:TrackPointExtension>
        </extensions>
      </trkpt>
      <trkpt lat="42.47072626836597919464111328125" lon="-5.91363360174000263214111328125">
        <ele>831.5999755859375</ele>
        <time>2025-10-05T06:17:34.000Z</time>
        <extensions>
          <ns3:TrackPointExtension>
            <ns3:hr>80</ns3:hr>
            <ns3:cad>56</ns3:cad>
          </ns3:TrackPointExtension>
        </extensions>
      </trkpt>
      <trkpt lat="42.4706546030938625335693359375" lon="-5.91380794532597064971923828125">
        <ele>831.4000244140625</ele>
        <time>2025-10-05T06:17:46.000Z</time>
        <extensions>
          <ns3:TrackPointExtension>
            <ns3:hr>81</ns3:hr>
            <ns3:cad>58</ns3:cad>
          </ns3:TrackPointExtension>
        </extensions>
      </trkpt>
      <trkpt lat="42.4705919064581394195556640625" lon="-5.91397725977003574371337890625">
        <ele>831.4000244140625</ele>
        <time>2025-10-05T06:17:57.000Z</time>
        <extensions>
          <ns3:TrackPointExtension>
            <ns3:hr>80</ns3:hr>
            <ns3:cad>58</ns3:cad>
          </ns3:TrackPointExtension>
        </extensions>
      </trkpt>
      <trkpt lat="42.4705439619719982147216796875" lon="-5.9141081012785434722900390625">
        <ele>831.20001220703125</ele>
        <time>2025-10-05T06:18:05.000Z</time>
        <extensions>
          <ns3:TrackPointExtension>
            <ns3:hr>79</ns3:hr>
            <ns3:cad>118</ns3:cad>
          </ns3:TrackPointExtension>
        </extensions>
      </trkpt>
      <trkpt lat="42.47055326588451862335205078125" lon="-5.91426107101142406463623046875">
        <ele>831.4000244140625</ele>
        <time>2025-10-05T06:18:14.000Z</time>
        <extensions>
          <ns3:TrackPointExtension>
            <ns3:hr>78</ns3:hr>
            <ns3:cad>58</ns3:cad>
          </ns3:TrackPointExtension>
        </extensions>
      </trkpt>
      <trkpt lat="42.47061193920671939849853515625" lon="-5.914439521729946136474609375">
        <ele>831.79998779296875</ele>
        <time>2025-10-05T06:18:25.000Z</time>
        <extensions>
          <ns3:TrackPointExtension>
            <ns3:hr>75</ns3:hr>
            <ns3:cad>57</ns3:cad>
          </ns3:TrackPointExtension>
        </extensions>
      </trkpt>
      <trkpt lat="42.4706170521676540374755859375" lon="-5.914455614984035491943359375">
        <ele>831.79998779296875</ele>
        <time>2025-10-05T06:18:26.000Z</time>
        <extensions>
          <ns3:TrackPointExtension>
            <ns3:hr>75</ns3:hr>
            <ns3:cad>57</ns3:cad>
          </ns3:TrackPointExtension>
        </extensions>
      </trkpt>
      <trkpt lat="42.47065971605479717254638671875" lon="-5.9146012924611568450927734375">
        <ele>832</ele>
        <time>2025-10-05T06:18:36.000Z</time>
        <extensions>
          <ns3:TrackPointExtension>
            <ns3:hr>73</ns3:hr>
            <ns3:cad>56</ns3:cad>
          </ns3:TrackPointExtension>
        </extensions>
      </trkpt>
      <trkpt lat="42.47071017511188983917236328125" lon="-5.9147764742374420166015625">
        <ele>832.4000244140625</ele>
        <time>2025-10-05T06:18:47.000Z</time>
        <extensions>
          <ns3:TrackPointExtension>
            <ns3:hr>74</ns3:hr>
            <ns3:cad>56</ns3:cad>
          </ns3:TrackPointExtension>
        </extensions>
      </trkpt>
      <trkpt lat="42.47073230333626270294189453125" lon="-5.914856605231761932373046875">
        <ele>832.5999755859375</ele>
        <time>2025-10-05T06:18:53.000Z</time>
        <extensions>
          <ns3:TrackPointExtension>
            <ns3:hr>74</ns3:hr>
            <ns3:cad>57</ns3:cad>
          </ns3:TrackPointExtension>
        </extensions>
      </trkpt>
      <trkpt lat="42.47073750011622905731201171875" lon="-5.9148732014000415802001953125">
        <ele>832.4000244140625</ele>
        <time>2025-10-05T06:18:54.000Z</time>
        <extensions>
          <ns3:TrackPointExtension>
            <ns3:hr>73</ns3:hr>
            <ns3:cad>57</ns3:cad>
          </ns3:TrackPointExtension>
        </extensions>
      </trkpt>
      <trkpt lat="42.470798604190349578857421875" lon="-5.915035642683506011962890625">
        <ele>832.79998779296875</ele>
        <time>2025-10-05T06:19:05.000Z</time>
        <extensions>
          <ns3:TrackPointExtension>
            <ns3:hr>74</ns3:hr>
            <ns3:cad>57</ns3:cad>
          </ns3:TrackPointExtension>
        </extensions>
      </trkpt>
      <trkpt lat="42.4707960896193981170654296875" lon="-5.915149636566638946533203125">
        <ele>833.20001220703125</ele>
        <time>2025-10-05T06:19:12.000Z</time>
        <extensions>
          <ns3:TrackPointExtension>
            <ns3:hr>75</ns3:hr>
            <ns3:cad>56</ns3:cad>
          </ns3:TrackPointExtension>
        </extensions>
      </trkpt>
      <trkpt lat="42.47072408907115459442138671875" lon="-5.91521861962974071502685546875">
        <ele>833.5999755859375</ele>
        <time>2025-10-05T06:19:19.000Z</time>
        <extensions>
          <ns3:TrackPointExtension>
            <ns3:hr>76</ns3:hr>
            <ns3:cad>55</ns3:cad>
          </ns3:TrackPointExtension>
        </extensions>
      </trkpt>
      <trkpt lat="42.4707042239606380462646484375" lon="-5.9152245707809925079345703125">
        <ele>833.5999755859375</ele>
        <time>2025-10-05T06:19:21.000Z</time>
        <extensions>
          <ns3:TrackPointExtension>
            <ns3:hr>77</ns3:hr>
            <ns3:cad>55</ns3:cad>
          </ns3:TrackPointExtension>
        </extensions>
      </trkpt>
      <trkpt lat="42.47059551067650318145751953125" lon="-5.915278382599353790283203125">
        <ele>834.20001220703125</ele>
        <time>2025-10-05T06:19:31.000Z</time>
        <extensions>
          <ns3:TrackPointExtension>
            <ns3:hr>76</ns3:hr>
            <ns3:cad>56</ns3:cad>
          </ns3:TrackPointExtension>
        </extensions>
      </trkpt>
      <trkpt lat="42.47050247155129909515380859375" lon="-5.9153355471789836883544921875">
        <ele>834.20001220703125</ele>
        <time>2025-10-05T06:19:40.000Z</time>
        <extensions>
          <ns3:TrackPointExtension>
            <ns3:hr>75</ns3:hr>
            <ns3:cad>56</ns3:cad>
          </ns3:TrackPointExtension>
        </extensions>
      </trkpt>
      <trkpt lat="42.47039015404880046844482421875" lon="-5.91542229987680912017822265625">
        <ele>834.4000244140625</ele>
        <time>2025-10-05T06:19:50.000Z</time>
        <extensions>
          <ns3:TrackPointExtension>
            <ns3:hr>74</ns3:hr>
            <ns3:cad>57</ns3:cad>
          </ns3:TrackPointExtension>
        </extensions>
      </trkpt>
      <trkpt lat="42.47036752291023731231689453125" lon="-5.91543755494058132171630859375">
        <ele>834.5999755859375</ele>
        <time>2025-10-05T06:19:52.000Z</time>
        <extensions>
          <ns3:TrackPointExtension>
            <ns3:hr>74</ns3:hr>
            <ns3:cad>57</ns3:cad>
          </ns3:TrackPointExtension>
        </extensions>
      </trkpt>
      <trkpt lat="42.47030382044613361358642578125" lon="-5.91552606783807277679443359375">
        <ele>835</ele>
        <time>2025-10-05T06:20:00.000Z</time>
        <extensions>
          <ns3:TrackPointExtension>
            <ns3:hr>75</ns3:hr>
            <ns3:cad>57</ns3:cad>
          </ns3:TrackPointExtension>
        </extensions>
      </trkpt>
      <trkpt lat="42.47024347074329853057861328125" lon="-5.91567794792354106903076171875">
        <ele>835</ele>
        <time>2025-10-05T06:20:10.000Z</time>
        <extensions>
          <ns3:TrackPointExtension>
            <ns3:hr>74</ns3:hr>
            <ns3:cad>57</ns3:cad>
          </ns3:TrackPointExtension>
        </extensions>
      </trkpt>
      <trkpt lat="42.4701962806284427642822265625" lon="-5.915798731148242950439453125">
        <ele>835.20001220703125</ele>
        <time>2025-10-05T06:20:19.000Z</time>
        <extensions>
          <ns3:TrackPointExtension>
            <ns3:hr>72</ns3:hr>
            <ns3:cad>55</ns3:cad>
          </ns3:TrackPointExtension>
        </extensions>
      </trkpt>
      <trkpt lat="42.47013903222978115081787109375" lon="-5.91589160263538360595703125">
        <ele>835.4000244140625</ele>
        <time>2025-10-05T06:20:27.000Z</time>
        <extensions>
          <ns3:TrackPointExtension>
            <ns3:hr>71</ns3:hr>
            <ns3:cad>54</ns3:cad>
          </ns3:TrackPointExtension>
        </extensions>
      </trkpt>
      <trkpt lat="42.47011807747185230255126953125" lon="-5.91593175195157527923583984375">
        <ele>835.5999755859375</ele>
        <time>2025-10-05T06:20:30.000Z</time>
        <extensions>
          <ns3:TrackPointExtension>
            <ns3:hr>71</ns3:hr>
            <ns3:cad>53</ns3:cad>
          </ns3:TrackPointExtension>
        </extensions>
      </trkpt>
      <trkpt lat="42.47005873359739780426025390625" lon="-5.91599008999764919281005859375">
        <ele>835.79998779296875</ele>
        <time>2025-10-05T06:20:37.000Z</time>
        <extensions>
          <ns3:TrackPointExtension>
            <ns3:hr>70</ns3:hr>
            <ns3:cad>57</ns3:cad>
          </ns3:TrackPointExtension>
        </extensions>
      </trkpt>
      <trkpt lat="42.469951696693897247314453125" lon="-5.9160671196877956390380859375">
        <ele>835.4000244140625</ele>
        <time>2025-10-05T06:20:47.000Z</time>
        <extensions>
          <ns3:TrackPointExtension>
            <ns3:hr>68</ns3:hr>
            <ns3:cad>57</ns3:cad>
          </ns3:TrackPointExtension>
        </extensions>
      </trkpt>
      <trkpt lat="42.4698408879339694976806640625" lon="-5.91612721793353557586669921875">
        <ele>835.5999755859375</ele>
        <time>2025-10-05T06:20:56.000Z</time>
        <extensions>
          <ns3:TrackPointExtension>
            <ns3:hr>66</ns3:hr>
            <ns3:cad>58</ns3:cad>
          </ns3:TrackPointExtension>
        </extensions>
      </trkpt>
      <trkpt lat="42.46975949965417385101318359375" lon="-5.91616795398294925689697265625">
        <ele>835.5999755859375</ele>
        <time>2025-10-05T06:21:03.000Z</time>
        <extensions>
          <ns3:TrackPointExtension>
            <ns3:hr>66</ns3:hr>
            <ns3:cad>57</ns3:cad>
          </ns3:TrackPointExtension>
        </extensions>
      </trkpt>
      <trkpt lat="42.46966092847287654876708984375" lon="-5.91626820154488086700439453125">
        <ele>836.20001220703125</ele>
        <time>2025-10-05T06:21:13.000Z</time>
        <extensions>
          <ns3:TrackPointExtension>
            <ns3:hr>68</ns3:hr>
            <ns3:cad>57</ns3:cad>
          </ns3:TrackPointExtension>
        </extensions>
      </trkpt>
      <trkpt lat="42.46964449994266033172607421875" lon="-5.9163106977939605712890625">
        <ele>836.4000244140625</ele>
        <time>2025-10-05T06:21:16.000Z</time>
        <extensions>
          <ns3:TrackPointExtension>
            <ns3:hr>71</ns3:hr>
            <ns3:cad>55</ns3:cad>
          </ns3:TrackPointExtension>
        </extensions>
      </trkpt>
      <trkpt lat="42.46963880024850368499755859375" lon="-5.916321091353893280029296875">
        <ele>836.5999755859375</ele>
        <time>2025-10-05T06:21:17.000Z</time>
        <extensions>
          <ns3:TrackPointExtension>
            <ns3:hr>71</ns3:hr>
            <ns3:cad>55</ns3:cad>
          </ns3:TrackPointExtension>
        </extensions>
      </trkpt>
      <trkpt lat="42.469606697559356689453125" lon="-5.91642393730580806732177734375">
        <ele>837.20001220703125</ele>
        <time>2025-10-05T06:21:24.000Z</time>
        <extensions>
          <ns3:TrackPointExtension>
            <ns3:hr>72</ns3:hr>
            <ns3:cad>55</ns3:cad>
          </ns3:TrackPointExtension>
        </extensions>
      </trkpt>
      <trkpt lat="42.46956403367221355438232421875" lon="-5.9165252745151519775390625">
        <ele>837.5999755859375</ele>
        <time>2025-10-05T06:21:31.000Z</time>
        <extensions>
          <ns3:TrackPointExtension>
            <ns3:hr>75</ns3:hr>
            <ns3:cad>54</ns3:cad>
          </ns3:TrackPointExtension>
        </extensions>
      </trkpt>
      <trkpt lat="42.4695485271513462066650390625" lon="-5.91655218042433261871337890625">
        <ele>837.5999755859375</ele>
        <time>2025-10-05T06:21:33.000Z</time>
        <extensions>
          <ns3:TrackPointExtension>
            <ns3:hr>77</ns3:hr>
            <ns3:cad>53</ns3:cad>
          </ns3:TrackPointExtension>
        </extensions>
      </trkpt>
      <trkpt lat="42.4694982357323169708251953125" lon="-5.91659702360630035400390625">
        <ele>837.79998779296875</ele>
        <time>2025-10-05T06:21:39.000Z</time>
        <extensions>
          <ns3:TrackPointExtension>
            <ns3:hr>78</ns3:hr>
            <ns3:cad>54</ns3:cad>
          </ns3:TrackPointExtension>
        </extensions>
      </trkpt>
      <trkpt lat="42.46940377168357372283935546875" lon="-5.9166950918734073638916015625">
        <ele>837.79998779296875</ele>
        <time>2025-10-05T06:21:49.000Z</time>
        <extensions>
          <ns3:TrackPointExtension>
            <ns3:hr>77</ns3:hr>
            <ns3:cad>54</ns3:cad>
          </ns3:TrackPointExtension>
        </extensions>
      </trkpt>
      <trkpt lat="42.4693317711353302001953125" lon="-5.916754268109798431396484375">
        <ele>837.79998779296875</ele>
        <time>2025-10-05T06:21:57.000Z</time>
        <extensions>
          <ns3:TrackPointExtension>
            <ns3:hr>78</ns3:hr>
            <ns3:cad>55</ns3:cad>
          </ns3:TrackPointExtension>
        </extensions>
      </trkpt>
      <trkpt lat="42.46925574727356433868408203125" lon="-5.916809253394603729248046875">
        <ele>838.20001220703125</ele>
        <time>2025-10-05T06:22:05.000Z</time>
        <extensions>
          <ns3:TrackPointExtension>
            <ns3:hr>78</ns3:hr>
            <ns3:cad>54</ns3:cad>
          </ns3:TrackPointExtension>
        </extensions>
      </trkpt>
      <trkpt lat="42.4691864289343357086181640625" lon="-5.916890390217304229736328125">
        <ele>838.20001220703125</ele>
        <time>2025-10-05T06:22:13.000Z</time>
        <extensions>
          <ns3:TrackPointExtension>
            <ns3:hr>77</ns3:hr>
            <ns3:cad>54</ns3:cad>
          </ns3:TrackPointExtension>
        </extensions>
      </trkpt>
      <trkpt lat="42.46910235844552516937255859375" lon="-5.916972868144512176513671875">
        <ele>838.4000244140625</ele>
        <time>2025-10-05T06:22:22.000Z</time>
        <extensions>
          <ns3:TrackPointExtension>
            <ns3:hr>77</ns3:hr>
            <ns3:cad>55</ns3:cad>
          </ns3:TrackPointExtension>
        </extensions>
      </trkpt>
      <trkpt lat="42.46899741701781749725341796875" lon="-5.9170670807361602783203125">
        <ele>838.5999755859375</ele>
        <time>2025-10-05T06:22:32.000Z</time>
        <extensions>
          <ns3:TrackPointExtension>
            <ns3:hr>77</ns3:hr>
            <ns3:cad>55</ns3:cad>
          </ns3:TrackPointExtension>
        </extensions>
      </trkpt>
      <trkpt lat="42.46892969124019145965576171875" lon="-5.91712634079158306121826171875">
        <ele>838.79998779296875</ele>
        <time>2025-10-05T06:22:39.000Z</time>
        <extensions>
          <ns3:TrackPointExtension>
            <ns3:hr>77</ns3:hr>
            <ns3:cad>55</ns3:cad>
          </ns3:TrackPointExtension>
        </extensions>
      </trkpt>
      <trkpt lat="42.468853332102298736572265625" lon="-5.91720395721495151519775390625">
        <ele>839</ele>
        <time>2025-10-05T06:22:47.000Z</time>
        <extensions>
          <ns3:TrackPointExtension>
            <ns3:hr>77</ns3:hr>
            <ns3:cad>56</ns3:cad>
          </ns3:TrackPointExtension>
        </extensions>
      </trkpt>
      <trkpt lat="42.4687512405216693878173828125" lon="-5.917304120957851409912109375">
        <ele>839.4000244140625</ele>
        <time>2025-10-05T06:22:58.000Z</time>
        <extensions>
          <ns3:TrackPointExtension>
            <ns3:hr>77</ns3:hr>
            <ns3:cad>53</ns3:cad>
          </ns3:TrackPointExtension>
        </extensions>
      </trkpt>
      <trkpt lat="42.46866180561482906341552734375" lon="-5.9173954837024211883544921875">
        <ele>839.5999755859375</ele>
        <time>2025-10-05T06:23:08.000Z</time>
        <extensions>
          <ns3:TrackPointExtension>
            <ns3:hr>76</ns3:hr>
            <ns3:cad>53</ns3:cad>
          </ns3:TrackPointExtension>
        </extensions>
      </trkpt>
      <trkpt lat="42.46856792829930782318115234375" lon="-5.91750972904264926910400390625">
        <ele>840</ele>
        <time>2025-10-05T06:23:19.000Z</time>
        <extensions>
          <ns3:TrackPointExtension>
            <ns3:hr>76</ns3:hr>
            <ns3:cad>53</ns3:cad>
          </ns3:TrackPointExtension>
        </extensions>
      </trkpt>
      <trkpt lat="42.46848620474338531494140625" lon="-5.91760293580591678619384765625">
        <ele>840.4000244140625</ele>
        <time>2025-10-05T06:23:28.000Z</time>
        <extensions>
          <ns3:TrackPointExtension>
            <ns3:hr>74</ns3:hr>
            <ns3:cad>54</ns3:cad>
          </ns3:TrackPointExtension>
        </extensions>
      </trkpt>
      <trkpt lat="42.46844622306525707244873046875" lon="-5.917658507823944091796875">
        <ele>840.79998779296875</ele>
        <time>2025-10-05T06:23:34.000Z</time>
        <extensions>
          <ns3:TrackPointExtension>
            <ns3:hr>75</ns3:hr>
            <ns3:cad>53</ns3:cad>
          </ns3:TrackPointExtension>
        </extensions>
      </trkpt>
      <trkpt lat="42.468448318541049957275390625" lon="-5.917676277458667755126953125">
        <ele>841</ele>
        <time>2025-10-05T06:23:36.000Z</time>
        <extensions>
          <ns3:TrackPointExtension>
            <ns3:hr>75</ns3:hr>
            <ns3:cad>0</ns3:cad>
          </ns3:TrackPointExtension>
        </extensions>
      </trkpt>
      <trkpt lat="42.46844454668462276458740234375" lon="-5.917695052921772003173828125">
        <ele>841</ele>
        <time>2025-10-05T06:23:39.000Z</time>
        <extensions>
          <ns3:TrackPointExtension>
            <ns3:hr>75</ns3:hr>
            <ns3:cad>0</ns3:cad>
          </ns3:TrackPointExtension>
        </extensions>
      </trkpt>
      <trkpt lat="42.4684303812682628631591796875" lon="-5.91770754195749759674072265625">
        <ele>841</ele>
        <time>2025-10-05T06:23:41.000Z</time>
        <extensions>
          <ns3:TrackPointExtension>
            <ns3:hr>75</ns3:hr>
            <ns3:cad>0</ns3:cad>
          </ns3:TrackPointExtension>
        </extensions>
      </trkpt>
      <trkpt lat="42.46842241846024990081787109375" lon="-5.91771139763295650482177734375">
        <ele>841</ele>
        <time>2025-10-05T06:23:42.000Z</time>
        <extensions>
          <ns3:TrackPointExtension>
            <ns3:hr>75</ns3:hr>
            <ns3:cad>0</ns3:cad>
          </ns3:TrackPointExtension>
        </extensions>
      </trkpt>
      <trkpt lat="42.4684129469096660614013671875" lon="-5.91772019863128662109375">
        <ele>841.20001220703125</ele>
        <time>2025-10-05T06:23:50.000Z</time>
        <extensions>
          <ns3:TrackPointExtension>
            <ns3:hr>78</ns3:hr>
            <ns3:cad>0</ns3:cad>
          </ns3:TrackPointExtension>
        </extensions>
      </trkpt>
      <trkpt lat="42.4684129469096660614013671875" lon="-5.91772019863128662109375">
        <ele>841.20001220703125</ele>
        <time>2025-10-05T06:24:06.000Z</time>
        <extensions>
          <ns3:TrackPointExtension>
            <ns3:hr>81</ns3:hr>
            <ns3:cad>0</ns3:cad>
          </ns3:TrackPointExtension>
        </extensions>
      </trkpt>
      <trkpt lat="42.46841437183320522308349609375" lon="-5.9177210368216037750244140625">
        <ele>841.20001220703125</ele>
        <time>2025-10-05T06:24:09.000Z</time>
        <extensions>
          <ns3:TrackPointExtension>
            <ns3:hr>81</ns3:hr>
            <ns3:cad>0</ns3:cad>
          </ns3:TrackPointExtension>
        </extensions>
      </trkpt>
      <trkpt lat="42.46840246953070163726806640625" lon="-5.91774232685565948486328125">
        <ele>841</ele>
        <time>2025-10-05T06:24:11.000Z</time>
        <extensions>
          <ns3:TrackPointExtension>
            <ns3:hr>78</ns3:hr>
            <ns3:cad>0</ns3:cad>
          </ns3:TrackPointExtension>
        </extensions>
      </trkpt>
      <trkpt lat="42.46837832964956760406494140625" lon="-5.917778871953487396240234375">
        <ele>840.79998779296875</ele>
        <time>2025-10-05T06:24:14.000Z</time>
        <extensions>
          <ns3:TrackPointExtension>
            <ns3:hr>75</ns3:hr>
            <ns3:cad>0</ns3:cad>
          </ns3:TrackPointExtension>
        </extensions>
      </trkpt>
      <trkpt lat="42.4683452211320400238037109375" lon="-5.9178092144429683685302734375">
        <ele>841.20001220703125</ele>
        <time>2025-10-05T06:24:17.000Z</time>
        <extensions>
          <ns3:TrackPointExtension>
            <ns3:hr>73</ns3:hr>
            <ns3:cad>54</ns3:cad>
          </ns3:TrackPointExtension>
        </extensions>
      </trkpt>
      <trkpt lat="42.468300126492977142333984375" lon="-5.91783897019922733306884765625">
        <ele>841.20001220703125</ele>
        <time>2025-10-05T06:24:21.000Z</time>
        <extensions>
          <ns3:TrackPointExtension>
            <ns3:hr>70</ns3:hr>
            <ns3:cad>55</ns3:cad>
          </ns3:TrackPointExtension>
        </extensions>
      </trkpt>
      <trkpt lat="42.46825712732970714569091796875" lon="-5.91786839067935943603515625">
        <ele>841.4000244140625</ele>
        <time>2025-10-05T06:24:25.000Z</time>
        <extensions>
          <ns3:TrackPointExtension>
            <ns3:hr>67</ns3:hr>
            <ns3:cad>57</ns3:cad>
          </ns3:TrackPointExtension>
        </extensions>
      </trkpt>
      <trkpt lat="42.4682459793984889984130859375" lon="-5.91787518002092838287353515625">
        <ele>841.4000244140625</ele>
        <time>2025-10-05T06:24:26.000Z</time>
        <extensions>
          <ns3:TrackPointExtension>
            <ns3:hr>66</ns3:hr>
            <ns3:cad>57</ns3:cad>
          </ns3:TrackPointExtension>
        </extensions>
      </trkpt>
      <trkpt lat="42.46816274709999561309814453125" lon="-5.91791943646967411041259765625">
        <ele>841.5999755859375</ele>
        <time>2025-10-05T06:24:34.000Z</time>
        <extensions>
          <ns3:TrackPointExtension>
            <ns3:hr>64</ns3:hr>
            <ns3:cad>55</ns3:cad>
          </ns3:TrackPointExtension>
        </extensions>
      </trkpt>
      <trkpt lat="42.46805897913873195648193359375" lon="-5.91796469874680042266845703125">
        <ele>841.5999755859375</ele>
        <time>2025-10-05T06:24:43.000Z</time>
        <extensions>
          <ns3:TrackPointExtension>
            <ns3:hr>62</ns3:hr>
            <ns3:cad>56</ns3:cad>
          </ns3:TrackPointExtension>
        </extensions>
      </trkpt>
      <trkpt lat="42.4679646827280521392822265625" lon="-5.917979367077350616455078125">
        <ele>841.79998779296875</ele>
        <time>2025-10-05T06:24:51.000Z</time>
        <extensions>
          <ns3:TrackPointExtension>
            <ns3:hr>64</ns3:hr>
            <ns3:cad>56</ns3:cad>
          </ns3:TrackPointExtension>
        </extensions>
      </trkpt>
      <trkpt lat="42.4678617529571056365966796875" lon="-5.91801633127033710479736328125">
        <ele>841.79998779296875</ele>
        <time>2025-10-05T06:25:00.000Z</time>
        <extensions>
          <ns3:TrackPointExtension>
            <ns3:hr>65</ns3:hr>
            <ns3:cad>56</ns3:cad>
          </ns3:TrackPointExtension>
        </extensions>
      </trkpt>
      <trkpt lat="42.46776334941387176513671875" lon="-5.918032340705394744873046875">
        <ele>842</ele>
        <time>2025-10-05T06:25:08.000Z</time>
        <extensions>
          <ns3:TrackPointExtension>
            <ns3:hr>64</ns3:hr>
            <ns3:cad>57</ns3:cad>
          </ns3:TrackPointExtension>
        </extensions>
      </trkpt>
      <trkpt lat="42.46764005161821842193603515625" lon="-5.9180603362619876861572265625">
        <ele>842</ele>
        <time>2025-10-05T06:25:18.000Z</time>
        <extensions>
          <ns3:TrackPointExtension>
            <ns3:hr>63</ns3:hr>
            <ns3:cad>57</ns3:cad>
          </ns3:TrackPointExtension>
        </extensions>
      </trkpt>
      <trkpt lat="42.46754500083625316619873046875" lon="-5.91806444339454174041748046875">
        <ele>841.79998779296875</ele>
        <time>2025-10-05T06:25:26.000Z</time>
        <extensions>
          <ns3:TrackPointExtension>
            <ns3:hr>62</ns3:hr>
            <ns3:cad>0</ns3:cad>
          </ns3:TrackPointExtension>
        </extensions>
      </trkpt>
      <trkpt lat="42.46740686707198619842529296875" lon="-5.91811171732842922210693359375">
        <ele>841.79998779296875</ele>
        <time>2025-10-05T06:25:38.000Z</time>
        <extensions>
          <ns3:TrackPointExtension>
            <ns3:hr>62</ns3:hr>
            <ns3:cad>57</ns3:cad>
          </ns3:TrackPointExtension>
        </extensions>
      </trkpt>
      <trkpt lat="42.46727116405963897705078125" lon="-5.91813887469470500946044921875">
        <ele>841.5999755859375</ele>
        <time>2025-10-05T06:25:49.000Z</time>
        <extensions>
          <ns3:TrackPointExtension>
            <ns3:hr>62</ns3:hr>
            <ns3:cad>57</ns3:cad>
          </ns3:TrackPointExtension>
        </extensions>
      </trkpt>
      <trkpt lat="42.46711534447968006134033203125" lon="-5.91820224188268184661865234375">
        <ele>841.79998779296875</ele>
        <time>2025-10-05T06:26:02.000Z</time>
        <extensions>
          <ns3:TrackPointExtension>
            <ns3:hr>62</ns3:hr>
            <ns3:cad>58</ns3:cad>
          </ns3:TrackPointExtension>
        </extensions>
      </trkpt>
      <trkpt lat="42.46701425872743129730224609375" lon="-5.91822512447834014892578125">
        <ele>841.79998779296875</ele>
        <time>2025-10-05T06:26:11.000Z</time>
        <extensions>
          <ns3:TrackPointExtension>
            <ns3:hr>61</ns3:hr>
            <ns3:cad>54</ns3:cad>
          </ns3:TrackPointExtension>
        </extensions>
      </trkpt>
      <trkpt lat="42.4669001810252666473388671875" lon="-5.9182588197290897369384765625">
        <ele>841.79998779296875</ele>
        <time>2025-10-05T06:26:21.000Z</time>
        <extensions>
          <ns3:TrackPointExtension>
            <ns3:hr>60</ns3:hr>
            <ns3:cad>57</ns3:cad>
          </ns3:TrackPointExtension>
        </extensions>
      </trkpt>
      <trkpt lat="42.4668941460549831390380859375" lon="-5.91826225630939006805419921875">
        <ele>841.79998779296875</ele>
        <time>2025-10-05T06:26:26.000Z</time>
        <extensions>
          <ns3:TrackPointExtension>
            <ns3:hr>62</ns3:hr>
            <ns3:cad>0</ns3:cad>
          </ns3:TrackPointExtension>
        </extensions>
      </trkpt>
      <trkpt lat="42.4668850935995578765869140625" lon="-5.91826426796615123748779296875">
        <ele>841.79998779296875</ele>
        <time>2025-10-05T06:26:42.000Z</time>
        <extensions>
          <ns3:TrackPointExtension>
            <ns3:hr>61</ns3:hr>
            <ns3:cad>0</ns3:cad>
          </ns3:TrackPointExtension>
        </extensions>
      </trkpt>
      <trkpt lat="42.46679917909204959869384765625" lon="-5.91828589327633380889892578125">
        <ele>841.20001220703125</ele>
        <time>2025-10-05T06:26:50.000Z</time>
        <extensions>
          <ns3:TrackPointExtension>
            <ns3:hr>59</ns3:hr>
            <ns3:cad>53</ns3:cad>
          </ns3:TrackPointExtension>
        </extensions>
      </trkpt>
      <trkpt lat="42.466715611517429351806640625" lon="-5.91831003315746784210205078125">
        <ele>841.20001220703125</ele>
        <time>2025-10-05T06:26:58.000Z</time>
        <extensions>
          <ns3:TrackPointExtension>
            <ns3:hr>59</ns3:hr>
            <ns3:cad>55</ns3:cad>
          </ns3:TrackPointExtension>
        </extensions>
      </trkpt>
      <trkpt lat="42.466581165790557861328125" lon="-5.91835412196815013885498046875">
        <ele>840.79998779296875</ele>
        <time>2025-10-05T06:27:10.000Z</time>
        <extensions>
          <ns3:TrackPointExtension>
            <ns3:hr>60</ns3:hr>
            <ns3:cad>56</ns3:cad>
          </ns3:TrackPointExtension>
        </extensions>
      </trkpt>
      <trkpt lat="42.46654923073947429656982421875" lon="-5.9183624200522899627685546875">
        <ele>840.79998779296875</ele>
        <time>2025-10-05T06:27:13.000Z</time>
        <extensions>
          <ns3:TrackPointExtension>
            <ns3:hr>60</ns3:hr>
            <ns3:cad>56</ns3:cad>
          </ns3:TrackPointExtension>
        </extensions>
      </trkpt>
      <trkpt lat="42.46645367704331874847412109375" lon="-5.9183892421424388885498046875">
        <ele>840.4000244140625</ele>
        <time>2025-10-05T06:27:21.000Z</time>
        <extensions>
          <ns3:TrackPointExtension>
            <ns3:hr>61</ns3:hr>
            <ns3:cad>57</ns3:cad>
          </ns3:TrackPointExtension>
        </extensions>
      </trkpt>
      <trkpt lat="42.4663169682025909423828125" lon="-5.91843341477215290069580078125">
        <ele>839.79998779296875</ele>
        <time>2025-10-05T06:27:34.000Z</time>
        <extensions>
          <ns3:TrackPointExtension>
            <ns3:hr>58</ns3:hr>
            <ns3:cad>55</ns3:cad>
          </ns3:TrackPointExtension>
        </extensions>
      </trkpt>
      <trkpt lat="42.46629408560693264007568359375" lon="-5.91843794099986553192138671875">
        <ele>839.79998779296875</ele>
        <time>2025-10-05T06:27:36.000Z</time>
        <extensions>
          <ns3:TrackPointExtension>
            <ns3:hr>58</ns3:hr>
            <ns3:cad>55</ns3:cad>
          </ns3:TrackPointExtension>
        </extensions>
      </trkpt>
      <trkpt lat="42.46620188467204570770263671875" lon="-5.91847146861255168914794921875">
        <ele>839.20001220703125</ele>
        <time>2025-10-05T06:27:44.000Z</time>
        <extensions>
          <ns3:TrackPointExtension>
            <ns3:hr>57</ns3:hr>
            <ns3:cad>56</ns3:cad>
          </ns3:TrackPointExtension>
        </extensions>
      </trkpt>
      <trkpt lat="42.46614891104400157928466796875" lon="-5.91849208809435367584228515625">
        <ele>839.20001220703125</ele>
        <time>2025-10-05T06:27:51.000Z</time>
        <extensions>
          <ns3:TrackPointExtension>
            <ns3:hr>57</ns3:hr>
            <ns3:cad>0</ns3:cad>
          </ns3:TrackPointExtension>
        </extensions>
      </trkpt>
      <trkpt lat="42.4661518447101116180419921875" lon="-5.9184911660850048065185546875">
        <ele>839.5999755859375</ele>
        <time>2025-10-05T06:28:03.000Z</time>
        <extensions>
          <ns3:TrackPointExtension>
            <ns3:hr>57</ns3:hr>
            <ns3:cad>0</ns3:cad>
          </ns3:TrackPointExtension>
        </extensions>
      </trkpt>
      <trkpt lat="42.46613047085702419281005859375" lon="-5.91848940588533878326416015625">
        <ele>839</ele>
        <time>2025-10-05T06:28:12.000Z</time>
        <extensions>
          <ns3:TrackPointExtension>
            <ns3:hr>57</ns3:hr>
            <ns3:cad>0</ns3:cad>
          </ns3:TrackPointExtension>
        </extensions>
      </trkpt>
      <trkpt lat="42.46609509922564029693603515625" lon="-5.91850449331104755401611328125">
        <ele>838.5999755859375</ele>
        <time>2025-10-05T06:28:15.000Z</time>
        <extensions>
          <ns3:TrackPointExtension>
            <ns3:hr>59</ns3:hr>
            <ns3:cad>0</ns3:cad>
          </ns3:TrackPointExtension>
        </extensions>
      </trkpt>
      <trkpt lat="42.466037012636661529541015625" lon="-5.9185235202312469482421875">
        <ele>838.4000244140625</ele>
        <time>2025-10-05T06:28:20.000Z</time>
        <extensions>
          <ns3:TrackPointExtension>
            <ns3:hr>60</ns3:hr>
            <ns3:cad>56</ns3:cad>
          </ns3:TrackPointExtension>
        </extensions>
      </trkpt>
      <trkpt lat="42.46589359827339649200439453125" lon="-5.91855503618717193603515625">
        <ele>837.79998779296875</ele>
        <time>2025-10-05T06:28:32.000Z</time>
        <extensions>
          <ns3:TrackPointExtension>
            <ns3:hr>59</ns3:hr>
            <ns3:cad>58</ns3:cad>
          </ns3:TrackPointExtension>
        </extensions>
      </trkpt>
      <trkpt lat="42.46583023108541965484619140625" lon="-5.91857188381254673004150390625">
        <ele>837.5999755859375</ele>
        <time>2025-10-05T06:28:37.000Z</time>
        <extensions>
          <ns3:TrackPointExtension>
            <ns3:hr>61</ns3:hr>
            <ns3:cad>57</ns3:cad>
          </ns3:TrackPointExtension>
        </extensions>
      </trkpt>
      <trkpt lat="42.46571925468742847442626953125" lon="-5.9186125360429286956787109375">
        <ele>837.4000244140625</ele>
        <time>2025-10-05T06:28:46.000Z</time>
        <extensions>
          <ns3:TrackPointExtension>
            <ns3:hr>63</ns3:hr>
            <ns3:cad>57</ns3:cad>
          </ns3:TrackPointExtension>
        </extensions>
      </trkpt>
      <trkpt lat="42.4655972979962825775146484375" lon="-5.91864832676947116851806640625">
        <ele>837</ele>
        <time>2025-10-05T06:28:56.000Z</time>
        <extensions>
          <ns3:TrackPointExtension>
            <ns3:hr>64</ns3:hr>
            <ns3:cad>58</ns3:cad>
          </ns3:TrackPointExtension>
        </extensions>
      </trkpt>
      <trkpt lat="42.465491853654384613037109375" lon="-5.91867900453507900238037109375">
        <ele>837</ele>
        <time>2025-10-05T06:29:05.000Z</time>
        <extensions>
          <ns3:TrackPointExtension>
            <ns3:hr>65</ns3:hr>
            <ns3:cad>58</ns3:cad>
          </ns3:TrackPointExtension>
        </extensions>
      </trkpt>
      <trkpt lat="42.46534994803369045257568359375" lon="-5.9187292121350765228271484375">
        <ele>836.79998779296875</ele>
        <time>2025-10-05T06:29:17.000Z</time>
        <extensions>
          <ns3:TrackPointExtension>
            <ns3:hr>66</ns3:hr>
            <ns3:cad>57</ns3:cad>
          </ns3:TrackPointExtension>
        </extensions>
      </trkpt>
      <trkpt lat="42.4652999080717563629150390625" lon="-5.91874689795076847076416015625">
        <ele>836.79998779296875</ele>
        <time>2025-10-05T06:29:21.000Z</time>
        <extensions>
          <ns3:TrackPointExtension>
            <ns3:hr>63</ns3:hr>
            <ns3:cad>57</ns3:cad>
          </ns3:TrackPointExtension>
        </extensions>
      </trkpt>
      <trkpt lat="42.46521256864070892333984375" lon="-5.91876734979450702667236328125">
        <ele>836.79998779296875</ele>
        <time>2025-10-05T06:29:28.000Z</time>
        <extensions>
          <ns3:TrackPointExtension>
            <ns3:hr>62</ns3:hr>
            <ns3:cad>57</ns3:cad>
          </ns3:TrackPointExtension>
        </extensions>
      </trkpt>
      <trkpt lat="42.46506865136325359344482421875" lon="-5.9188023023307323455810546875">
        <ele>836.5999755859375</ele>
        <time>2025-10-05T06:29:40.000Z</time>
        <extensions>
          <ns3:TrackPointExtension>
            <ns3:hr>62</ns3:hr>
            <ns3:cad>57</ns3:cad>
          </ns3:TrackPointExtension>
        </extensions>
      </trkpt>
      <trkpt lat="42.46505658142268657684326171875" lon="-5.91880473308265209197998046875">
        <ele>836.5999755859375</ele>
        <time>2025-10-05T06:29:41.000Z</time>
        <extensions>
          <ns3:TrackPointExtension>
            <ns3:hr>62</ns3:hr>
            <ns3:cad>57</ns3:cad>
          </ns3:TrackPointExtension>
        </extensions>
      </trkpt>
      <trkpt lat="42.46492766775190830230712890625" lon="-5.9188358299434185028076171875">
        <ele>837</ele>
        <time>2025-10-05T06:29:51.000Z</time>
        <extensions>
          <ns3:TrackPointExtension>
            <ns3:hr>62</ns3:hr>
            <ns3:cad>58</ns3:cad>
          </ns3:TrackPointExtension>
        </extensions>
      </trkpt>
      <trkpt lat="42.4647773802280426025390625" lon="-5.91889659874141216278076171875">
        <ele>836.5999755859375</ele>
        <time>2025-10-05T06:30:04.000Z</time>
        <extensions>
          <ns3:TrackPointExtension>
            <ns3:hr>61</ns3:hr>
            <ns3:cad>59</ns3:cad>
          </ns3:TrackPointExtension>
        </extensions>
      </trkpt>
      <trkpt lat="42.46469129808247089385986328125" lon="-5.91892509721219539642333984375">
        <ele>836.5999755859375</ele>
        <time>2025-10-05T06:30:11.000Z</time>
        <extensions>
          <ns3:TrackPointExtension>
            <ns3:hr>64</ns3:hr>
            <ns3:cad>58</ns3:cad>
          </ns3:TrackPointExtension>
        </extensions>
      </trkpt>
      <trkpt lat="42.46464838273823261260986328125" lon="-5.91894219629466533660888671875">
        <ele>836.5999755859375</ele>
        <time>2025-10-05T06:30:15.000Z</time>
        <extensions>
          <ns3:TrackPointExtension>
            <ns3:hr>65</ns3:hr>
            <ns3:cad>58</ns3:cad>
          </ns3:TrackPointExtension>
        </extensions>
      </trkpt>
      <trkpt lat="42.46455249376595020294189453125" lon="-5.91895225457847118377685546875">
        <ele>836.20001220703125</ele>
        <time>2025-10-05T06:30:22.000Z</time>
        <extensions>
          <ns3:TrackPointExtension>
            <ns3:hr>63</ns3:hr>
            <ns3:cad>57</ns3:cad>
          </ns3:TrackPointExtension>
        </extensions>
      </trkpt>
      <trkpt lat="42.464408241212368011474609375" lon="-5.91899701394140720367431640625">
        <ele>836.4000244140625</ele>
        <time>2025-10-05T06:30:33.000Z</time>
        <extensions>
          <ns3:TrackPointExtension>
            <ns3:hr>65</ns3:hr>
            <ns3:cad>59</ns3:cad>
          </ns3:TrackPointExtension>
        </extensions>
      </trkpt>
      <trkpt lat="42.46428980492055416107177734375" lon="-5.91903607361018657684326171875">
        <ele>836.20001220703125</ele>
        <time>2025-10-05T06:30:43.000Z</time>
        <extensions>
          <ns3:TrackPointExtension>
            <ns3:hr>65</ns3:hr>
            <ns3:cad>58</ns3:cad>
          </ns3:TrackPointExtension>
        </extensions>
      </trkpt>
      <trkpt lat="42.4641509167850017547607421875" lon="-5.91907831840217113494873046875">
        <ele>836.4000244140625</ele>
        <time>2025-10-05T06:30:54.000Z</time>
        <extensions>
          <ns3:TrackPointExtension>
            <ns3:hr>65</ns3:hr>
            <ns3:cad>59</ns3:cad>
          </ns3:TrackPointExtension>
        </extensions>
      </trkpt>
      <trkpt lat="42.46404907666146755218505859375" lon="-5.91910715214908123016357421875">
        <ele>836.20001220703125</ele>
        <time>2025-10-05T06:31:03.000Z</time>
        <extensions>
          <ns3:TrackPointExtension>
            <ns3:hr>66</ns3:hr>
            <ns3:cad>59</ns3:cad>
          </ns3:TrackPointExtension>
        </extensions>
      </trkpt>
      <trkpt lat="42.463918067514896392822265625" lon="-5.9191405959427356719970703125">
        <ele>836.20001220703125</ele>
        <time>2025-10-05T06:31:13.000Z</time>
        <extensions>
          <ns3:TrackPointExtension>
            <ns3:hr>66</ns3:hr>
            <ns3:cad>58</ns3:cad>
          </ns3:TrackPointExtension>
        </extensions>
      </trkpt>
      <trkpt lat="42.4638421274721622467041015625" lon="-5.91916331090033054351806640625">
        <ele>836.20001220703125</ele>
        <time>2025-10-05T06:31:19.000Z</time>
        <extensions>
          <ns3:TrackPointExtension>
            <ns3:hr>69</ns3:hr>
            <ns3:cad>57</ns3:cad>
          </ns3:TrackPointExtension>
        </extensions>
      </trkpt>
      <trkpt lat="42.4637889862060546875" lon="-5.91919247992336750030517578125">
        <ele>836.4000244140625</ele>
        <time>2025-10-05T06:31:24.000Z</time>
        <extensions>
          <ns3:TrackPointExtension>
            <ns3:hr>69</ns3:hr>
            <ns3:cad>0</ns3:cad>
          </ns3:TrackPointExtension>
        </extensions>
      </trkpt>
      <trkpt lat="42.463724948465824127197265625" lon="-5.91925442218780517578125">
        <ele>836.5999755859375</ele>
        <time>2025-10-05T06:31:31.000Z</time>
        <extensions>
          <ns3:TrackPointExtension>
            <ns3:hr>68</ns3:hr>
            <ns3:cad>55</ns3:cad>
          </ns3:TrackPointExtension>
        </extensions>
      </trkpt>
      <trkpt lat="42.46364858932793140411376953125" lon="-5.9192639775574207305908203125">
        <ele>836.79998779296875</ele>
        <time>2025-10-05T06:31:37.000Z</time>
        <extensions>
          <ns3:TrackPointExtension>
            <ns3:hr>67</ns3:hr>
            <ns3:cad>54</ns3:cad>
          </ns3:TrackPointExtension>
        </extensions>
      </trkpt>
      <trkpt lat="42.4636248685419559478759765625" lon="-5.919321142137050628662109375">
        <ele>837</ele>
        <time>2025-10-05T06:31:42.000Z</time>
        <extensions>
          <ns3:TrackPointExtension>
            <ns3:hr>68</ns3:hr>
            <ns3:cad>55</ns3:cad>
          </ns3:TrackPointExtension>
        </extensions>
      </trkpt>
      <trkpt lat="42.4636352621018886566162109375" lon="-5.919391550123691558837890625">
        <ele>837.4000244140625</ele>
        <time>2025-10-05T06:31:47.000Z</time>
        <extensions>
          <ns3:TrackPointExtension>
            <ns3:hr>65</ns3:hr>
            <ns3:cad>55</ns3:cad>
          </ns3:TrackPointExtension>
        </extensions>
      </trkpt>
      <trkpt lat="42.4636376090347766876220703125" lon="-5.919407643377780914306640625">
        <ele>837.4000244140625</ele>
        <time>2025-10-05T06:31:48.000Z</time>
        <extensions>
          <ns3:TrackPointExtension>
            <ns3:hr>64</ns3:hr>
            <ns3:cad>55</ns3:cad>
          </ns3:TrackPointExtension>
        </extensions>
      </trkpt>
      <trkpt lat="42.4636456556618213653564453125" lon="-5.91944728977978229522705078125">
        <ele>837.5999755859375</ele>
        <time>2025-10-05T06:31:51.000Z</time>
        <extensions>
          <ns3:TrackPointExtension>
            <ns3:hr>65</ns3:hr>
            <ns3:cad>53</ns3:cad>
          </ns3:TrackPointExtension>
        </extensions>
      </trkpt>
      <trkpt lat="42.4636428058147430419921875" lon="-5.91956161893904209136962890625">
        <ele>838.20001220703125</ele>
        <time>2025-10-05T06:31:58.000Z</time>
        <extensions>
          <ns3:TrackPointExtension>
            <ns3:hr>66</ns3:hr>
            <ns3:cad>52</ns3:cad>
          </ns3:TrackPointExtension>
        </extensions>
      </trkpt>
      <trkpt lat="42.46364724822342395782470703125" lon="-5.91964962892234325408935546875">
        <ele>838.5999755859375</ele>
        <time>2025-10-05T06:32:04.000Z</time>
        <extensions>
          <ns3:TrackPointExtension>
            <ns3:hr>69</ns3:hr>
            <ns3:cad>53</ns3:cad>
          </ns3:TrackPointExtension>
        </extensions>
      </trkpt>
      <trkpt lat="42.4636476673185825347900390625" lon="-5.91966706328094005584716796875">
        <ele>838.79998779296875</ele>
        <time>2025-10-05T06:32:05.000Z</time>
        <extensions>
          <ns3:TrackPointExtension>
            <ns3:hr>69</ns3:hr>
            <ns3:cad>53</ns3:cad>
          </ns3:TrackPointExtension>
        </extensions>
      </trkpt>
      <trkpt lat="42.4636508524417877197265625" lon="-5.91968500055372714996337890625">
        <ele>838.79998779296875</ele>
        <time>2025-10-05T06:32:06.000Z</time>
        <extensions>
          <ns3:TrackPointExtension>
            <ns3:hr>70</ns3:hr>
            <ns3:cad>53</ns3:cad>
          </ns3:TrackPointExtension>
        </extensions>
      </trkpt>
      <trkpt lat="42.46365948580205440521240234375" lon="-5.91978357173502445220947265625">
        <ele>839.4000244140625</ele>
        <time>2025-10-05T06:32:12.000Z</time>
        <extensions>
          <ns3:TrackPointExtension>
            <ns3:hr>73</ns3:hr>
            <ns3:cad>55</ns3:cad>
          </ns3:TrackPointExtension>
        </extensions>
      </trkpt>
      <trkpt lat="42.4636610783636569976806640625" lon="-5.919840149581432342529296875">
        <ele>839.79998779296875</ele>
        <time>2025-10-05T06:32:16.000Z</time>
        <extensions>
          <ns3:TrackPointExtension>
            <ns3:hr>74</ns3:hr>
            <ns3:cad>53</ns3:cad>
          </ns3:TrackPointExtension>
        </extensions>
      </trkpt>
      <trkpt lat="42.46367189101874828338623046875" lon="-5.91996051371097564697265625">
        <ele>840.5999755859375</ele>
        <time>2025-10-05T06:32:24.000Z</time>
        <extensions>
          <ns3:TrackPointExtension>
            <ns3:hr>74</ns3:hr>
            <ns3:cad>53</ns3:cad>
          </ns3:TrackPointExtension>
        </extensions>
      </trkpt>
      <trkpt lat="42.46367557905614376068115234375" lon="-5.920009128749370574951171875">
        <ele>840.79998779296875</ele>
        <time>2025-10-05T06:32:27.000Z</time>
        <extensions>
          <ns3:TrackPointExtension>
            <ns3:hr>75</ns3:hr>
            <ns3:cad>52</ns3:cad>
          </ns3:TrackPointExtension>
        </extensions>
      </trkpt>
      <trkpt lat="42.463678009808063507080078125" lon="-5.920110382139682769775390625">
        <ele>841.5999755859375</ele>
        <time>2025-10-05T06:32:34.000Z</time>
        <extensions>
          <ns3:TrackPointExtension>
            <ns3:hr>76</ns3:hr>
            <ns3:cad>53</ns3:cad>
          </ns3:TrackPointExtension>
        </extensions>
      </trkpt>
      <trkpt lat="42.4636805243790149688720703125" lon="-5.9201658703386783599853515625">
        <ele>842</ele>
        <time>2025-10-05T06:32:37.000Z</time>
        <extensions>
          <ns3:TrackPointExtension>
            <ns3:hr>75</ns3:hr>
            <ns3:cad>53</ns3:cad>
          </ns3:TrackPointExtension>
        </extensions>
      </trkpt>
      <trkpt lat="42.4636895768344402313232421875" lon="-5.92026318423449993133544921875">
        <ele>842.5999755859375</ele>
        <time>2025-10-05T06:32:43.000Z</time>
        <extensions>
          <ns3:TrackPointExtension>
            <ns3:hr>77</ns3:hr>
            <ns3:cad>53</ns3:cad>
          </ns3:TrackPointExtension>
        </extensions>
      </trkpt>
      <trkpt lat="42.46369980275630950927734375" lon="-5.92033526860177516937255859375">
        <ele>843</ele>
        <time>2025-10-05T06:32:48.000Z</time>
        <extensions>
          <ns3:TrackPointExtension>
            <ns3:hr>77</ns3:hr>
            <ns3:cad>53</ns3:cad>
          </ns3:TrackPointExtension>
        </extensions>
      </trkpt>
      <trkpt lat="42.46371346525847911834716796875" lon="-5.9203938581049442291259765625">
        <ele>843.4000244140625</ele>
        <time>2025-10-05T06:32:52.000Z</time>
        <extensions>
          <ns3:TrackPointExtension>
            <ns3:hr>77</ns3:hr>
            <ns3:cad>52</ns3:cad>
          </ns3:TrackPointExtension>
        </extensions>
      </trkpt>
      <trkpt lat="42.46372536756098270416259765625" lon="-5.920473150908946990966796875">
        <ele>844</ele>
        <time>2025-10-05T06:32:58.000Z</time>
        <extensions>
          <ns3:TrackPointExtension>
            <ns3:hr>78</ns3:hr>
            <ns3:cad>51</ns3:cad>
          </ns3:TrackPointExtension>
        </extensions>
      </trkpt>
      <trkpt lat="42.46373425237834453582763671875" lon="-5.920505337417125701904296875">
        <ele>844.20001220703125</ele>
        <time>2025-10-05T06:33:00.000Z</time>
        <extensions>
          <ns3:TrackPointExtension>
            <ns3:hr>77</ns3:hr>
            <ns3:cad>0</ns3:cad>
          </ns3:TrackPointExtension>
        </extensions>
      </trkpt>
      <trkpt lat="42.4637519381940364837646484375" lon="-5.92060030438005924224853515625">
        <ele>845</ele>
        <time>2025-10-05T06:33:07.000Z</time>
        <extensions>
          <ns3:TrackPointExtension>
            <ns3:hr>78</ns3:hr>
            <ns3:cad>0</ns3:cad>
          </ns3:TrackPointExtension>
        </extensions>
      </trkpt>
      <trkpt lat="42.4637918360531330108642578125" lon="-5.9207217581570148468017578125">
        <ele>846</ele>
        <time>2025-10-05T06:33:16.000Z</time>
        <extensions>
          <ns3:TrackPointExtension>
            <ns3:hr>81</ns3:hr>
            <ns3:cad>51</ns3:cad>
          </ns3:TrackPointExtension>
        </extensions>
      </trkpt>
      <trkpt lat="42.46379577554762363433837890625" lon="-5.92073726467788219451904296875">
        <ele>846</ele>
        <time>2025-10-05T06:33:17.000Z</time>
        <extensions>
          <ns3:TrackPointExtension>
            <ns3:hr>82</ns3:hr>
            <ns3:cad>51</ns3:cad>
          </ns3:TrackPointExtension>
        </extensions>
      </trkpt>
      <trkpt lat="42.463829554617404937744140625" lon="-5.9208555333316326141357421875">
        <ele>847</ele>
        <time>2025-10-05T06:33:26.000Z</time>
        <extensions>
          <ns3:TrackPointExtension>
            <ns3:hr>84</ns3:hr>
            <ns3:cad>52</ns3:cad>
          </ns3:TrackPointExtension>
        </extensions>
      </trkpt>
      <trkpt lat="42.463834583759307861328125" lon="-5.92087171040475368499755859375">
        <ele>847</ele>
        <time>2025-10-05T06:33:27.000Z</time>
        <extensions>
          <ns3:TrackPointExtension>
            <ns3:hr>84</ns3:hr>
            <ns3:cad>52</ns3:cad>
          </ns3:TrackPointExtension>
        </extensions>
      </trkpt>
      <trkpt lat="42.46386517770588397979736328125" lon="-5.92096542008221149444580078125">
        <ele>847.79998779296875</ele>
        <time>2025-10-05T06:33:34.000Z</time>
        <extensions>
          <ns3:TrackPointExtension>
            <ns3:hr>86</ns3:hr>
            <ns3:cad>52</ns3:cad>
          </ns3:TrackPointExtension>
        </extensions>
      </trkpt>
      <trkpt lat="42.46388026513159275054931640625" lon="-5.92101202346384525299072265625">
        <ele>848.20001220703125</ele>
        <time>2025-10-05T06:33:37.000Z</time>
        <extensions>
          <ns3:TrackPointExtension>
            <ns3:hr>87</ns3:hr>
            <ns3:cad>50</ns3:cad>
          </ns3:TrackPointExtension>
        </extensions>
      </trkpt>
      <trkpt lat="42.46390809305012226104736328125" lon="-5.92109215445816516876220703125">
        <ele>848.5999755859375</ele>
        <time>2025-10-05T06:33:43.000Z</time>
        <extensions>
          <ns3:TrackPointExtension>
            <ns3:hr>88</ns3:hr>
            <ns3:cad>51</ns3:cad>
          </ns3:TrackPointExtension>
        </extensions>
      </trkpt>
      <trkpt lat="42.46392955072224140167236328125" lon="-5.921163149178028106689453125">
        <ele>849.20001220703125</ele>
        <time>2025-10-05T06:33:48.000Z</time>
        <extensions>
          <ns3:TrackPointExtension>
            <ns3:hr>88</ns3:hr>
            <ns3:cad>51</ns3:cad>
          </ns3:TrackPointExtension>
        </extensions>
      </trkpt>
      <trkpt lat="42.46395385824143886566162109375" lon="-5.92123380862176418304443359375">
        <ele>849.79998779296875</ele>
        <time>2025-10-05T06:33:53.000Z</time>
        <extensions>
          <ns3:TrackPointExtension>
            <ns3:hr>88</ns3:hr>
            <ns3:cad>51</ns3:cad>
          </ns3:TrackPointExtension>
        </extensions>
      </trkpt>
      <trkpt lat="42.463968694210052490234375" lon="-5.92130295932292938232421875">
        <ele>850.4000244140625</ele>
        <time>2025-10-05T06:33:58.000Z</time>
        <extensions>
          <ns3:TrackPointExtension>
            <ns3:hr>88</ns3:hr>
            <ns3:cad>51</ns3:cad>
          </ns3:TrackPointExtension>
        </extensions>
      </trkpt>
      <trkpt lat="42.46398990042507648468017578125" lon="-5.9213514067232608795166015625">
        <ele>850.79998779296875</ele>
        <time>2025-10-05T06:34:02.000Z</time>
        <extensions>
          <ns3:TrackPointExtension>
            <ns3:hr>88</ns3:hr>
            <ns3:cad>50</ns3:cad>
          </ns3:TrackPointExtension>
        </extensions>
      </trkpt>
      <trkpt lat="42.46401521377265453338623046875" lon="-5.92143111862242221832275390625">
        <ele>851.4000244140625</ele>
        <time>2025-10-05T06:34:08.000Z</time>
        <extensions>
          <ns3:TrackPointExtension>
            <ns3:hr>87</ns3:hr>
            <ns3:cad>51</ns3:cad>
          </ns3:TrackPointExtension>
        </extensions>
      </trkpt>
      <trkpt lat="42.4640305526554584503173828125" lon="-5.921480655670166015625">
        <ele>851.79998779296875</ele>
        <time>2025-10-05T06:34:12.000Z</time>
        <extensions>
          <ns3:TrackPointExtension>
            <ns3:hr>87</ns3:hr>
            <ns3:cad>50</ns3:cad>
          </ns3:TrackPointExtension>
        </extensions>
      </trkpt>
      <trkpt lat="42.46405712328851222991943359375" lon="-5.92155039310455322265625">
        <ele>852.4000244140625</ele>
        <time>2025-10-05T06:34:17.000Z</time>
        <extensions>
          <ns3:TrackPointExtension>
            <ns3:hr>88</ns3:hr>
            <ns3:cad>50</ns3:cad>
          </ns3:TrackPointExtension>
        </extensions>
      </trkpt>
      <trkpt lat="42.46408402919769287109375" lon="-5.9216122515499591827392578125">
        <ele>853</ele>
        <time>2025-10-05T06:34:22.000Z</time>
        <extensions>
          <ns3:TrackPointExtension>
            <ns3:hr>88</ns3:hr>
            <ns3:cad>51</ns3:cad>
          </ns3:TrackPointExtension>
        </extensions>
      </trkpt>
      <trkpt lat="42.4640915729105472564697265625" lon="-5.921654663980007171630859375">
        <ele>853.5999755859375</ele>
        <time>2025-10-05T06:34:25.000Z</time>
        <extensions>
          <ns3:TrackPointExtension>
            <ns3:hr>88</ns3:hr>
            <ns3:cad>0</ns3:cad>
          </ns3:TrackPointExtension>
        </extensions>
      </trkpt>
      <trkpt lat="42.4641194008290767669677734375" lon="-5.92173823155462741851806640625">
        <ele>854.20001220703125</ele>
        <time>2025-10-05T06:34:31.000Z</time>
        <extensions>
          <ns3:TrackPointExtension>
            <ns3:hr>89</ns3:hr>
            <ns3:cad>51</ns3:cad>
          </ns3:TrackPointExtension>
        </extensions>
      </trkpt>
      <trkpt lat="42.46414446271955966949462890625" lon="-5.92180989682674407958984375">
        <ele>854.5999755859375</ele>
        <time>2025-10-05T06:34:36.000Z</time>
        <extensions>
          <ns3:TrackPointExtension>
            <ns3:hr>87</ns3:hr>
            <ns3:cad>52</ns3:cad>
          </ns3:TrackPointExtension>
        </extensions>
      </trkpt>
      <trkpt lat="42.4641465581953525543212890625" lon="-5.9218226373195648193359375">
        <ele>854.5999755859375</ele>
        <time>2025-10-05T06:34:37.000Z</time>
        <extensions>
          <ns3:TrackPointExtension>
            <ns3:hr>87</ns3:hr>
            <ns3:cad>53</ns3:cad>
          </ns3:TrackPointExtension>
        </extensions>
      </trkpt>
      <trkpt lat="42.4641819298267364501953125" lon="-5.921938978135585784912109375">
        <ele>855.4000244140625</ele>
        <time>2025-10-05T06:34:46.000Z</time>
        <extensions>
          <ns3:TrackPointExtension>
            <ns3:hr>86</ns3:hr>
            <ns3:cad>53</ns3:cad>
          </ns3:TrackPointExtension>
        </extensions>
      </trkpt>
      <trkpt lat="42.46420011855661869049072265625" lon="-5.921981893479824066162109375">
        <ele>855.5999755859375</ele>
        <time>2025-10-05T06:34:49.000Z</time>
        <extensions>
          <ns3:TrackPointExtension>
            <ns3:hr>87</ns3:hr>
            <ns3:cad>53</ns3:cad>
          </ns3:TrackPointExtension>
        </extensions>
      </trkpt>
      <trkpt lat="42.46423012576997280120849609375" lon="-5.92205171473324298858642578125">
        <ele>856</ele>
        <time>2025-10-05T06:34:54.000Z</time>
        <extensions>
          <ns3:TrackPointExtension>
            <ns3:hr>86</ns3:hr>
            <ns3:cad>52</ns3:cad>
          </ns3:TrackPointExtension>
        </extensions>
      </trkpt>
      <trkpt lat="42.4642632342875003814697265625" lon="-5.9221579134464263916015625">
        <ele>856.5999755859375</ele>
        <time>2025-10-05T06:35:02.000Z</time>
        <extensions>
          <ns3:TrackPointExtension>
            <ns3:hr>86</ns3:hr>
            <ns3:cad>51</ns3:cad>
          </ns3:TrackPointExtension>
        </extensions>
      </trkpt>
      <trkpt lat="42.46427538804709911346435546875" lon="-5.92218666337430477142333984375">
        <ele>856.79998779296875</ele>
        <time>2025-10-05T06:35:04.000Z</time>
        <extensions>
          <ns3:TrackPointExtension>
            <ns3:hr>85</ns3:hr>
            <ns3:cad>52</ns3:cad>
          </ns3:TrackPointExtension>
        </extensions>
      </trkpt>
      <trkpt lat="42.46430120430886745452880859375" lon="-5.92228389345109462738037109375">
        <ele>857.4000244140625</ele>
        <time>2025-10-05T06:35:11.000Z</time>
        <extensions>
          <ns3:TrackPointExtension>
            <ns3:hr>82</ns3:hr>
            <ns3:cad>51</ns3:cad>
          </ns3:TrackPointExtension>
        </extensions>
      </trkpt>
      <trkpt lat="42.46430464088916778564453125" lon="-5.922301746904850006103515625">
        <ele>857.4000244140625</ele>
        <time>2025-10-05T06:35:12.000Z</time>
        <extensions>
          <ns3:TrackPointExtension>
            <ns3:hr>82</ns3:hr>
            <ns3:cad>51</ns3:cad>
          </ns3:TrackPointExtension>
        </extensions>
      </trkpt>
      <trkpt lat="42.4643098376691341400146484375" lon="-5.92232697643339633941650390625">
        <ele>857.5999755859375</ele>
        <time>2025-10-05T06:35:14.000Z</time>
        <extensions>
          <ns3:TrackPointExtension>
            <ns3:hr>83</ns3:hr>
            <ns3:cad>51</ns3:cad>
          </ns3:TrackPointExtension>
        </extensions>
      </trkpt>
      <trkpt lat="42.46433104388415813446044921875" lon="-5.92237877659499645233154296875">
        <ele>858</ele>
        <time>2025-10-05T06:35:18.000Z</time>
        <extensions>
          <ns3:TrackPointExtension>
            <ns3:hr>82</ns3:hr>
            <ns3:cad>51</ns3:cad>
          </ns3:TrackPointExtension>
        </extensions>
      </trkpt>
      <trkpt lat="42.46437278576195240020751953125" lon="-5.92249277047812938690185546875">
        <ele>858.79998779296875</ele>
        <time>2025-10-05T06:35:26.000Z</time>
        <extensions>
          <ns3:TrackPointExtension>
            <ns3:hr>83</ns3:hr>
            <ns3:cad>51</ns3:cad>
          </ns3:TrackPointExtension>
        </extensions>
      </trkpt>
      <trkpt lat="42.4643777310848236083984375" lon="-5.9225094504654407501220703125">
        <ele>858.79998779296875</ele>
        <time>2025-10-05T06:35:27.000Z</time>
        <extensions>
          <ns3:TrackPointExtension>
            <ns3:hr>83</ns3:hr>
            <ns3:cad>51</ns3:cad>
          </ns3:TrackPointExtension>
        </extensions>
      </trkpt>
      <trkpt lat="42.46441737748682498931884765625" lon="-5.9226301498711109161376953125">
        <ele>859.4000244140625</ele>
        <time>2025-10-05T06:35:35.000Z</time>
        <extensions>
          <ns3:TrackPointExtension>
            <ns3:hr>83</ns3:hr>
            <ns3:cad>0</ns3:cad>
          </ns3:TrackPointExtension>
        </extensions>
      </trkpt>
      <trkpt lat="42.46442995034158229827880859375" lon="-5.92268924228847026824951171875">
        <ele>859.79998779296875</ele>
        <time>2025-10-05T06:35:39.000Z</time>
        <extensions>
          <ns3:TrackPointExtension>
            <ns3:hr>84</ns3:hr>
            <ns3:cad>53</ns3:cad>
          </ns3:TrackPointExtension>
        </extensions>
      </trkpt>
      <trkpt lat="42.4644543416798114776611328125" lon="-5.92276015318930149078369140625">
        <ele>860.20001220703125</ele>
        <time>2025-10-05T06:35:44.000Z</time>
        <extensions>
          <ns3:TrackPointExtension>
            <ns3:hr>84</ns3:hr>
            <ns3:cad>53</ns3:cad>
          </ns3:TrackPointExtension>
        </extensions>
      </trkpt>
      <trkpt lat="42.46448292396962642669677734375" lon="-5.9228564612567424774169921875">
        <ele>860.79998779296875</ele>
        <time>2025-10-05T06:35:51.000Z</time>
        <extensions>
          <ns3:TrackPointExtension>
            <ns3:hr>83</ns3:hr>
            <ns3:cad>51</ns3:cad>
          </ns3:TrackPointExtension>
        </extensions>
      </trkpt>
      <trkpt lat="42.46448912657797336578369140625" lon="-5.92288680374622344970703125">
        <ele>861</ele>
        <time>2025-10-05T06:35:53.000Z</time>
        <extensions>
          <ns3:TrackPointExtension>
            <ns3:hr>83</ns3:hr>
            <ns3:cad>51</ns3:cad>
          </ns3:TrackPointExtension>
        </extensions>
      </trkpt>
      <trkpt lat="42.4645064771175384521484375" lon="-5.92296265996992588043212890625">
        <ele>861.5999755859375</ele>
        <time>2025-10-05T06:35:59.000Z</time>
        <extensions>
          <ns3:TrackPointExtension>
            <ns3:hr>83</ns3:hr>
            <ns3:cad>51</ns3:cad>
          </ns3:TrackPointExtension>
        </extensions>
      </trkpt>
      <trkpt lat="42.46451946906745433807373046875" lon="-5.9230348281562328338623046875">
        <ele>862</ele>
        <time>2025-10-05T06:36:04.000Z</time>
        <extensions>
          <ns3:TrackPointExtension>
            <ns3:hr>83</ns3:hr>
            <ns3:cad>50</ns3:cad>
          </ns3:TrackPointExtension>
        </extensions>
      </trkpt>
      <trkpt lat="42.46452064253389835357666015625" lon="-5.923078246414661407470703125">
        <ele>862.4000244140625</ele>
        <time>2025-10-05T06:36:07.000Z</time>
        <extensions>
          <ns3:TrackPointExtension>
            <ns3:hr>83</ns3:hr>
            <ns3:cad>50</ns3:cad>
          </ns3:TrackPointExtension>
        </extensions>
      </trkpt>
      <trkpt lat="42.464530952274799346923828125" lon="-5.9231629036366939544677734375">
        <ele>863</ele>
        <time>2025-10-05T06:36:14.000Z</time>
        <extensions>
          <ns3:TrackPointExtension>
            <ns3:hr>82</ns3:hr>
            <ns3:cad>50</ns3:cad>
          </ns3:TrackPointExtension>
        </extensions>
      </trkpt>
      <trkpt lat="42.4645334668457508087158203125" lon="-5.92319131828844547271728515625">
        <ele>863.20001220703125</ele>
        <time>2025-10-05T06:36:16.000Z</time>
        <extensions>
          <ns3:TrackPointExtension>
            <ns3:hr>81</ns3:hr>
            <ns3:cad>50</ns3:cad>
          </ns3:TrackPointExtension>
        </extensions>
      </trkpt>
      <trkpt lat="42.46452567167580127716064453125" lon="-5.92326591722667217254638671875">
        <ele>864</ele>
        <time>2025-10-05T06:36:23.000Z</time>
        <extensions>
          <ns3:TrackPointExtension>
            <ns3:hr>81</ns3:hr>
            <ns3:cad>50</ns3:cad>
          </ns3:TrackPointExtension>
        </extensions>
      </trkpt>
      <trkpt lat="42.4645234085619449615478515625" lon="-5.92327446676790714263916015625">
        <ele>864.20001220703125</ele>
        <time>2025-10-05T06:36:24.000Z</time>
        <extensions>
          <ns3:TrackPointExtension>
            <ns3:hr>81</ns3:hr>
            <ns3:cad>0</ns3:cad>
          </ns3:TrackPointExtension>
        </extensions>
      </trkpt>
      <trkpt lat="42.4645297788083553314208984375" lon="-5.9233702719211578369140625">
        <ele>864.5999755859375</ele>
        <time>2025-10-05T06:36:30.000Z</time>
        <extensions>
          <ns3:TrackPointExtension>
            <ns3:hr>81</ns3:hr>
            <ns3:cad>51</ns3:cad>
          </ns3:TrackPointExtension>
        </extensions>
      </trkpt>
      <trkpt lat="42.4645284377038478851318359375" lon="-5.923453085124492645263671875">
        <ele>865.20001220703125</ele>
        <time>2025-10-05T06:36:35.000Z</time>
        <extensions>
          <ns3:TrackPointExtension>
            <ns3:hr>82</ns3:hr>
            <ns3:cad>52</ns3:cad>
          </ns3:TrackPointExtension>
        </extensions>
      </trkpt>
      <trkpt lat="42.4645292758941650390625" lon="-5.9234840981662273406982421875">
        <ele>865.20001220703125</ele>
        <time>2025-10-05T06:36:37.000Z</time>
        <extensions>
          <ns3:TrackPointExtension>
            <ns3:hr>82</ns3:hr>
            <ns3:cad>53</ns3:cad>
          </ns3:TrackPointExtension>
        </extensions>
      </trkpt>
      <trkpt lat="42.46451117098331451416015625" lon="-5.9236366488039493560791015625">
        <ele>866.4000244140625</ele>
        <time>2025-10-05T06:36:47.000Z</time>
        <extensions>
          <ns3:TrackPointExtension>
            <ns3:hr>82</ns3:hr>
            <ns3:cad>52</ns3:cad>
          </ns3:TrackPointExtension>
        </extensions>
      </trkpt>
      <trkpt lat="42.464505136013031005859375" lon="-5.9236845932900905609130859375">
        <ele>866.5999755859375</ele>
        <time>2025-10-05T06:36:50.000Z</time>
        <extensions>
          <ns3:TrackPointExtension>
            <ns3:hr>85</ns3:hr>
            <ns3:cad>53</ns3:cad>
          </ns3:TrackPointExtension>
        </extensions>
      </trkpt>
      <trkpt lat="42.464505136013031005859375" lon="-5.92377570457756519317626953125">
        <ele>866.5999755859375</ele>
        <time>2025-10-05T06:36:56.000Z</time>
        <extensions>
          <ns3:TrackPointExtension>
            <ns3:hr>87</ns3:hr>
            <ns3:cad>52</ns3:cad>
          </ns3:TrackPointExtension>
        </extensions>
      </trkpt>
      <trkpt lat="42.4644828401505947113037109375" lon="-5.9239115752279758453369140625">
        <ele>867.20001220703125</ele>
        <time>2025-10-05T06:37:05.000Z</time>
        <extensions>
          <ns3:TrackPointExtension>
            <ns3:hr>87</ns3:hr>
            <ns3:cad>54</ns3:cad>
          </ns3:TrackPointExtension>
        </extensions>
      </trkpt>
      <trkpt lat="42.464446127414703369140625" lon="-5.9240718372166156768798828125">
        <ele>867</ele>
        <time>2025-10-05T06:37:16.000Z</time>
        <extensions>
          <ns3:TrackPointExtension>
            <ns3:hr>86</ns3:hr>
            <ns3:cad>55</ns3:cad>
          </ns3:TrackPointExtension>
        </extensions>
      </trkpt>
      <trkpt lat="42.4644134379923343658447265625" lon="-5.924160517752170562744140625">
        <ele>866.79998779296875</ele>
        <time>2025-10-05T06:37:22.000Z</time>
        <extensions>
          <ns3:TrackPointExtension>
            <ns3:hr>85</ns3:hr>
            <ns3:cad>56</ns3:cad>
          </ns3:TrackPointExtension>
        </extensions>
      </trkpt>
      <trkpt lat="42.4643859453499317169189453125" lon="-5.9242374636232852935791015625">
        <ele>866.4000244140625</ele>
        <time>2025-10-05T06:37:29.000Z</time>
        <extensions>
          <ns3:TrackPointExtension>
            <ns3:hr>84</ns3:hr>
            <ns3:cad>56</ns3:cad>
          </ns3:TrackPointExtension>
        </extensions>
      </trkpt>
      <trkpt lat="42.46439608745276927947998046875" lon="-5.9242327697575092315673828125">
        <ele>866.4000244140625</ele>
        <time>2025-10-05T06:37:30.000Z</time>
        <extensions>
          <ns3:TrackPointExtension>
            <ns3:hr>84</ns3:hr>
            <ns3:cad>0</ns3:cad>
          </ns3:TrackPointExtension>
        </extensions>
      </trkpt>
      <trkpt lat="42.46442207135260105133056640625" lon="-5.92423134483397006988525390625">
        <ele>866.4000244140625</ele>
        <time>2025-10-05T06:37:32.000Z</time>
        <extensions>
          <ns3:TrackPointExtension>
            <ns3:hr>84</ns3:hr>
            <ns3:cad>55</ns3:cad>
          </ns3:TrackPointExtension>
        </extensions>
      </trkpt>
      <trkpt lat="42.46443129144608974456787109375" lon="-5.92425699345767498016357421875">
        <ele>866.4000244140625</ele>
        <time>2025-10-05T06:37:34.000Z</time>
        <extensions>
          <ns3:TrackPointExtension>
            <ns3:hr>82</ns3:hr>
            <ns3:cad>55</ns3:cad>
          </ns3:TrackPointExtension>
        </extensions>
      </trkpt>
      <trkpt lat="42.46443045325577259063720703125" lon="-5.9242897666990756988525390625">
        <ele>866.4000244140625</ele>
        <time>2025-10-05T06:37:36.000Z</time>
        <extensions>
          <ns3:TrackPointExtension>
            <ns3:hr>78</ns3:hr>
            <ns3:cad>55</ns3:cad>
          </ns3:TrackPointExtension>
        </extensions>
      </trkpt>
      <trkpt lat="42.46439273469150066375732421875" lon="-5.92437987215816974639892578125">
        <ele>865.5999755859375</ele>
        <time>2025-10-05T06:37:42.000Z</time>
        <extensions>
          <ns3:TrackPointExtension>
            <ns3:hr>76</ns3:hr>
            <ns3:cad>56</ns3:cad>
          </ns3:TrackPointExtension>
        </extensions>
      </trkpt>
      <trkpt lat="42.4643691815435886383056640625" lon="-5.92441557906568050384521484375">
        <ele>865.20001220703125</ele>
        <time>2025-10-05T06:37:45.000Z</time>
        <extensions>
          <ns3:TrackPointExtension>
            <ns3:hr>76</ns3:hr>
            <ns3:cad>57</ns3:cad>
          </ns3:TrackPointExtension>
        </extensions>
      </trkpt>
      <trkpt lat="42.46434277854859828948974609375" lon="-5.92448917217552661895751953125">
        <ele>864.4000244140625</ele>
        <time>2025-10-05T06:37:50.000Z</time>
        <extensions>
          <ns3:TrackPointExtension>
            <ns3:hr>73</ns3:hr>
            <ns3:cad>59</ns3:cad>
          </ns3:TrackPointExtension>
        </extensions>
      </trkpt>
      <trkpt lat="42.4643316306173801422119140625" lon="-5.92451934702694416046142578125">
        <ele>864.20001220703125</ele>
        <time>2025-10-05T06:37:52.000Z</time>
        <extensions>
          <ns3:TrackPointExtension>
            <ns3:hr>72</ns3:hr>
            <ns3:cad>59</ns3:cad>
          </ns3:TrackPointExtension>
        </extensions>
      </trkpt>
      <trkpt lat="42.46428879909217357635498046875" lon="-5.92460517771542072296142578125">
        <ele>863.4000244140625</ele>
        <time>2025-10-05T06:37:58.000Z</time>
        <extensions>
          <ns3:TrackPointExtension>
            <ns3:hr>69</ns3:hr>
            <ns3:cad>59</ns3:cad>
          </ns3:TrackPointExtension>
        </extensions>
      </trkpt>
      <trkpt lat="42.4642786569893360137939453125" lon="-5.92463769949972629547119140625">
        <ele>863.20001220703125</ele>
        <time>2025-10-05T06:38:00.000Z</time>
        <extensions>
          <ns3:TrackPointExtension>
            <ns3:hr>69</ns3:hr>
            <ns3:cad>60</ns3:cad>
          </ns3:TrackPointExtension>
        </extensions>
      </trkpt>
      <trkpt lat="42.4642739631235599517822265625" lon="-5.92465630732476711273193359375">
        <ele>863</ele>
        <time>2025-10-05T06:38:01.000Z</time>
        <extensions>
          <ns3:TrackPointExtension>
            <ns3:hr>68</ns3:hr>
            <ns3:cad>60</ns3:cad>
          </ns3:TrackPointExtension>
        </extensions>
      </trkpt>
      <trkpt lat="42.46424923650920391082763671875" lon="-5.9247435629367828369140625">
        <ele>862.5999755859375</ele>
        <time>2025-10-05T06:38:06.000Z</time>
        <extensions>
          <ns3:TrackPointExtension>
            <ns3:hr>64</ns3:hr>
            <ns3:cad>59</ns3:cad>
          </ns3:TrackPointExtension>
        </extensions>
      </trkpt>
      <trkpt lat="42.4642273597419261932373046875" lon="-5.9248168207705020904541015625">
        <ele>862</ele>
        <time>2025-10-05T06:38:10.000Z</time>
        <extensions>
          <ns3:TrackPointExtension>
            <ns3:hr>62</ns3:hr>
            <ns3:cad>59</ns3:cad>
          </ns3:TrackPointExtension>
        </extensions>
      </trkpt>
      <trkpt lat="42.46420749463140964508056640625" lon="-5.924894772469997406005859375">
        <ele>861.5999755859375</ele>
        <time>2025-10-05T06:38:15.000Z</time>
        <extensions>
          <ns3:TrackPointExtension>
            <ns3:hr>62</ns3:hr>
            <ns3:cad>59</ns3:cad>
          </ns3:TrackPointExtension>
        </extensions>
      </trkpt>
      <trkpt lat="42.46418972499668598175048828125" lon="-5.9249777533113956451416015625">
        <ele>861</ele>
        <time>2025-10-05T06:38:20.000Z</time>
        <extensions>
          <ns3:TrackPointExtension>
            <ns3:hr>62</ns3:hr>
            <ns3:cad>59</ns3:cad>
          </ns3:TrackPointExtension>
        </extensions>
      </trkpt>
      <trkpt lat="42.464166842401027679443359375" lon="-5.925075151026248931884765625">
        <ele>860</ele>
        <time>2025-10-05T06:38:26.000Z</time>
        <extensions>
          <ns3:TrackPointExtension>
            <ns3:hr>63</ns3:hr>
            <ns3:cad>59</ns3:cad>
          </ns3:TrackPointExtension>
        </extensions>
      </trkpt>
      <trkpt lat="42.46416290290653705596923828125" lon="-5.925089232623577117919921875">
        <ele>860</ele>
        <time>2025-10-05T06:38:27.000Z</time>
        <extensions>
          <ns3:TrackPointExtension>
            <ns3:hr>63</ns3:hr>
            <ns3:cad>60</ns3:cad>
          </ns3:TrackPointExtension>
        </extensions>
      </trkpt>
      <trkpt lat="42.4641274474561214447021484375" lon="-5.92526324093341827392578125">
        <ele>858.79998779296875</ele>
        <time>2025-10-05T06:38:37.000Z</time>
        <extensions>
          <ns3:TrackPointExtension>
            <ns3:hr>64</ns3:hr>
            <ns3:cad>59</ns3:cad>
          </ns3:TrackPointExtension>
        </extensions>
      </trkpt>
      <trkpt lat="42.46411680243909358978271484375" lon="-5.925293080508708953857421875">
        <ele>858.5999755859375</ele>
        <time>2025-10-05T06:38:39.000Z</time>
        <extensions>
          <ns3:TrackPointExtension>
            <ns3:hr>64</ns3:hr>
            <ns3:cad>59</ns3:cad>
          </ns3:TrackPointExtension>
        </extensions>
      </trkpt>
      <trkpt lat="42.46408377774059772491455078125" lon="-5.92536524869501590728759765625">
        <ele>857.79998779296875</ele>
        <time>2025-10-05T06:38:44.000Z</time>
        <extensions>
          <ns3:TrackPointExtension>
            <ns3:hr>63</ns3:hr>
            <ns3:cad>61</ns3:cad>
          </ns3:TrackPointExtension>
        </extensions>
      </trkpt>
      <trkpt lat="42.46405385434627532958984375" lon="-5.925447307527065277099609375">
        <ele>857</ele>
        <time>2025-10-05T06:38:49.000Z</time>
        <extensions>
          <ns3:TrackPointExtension>
            <ns3:hr>62</ns3:hr>
            <ns3:cad>60</ns3:cad>
          </ns3:TrackPointExtension>
        </extensions>
      </trkpt>
      <trkpt lat="42.46404119767248630523681640625" lon="-5.9254766441881656646728515625">
        <ele>856.79998779296875</ele>
        <time>2025-10-05T06:38:51.000Z</time>
        <extensions>
          <ns3:TrackPointExtension>
            <ns3:hr>62</ns3:hr>
            <ns3:cad>61</ns3:cad>
          </ns3:TrackPointExtension>
        </extensions>
      </trkpt>
      <trkpt lat="42.46396894566714763641357421875" lon="-5.925653167068958282470703125">
        <ele>855.79998779296875</ele>
        <time>2025-10-05T06:39:02.000Z</time>
        <extensions>
          <ns3:TrackPointExtension>
            <ns3:hr>64</ns3:hr>
            <ns3:cad>59</ns3:cad>
          </ns3:TrackPointExtension>
        </extensions>
      </trkpt>
      <trkpt lat="42.46396374888718128204345703125" lon="-5.925667583942413330078125">
        <ele>855.5999755859375</ele>
        <time>2025-10-05T06:39:03.000Z</time>
        <extensions>
          <ns3:TrackPointExtension>
            <ns3:hr>64</ns3:hr>
            <ns3:cad>59</ns3:cad>
          </ns3:TrackPointExtension>
        </extensions>
      </trkpt>
      <trkpt lat="42.463924773037433624267578125" lon="-5.92577545903623104095458984375">
        <ele>854.5999755859375</ele>
        <time>2025-10-05T06:39:11.000Z</time>
        <extensions>
          <ns3:TrackPointExtension>
            <ns3:hr>63</ns3:hr>
            <ns3:cad>59</ns3:cad>
          </ns3:TrackPointExtension>
        </extensions>
      </trkpt>
      <trkpt lat="42.46392016299068927764892578125" lon="-5.925789959728717803955078125">
        <ele>854.5999755859375</ele>
        <time>2025-10-05T06:39:12.000Z</time>
        <extensions>
          <ns3:TrackPointExtension>
            <ns3:hr>63</ns3:hr>
            <ns3:cad>58</ns3:cad>
          </ns3:TrackPointExtension>
        </extensions>
      </trkpt>
      <trkpt lat="42.46387858875095844268798828125" lon="-5.92588056810200214385986328125">
        <ele>853.5999755859375</ele>
        <time>2025-10-05T06:39:19.000Z</time>
        <extensions>
          <ns3:TrackPointExtension>
            <ns3:hr>64</ns3:hr>
            <ns3:cad>58</ns3:cad>
          </ns3:TrackPointExtension>
        </extensions>
      </trkpt>
      <trkpt lat="42.46384539641439914703369140625" lon="-5.92595684342086315155029296875">
        <ele>853</ele>
        <time>2025-10-05T06:39:24.000Z</time>
        <extensions>
          <ns3:TrackPointExtension>
            <ns3:hr>63</ns3:hr>
            <ns3:cad>59</ns3:cad>
          </ns3:TrackPointExtension>
        </extensions>
      </trkpt>
      <trkpt lat="42.4638149701058864593505859375" lon="-5.92602943070232868194580078125">
        <ele>852.5999755859375</ele>
        <time>2025-10-05T06:39:29.000Z</time>
        <extensions>
          <ns3:TrackPointExtension>
            <ns3:hr>63</ns3:hr>
            <ns3:cad>59</ns3:cad>
          </ns3:TrackPointExtension>
        </extensions>
      </trkpt>
      <trkpt lat="42.46378026902675628662109375" lon="-5.92611358501017093658447265625">
        <ele>851.5999755859375</ele>
        <time>2025-10-05T06:39:35.000Z</time>
        <extensions>
          <ns3:TrackPointExtension>
            <ns3:hr>61</ns3:hr>
            <ns3:cad>59</ns3:cad>
          </ns3:TrackPointExtension>
        </extensions>
      </trkpt>
      <trkpt lat="42.46377398259937763214111328125" lon="-5.92612959444522857666015625">
        <ele>851.4000244140625</ele>
        <time>2025-10-05T06:39:36.000Z</time>
        <extensions>
          <ns3:TrackPointExtension>
            <ns3:hr>61</ns3:hr>
            <ns3:cad>59</ns3:cad>
          </ns3:TrackPointExtension>
        </extensions>
      </trkpt>
      <trkpt lat="42.4637019820511341094970703125" lon="-5.92628139071166515350341796875">
        <ele>850.5999755859375</ele>
        <time>2025-10-05T06:39:47.000Z</time>
        <extensions>
          <ns3:TrackPointExtension>
            <ns3:hr>62</ns3:hr>
            <ns3:cad>59</ns3:cad>
          </ns3:TrackPointExtension>
        </extensions>
      </trkpt>
      <trkpt lat="42.4636956118047237396240234375" lon="-5.92629698105156421661376953125">
        <ele>850.4000244140625</ele>
        <time>2025-10-05T06:39:48.000Z</time>
        <extensions>
          <ns3:TrackPointExtension>
            <ns3:hr>61</ns3:hr>
            <ns3:cad>59</ns3:cad>
          </ns3:TrackPointExtension>
        </extensions>
      </trkpt>
      <trkpt lat="42.46364624239504337310791015625" lon="-5.9263973124325275421142578125">
        <ele>849.4000244140625</ele>
        <time>2025-10-05T06:39:55.000Z</time>
        <extensions>
          <ns3:TrackPointExtension>
            <ns3:hr>61</ns3:hr>
            <ns3:cad>60</ns3:cad>
          </ns3:TrackPointExtension>
        </extensions>
      </trkpt>
      <trkpt lat="42.46357801370322704315185546875" lon="-5.9265434928238391876220703125">
        <ele>848.4000244140625</ele>
        <time>2025-10-05T06:40:05.000Z</time>
        <extensions>
          <ns3:TrackPointExtension>
            <ns3:hr>61</ns3:hr>
            <ns3:cad>61</ns3:cad>
          </ns3:TrackPointExtension>
        </extensions>
      </trkpt>
      <trkpt lat="42.46356879360973834991455078125" lon="-5.9265622682869434356689453125">
        <ele>848.20001220703125</ele>
        <time>2025-10-05T06:40:06.000Z</time>
        <extensions>
          <ns3:TrackPointExtension>
            <ns3:hr>60</ns3:hr>
            <ns3:cad>61</ns3:cad>
          </ns3:TrackPointExtension>
        </extensions>
      </trkpt>
      <trkpt lat="42.46347793377935886383056640625" lon="-5.92673200182616710662841796875">
        <ele>847.20001220703125</ele>
        <time>2025-10-05T06:40:18.000Z</time>
        <extensions>
          <ns3:TrackPointExtension>
            <ns3:hr>62</ns3:hr>
            <ns3:cad>60</ns3:cad>
          </ns3:TrackPointExtension>
        </extensions>
      </trkpt>
      <trkpt lat="42.4634642712771892547607421875" lon="-5.9267684631049633026123046875">
        <ele>847.20001220703125</ele>
        <time>2025-10-05T06:40:20.000Z</time>
        <extensions>
          <ns3:TrackPointExtension>
            <ns3:hr>62</ns3:hr>
            <ns3:cad>60</ns3:cad>
          </ns3:TrackPointExtension>
        </extensions>
      </trkpt>
      <trkpt lat="42.46338875032961368560791015625" lon="-5.92691925354301929473876953125">
        <ele>846.5999755859375</ele>
        <time>2025-10-05T06:40:30.000Z</time>
        <extensions>
          <ns3:TrackPointExtension>
            <ns3:hr>62</ns3:hr>
            <ns3:cad>60</ns3:cad>
          </ns3:TrackPointExtension>
        </extensions>
      </trkpt>
      <trkpt lat="42.46336628682911396026611328125" lon="-5.92696635983884334564208984375">
        <ele>846.20001220703125</ele>
        <time>2025-10-05T06:40:33.000Z</time>
        <extensions>
          <ns3:TrackPointExtension>
            <ns3:hr>62</ns3:hr>
            <ns3:cad>60</ns3:cad>
          </ns3:TrackPointExtension>
        </extensions>
      </trkpt>
      <trkpt lat="42.4633033387362957000732421875" lon="-5.92708722688257694244384765625">
        <ele>845.79998779296875</ele>
        <time>2025-10-05T06:40:41.000Z</time>
        <extensions>
          <ns3:TrackPointExtension>
            <ns3:hr>64</ns3:hr>
            <ns3:cad>61</ns3:cad>
          </ns3:TrackPointExtension>
        </extensions>
      </trkpt>
      <trkpt lat="42.46323712170124053955078125" lon="-5.9272160567343235015869140625">
        <ele>845.20001220703125</ele>
        <time>2025-10-05T06:40:50.000Z</time>
        <extensions>
          <ns3:TrackPointExtension>
            <ns3:hr>62</ns3:hr>
            <ns3:cad>60</ns3:cad>
          </ns3:TrackPointExtension>
        </extensions>
      </trkpt>
      <trkpt lat="42.46322982944548130035400390625" lon="-5.92723340727388858795166015625">
        <ele>845.20001220703125</ele>
        <time>2025-10-05T06:40:51.000Z</time>
        <extensions>
          <ns3:TrackPointExtension>
            <ns3:hr>62</ns3:hr>
            <ns3:cad>60</ns3:cad>
          </ns3:TrackPointExtension>
        </extensions>
      </trkpt>
      <trkpt lat="42.46315062046051025390625" lon="-5.9273739717900753021240234375">
        <ele>844.79998779296875</ele>
        <time>2025-10-05T06:41:01.000Z</time>
        <extensions>
          <ns3:TrackPointExtension>
            <ns3:hr>66</ns3:hr>
            <ns3:cad>60</ns3:cad>
          </ns3:TrackPointExtension>
        </extensions>
      </trkpt>
      <trkpt lat="42.46308423578739166259765625" lon="-5.92751923017203807830810546875">
        <ele>844.4000244140625</ele>
        <time>2025-10-05T06:41:10.000Z</time>
        <extensions>
          <ns3:TrackPointExtension>
            <ns3:hr>68</ns3:hr>
            <ns3:cad>60</ns3:cad>
          </ns3:TrackPointExtension>
        </extensions>
      </trkpt>
      <trkpt lat="42.463036961853504180908203125" lon="-5.92759802006185054779052734375">
        <ele>844.20001220703125</ele>
        <time>2025-10-05T06:41:16.000Z</time>
        <extensions>
          <ns3:TrackPointExtension>
            <ns3:hr>70</ns3:hr>
            <ns3:cad>60</ns3:cad>
          </ns3:TrackPointExtension>
        </extensions>
      </trkpt>
      <trkpt lat="42.4629938788712024688720703125" lon="-5.927667506039142608642578125">
        <ele>844</ele>
        <time>2025-10-05T06:41:21.000Z</time>
        <extensions>
          <ns3:TrackPointExtension>
            <ns3:hr>69</ns3:hr>
            <ns3:cad>61</ns3:cad>
          </ns3:TrackPointExtension>
        </extensions>
      </trkpt>
      <trkpt lat="42.46290259994566440582275390625" lon="-5.9278393350541591644287109375">
        <ele>843.5999755859375</ele>
        <time>2025-10-05T06:41:33.000Z</time>
        <extensions>
          <ns3:TrackPointExtension>
            <ns3:hr>68</ns3:hr>
            <ns3:cad>59</ns3:cad>
          </ns3:TrackPointExtension>
        </extensions>
      </trkpt>
      <trkpt lat="42.46283587999641895294189453125" lon="-5.9279784746468067169189453125">
        <ele>843.20001220703125</ele>
        <time>2025-10-05T06:41:42.000Z</time>
        <extensions>
          <ns3:TrackPointExtension>
            <ns3:hr>69</ns3:hr>
            <ns3:cad>59</ns3:cad>
          </ns3:TrackPointExtension>
        </extensions>
      </trkpt>
      <trkpt lat="42.4628081358969211578369140625" lon="-5.928044021129608154296875">
        <ele>843.20001220703125</ele>
        <time>2025-10-05T06:41:46.000Z</time>
        <extensions>
          <ns3:TrackPointExtension>
            <ns3:hr>68</ns3:hr>
            <ns3:cad>60</ns3:cad>
          </ns3:TrackPointExtension>
        </extensions>
      </trkpt>
      <trkpt lat="42.4627078883349895477294921875" lon="-5.92822649516165256500244140625">
        <ele>842.4000244140625</ele>
        <time>2025-10-05T06:41:59.000Z</time>
        <extensions>
          <ns3:TrackPointExtension>
            <ns3:hr>67</ns3:hr>
            <ns3:cad>60</ns3:cad>
          </ns3:TrackPointExtension>
        </extensions>
      </trkpt>
      <trkpt lat="42.462633289396762847900390625" lon="-5.928371250629425048828125">
        <ele>842</ele>
        <time>2025-10-05T06:42:09.000Z</time>
        <extensions>
          <ns3:TrackPointExtension>
            <ns3:hr>65</ns3:hr>
            <ns3:cad>59</ns3:cad>
          </ns3:TrackPointExtension>
        </extensions>
      </trkpt>
      <trkpt lat="42.46259917505085468292236328125" lon="-5.928428582847118377685546875">
        <ele>842</ele>
        <time>2025-10-05T06:42:13.000Z</time>
        <extensions>
          <ns3:TrackPointExtension>
            <ns3:hr>62</ns3:hr>
            <ns3:cad>59</ns3:cad>
          </ns3:TrackPointExtension>
        </extensions>
      </trkpt>
      <trkpt lat="42.46247847564518451690673828125" lon="-5.9285900183022022247314453125">
        <ele>841.5999755859375</ele>
        <time>2025-10-05T06:42:26.000Z</time>
        <extensions>
          <ns3:TrackPointExtension>
            <ns3:hr>62</ns3:hr>
            <ns3:cad>60</ns3:cad>
          </ns3:TrackPointExtension>
        </extensions>
      </trkpt>
      <trkpt lat="42.46237051673233509063720703125" lon="-5.92866369523108005523681640625">
        <ele>841.4000244140625</ele>
        <time>2025-10-05T06:42:36.000Z</time>
        <extensions>
          <ns3:TrackPointExtension>
            <ns3:hr>60</ns3:hr>
            <ns3:cad>59</ns3:cad>
          </ns3:TrackPointExtension>
        </extensions>
      </trkpt>
      <trkpt lat="42.46224847622215747833251953125" lon="-5.9286929480731487274169921875">
        <ele>841.4000244140625</ele>
        <time>2025-10-05T06:42:45.000Z</time>
        <extensions>
          <ns3:TrackPointExtension>
            <ns3:hr>59</ns3:hr>
            <ns3:cad>60</ns3:cad>
          </ns3:TrackPointExtension>
        </extensions>
      </trkpt>
      <trkpt lat="42.46208779513835906982421875" lon="-5.92870183289051055908203125">
        <ele>841.4000244140625</ele>
        <time>2025-10-05T06:42:57.000Z</time>
        <extensions>
          <ns3:TrackPointExtension>
            <ns3:hr>57</ns3:hr>
            <ns3:cad>59</ns3:cad>
          </ns3:TrackPointExtension>
        </extensions>
      </trkpt>
      <trkpt lat="42.46207664720714092254638671875" lon="-5.92870107851922512054443359375">
        <ele>841.79998779296875</ele>
        <time>2025-10-05T06:43:04.000Z</time>
        <extensions>
          <ns3:TrackPointExtension>
            <ns3:hr>57</ns3:hr>
            <ns3:cad>0</ns3:cad>
          </ns3:TrackPointExtension>
        </extensions>
      </trkpt>
      <trkpt lat="42.4620735459029674530029296875" lon="-5.92870493419468402862548828125">
        <ele>841.20001220703125</ele>
        <time>2025-10-05T06:43:18.000Z</time>
        <extensions>
          <ns3:TrackPointExtension>
            <ns3:hr>59</ns3:hr>
            <ns3:cad>0</ns3:cad>
          </ns3:TrackPointExtension>
        </extensions>
      </trkpt>
      <trkpt lat="42.4620742164552211761474609375" lon="-5.92870459891855716705322265625">
        <ele>841.20001220703125</ele>
        <time>2025-10-05T06:43:25.000Z</time>
        <extensions>
          <ns3:TrackPointExtension>
            <ns3:hr>62</ns3:hr>
            <ns3:cad>0</ns3:cad>
          </ns3:TrackPointExtension>
        </extensions>
      </trkpt>
      <trkpt lat="42.4620668403804302215576171875" lon="-5.92870585620403289794921875">
        <ele>841.20001220703125</ele>
        <time>2025-10-05T06:43:26.000Z</time>
        <extensions>
          <ns3:TrackPointExtension>
            <ns3:hr>72</ns3:hr>
            <ns3:cad>0</ns3:cad>
          </ns3:TrackPointExtension>
        </extensions>
      </trkpt>
      <trkpt lat="42.46205560863018035888671875" lon="-5.92870627529919147491455078125">
        <ele>841.20001220703125</ele>
        <time>2025-10-05T06:43:27.000Z</time>
        <extensions>
          <ns3:TrackPointExtension>
            <ns3:hr>79</ns3:hr>
            <ns3:cad>0</ns3:cad>
          </ns3:TrackPointExtension>
        </extensions>
      </trkpt>
      <trkpt lat="42.46204127557575702667236328125" lon="-5.9287063591182231903076171875">
        <ele>841.4000244140625</ele>
        <time>2025-10-05T06:43:28.000Z</time>
        <extensions>
          <ns3:TrackPointExtension>
            <ns3:hr>80</ns3:hr>
            <ns3:cad>0</ns3:cad>
          </ns3:TrackPointExtension>
        </extensions>
      </trkpt>
      <trkpt lat="42.46193449012935161590576171875" lon="-5.92871817760169506072998046875">
        <ele>841.20001220703125</ele>
        <time>2025-10-05T06:43:36.000Z</time>
        <extensions>
          <ns3:TrackPointExtension>
            <ns3:hr>82</ns3:hr>
            <ns3:cad>59</ns3:cad>
          </ns3:TrackPointExtension>
        </extensions>
      </trkpt>
      <trkpt lat="42.46190515346825122833251953125" lon="-5.9287185966968536376953125">
        <ele>841</ele>
        <time>2025-10-05T06:43:38.000Z</time>
        <extensions>
          <ns3:TrackPointExtension>
            <ns3:hr>82</ns3:hr>
            <ns3:cad>60</ns3:cad>
          </ns3:TrackPointExtension>
        </extensions>
      </trkpt>
      <trkpt lat="42.46175251901149749755859375" lon="-5.92874282039701938629150390625">
        <ele>840.79998779296875</ele>
        <time>2025-10-05T06:43:49.000Z</time>
        <extensions>
          <ns3:TrackPointExtension>
            <ns3:hr>81</ns3:hr>
            <ns3:cad>61</ns3:cad>
          </ns3:TrackPointExtension>
        </extensions>
      </trkpt>
      <trkpt lat="42.46159569360315799713134765625" lon="-5.9287895075976848602294921875">
        <ele>840.20001220703125</ele>
        <time>2025-10-05T06:44:01.000Z</time>
        <extensions>
          <ns3:TrackPointExtension>
            <ns3:hr>81</ns3:hr>
            <ns3:cad>61</ns3:cad>
          </ns3:TrackPointExtension>
        </extensions>
      </trkpt>
      <trkpt lat="42.4614921770989894866943359375" lon="-5.92882060445845127105712890625">
        <ele>840</ele>
        <time>2025-10-05T06:44:09.000Z</time>
        <extensions>
          <ns3:TrackPointExtension>
            <ns3:hr>83</ns3:hr>
            <ns3:cad>61</ns3:cad>
          </ns3:TrackPointExtension>
        </extensions>
      </trkpt>
      <trkpt lat="42.4614150635898113250732421875" lon="-5.92884390614926815032958984375">
        <ele>839.79998779296875</ele>
        <time>2025-10-05T06:44:15.000Z</time>
        <extensions>
          <ns3:TrackPointExtension>
            <ns3:hr>83</ns3:hr>
            <ns3:cad>61</ns3:cad>
          </ns3:TrackPointExtension>
        </extensions>
      </trkpt>
      <trkpt lat="42.46125689707696437835693359375" lon="-5.9288726560771465301513671875">
        <ele>840</ele>
        <time>2025-10-05T06:44:26.000Z</time>
        <extensions>
          <ns3:TrackPointExtension>
            <ns3:hr>83</ns3:hr>
            <ns3:cad>60</ns3:cad>
          </ns3:TrackPointExtension>
        </extensions>
      </trkpt>
      <trkpt lat="42.46114877052605152130126953125" lon="-5.92890056781470775604248046875">
        <ele>839.79998779296875</ele>
        <time>2025-10-05T06:44:35.000Z</time>
        <extensions>
          <ns3:TrackPointExtension>
            <ns3:hr>82</ns3:hr>
            <ns3:cad>59</ns3:cad>
          </ns3:TrackPointExtension>
        </extensions>
      </trkpt>
      <trkpt lat="42.46099613606929779052734375" lon="-5.9289423935115337371826171875">
        <ele>839.5999755859375</ele>
        <time>2025-10-05T06:44:47.000Z</time>
        <extensions>
          <ns3:TrackPointExtension>
            <ns3:hr>83</ns3:hr>
            <ns3:cad>59</ns3:cad>
          </ns3:TrackPointExtension>
        </extensions>
      </trkpt>
      <trkpt lat="42.46087619103491306304931640625" lon="-5.9289873205125331878662109375">
        <ele>839.5999755859375</ele>
        <time>2025-10-05T06:44:57.000Z</time>
        <extensions>
          <ns3:TrackPointExtension>
            <ns3:hr>84</ns3:hr>
            <ns3:cad>59</ns3:cad>
          </ns3:TrackPointExtension>
        </extensions>
      </trkpt>
      <trkpt lat="42.460768483579158782958984375" lon="-5.9290339238941669464111328125">
        <ele>840.20001220703125</ele>
        <time>2025-10-05T06:45:06.000Z</time>
        <extensions>
          <ns3:TrackPointExtension>
            <ns3:hr>82</ns3:hr>
            <ns3:cad>58</ns3:cad>
          </ns3:TrackPointExtension>
        </extensions>
      </trkpt>
      <trkpt lat="42.460651807487010955810546875" lon="-5.929090417921543121337890625">
        <ele>839.5999755859375</ele>
        <time>2025-10-05T06:45:16.000Z</time>
        <extensions>
          <ns3:TrackPointExtension>
            <ns3:hr>80</ns3:hr>
            <ns3:cad>59</ns3:cad>
          </ns3:TrackPointExtension>
        </extensions>
      </trkpt>
      <trkpt lat="42.46056027710437774658203125" lon="-5.92920147813856601715087890625">
        <ele>839.79998779296875</ele>
        <time>2025-10-05T06:45:25.000Z</time>
        <extensions>
          <ns3:TrackPointExtension>
            <ns3:hr>77</ns3:hr>
            <ns3:cad>59</ns3:cad>
          </ns3:TrackPointExtension>
        </extensions>
      </trkpt>
      <trkpt lat="42.46052012778818607330322265625" lon="-5.929250679910182952880859375">
        <ele>840</ele>
        <time>2025-10-05T06:45:29.000Z</time>
        <extensions>
          <ns3:TrackPointExtension>
            <ns3:hr>72</ns3:hr>
            <ns3:cad>59</ns3:cad>
          </ns3:TrackPointExtension>
        </extensions>
      </trkpt>
      <trkpt lat="42.46049799956381320953369140625" lon="-5.9292739816009998321533203125">
        <ele>840</ele>
        <time>2025-10-05T06:45:31.000Z</time>
        <extensions>
          <ns3:TrackPointExtension>
            <ns3:hr>69</ns3:hr>
            <ns3:cad>59</ns3:cad>
          </ns3:TrackPointExtension>
        </extensions>
      </trkpt>
      <trkpt lat="42.46043966151773929595947265625" lon="-5.92934514395892620086669921875">
        <ele>840.20001220703125</ele>
        <time>2025-10-05T06:45:37.000Z</time>
        <extensions>
          <ns3:TrackPointExtension>
            <ns3:hr>67</ns3:hr>
            <ns3:cad>59</ns3:cad>
          </ns3:TrackPointExtension>
        </extensions>
      </trkpt>
      <trkpt lat="42.46034033596515655517578125" lon="-5.929458551108837127685546875">
        <ele>840.4000244140625</ele>
        <time>2025-10-05T06:45:47.000Z</time>
        <extensions>
          <ns3:TrackPointExtension>
            <ns3:hr>67</ns3:hr>
            <ns3:cad>59</ns3:cad>
          </ns3:TrackPointExtension>
        </extensions>
      </trkpt>
      <trkpt lat="42.4602228216826915740966796875" lon="-5.9295594692230224609375">
        <ele>840.5999755859375</ele>
        <time>2025-10-05T06:45:58.000Z</time>
        <extensions>
          <ns3:TrackPointExtension>
            <ns3:hr>68</ns3:hr>
            <ns3:cad>58</ns3:cad>
          </ns3:TrackPointExtension>
        </extensions>
      </trkpt>
      <trkpt lat="42.46013606898486614227294921875" lon="-5.92961386777460575103759765625">
        <ele>840.5999755859375</ele>
        <time>2025-10-05T06:46:06.000Z</time>
        <extensions>
          <ns3:TrackPointExtension>
            <ns3:hr>71</ns3:hr>
            <ns3:cad>59</ns3:cad>
          </ns3:TrackPointExtension>
        </extensions>
      </trkpt>
      <trkpt lat="42.4600997753441333770751953125" lon="-5.92964404262602329254150390625">
        <ele>840.5999755859375</ele>
        <time>2025-10-05T06:46:09.000Z</time>
        <extensions>
          <ns3:TrackPointExtension>
            <ns3:hr>75</ns3:hr>
            <ns3:cad>59</ns3:cad>
          </ns3:TrackPointExtension>
        </extensions>
      </trkpt>
      <trkpt lat="42.46005627326667308807373046875" lon="-5.929682515561580657958984375">
        <ele>840.5999755859375</ele>
        <time>2025-10-05T06:46:13.000Z</time>
        <extensions>
          <ns3:TrackPointExtension>
            <ns3:hr>78</ns3:hr>
            <ns3:cad>59</ns3:cad>
          </ns3:TrackPointExtension>
        </extensions>
      </trkpt>
      <trkpt lat="42.46002676896750926971435546875" lon="-5.9297118522226810455322265625">
        <ele>840.79998779296875</ele>
        <time>2025-10-05T06:46:16.000Z</time>
        <extensions>
          <ns3:TrackPointExtension>
            <ns3:hr>78</ns3:hr>
            <ns3:cad>59</ns3:cad>
          </ns3:TrackPointExtension>
        </extensions>
      </trkpt>
      <trkpt lat="42.45993959717452526092529296875" lon="-5.9298107586801052093505859375">
        <ele>841</ele>
        <time>2025-10-05T06:46:25.000Z</time>
        <extensions>
          <ns3:TrackPointExtension>
            <ns3:hr>78</ns3:hr>
            <ns3:cad>59</ns3:cad>
          </ns3:TrackPointExtension>
        </extensions>
      </trkpt>
      <trkpt lat="42.4598932452499866485595703125" lon="-5.9298469685018062591552734375">
        <ele>841</ele>
        <time>2025-10-05T06:46:29.000Z</time>
        <extensions>
          <ns3:TrackPointExtension>
            <ns3:hr>75</ns3:hr>
            <ns3:cad>59</ns3:cad>
          </ns3:TrackPointExtension>
        </extensions>
      </trkpt>
      <trkpt lat="42.45983214117586612701416015625" lon="-5.929909832775592803955078125">
        <ele>841</ele>
        <time>2025-10-05T06:46:35.000Z</time>
        <extensions>
          <ns3:TrackPointExtension>
            <ns3:hr>73</ns3:hr>
            <ns3:cad>59</ns3:cad>
          </ns3:TrackPointExtension>
        </extensions>
      </trkpt>
      <trkpt lat="42.45981001295149326324462890625" lon="-5.92993271537125110626220703125">
        <ele>841</ele>
        <time>2025-10-05T06:46:37.000Z</time>
        <extensions>
          <ns3:TrackPointExtension>
            <ns3:hr>73</ns3:hr>
            <ns3:cad>59</ns3:cad>
          </ns3:TrackPointExtension>
        </extensions>
      </trkpt>
      <trkpt lat="42.45972745120525360107421875" lon="-5.92999708838760852813720703125">
        <ele>841.20001220703125</ele>
        <time>2025-10-05T06:46:44.000Z</time>
        <extensions>
          <ns3:TrackPointExtension>
            <ns3:hr>73</ns3:hr>
            <ns3:cad>59</ns3:cad>
          </ns3:TrackPointExtension>
        </extensions>
      </trkpt>
      <trkpt lat="42.4596186541020870208740234375" lon="-5.93010135926306247711181640625">
        <ele>841.5999755859375</ele>
        <time>2025-10-05T06:46:55.000Z</time>
        <extensions>
          <ns3:TrackPointExtension>
            <ns3:hr>73</ns3:hr>
            <ns3:cad>59</ns3:cad>
          </ns3:TrackPointExtension>
        </extensions>
      </trkpt>
      <trkpt lat="42.45949803851544857025146484375" lon="-5.93014863319694995880126953125">
        <ele>841.5999755859375</ele>
        <time>2025-10-05T06:47:04.000Z</time>
        <extensions>
          <ns3:TrackPointExtension>
            <ns3:hr>74</ns3:hr>
            <ns3:cad>59</ns3:cad>
          </ns3:TrackPointExtension>
        </extensions>
      </trkpt>
      <trkpt lat="42.45940533466637134552001953125" lon="-5.9301607869565486907958984375">
        <ele>841.5999755859375</ele>
        <time>2025-10-05T06:47:11.000Z</time>
        <extensions>
          <ns3:TrackPointExtension>
            <ns3:hr>75</ns3:hr>
            <ns3:cad>59</ns3:cad>
          </ns3:TrackPointExtension>
        </extensions>
      </trkpt>
      <trkpt lat="42.45932688005268573760986328125" lon="-5.93016288243234157562255859375">
        <ele>841.5999755859375</ele>
        <time>2025-10-05T06:47:17.000Z</time>
        <extensions>
          <ns3:TrackPointExtension>
            <ns3:hr>72</ns3:hr>
            <ns3:cad>59</ns3:cad>
          </ns3:TrackPointExtension>
        </extensions>
      </trkpt>
      <trkpt lat="42.45929016731679439544677734375" lon="-5.9301674924790859222412109375">
        <ele>841.5999755859375</ele>
        <time>2025-10-05T06:47:20.000Z</time>
        <extensions>
          <ns3:TrackPointExtension>
            <ns3:hr>71</ns3:hr>
            <ns3:cad>59</ns3:cad>
          </ns3:TrackPointExtension>
        </extensions>
      </trkpt>
      <trkpt lat="42.4591687135398387908935546875" lon="-5.93017210252583026885986328125">
        <ele>841.5999755859375</ele>
        <time>2025-10-05T06:47:29.000Z</time>
        <extensions>
          <ns3:TrackPointExtension>
            <ns3:hr>70</ns3:hr>
            <ns3:cad>59</ns3:cad>
          </ns3:TrackPointExtension>
        </extensions>
      </trkpt>
      <trkpt lat="42.4590929411351680755615234375" lon="-5.93019171617925167083740234375">
        <ele>841.5999755859375</ele>
        <time>2025-10-05T06:47:35.000Z</time>
        <extensions>
          <ns3:TrackPointExtension>
            <ns3:hr>69</ns3:hr>
            <ns3:cad>59</ns3:cad>
          </ns3:TrackPointExtension>
        </extensions>
      </trkpt>
      <trkpt lat="42.4589779414236545562744140625" lon="-5.930178053677082061767578125">
        <ele>841.4000244140625</ele>
        <time>2025-10-05T06:47:44.000Z</time>
        <extensions>
          <ns3:TrackPointExtension>
            <ns3:hr>70</ns3:hr>
            <ns3:cad>59</ns3:cad>
          </ns3:TrackPointExtension>
        </extensions>
      </trkpt>
      <trkpt lat="42.4588652886450290679931640625" lon="-5.93015617690980434417724609375">
        <ele>841.5999755859375</ele>
        <time>2025-10-05T06:47:52.000Z</time>
        <extensions>
          <ns3:TrackPointExtension>
            <ns3:hr>69</ns3:hr>
            <ns3:cad>59</ns3:cad>
          </ns3:TrackPointExtension>
        </extensions>
      </trkpt>
      <trkpt lat="42.45871500112116336822509765625" lon="-5.9301855973899364471435546875">
        <ele>841.79998779296875</ele>
        <time>2025-10-05T06:48:04.000Z</time>
        <extensions>
          <ns3:TrackPointExtension>
            <ns3:hr>70</ns3:hr>
            <ns3:cad>57</ns3:cad>
          </ns3:TrackPointExtension>
        </extensions>
      </trkpt>
      <trkpt lat="42.458596564829349517822265625" lon="-5.93023605644702911376953125">
        <ele>842</ele>
        <time>2025-10-05T06:48:14.000Z</time>
        <extensions>
          <ns3:TrackPointExtension>
            <ns3:hr>72</ns3:hr>
            <ns3:cad>58</ns3:cad>
          </ns3:TrackPointExtension>
        </extensions>
      </trkpt>
      <trkpt lat="42.458548285067081451416015625" lon="-5.93026824295520782470703125">
        <ele>842</ele>
        <time>2025-10-05T06:48:19.000Z</time>
        <extensions>
          <ns3:TrackPointExtension>
            <ns3:hr>72</ns3:hr>
            <ns3:cad>58</ns3:cad>
          </ns3:TrackPointExtension>
        </extensions>
      </trkpt>
      <trkpt lat="42.45850302278995513916015625" lon="-5.9302955679595470428466796875">
        <ele>842.20001220703125</ele>
        <time>2025-10-05T06:48:23.000Z</time>
        <extensions>
          <ns3:TrackPointExtension>
            <ns3:hr>72</ns3:hr>
            <ns3:cad>57</ns3:cad>
          </ns3:TrackPointExtension>
        </extensions>
      </trkpt>
      <trkpt lat="42.45840202085673809051513671875" lon="-5.930342338979244232177734375">
        <ele>842.4000244140625</ele>
        <time>2025-10-05T06:48:32.000Z</time>
        <extensions>
          <ns3:TrackPointExtension>
            <ns3:hr>72</ns3:hr>
            <ns3:cad>55</ns3:cad>
          </ns3:TrackPointExtension>
        </extensions>
      </trkpt>
      <trkpt lat="42.45831585489213466644287109375" lon="-5.9303284250199794769287109375">
        <ele>842.20001220703125</ele>
        <time>2025-10-05T06:48:41.000Z</time>
        <extensions>
          <ns3:TrackPointExtension>
            <ns3:hr>75</ns3:hr>
            <ns3:cad>54</ns3:cad>
          </ns3:TrackPointExtension>
        </extensions>
      </trkpt>
      <trkpt lat="42.45830730535089969635009765625" lon="-5.9303270839154720306396484375">
        <ele>842.20001220703125</ele>
        <time>2025-10-05T06:48:42.000Z</time>
        <extensions>
          <ns3:TrackPointExtension>
            <ns3:hr>74</ns3:hr>
            <ns3:cad>54</ns3:cad>
          </ns3:TrackPointExtension>
        </extensions>
      </trkpt>
      <trkpt lat="42.45822482742369174957275390625" lon="-5.930293388664722442626953125">
        <ele>842</ele>
        <time>2025-10-05T06:48:52.000Z</time>
        <extensions>
          <ns3:TrackPointExtension>
            <ns3:hr>74</ns3:hr>
            <ns3:cad>0</ns3:cad>
          </ns3:TrackPointExtension>
        </extensions>
      </trkpt>
      <trkpt lat="42.45822968892753124237060546875" lon="-5.93030084855854511260986328125">
        <ele>842</ele>
        <time>2025-10-05T06:48:56.000Z</time>
        <extensions>
          <ns3:TrackPointExtension>
            <ns3:hr>73</ns3:hr>
            <ns3:cad>0</ns3:cad>
          </ns3:TrackPointExtension>
        </extensions>
      </trkpt>
      <trkpt lat="42.45824578218162059783935546875" lon="-5.93029565177857875823974609375">
        <ele>841.79998779296875</ele>
        <time>2025-10-05T06:48:59.000Z</time>
        <extensions>
          <ns3:TrackPointExtension>
            <ns3:hr>73</ns3:hr>
            <ns3:cad>0</ns3:cad>
          </ns3:TrackPointExtension>
        </extensions>
      </trkpt>
      <trkpt lat="42.4582936428487300872802734375" lon="-5.93029498122632503509521484375">
        <ele>842</ele>
        <time>2025-10-05T06:49:05.000Z</time>
        <extensions>
          <ns3:TrackPointExtension>
            <ns3:hr>72</ns3:hr>
            <ns3:cad>0</ns3:cad>
          </ns3:TrackPointExtension>
        </extensions>
      </trkpt>
      <trkpt lat="42.458388693630695343017578125" lon="-5.93031509779393672943115234375">
        <ele>842.20001220703125</ele>
        <time>2025-10-05T06:49:13.000Z</time>
        <extensions>
          <ns3:TrackPointExtension>
            <ns3:hr>71</ns3:hr>
            <ns3:cad>55</ns3:cad>
          </ns3:TrackPointExtension>
        </extensions>
      </trkpt>
      <trkpt lat="42.45840906165540218353271484375" lon="-5.93036069534718990325927734375">
        <ele>842.5999755859375</ele>
        <time>2025-10-05T06:49:16.000Z</time>
        <extensions>
          <ns3:TrackPointExtension>
            <ns3:hr>71</ns3:hr>
            <ns3:cad>55</ns3:cad>
          </ns3:TrackPointExtension>
        </extensions>
      </trkpt>
      <trkpt lat="42.45840889401733875274658203125" lon="-5.930409394204616546630859375">
        <ele>842.79998779296875</ele>
        <time>2025-10-05T06:49:19.000Z</time>
        <extensions>
          <ns3:TrackPointExtension>
            <ns3:hr>71</ns3:hr>
            <ns3:cad>53</ns3:cad>
          </ns3:TrackPointExtension>
        </extensions>
      </trkpt>
      <trkpt lat="42.4584076367318630218505859375" lon="-5.93046178109943866729736328125">
        <ele>843.20001220703125</ele>
        <time>2025-10-05T06:49:22.000Z</time>
        <extensions>
          <ns3:TrackPointExtension>
            <ns3:hr>70</ns3:hr>
            <ns3:cad>52</ns3:cad>
          </ns3:TrackPointExtension>
        </extensions>
      </trkpt>
      <trkpt lat="42.45840805582702159881591796875" lon="-5.93048508279025554656982421875">
        <ele>843.4000244140625</ele>
        <time>2025-10-05T06:49:24.000Z</time>
        <extensions>
          <ns3:TrackPointExtension>
            <ns3:hr>70</ns3:hr>
            <ns3:cad>51</ns3:cad>
          </ns3:TrackPointExtension>
        </extensions>
      </trkpt>
      <trkpt lat="42.458396069705486297607421875" lon="-5.93048742972314357757568359375">
        <ele>843.4000244140625</ele>
        <time>2025-10-05T06:50:49.000Z</time>
        <extensions>
          <ns3:TrackPointExtension>
            <ns3:hr>69</ns3:hr>
            <ns3:cad>0</ns3:cad>
          </ns3:TrackPointExtension>
        </extensions>
      </trkpt>
      <trkpt lat="42.45839850045740604400634765625" lon="-5.93049229122698307037353515625">
        <ele>843</ele>
        <time>2025-10-05T06:50:52.000Z</time>
        <extensions>
          <ns3:TrackPointExtension>
            <ns3:hr>71</ns3:hr>
            <ns3:cad>0</ns3:cad>
          </ns3:TrackPointExtension>
        </extensions>
      </trkpt>
      <trkpt lat="42.45840118266642093658447265625" lon="-5.93056328594684600830078125">
        <ele>842.79998779296875</ele>
        <time>2025-10-05T06:50:57.000Z</time>
        <extensions>
          <ns3:TrackPointExtension>
            <ns3:hr>73</ns3:hr>
            <ns3:cad>55</ns3:cad>
          </ns3:TrackPointExtension>
        </extensions>
      </trkpt>
      <trkpt lat="42.45840956456959247589111328125" lon="-5.93064400367438793182373046875">
        <ele>842.79998779296875</ele>
        <time>2025-10-05T06:51:02.000Z</time>
        <extensions>
          <ns3:TrackPointExtension>
            <ns3:hr>70</ns3:hr>
            <ns3:cad>55</ns3:cad>
          </ns3:TrackPointExtension>
        </extensions>
      </trkpt>
      <trkpt lat="42.4584176950156688690185546875" lon="-5.9306948818266391754150390625">
        <ele>843.4000244140625</ele>
        <time>2025-10-05T06:51:05.000Z</time>
        <extensions>
          <ns3:TrackPointExtension>
            <ns3:hr>68</ns3:hr>
            <ns3:cad>56</ns3:cad>
          </ns3:TrackPointExtension>
        </extensions>
      </trkpt>
      <trkpt lat="42.4584567546844482421875" lon="-5.93083008192479610443115234375">
        <ele>843.79998779296875</ele>
        <time>2025-10-05T06:51:14.000Z</time>
        <extensions>
          <ns3:TrackPointExtension>
            <ns3:hr>71</ns3:hr>
            <ns3:cad>56</ns3:cad>
          </ns3:TrackPointExtension>
        </extensions>
      </trkpt>
      <trkpt lat="42.458479218184947967529296875" lon="-5.9309000708162784576416015625">
        <ele>844.20001220703125</ele>
        <time>2025-10-05T06:51:18.000Z</time>
        <extensions>
          <ns3:TrackPointExtension>
            <ns3:hr>73</ns3:hr>
            <ns3:cad>56</ns3:cad>
          </ns3:TrackPointExtension>
        </extensions>
      </trkpt>
      <trkpt lat="42.458496987819671630859375" lon="-5.93094910494983196258544921875">
        <ele>844.20001220703125</ele>
        <time>2025-10-05T06:51:21.000Z</time>
        <extensions>
          <ns3:TrackPointExtension>
            <ns3:hr>74</ns3:hr>
            <ns3:cad>56</ns3:cad>
          </ns3:TrackPointExtension>
        </extensions>
      </trkpt>
      <trkpt lat="42.4585239775478839874267578125" lon="-5.93101113103330135345458984375">
        <ele>844.4000244140625</ele>
        <time>2025-10-05T06:51:25.000Z</time>
        <extensions>
          <ns3:TrackPointExtension>
            <ns3:hr>77</ns3:hr>
            <ns3:cad>56</ns3:cad>
          </ns3:TrackPointExtension>
        </extensions>
      </trkpt>
      <trkpt lat="42.45855473913252353668212890625" lon="-5.93107768334448337554931640625">
        <ele>845</ele>
        <time>2025-10-05T06:51:30.000Z</time>
        <extensions>
          <ns3:TrackPointExtension>
            <ns3:hr>78</ns3:hr>
            <ns3:cad>56</ns3:cad>
          </ns3:TrackPointExtension>
        </extensions>
      </trkpt>
      <trkpt lat="42.45856597088277339935302734375" lon="-5.93110366724431514739990234375">
        <ele>845.20001220703125</ele>
        <time>2025-10-05T06:51:32.000Z</time>
        <extensions>
          <ns3:TrackPointExtension>
            <ns3:hr>79</ns3:hr>
            <ns3:cad>56</ns3:cad>
          </ns3:TrackPointExtension>
        </extensions>
      </trkpt>
      <trkpt lat="42.45862615294754505157470703125" lon="-5.931230150163173675537109375">
        <ele>846</ele>
        <time>2025-10-05T06:51:41.000Z</time>
        <extensions>
          <ns3:TrackPointExtension>
            <ns3:hr>82</ns3:hr>
            <ns3:cad>56</ns3:cad>
          </ns3:TrackPointExtension>
        </extensions>
      </trkpt>
      <trkpt lat="42.458652555942535400390625" lon="-5.93128773383796215057373046875">
        <ele>846.20001220703125</ele>
        <time>2025-10-05T06:51:45.000Z</time>
        <extensions>
          <ns3:TrackPointExtension>
            <ns3:hr>83</ns3:hr>
            <ns3:cad>56</ns3:cad>
          </ns3:TrackPointExtension>
        </extensions>
      </trkpt>
      <trkpt lat="42.45870712213218212127685546875" lon="-5.93135613016784191131591796875">
        <ele>846.79998779296875</ele>
        <time>2025-10-05T06:51:51.000Z</time>
        <extensions>
          <ns3:TrackPointExtension>
            <ns3:hr>84</ns3:hr>
            <ns3:cad>56</ns3:cad>
          </ns3:TrackPointExtension>
        </extensions>
      </trkpt>
      <trkpt lat="42.4587415717542171478271484375" lon="-5.93144849874079227447509765625">
        <ele>847.4000244140625</ele>
        <time>2025-10-05T06:51:58.000Z</time>
        <extensions>
          <ns3:TrackPointExtension>
            <ns3:hr>85</ns3:hr>
            <ns3:cad>56</ns3:cad>
          </ns3:TrackPointExtension>
        </extensions>
      </trkpt>
      <trkpt lat="42.4587553180754184722900390625" lon="-5.9314740635454654693603515625">
        <ele>847.4000244140625</ele>
        <time>2025-10-05T06:52:00.000Z</time>
        <extensions>
          <ns3:TrackPointExtension>
            <ns3:hr>84</ns3:hr>
            <ns3:cad>56</ns3:cad>
          </ns3:TrackPointExtension>
        </extensions>
      </trkpt>
      <trkpt lat="42.45882363058626651763916015625" lon="-5.93163290061056613922119140625">
        <ele>848.20001220703125</ele>
        <time>2025-10-05T06:52:11.000Z</time>
        <extensions>
          <ns3:TrackPointExtension>
            <ns3:hr>86</ns3:hr>
            <ns3:cad>56</ns3:cad>
          </ns3:TrackPointExtension>
        </extensions>
      </trkpt>
      <trkpt lat="42.4588418193161487579345703125" lon="-5.93169056810438632965087890625">
        <ele>848.4000244140625</ele>
        <time>2025-10-05T06:52:15.000Z</time>
        <extensions>
          <ns3:TrackPointExtension>
            <ns3:hr>85</ns3:hr>
            <ns3:cad>56</ns3:cad>
          </ns3:TrackPointExtension>
        </extensions>
      </trkpt>
      <trkpt lat="42.45888263918459415435791015625" lon="-5.93182300217449665069580078125">
        <ele>849.20001220703125</ele>
        <time>2025-10-05T06:52:24.000Z</time>
        <extensions>
          <ns3:TrackPointExtension>
            <ns3:hr>85</ns3:hr>
            <ns3:cad>56</ns3:cad>
          </ns3:TrackPointExtension>
        </extensions>
      </trkpt>
      <trkpt lat="42.4588934518396854400634765625" lon="-5.931874550879001617431640625">
        <ele>849.4000244140625</ele>
        <time>2025-10-05T06:52:27.000Z</time>
        <extensions>
          <ns3:TrackPointExtension>
            <ns3:hr>86</ns3:hr>
            <ns3:cad>56</ns3:cad>
          </ns3:TrackPointExtension>
        </extensions>
      </trkpt>
      <trkpt lat="42.45892287231981754302978515625" lon="-5.9319696016609668731689453125">
        <ele>849.5999755859375</ele>
        <time>2025-10-05T06:52:33.000Z</time>
        <extensions>
          <ns3:TrackPointExtension>
            <ns3:hr>86</ns3:hr>
            <ns3:cad>56</ns3:cad>
          </ns3:TrackPointExtension>
        </extensions>
      </trkpt>
      <trkpt lat="42.459014318883419036865234375" lon="-5.93212969601154327392578125">
        <ele>850.4000244140625</ele>
        <time>2025-10-05T06:52:45.000Z</time>
        <extensions>
          <ns3:TrackPointExtension>
            <ns3:hr>88</ns3:hr>
            <ns3:cad>56</ns3:cad>
          </ns3:TrackPointExtension>
        </extensions>
      </trkpt>
      <trkpt lat="42.45902144350111484527587890625" lon="-5.932144783437252044677734375">
        <ele>850.4000244140625</ele>
        <time>2025-10-05T06:52:46.000Z</time>
        <extensions>
          <ns3:TrackPointExtension>
            <ns3:hr>87</ns3:hr>
            <ns3:cad>56</ns3:cad>
          </ns3:TrackPointExtension>
        </extensions>
      </trkpt>
      <trkpt lat="42.459102161228656768798828125" lon="-5.93226271681487560272216796875">
        <ele>851</ele>
        <time>2025-10-05T06:52:56.000Z</time>
        <extensions>
          <ns3:TrackPointExtension>
            <ns3:hr>87</ns3:hr>
            <ns3:cad>56</ns3:cad>
          </ns3:TrackPointExtension>
        </extensions>
      </trkpt>
      <trkpt lat="42.4591791070997714996337890625" lon="-5.9323756210505962371826171875">
        <ele>851.4000244140625</ele>
        <time>2025-10-05T06:53:05.000Z</time>
        <extensions>
          <ns3:TrackPointExtension>
            <ns3:hr>85</ns3:hr>
            <ns3:cad>56</ns3:cad>
          </ns3:TrackPointExtension>
        </extensions>
      </trkpt>
      <trkpt lat="42.45919561944901943206787109375" lon="-5.93240437097847461700439453125">
        <ele>851.4000244140625</ele>
        <time>2025-10-05T06:53:07.000Z</time>
        <extensions>
          <ns3:TrackPointExtension>
            <ns3:hr>85</ns3:hr>
            <ns3:cad>57</ns3:cad>
          </ns3:TrackPointExtension>
        </extensions>
      </trkpt>
      <trkpt lat="42.459265105426311492919921875" lon="-5.93253311701118946075439453125">
        <ele>852.20001220703125</ele>
        <time>2025-10-05T06:53:17.000Z</time>
        <extensions>
          <ns3:TrackPointExtension>
            <ns3:hr>85</ns3:hr>
            <ns3:cad>56</ns3:cad>
          </ns3:TrackPointExtension>
        </extensions>
      </trkpt>
      <trkpt lat="42.45928312651813030242919921875" lon="-5.93255348503589630126953125">
        <ele>852.5999755859375</ele>
        <time>2025-10-05T06:53:19.000Z</time>
        <extensions>
          <ns3:TrackPointExtension>
            <ns3:hr>84</ns3:hr>
            <ns3:cad>56</ns3:cad>
          </ns3:TrackPointExtension>
        </extensions>
      </trkpt>
      <trkpt lat="42.45934112928807735443115234375" lon="-5.93263235874474048614501953125">
        <ele>852.5999755859375</ele>
        <time>2025-10-05T06:53:26.000Z</time>
        <extensions>
          <ns3:TrackPointExtension>
            <ns3:hr>84</ns3:hr>
            <ns3:cad>56</ns3:cad>
          </ns3:TrackPointExtension>
        </extensions>
      </trkpt>
      <trkpt lat="42.45942511595785617828369140625" lon="-5.932719446718692779541015625">
        <ele>852.5999755859375</ele>
        <time>2025-10-05T06:53:34.000Z</time>
        <extensions>
          <ns3:TrackPointExtension>
            <ns3:hr>81</ns3:hr>
            <ns3:cad>56</ns3:cad>
          </ns3:TrackPointExtension>
        </extensions>
      </trkpt>
      <trkpt lat="42.4594974517822265625" lon="-5.932836793363094329833984375">
        <ele>853</ele>
        <time>2025-10-05T06:53:43.000Z</time>
        <extensions>
          <ns3:TrackPointExtension>
            <ns3:hr>80</ns3:hr>
            <ns3:cad>56</ns3:cad>
          </ns3:TrackPointExtension>
        </extensions>
      </trkpt>
      <trkpt lat="42.45955578982830047607421875" lon="-5.932948105037212371826171875">
        <ele>853.4000244140625</ele>
        <time>2025-10-05T06:53:51.000Z</time>
        <extensions>
          <ns3:TrackPointExtension>
            <ns3:hr>79</ns3:hr>
            <ns3:cad>56</ns3:cad>
          </ns3:TrackPointExtension>
        </extensions>
      </trkpt>
      <trkpt lat="42.459612451493740081787109375" lon="-5.93303368426859378814697265625">
        <ele>853.5999755859375</ele>
        <time>2025-10-05T06:53:58.000Z</time>
        <extensions>
          <ns3:TrackPointExtension>
            <ns3:hr>78</ns3:hr>
            <ns3:cad>55</ns3:cad>
          </ns3:TrackPointExtension>
        </extensions>
      </trkpt>
      <trkpt lat="42.4596424587070941925048828125" lon="-5.9330867417156696319580078125">
        <ele>854</ele>
        <time>2025-10-05T06:54:02.000Z</time>
        <extensions>
          <ns3:TrackPointExtension>
            <ns3:hr>78</ns3:hr>
            <ns3:cad>55</ns3:cad>
          </ns3:TrackPointExtension>
        </extensions>
      </trkpt>
      <trkpt lat="42.45969568379223346710205078125" lon="-5.93318271450698375701904296875">
        <ele>854.20001220703125</ele>
        <time>2025-10-05T06:54:09.000Z</time>
        <extensions>
          <ns3:TrackPointExtension>
            <ns3:hr>80</ns3:hr>
            <ns3:cad>55</ns3:cad>
          </ns3:TrackPointExtension>
        </extensions>
      </trkpt>
      <trkpt lat="42.4597427062690258026123046875" lon="-5.9332553856074810028076171875">
        <ele>854.5999755859375</ele>
        <time>2025-10-05T06:54:15.000Z</time>
        <extensions>
          <ns3:TrackPointExtension>
            <ns3:hr>80</ns3:hr>
            <ns3:cad>54</ns3:cad>
          </ns3:TrackPointExtension>
        </extensions>
      </trkpt>
      <trkpt lat="42.4597510881721973419189453125" lon="-5.933268964290618896484375">
        <ele>854.79998779296875</ele>
        <time>2025-10-05T06:54:16.000Z</time>
        <extensions>
          <ns3:TrackPointExtension>
            <ns3:hr>80</ns3:hr>
            <ns3:cad>54</ns3:cad>
          </ns3:TrackPointExtension>
        </extensions>
      </trkpt>
      <trkpt lat="42.45980649255216121673583984375" lon="-5.93335856683552265167236328125">
        <ele>855.4000244140625</ele>
        <time>2025-10-05T06:54:23.000Z</time>
        <extensions>
          <ns3:TrackPointExtension>
            <ns3:hr>81</ns3:hr>
            <ns3:cad>55</ns3:cad>
          </ns3:TrackPointExtension>
        </extensions>
      </trkpt>
      <trkpt lat="42.459821999073028564453125" lon="-5.93342042528092861175537109375">
        <ele>855.5999755859375</ele>
        <time>2025-10-05T06:54:27.000Z</time>
        <extensions>
          <ns3:TrackPointExtension>
            <ns3:hr>82</ns3:hr>
            <ns3:cad>55</ns3:cad>
          </ns3:TrackPointExtension>
        </extensions>
      </trkpt>
      <trkpt lat="42.4598379246890544891357421875" lon="-5.93346367590129375457763671875">
        <ele>855.79998779296875</ele>
        <time>2025-10-05T06:54:30.000Z</time>
        <extensions>
          <ns3:TrackPointExtension>
            <ns3:hr>82</ns3:hr>
            <ns3:cad>56</ns3:cad>
          </ns3:TrackPointExtension>
        </extensions>
      </trkpt>
      <trkpt lat="42.459890060126781463623046875" lon="-5.93359091319143772125244140625">
        <ele>855.79998779296875</ele>
        <time>2025-10-05T06:54:39.000Z</time>
        <extensions>
          <ns3:TrackPointExtension>
            <ns3:hr>84</ns3:hr>
            <ns3:cad>53</ns3:cad>
          </ns3:TrackPointExtension>
        </extensions>
      </trkpt>
      <trkpt lat="42.45996122248470783233642578125" lon="-5.93372083269059658050537109375">
        <ele>856</ele>
        <time>2025-10-05T06:54:49.000Z</time>
        <extensions>
          <ns3:TrackPointExtension>
            <ns3:hr>82</ns3:hr>
            <ns3:cad>57</ns3:cad>
          </ns3:TrackPointExtension>
        </extensions>
      </trkpt>
      <trkpt lat="42.460012100636959075927734375" lon="-5.9338548593223094940185546875">
        <ele>856</ele>
        <time>2025-10-05T06:54:58.000Z</time>
        <extensions>
          <ns3:TrackPointExtension>
            <ns3:hr>81</ns3:hr>
            <ns3:cad>56</ns3:cad>
          </ns3:TrackPointExtension>
        </extensions>
      </trkpt>
      <trkpt lat="42.46007538400590419769287109375" lon="-5.93403674662113189697265625">
        <ele>855.5999755859375</ele>
        <time>2025-10-05T06:55:10.000Z</time>
        <extensions>
          <ns3:TrackPointExtension>
            <ns3:hr>82</ns3:hr>
            <ns3:cad>56</ns3:cad>
          </ns3:TrackPointExtension>
        </extensions>
      </trkpt>
      <trkpt lat="42.46012450195848941802978515625" lon="-5.93417546711862087249755859375">
        <ele>856</ele>
        <time>2025-10-05T06:55:19.000Z</time>
        <extensions>
          <ns3:TrackPointExtension>
            <ns3:hr>80</ns3:hr>
            <ns3:cad>55</ns3:cad>
          </ns3:TrackPointExtension>
        </extensions>
      </trkpt>
      <trkpt lat="42.46018971316516399383544921875" lon="-5.93429599888622760772705078125">
        <ele>855.79998779296875</ele>
        <time>2025-10-05T06:55:28.000Z</time>
        <extensions>
          <ns3:TrackPointExtension>
            <ns3:hr>79</ns3:hr>
            <ns3:cad>57</ns3:cad>
          </ns3:TrackPointExtension>
        </extensions>
      </trkpt>
      <trkpt lat="42.46025316417217254638671875" lon="-5.934454835951328277587890625">
        <ele>855.5999755859375</ele>
        <time>2025-10-05T06:55:38.000Z</time>
        <extensions>
          <ns3:TrackPointExtension>
            <ns3:hr>78</ns3:hr>
            <ns3:cad>58</ns3:cad>
          </ns3:TrackPointExtension>
        </extensions>
      </trkpt>
      <trkpt lat="42.46029599569737911224365234375" lon="-5.93455516733229160308837890625">
        <ele>855.5999755859375</ele>
        <time>2025-10-05T06:55:45.000Z</time>
        <extensions>
          <ns3:TrackPointExtension>
            <ns3:hr>75</ns3:hr>
            <ns3:cad>57</ns3:cad>
          </ns3:TrackPointExtension>
        </extensions>
      </trkpt>
      <trkpt lat="42.46031393297016620635986328125" lon="-5.93460135161876678466796875">
        <ele>855.4000244140625</ele>
        <time>2025-10-05T06:55:48.000Z</time>
        <extensions>
          <ns3:TrackPointExtension>
            <ns3:hr>74</ns3:hr>
            <ns3:cad>57</ns3:cad>
          </ns3:TrackPointExtension>
        </extensions>
      </trkpt>
      <trkpt lat="42.4604094028472900390625" lon="-5.93473403714597225189208984375">
        <ele>855.4000244140625</ele>
        <time>2025-10-05T06:55:59.000Z</time>
        <extensions>
          <ns3:TrackPointExtension>
            <ns3:hr>74</ns3:hr>
            <ns3:cad>57</ns3:cad>
          </ns3:TrackPointExtension>
        </extensions>
      </trkpt>
      <trkpt lat="42.46049984358251094818115234375" lon="-5.93483445234596729278564453125">
        <ele>855.20001220703125</ele>
        <time>2025-10-05T06:56:08.000Z</time>
        <extensions>
          <ns3:TrackPointExtension>
            <ns3:hr>74</ns3:hr>
            <ns3:cad>58</ns3:cad>
          </ns3:TrackPointExtension>
        </extensions>
      </trkpt>
      <trkpt lat="42.4605958163738250732421875" lon="-5.934953391551971435546875">
        <ele>855.4000244140625</ele>
        <time>2025-10-05T06:56:19.000Z</time>
        <extensions>
          <ns3:TrackPointExtension>
            <ns3:hr>75</ns3:hr>
            <ns3:cad>57</ns3:cad>
          </ns3:TrackPointExtension>
        </extensions>
      </trkpt>
      <trkpt lat="42.46066111139953136444091796875" lon="-5.93501281924545764923095703125">
        <ele>855.4000244140625</ele>
        <time>2025-10-05T06:56:25.000Z</time>
        <extensions>
          <ns3:TrackPointExtension>
            <ns3:hr>78</ns3:hr>
            <ns3:cad>56</ns3:cad>
          </ns3:TrackPointExtension>
        </extensions>
      </trkpt>
      <trkpt lat="42.460712157189846038818359375" lon="-5.9350712411105632781982421875">
        <ele>855.4000244140625</ele>
        <time>2025-10-05T06:56:30.000Z</time>
        <extensions>
          <ns3:TrackPointExtension>
            <ns3:hr>78</ns3:hr>
            <ns3:cad>56</ns3:cad>
          </ns3:TrackPointExtension>
        </extensions>
      </trkpt>
      <trkpt lat="42.460775189101696014404296875" lon="-5.9351537190377712249755859375">
        <ele>855.79998779296875</ele>
        <time>2025-10-05T06:56:37.000Z</time>
        <extensions>
          <ns3:TrackPointExtension>
            <ns3:hr>81</ns3:hr>
            <ns3:cad>57</ns3:cad>
          </ns3:TrackPointExtension>
        </extensions>
      </trkpt>
      <trkpt lat="42.46079237200319766998291015625" lon="-5.9351768530905246734619140625">
        <ele>855.79998779296875</ele>
        <time>2025-10-05T06:56:39.000Z</time>
        <extensions>
          <ns3:TrackPointExtension>
            <ns3:hr>84</ns3:hr>
            <ns3:cad>57</ns3:cad>
          </ns3:TrackPointExtension>
        </extensions>
      </trkpt>
      <trkpt lat="42.46081902645528316497802734375" lon="-5.93521289527416229248046875">
        <ele>855.79998779296875</ele>
        <time>2025-10-05T06:56:42.000Z</time>
        <extensions>
          <ns3:TrackPointExtension>
            <ns3:hr>85</ns3:hr>
            <ns3:cad>56</ns3:cad>
          </ns3:TrackPointExtension>
        </extensions>
      </trkpt>
      <trkpt lat="42.46089555323123931884765625" lon="-5.93534004874527454376220703125">
        <ele>856.20001220703125</ele>
        <time>2025-10-05T06:56:52.000Z</time>
        <extensions>
          <ns3:TrackPointExtension>
            <ns3:hr>86</ns3:hr>
            <ns3:cad>56</ns3:cad>
          </ns3:TrackPointExtension>
        </extensions>
      </trkpt>
      <trkpt lat="42.4609530530869960784912109375" lon="-5.93543845228850841522216796875">
        <ele>856.4000244140625</ele>
        <time>2025-10-05T06:56:59.000Z</time>
        <extensions>
          <ns3:TrackPointExtension>
            <ns3:hr>85</ns3:hr>
            <ns3:cad>0</ns3:cad>
          </ns3:TrackPointExtension>
        </extensions>
      </trkpt>
      <trkpt lat="42.46097006835043430328369140625" lon="-5.93549863435328006744384765625">
        <ele>856.79998779296875</ele>
        <time>2025-10-05T06:57:03.000Z</time>
        <extensions>
          <ns3:TrackPointExtension>
            <ns3:hr>86</ns3:hr>
            <ns3:cad>56</ns3:cad>
          </ns3:TrackPointExtension>
        </extensions>
      </trkpt>
      <trkpt lat="42.4609842337667942047119140625" lon="-5.93554121442139148712158203125">
        <ele>857</ele>
        <time>2025-10-05T06:57:06.000Z</time>
        <extensions>
          <ns3:TrackPointExtension>
            <ns3:hr>87</ns3:hr>
            <ns3:cad>55</ns3:cad>
          </ns3:TrackPointExtension>
        </extensions>
      </trkpt>
      <trkpt lat="42.46104885824024677276611328125" lon="-5.93565621413290500640869140625">
        <ele>857.4000244140625</ele>
        <time>2025-10-05T06:57:15.000Z</time>
        <extensions>
          <ns3:TrackPointExtension>
            <ns3:hr>89</ns3:hr>
            <ns3:cad>55</ns3:cad>
          </ns3:TrackPointExtension>
        </extensions>
      </trkpt>
      <trkpt lat="42.46109127067029476165771484375" lon="-5.9357379376888275146484375">
        <ele>857.79998779296875</ele>
        <time>2025-10-05T06:57:21.000Z</time>
        <extensions>
          <ns3:TrackPointExtension>
            <ns3:hr>90</ns3:hr>
            <ns3:cad>55</ns3:cad>
          </ns3:TrackPointExtension>
        </extensions>
      </trkpt>
      <trkpt lat="42.46111976914107799530029296875" lon="-5.9357830323278903961181640625">
        <ele>858</ele>
        <time>2025-10-05T06:57:25.000Z</time>
        <extensions>
          <ns3:TrackPointExtension>
            <ns3:hr>90</ns3:hr>
            <ns3:cad>56</ns3:cad>
          </ns3:TrackPointExtension>
        </extensions>
      </trkpt>
      <trkpt lat="42.461178861558437347412109375" lon="-5.935876406729221343994140625">
        <ele>858.20001220703125</ele>
        <time>2025-10-05T06:57:32.000Z</time>
        <extensions>
          <ns3:TrackPointExtension>
            <ns3:hr>89</ns3:hr>
            <ns3:cad>55</ns3:cad>
          </ns3:TrackPointExtension>
        </extensions>
      </trkpt>
      <trkpt lat="42.46126075275242328643798828125" lon="-5.93602049164474010467529296875">
        <ele>858.4000244140625</ele>
        <time>2025-10-05T06:57:43.000Z</time>
        <extensions>
          <ns3:TrackPointExtension>
            <ns3:hr>87</ns3:hr>
            <ns3:cad>55</ns3:cad>
          </ns3:TrackPointExtension>
        </extensions>
      </trkpt>
      <trkpt lat="42.4613173305988311767578125" lon="-5.936106406152248382568359375">
        <ele>858.79998779296875</ele>
        <time>2025-10-05T06:57:50.000Z</time>
        <extensions>
          <ns3:TrackPointExtension>
            <ns3:hr>85</ns3:hr>
            <ns3:cad>54</ns3:cad>
          </ns3:TrackPointExtension>
        </extensions>
      </trkpt>
      <trkpt lat="42.46132378466427326202392578125" lon="-5.93611721880733966827392578125">
        <ele>858.79998779296875</ele>
        <time>2025-10-05T06:57:51.000Z</time>
        <extensions>
          <ns3:TrackPointExtension>
            <ns3:hr>85</ns3:hr>
            <ns3:cad>54</ns3:cad>
          </ns3:TrackPointExtension>
        </extensions>
      </trkpt>
      <trkpt lat="42.4613939411938190460205078125" lon="-5.9362395107746124267578125">
        <ele>859.4000244140625</ele>
        <time>2025-10-05T06:58:00.000Z</time>
        <extensions>
          <ns3:TrackPointExtension>
            <ns3:hr>83</ns3:hr>
            <ns3:cad>55</ns3:cad>
          </ns3:TrackPointExtension>
        </extensions>
      </trkpt>
      <trkpt lat="42.4614784307777881622314453125" lon="-5.936348475515842437744140625">
        <ele>859.5999755859375</ele>
        <time>2025-10-05T06:58:10.000Z</time>
        <extensions>
          <ns3:TrackPointExtension>
            <ns3:hr>82</ns3:hr>
            <ns3:cad>54</ns3:cad>
          </ns3:TrackPointExtension>
        </extensions>
      </trkpt>
      <trkpt lat="42.461498044431209564208984375" lon="-5.93638904392719268798828125">
        <ele>859.79998779296875</ele>
        <time>2025-10-05T06:58:13.000Z</time>
        <extensions>
          <ns3:TrackPointExtension>
            <ns3:hr>82</ns3:hr>
            <ns3:cad>54</ns3:cad>
          </ns3:TrackPointExtension>
        </extensions>
      </trkpt>
      <trkpt lat="42.4615384452044963836669921875" lon="-5.9364773891866207122802734375">
        <ele>860</ele>
        <time>2025-10-05T06:58:19.000Z</time>
        <extensions>
          <ns3:TrackPointExtension>
            <ns3:hr>82</ns3:hr>
            <ns3:cad>55</ns3:cad>
          </ns3:TrackPointExtension>
        </extensions>
      </trkpt>
      <trkpt lat="42.4616031534969806671142578125" lon="-5.9366265870630741119384765625">
        <ele>860.4000244140625</ele>
        <time>2025-10-05T06:58:30.000Z</time>
        <extensions>
          <ns3:TrackPointExtension>
            <ns3:hr>83</ns3:hr>
            <ns3:cad>56</ns3:cad>
          </ns3:TrackPointExtension>
        </extensions>
      </trkpt>
      <trkpt lat="42.4616551212966442108154296875" lon="-5.93675944022834300994873046875">
        <ele>860.5999755859375</ele>
        <time>2025-10-05T06:58:39.000Z</time>
        <extensions>
          <ns3:TrackPointExtension>
            <ns3:hr>86</ns3:hr>
            <ns3:cad>55</ns3:cad>
          </ns3:TrackPointExtension>
        </extensions>
      </trkpt>
      <trkpt lat="42.46166191063821315765380859375" lon="-5.93679028563201427459716796875">
        <ele>860.5999755859375</ele>
        <time>2025-10-05T06:58:41.000Z</time>
        <extensions>
          <ns3:TrackPointExtension>
            <ns3:hr>88</ns3:hr>
            <ns3:cad>55</ns3:cad>
          </ns3:TrackPointExtension>
        </extensions>
      </trkpt>
      <trkpt lat="42.46168303303420543670654296875" lon="-5.9368555806577205657958984375">
        <ele>860.79998779296875</ele>
        <time>2025-10-05T06:58:45.000Z</time>
        <extensions>
          <ns3:TrackPointExtension>
            <ns3:hr>88</ns3:hr>
            <ns3:cad>55</ns3:cad>
          </ns3:TrackPointExtension>
        </extensions>
      </trkpt>
      <trkpt lat="42.46170868165791034698486328125" lon="-5.93693026341497898101806640625">
        <ele>861.20001220703125</ele>
        <time>2025-10-05T06:58:50.000Z</time>
        <extensions>
          <ns3:TrackPointExtension>
            <ns3:hr>86</ns3:hr>
            <ns3:cad>55</ns3:cad>
          </ns3:TrackPointExtension>
        </extensions>
      </trkpt>
      <trkpt lat="42.46174438856542110443115234375" lon="-5.93710653483867645263671875">
        <ele>861.4000244140625</ele>
        <time>2025-10-05T06:59:01.000Z</time>
        <extensions>
          <ns3:TrackPointExtension>
            <ns3:hr>85</ns3:hr>
            <ns3:cad>55</ns3:cad>
          </ns3:TrackPointExtension>
        </extensions>
      </trkpt>
      <trkpt lat="42.461762242019176483154296875" lon="-5.93719496391713619232177734375">
        <ele>861.79998779296875</ele>
        <time>2025-10-05T06:59:07.000Z</time>
        <extensions>
          <ns3:TrackPointExtension>
            <ns3:hr>85</ns3:hr>
            <ns3:cad>55</ns3:cad>
          </ns3:TrackPointExtension>
        </extensions>
      </trkpt>
      <trkpt lat="42.46177397668361663818359375" lon="-5.93723737634718418121337890625">
        <ele>862</ele>
        <time>2025-10-05T06:59:10.000Z</time>
        <extensions>
          <ns3:TrackPointExtension>
            <ns3:hr>85</ns3:hr>
            <ns3:cad>55</ns3:cad>
          </ns3:TrackPointExtension>
        </extensions>
      </trkpt>
      <trkpt lat="42.4618189036846160888671875" lon="-5.93737685121595859527587890625">
        <ele>862.20001220703125</ele>
        <time>2025-10-05T06:59:19.000Z</time>
        <extensions>
          <ns3:TrackPointExtension>
            <ns3:hr>86</ns3:hr>
            <ns3:cad>56</ns3:cad>
          </ns3:TrackPointExtension>
        </extensions>
      </trkpt>
      <trkpt lat="42.46187481097877025604248046875" lon="-5.93750878237187862396240234375">
        <ele>862.79998779296875</ele>
        <time>2025-10-05T06:59:28.000Z</time>
        <extensions>
          <ns3:TrackPointExtension>
            <ns3:hr>85</ns3:hr>
            <ns3:cad>0</ns3:cad>
          </ns3:TrackPointExtension>
        </extensions>
      </trkpt>
      <trkpt lat="42.46192174963653087615966796875" lon="-5.937623195350170135498046875">
        <ele>863.20001220703125</ele>
        <time>2025-10-05T06:59:36.000Z</time>
        <extensions>
          <ns3:TrackPointExtension>
            <ns3:hr>86</ns3:hr>
            <ns3:cad>55</ns3:cad>
          </ns3:TrackPointExtension>
        </extensions>
      </trkpt>
      <trkpt lat="42.46199836023151874542236328125" lon="-5.93774716369807720184326171875">
        <ele>863.20001220703125</ele>
        <time>2025-10-05T06:59:46.000Z</time>
        <extensions>
          <ns3:TrackPointExtension>
            <ns3:hr>86</ns3:hr>
            <ns3:cad>55</ns3:cad>
          </ns3:TrackPointExtension>
        </extensions>
      </trkpt>
      <trkpt lat="42.462075054645538330078125" lon="-5.937861911952495574951171875">
        <ele>863.5999755859375</ele>
        <time>2025-10-05T06:59:55.000Z</time>
        <extensions>
          <ns3:TrackPointExtension>
            <ns3:hr>85</ns3:hr>
            <ns3:cad>54</ns3:cad>
          </ns3:TrackPointExtension>
        </extensions>
      </trkpt>
      <trkpt lat="42.462142445147037506103515625" lon="-5.9379797615110874176025390625">
        <ele>863.5999755859375</ele>
        <time>2025-10-05T07:00:04.000Z</time>
        <extensions>
          <ns3:TrackPointExtension>
            <ns3:hr>86</ns3:hr>
            <ns3:cad>56</ns3:cad>
          </ns3:TrackPointExtension>
        </extensions>
      </trkpt>
      <trkpt lat="42.46221520006656646728515625" lon="-5.93806835822761058807373046875">
        <ele>864</ele>
        <time>2025-10-05T07:00:12.000Z</time>
        <extensions>
          <ns3:TrackPointExtension>
            <ns3:hr>87</ns3:hr>
            <ns3:cad>56</ns3:cad>
          </ns3:TrackPointExtension>
        </extensions>
      </trkpt>
      <trkpt lat="42.46222400106489658355712890625" lon="-5.93808093108236789703369140625">
        <ele>864</ele>
        <time>2025-10-05T07:00:13.000Z</time>
        <extensions>
          <ns3:TrackPointExtension>
            <ns3:hr>88</ns3:hr>
            <ns3:cad>56</ns3:cad>
          </ns3:TrackPointExtension>
        </extensions>
      </trkpt>
      <trkpt lat="42.46231402270495891571044921875" lon="-5.9382007084786891937255859375">
        <ele>864</ele>
        <time>2025-10-05T07:00:24.000Z</time>
        <extensions>
          <ns3:TrackPointExtension>
            <ns3:hr>89</ns3:hr>
            <ns3:cad>55</ns3:cad>
          </ns3:TrackPointExtension>
        </extensions>
      </trkpt>
      <trkpt lat="42.462388537824153900146484375" lon="-5.9383046440780162811279296875">
        <ele>864.20001220703125</ele>
        <time>2025-10-05T07:00:32.000Z</time>
        <extensions>
          <ns3:TrackPointExtension>
            <ns3:hr>86</ns3:hr>
            <ns3:cad>56</ns3:cad>
          </ns3:TrackPointExtension>
        </extensions>
      </trkpt>
      <trkpt lat="42.4623970873653888702392578125" lon="-5.93831277452409267425537109375">
        <ele>864.4000244140625</ele>
        <time>2025-10-05T07:00:33.000Z</time>
        <extensions>
          <ns3:TrackPointExtension>
            <ns3:hr>86</ns3:hr>
            <ns3:cad>56</ns3:cad>
          </ns3:TrackPointExtension>
        </extensions>
      </trkpt>
      <trkpt lat="42.46249440126121044158935546875" lon="-5.938434898853302001953125">
        <ele>864.79998779296875</ele>
        <time>2025-10-05T07:00:44.000Z</time>
        <extensions>
          <ns3:TrackPointExtension>
            <ns3:hr>84</ns3:hr>
            <ns3:cad>57</ns3:cad>
          </ns3:TrackPointExtension>
        </extensions>
      </trkpt>
      <trkpt lat="42.46258660219609737396240234375" lon="-5.93853003345429897308349609375">
        <ele>865</ele>
        <time>2025-10-05T07:00:54.000Z</time>
        <extensions>
          <ns3:TrackPointExtension>
            <ns3:hr>85</ns3:hr>
            <ns3:cad>56</ns3:cad>
          </ns3:TrackPointExtension>
        </extensions>
      </trkpt>
      <trkpt lat="42.46259699575603008270263671875" lon="-5.93854260630905628204345703125">
        <ele>865</ele>
        <time>2025-10-05T07:00:55.000Z</time>
        <extensions>
          <ns3:TrackPointExtension>
            <ns3:hr>85</ns3:hr>
            <ns3:cad>56</ns3:cad>
          </ns3:TrackPointExtension>
        </extensions>
      </trkpt>
      <trkpt lat="42.46263630688190460205078125" lon="-5.938588790595531463623046875">
        <ele>865.20001220703125</ele>
        <time>2025-10-05T07:00:59.000Z</time>
        <extensions>
          <ns3:TrackPointExtension>
            <ns3:hr>89</ns3:hr>
            <ns3:cad>55</ns3:cad>
          </ns3:TrackPointExtension>
        </extensions>
      </trkpt>
      <trkpt lat="42.46264703571796417236328125" lon="-5.9385973401367664337158203125">
        <ele>865.20001220703125</ele>
        <time>2025-10-05T07:01:00.000Z</time>
        <extensions>
          <ns3:TrackPointExtension>
            <ns3:hr>93</ns3:hr>
            <ns3:cad>55</ns3:cad>
          </ns3:TrackPointExtension>
        </extensions>
      </trkpt>
      <trkpt lat="42.462656758725643157958984375" lon="-5.93860614113509654998779296875">
        <ele>865.20001220703125</ele>
        <time>2025-10-05T07:01:01.000Z</time>
        <extensions>
          <ns3:TrackPointExtension>
            <ns3:hr>96</ns3:hr>
            <ns3:cad>55</ns3:cad>
          </ns3:TrackPointExtension>
        </extensions>
      </trkpt>
      <trkpt lat="42.4627162702381610870361328125" lon="-5.93866196461021900177001953125">
        <ele>865.5999755859375</ele>
        <time>2025-10-05T07:01:07.000Z</time>
        <extensions>
          <ns3:TrackPointExtension>
            <ns3:hr>98</ns3:hr>
            <ns3:cad>55</ns3:cad>
          </ns3:TrackPointExtension>
        </extensions>
      </trkpt>
      <trkpt lat="42.46279145590960979461669921875" lon="-5.9387351386249065399169921875">
        <ele>866</ele>
        <time>2025-10-05T07:01:14.000Z</time>
        <extensions>
          <ns3:TrackPointExtension>
            <ns3:hr>98</ns3:hr>
            <ns3:cad>55</ns3:cad>
          </ns3:TrackPointExtension>
        </extensions>
      </trkpt>
      <trkpt lat="42.46281811036169528961181640625" lon="-5.9387648105621337890625">
        <ele>866.20001220703125</ele>
        <time>2025-10-05T07:01:17.000Z</time>
        <extensions>
          <ns3:TrackPointExtension>
            <ns3:hr>98</ns3:hr>
            <ns3:cad>55</ns3:cad>
          </ns3:TrackPointExtension>
        </extensions>
      </trkpt>
      <trkpt lat="42.4629060365259647369384765625" lon="-5.938843600451946258544921875">
        <ele>867</ele>
        <time>2025-10-05T07:01:26.000Z</time>
        <extensions>
          <ns3:TrackPointExtension>
            <ns3:hr>99</ns3:hr>
            <ns3:cad>55</ns3:cad>
          </ns3:TrackPointExtension>
        </extensions>
      </trkpt>
      <trkpt lat="42.46291466988623142242431640625" lon="-5.93885407783091068267822265625">
        <ele>867</ele>
        <time>2025-10-05T07:01:27.000Z</time>
        <extensions>
          <ns3:TrackPointExtension>
            <ns3:hr>99</ns3:hr>
            <ns3:cad>55</ns3:cad>
          </ns3:TrackPointExtension>
        </extensions>
      </trkpt>
      <trkpt lat="42.4629963934421539306640625" lon="-5.93893471173942089080810546875">
        <ele>867.79998779296875</ele>
        <time>2025-10-05T07:01:36.000Z</time>
        <extensions>
          <ns3:TrackPointExtension>
            <ns3:hr>100</ns3:hr>
            <ns3:cad>53</ns3:cad>
          </ns3:TrackPointExtension>
        </extensions>
      </trkpt>
      <trkpt lat="42.46301583945751190185546875" lon="-5.93895466066896915435791015625">
        <ele>868</ele>
        <time>2025-10-05T07:01:38.000Z</time>
        <extensions>
          <ns3:TrackPointExtension>
            <ns3:hr>101</ns3:hr>
            <ns3:cad>103</ns3:cad>
          </ns3:TrackPointExtension>
        </extensions>
      </trkpt>
      <trkpt lat="42.46309421025216579437255859375" lon="-5.93902171589434146881103515625">
        <ele>868.79998779296875</ele>
        <time>2025-10-05T07:01:46.000Z</time>
        <extensions>
          <ns3:TrackPointExtension>
            <ns3:hr>102</ns3:hr>
            <ns3:cad>52</ns3:cad>
          </ns3:TrackPointExtension>
        </extensions>
      </trkpt>
      <trkpt lat="42.46311415918171405792236328125" lon="-5.93903194181621074676513671875">
        <ele>869</ele>
        <time>2025-10-05T07:01:48.000Z</time>
        <extensions>
          <ns3:TrackPointExtension>
            <ns3:hr>103</ns3:hr>
            <ns3:cad>52</ns3:cad>
          </ns3:TrackPointExtension>
        </extensions>
      </trkpt>
      <trkpt lat="42.46317543089389801025390625" lon="-5.9390841610729694366455078125">
        <ele>869.79998779296875</ele>
        <time>2025-10-05T07:01:54.000Z</time>
        <extensions>
          <ns3:TrackPointExtension>
            <ns3:hr>103</ns3:hr>
            <ns3:cad>53</ns3:cad>
          </ns3:TrackPointExtension>
        </extensions>
      </trkpt>
      <trkpt lat="42.46320568956434726715087890625" lon="-5.93911307863891124725341796875">
        <ele>870.20001220703125</ele>
        <time>2025-10-05T07:01:57.000Z</time>
        <extensions>
          <ns3:TrackPointExtension>
            <ns3:hr>103</ns3:hr>
            <ns3:cad>54</ns3:cad>
          </ns3:TrackPointExtension>
        </extensions>
      </trkpt>
      <trkpt lat="42.46325396932661533355712890625" lon="-5.93915171921253204345703125">
        <ele>870.5999755859375</ele>
        <time>2025-10-05T07:02:02.000Z</time>
        <extensions>
          <ns3:TrackPointExtension>
            <ns3:hr>104</ns3:hr>
            <ns3:cad>54</ns3:cad>
          </ns3:TrackPointExtension>
        </extensions>
      </trkpt>
      <trkpt lat="42.46330191381275653839111328125" lon="-5.939184240996837615966796875">
        <ele>871.20001220703125</ele>
        <time>2025-10-05T07:02:07.000Z</time>
        <extensions>
          <ns3:TrackPointExtension>
            <ns3:hr>104</ns3:hr>
            <ns3:cad>51</ns3:cad>
          </ns3:TrackPointExtension>
        </extensions>
      </trkpt>
      <trkpt lat="42.4633278138935565948486328125" lon="-5.93921005725860595703125">
        <ele>871.4000244140625</ele>
        <time>2025-10-05T07:02:10.000Z</time>
        <extensions>
          <ns3:TrackPointExtension>
            <ns3:hr>103</ns3:hr>
            <ns3:cad>52</ns3:cad>
          </ns3:TrackPointExtension>
        </extensions>
      </trkpt>
      <trkpt lat="42.463393025100231170654296875" lon="-5.93927434645593166351318359375">
        <ele>872.20001220703125</ele>
        <time>2025-10-05T07:02:17.000Z</time>
        <extensions>
          <ns3:TrackPointExtension>
            <ns3:hr>102</ns3:hr>
            <ns3:cad>51</ns3:cad>
          </ns3:TrackPointExtension>
        </extensions>
      </trkpt>
      <trkpt lat="42.463400065898895263671875" lon="-5.93928515911102294921875">
        <ele>872.4000244140625</ele>
        <time>2025-10-05T07:02:18.000Z</time>
        <extensions>
          <ns3:TrackPointExtension>
            <ns3:hr>101</ns3:hr>
            <ns3:cad>51</ns3:cad>
          </ns3:TrackPointExtension>
        </extensions>
      </trkpt>
      <trkpt lat="42.463471479713916778564453125" lon="-5.93935615383088588714599609375">
        <ele>872.79998779296875</ele>
        <time>2025-10-05T07:02:26.000Z</time>
        <extensions>
          <ns3:TrackPointExtension>
            <ns3:hr>102</ns3:hr>
            <ns3:cad>53</ns3:cad>
          </ns3:TrackPointExtension>
        </extensions>
      </trkpt>
      <trkpt lat="42.463550269603729248046875" lon="-5.9394395537674427032470703125">
        <ele>873.20001220703125</ele>
        <time>2025-10-05T07:02:34.000Z</time>
        <extensions>
          <ns3:TrackPointExtension>
            <ns3:hr>102</ns3:hr>
            <ns3:cad>51</ns3:cad>
          </ns3:TrackPointExtension>
        </extensions>
      </trkpt>
      <trkpt lat="42.463614977896213531494140625" lon="-5.939530916512012481689453125">
        <ele>873.5999755859375</ele>
        <time>2025-10-05T07:02:42.000Z</time>
        <extensions>
          <ns3:TrackPointExtension>
            <ns3:hr>101</ns3:hr>
            <ns3:cad>54</ns3:cad>
          </ns3:TrackPointExtension>
        </extensions>
      </trkpt>
      <trkpt lat="42.463704161345958709716796875" lon="-5.93965354375541210174560546875">
        <ele>873.4000244140625</ele>
        <time>2025-10-05T07:02:53.000Z</time>
        <extensions>
          <ns3:TrackPointExtension>
            <ns3:hr>98</ns3:hr>
            <ns3:cad>54</ns3:cad>
          </ns3:TrackPointExtension>
        </extensions>
      </trkpt>
      <trkpt lat="42.46371312998235225677490234375" lon="-5.93966561369597911834716796875">
        <ele>873.4000244140625</ele>
        <time>2025-10-05T07:02:54.000Z</time>
        <extensions>
          <ns3:TrackPointExtension>
            <ns3:hr>97</ns3:hr>
            <ns3:cad>54</ns3:cad>
          </ns3:TrackPointExtension>
        </extensions>
      </trkpt>
      <trkpt lat="42.46377088129520416259765625" lon="-5.9397510252892971038818359375">
        <ele>873.20001220703125</ele>
        <time>2025-10-05T07:03:01.000Z</time>
        <extensions>
          <ns3:TrackPointExtension>
            <ns3:hr>94</ns3:hr>
            <ns3:cad>56</ns3:cad>
          </ns3:TrackPointExtension>
        </extensions>
      </trkpt>
      <trkpt lat="42.46379099786281585693359375" lon="-5.939783044159412384033203125">
        <ele>873.20001220703125</ele>
        <time>2025-10-05T07:03:04.000Z</time>
        <extensions>
          <ns3:TrackPointExtension>
            <ns3:hr>94</ns3:hr>
            <ns3:cad>56</ns3:cad>
          </ns3:TrackPointExtension>
        </extensions>
      </trkpt>
      <trkpt lat="42.4638796783983707427978515625" lon="-5.93992696143686771392822265625">
        <ele>872.5999755859375</ele>
        <time>2025-10-05T07:03:15.000Z</time>
        <extensions>
          <ns3:TrackPointExtension>
            <ns3:hr>91</ns3:hr>
            <ns3:cad>55</ns3:cad>
          </ns3:TrackPointExtension>
        </extensions>
      </trkpt>
      <trkpt lat="42.46396006084978580474853515625" lon="-5.94004749320447444915771484375">
        <ele>872.20001220703125</ele>
        <time>2025-10-05T07:03:25.000Z</time>
        <extensions>
          <ns3:TrackPointExtension>
            <ns3:hr>89</ns3:hr>
            <ns3:cad>57</ns3:cad>
          </ns3:TrackPointExtension>
        </extensions>
      </trkpt>
      <trkpt lat="42.463963665068149566650390625" lon="-5.94005688093602657318115234375">
        <ele>872.20001220703125</ele>
        <time>2025-10-05T07:03:26.000Z</time>
        <extensions>
          <ns3:TrackPointExtension>
            <ns3:hr>89</ns3:hr>
            <ns3:cad>55</ns3:cad>
          </ns3:TrackPointExtension>
        </extensions>
      </trkpt>
      <trkpt lat="42.46402527205646038055419921875" lon="-5.94016551040112972259521484375">
        <ele>872</ele>
        <time>2025-10-05T07:03:34.000Z</time>
        <extensions>
          <ns3:TrackPointExtension>
            <ns3:hr>88</ns3:hr>
            <ns3:cad>55</ns3:cad>
          </ns3:TrackPointExtension>
        </extensions>
      </trkpt>
      <trkpt lat="42.46405544690787792205810546875" lon="-5.94023273326456546783447265625">
        <ele>871.79998779296875</ele>
        <time>2025-10-05T07:03:39.000Z</time>
        <extensions>
          <ns3:TrackPointExtension>
            <ns3:hr>85</ns3:hr>
            <ns3:cad>57</ns3:cad>
          </ns3:TrackPointExtension>
        </extensions>
      </trkpt>
      <trkpt lat="42.46409676969051361083984375" lon="-5.9403183124959468841552734375">
        <ele>871.79998779296875</ele>
        <time>2025-10-05T07:03:45.000Z</time>
        <extensions>
          <ns3:TrackPointExtension>
            <ns3:hr>85</ns3:hr>
            <ns3:cad>56</ns3:cad>
          </ns3:TrackPointExtension>
        </extensions>
      </trkpt>
      <trkpt lat="42.46416105888783931732177734375" lon="-5.940450243651866912841796875">
        <ele>871.79998779296875</ele>
        <time>2025-10-05T07:03:55.000Z</time>
        <extensions>
          <ns3:TrackPointExtension>
            <ns3:hr>85</ns3:hr>
            <ns3:cad>0</ns3:cad>
          </ns3:TrackPointExtension>
        </extensions>
      </trkpt>
      <trkpt lat="42.46421017684042453765869140625" lon="-5.94058242626488208770751953125">
        <ele>872</ele>
        <time>2025-10-05T07:04:04.000Z</time>
        <extensions>
          <ns3:TrackPointExtension>
            <ns3:hr>82</ns3:hr>
            <ns3:cad>56</ns3:cad>
          </ns3:TrackPointExtension>
        </extensions>
      </trkpt>
      <trkpt lat="42.46422350406646728515625" lon="-5.9406093321740627288818359375">
        <ele>872</ele>
        <time>2025-10-05T07:04:06.000Z</time>
        <extensions>
          <ns3:TrackPointExtension>
            <ns3:hr>82</ns3:hr>
            <ns3:cad>56</ns3:cad>
          </ns3:TrackPointExtension>
        </extensions>
      </trkpt>
      <trkpt lat="42.46428142301738262176513671875" lon="-5.940743274986743927001953125">
        <ele>872.4000244140625</ele>
        <time>2025-10-05T07:04:15.000Z</time>
        <extensions>
          <ns3:TrackPointExtension>
            <ns3:hr>81</ns3:hr>
            <ns3:cad>56</ns3:cad>
          </ns3:TrackPointExtension>
        </extensions>
      </trkpt>
      <trkpt lat="42.46433573774993419647216796875" lon="-5.9408805705606937408447265625">
        <ele>872.4000244140625</ele>
        <time>2025-10-05T07:04:25.000Z</time>
        <extensions>
          <ns3:TrackPointExtension>
            <ns3:hr>82</ns3:hr>
            <ns3:cad>56</ns3:cad>
          </ns3:TrackPointExtension>
        </extensions>
      </trkpt>
      <trkpt lat="42.4643996916711330413818359375" lon="-5.941036976873874664306640625">
        <ele>872.79998779296875</ele>
        <time>2025-10-05T07:04:36.000Z</time>
        <extensions>
          <ns3:TrackPointExtension>
            <ns3:hr>83</ns3:hr>
            <ns3:cad>56</ns3:cad>
          </ns3:TrackPointExtension>
        </extensions>
      </trkpt>
      <trkpt lat="42.464464567601680755615234375" lon="-5.94122640788555145263671875">
        <ele>873</ele>
        <time>2025-10-05T07:04:48.000Z</time>
        <extensions>
          <ns3:TrackPointExtension>
            <ns3:hr>83</ns3:hr>
            <ns3:cad>56</ns3:cad>
          </ns3:TrackPointExtension>
        </extensions>
      </trkpt>
      <trkpt lat="42.4644865281879901885986328125" lon="-5.941334031522274017333984375">
        <ele>873</ele>
        <time>2025-10-05T07:04:55.000Z</time>
        <extensions>
          <ns3:TrackPointExtension>
            <ns3:hr>86</ns3:hr>
            <ns3:cad>57</ns3:cad>
          </ns3:TrackPointExtension>
        </extensions>
      </trkpt>
      <trkpt lat="42.46449398808181285858154296875" lon="-5.9413958899676799774169921875">
        <ele>873.20001220703125</ele>
        <time>2025-10-05T07:04:59.000Z</time>
        <extensions>
          <ns3:TrackPointExtension>
            <ns3:hr>87</ns3:hr>
            <ns3:cad>56</ns3:cad>
          </ns3:TrackPointExtension>
        </extensions>
      </trkpt>
      <trkpt lat="42.4644962511956691741943359375" lon="-5.94142816029489040374755859375">
        <ele>873.20001220703125</ele>
        <time>2025-10-05T07:05:01.000Z</time>
        <extensions>
          <ns3:TrackPointExtension>
            <ns3:hr>87</ns3:hr>
            <ns3:cad>56</ns3:cad>
          </ns3:TrackPointExtension>
        </extensions>
      </trkpt>
      <trkpt lat="42.464506141841411590576171875" lon="-5.94153008423745632171630859375">
        <ele>873.20001220703125</ele>
        <time>2025-10-05T07:05:07.000Z</time>
        <extensions>
          <ns3:TrackPointExtension>
            <ns3:hr>88</ns3:hr>
            <ns3:cad>56</ns3:cad>
          </ns3:TrackPointExtension>
        </extensions>
      </trkpt>
      <trkpt lat="42.46454226784408092498779296875" lon="-5.9416875801980495452880859375">
        <ele>873.5999755859375</ele>
        <time>2025-10-05T07:05:17.000Z</time>
        <extensions>
          <ns3:TrackPointExtension>
            <ns3:hr>86</ns3:hr>
            <ns3:cad>57</ns3:cad>
          </ns3:TrackPointExtension>
        </extensions>
      </trkpt>
      <trkpt lat="42.46459172107279300689697265625" lon="-5.94183183275163173675537109375">
        <ele>873.5999755859375</ele>
        <time>2025-10-05T07:05:26.000Z</time>
        <extensions>
          <ns3:TrackPointExtension>
            <ns3:hr>86</ns3:hr>
            <ns3:cad>57</ns3:cad>
          </ns3:TrackPointExtension>
        </extensions>
      </trkpt>
      <trkpt lat="42.464677132666110992431640625" lon="-5.94202034175395965576171875">
        <ele>873.79998779296875</ele>
        <time>2025-10-05T07:05:39.000Z</time>
        <extensions>
          <ns3:TrackPointExtension>
            <ns3:hr>85</ns3:hr>
            <ns3:cad>57</ns3:cad>
          </ns3:TrackPointExtension>
        </extensions>
      </trkpt>
      <trkpt lat="42.464740164577960968017578125" lon="-5.94213567674160003662109375">
        <ele>873.79998779296875</ele>
        <time>2025-10-05T07:05:48.000Z</time>
        <extensions>
          <ns3:TrackPointExtension>
            <ns3:hr>84</ns3:hr>
            <ns3:cad>56</ns3:cad>
          </ns3:TrackPointExtension>
        </extensions>
      </trkpt>
      <trkpt lat="42.464797496795654296875" lon="-5.942243970930576324462890625">
        <ele>874</ele>
        <time>2025-10-05T07:05:56.000Z</time>
        <extensions>
          <ns3:TrackPointExtension>
            <ns3:hr>86</ns3:hr>
            <ns3:cad>57</ns3:cad>
          </ns3:TrackPointExtension>
        </extensions>
      </trkpt>
      <trkpt lat="42.46483513154089450836181640625" lon="-5.94230758957564830780029296875">
        <ele>874.20001220703125</ele>
        <time>2025-10-05T07:06:01.000Z</time>
        <extensions>
          <ns3:TrackPointExtension>
            <ns3:hr>86</ns3:hr>
            <ns3:cad>56</ns3:cad>
          </ns3:TrackPointExtension>
        </extensions>
      </trkpt>
      <trkpt lat="42.4648663960397243499755859375" lon="-5.94235788099467754364013671875">
        <ele>874.4000244140625</ele>
        <time>2025-10-05T07:06:05.000Z</time>
        <extensions>
          <ns3:TrackPointExtension>
            <ns3:hr>87</ns3:hr>
            <ns3:cad>56</ns3:cad>
          </ns3:TrackPointExtension>
        </extensions>
      </trkpt>
      <trkpt lat="42.46492699719965457916259765625" lon="-5.94245997257530689239501953125">
        <ele>874.79998779296875</ele>
        <time>2025-10-05T07:06:14.000Z</time>
        <extensions>
          <ns3:TrackPointExtension>
            <ns3:hr>87</ns3:hr>
            <ns3:cad>53</ns3:cad>
          </ns3:TrackPointExtension>
        </extensions>
      </trkpt>
      <trkpt lat="42.4649968184530735015869140625" lon="-5.9425556100904941558837890625">
        <ele>875.20001220703125</ele>
        <time>2025-10-05T07:06:23.000Z</time>
        <extensions>
          <ns3:TrackPointExtension>
            <ns3:hr>86</ns3:hr>
            <ns3:cad>55</ns3:cad>
          </ns3:TrackPointExtension>
        </extensions>
      </trkpt>
      <trkpt lat="42.46501081623136997222900390625" lon="-5.94258536584675312042236328125">
        <ele>875.4000244140625</ele>
        <time>2025-10-05T07:06:25.000Z</time>
        <extensions>
          <ns3:TrackPointExtension>
            <ns3:hr>86</ns3:hr>
            <ns3:cad>55</ns3:cad>
          </ns3:TrackPointExtension>
        </extensions>
      </trkpt>
      <trkpt lat="42.46506236493587493896484375" lon="-5.942676477134227752685546875">
        <ele>875.4000244140625</ele>
        <time>2025-10-05T07:06:32.000Z</time>
        <extensions>
          <ns3:TrackPointExtension>
            <ns3:hr>89</ns3:hr>
            <ns3:cad>55</ns3:cad>
          </ns3:TrackPointExtension>
        </extensions>
      </trkpt>
      <trkpt lat="42.4650719203054904937744140625" lon="-5.94268846325576305389404296875">
        <ele>875.5999755859375</ele>
        <time>2025-10-05T07:06:33.000Z</time>
        <extensions>
          <ns3:TrackPointExtension>
            <ns3:hr>89</ns3:hr>
            <ns3:cad>54</ns3:cad>
          </ns3:TrackPointExtension>
        </extensions>
      </trkpt>
      <trkpt lat="42.46515087783336639404296875" lon="-5.94280757009983062744140625">
        <ele>876.20001220703125</ele>
        <time>2025-10-05T07:06:44.000Z</time>
        <extensions>
          <ns3:TrackPointExtension>
            <ns3:hr>91</ns3:hr>
            <ns3:cad>53</ns3:cad>
          </ns3:TrackPointExtension>
        </extensions>
      </trkpt>
      <trkpt lat="42.46518482454121112823486328125" lon="-5.942860208451747894287109375">
        <ele>876.4000244140625</ele>
        <time>2025-10-05T07:06:49.000Z</time>
        <extensions>
          <ns3:TrackPointExtension>
            <ns3:hr>91</ns3:hr>
            <ns3:cad>53</ns3:cad>
          </ns3:TrackPointExtension>
        </extensions>
      </trkpt>
      <trkpt lat="42.4652274884283542633056640625" lon="-5.94293296337127685546875">
        <ele>876.5999755859375</ele>
        <time>2025-10-05T07:06:55.000Z</time>
        <extensions>
          <ns3:TrackPointExtension>
            <ns3:hr>92</ns3:hr>
            <ns3:cad>52</ns3:cad>
          </ns3:TrackPointExtension>
        </extensions>
      </trkpt>
      <trkpt lat="42.46530518867075443267822265625" lon="-5.94301284290850162506103515625">
        <ele>877</ele>
        <time>2025-10-05T07:07:05.000Z</time>
        <extensions>
          <ns3:TrackPointExtension>
            <ns3:hr>90</ns3:hr>
            <ns3:cad>51</ns3:cad>
          </ns3:TrackPointExtension>
        </extensions>
      </trkpt>
      <trkpt lat="42.46535598300397396087646484375" lon="-5.94313421286642551422119140625">
        <ele>877</ele>
        <time>2025-10-05T07:07:14.000Z</time>
        <extensions>
          <ns3:TrackPointExtension>
            <ns3:hr>91</ns3:hr>
            <ns3:cad>51</ns3:cad>
          </ns3:TrackPointExtension>
        </extensions>
      </trkpt>
      <trkpt lat="42.46539705432951450347900390625" lon="-5.94326178543269634246826171875">
        <ele>876.79998779296875</ele>
        <time>2025-10-05T07:07:24.000Z</time>
        <extensions>
          <ns3:TrackPointExtension>
            <ns3:hr>91</ns3:hr>
            <ns3:cad>53</ns3:cad>
          </ns3:TrackPointExtension>
        </extensions>
      </trkpt>
      <trkpt lat="42.46542303822934627532958984375" lon="-5.943364799022674560546875">
        <ele>876.5999755859375</ele>
        <time>2025-10-05T07:07:31.000Z</time>
        <extensions>
          <ns3:TrackPointExtension>
            <ns3:hr>91</ns3:hr>
            <ns3:cad>53</ns3:cad>
          </ns3:TrackPointExtension>
        </extensions>
      </trkpt>
      <trkpt lat="42.4654720723628997802734375" lon="-5.94349547289311885833740234375">
        <ele>876</ele>
        <time>2025-10-05T07:07:41.000Z</time>
        <extensions>
          <ns3:TrackPointExtension>
            <ns3:hr>90</ns3:hr>
            <ns3:cad>55</ns3:cad>
          </ns3:TrackPointExtension>
        </extensions>
      </trkpt>
      <trkpt lat="42.46551440097391605377197265625" lon="-5.943638719618320465087890625">
        <ele>875.4000244140625</ele>
        <time>2025-10-05T07:07:50.000Z</time>
        <extensions>
          <ns3:TrackPointExtension>
            <ns3:hr>89</ns3:hr>
            <ns3:cad>57</ns3:cad>
          </ns3:TrackPointExtension>
        </extensions>
      </trkpt>
      <trkpt lat="42.4655399657785892486572265625" lon="-5.94371742568910121917724609375">
        <ele>875.20001220703125</ele>
        <time>2025-10-05T07:07:55.000Z</time>
        <extensions>
          <ns3:TrackPointExtension>
            <ns3:hr>89</ns3:hr>
            <ns3:cad>56</ns3:cad>
          </ns3:TrackPointExtension>
        </extensions>
      </trkpt>
      <trkpt lat="42.4655718170106410980224609375" lon="-5.94382236711680889129638671875">
        <ele>874.79998779296875</ele>
        <time>2025-10-05T07:08:02.000Z</time>
        <extensions>
          <ns3:TrackPointExtension>
            <ns3:hr>88</ns3:hr>
            <ns3:cad>57</ns3:cad>
          </ns3:TrackPointExtension>
        </extensions>
      </trkpt>
      <trkpt lat="42.465616576373577117919921875" lon="-5.9439696371555328369140625">
        <ele>874.20001220703125</ele>
        <time>2025-10-05T07:08:12.000Z</time>
        <extensions>
          <ns3:TrackPointExtension>
            <ns3:hr>85</ns3:hr>
            <ns3:cad>57</ns3:cad>
          </ns3:TrackPointExtension>
        </extensions>
      </trkpt>
      <trkpt lat="42.46568069793283939361572265625" lon="-5.94416116364300251007080078125">
        <ele>873.5999755859375</ele>
        <time>2025-10-05T07:08:24.000Z</time>
        <extensions>
          <ns3:TrackPointExtension>
            <ns3:hr>86</ns3:hr>
            <ns3:cad>58</ns3:cad>
          </ns3:TrackPointExtension>
        </extensions>
      </trkpt>
      <trkpt lat="42.4657183326780796051025390625" lon="-5.9442682005465030670166015625">
        <ele>873</ele>
        <time>2025-10-05T07:08:32.000Z</time>
        <extensions>
          <ns3:TrackPointExtension>
            <ns3:hr>88</ns3:hr>
            <ns3:cad>57</ns3:cad>
          </ns3:TrackPointExtension>
        </extensions>
      </trkpt>
      <trkpt lat="42.4657384492456912994384765625" lon="-5.944327376782894134521484375">
        <ele>872.79998779296875</ele>
        <time>2025-10-05T07:08:36.000Z</time>
        <extensions>
          <ns3:TrackPointExtension>
            <ns3:hr>89</ns3:hr>
            <ns3:cad>58</ns3:cad>
          </ns3:TrackPointExtension>
        </extensions>
      </trkpt>
      <trkpt lat="42.4657662771642208099365234375" lon="-5.9444529376924037933349609375">
        <ele>872.20001220703125</ele>
        <time>2025-10-05T07:08:44.000Z</time>
        <extensions>
          <ns3:TrackPointExtension>
            <ns3:hr>89</ns3:hr>
            <ns3:cad>57</ns3:cad>
          </ns3:TrackPointExtension>
        </extensions>
      </trkpt>
      <trkpt lat="42.46578731574118137359619140625" lon="-5.944521836936473846435546875">
        <ele>872</ele>
        <time>2025-10-05T07:08:48.000Z</time>
        <extensions>
          <ns3:TrackPointExtension>
            <ns3:hr>88</ns3:hr>
            <ns3:cad>57</ns3:cad>
          </ns3:TrackPointExtension>
        </extensions>
      </trkpt>
      <trkpt lat="42.465805672109127044677734375" lon="-5.9446004591882228851318359375">
        <ele>871.79998779296875</ele>
        <time>2025-10-05T07:08:53.000Z</time>
        <extensions>
          <ns3:TrackPointExtension>
            <ns3:hr>88</ns3:hr>
            <ns3:cad>57</ns3:cad>
          </ns3:TrackPointExtension>
        </extensions>
      </trkpt>
      <trkpt lat="42.465835846960544586181640625" lon="-5.94473415054380893707275390625">
        <ele>871.4000244140625</ele>
        <time>2025-10-05T07:09:01.000Z</time>
        <extensions>
          <ns3:TrackPointExtension>
            <ns3:hr>89</ns3:hr>
            <ns3:cad>57</ns3:cad>
          </ns3:TrackPointExtension>
        </extensions>
      </trkpt>
      <trkpt lat="42.4658477492630481719970703125" lon="-5.9447962604463100433349609375">
        <ele>871</ele>
        <time>2025-10-05T07:09:05.000Z</time>
        <extensions>
          <ns3:TrackPointExtension>
            <ns3:hr>89</ns3:hr>
            <ns3:cad>58</ns3:cad>
          </ns3:TrackPointExtension>
        </extensions>
      </trkpt>
      <trkpt lat="42.46586241759359836578369140625" lon="-5.9449079073965549468994140625">
        <ele>870.5999755859375</ele>
        <time>2025-10-05T07:09:12.000Z</time>
        <extensions>
          <ns3:TrackPointExtension>
            <ns3:hr>88</ns3:hr>
            <ns3:cad>58</ns3:cad>
          </ns3:TrackPointExtension>
        </extensions>
      </trkpt>
      <trkpt lat="42.46588940732181072235107421875" lon="-5.94507998786866664886474609375">
        <ele>870.20001220703125</ele>
        <time>2025-10-05T07:09:22.000Z</time>
        <extensions>
          <ns3:TrackPointExtension>
            <ns3:hr>87</ns3:hr>
            <ns3:cad>57</ns3:cad>
          </ns3:TrackPointExtension>
        </extensions>
      </trkpt>
      <trkpt lat="42.46590617112815380096435546875" lon="-5.945199094712734222412109375">
        <ele>870</ele>
        <time>2025-10-05T07:09:30.000Z</time>
        <extensions>
          <ns3:TrackPointExtension>
            <ns3:hr>86</ns3:hr>
            <ns3:cad>56</ns3:cad>
          </ns3:TrackPointExtension>
        </extensions>
      </trkpt>
      <trkpt lat="42.46591798961162567138671875" lon="-5.94532641582190990447998046875">
        <ele>869</ele>
        <time>2025-10-05T07:09:39.000Z</time>
        <extensions>
          <ns3:TrackPointExtension>
            <ns3:hr>85</ns3:hr>
            <ns3:cad>56</ns3:cad>
          </ns3:TrackPointExtension>
        </extensions>
      </trkpt>
      <trkpt lat="42.46592067182064056396484375" lon="-5.94534493982791900634765625">
        <ele>869</ele>
        <time>2025-10-05T07:09:40.000Z</time>
        <extensions>
          <ns3:TrackPointExtension>
            <ns3:hr>84</ns3:hr>
            <ns3:cad>56</ns3:cad>
          </ns3:TrackPointExtension>
        </extensions>
      </trkpt>
      <trkpt lat="42.46592477895319461822509765625" lon="-5.94546756707131862640380859375">
        <ele>868.5999755859375</ele>
        <time>2025-10-05T07:09:47.000Z</time>
        <extensions>
          <ns3:TrackPointExtension>
            <ns3:hr>83</ns3:hr>
            <ns3:cad>57</ns3:cad>
          </ns3:TrackPointExtension>
        </extensions>
      </trkpt>
      <trkpt lat="42.46593014337122440338134765625" lon="-5.94565213657915592193603515625">
        <ele>867.79998779296875</ele>
        <time>2025-10-05T07:09:58.000Z</time>
        <extensions>
          <ns3:TrackPointExtension>
            <ns3:hr>82</ns3:hr>
            <ns3:cad>58</ns3:cad>
          </ns3:TrackPointExtension>
        </extensions>
      </trkpt>
      <trkpt lat="42.46591924689710140228271484375" lon="-5.94586051069200038909912109375">
        <ele>867.20001220703125</ele>
        <time>2025-10-05T07:10:10.000Z</time>
        <extensions>
          <ns3:TrackPointExtension>
            <ns3:hr>82</ns3:hr>
            <ns3:cad>58</ns3:cad>
          </ns3:TrackPointExtension>
        </extensions>
      </trkpt>
      <trkpt lat="42.46591321192681789398193359375" lon="-5.9459237940609455108642578125">
        <ele>866.79998779296875</ele>
        <time>2025-10-05T07:10:14.000Z</time>
        <extensions>
          <ns3:TrackPointExtension>
            <ns3:hr>83</ns3:hr>
            <ns3:cad>59</ns3:cad>
          </ns3:TrackPointExtension>
        </extensions>
      </trkpt>
      <trkpt lat="42.46590047143399715423583984375" lon="-5.946026556193828582763671875">
        <ele>866.4000244140625</ele>
        <time>2025-10-05T07:10:20.000Z</time>
        <extensions>
          <ns3:TrackPointExtension>
            <ns3:hr>83</ns3:hr>
            <ns3:cad>58</ns3:cad>
          </ns3:TrackPointExtension>
        </extensions>
      </trkpt>
      <trkpt lat="42.46587574481964111328125" lon="-5.94618857838213443756103515625">
        <ele>865.79998779296875</ele>
        <time>2025-10-05T07:10:29.000Z</time>
        <extensions>
          <ns3:TrackPointExtension>
            <ns3:hr>82</ns3:hr>
            <ns3:cad>58</ns3:cad>
          </ns3:TrackPointExtension>
        </extensions>
      </trkpt>
      <trkpt lat="42.4658682011067867279052734375" lon="-5.94621590338647365570068359375">
        <ele>865.79998779296875</ele>
        <time>2025-10-05T07:10:31.000Z</time>
        <extensions>
          <ns3:TrackPointExtension>
            <ns3:hr>83</ns3:hr>
            <ns3:cad>58</ns3:cad>
          </ns3:TrackPointExtension>
        </extensions>
      </trkpt>
      <trkpt lat="42.46585018001496791839599609375" lon="-5.94632327556610107421875">
        <ele>865.4000244140625</ele>
        <time>2025-10-05T07:10:38.000Z</time>
        <extensions>
          <ns3:TrackPointExtension>
            <ns3:hr>85</ns3:hr>
            <ns3:cad>58</ns3:cad>
          </ns3:TrackPointExtension>
        </extensions>
      </trkpt>
      <trkpt lat="42.46582587249577045440673828125" lon="-5.9464555419981479644775390625">
        <ele>865</ele>
        <time>2025-10-05T07:10:46.000Z</time>
        <extensions>
          <ns3:TrackPointExtension>
            <ns3:hr>85</ns3:hr>
            <ns3:cad>58</ns3:cad>
          </ns3:TrackPointExtension>
        </extensions>
      </trkpt>
      <trkpt lat="42.465817071497440338134765625" lon="-5.946503989398479461669921875">
        <ele>864.79998779296875</ele>
        <time>2025-10-05T07:10:49.000Z</time>
        <extensions>
          <ns3:TrackPointExtension>
            <ns3:hr>82</ns3:hr>
            <ns3:cad>58</ns3:cad>
          </ns3:TrackPointExtension>
        </extensions>
      </trkpt>
      <trkpt lat="42.46581413783133029937744140625" lon="-5.9465192444622516632080078125">
        <ele>864.79998779296875</ele>
        <time>2025-10-05T07:10:50.000Z</time>
        <extensions>
          <ns3:TrackPointExtension>
            <ns3:hr>82</ns3:hr>
            <ns3:cad>57</ns3:cad>
          </ns3:TrackPointExtension>
        </extensions>
      </trkpt>
      <trkpt lat="42.465798296034336090087890625" lon="-5.9466375969350337982177734375">
        <ele>864.5999755859375</ele>
        <time>2025-10-05T07:10:57.000Z</time>
        <extensions>
          <ns3:TrackPointExtension>
            <ns3:hr>82</ns3:hr>
            <ns3:cad>57</ns3:cad>
          </ns3:TrackPointExtension>
        </extensions>
      </trkpt>
      <trkpt lat="42.4657778441905975341796875" lon="-5.94679190777242183685302734375">
        <ele>864</ele>
        <time>2025-10-05T07:11:07.000Z</time>
        <extensions>
          <ns3:TrackPointExtension>
            <ns3:hr>83</ns3:hr>
            <ns3:cad>57</ns3:cad>
          </ns3:TrackPointExtension>
        </extensions>
      </trkpt>
      <trkpt lat="42.46576015837490558624267578125" lon="-5.9469262696802616119384765625">
        <ele>864</ele>
        <time>2025-10-05T07:11:15.000Z</time>
        <extensions>
          <ns3:TrackPointExtension>
            <ns3:hr>83</ns3:hr>
            <ns3:cad>57</ns3:cad>
          </ns3:TrackPointExtension>
        </extensions>
      </trkpt>
      <trkpt lat="42.46574607677757740020751953125" lon="-5.94709315337240695953369140625">
        <ele>863.79998779296875</ele>
        <time>2025-10-05T07:11:25.000Z</time>
        <extensions>
          <ns3:TrackPointExtension>
            <ns3:hr>84</ns3:hr>
            <ns3:cad>58</ns3:cad>
          </ns3:TrackPointExtension>
        </extensions>
      </trkpt>
      <trkpt lat="42.46574842371046543121337890625" lon="-5.94712768681347370147705078125">
        <ele>863.79998779296875</ele>
        <time>2025-10-05T07:11:27.000Z</time>
        <extensions>
          <ns3:TrackPointExtension>
            <ns3:hr>84</ns3:hr>
            <ns3:cad>58</ns3:cad>
          </ns3:TrackPointExtension>
        </extensions>
      </trkpt>
      <trkpt lat="42.4657330848276615142822265625" lon="-5.94725542701780796051025390625">
        <ele>863.4000244140625</ele>
        <time>2025-10-05T07:11:35.000Z</time>
        <extensions>
          <ns3:TrackPointExtension>
            <ns3:hr>82</ns3:hr>
            <ns3:cad>57</ns3:cad>
          </ns3:TrackPointExtension>
        </extensions>
      </trkpt>
      <trkpt lat="42.465707100927829742431640625" lon="-5.94737830571830272674560546875">
        <ele>863.5999755859375</ele>
        <time>2025-10-05T07:11:43.000Z</time>
        <extensions>
          <ns3:TrackPointExtension>
            <ns3:hr>81</ns3:hr>
            <ns3:cad>58</ns3:cad>
          </ns3:TrackPointExtension>
        </extensions>
      </trkpt>
      <trkpt lat="42.4656759202480316162109375" lon="-5.9475378133356571197509765625">
        <ele>863.79998779296875</ele>
        <time>2025-10-05T07:11:53.000Z</time>
        <extensions>
          <ns3:TrackPointExtension>
            <ns3:hr>78</ns3:hr>
            <ns3:cad>57</ns3:cad>
          </ns3:TrackPointExtension>
        </extensions>
      </trkpt>
      <trkpt lat="42.4656713940203189849853515625" lon="-5.94754996709525585174560546875">
        <ele>864</ele>
        <time>2025-10-05T07:11:55.000Z</time>
        <extensions>
          <ns3:TrackPointExtension>
            <ns3:hr>75</ns3:hr>
            <ns3:cad>0</ns3:cad>
          </ns3:TrackPointExtension>
        </extensions>
      </trkpt>
      <trkpt lat="42.4656723998486995697021484375" lon="-5.94755298458039760589599609375">
        <ele>864.20001220703125</ele>
        <time>2025-10-05T07:11:59.000Z</time>
        <extensions>
          <ns3:TrackPointExtension>
            <ns3:hr>74</ns3:hr>
            <ns3:cad>0</ns3:cad>
          </ns3:TrackPointExtension>
        </extensions>
      </trkpt>
      <trkpt lat="42.4656750820577144622802734375" lon="-5.9475850872695446014404296875">
        <ele>864</ele>
        <time>2025-10-05T07:12:04.000Z</time>
        <extensions>
          <ns3:TrackPointExtension>
            <ns3:hr>77</ns3:hr>
            <ns3:cad>0</ns3:cad>
          </ns3:TrackPointExtension>
        </extensions>
      </trkpt>
      <trkpt lat="42.46568463742733001708984375" lon="-5.947617776691913604736328125">
        <ele>864</ele>
        <time>2025-10-05T07:12:06.000Z</time>
        <extensions>
          <ns3:TrackPointExtension>
            <ns3:hr>77</ns3:hr>
            <ns3:cad>0</ns3:cad>
          </ns3:TrackPointExtension>
        </extensions>
      </trkpt>
      <trkpt lat="42.46567717753350734710693359375" lon="-5.947769321501255035400390625">
        <ele>863.5999755859375</ele>
        <time>2025-10-05T07:12:15.000Z</time>
        <extensions>
          <ns3:TrackPointExtension>
            <ns3:hr>76</ns3:hr>
            <ns3:cad>57</ns3:cad>
          </ns3:TrackPointExtension>
        </extensions>
      </trkpt>
      <trkpt lat="42.4656660296022891998291015625" lon="-5.94790150411427021026611328125">
        <ele>863.5999755859375</ele>
        <time>2025-10-05T07:12:24.000Z</time>
        <extensions>
          <ns3:TrackPointExtension>
            <ns3:hr>75</ns3:hr>
            <ns3:cad>57</ns3:cad>
          </ns3:TrackPointExtension>
        </extensions>
      </trkpt>
      <trkpt lat="42.4656489305198192596435546875" lon="-5.94796872697770595550537109375">
        <ele>863.5999755859375</ele>
        <time>2025-10-05T07:12:28.000Z</time>
        <extensions>
          <ns3:TrackPointExtension>
            <ns3:hr>72</ns3:hr>
            <ns3:cad>58</ns3:cad>
          </ns3:TrackPointExtension>
        </extensions>
      </trkpt>
      <trkpt lat="42.46564499102532863616943359375" lon="-5.94802019186317920684814453125">
        <ele>863.79998779296875</ele>
        <time>2025-10-05T07:12:31.000Z</time>
        <extensions>
          <ns3:TrackPointExtension>
            <ns3:hr>71</ns3:hr>
            <ns3:cad>57</ns3:cad>
          </ns3:TrackPointExtension>
        </extensions>
      </trkpt>
      <trkpt lat="42.46562554500997066497802734375" lon="-5.94820107333362102508544921875">
        <ele>863.79998779296875</ele>
        <time>2025-10-05T07:12:42.000Z</time>
        <extensions>
          <ns3:TrackPointExtension>
            <ns3:hr>71</ns3:hr>
            <ns3:cad>58</ns3:cad>
          </ns3:TrackPointExtension>
        </extensions>
      </trkpt>
      <trkpt lat="42.4656110443174839019775390625" lon="-5.94834096729755401611328125">
        <ele>863.79998779296875</ele>
        <time>2025-10-05T07:12:51.000Z</time>
        <extensions>
          <ns3:TrackPointExtension>
            <ns3:hr>71</ns3:hr>
            <ns3:cad>57</ns3:cad>
          </ns3:TrackPointExtension>
        </extensions>
      </trkpt>
      <trkpt lat="42.46558229438960552215576171875" lon="-5.94851489178836345672607421875">
        <ele>863.79998779296875</ele>
        <time>2025-10-05T07:13:02.000Z</time>
        <extensions>
          <ns3:TrackPointExtension>
            <ns3:hr>72</ns3:hr>
            <ns3:cad>57</ns3:cad>
          </ns3:TrackPointExtension>
        </extensions>
      </trkpt>
      <trkpt lat="42.465567290782928466796875" lon="-5.948646403849124908447265625">
        <ele>864</ele>
        <time>2025-10-05T07:13:10.000Z</time>
        <extensions>
          <ns3:TrackPointExtension>
            <ns3:hr>75</ns3:hr>
            <ns3:cad>57</ns3:cad>
          </ns3:TrackPointExtension>
        </extensions>
      </trkpt>
      <trkpt lat="42.4655587412416934967041015625" lon="-5.94870842993259429931640625">
        <ele>864</ele>
        <time>2025-10-05T07:13:14.000Z</time>
        <extensions>
          <ns3:TrackPointExtension>
            <ns3:hr>78</ns3:hr>
            <ns3:cad>57</ns3:cad>
          </ns3:TrackPointExtension>
        </extensions>
      </trkpt>
      <trkpt lat="42.465548180043697357177734375" lon="-5.94876341521739959716796875">
        <ele>864</ele>
        <time>2025-10-05T07:13:18.000Z</time>
        <extensions>
          <ns3:TrackPointExtension>
            <ns3:hr>81</ns3:hr>
            <ns3:cad>58</ns3:cad>
          </ns3:TrackPointExtension>
        </extensions>
      </trkpt>
      <trkpt lat="42.46552563272416591644287109375" lon="-5.94886911101639270782470703125">
        <ele>864.20001220703125</ele>
        <time>2025-10-05T07:13:24.000Z</time>
        <extensions>
          <ns3:TrackPointExtension>
            <ns3:hr>81</ns3:hr>
            <ns3:cad>57</ns3:cad>
          </ns3:TrackPointExtension>
        </extensions>
      </trkpt>
      <trkpt lat="42.4654980562627315521240234375" lon="-5.94905250705778598785400390625">
        <ele>864.4000244140625</ele>
        <time>2025-10-05T07:13:35.000Z</time>
        <extensions>
          <ns3:TrackPointExtension>
            <ns3:hr>81</ns3:hr>
            <ns3:cad>57</ns3:cad>
          </ns3:TrackPointExtension>
        </extensions>
      </trkpt>
      <trkpt lat="42.46547550894320011138916015625" lon="-5.9492292813956737518310546875">
        <ele>864.5999755859375</ele>
        <time>2025-10-05T07:13:46.000Z</time>
        <extensions>
          <ns3:TrackPointExtension>
            <ns3:hr>79</ns3:hr>
            <ns3:cad>57</ns3:cad>
          </ns3:TrackPointExtension>
        </extensions>
      </trkpt>
      <trkpt lat="42.4654668755829334259033203125" lon="-5.94930119812488555908203125">
        <ele>864.79998779296875</ele>
        <time>2025-10-05T07:13:50.000Z</time>
        <extensions>
          <ns3:TrackPointExtension>
            <ns3:hr>79</ns3:hr>
            <ns3:cad>57</ns3:cad>
          </ns3:TrackPointExtension>
        </extensions>
      </trkpt>
      <trkpt lat="42.46544885449111461639404296875" lon="-5.94939214177429676055908203125">
        <ele>864.79998779296875</ele>
        <time>2025-10-05T07:13:56.000Z</time>
        <extensions>
          <ns3:TrackPointExtension>
            <ns3:hr>79</ns3:hr>
            <ns3:cad>57</ns3:cad>
          </ns3:TrackPointExtension>
        </extensions>
      </trkpt>
      <trkpt lat="42.4654263071715831756591796875" lon="-5.94956145621836185455322265625">
        <ele>865</ele>
        <time>2025-10-05T07:14:06.000Z</time>
        <extensions>
          <ns3:TrackPointExtension>
            <ns3:hr>78</ns3:hr>
            <ns3:cad>57</ns3:cad>
          </ns3:TrackPointExtension>
        </extensions>
      </trkpt>
      <trkpt lat="42.46539269573986530303955078125" lon="-5.94974015839397907257080078125">
        <ele>865.4000244140625</ele>
        <time>2025-10-05T07:14:17.000Z</time>
        <extensions>
          <ns3:TrackPointExtension>
            <ns3:hr>78</ns3:hr>
            <ns3:cad>57</ns3:cad>
          </ns3:TrackPointExtension>
        </extensions>
      </trkpt>
      <trkpt lat="42.46538423001766204833984375" lon="-5.9498451836407184600830078125">
        <ele>865.79998779296875</ele>
        <time>2025-10-05T07:14:23.000Z</time>
        <extensions>
          <ns3:TrackPointExtension>
            <ns3:hr>77</ns3:hr>
            <ns3:cad>57</ns3:cad>
          </ns3:TrackPointExtension>
        </extensions>
      </trkpt>
      <trkpt lat="42.4653773568570613861083984375" lon="-5.94991098158061504364013671875">
        <ele>865.79998779296875</ele>
        <time>2025-10-05T07:14:27.000Z</time>
        <extensions>
          <ns3:TrackPointExtension>
            <ns3:hr>78</ns3:hr>
            <ns3:cad>57</ns3:cad>
          </ns3:TrackPointExtension>
        </extensions>
      </trkpt>
      <trkpt lat="42.4653518758714199066162109375" lon="-5.9500394761562347412109375">
        <ele>866</ele>
        <time>2025-10-05T07:14:35.000Z</time>
        <extensions>
          <ns3:TrackPointExtension>
            <ns3:hr>75</ns3:hr>
            <ns3:cad>57</ns3:cad>
          </ns3:TrackPointExtension>
        </extensions>
      </trkpt>
      <trkpt lat="42.4653277359902858734130859375" lon="-5.95022865571081638336181640625">
        <ele>866.20001220703125</ele>
        <time>2025-10-05T07:14:46.000Z</time>
        <extensions>
          <ns3:TrackPointExtension>
            <ns3:hr>75</ns3:hr>
            <ns3:cad>58</ns3:cad>
          </ns3:TrackPointExtension>
        </extensions>
      </trkpt>
      <trkpt lat="42.4653086252510547637939453125" lon="-5.9504255466163158416748046875">
        <ele>866.20001220703125</ele>
        <time>2025-10-05T07:14:58.000Z</time>
        <extensions>
          <ns3:TrackPointExtension>
            <ns3:hr>75</ns3:hr>
            <ns3:cad>57</ns3:cad>
          </ns3:TrackPointExtension>
        </extensions>
      </trkpt>
      <trkpt lat="42.4652750976383686065673828125" lon="-5.9505559690296649932861328125">
        <ele>866.5999755859375</ele>
        <time>2025-10-05T07:15:06.000Z</time>
        <extensions>
          <ns3:TrackPointExtension>
            <ns3:hr>75</ns3:hr>
            <ns3:cad>59</ns3:cad>
          </ns3:TrackPointExtension>
        </extensions>
      </trkpt>
      <trkpt lat="42.46526361443102359771728515625" lon="-5.950660072267055511474609375">
        <ele>866.79998779296875</ele>
        <time>2025-10-05T07:15:12.000Z</time>
        <extensions>
          <ns3:TrackPointExtension>
            <ns3:hr>75</ns3:hr>
            <ns3:cad>57</ns3:cad>
          </ns3:TrackPointExtension>
        </extensions>
      </trkpt>
      <trkpt lat="42.465255819261074066162109375" lon="-5.95071279443800449371337890625">
        <ele>867</ele>
        <time>2025-10-05T07:15:15.000Z</time>
        <extensions>
          <ns3:TrackPointExtension>
            <ns3:hr>75</ns3:hr>
            <ns3:cad>57</ns3:cad>
          </ns3:TrackPointExtension>
        </extensions>
      </trkpt>
      <trkpt lat="42.465227656066417694091796875" lon="-5.95087087713181972503662109375">
        <ele>867.20001220703125</ele>
        <time>2025-10-05T07:15:25.000Z</time>
        <extensions>
          <ns3:TrackPointExtension>
            <ns3:hr>77</ns3:hr>
            <ns3:cad>57</ns3:cad>
          </ns3:TrackPointExtension>
        </extensions>
      </trkpt>
      <trkpt lat="42.46522128582000732421875" lon="-5.950918234884738922119140625">
        <ele>867.20001220703125</ele>
        <time>2025-10-05T07:15:28.000Z</time>
        <extensions>
          <ns3:TrackPointExtension>
            <ns3:hr>80</ns3:hr>
            <ns3:cad>57</ns3:cad>
          </ns3:TrackPointExtension>
        </extensions>
      </trkpt>
      <trkpt lat="42.465209551155567169189453125" lon="-5.95101110637187957763671875">
        <ele>867.5999755859375</ele>
        <time>2025-10-05T07:15:33.000Z</time>
        <extensions>
          <ns3:TrackPointExtension>
            <ns3:hr>80</ns3:hr>
            <ns3:cad>57</ns3:cad>
          </ns3:TrackPointExtension>
        </extensions>
      </trkpt>
      <trkpt lat="42.465203516185283660888671875" lon="-5.951108671724796295166015625">
        <ele>867.79998779296875</ele>
        <time>2025-10-05T07:15:39.000Z</time>
        <extensions>
          <ns3:TrackPointExtension>
            <ns3:hr>81</ns3:hr>
            <ns3:cad>57</ns3:cad>
          </ns3:TrackPointExtension>
        </extensions>
      </trkpt>
      <trkpt lat="42.46520929969847202301025390625" lon="-5.95121361315250396728515625">
        <ele>868.20001220703125</ele>
        <time>2025-10-05T07:15:45.000Z</time>
        <extensions>
          <ns3:TrackPointExtension>
            <ns3:hr>82</ns3:hr>
            <ns3:cad>57</ns3:cad>
          </ns3:TrackPointExtension>
        </extensions>
      </trkpt>
      <trkpt lat="42.465200163424015045166015625" lon="-5.951360128819942474365234375">
        <ele>868.5999755859375</ele>
        <time>2025-10-05T07:15:54.000Z</time>
        <extensions>
          <ns3:TrackPointExtension>
            <ns3:hr>84</ns3:hr>
            <ns3:cad>57</ns3:cad>
          </ns3:TrackPointExtension>
        </extensions>
      </trkpt>
      <trkpt lat="42.465201504528522491455078125" lon="-5.95144202001392841339111328125">
        <ele>868.79998779296875</ele>
        <time>2025-10-05T07:15:59.000Z</time>
        <extensions>
          <ns3:TrackPointExtension>
            <ns3:hr>86</ns3:hr>
            <ns3:cad>56</ns3:cad>
          </ns3:TrackPointExtension>
        </extensions>
      </trkpt>
      <trkpt lat="42.46519773267209529876708984375" lon="-5.95150069333612918853759765625">
        <ele>869.20001220703125</ele>
        <time>2025-10-05T07:16:03.000Z</time>
        <extensions>
          <ns3:TrackPointExtension>
            <ns3:hr>87</ns3:hr>
            <ns3:cad>55</ns3:cad>
          </ns3:TrackPointExtension>
        </extensions>
      </trkpt>
      <trkpt lat="42.4651979841291904449462890625" lon="-5.95164813101291656494140625">
        <ele>869.79998779296875</ele>
        <time>2025-10-05T07:16:12.000Z</time>
        <extensions>
          <ns3:TrackPointExtension>
            <ns3:hr>87</ns3:hr>
            <ns3:cad>55</ns3:cad>
          </ns3:TrackPointExtension>
        </extensions>
      </trkpt>
      <trkpt lat="42.46519924141466617584228515625" lon="-5.95176623202860355377197265625">
        <ele>869.79998779296875</ele>
        <time>2025-10-05T07:16:19.000Z</time>
        <extensions>
          <ns3:TrackPointExtension>
            <ns3:hr>86</ns3:hr>
            <ns3:cad>56</ns3:cad>
          </ns3:TrackPointExtension>
        </extensions>
      </trkpt>
      <trkpt lat="42.4651973135769367218017578125" lon="-5.9518179483711719512939453125">
        <ele>870.20001220703125</ele>
        <time>2025-10-05T07:16:22.000Z</time>
        <extensions>
          <ns3:TrackPointExtension>
            <ns3:hr>86</ns3:hr>
            <ns3:cad>56</ns3:cad>
          </ns3:TrackPointExtension>
        </extensions>
      </trkpt>
      <trkpt lat="42.4651877582073211669921875" lon="-5.9519634582102298736572265625">
        <ele>870.5999755859375</ele>
        <time>2025-10-05T07:16:31.000Z</time>
        <extensions>
          <ns3:TrackPointExtension>
            <ns3:hr>87</ns3:hr>
            <ns3:cad>56</ns3:cad>
          </ns3:TrackPointExtension>
        </extensions>
      </trkpt>
      <trkpt lat="42.4651872552931308746337890625" lon="-5.9520164318382740020751953125">
        <ele>871</ele>
        <time>2025-10-05T07:16:34.000Z</time>
        <extensions>
          <ns3:TrackPointExtension>
            <ns3:hr>88</ns3:hr>
            <ns3:cad>56</ns3:cad>
          </ns3:TrackPointExtension>
        </extensions>
      </trkpt>
      <trkpt lat="42.46519706211984157562255859375" lon="-5.95214542932808399200439453125">
        <ele>871.4000244140625</ele>
        <time>2025-10-05T07:16:42.000Z</time>
        <extensions>
          <ns3:TrackPointExtension>
            <ns3:hr>88</ns3:hr>
            <ns3:cad>55</ns3:cad>
          </ns3:TrackPointExtension>
        </extensions>
      </trkpt>
      <trkpt lat="42.46519521810114383697509765625" lon="-5.95227249898016452789306640625">
        <ele>871.79998779296875</ele>
        <time>2025-10-05T07:16:50.000Z</time>
        <extensions>
          <ns3:TrackPointExtension>
            <ns3:hr>88</ns3:hr>
            <ns3:cad>56</ns3:cad>
          </ns3:TrackPointExtension>
        </extensions>
      </trkpt>
      <trkpt lat="42.4651958048343658447265625" lon="-5.95233368687331676483154296875">
        <ele>872</ele>
        <time>2025-10-05T07:16:54.000Z</time>
        <extensions>
          <ns3:TrackPointExtension>
            <ns3:hr>87</ns3:hr>
            <ns3:cad>0</ns3:cad>
          </ns3:TrackPointExtension>
        </extensions>
      </trkpt>
      <trkpt lat="42.4651969783008098602294921875" lon="-5.952426306903362274169921875">
        <ele>872.4000244140625</ele>
        <time>2025-10-05T07:16:59.000Z</time>
        <extensions>
          <ns3:TrackPointExtension>
            <ns3:hr>86</ns3:hr>
            <ns3:cad>0</ns3:cad>
          </ns3:TrackPointExtension>
        </extensions>
      </trkpt>
      <trkpt lat="42.46519354172050952911376953125" lon="-5.9525652788579463958740234375">
        <ele>873</ele>
        <time>2025-10-05T07:17:08.000Z</time>
        <extensions>
          <ns3:TrackPointExtension>
            <ns3:hr>86</ns3:hr>
            <ns3:cad>55</ns3:cad>
          </ns3:TrackPointExtension>
        </extensions>
      </trkpt>
      <trkpt lat="42.46519220061600208282470703125" lon="-5.95258296467363834381103515625">
        <ele>873.20001220703125</ele>
        <time>2025-10-05T07:17:09.000Z</time>
        <extensions>
          <ns3:TrackPointExtension>
            <ns3:hr>86</ns3:hr>
            <ns3:cad>55</ns3:cad>
          </ns3:TrackPointExtension>
        </extensions>
      </trkpt>
      <trkpt lat="42.4651835672557353973388671875" lon="-5.95269679091870784759521484375">
        <ele>873.4000244140625</ele>
        <time>2025-10-05T07:17:16.000Z</time>
        <extensions>
          <ns3:TrackPointExtension>
            <ns3:hr>86</ns3:hr>
            <ns3:cad>53</ns3:cad>
          </ns3:TrackPointExtension>
        </extensions>
      </trkpt>
      <trkpt lat="42.465179376304149627685546875" lon="-5.95285051502287387847900390625">
        <ele>874</ele>
        <time>2025-10-05T07:17:26.000Z</time>
        <extensions>
          <ns3:TrackPointExtension>
            <ns3:hr>86</ns3:hr>
            <ns3:cad>55</ns3:cad>
          </ns3:TrackPointExtension>
        </extensions>
      </trkpt>
      <trkpt lat="42.4651770293712615966796875" lon="-5.95287314616143703460693359375">
        <ele>874</ele>
        <time>2025-10-05T07:17:27.000Z</time>
        <extensions>
          <ns3:TrackPointExtension>
            <ns3:hr>86</ns3:hr>
            <ns3:cad>56</ns3:cad>
          </ns3:TrackPointExtension>
        </extensions>
      </trkpt>
      <trkpt lat="42.46517225168645381927490234375" lon="-5.95297507010400295257568359375">
        <ele>874.4000244140625</ele>
        <time>2025-10-05T07:17:33.000Z</time>
        <extensions>
          <ns3:TrackPointExtension>
            <ns3:hr>85</ns3:hr>
            <ns3:cad>53</ns3:cad>
          </ns3:TrackPointExtension>
        </extensions>
      </trkpt>
      <trkpt lat="42.46516655199229717254638671875" lon="-5.95311789773404598236083984375">
        <ele>874.79998779296875</ele>
        <time>2025-10-05T07:17:42.000Z</time>
        <extensions>
          <ns3:TrackPointExtension>
            <ns3:hr>86</ns3:hr>
            <ns3:cad>55</ns3:cad>
          </ns3:TrackPointExtension>
        </extensions>
      </trkpt>
      <trkpt lat="42.46516789309680461883544921875" lon="-5.95321864821016788482666015625">
        <ele>875.20001220703125</ele>
        <time>2025-10-05T07:17:48.000Z</time>
        <extensions>
          <ns3:TrackPointExtension>
            <ns3:hr>86</ns3:hr>
            <ns3:cad>56</ns3:cad>
          </ns3:TrackPointExtension>
        </extensions>
      </trkpt>
      <trkpt lat="42.46515029110014438629150390625" lon="-5.95331805758178234100341796875">
        <ele>875.4000244140625</ele>
        <time>2025-10-05T07:17:54.000Z</time>
        <extensions>
          <ns3:TrackPointExtension>
            <ns3:hr>87</ns3:hr>
            <ns3:cad>55</ns3:cad>
          </ns3:TrackPointExtension>
        </extensions>
      </trkpt>
      <trkpt lat="42.46514291502535343170166015625" lon="-5.953453592956066131591796875">
        <ele>875.79998779296875</ele>
        <time>2025-10-05T07:18:03.000Z</time>
        <extensions>
          <ns3:TrackPointExtension>
            <ns3:hr>88</ns3:hr>
            <ns3:cad>55</ns3:cad>
          </ns3:TrackPointExtension>
        </extensions>
      </trkpt>
      <trkpt lat="42.4651372991502285003662109375" lon="-5.953514277935028076171875">
        <ele>876.20001220703125</ele>
        <time>2025-10-05T07:18:07.000Z</time>
        <extensions>
          <ns3:TrackPointExtension>
            <ns3:hr>89</ns3:hr>
            <ns3:cad>55</ns3:cad>
          </ns3:TrackPointExtension>
        </extensions>
      </trkpt>
      <trkpt lat="42.465141825377941131591796875" lon="-5.953559540212154388427734375">
        <ele>876.79998779296875</ele>
        <time>2025-10-05T07:18:10.000Z</time>
        <extensions>
          <ns3:TrackPointExtension>
            <ns3:hr>92</ns3:hr>
            <ns3:cad>53</ns3:cad>
          </ns3:TrackPointExtension>
        </extensions>
      </trkpt>
      <trkpt lat="42.4651429988443851470947265625" lon="-5.95357839949429035186767578125">
        <ele>877</ele>
        <time>2025-10-05T07:18:12.000Z</time>
        <extensions>
          <ns3:TrackPointExtension>
            <ns3:hr>95</ns3:hr>
            <ns3:cad>52</ns3:cad>
          </ns3:TrackPointExtension>
        </extensions>
      </trkpt>
      <trkpt lat="42.465143166482448577880859375" lon="-5.9535804949700832366943359375">
        <ele>877.20001220703125</ele>
        <time>2025-10-05T07:18:16.000Z</time>
        <extensions>
          <ns3:TrackPointExtension>
            <ns3:hr>98</ns3:hr>
            <ns3:cad>0</ns3:cad>
          </ns3:TrackPointExtension>
        </extensions>
      </trkpt>
      <trkpt lat="42.46514341793954372406005859375" lon="-5.953581333160400390625">
        <ele>877</ele>
        <time>2025-10-05T07:18:21.000Z</time>
        <extensions>
          <ns3:TrackPointExtension>
            <ns3:hr>98</ns3:hr>
            <ns3:cad>0</ns3:cad>
          </ns3:TrackPointExtension>
        </extensions>
      </trkpt>
      <trkpt lat="42.46516688726842403411865234375" lon="-5.953682251274585723876953125">
        <ele>877</ele>
        <time>2025-10-05T07:18:28.000Z</time>
        <extensions>
          <ns3:TrackPointExtension>
            <ns3:hr>98</ns3:hr>
            <ns3:cad>52</ns3:cad>
          </ns3:TrackPointExtension>
        </extensions>
      </trkpt>
      <trkpt lat="42.46519957669079303741455078125" lon="-5.953822396695613861083984375">
        <ele>877.20001220703125</ele>
        <time>2025-10-05T07:18:37.000Z</time>
        <extensions>
          <ns3:TrackPointExtension>
            <ns3:hr>97</ns3:hr>
            <ns3:cad>54</ns3:cad>
          </ns3:TrackPointExtension>
        </extensions>
      </trkpt>
      <trkpt lat="42.4652046896517276763916015625" lon="-5.95383823849260807037353515625">
        <ele>877.20001220703125</ele>
        <time>2025-10-05T07:18:38.000Z</time>
        <extensions>
          <ns3:TrackPointExtension>
            <ns3:hr>97</ns3:hr>
            <ns3:cad>54</ns3:cad>
          </ns3:TrackPointExtension>
        </extensions>
      </trkpt>
      <trkpt lat="42.4652429111301898956298828125" lon="-5.953992046415805816650390625">
        <ele>877.79998779296875</ele>
        <time>2025-10-05T07:18:47.000Z</time>
        <extensions>
          <ns3:TrackPointExtension>
            <ns3:hr>95</ns3:hr>
            <ns3:cad>56</ns3:cad>
          </ns3:TrackPointExtension>
        </extensions>
      </trkpt>
      <trkpt lat="42.465276606380939483642578125" lon="-5.95415038056671619415283203125">
        <ele>878.20001220703125</ele>
        <time>2025-10-05T07:18:58.000Z</time>
        <extensions>
          <ns3:TrackPointExtension>
            <ns3:hr>94</ns3:hr>
            <ns3:cad>56</ns3:cad>
          </ns3:TrackPointExtension>
        </extensions>
      </trkpt>
      <trkpt lat="42.46528406627476215362548828125" lon="-5.95418441109359264373779296875">
        <ele>878.20001220703125</ele>
        <time>2025-10-05T07:19:00.000Z</time>
        <extensions>
          <ns3:TrackPointExtension>
            <ns3:hr>93</ns3:hr>
            <ns3:cad>56</ns3:cad>
          </ns3:TrackPointExtension>
        </extensions>
      </trkpt>
      <trkpt lat="42.4653123132884502410888671875" lon="-5.95429991371929645538330078125">
        <ele>878.5999755859375</ele>
        <time>2025-10-05T07:19:07.000Z</time>
        <extensions>
          <ns3:TrackPointExtension>
            <ns3:hr>94</ns3:hr>
            <ns3:cad>56</ns3:cad>
          </ns3:TrackPointExtension>
        </extensions>
      </trkpt>
      <trkpt lat="42.4653558991849422454833984375" lon="-5.95447115600109100341796875">
        <ele>879</ele>
        <time>2025-10-05T07:19:18.000Z</time>
        <extensions>
          <ns3:TrackPointExtension>
            <ns3:hr>92</ns3:hr>
            <ns3:cad>54</ns3:cad>
          </ns3:TrackPointExtension>
        </extensions>
      </trkpt>
      <trkpt lat="42.46539386920630931854248046875" lon="-5.95459562726318836212158203125">
        <ele>879.20001220703125</ele>
        <time>2025-10-05T07:19:26.000Z</time>
        <extensions>
          <ns3:TrackPointExtension>
            <ns3:hr>90</ns3:hr>
            <ns3:cad>56</ns3:cad>
          </ns3:TrackPointExtension>
        </extensions>
      </trkpt>
      <trkpt lat="42.46539671905338764190673828125" lon="-5.95461373217403888702392578125">
        <ele>879.4000244140625</ele>
        <time>2025-10-05T07:19:27.000Z</time>
        <extensions>
          <ns3:TrackPointExtension>
            <ns3:hr>89</ns3:hr>
            <ns3:cad>57</ns3:cad>
          </ns3:TrackPointExtension>
        </extensions>
      </trkpt>
      <trkpt lat="42.4654343537986278533935546875" lon="-5.95479377545416355133056640625">
        <ele>879.5999755859375</ele>
        <time>2025-10-05T07:19:38.000Z</time>
        <extensions>
          <ns3:TrackPointExtension>
            <ns3:hr>91</ns3:hr>
            <ns3:cad>58</ns3:cad>
          </ns3:TrackPointExtension>
        </extensions>
      </trkpt>
      <trkpt lat="42.46546075679361820220947265625" lon="-5.95494590699672698974609375">
        <ele>880</ele>
        <time>2025-10-05T07:19:47.000Z</time>
        <extensions>
          <ns3:TrackPointExtension>
            <ns3:hr>92</ns3:hr>
            <ns3:cad>0</ns3:cad>
          </ns3:TrackPointExtension>
        </extensions>
      </trkpt>
      <trkpt lat="42.4654993973672389984130859375" lon="-5.955083705484867095947265625">
        <ele>880.20001220703125</ele>
        <time>2025-10-05T07:19:56.000Z</time>
        <extensions>
          <ns3:TrackPointExtension>
            <ns3:hr>93</ns3:hr>
            <ns3:cad>56</ns3:cad>
          </ns3:TrackPointExtension>
        </extensions>
      </trkpt>
      <trkpt lat="42.4655047617852687835693359375" lon="-5.9550996311008930206298828125">
        <ele>880.4000244140625</ele>
        <time>2025-10-05T07:19:57.000Z</time>
        <extensions>
          <ns3:TrackPointExtension>
            <ns3:hr>93</ns3:hr>
            <ns3:cad>56</ns3:cad>
          </ns3:TrackPointExtension>
        </extensions>
      </trkpt>
      <trkpt lat="42.46554910205304622650146484375" lon="-5.9552505053579807281494140625">
        <ele>880.5999755859375</ele>
        <time>2025-10-05T07:20:06.000Z</time>
        <extensions>
          <ns3:TrackPointExtension>
            <ns3:hr>92</ns3:hr>
            <ns3:cad>56</ns3:cad>
          </ns3:TrackPointExtension>
        </extensions>
      </trkpt>
      <trkpt lat="42.4655912630259990692138671875" lon="-5.9554204903542995452880859375">
        <ele>881.20001220703125</ele>
        <time>2025-10-05T07:20:17.000Z</time>
        <extensions>
          <ns3:TrackPointExtension>
            <ns3:hr>91</ns3:hr>
            <ns3:cad>57</ns3:cad>
          </ns3:TrackPointExtension>
        </extensions>
      </trkpt>
      <trkpt lat="42.46559738181531429290771484375" lon="-5.955450497567653656005859375">
        <ele>881.4000244140625</ele>
        <time>2025-10-05T07:20:19.000Z</time>
        <extensions>
          <ns3:TrackPointExtension>
            <ns3:hr>91</ns3:hr>
            <ns3:cad>57</ns3:cad>
          </ns3:TrackPointExtension>
        </extensions>
      </trkpt>
      <trkpt lat="42.46562889777123928070068359375" lon="-5.95556910149753093719482421875">
        <ele>881.4000244140625</ele>
        <time>2025-10-05T07:20:27.000Z</time>
        <extensions>
          <ns3:TrackPointExtension>
            <ns3:hr>91</ns3:hr>
            <ns3:cad>56</ns3:cad>
          </ns3:TrackPointExtension>
        </extensions>
      </trkpt>
      <trkpt lat="42.46566141955554485321044921875" lon="-5.95572098158299922943115234375">
        <ele>882</ele>
        <time>2025-10-05T07:20:36.000Z</time>
        <extensions>
          <ns3:TrackPointExtension>
            <ns3:hr>91</ns3:hr>
            <ns3:cad>53</ns3:cad>
          </ns3:TrackPointExtension>
        </extensions>
      </trkpt>
      <trkpt lat="42.4656732380390167236328125" lon="-5.955791138112545013427734375">
        <ele>882.4000244140625</ele>
        <time>2025-10-05T07:20:41.000Z</time>
        <extensions>
          <ns3:TrackPointExtension>
            <ns3:hr>92</ns3:hr>
            <ns3:cad>112</ns3:cad>
          </ns3:TrackPointExtension>
        </extensions>
      </trkpt>
      <trkpt lat="42.4656901694834232330322265625" lon="-5.95583966933190822601318359375">
        <ele>882.4000244140625</ele>
        <time>2025-10-05T07:20:44.000Z</time>
        <extensions>
          <ns3:TrackPointExtension>
            <ns3:hr>92</ns3:hr>
            <ns3:cad>112</ns3:cad>
          </ns3:TrackPointExtension>
        </extensions>
      </trkpt>
      <trkpt lat="42.46571682393550872802734375" lon="-5.95593522302806377410888671875">
        <ele>882.5999755859375</ele>
        <time>2025-10-05T07:20:50.000Z</time>
        <extensions>
          <ns3:TrackPointExtension>
            <ns3:hr>92</ns3:hr>
            <ns3:cad>57</ns3:cad>
          </ns3:TrackPointExtension>
        </extensions>
      </trkpt>
      <trkpt lat="42.46574775315821170806884765625" lon="-5.956084169447422027587890625">
        <ele>883.20001220703125</ele>
        <time>2025-10-05T07:20:59.000Z</time>
        <extensions>
          <ns3:TrackPointExtension>
            <ns3:hr>92</ns3:hr>
            <ns3:cad>53</ns3:cad>
          </ns3:TrackPointExtension>
        </extensions>
      </trkpt>
      <trkpt lat="42.4657575599849224090576171875" lon="-5.956140495836734771728515625">
        <ele>883.4000244140625</ele>
        <time>2025-10-05T07:21:03.000Z</time>
        <extensions>
          <ns3:TrackPointExtension>
            <ns3:hr>93</ns3:hr>
            <ns3:cad>55</ns3:cad>
          </ns3:TrackPointExtension>
        </extensions>
      </trkpt>
      <trkpt lat="42.4657726474106311798095703125" lon="-5.9562206268310546875">
        <ele>883.79998779296875</ele>
        <time>2025-10-05T07:21:08.000Z</time>
        <extensions>
          <ns3:TrackPointExtension>
            <ns3:hr>93</ns3:hr>
            <ns3:cad>55</ns3:cad>
          </ns3:TrackPointExtension>
        </extensions>
      </trkpt>
      <trkpt lat="42.46580290608108043670654296875" lon="-5.95640410669147968292236328125">
        <ele>884.5999755859375</ele>
        <time>2025-10-05T07:21:20.000Z</time>
        <extensions>
          <ns3:TrackPointExtension>
            <ns3:hr>94</ns3:hr>
            <ns3:cad>53</ns3:cad>
          </ns3:TrackPointExtension>
        </extensions>
      </trkpt>
      <trkpt lat="42.46580642648041248321533203125" lon="-5.95642103813588619232177734375">
        <ele>884.5999755859375</ele>
        <time>2025-10-05T07:21:21.000Z</time>
        <extensions>
          <ns3:TrackPointExtension>
            <ns3:hr>95</ns3:hr>
            <ns3:cad>53</ns3:cad>
          </ns3:TrackPointExtension>
        </extensions>
      </trkpt>
      <trkpt lat="42.46583173982799053192138671875" lon="-5.9565443359315395355224609375">
        <ele>884.79998779296875</ele>
        <time>2025-10-05T07:21:29.000Z</time>
        <extensions>
          <ns3:TrackPointExtension>
            <ns3:hr>96</ns3:hr>
            <ns3:cad>55</ns3:cad>
          </ns3:TrackPointExtension>
        </extensions>
      </trkpt>
      <trkpt lat="42.46586493216454982757568359375" lon="-5.9567082859575748443603515625">
        <ele>885.4000244140625</ele>
        <time>2025-10-05T07:21:40.000Z</time>
        <extensions>
          <ns3:TrackPointExtension>
            <ns3:hr>96</ns3:hr>
            <ns3:cad>0</ns3:cad>
          </ns3:TrackPointExtension>
        </extensions>
      </trkpt>
      <trkpt lat="42.46587775647640228271484375" lon="-5.95677441917359828948974609375">
        <ele>885.5999755859375</ele>
        <time>2025-10-05T07:21:44.000Z</time>
        <extensions>
          <ns3:TrackPointExtension>
            <ns3:hr>97</ns3:hr>
            <ns3:cad>54</ns3:cad>
          </ns3:TrackPointExtension>
        </extensions>
      </trkpt>
      <trkpt lat="42.46588219888508319854736328125" lon="-5.9568249620497226715087890625">
        <ele>886</ele>
        <time>2025-10-05T07:21:47.000Z</time>
        <extensions>
          <ns3:TrackPointExtension>
            <ns3:hr>98</ns3:hr>
            <ns3:cad>55</ns3:cad>
          </ns3:TrackPointExtension>
        </extensions>
      </trkpt>
      <trkpt lat="42.4659111164510250091552734375" lon="-5.956981368362903594970703125">
        <ele>886.4000244140625</ele>
        <time>2025-10-05T07:21:57.000Z</time>
        <extensions>
          <ns3:TrackPointExtension>
            <ns3:hr>100</ns3:hr>
            <ns3:cad>53</ns3:cad>
          </ns3:TrackPointExtension>
        </extensions>
      </trkpt>
      <trkpt lat="42.46592335402965545654296875" lon="-5.95705688931047916412353515625">
        <ele>886.5999755859375</ele>
        <time>2025-10-05T07:22:02.000Z</time>
        <extensions>
          <ns3:TrackPointExtension>
            <ns3:hr>102</ns3:hr>
            <ns3:cad>54</ns3:cad>
          </ns3:TrackPointExtension>
        </extensions>
      </trkpt>
      <trkpt lat="42.46593500487506389617919921875" lon="-5.95712277106940746307373046875">
        <ele>887</ele>
        <time>2025-10-05T07:22:06.000Z</time>
        <extensions>
          <ns3:TrackPointExtension>
            <ns3:hr>102</ns3:hr>
            <ns3:cad>108</ns3:cad>
          </ns3:TrackPointExtension>
        </extensions>
      </trkpt>
      <trkpt lat="42.46595554053783416748046875" lon="-5.95722519792616367340087890625">
        <ele>887.4000244140625</ele>
        <time>2025-10-05T07:22:13.000Z</time>
        <extensions>
          <ns3:TrackPointExtension>
            <ns3:hr>101</ns3:hr>
            <ns3:cad>54</ns3:cad>
          </ns3:TrackPointExtension>
        </extensions>
      </trkpt>
      <trkpt lat="42.46597708202898502349853515625" lon="-5.95737305469810962677001953125">
        <ele>887.79998779296875</ele>
        <time>2025-10-05T07:22:22.000Z</time>
        <extensions>
          <ns3:TrackPointExtension>
            <ns3:hr>100</ns3:hr>
            <ns3:cad>55</ns3:cad>
          </ns3:TrackPointExtension>
        </extensions>
      </trkpt>
      <trkpt lat="42.46597968041896820068359375" lon="-5.95739074051380157470703125">
        <ele>887.79998779296875</ele>
        <time>2025-10-05T07:22:23.000Z</time>
        <extensions>
          <ns3:TrackPointExtension>
            <ns3:hr>100</ns3:hr>
            <ns3:cad>0</ns3:cad>
          </ns3:TrackPointExtension>
        </extensions>
      </trkpt>
      <trkpt lat="42.466001473367214202880859375" lon="-5.95752418041229248046875">
        <ele>888</ele>
        <time>2025-10-05T07:22:32.000Z</time>
        <extensions>
          <ns3:TrackPointExtension>
            <ns3:hr>98</ns3:hr>
            <ns3:cad>54</ns3:cad>
          </ns3:TrackPointExtension>
        </extensions>
      </trkpt>
      <trkpt lat="42.4660298041999340057373046875" lon="-5.9576410241425037384033203125">
        <ele>888.4000244140625</ele>
        <time>2025-10-05T07:22:39.000Z</time>
        <extensions>
          <ns3:TrackPointExtension>
            <ns3:hr>97</ns3:hr>
            <ns3:cad>55</ns3:cad>
          </ns3:TrackPointExtension>
        </extensions>
      </trkpt>
      <trkpt lat="42.46604681946337223052978515625" lon="-5.95774688757956027984619140625">
        <ele>888.5999755859375</ele>
        <time>2025-10-05T07:22:46.000Z</time>
        <extensions>
          <ns3:TrackPointExtension>
            <ns3:hr>96</ns3:hr>
            <ns3:cad>54</ns3:cad>
          </ns3:TrackPointExtension>
        </extensions>
      </trkpt>
      <trkpt lat="42.46605101041495800018310546875" lon="-5.95776113681495189666748046875">
        <ele>888.79998779296875</ele>
        <time>2025-10-05T07:22:47.000Z</time>
        <extensions>
          <ns3:TrackPointExtension>
            <ns3:hr>96</ns3:hr>
            <ns3:cad>54</ns3:cad>
          </ns3:TrackPointExtension>
        </extensions>
      </trkpt>
      <trkpt lat="42.4660693667829036712646484375" lon="-5.95786825753748416900634765625">
        <ele>889</ele>
        <time>2025-10-05T07:22:54.000Z</time>
        <extensions>
          <ns3:TrackPointExtension>
            <ns3:hr>96</ns3:hr>
            <ns3:cad>54</ns3:cad>
          </ns3:TrackPointExtension>
        </extensions>
      </trkpt>
      <trkpt lat="42.46609392575919628143310546875" lon="-5.9580205567181110382080078125">
        <ele>889.4000244140625</ele>
        <time>2025-10-05T07:23:03.000Z</time>
        <extensions>
          <ns3:TrackPointExtension>
            <ns3:hr>97</ns3:hr>
            <ns3:cad>55</ns3:cad>
          </ns3:TrackPointExtension>
        </extensions>
      </trkpt>
      <trkpt lat="42.466110102832317352294921875" lon="-5.958095490932464599609375">
        <ele>889.79998779296875</ele>
        <time>2025-10-05T07:23:08.000Z</time>
        <extensions>
          <ns3:TrackPointExtension>
            <ns3:hr>98</ns3:hr>
            <ns3:cad>56</ns3:cad>
          </ns3:TrackPointExtension>
        </extensions>
      </trkpt>
      <trkpt lat="42.466114796698093414306640625" lon="-5.9581236541271209716796875">
        <ele>889.79998779296875</ele>
        <time>2025-10-05T07:23:10.000Z</time>
        <extensions>
          <ns3:TrackPointExtension>
            <ns3:hr>98</ns3:hr>
            <ns3:cad>56</ns3:cad>
          </ns3:TrackPointExtension>
        </extensions>
      </trkpt>
      <trkpt lat="42.46615092270076274871826171875" lon="-5.958291627466678619384765625">
        <ele>890.4000244140625</ele>
        <time>2025-10-05T07:23:21.000Z</time>
        <extensions>
          <ns3:TrackPointExtension>
            <ns3:hr>99</ns3:hr>
            <ns3:cad>56</ns3:cad>
          </ns3:TrackPointExtension>
        </extensions>
      </trkpt>
      <trkpt lat="42.466205656528472900390625" lon="-5.95846454612910747528076171875">
        <ele>890.5999755859375</ele>
        <time>2025-10-05T07:23:32.000Z</time>
        <extensions>
          <ns3:TrackPointExtension>
            <ns3:hr>98</ns3:hr>
            <ns3:cad>56</ns3:cad>
          </ns3:TrackPointExtension>
        </extensions>
      </trkpt>
      <trkpt lat="42.46621294878423213958740234375" lon="-5.9584956429898738861083984375">
        <ele>890.79998779296875</ele>
        <time>2025-10-05T07:23:34.000Z</time>
        <extensions>
          <ns3:TrackPointExtension>
            <ns3:hr>99</ns3:hr>
            <ns3:cad>56</ns3:cad>
          </ns3:TrackPointExtension>
        </extensions>
      </trkpt>
      <trkpt lat="42.46624597348272800445556640625" lon="-5.95859706401824951171875">
        <ele>891</ele>
        <time>2025-10-05T07:23:41.000Z</time>
        <extensions>
          <ns3:TrackPointExtension>
            <ns3:hr>99</ns3:hr>
            <ns3:cad>55</ns3:cad>
          </ns3:TrackPointExtension>
        </extensions>
      </trkpt>
      <trkpt lat="42.4662869609892368316650390625" lon="-5.9587310068309307098388671875">
        <ele>891.4000244140625</ele>
        <time>2025-10-05T07:23:50.000Z</time>
        <extensions>
          <ns3:TrackPointExtension>
            <ns3:hr>100</ns3:hr>
            <ns3:cad>56</ns3:cad>
          </ns3:TrackPointExtension>
        </extensions>
      </trkpt>
      <trkpt lat="42.4663406051695346832275390625" lon="-5.95889101736247539520263671875">
        <ele>891.5999755859375</ele>
        <time>2025-10-05T07:24:00.000Z</time>
        <extensions>
          <ns3:TrackPointExtension>
            <ns3:hr>99</ns3:hr>
            <ns3:cad>57</ns3:cad>
          </ns3:TrackPointExtension>
        </extensions>
      </trkpt>
      <trkpt lat="42.4663499929010868072509765625" lon="-5.95892387442290782928466796875">
        <ele>892</ele>
        <time>2025-10-05T07:24:02.000Z</time>
        <extensions>
          <ns3:TrackPointExtension>
            <ns3:hr>99</ns3:hr>
            <ns3:cad>56</ns3:cad>
          </ns3:TrackPointExtension>
        </extensions>
      </trkpt>
      <trkpt lat="42.46636901982128620147705078125" lon="-5.95898271538317203521728515625">
        <ele>892.20001220703125</ele>
        <time>2025-10-05T07:24:06.000Z</time>
        <extensions>
          <ns3:TrackPointExtension>
            <ns3:hr>98</ns3:hr>
            <ns3:cad>55</ns3:cad>
          </ns3:TrackPointExtension>
        </extensions>
      </trkpt>
      <trkpt lat="42.46641964651644229888916015625" lon="-5.95913694240152835845947265625">
        <ele>892.4000244140625</ele>
        <time>2025-10-05T07:24:17.000Z</time>
        <extensions>
          <ns3:TrackPointExtension>
            <ns3:hr>97</ns3:hr>
            <ns3:cad>55</ns3:cad>
          </ns3:TrackPointExtension>
        </extensions>
      </trkpt>
      <trkpt lat="42.4664760567247867584228515625" lon="-5.9592582285404205322265625">
        <ele>892.79998779296875</ele>
        <time>2025-10-05T07:24:25.000Z</time>
        <extensions>
          <ns3:TrackPointExtension>
            <ns3:hr>96</ns3:hr>
            <ns3:cad>55</ns3:cad>
          </ns3:TrackPointExtension>
        </extensions>
      </trkpt>
      <trkpt lat="42.46648988686501979827880859375" lon="-5.95934397540986537933349609375">
        <ele>893</ele>
        <time>2025-10-05T07:24:30.000Z</time>
        <extensions>
          <ns3:TrackPointExtension>
            <ns3:hr>94</ns3:hr>
            <ns3:cad>56</ns3:cad>
          </ns3:TrackPointExtension>
        </extensions>
      </trkpt>
      <trkpt lat="42.46649893932044506072998046875" lon="-5.9594059176743030548095703125">
        <ele>893.20001220703125</ele>
        <time>2025-10-05T07:24:34.000Z</time>
        <extensions>
          <ns3:TrackPointExtension>
            <ns3:hr>95</ns3:hr>
            <ns3:cad>56</ns3:cad>
          </ns3:TrackPointExtension>
        </extensions>
      </trkpt>
      <trkpt lat="42.466513104736804962158203125" lon="-5.95954245887696743011474609375">
        <ele>893.5999755859375</ele>
        <time>2025-10-05T07:24:43.000Z</time>
        <extensions>
          <ns3:TrackPointExtension>
            <ns3:hr>94</ns3:hr>
            <ns3:cad>111</ns3:cad>
          </ns3:TrackPointExtension>
        </extensions>
      </trkpt>
      <trkpt lat="42.46653087437152862548828125" lon="-5.9596332348883152008056640625">
        <ele>893.5999755859375</ele>
        <time>2025-10-05T07:24:48.000Z</time>
        <extensions>
          <ns3:TrackPointExtension>
            <ns3:hr>93</ns3:hr>
            <ns3:cad>55</ns3:cad>
          </ns3:TrackPointExtension>
        </extensions>
      </trkpt>
      <trkpt lat="42.466546632349491119384765625" lon="-5.9597525931894779205322265625">
        <ele>894</ele>
        <time>2025-10-05T07:24:56.000Z</time>
        <extensions>
          <ns3:TrackPointExtension>
            <ns3:hr>96</ns3:hr>
            <ns3:cad>110</ns3:cad>
          </ns3:TrackPointExtension>
        </extensions>
      </trkpt>
      <trkpt lat="42.466548644006252288818359375" lon="-5.9597710333764553070068359375">
        <ele>894</ele>
        <time>2025-10-05T07:24:57.000Z</time>
        <extensions>
          <ns3:TrackPointExtension>
            <ns3:hr>95</ns3:hr>
            <ns3:cad>56</ns3:cad>
          </ns3:TrackPointExtension>
        </extensions>
      </trkpt>
      <trkpt lat="42.46656733565032482147216796875" lon="-5.95993523485958576202392578125">
        <ele>894.20001220703125</ele>
        <time>2025-10-05T07:25:07.000Z</time>
        <extensions>
          <ns3:TrackPointExtension>
            <ns3:hr>95</ns3:hr>
            <ns3:cad>55</ns3:cad>
          </ns3:TrackPointExtension>
        </extensions>
      </trkpt>
      <trkpt lat="42.4665950797498226165771484375" lon="-5.96011091955006122589111328125">
        <ele>894.79998779296875</ele>
        <time>2025-10-05T07:25:18.000Z</time>
        <extensions>
          <ns3:TrackPointExtension>
            <ns3:hr>96</ns3:hr>
            <ns3:cad>54</ns3:cad>
          </ns3:TrackPointExtension>
        </extensions>
      </trkpt>
      <trkpt lat="42.4666141904890537261962890625" lon="-5.96024603582918643951416015625">
        <ele>894.79998779296875</ele>
        <time>2025-10-05T07:25:27.000Z</time>
        <extensions>
          <ns3:TrackPointExtension>
            <ns3:hr>97</ns3:hr>
            <ns3:cad>54</ns3:cad>
          </ns3:TrackPointExtension>
        </extensions>
      </trkpt>
      <trkpt lat="42.466617710888385772705078125" lon="-5.96031292341649532318115234375">
        <ele>895</ele>
        <time>2025-10-05T07:25:31.000Z</time>
        <extensions>
          <ns3:TrackPointExtension>
            <ns3:hr>96</ns3:hr>
            <ns3:cad>54</ns3:cad>
          </ns3:TrackPointExtension>
        </extensions>
      </trkpt>
      <trkpt lat="42.46662701480090618133544921875" lon="-5.96037729643285274505615234375">
        <ele>895.20001220703125</ele>
        <time>2025-10-05T07:25:35.000Z</time>
        <extensions>
          <ns3:TrackPointExtension>
            <ns3:hr>96</ns3:hr>
            <ns3:cad>54</ns3:cad>
          </ns3:TrackPointExtension>
        </extensions>
      </trkpt>
      <trkpt lat="42.4666440300643444061279296875" lon="-5.9604965709149837493896484375">
        <ele>895.4000244140625</ele>
        <time>2025-10-05T07:25:43.000Z</time>
        <extensions>
          <ns3:TrackPointExtension>
            <ns3:hr>95</ns3:hr>
            <ns3:cad>54</ns3:cad>
          </ns3:TrackPointExtension>
        </extensions>
      </trkpt>
      <trkpt lat="42.46665836311876773834228515625" lon="-5.9605797193944454193115234375">
        <ele>895.4000244140625</ele>
        <time>2025-10-05T07:25:48.000Z</time>
        <extensions>
          <ns3:TrackPointExtension>
            <ns3:hr>92</ns3:hr>
            <ns3:cad>55</ns3:cad>
          </ns3:TrackPointExtension>
        </extensions>
      </trkpt>
      <trkpt lat="42.46667814441025257110595703125" lon="-5.96067200414836406707763671875">
        <ele>896</ele>
        <time>2025-10-05T07:25:54.000Z</time>
        <extensions>
          <ns3:TrackPointExtension>
            <ns3:hr>91</ns3:hr>
            <ns3:cad>56</ns3:cad>
          </ns3:TrackPointExtension>
        </extensions>
      </trkpt>
      <trkpt lat="42.46669725514948368072509765625" lon="-5.96075247041881084442138671875">
        <ele>896</ele>
        <time>2025-10-05T07:25:59.000Z</time>
        <extensions>
          <ns3:TrackPointExtension>
            <ns3:hr>91</ns3:hr>
            <ns3:cad>56</ns3:cad>
          </ns3:TrackPointExtension>
        </extensions>
      </trkpt>
      <trkpt lat="42.4667058885097503662109375" lon="-5.96080292947590351104736328125">
        <ele>896.20001220703125</ele>
        <time>2025-10-05T07:26:02.000Z</time>
        <extensions>
          <ns3:TrackPointExtension>
            <ns3:hr>91</ns3:hr>
            <ns3:cad>0</ns3:cad>
          </ns3:TrackPointExtension>
        </extensions>
      </trkpt>
      <trkpt lat="42.46672935783863067626953125" lon="-5.9609024226665496826171875">
        <ele>896.4000244140625</ele>
        <time>2025-10-05T07:26:09.000Z</time>
        <extensions>
          <ns3:TrackPointExtension>
            <ns3:hr>91</ns3:hr>
            <ns3:cad>0</ns3:cad>
          </ns3:TrackPointExtension>
        </extensions>
      </trkpt>
      <trkpt lat="42.46675391681492328643798828125" lon="-5.96103427000343799591064453125">
        <ele>896.5999755859375</ele>
        <time>2025-10-05T07:26:17.000Z</time>
        <extensions>
          <ns3:TrackPointExtension>
            <ns3:hr>90</ns3:hr>
            <ns3:cad>0</ns3:cad>
          </ns3:TrackPointExtension>
        </extensions>
      </trkpt>
      <trkpt lat="42.46676397509872913360595703125" lon="-5.961181037127971649169921875">
        <ele>897</ele>
        <time>2025-10-05T07:26:26.000Z</time>
        <extensions>
          <ns3:TrackPointExtension>
            <ns3:hr>90</ns3:hr>
            <ns3:cad>56</ns3:cad>
          </ns3:TrackPointExtension>
        </extensions>
      </trkpt>
      <trkpt lat="42.466791383922100067138671875" lon="-5.9613350965082645416259765625">
        <ele>897</ele>
        <time>2025-10-05T07:26:35.000Z</time>
        <extensions>
          <ns3:TrackPointExtension>
            <ns3:hr>90</ns3:hr>
            <ns3:cad>55</ns3:cad>
          </ns3:TrackPointExtension>
        </extensions>
      </trkpt>
      <trkpt lat="42.466796748340129852294921875" lon="-5.9614142216742038726806640625">
        <ele>897.20001220703125</ele>
        <time>2025-10-05T07:26:40.000Z</time>
        <extensions>
          <ns3:TrackPointExtension>
            <ns3:hr>89</ns3:hr>
            <ns3:cad>54</ns3:cad>
          </ns3:TrackPointExtension>
        </extensions>
      </trkpt>
      <trkpt lat="42.466805465519428253173828125" lon="-5.96149359829723834991455078125">
        <ele>897.4000244140625</ele>
        <time>2025-10-05T07:26:45.000Z</time>
        <extensions>
          <ns3:TrackPointExtension>
            <ns3:hr>88</ns3:hr>
            <ns3:cad>55</ns3:cad>
          </ns3:TrackPointExtension>
        </extensions>
      </trkpt>
      <trkpt lat="42.4668190442025661468505859375" lon="-5.961606502532958984375">
        <ele>897.5999755859375</ele>
        <time>2025-10-05T07:26:52.000Z</time>
        <extensions>
          <ns3:TrackPointExtension>
            <ns3:hr>88</ns3:hr>
            <ns3:cad>55</ns3:cad>
          </ns3:TrackPointExtension>
        </extensions>
      </trkpt>
      <trkpt lat="42.4668426811695098876953125" lon="-5.9617380984127521514892578125">
        <ele>897.5999755859375</ele>
        <time>2025-10-05T07:27:00.000Z</time>
        <extensions>
          <ns3:TrackPointExtension>
            <ns3:hr>90</ns3:hr>
            <ns3:cad>55</ns3:cad>
          </ns3:TrackPointExtension>
        </extensions>
      </trkpt>
      <trkpt lat="42.4668534100055694580078125" lon="-5.96181596629321575164794921875">
        <ele>898</ele>
        <time>2025-10-05T07:27:05.000Z</time>
        <extensions>
          <ns3:TrackPointExtension>
            <ns3:hr>93</ns3:hr>
            <ns3:cad>56</ns3:cad>
          </ns3:TrackPointExtension>
        </extensions>
      </trkpt>
      <trkpt lat="42.4668579362332820892333984375" lon="-5.961832143366336822509765625">
        <ele>898.20001220703125</ele>
        <time>2025-10-05T07:27:06.000Z</time>
        <extensions>
          <ns3:TrackPointExtension>
            <ns3:hr>93</ns3:hr>
            <ns3:cad>56</ns3:cad>
          </ns3:TrackPointExtension>
        </extensions>
      </trkpt>
      <trkpt lat="42.4668686650693416595458984375" lon="-5.96187950111925601959228515625">
        <ele>898.20001220703125</ele>
        <time>2025-10-05T07:27:09.000Z</time>
        <extensions>
          <ns3:TrackPointExtension>
            <ns3:hr>94</ns3:hr>
            <ns3:cad>55</ns3:cad>
          </ns3:TrackPointExtension>
        </extensions>
      </trkpt>
      <trkpt lat="42.46690160594880580902099609375" lon="-5.96200740896165370941162109375">
        <ele>898.4000244140625</ele>
        <time>2025-10-05T07:27:17.000Z</time>
        <extensions>
          <ns3:TrackPointExtension>
            <ns3:hr>94</ns3:hr>
            <ns3:cad>111</ns3:cad>
          </ns3:TrackPointExtension>
        </extensions>
      </trkpt>
      <trkpt lat="42.4669306911528110504150390625" lon="-5.96210916526615619659423828125">
        <ele>898.79998779296875</ele>
        <time>2025-10-05T07:27:24.000Z</time>
        <extensions>
          <ns3:TrackPointExtension>
            <ns3:hr>94</ns3:hr>
            <ns3:cad>0</ns3:cad>
          </ns3:TrackPointExtension>
        </extensions>
      </trkpt>
      <trkpt lat="42.4669821560382843017578125" lon="-5.96223606728017330169677734375">
        <ele>899.20001220703125</ele>
        <time>2025-10-05T07:27:33.000Z</time>
        <extensions>
          <ns3:TrackPointExtension>
            <ns3:hr>94</ns3:hr>
            <ns3:cad>55</ns3:cad>
          </ns3:TrackPointExtension>
        </extensions>
      </trkpt>
      <trkpt lat="42.46702599339187145233154296875" lon="-5.962329693138599395751953125">
        <ele>899.4000244140625</ele>
        <time>2025-10-05T07:27:40.000Z</time>
        <extensions>
          <ns3:TrackPointExtension>
            <ns3:hr>93</ns3:hr>
            <ns3:cad>55</ns3:cad>
          </ns3:TrackPointExtension>
        </extensions>
      </trkpt>
      <trkpt lat="42.46708600781857967376708984375" lon="-5.96245164982974529266357421875">
        <ele>899.79998779296875</ele>
        <time>2025-10-05T07:27:49.000Z</time>
        <extensions>
          <ns3:TrackPointExtension>
            <ns3:hr>93</ns3:hr>
            <ns3:cad>55</ns3:cad>
          </ns3:TrackPointExtension>
        </extensions>
      </trkpt>
      <trkpt lat="42.4671335332095623016357421875" lon="-5.962587855756282806396484375">
        <ele>900</ele>
        <time>2025-10-05T07:27:58.000Z</time>
        <extensions>
          <ns3:TrackPointExtension>
            <ns3:hr>92</ns3:hr>
            <ns3:cad>55</ns3:cad>
          </ns3:TrackPointExtension>
        </extensions>
      </trkpt>
      <trkpt lat="42.46714283712208271026611328125" lon="-5.96264309249818325042724609375">
        <ele>900.20001220703125</ele>
        <time>2025-10-05T07:28:02.000Z</time>
        <extensions>
          <ns3:TrackPointExtension>
            <ns3:hr>93</ns3:hr>
            <ns3:cad>55</ns3:cad>
          </ns3:TrackPointExtension>
        </extensions>
      </trkpt>
      <trkpt lat="42.4671486206352710723876953125" lon="-5.96270092763006687164306640625">
        <ele>900.20001220703125</ele>
        <time>2025-10-05T07:28:05.000Z</time>
        <extensions>
          <ns3:TrackPointExtension>
            <ns3:hr>92</ns3:hr>
            <ns3:cad>55</ns3:cad>
          </ns3:TrackPointExtension>
        </extensions>
      </trkpt>
      <trkpt lat="42.4671606905758380889892578125" lon="-5.9627673961222171783447265625">
        <ele>900.4000244140625</ele>
        <time>2025-10-05T07:28:09.000Z</time>
        <extensions>
          <ns3:TrackPointExtension>
            <ns3:hr>89</ns3:hr>
            <ns3:cad>55</ns3:cad>
          </ns3:TrackPointExtension>
        </extensions>
      </trkpt>
      <trkpt lat="42.46717116795480251312255859375" lon="-5.96282497979700565338134765625">
        <ele>900.5999755859375</ele>
        <time>2025-10-05T07:28:13.000Z</time>
        <extensions>
          <ns3:TrackPointExtension>
            <ns3:hr>88</ns3:hr>
            <ns3:cad>55</ns3:cad>
          </ns3:TrackPointExtension>
        </extensions>
      </trkpt>
      <trkpt lat="42.46719983406364917755126953125" lon="-5.96295523457229137420654296875">
        <ele>901</ele>
        <time>2025-10-05T07:28:21.000Z</time>
        <extensions>
          <ns3:TrackPointExtension>
            <ns3:hr>88</ns3:hr>
            <ns3:cad>0</ns3:cad>
          </ns3:TrackPointExtension>
        </extensions>
      </trkpt>
      <trkpt lat="42.4672062881290912628173828125" lon="-5.9629782848060131072998046875">
        <ele>901.20001220703125</ele>
        <time>2025-10-05T07:28:23.000Z</time>
        <extensions>
          <ns3:TrackPointExtension>
            <ns3:hr>88</ns3:hr>
            <ns3:cad>55</ns3:cad>
          </ns3:TrackPointExtension>
        </extensions>
      </trkpt>
      <trkpt lat="42.46721257455646991729736328125" lon="-5.963014997541904449462890625">
        <ele>901.4000244140625</ele>
        <time>2025-10-05T07:28:27.000Z</time>
        <extensions>
          <ns3:TrackPointExtension>
            <ns3:hr>88</ns3:hr>
            <ns3:cad>53</ns3:cad>
          </ns3:TrackPointExtension>
        </extensions>
      </trkpt>
      <trkpt lat="42.46724124066531658172607421875" lon="-5.9631469286978244781494140625">
        <ele>901.79998779296875</ele>
        <time>2025-10-05T07:28:35.000Z</time>
        <extensions>
          <ns3:TrackPointExtension>
            <ns3:hr>90</ns3:hr>
            <ns3:cad>55</ns3:cad>
          </ns3:TrackPointExtension>
        </extensions>
      </trkpt>
      <trkpt lat="42.46725548990070819854736328125" lon="-5.9632612578570842742919921875">
        <ele>902.20001220703125</ele>
        <time>2025-10-05T07:28:42.000Z</time>
        <extensions>
          <ns3:TrackPointExtension>
            <ns3:hr>90</ns3:hr>
            <ns3:cad>55</ns3:cad>
          </ns3:TrackPointExtension>
        </extensions>
      </trkpt>
      <trkpt lat="42.46726035140454769134521484375" lon="-5.9633390419185161590576171875">
        <ele>902.79998779296875</ele>
        <time>2025-10-05T07:28:48.000Z</time>
        <extensions>
          <ns3:TrackPointExtension>
            <ns3:hr>91</ns3:hr>
            <ns3:cad>55</ns3:cad>
          </ns3:TrackPointExtension>
        </extensions>
      </trkpt>
      <trkpt lat="42.4672847427427768707275390625" lon="-5.96347105689346790313720703125">
        <ele>903.4000244140625</ele>
        <time>2025-10-05T07:28:56.000Z</time>
        <extensions>
          <ns3:TrackPointExtension>
            <ns3:hr>91</ns3:hr>
            <ns3:cad>0</ns3:cad>
          </ns3:TrackPointExtension>
        </extensions>
      </trkpt>
      <trkpt lat="42.46729957871139049530029296875" lon="-5.96362017095088958740234375">
        <ele>903.79998779296875</ele>
        <time>2025-10-05T07:29:05.000Z</time>
        <extensions>
          <ns3:TrackPointExtension>
            <ns3:hr>93</ns3:hr>
            <ns3:cad>53</ns3:cad>
          </ns3:TrackPointExtension>
        </extensions>
      </trkpt>
      <trkpt lat="42.46731382794678211212158203125" lon="-5.96374313347041606903076171875">
        <ele>904.20001220703125</ele>
        <time>2025-10-05T07:29:13.000Z</time>
        <extensions>
          <ns3:TrackPointExtension>
            <ns3:hr>91</ns3:hr>
            <ns3:cad>105</ns3:cad>
          </ns3:TrackPointExtension>
        </extensions>
      </trkpt>
      <trkpt lat="42.46731516905128955841064453125" lon="-5.96375838853418827056884765625">
        <ele>904.4000244140625</ele>
        <time>2025-10-05T07:29:14.000Z</time>
        <extensions>
          <ns3:TrackPointExtension>
            <ns3:hr>91</ns3:hr>
            <ns3:cad>55</ns3:cad>
          </ns3:TrackPointExtension>
        </extensions>
      </trkpt>
      <trkpt lat="42.46733159758150577545166015625" lon="-5.9638567082583904266357421875">
        <ele>904.79998779296875</ele>
        <time>2025-10-05T07:29:20.000Z</time>
        <extensions>
          <ns3:TrackPointExtension>
            <ns3:hr>91</ns3:hr>
            <ns3:cad>55</ns3:cad>
          </ns3:TrackPointExtension>
        </extensions>
      </trkpt>
      <trkpt lat="42.46735137887299060821533203125" lon="-5.9639797545969486236572265625">
        <ele>905.4000244140625</ele>
        <time>2025-10-05T07:29:28.000Z</time>
        <extensions>
          <ns3:TrackPointExtension>
            <ns3:hr>92</ns3:hr>
            <ns3:cad>55</ns3:cad>
          </ns3:TrackPointExtension>
        </extensions>
      </trkpt>
      <trkpt lat="42.4673528037965297698974609375" lon="-5.9639988653361797332763671875">
        <ele>905.4000244140625</ele>
        <time>2025-10-05T07:29:29.000Z</time>
        <extensions>
          <ns3:TrackPointExtension>
            <ns3:hr>92</ns3:hr>
            <ns3:cad>55</ns3:cad>
          </ns3:TrackPointExtension>
        </extensions>
      </trkpt>
      <trkpt lat="42.46735221706330776214599609375" lon="-5.9640820138156414031982421875">
        <ele>906</ele>
        <time>2025-10-05T07:29:35.000Z</time>
        <extensions>
          <ns3:TrackPointExtension>
            <ns3:hr>93</ns3:hr>
            <ns3:cad>53</ns3:cad>
          </ns3:TrackPointExtension>
        </extensions>
      </trkpt>
      <trkpt lat="42.46733679436147212982177734375" lon="-5.9641988575458526611328125">
        <ele>906.5999755859375</ele>
        <time>2025-10-05T07:29:42.000Z</time>
        <extensions>
          <ns3:TrackPointExtension>
            <ns3:hr>94</ns3:hr>
            <ns3:cad>53</ns3:cad>
          </ns3:TrackPointExtension>
        </extensions>
      </trkpt>
      <trkpt lat="42.467296980321407318115234375" lon="-5.9643463790416717529296875">
        <ele>907.20001220703125</ele>
        <time>2025-10-05T07:29:52.000Z</time>
        <extensions>
          <ns3:TrackPointExtension>
            <ns3:hr>94</ns3:hr>
            <ns3:cad>55</ns3:cad>
          </ns3:TrackPointExtension>
        </extensions>
      </trkpt>
      <trkpt lat="42.46727728284895420074462890625" lon="-5.96443195827305316925048828125">
        <ele>907.4000244140625</ele>
        <time>2025-10-05T07:29:58.000Z</time>
        <extensions>
          <ns3:TrackPointExtension>
            <ns3:hr>94</ns3:hr>
            <ns3:cad>0</ns3:cad>
          </ns3:TrackPointExtension>
        </extensions>
      </trkpt>
      <trkpt lat="42.46727359481155872344970703125" lon="-5.96445961855351924896240234375">
        <ele>907.5999755859375</ele>
        <time>2025-10-05T07:30:00.000Z</time>
        <extensions>
          <ns3:TrackPointExtension>
            <ns3:hr>94</ns3:hr>
            <ns3:cad>54</ns3:cad>
          </ns3:TrackPointExtension>
        </extensions>
      </trkpt>
      <trkpt lat="42.46725934557616710662841796875" lon="-5.96456967294216156005859375">
        <ele>908</ele>
        <time>2025-10-05T07:30:07.000Z</time>
        <extensions>
          <ns3:TrackPointExtension>
            <ns3:hr>94</ns3:hr>
            <ns3:cad>53</ns3:cad>
          </ns3:TrackPointExtension>
        </extensions>
      </trkpt>
      <trkpt lat="42.46724492870271205902099609375" lon="-5.9646942280232906341552734375">
        <ele>908.4000244140625</ele>
        <time>2025-10-05T07:30:15.000Z</time>
        <extensions>
          <ns3:TrackPointExtension>
            <ns3:hr>94</ns3:hr>
            <ns3:cad>0</ns3:cad>
          </ns3:TrackPointExtension>
        </extensions>
      </trkpt>
      <trkpt lat="42.46724962256848812103271484375" lon="-5.964739657938480377197265625">
        <ele>908.5999755859375</ele>
        <time>2025-10-05T07:30:18.000Z</time>
        <extensions>
          <ns3:TrackPointExtension>
            <ns3:hr>93</ns3:hr>
            <ns3:cad>53</ns3:cad>
          </ns3:TrackPointExtension>
        </extensions>
      </trkpt>
      <trkpt lat="42.46724702417850494384765625" lon="-5.96483051776885986328125">
        <ele>909</ele>
        <time>2025-10-05T07:30:24.000Z</time>
        <extensions>
          <ns3:TrackPointExtension>
            <ns3:hr>93</ns3:hr>
            <ns3:cad>53</ns3:cad>
          </ns3:TrackPointExtension>
        </extensions>
      </trkpt>
      <trkpt lat="42.467247359454631805419921875" lon="-5.96499145030975341796875">
        <ele>909.5999755859375</ele>
        <time>2025-10-05T07:30:34.000Z</time>
        <extensions>
          <ns3:TrackPointExtension>
            <ns3:hr>95</ns3:hr>
            <ns3:cad>54</ns3:cad>
          </ns3:TrackPointExtension>
        </extensions>
      </trkpt>
      <trkpt lat="42.46725213713943958282470703125" lon="-5.96513000316917896270751953125">
        <ele>910.20001220703125</ele>
        <time>2025-10-05T07:30:43.000Z</time>
        <extensions>
          <ns3:TrackPointExtension>
            <ns3:hr>94</ns3:hr>
            <ns3:cad>54</ns3:cad>
          </ns3:TrackPointExtension>
        </extensions>
      </trkpt>
      <trkpt lat="42.46725532226264476776123046875" lon="-5.96527031622827053070068359375">
        <ele>910.5999755859375</ele>
        <time>2025-10-05T07:30:51.000Z</time>
        <extensions>
          <ns3:TrackPointExtension>
            <ns3:hr>92</ns3:hr>
            <ns3:cad>53</ns3:cad>
          </ns3:TrackPointExtension>
        </extensions>
      </trkpt>
      <trkpt lat="42.46725683100521564483642578125" lon="-5.96528842113912105560302734375">
        <ele>910.5999755859375</ele>
        <time>2025-10-05T07:30:52.000Z</time>
        <extensions>
          <ns3:TrackPointExtension>
            <ns3:hr>93</ns3:hr>
            <ns3:cad>53</ns3:cad>
          </ns3:TrackPointExtension>
        </extensions>
      </trkpt>
      <trkpt lat="42.46726403944194316864013671875" lon="-5.9653966315090656280517578125">
        <ele>911</ele>
        <time>2025-10-05T07:30:59.000Z</time>
        <extensions>
          <ns3:TrackPointExtension>
            <ns3:hr>91</ns3:hr>
            <ns3:cad>0</ns3:cad>
          </ns3:TrackPointExtension>
        </extensions>
      </trkpt>
      <trkpt lat="42.46727962978184223175048828125" lon="-5.96552026458084583282470703125">
        <ele>911.5999755859375</ele>
        <time>2025-10-05T07:31:07.000Z</time>
        <extensions>
          <ns3:TrackPointExtension>
            <ns3:hr>90</ns3:hr>
            <ns3:cad>54</ns3:cad>
          </ns3:TrackPointExtension>
        </extensions>
      </trkpt>
      <trkpt lat="42.46728323400020599365234375" lon="-5.9655521996319293975830078125">
        <ele>911.5999755859375</ele>
        <time>2025-10-05T07:31:09.000Z</time>
        <extensions>
          <ns3:TrackPointExtension>
            <ns3:hr>91</ns3:hr>
            <ns3:cad>54</ns3:cad>
          </ns3:TrackPointExtension>
        </extensions>
      </trkpt>
      <trkpt lat="42.46729438193142414093017578125" lon="-5.9656433947384357452392578125">
        <ele>912</ele>
        <time>2025-10-05T07:31:15.000Z</time>
        <extensions>
          <ns3:TrackPointExtension>
            <ns3:hr>91</ns3:hr>
            <ns3:cad>54</ns3:cad>
          </ns3:TrackPointExtension>
        </extensions>
      </trkpt>
      <trkpt lat="42.46730477549135684967041015625" lon="-5.96579904668033123016357421875">
        <ele>912.4000244140625</ele>
        <time>2025-10-05T07:31:25.000Z</time>
        <extensions>
          <ns3:TrackPointExtension>
            <ns3:hr>92</ns3:hr>
            <ns3:cad>53</ns3:cad>
          </ns3:TrackPointExtension>
        </extensions>
      </trkpt>
      <trkpt lat="42.46730896644294261932373046875" lon="-5.9658914990723133087158203125">
        <ele>912.5999755859375</ele>
        <time>2025-10-05T07:31:31.000Z</time>
        <extensions>
          <ns3:TrackPointExtension>
            <ns3:hr>90</ns3:hr>
            <ns3:cad>55</ns3:cad>
          </ns3:TrackPointExtension>
        </extensions>
      </trkpt>
      <trkpt lat="42.46731064282357692718505859375" lon="-5.965908430516719818115234375">
        <ele>912.5999755859375</ele>
        <time>2025-10-05T07:31:32.000Z</time>
        <extensions>
          <ns3:TrackPointExtension>
            <ns3:hr>90</ns3:hr>
            <ns3:cad>55</ns3:cad>
          </ns3:TrackPointExtension>
        </extensions>
      </trkpt>
      <trkpt lat="42.46732883155345916748046875" lon="-5.96603977493941783905029296875">
        <ele>912.79998779296875</ele>
        <time>2025-10-05T07:31:40.000Z</time>
        <extensions>
          <ns3:TrackPointExtension>
            <ns3:hr>88</ns3:hr>
            <ns3:cad>53</ns3:cad>
          </ns3:TrackPointExtension>
        </extensions>
      </trkpt>
      <trkpt lat="42.46734785847365856170654296875" lon="-5.96615728922188282012939453125">
        <ele>913.4000244140625</ele>
        <time>2025-10-05T07:31:48.000Z</time>
        <extensions>
          <ns3:TrackPointExtension>
            <ns3:hr>87</ns3:hr>
            <ns3:cad>53</ns3:cad>
          </ns3:TrackPointExtension>
        </extensions>
      </trkpt>
      <trkpt lat="42.46737602166831493377685546875" lon="-5.9662592969834804534912109375">
        <ele>913.79998779296875</ele>
        <time>2025-10-05T07:31:55.000Z</time>
        <extensions>
          <ns3:TrackPointExtension>
            <ns3:hr>87</ns3:hr>
            <ns3:cad>55</ns3:cad>
          </ns3:TrackPointExtension>
        </extensions>
      </trkpt>
      <trkpt lat="42.46738247573375701904296875" lon="-5.9662909805774688720703125">
        <ele>913.79998779296875</ele>
        <time>2025-10-05T07:31:57.000Z</time>
        <extensions>
          <ns3:TrackPointExtension>
            <ns3:hr>87</ns3:hr>
            <ns3:cad>55</ns3:cad>
          </ns3:TrackPointExtension>
        </extensions>
      </trkpt>
      <trkpt lat="42.467414326965808868408203125" lon="-5.966415703296661376953125">
        <ele>914.4000244140625</ele>
        <time>2025-10-05T07:32:05.000Z</time>
        <extensions>
          <ns3:TrackPointExtension>
            <ns3:hr>88</ns3:hr>
            <ns3:cad>53</ns3:cad>
          </ns3:TrackPointExtension>
        </extensions>
      </trkpt>
      <trkpt lat="42.4674453400075435638427734375" lon="-5.96653531305491924285888671875">
        <ele>914.79998779296875</ele>
        <time>2025-10-05T07:32:14.000Z</time>
        <extensions>
          <ns3:TrackPointExtension>
            <ns3:hr>87</ns3:hr>
            <ns3:cad>53</ns3:cad>
          </ns3:TrackPointExtension>
        </extensions>
      </trkpt>
      <trkpt lat="42.467470653355121612548828125" lon="-5.9666609577834606170654296875">
        <ele>915.4000244140625</ele>
        <time>2025-10-05T07:32:22.000Z</time>
        <extensions>
          <ns3:TrackPointExtension>
            <ns3:hr>87</ns3:hr>
            <ns3:cad>54</ns3:cad>
          </ns3:TrackPointExtension>
        </extensions>
      </trkpt>
      <trkpt lat="42.46747559867799282073974609375" lon="-5.96672306768596172332763671875">
        <ele>915.79998779296875</ele>
        <time>2025-10-05T07:32:26.000Z</time>
        <extensions>
          <ns3:TrackPointExtension>
            <ns3:hr>87</ns3:hr>
            <ns3:cad>52</ns3:cad>
          </ns3:TrackPointExtension>
        </extensions>
      </trkpt>
      <trkpt lat="42.46748398058116436004638671875" lon="-5.9667826630175113677978515625">
        <ele>916.20001220703125</ele>
        <time>2025-10-05T07:32:30.000Z</time>
        <extensions>
          <ns3:TrackPointExtension>
            <ns3:hr>87</ns3:hr>
            <ns3:cad>51</ns3:cad>
          </ns3:TrackPointExtension>
        </extensions>
      </trkpt>
      <trkpt lat="42.4674882553517818450927734375" lon="-5.9668644703924655914306640625">
        <ele>916.79998779296875</ele>
        <time>2025-10-05T07:32:36.000Z</time>
        <extensions>
          <ns3:TrackPointExtension>
            <ns3:hr>88</ns3:hr>
            <ns3:cad>52</ns3:cad>
          </ns3:TrackPointExtension>
        </extensions>
      </trkpt>
      <trkpt lat="42.4674890935420989990234375" lon="-5.9668872691690921783447265625">
        <ele>917</ele>
        <time>2025-10-05T07:32:38.000Z</time>
        <extensions>
          <ns3:TrackPointExtension>
            <ns3:hr>88</ns3:hr>
            <ns3:cad>52</ns3:cad>
          </ns3:TrackPointExtension>
        </extensions>
      </trkpt>
      <trkpt lat="42.46749152429401874542236328125" lon="-5.967010818421840667724609375">
        <ele>917.5999755859375</ele>
        <time>2025-10-05T07:32:46.000Z</time>
        <extensions>
          <ns3:TrackPointExtension>
            <ns3:hr>89</ns3:hr>
            <ns3:cad>51</ns3:cad>
          </ns3:TrackPointExtension>
        </extensions>
      </trkpt>
      <trkpt lat="42.467491440474987030029296875" lon="-5.967080891132354736328125">
        <ele>918</ele>
        <time>2025-10-05T07:32:51.000Z</time>
        <extensions>
          <ns3:TrackPointExtension>
            <ns3:hr>89</ns3:hr>
            <ns3:cad>51</ns3:cad>
          </ns3:TrackPointExtension>
        </extensions>
      </trkpt>
      <trkpt lat="42.4674879200756549835205078125" lon="-5.96713629551231861114501953125">
        <ele>918.20001220703125</ele>
        <time>2025-10-05T07:32:55.000Z</time>
        <extensions>
          <ns3:TrackPointExtension>
            <ns3:hr>90</ns3:hr>
            <ns3:cad>50</ns3:cad>
          </ns3:TrackPointExtension>
        </extensions>
      </trkpt>
      <trkpt lat="42.467461936175823211669921875" lon="-5.9672225452959537506103515625">
        <ele>918.5999755859375</ele>
        <time>2025-10-05T07:33:01.000Z</time>
        <extensions>
          <ns3:TrackPointExtension>
            <ns3:hr>91</ns3:hr>
            <ns3:cad>52</ns3:cad>
          </ns3:TrackPointExtension>
        </extensions>
      </trkpt>
      <trkpt lat="42.46744408272206783294677734375" lon="-5.96734131686389446258544921875">
        <ele>918.5999755859375</ele>
        <time>2025-10-05T07:33:09.000Z</time>
        <extensions>
          <ns3:TrackPointExtension>
            <ns3:hr>92</ns3:hr>
            <ns3:cad>54</ns3:cad>
          </ns3:TrackPointExtension>
        </extensions>
      </trkpt>
      <trkpt lat="42.46743075549602508544921875" lon="-5.96739672124385833740234375">
        <ele>918.5999755859375</ele>
        <time>2025-10-05T07:33:16.000Z</time>
        <extensions>
          <ns3:TrackPointExtension>
            <ns3:hr>92</ns3:hr>
            <ns3:cad>0</ns3:cad>
          </ns3:TrackPointExtension>
        </extensions>
      </trkpt>
      <trkpt lat="42.467435114085674285888671875" lon="-5.96739093773066997528076171875">
        <ele>918.5999755859375</ele>
        <time>2025-10-05T07:33:18.000Z</time>
        <extensions>
          <ns3:TrackPointExtension>
            <ns3:hr>91</ns3:hr>
            <ns3:cad>0</ns3:cad>
          </ns3:TrackPointExtension>
        </extensions>
      </trkpt>
      <trkpt lat="42.4674386344850063323974609375" lon="-5.96739361993968486785888671875">
        <ele>918.5999755859375</ele>
        <time>2025-10-05T07:33:23.000Z</time>
        <extensions>
          <ns3:TrackPointExtension>
            <ns3:hr>92</ns3:hr>
            <ns3:cad>0</ns3:cad>
          </ns3:TrackPointExtension>
        </extensions>
      </trkpt>
      <trkpt lat="42.46743871830403804779052734375" lon="-5.967393703758716583251953125">
        <ele>918.4000244140625</ele>
        <time>2025-10-05T07:33:32.000Z</time>
        <extensions>
          <ns3:TrackPointExtension>
            <ns3:hr>91</ns3:hr>
            <ns3:cad>0</ns3:cad>
          </ns3:TrackPointExtension>
        </extensions>
      </trkpt>
      <trkpt lat="42.46742731891572475433349609375" lon="-5.967470817267894744873046875">
        <ele>918</ele>
        <time>2025-10-05T07:33:38.000Z</time>
        <extensions>
          <ns3:TrackPointExtension>
            <ns3:hr>90</ns3:hr>
            <ns3:cad>0</ns3:cad>
          </ns3:TrackPointExtension>
        </extensions>
      </trkpt>
      <trkpt lat="42.4674215354025363922119140625" lon="-5.96762579865753650665283203125">
        <ele>917.5999755859375</ele>
        <time>2025-10-05T07:33:47.000Z</time>
        <extensions>
          <ns3:TrackPointExtension>
            <ns3:hr>89</ns3:hr>
            <ns3:cad>57</ns3:cad>
          </ns3:TrackPointExtension>
        </extensions>
      </trkpt>
      <trkpt lat="42.4674114771187305450439453125" lon="-5.9677019901573657989501953125">
        <ele>917.79998779296875</ele>
        <time>2025-10-05T07:33:52.000Z</time>
        <extensions>
          <ns3:TrackPointExtension>
            <ns3:hr>92</ns3:hr>
            <ns3:cad>0</ns3:cad>
          </ns3:TrackPointExtension>
        </extensions>
      </trkpt>
      <trkpt lat="42.4674014188349246978759765625" lon="-5.9677526168525218963623046875">
        <ele>917.4000244140625</ele>
        <time>2025-10-05T07:33:55.000Z</time>
        <extensions>
          <ns3:TrackPointExtension>
            <ns3:hr>93</ns3:hr>
            <ns3:cad>57</ns3:cad>
          </ns3:TrackPointExtension>
        </extensions>
      </trkpt>
      <trkpt lat="42.46738876216113567352294921875" lon="-5.96783819608390331268310546875">
        <ele>917.20001220703125</ele>
        <time>2025-10-05T07:34:00.000Z</time>
        <extensions>
          <ns3:TrackPointExtension>
            <ns3:hr>89</ns3:hr>
            <ns3:cad>58</ns3:cad>
          </ns3:TrackPointExtension>
        </extensions>
      </trkpt>
      <trkpt lat="42.46738390065729618072509765625" lon="-5.96786954440176486968994140625">
        <ele>917</ele>
        <time>2025-10-05T07:34:02.000Z</time>
        <extensions>
          <ns3:TrackPointExtension>
            <ns3:hr>85</ns3:hr>
            <ns3:cad>58</ns3:cad>
          </ns3:TrackPointExtension>
        </extensions>
      </trkpt>
      <trkpt lat="42.46738038025796413421630859375" lon="-5.96788228489458560943603515625">
        <ele>917</ele>
        <time>2025-10-05T07:34:03.000Z</time>
        <extensions>
          <ns3:TrackPointExtension>
            <ns3:hr>82</ns3:hr>
            <ns3:cad>58</ns3:cad>
          </ns3:TrackPointExtension>
        </extensions>
      </trkpt>
      <trkpt lat="42.46737711131572723388671875" lon="-5.9678961150348186492919921875">
        <ele>917</ele>
        <time>2025-10-05T07:34:04.000Z</time>
        <extensions>
          <ns3:TrackPointExtension>
            <ns3:hr>81</ns3:hr>
            <ns3:cad>57</ns3:cad>
          </ns3:TrackPointExtension>
        </extensions>
      </trkpt>
      <trkpt lat="42.46736478991806507110595703125" lon="-5.96796643920242786407470703125">
        <ele>916.79998779296875</ele>
        <time>2025-10-05T07:34:08.000Z</time>
        <extensions>
          <ns3:TrackPointExtension>
            <ns3:hr>79</ns3:hr>
            <ns3:cad>58</ns3:cad>
          </ns3:TrackPointExtension>
        </extensions>
      </trkpt>
      <trkpt lat="42.46735741384327411651611328125" lon="-5.9680305607616901397705078125">
        <ele>916.79998779296875</ele>
        <time>2025-10-05T07:34:12.000Z</time>
        <extensions>
          <ns3:TrackPointExtension>
            <ns3:hr>79</ns3:hr>
            <ns3:cad>58</ns3:cad>
          </ns3:TrackPointExtension>
        </extensions>
      </trkpt>
      <trkpt lat="42.4673511274158954620361328125" lon="-5.96809937618672847747802734375">
        <ele>916.4000244140625</ele>
        <time>2025-10-05T07:34:16.000Z</time>
        <extensions>
          <ns3:TrackPointExtension>
            <ns3:hr>83</ns3:hr>
            <ns3:cad>58</ns3:cad>
          </ns3:TrackPointExtension>
        </extensions>
      </trkpt>
      <trkpt lat="42.4673487804830074310302734375" lon="-5.9681381843984127044677734375">
        <ele>916.20001220703125</ele>
        <time>2025-10-05T07:34:18.000Z</time>
        <extensions>
          <ns3:TrackPointExtension>
            <ns3:hr>86</ns3:hr>
            <ns3:cad>58</ns3:cad>
          </ns3:TrackPointExtension>
        </extensions>
      </trkpt>
      <trkpt lat="42.46733277104794979095458984375" lon="-5.968219824135303497314453125">
        <ele>916.20001220703125</ele>
        <time>2025-10-05T07:34:23.000Z</time>
        <extensions>
          <ns3:TrackPointExtension>
            <ns3:hr>86</ns3:hr>
            <ns3:cad>59</ns3:cad>
          </ns3:TrackPointExtension>
        </extensions>
      </trkpt>
      <trkpt lat="42.467328496277332305908203125" lon="-5.96833105199038982391357421875">
        <ele>915.79998779296875</ele>
        <time>2025-10-05T07:34:29.000Z</time>
        <extensions>
          <ns3:TrackPointExtension>
            <ns3:hr>87</ns3:hr>
            <ns3:cad>59</ns3:cad>
          </ns3:TrackPointExtension>
        </extensions>
      </trkpt>
      <trkpt lat="42.4673259817063808441162109375" lon="-5.9683665074408054351806640625">
        <ele>915.5999755859375</ele>
        <time>2025-10-05T07:34:31.000Z</time>
        <extensions>
          <ns3:TrackPointExtension>
            <ns3:hr>86</ns3:hr>
            <ns3:cad>60</ns3:cad>
          </ns3:TrackPointExtension>
        </extensions>
      </trkpt>
      <trkpt lat="42.4673303402960300445556640625" lon="-5.96851897425949573516845703125">
        <ele>915</ele>
        <time>2025-10-05T07:34:40.000Z</time>
        <extensions>
          <ns3:TrackPointExtension>
            <ns3:hr>84</ns3:hr>
            <ns3:cad>60</ns3:cad>
          </ns3:TrackPointExtension>
        </extensions>
      </trkpt>
      <trkpt lat="42.46732874773442745208740234375" lon="-5.968536324799060821533203125">
        <ele>914.79998779296875</ele>
        <time>2025-10-05T07:34:41.000Z</time>
        <extensions>
          <ns3:TrackPointExtension>
            <ns3:hr>84</ns3:hr>
            <ns3:cad>60</ns3:cad>
          </ns3:TrackPointExtension>
        </extensions>
      </trkpt>
      <trkpt lat="42.4673108942806720733642578125" lon="-5.96864822320640087127685546875">
        <ele>913.79998779296875</ele>
        <time>2025-10-05T07:34:48.000Z</time>
        <extensions>
          <ns3:TrackPointExtension>
            <ns3:hr>83</ns3:hr>
            <ns3:cad>60</ns3:cad>
          </ns3:TrackPointExtension>
        </extensions>
      </trkpt>
      <trkpt lat="42.467308379709720611572265625" lon="-5.968675799667835235595703125">
        <ele>913.4000244140625</ele>
        <time>2025-10-05T07:34:50.000Z</time>
        <extensions>
          <ns3:TrackPointExtension>
            <ns3:hr>84</ns3:hr>
            <ns3:cad>60</ns3:cad>
          </ns3:TrackPointExtension>
        </extensions>
      </trkpt>
      <trkpt lat="42.46730226092040538787841796875" lon="-5.96874629147350788116455078125">
        <ele>912.5999755859375</ele>
        <time>2025-10-05T07:34:54.000Z</time>
        <extensions>
          <ns3:TrackPointExtension>
            <ns3:hr>83</ns3:hr>
            <ns3:cad>60</ns3:cad>
          </ns3:TrackPointExtension>
        </extensions>
      </trkpt>
      <trkpt lat="42.4672968126833438873291015625" lon="-5.96880546770989894866943359375">
        <ele>912</ele>
        <time>2025-10-05T07:34:58.000Z</time>
        <extensions>
          <ns3:TrackPointExtension>
            <ns3:hr>83</ns3:hr>
            <ns3:cad>59</ns3:cad>
          </ns3:TrackPointExtension>
        </extensions>
      </trkpt>
      <trkpt lat="42.46729304082691669464111328125" lon="-5.96884150989353656768798828125">
        <ele>911.5999755859375</ele>
        <time>2025-10-05T07:35:00.000Z</time>
        <extensions>
          <ns3:TrackPointExtension>
            <ns3:hr>82</ns3:hr>
            <ns3:cad>61</ns3:cad>
          </ns3:TrackPointExtension>
        </extensions>
      </trkpt>
      <trkpt lat="42.46728298254311084747314453125" lon="-5.96892147324979305267333984375">
        <ele>910.5999755859375</ele>
        <time>2025-10-05T07:35:05.000Z</time>
        <extensions>
          <ns3:TrackPointExtension>
            <ns3:hr>81</ns3:hr>
            <ns3:cad>59</ns3:cad>
          </ns3:TrackPointExtension>
        </extensions>
      </trkpt>
      <trkpt lat="42.46728080324828624725341796875" lon="-5.96893605776131153106689453125">
        <ele>910.4000244140625</ele>
        <time>2025-10-05T07:35:06.000Z</time>
        <extensions>
          <ns3:TrackPointExtension>
            <ns3:hr>81</ns3:hr>
            <ns3:cad>118</ns3:cad>
          </ns3:TrackPointExtension>
        </extensions>
      </trkpt>
      <trkpt lat="42.467257082462310791015625" lon="-5.96903328783810138702392578125">
        <ele>909.20001220703125</ele>
        <time>2025-10-05T07:35:13.000Z</time>
        <extensions>
          <ns3:TrackPointExtension>
            <ns3:hr>79</ns3:hr>
            <ns3:cad>57</ns3:cad>
          </ns3:TrackPointExtension>
        </extensions>
      </trkpt>
      <trkpt lat="42.46725372970104217529296875" lon="-5.969047956168651580810546875">
        <ele>909</ele>
        <time>2025-10-05T07:35:14.000Z</time>
        <extensions>
          <ns3:TrackPointExtension>
            <ns3:hr>79</ns3:hr>
            <ns3:cad>57</ns3:cad>
          </ns3:TrackPointExtension>
        </extensions>
      </trkpt>
      <trkpt lat="42.4672364629805088043212890625" lon="-5.96910688094794750213623046875">
        <ele>908</ele>
        <time>2025-10-05T07:35:18.000Z</time>
        <extensions>
          <ns3:TrackPointExtension>
            <ns3:hr>79</ns3:hr>
            <ns3:cad>57</ns3:cad>
          </ns3:TrackPointExtension>
        </extensions>
      </trkpt>
      <trkpt lat="42.467217855155467987060546875" lon="-5.96916186623275279998779296875">
        <ele>907.4000244140625</ele>
        <time>2025-10-05T07:35:22.000Z</time>
        <extensions>
          <ns3:TrackPointExtension>
            <ns3:hr>78</ns3:hr>
            <ns3:cad>58</ns3:cad>
          </ns3:TrackPointExtension>
        </extensions>
      </trkpt>
      <trkpt lat="42.467201761901378631591796875" lon="-5.9692093916237354278564453125">
        <ele>906.79998779296875</ele>
        <time>2025-10-05T07:35:25.000Z</time>
        <extensions>
          <ns3:TrackPointExtension>
            <ns3:hr>78</ns3:hr>
            <ns3:cad>57</ns3:cad>
          </ns3:TrackPointExtension>
        </extensions>
      </trkpt>
      <trkpt lat="42.46716027148067951202392578125" lon="-5.969334281980991363525390625">
        <ele>905.79998779296875</ele>
        <time>2025-10-05T07:35:33.000Z</time>
        <extensions>
          <ns3:TrackPointExtension>
            <ns3:hr>80</ns3:hr>
            <ns3:cad>58</ns3:cad>
          </ns3:TrackPointExtension>
        </extensions>
      </trkpt>
      <trkpt lat="42.4671583436429500579833984375" lon="-5.9693478606641292572021484375">
        <ele>905.5999755859375</ele>
        <time>2025-10-05T07:35:34.000Z</time>
        <extensions>
          <ns3:TrackPointExtension>
            <ns3:hr>80</ns3:hr>
            <ns3:cad>57</ns3:cad>
          </ns3:TrackPointExtension>
        </extensions>
      </trkpt>
      <trkpt lat="42.4671298451721668243408203125" lon="-5.9694735892117023468017578125">
        <ele>905.20001220703125</ele>
        <time>2025-10-05T07:35:42.000Z</time>
        <extensions>
          <ns3:TrackPointExtension>
            <ns3:hr>79</ns3:hr>
            <ns3:cad>58</ns3:cad>
          </ns3:TrackPointExtension>
        </extensions>
      </trkpt>
      <trkpt lat="42.4671144224703311920166015625" lon="-5.96961851231753826141357421875">
        <ele>905</ele>
        <time>2025-10-05T07:35:50.000Z</time>
        <extensions>
          <ns3:TrackPointExtension>
            <ns3:hr>78</ns3:hr>
            <ns3:cad>58</ns3:cad>
          </ns3:TrackPointExtension>
        </extensions>
      </trkpt>
      <trkpt lat="42.46709883213043212890625" lon="-5.96980123780667781829833984375">
        <ele>905.20001220703125</ele>
        <time>2025-10-05T07:36:01.000Z</time>
        <extensions>
          <ns3:TrackPointExtension>
            <ns3:hr>79</ns3:hr>
            <ns3:cad>59</ns3:cad>
          </ns3:TrackPointExtension>
        </extensions>
      </trkpt>
      <trkpt lat="42.46709036640822887420654296875" lon="-5.96991322003304958343505859375">
        <ele>904.79998779296875</ele>
        <time>2025-10-05T07:36:08.000Z</time>
        <extensions>
          <ns3:TrackPointExtension>
            <ns3:hr>79</ns3:hr>
            <ns3:cad>57</ns3:cad>
          </ns3:TrackPointExtension>
        </extensions>
      </trkpt>
      <trkpt lat="42.46708835475146770477294921875" lon="-5.97002754919230937957763671875">
        <ele>905</ele>
        <time>2025-10-05T07:36:16.000Z</time>
        <extensions>
          <ns3:TrackPointExtension>
            <ns3:hr>78</ns3:hr>
            <ns3:cad>54</ns3:cad>
          </ns3:TrackPointExtension>
        </extensions>
      </trkpt>
      <trkpt lat="42.46707678772509098052978515625" lon="-5.97013215534389019012451171875">
        <ele>905</ele>
        <time>2025-10-05T07:36:24.000Z</time>
        <extensions>
          <ns3:TrackPointExtension>
            <ns3:hr>78</ns3:hr>
            <ns3:cad>52</ns3:cad>
          </ns3:TrackPointExtension>
        </extensions>
      </trkpt>
      <trkpt lat="42.46705926954746246337890625" lon="-5.9702333249151706695556640625">
        <ele>905</ele>
        <time>2025-10-05T07:36:32.000Z</time>
        <extensions>
          <ns3:TrackPointExtension>
            <ns3:hr>77</ns3:hr>
            <ns3:cad>48</ns3:cad>
          </ns3:TrackPointExtension>
        </extensions>
      </trkpt>
      <trkpt lat="42.467030771076679229736328125" lon="-5.97035695798695087432861328125">
        <ele>905.4000244140625</ele>
        <time>2025-10-05T07:36:40.000Z</time>
        <extensions>
          <ns3:TrackPointExtension>
            <ns3:hr>79</ns3:hr>
            <ns3:cad>53</ns3:cad>
          </ns3:TrackPointExtension>
        </extensions>
      </trkpt>
      <trkpt lat="42.46701442636549472808837890625" lon="-5.97041714005172252655029296875">
        <ele>905.5999755859375</ele>
        <time>2025-10-05T07:36:44.000Z</time>
        <extensions>
          <ns3:TrackPointExtension>
            <ns3:hr>82</ns3:hr>
            <ns3:cad>53</ns3:cad>
          </ns3:TrackPointExtension>
        </extensions>
      </trkpt>
      <trkpt lat="42.46699900366365909576416015625" lon="-5.970465503633022308349609375">
        <ele>905.79998779296875</ele>
        <time>2025-10-05T07:36:47.000Z</time>
        <extensions>
          <ns3:TrackPointExtension>
            <ns3:hr>85</ns3:hr>
            <ns3:cad>53</ns3:cad>
          </ns3:TrackPointExtension>
        </extensions>
      </trkpt>
      <trkpt lat="42.46699095703661441802978515625" lon="-5.97048872150480747222900390625">
        <ele>906</ele>
        <time>2025-10-05T07:36:49.000Z</time>
        <extensions>
          <ns3:TrackPointExtension>
            <ns3:hr>88</ns3:hr>
            <ns3:cad>53</ns3:cad>
          </ns3:TrackPointExtension>
        </extensions>
      </trkpt>
      <trkpt lat="42.4669848382472991943359375" lon="-5.97050816752016544342041015625">
        <ele>906.4000244140625</ele>
        <time>2025-10-05T07:36:51.000Z</time>
        <extensions>
          <ns3:TrackPointExtension>
            <ns3:hr>92</ns3:hr>
            <ns3:cad>54</ns3:cad>
          </ns3:TrackPointExtension>
        </extensions>
      </trkpt>
      <trkpt lat="42.46698022820055484771728515625" lon="-5.9705162979662418365478515625">
        <ele>906.79998779296875</ele>
        <time>2025-10-05T07:36:53.000Z</time>
        <extensions>
          <ns3:TrackPointExtension>
            <ns3:hr>94</ns3:hr>
            <ns3:cad>0</ns3:cad>
          </ns3:TrackPointExtension>
        </extensions>
      </trkpt>
      <trkpt lat="42.46698207221925258636474609375" lon="-5.97051101736724376678466796875">
        <ele>907</ele>
        <time>2025-10-05T07:36:55.000Z</time>
        <extensions>
          <ns3:TrackPointExtension>
            <ns3:hr>96</ns3:hr>
            <ns3:cad>0</ns3:cad>
          </ns3:TrackPointExtension>
        </extensions>
      </trkpt>
      <trkpt lat="42.46698391623795032501220703125" lon="-5.97050699405372142791748046875">
        <ele>907</ele>
        <time>2025-10-05T07:36:59.000Z</time>
        <extensions>
          <ns3:TrackPointExtension>
            <ns3:hr>93</ns3:hr>
            <ns3:cad>0</ns3:cad>
          </ns3:TrackPointExtension>
        </extensions>
      </trkpt>
      <trkpt lat="42.46698391623795032501220703125" lon="-5.97050699405372142791748046875">
        <ele>907</ele>
        <time>2025-10-05T07:37:00.000Z</time>
        <extensions>
          <ns3:TrackPointExtension>
            <ns3:hr>90</ns3:hr>
            <ns3:cad>0</ns3:cad>
          </ns3:TrackPointExtension>
        </extensions>
      </trkpt>
      <trkpt lat="42.46698022820055484771728515625" lon="-5.97050615586340427398681640625">
        <ele>907.20001220703125</ele>
        <time>2025-10-05T07:37:04.000Z</time>
        <extensions>
          <ns3:TrackPointExtension>
            <ns3:hr>87</ns3:hr>
            <ns3:cad>0</ns3:cad>
          </ns3:TrackPointExtension>
        </extensions>
      </trkpt>
      <trkpt lat="42.4669816531240940093994140625" lon="-5.9705022163689136505126953125">
        <ele>907.20001220703125</ele>
        <time>2025-10-05T07:37:07.000Z</time>
        <extensions>
          <ns3:TrackPointExtension>
            <ns3:hr>84</ns3:hr>
            <ns3:cad>0</ns3:cad>
          </ns3:TrackPointExtension>
        </extensions>
      </trkpt>
      <trkpt lat="42.46698257513344287872314453125" lon="-5.970501713454723358154296875">
        <ele>907</ele>
        <time>2025-10-05T07:37:08.000Z</time>
        <extensions>
          <ns3:TrackPointExtension>
            <ns3:hr>81</ns3:hr>
            <ns3:cad>0</ns3:cad>
          </ns3:TrackPointExtension>
        </extensions>
      </trkpt>
      <trkpt lat="42.46698123402893543243408203125" lon="-5.97050347365438938140869140625">
        <ele>907</ele>
        <time>2025-10-05T07:37:09.000Z</time>
        <extensions>
          <ns3:TrackPointExtension>
            <ns3:hr>81</ns3:hr>
            <ns3:cad>0</ns3:cad>
          </ns3:TrackPointExtension>
        </extensions>
      </trkpt>
      <trkpt lat="42.46698391623795032501220703125" lon="-5.97050699405372142791748046875">
        <ele>907.20001220703125</ele>
        <time>2025-10-05T07:37:17.000Z</time>
        <extensions>
          <ns3:TrackPointExtension>
            <ns3:hr>81</ns3:hr>
            <ns3:cad>0</ns3:cad>
          </ns3:TrackPointExtension>
        </extensions>
      </trkpt>
      <trkpt lat="42.46697654016315937042236328125" lon="-5.97052945755422115325927734375">
        <ele>907.4000244140625</ele>
        <time>2025-10-05T07:37:27.000Z</time>
        <extensions>
          <ns3:TrackPointExtension>
            <ns3:hr>80</ns3:hr>
            <ns3:cad>0</ns3:cad>
          </ns3:TrackPointExtension>
        </extensions>
      </trkpt>
      <trkpt lat="42.4669534899294376373291015625" lon="-5.97057086415588855743408203125">
        <ele>907.5999755859375</ele>
        <time>2025-10-05T07:37:34.000Z</time>
        <extensions>
          <ns3:TrackPointExtension>
            <ns3:hr>79</ns3:hr>
            <ns3:cad>0</ns3:cad>
          </ns3:TrackPointExtension>
        </extensions>
      </trkpt>
      <trkpt lat="42.46691099368035793304443359375" lon="-5.97064747475087642669677734375">
        <ele>907.79998779296875</ele>
        <time>2025-10-05T07:37:41.000Z</time>
        <extensions>
          <ns3:TrackPointExtension>
            <ns3:hr>77</ns3:hr>
            <ns3:cad>52</ns3:cad>
          </ns3:TrackPointExtension>
        </extensions>
      </trkpt>
      <trkpt lat="42.466906048357486724853515625" lon="-5.9706601314246654510498046875">
        <ele>907.79998779296875</ele>
        <time>2025-10-05T07:37:42.000Z</time>
        <extensions>
          <ns3:TrackPointExtension>
            <ns3:hr>78</ns3:hr>
            <ns3:cad>52</ns3:cad>
          </ns3:TrackPointExtension>
        </extensions>
      </trkpt>
      <trkpt lat="42.4668641388416290283203125" lon="-5.97074772231280803680419921875">
        <ele>908.5999755859375</ele>
        <time>2025-10-05T07:37:49.000Z</time>
        <extensions>
          <ns3:TrackPointExtension>
            <ns3:hr>78</ns3:hr>
            <ns3:cad>52</ns3:cad>
          </ns3:TrackPointExtension>
        </extensions>
      </trkpt>
      <trkpt lat="42.466847039759159088134765625" lon="-5.97078527323901653289794921875">
        <ele>908.79998779296875</ele>
        <time>2025-10-05T07:37:52.000Z</time>
        <extensions>
          <ns3:TrackPointExtension>
            <ns3:hr>80</ns3:hr>
            <ns3:cad>52</ns3:cad>
          </ns3:TrackPointExtension>
        </extensions>
      </trkpt>
      <trkpt lat="42.46682214550673961639404296875" lon="-5.9708405099809169769287109375">
        <ele>909.4000244140625</ele>
        <time>2025-10-05T07:37:56.000Z</time>
        <extensions>
          <ns3:TrackPointExtension>
            <ns3:hr>83</ns3:hr>
            <ns3:cad>54</ns3:cad>
          </ns3:TrackPointExtension>
        </extensions>
      </trkpt>
      <trkpt lat="42.46681611053645610809326171875" lon="-5.9708532504737377166748046875">
        <ele>909.4000244140625</ele>
        <time>2025-10-05T07:37:57.000Z</time>
        <extensions>
          <ns3:TrackPointExtension>
            <ns3:hr>84</ns3:hr>
            <ns3:cad>54</ns3:cad>
          </ns3:TrackPointExtension>
        </extensions>
      </trkpt>
      <trkpt lat="42.4667982570827007293701171875" lon="-5.9709082357585430145263671875">
        <ele>910</ele>
        <time>2025-10-05T07:38:01.000Z</time>
        <extensions>
          <ns3:TrackPointExtension>
            <ns3:hr>85</ns3:hr>
            <ns3:cad>53</ns3:cad>
          </ns3:TrackPointExtension>
        </extensions>
      </trkpt>
      <trkpt lat="42.46678291819989681243896484375" lon="-5.97096498124301433563232421875">
        <ele>910.5999755859375</ele>
        <time>2025-10-05T07:38:06.000Z</time>
        <extensions>
          <ns3:TrackPointExtension>
            <ns3:hr>87</ns3:hr>
            <ns3:cad>55</ns3:cad>
          </ns3:TrackPointExtension>
        </extensions>
      </trkpt>
      <trkpt lat="42.466773279011249542236328125" lon="-5.97099968232214450836181640625">
        <ele>911</ele>
        <time>2025-10-05T07:38:09.000Z</time>
        <extensions>
          <ns3:TrackPointExtension>
            <ns3:hr>89</ns3:hr>
            <ns3:cad>55</ns3:cad>
          </ns3:TrackPointExtension>
        </extensions>
      </trkpt>
      <trkpt lat="42.46674670837819576263427734375" lon="-5.97107268869876861572265625">
        <ele>912</ele>
        <time>2025-10-05T07:38:15.000Z</time>
        <extensions>
          <ns3:TrackPointExtension>
            <ns3:hr>91</ns3:hr>
            <ns3:cad>53</ns3:cad>
          </ns3:TrackPointExtension>
        </extensions>
      </trkpt>
      <trkpt lat="42.4667415954172611236572265625" lon="-5.9710840880870819091796875">
        <ele>912.20001220703125</ele>
        <time>2025-10-05T07:38:16.000Z</time>
        <extensions>
          <ns3:TrackPointExtension>
            <ns3:hr>91</ns3:hr>
            <ns3:cad>53</ns3:cad>
          </ns3:TrackPointExtension>
        </extensions>
      </trkpt>
      <trkpt lat="42.4667084030807018280029296875" lon="-5.9711573459208011627197265625">
        <ele>913.20001220703125</ele>
        <time>2025-10-05T07:38:24.000Z</time>
        <extensions>
          <ns3:TrackPointExtension>
            <ns3:hr>93</ns3:hr>
            <ns3:cad>53</ns3:cad>
          </ns3:TrackPointExtension>
        </extensions>
      </trkpt>
      <trkpt lat="42.4667087383568286895751953125" lon="-5.9711596928536891937255859375">
        <ele>913.4000244140625</ele>
        <time>2025-10-05T07:38:25.000Z</time>
        <extensions>
          <ns3:TrackPointExtension>
            <ns3:hr>93</ns3:hr>
            <ns3:cad>0</ns3:cad>
          </ns3:TrackPointExtension>
        </extensions>
      </trkpt>
      <trkpt lat="42.46669306419789791107177734375" lon="-5.97120554186403751373291015625">
        <ele>913.79998779296875</ele>
        <time>2025-10-05T07:38:34.000Z</time>
        <extensions>
          <ns3:TrackPointExtension>
            <ns3:hr>93</ns3:hr>
            <ns3:cad>0</ns3:cad>
          </ns3:TrackPointExtension>
        </extensions>
      </trkpt>
      <trkpt lat="42.4666819162666797637939453125" lon="-5.97123538143932819366455078125">
        <ele>914.20001220703125</ele>
        <time>2025-10-05T07:38:37.000Z</time>
        <extensions>
          <ns3:TrackPointExtension>
            <ns3:hr>96</ns3:hr>
            <ns3:cad>0</ns3:cad>
          </ns3:TrackPointExtension>
        </extensions>
      </trkpt>
      <trkpt lat="42.46667730621993541717529296875" lon="-5.97124476917088031768798828125">
        <ele>914.4000244140625</ele>
        <time>2025-10-05T07:38:38.000Z</time>
        <extensions>
          <ns3:TrackPointExtension>
            <ns3:hr>97</ns3:hr>
            <ns3:cad>0</ns3:cad>
          </ns3:TrackPointExtension>
        </extensions>
      </trkpt>
      <trkpt lat="42.4666480533778667449951171875" lon="-5.9713088907301425933837890625">
        <ele>915</ele>
        <time>2025-10-05T07:38:43.000Z</time>
        <extensions>
          <ns3:TrackPointExtension>
            <ns3:hr>100</ns3:hr>
            <ns3:cad>0</ns3:cad>
          </ns3:TrackPointExtension>
        </extensions>
      </trkpt>
      <trkpt lat="42.46663422323763370513916015625" lon="-5.97133780829608440399169921875">
        <ele>915.20001220703125</ele>
        <time>2025-10-05T07:38:45.000Z</time>
        <extensions>
          <ns3:TrackPointExtension>
            <ns3:hr>99</ns3:hr>
            <ns3:cad>53</ns3:cad>
          </ns3:TrackPointExtension>
        </extensions>
      </trkpt>
      <trkpt lat="42.4666286073625087738037109375" lon="-5.971350632607936859130859375">
        <ele>915.4000244140625</ele>
        <time>2025-10-05T07:38:46.000Z</time>
        <extensions>
          <ns3:TrackPointExtension>
            <ns3:hr>98</ns3:hr>
            <ns3:cad>53</ns3:cad>
          </ns3:TrackPointExtension>
        </extensions>
      </trkpt>
      <trkpt lat="42.466589547693729400634765625" lon="-5.9714233875274658203125">
        <ele>916.20001220703125</ele>
        <time>2025-10-05T07:38:52.000Z</time>
        <extensions>
          <ns3:TrackPointExtension>
            <ns3:hr>98</ns3:hr>
            <ns3:cad>51</ns3:cad>
          </ns3:TrackPointExtension>
        </extensions>
      </trkpt>
      <trkpt lat="42.466573454439640045166015625" lon="-5.97145029343664646148681640625">
        <ele>916.4000244140625</ele>
        <time>2025-10-05T07:38:54.000Z</time>
        <extensions>
          <ns3:TrackPointExtension>
            <ns3:hr>99</ns3:hr>
            <ns3:cad>51</ns3:cad>
          </ns3:TrackPointExtension>
        </extensions>
      </trkpt>
      <trkpt lat="42.466543614864349365234375" lon="-5.9714663028717041015625">
        <ele>916.5999755859375</ele>
        <time>2025-10-05T07:38:58.000Z</time>
        <extensions>
          <ns3:TrackPointExtension>
            <ns3:hr>99</ns3:hr>
            <ns3:cad>0</ns3:cad>
          </ns3:TrackPointExtension>
        </extensions>
      </trkpt>
      <trkpt lat="42.46645669452846050262451171875" lon="-5.9715610183775424957275390625">
        <ele>916.79998779296875</ele>
        <time>2025-10-05T07:39:08.000Z</time>
        <extensions>
          <ns3:TrackPointExtension>
            <ns3:hr>102</ns3:hr>
            <ns3:cad>53</ns3:cad>
          </ns3:TrackPointExtension>
        </extensions>
      </trkpt>
      <trkpt lat="42.46636667288839817047119140625" lon="-5.97166202031075954437255859375">
        <ele>917.20001220703125</ele>
        <time>2025-10-05T07:39:17.000Z</time>
        <extensions>
          <ns3:TrackPointExtension>
            <ns3:hr>102</ns3:hr>
            <ns3:cad>54</ns3:cad>
          </ns3:TrackPointExtension>
        </extensions>
      </trkpt>
      <trkpt lat="42.4662986956536769866943359375" lon="-5.97177953459322452545166015625">
        <ele>917.20001220703125</ele>
        <time>2025-10-05T07:39:26.000Z</time>
        <extensions>
          <ns3:TrackPointExtension>
            <ns3:hr>100</ns3:hr>
            <ns3:cad>55</ns3:cad>
          </ns3:TrackPointExtension>
        </extensions>
      </trkpt>
      <trkpt lat="42.46626977808773517608642578125" lon="-5.97184474579989910125732421875">
        <ele>917</ele>
        <time>2025-10-05T07:39:30.000Z</time>
        <extensions>
          <ns3:TrackPointExtension>
            <ns3:hr>97</ns3:hr>
            <ns3:cad>55</ns3:cad>
          </ns3:TrackPointExtension>
        </extensions>
      </trkpt>
      <trkpt lat="42.4662473984062671661376953125" lon="-5.971904508769512176513671875">
        <ele>917</ele>
        <time>2025-10-05T07:39:34.000Z</time>
        <extensions>
          <ns3:TrackPointExtension>
            <ns3:hr>94</ns3:hr>
            <ns3:cad>55</ns3:cad>
          </ns3:TrackPointExtension>
        </extensions>
      </trkpt>
      <trkpt lat="42.466186545789241790771484375" lon="-5.97205630503594875335693359375">
        <ele>917</ele>
        <time>2025-10-05T07:39:44.000Z</time>
        <extensions>
          <ns3:TrackPointExtension>
            <ns3:hr>92</ns3:hr>
            <ns3:cad>56</ns3:cad>
          </ns3:TrackPointExtension>
        </extensions>
      </trkpt>
      <trkpt lat="42.46614924632012844085693359375" lon="-5.972198545932769775390625">
        <ele>916.79998779296875</ele>
        <time>2025-10-05T07:39:53.000Z</time>
        <extensions>
          <ns3:TrackPointExtension>
            <ns3:hr>91</ns3:hr>
            <ns3:cad>57</ns3:cad>
          </ns3:TrackPointExtension>
        </extensions>
      </trkpt>
      <trkpt lat="42.46610398404300212860107421875" lon="-5.97234866581857204437255859375">
        <ele>916.5999755859375</ele>
        <time>2025-10-05T07:40:02.000Z</time>
        <extensions>
          <ns3:TrackPointExtension>
            <ns3:hr>90</ns3:hr>
            <ns3:cad>57</ns3:cad>
          </ns3:TrackPointExtension>
        </extensions>
      </trkpt>
      <trkpt lat="42.46605168096721172332763671875" lon="-5.9724689461290836334228515625">
        <ele>916.5999755859375</ele>
        <time>2025-10-05T07:40:10.000Z</time>
        <extensions>
          <ns3:TrackPointExtension>
            <ns3:hr>89</ns3:hr>
            <ns3:cad>57</ns3:cad>
          </ns3:TrackPointExtension>
        </extensions>
      </trkpt>
      <trkpt lat="42.46598831377923488616943359375" lon="-5.97258436493575572967529296875">
        <ele>916.5999755859375</ele>
        <time>2025-10-05T07:40:19.000Z</time>
        <extensions>
          <ns3:TrackPointExtension>
            <ns3:hr>88</ns3:hr>
            <ns3:cad>57</ns3:cad>
          </ns3:TrackPointExtension>
        </extensions>
      </trkpt>
      <trkpt lat="42.46591287665069103240966796875" lon="-5.972699113190174102783203125">
        <ele>916.5999755859375</ele>
        <time>2025-10-05T07:40:27.000Z</time>
        <extensions>
          <ns3:TrackPointExtension>
            <ns3:hr>87</ns3:hr>
            <ns3:cad>56</ns3:cad>
          </ns3:TrackPointExtension>
        </extensions>
      </trkpt>
      <trkpt lat="42.46586375869810581207275390625" lon="-5.9727887995541095733642578125">
        <ele>916.5999755859375</ele>
        <time>2025-10-05T07:40:34.000Z</time>
        <extensions>
          <ns3:TrackPointExtension>
            <ns3:hr>86</ns3:hr>
            <ns3:cad>57</ns3:cad>
          </ns3:TrackPointExtension>
        </extensions>
      </trkpt>
      <trkpt lat="42.465817742049694061279296875" lon="-5.97288594581186771392822265625">
        <ele>916.20001220703125</ele>
        <time>2025-10-05T07:40:41.000Z</time>
        <extensions>
          <ns3:TrackPointExtension>
            <ns3:hr>86</ns3:hr>
            <ns3:cad>57</ns3:cad>
          </ns3:TrackPointExtension>
        </extensions>
      </trkpt>
      <trkpt lat="42.46577675454318523406982421875" lon="-5.97298803739249706268310546875">
        <ele>916.5999755859375</ele>
        <time>2025-10-05T07:40:47.000Z</time>
        <extensions>
          <ns3:TrackPointExtension>
            <ns3:hr>88</ns3:hr>
            <ns3:cad>57</ns3:cad>
          </ns3:TrackPointExtension>
        </extensions>
      </trkpt>
      <trkpt lat="42.46572210453450679779052734375" lon="-5.97310571931302547454833984375">
        <ele>916.20001220703125</ele>
        <time>2025-10-05T07:40:56.000Z</time>
        <extensions>
          <ns3:TrackPointExtension>
            <ns3:hr>89</ns3:hr>
            <ns3:cad>57</ns3:cad>
          </ns3:TrackPointExtension>
        </extensions>
      </trkpt>
      <trkpt lat="42.46565052308142185211181640625" lon="-5.9732531569898128509521484375">
        <ele>915.79998779296875</ele>
        <time>2025-10-05T07:41:06.000Z</time>
        <extensions>
          <ns3:TrackPointExtension>
            <ns3:hr>89</ns3:hr>
            <ns3:cad>57</ns3:cad>
          </ns3:TrackPointExtension>
        </extensions>
      </trkpt>
      <trkpt lat="42.4655597470700740814208984375" lon="-5.9734140895307064056396484375">
        <ele>915.79998779296875</ele>
        <time>2025-10-05T07:41:17.000Z</time>
        <extensions>
          <ns3:TrackPointExtension>
            <ns3:hr>89</ns3:hr>
            <ns3:cad>58</ns3:cad>
          </ns3:TrackPointExtension>
        </extensions>
      </trkpt>
      <trkpt lat="42.46553468517959117889404296875" lon="-5.9734766185283660888671875">
        <ele>915.4000244140625</ele>
        <time>2025-10-05T07:41:22.000Z</time>
        <extensions>
          <ns3:TrackPointExtension>
            <ns3:hr>87</ns3:hr>
            <ns3:cad>57</ns3:cad>
          </ns3:TrackPointExtension>
        </extensions>
      </trkpt>
      <trkpt lat="42.46551758609712123870849609375" lon="-5.9735129959881305694580078125">
        <ele>915.4000244140625</ele>
        <time>2025-10-05T07:41:25.000Z</time>
        <extensions>
          <ns3:TrackPointExtension>
            <ns3:hr>87</ns3:hr>
            <ns3:cad>57</ns3:cad>
          </ns3:TrackPointExtension>
        </extensions>
      </trkpt>
      <trkpt lat="42.46545254252851009368896484375" lon="-5.973621122539043426513671875">
        <ele>915.20001220703125</ele>
        <time>2025-10-05T07:41:33.000Z</time>
        <extensions>
          <ns3:TrackPointExtension>
            <ns3:hr>87</ns3:hr>
            <ns3:cad>58</ns3:cad>
          </ns3:TrackPointExtension>
        </extensions>
      </trkpt>
      <trkpt lat="42.465391941368579864501953125" lon="-5.97375196404755115509033203125">
        <ele>914.5999755859375</ele>
        <time>2025-10-05T07:41:42.000Z</time>
        <extensions>
          <ns3:TrackPointExtension>
            <ns3:hr>86</ns3:hr>
            <ns3:cad>58</ns3:cad>
          </ns3:TrackPointExtension>
        </extensions>
      </trkpt>
      <trkpt lat="42.46531977318227291107177734375" lon="-5.97386755049228668212890625">
        <ele>914.4000244140625</ele>
        <time>2025-10-05T07:41:51.000Z</time>
        <extensions>
          <ns3:TrackPointExtension>
            <ns3:hr>86</ns3:hr>
            <ns3:cad>57</ns3:cad>
          </ns3:TrackPointExtension>
        </extensions>
      </trkpt>
      <trkpt lat="42.4653143249452114105224609375" lon="-5.97387869842350482940673828125">
        <ele>914.4000244140625</ele>
        <time>2025-10-05T07:41:52.000Z</time>
        <extensions>
          <ns3:TrackPointExtension>
            <ns3:hr>87</ns3:hr>
            <ns3:cad>0</ns3:cad>
          </ns3:TrackPointExtension>
        </extensions>
      </trkpt>
      <trkpt lat="42.4652583338320255279541015625" lon="-5.97397726960480213165283203125">
        <ele>913.79998779296875</ele>
        <time>2025-10-05T07:42:00.000Z</time>
        <extensions>
          <ns3:TrackPointExtension>
            <ns3:hr>87</ns3:hr>
            <ns3:cad>57</ns3:cad>
          </ns3:TrackPointExtension>
        </extensions>
      </trkpt>
      <trkpt lat="42.46522723697125911712646484375" lon="-5.97404164262115955352783203125">
        <ele>913.4000244140625</ele>
        <time>2025-10-05T07:42:04.000Z</time>
        <extensions>
          <ns3:TrackPointExtension>
            <ns3:hr>87</ns3:hr>
            <ns3:cad>57</ns3:cad>
          </ns3:TrackPointExtension>
        </extensions>
      </trkpt>
      <trkpt lat="42.4651775322854518890380859375" lon="-5.97414390183985233306884765625">
        <ele>912.5999755859375</ele>
        <time>2025-10-05T07:42:11.000Z</time>
        <extensions>
          <ns3:TrackPointExtension>
            <ns3:hr>85</ns3:hr>
            <ns3:cad>57</ns3:cad>
          </ns3:TrackPointExtension>
        </extensions>
      </trkpt>
      <trkpt lat="42.465163283050060272216796875" lon="-5.974174998700618743896484375">
        <ele>912.20001220703125</ele>
        <time>2025-10-05T07:42:13.000Z</time>
        <extensions>
          <ns3:TrackPointExtension>
            <ns3:hr>84</ns3:hr>
            <ns3:cad>58</ns3:cad>
          </ns3:TrackPointExtension>
        </extensions>
      </trkpt>
      <trkpt lat="42.46511341072618961334228515625" lon="-5.9742593206465244293212890625">
        <ele>911.20001220703125</ele>
        <time>2025-10-05T07:42:19.000Z</time>
        <extensions>
          <ns3:TrackPointExtension>
            <ns3:hr>84</ns3:hr>
            <ns3:cad>58</ns3:cad>
          </ns3:TrackPointExtension>
        </extensions>
      </trkpt>
      <trkpt lat="42.4650911986827850341796875" lon="-5.97429242916405200958251953125">
        <ele>910.79998779296875</ele>
        <time>2025-10-05T07:42:22.000Z</time>
        <extensions>
          <ns3:TrackPointExtension>
            <ns3:hr>84</ns3:hr>
            <ns3:cad>58</ns3:cad>
          </ns3:TrackPointExtension>
        </extensions>
      </trkpt>
      <trkpt lat="42.46504685841500759124755859375" lon="-5.97434037365019321441650390625">
        <ele>910</ele>
        <time>2025-10-05T07:42:27.000Z</time>
        <extensions>
          <ns3:TrackPointExtension>
            <ns3:hr>85</ns3:hr>
            <ns3:cad>58</ns3:cad>
          </ns3:TrackPointExtension>
        </extensions>
      </trkpt>
      <trkpt lat="42.46502137742936611175537109375" lon="-5.97438563592731952667236328125">
        <ele>909.4000244140625</ele>
        <time>2025-10-05T07:42:31.000Z</time>
        <extensions>
          <ns3:TrackPointExtension>
            <ns3:hr>85</ns3:hr>
            <ns3:cad>57</ns3:cad>
          </ns3:TrackPointExtension>
        </extensions>
      </trkpt>
      <trkpt lat="42.4650072120130062103271484375" lon="-5.974413044750690460205078125">
        <ele>909</ele>
        <time>2025-10-05T07:42:33.000Z</time>
        <extensions>
          <ns3:TrackPointExtension>
            <ns3:hr>85</ns3:hr>
            <ns3:cad>57</ns3:cad>
          </ns3:TrackPointExtension>
        </extensions>
      </trkpt>
      <trkpt lat="42.464950047433376312255859375" lon="-5.9744923375546932220458984375">
        <ele>908</ele>
        <time>2025-10-05T07:42:40.000Z</time>
        <extensions>
          <ns3:TrackPointExtension>
            <ns3:hr>85</ns3:hr>
            <ns3:cad>57</ns3:cad>
          </ns3:TrackPointExtension>
        </extensions>
      </trkpt>
      <trkpt lat="42.464905790984630584716796875" lon="-5.97456802614033222198486328125">
        <ele>907</ele>
        <time>2025-10-05T07:42:46.000Z</time>
        <extensions>
          <ns3:TrackPointExtension>
            <ns3:hr>84</ns3:hr>
            <ns3:cad>57</ns3:cad>
          </ns3:TrackPointExtension>
        </extensions>
      </trkpt>
      <trkpt lat="42.46487100608646869659423828125" lon="-5.97462519071996212005615234375">
        <ele>906.4000244140625</ele>
        <time>2025-10-05T07:42:50.000Z</time>
        <extensions>
          <ns3:TrackPointExtension>
            <ns3:hr>84</ns3:hr>
            <ns3:cad>59</ns3:cad>
          </ns3:TrackPointExtension>
        </extensions>
      </trkpt>
      <trkpt lat="42.46483999304473400115966796875" lon="-5.974679924547672271728515625">
        <ele>905.79998779296875</ele>
        <time>2025-10-05T07:42:54.000Z</time>
        <extensions>
          <ns3:TrackPointExtension>
            <ns3:hr>83</ns3:hr>
            <ns3:cad>59</ns3:cad>
          </ns3:TrackPointExtension>
        </extensions>
      </trkpt>
      <trkpt lat="42.46480730362236499786376953125" lon="-5.9747317247092723846435546875">
        <ele>905</ele>
        <time>2025-10-05T07:42:58.000Z</time>
        <extensions>
          <ns3:TrackPointExtension>
            <ns3:hr>84</ns3:hr>
            <ns3:cad>59</ns3:cad>
          </ns3:TrackPointExtension>
        </extensions>
      </trkpt>
      <trkpt lat="42.4647923000156879425048828125" lon="-5.97475427202880382537841796875">
        <ele>904.79998779296875</ele>
        <time>2025-10-05T07:43:00.000Z</time>
        <extensions>
          <ns3:TrackPointExtension>
            <ns3:hr>85</ns3:hr>
            <ns3:cad>58</ns3:cad>
          </ns3:TrackPointExtension>
        </extensions>
      </trkpt>
      <trkpt lat="42.46476505883038043975830078125" lon="-5.974799953401088714599609375">
        <ele>904</ele>
        <time>2025-10-05T07:43:04.000Z</time>
        <extensions>
          <ns3:TrackPointExtension>
            <ns3:hr>88</ns3:hr>
            <ns3:cad>59</ns3:cad>
          </ns3:TrackPointExtension>
        </extensions>
      </trkpt>
      <trkpt lat="42.46474309824407100677490234375" lon="-5.97483809106051921844482421875">
        <ele>903.5999755859375</ele>
        <time>2025-10-05T07:43:07.000Z</time>
        <extensions>
          <ns3:TrackPointExtension>
            <ns3:hr>88</ns3:hr>
            <ns3:cad>59</ns3:cad>
          </ns3:TrackPointExtension>
        </extensions>
      </trkpt>
      <trkpt lat="42.46473069302737712860107421875" lon="-5.97485183738172054290771484375">
        <ele>903.5999755859375</ele>
        <time>2025-10-05T07:43:08.000Z</time>
        <extensions>
          <ns3:TrackPointExtension>
            <ns3:hr>87</ns3:hr>
            <ns3:cad>59</ns3:cad>
          </ns3:TrackPointExtension>
        </extensions>
      </trkpt>
      <trkpt lat="42.46469196863472461700439453125" lon="-5.97491067834198474884033203125">
        <ele>902.5999755859375</ele>
        <time>2025-10-05T07:43:13.000Z</time>
        <extensions>
          <ns3:TrackPointExtension>
            <ns3:hr>87</ns3:hr>
            <ns3:cad>58</ns3:cad>
          </ns3:TrackPointExtension>
        </extensions>
      </trkpt>
      <trkpt lat="42.46465005911886692047119140625" lon="-5.9749600477516651153564453125">
        <ele>902</ele>
        <time>2025-10-05T07:43:17.000Z</time>
        <extensions>
          <ns3:TrackPointExtension>
            <ns3:hr>87</ns3:hr>
            <ns3:cad>57</ns3:cad>
          </ns3:TrackPointExtension>
        </extensions>
      </trkpt>
      <trkpt lat="42.46462189592421054840087890625" lon="-5.97500539384782314300537109375">
        <ele>901.5999755859375</ele>
        <time>2025-10-05T07:43:21.000Z</time>
        <extensions>
          <ns3:TrackPointExtension>
            <ns3:hr>86</ns3:hr>
            <ns3:cad>59</ns3:cad>
          </ns3:TrackPointExtension>
        </extensions>
      </trkpt>
      <trkpt lat="42.46457914821803569793701171875" lon="-5.9750618040561676025390625">
        <ele>900.5999755859375</ele>
        <time>2025-10-05T07:43:26.000Z</time>
        <extensions>
          <ns3:TrackPointExtension>
            <ns3:hr>86</ns3:hr>
            <ns3:cad>59</ns3:cad>
          </ns3:TrackPointExtension>
        </extensions>
      </trkpt>
      <trkpt lat="42.4645693413913249969482421875" lon="-5.97507345490157604217529296875">
        <ele>900.4000244140625</ele>
        <time>2025-10-05T07:43:27.000Z</time>
        <extensions>
          <ns3:TrackPointExtension>
            <ns3:hr>87</ns3:hr>
            <ns3:cad>59</ns3:cad>
          </ns3:TrackPointExtension>
        </extensions>
      </trkpt>
      <trkpt lat="42.46448845602571964263916015625" lon="-5.9751565195620059967041015625">
        <ele>899.4000244140625</ele>
        <time>2025-10-05T07:43:35.000Z</time>
        <extensions>
          <ns3:TrackPointExtension>
            <ns3:hr>85</ns3:hr>
            <ns3:cad>59</ns3:cad>
          </ns3:TrackPointExtension>
        </extensions>
      </trkpt>
      <trkpt lat="42.464470602571964263916015625" lon="-5.97517236135900020599365234375">
        <ele>899.20001220703125</ele>
        <time>2025-10-05T07:43:37.000Z</time>
        <extensions>
          <ns3:TrackPointExtension>
            <ns3:hr>85</ns3:hr>
            <ns3:cad>59</ns3:cad>
          </ns3:TrackPointExtension>
        </extensions>
      </trkpt>
      <trkpt lat="42.46440497227013111114501953125" lon="-5.97523170523345470428466796875">
        <ele>898.20001220703125</ele>
        <time>2025-10-05T07:43:43.000Z</time>
        <extensions>
          <ns3:TrackPointExtension>
            <ns3:hr>85</ns3:hr>
            <ns3:cad>59</ns3:cad>
          </ns3:TrackPointExtension>
        </extensions>
      </trkpt>
      <trkpt lat="42.46437295340001583099365234375" lon="-5.97525483928620815277099609375">
        <ele>897.79998779296875</ele>
        <time>2025-10-05T07:43:46.000Z</time>
        <extensions>
          <ns3:TrackPointExtension>
            <ns3:hr>85</ns3:hr>
            <ns3:cad>59</ns3:cad>
          </ns3:TrackPointExtension>
        </extensions>
      </trkpt>
      <trkpt lat="42.46432584710419178009033203125" lon="-5.97530043683946132659912109375">
        <ele>897.20001220703125</ele>
        <time>2025-10-05T07:43:51.000Z</time>
        <extensions>
          <ns3:TrackPointExtension>
            <ns3:hr>84</ns3:hr>
            <ns3:cad>58</ns3:cad>
          </ns3:TrackPointExtension>
        </extensions>
      </trkpt>
      <trkpt lat="42.46431528590619564056396484375" lon="-5.97530596889555454254150390625">
        <ele>897</ele>
        <time>2025-10-05T07:43:52.000Z</time>
        <extensions>
          <ns3:TrackPointExtension>
            <ns3:hr>84</ns3:hr>
            <ns3:cad>59</ns3:cad>
          </ns3:TrackPointExtension>
        </extensions>
      </trkpt>
      <trkpt lat="42.4642570316791534423828125" lon="-5.97534469328820705413818359375">
        <ele>896.20001220703125</ele>
        <time>2025-10-05T07:43:58.000Z</time>
        <extensions>
          <ns3:TrackPointExtension>
            <ns3:hr>83</ns3:hr>
            <ns3:cad>58</ns3:cad>
          </ns3:TrackPointExtension>
        </extensions>
      </trkpt>
      <trkpt lat="42.46422551572322845458984375" lon="-5.97537537105381488800048828125">
        <ele>895.79998779296875</ele>
        <time>2025-10-05T07:44:01.000Z</time>
        <extensions>
          <ns3:TrackPointExtension>
            <ns3:hr>83</ns3:hr>
            <ns3:cad>58</ns3:cad>
          </ns3:TrackPointExtension>
        </extensions>
      </trkpt>
      <trkpt lat="42.4641859531402587890625" lon="-5.97540554590523242950439453125">
        <ele>895</ele>
        <time>2025-10-05T07:44:05.000Z</time>
        <extensions>
          <ns3:TrackPointExtension>
            <ns3:hr>83</ns3:hr>
            <ns3:cad>58</ns3:cad>
          </ns3:TrackPointExtension>
        </extensions>
      </trkpt>
      <trkpt lat="42.46413507498800754547119140625" lon="-5.97544779069721698760986328125">
        <ele>894.4000244140625</ele>
        <time>2025-10-05T07:44:10.000Z</time>
        <extensions>
          <ns3:TrackPointExtension>
            <ns3:hr>82</ns3:hr>
            <ns3:cad>57</ns3:cad>
          </ns3:TrackPointExtension>
        </extensions>
      </trkpt>
      <trkpt lat="42.46409551240503787994384765625" lon="-5.97547427751123905181884765625">
        <ele>893.79998779296875</ele>
        <time>2025-10-05T07:44:14.000Z</time>
        <extensions>
          <ns3:TrackPointExtension>
            <ns3:hr>81</ns3:hr>
            <ns3:cad>59</ns3:cad>
          </ns3:TrackPointExtension>
        </extensions>
      </trkpt>
      <trkpt lat="42.4640302173793315887451171875" lon="-5.97552574239671230316162109375">
        <ele>892.79998779296875</ele>
        <time>2025-10-05T07:44:21.000Z</time>
        <extensions>
          <ns3:TrackPointExtension>
            <ns3:hr>81</ns3:hr>
            <ns3:cad>57</ns3:cad>
          </ns3:TrackPointExtension>
        </extensions>
      </trkpt>
      <trkpt lat="42.4639512598514556884765625" lon="-5.975583828985691070556640625">
        <ele>892</ele>
        <time>2025-10-05T07:44:29.000Z</time>
        <extensions>
          <ns3:TrackPointExtension>
            <ns3:hr>80</ns3:hr>
            <ns3:cad>0</ns3:cad>
          </ns3:TrackPointExtension>
        </extensions>
      </trkpt>
      <trkpt lat="42.4639309756457805633544921875" lon="-5.9755957312881946563720703125">
        <ele>891.79998779296875</ele>
        <time>2025-10-05T07:44:31.000Z</time>
        <extensions>
          <ns3:TrackPointExtension>
            <ns3:hr>80</ns3:hr>
            <ns3:cad>57</ns3:cad>
          </ns3:TrackPointExtension>
        </extensions>
      </trkpt>
      <trkpt lat="42.46386165730655193328857421875" lon="-5.97563244402408599853515625">
        <ele>890.5999755859375</ele>
        <time>2025-10-05T07:44:38.000Z</time>
        <extensions>
          <ns3:TrackPointExtension>
            <ns3:hr>80</ns3:hr>
            <ns3:cad>56</ns3:cad>
          </ns3:TrackPointExtension>
        </extensions>
      </trkpt>
      <trkpt lat="42.4637650139629840850830078125" lon="-5.97573160193860530853271484375">
        <ele>889.4000244140625</ele>
        <time>2025-10-05T07:44:48.000Z</time>
        <extensions>
          <ns3:TrackPointExtension>
            <ns3:hr>81</ns3:hr>
            <ns3:cad>57</ns3:cad>
          </ns3:TrackPointExtension>
        </extensions>
      </trkpt>
      <trkpt lat="42.46375654824078083038330078125" lon="-5.9757404029369354248046875">
        <ele>889.20001220703125</ele>
        <time>2025-10-05T07:44:49.000Z</time>
        <extensions>
          <ns3:TrackPointExtension>
            <ns3:hr>82</ns3:hr>
            <ns3:cad>57</ns3:cad>
          </ns3:TrackPointExtension>
        </extensions>
      </trkpt>
      <trkpt lat="42.46365663595497608184814453125" lon="-5.97583821974694728851318359375">
        <ele>888.4000244140625</ele>
        <time>2025-10-05T07:44:59.000Z</time>
        <extensions>
          <ns3:TrackPointExtension>
            <ns3:hr>82</ns3:hr>
            <ns3:cad>58</ns3:cad>
          </ns3:TrackPointExtension>
        </extensions>
      </trkpt>
      <trkpt lat="42.46359276585280895233154296875" lon="-5.9759497828781604766845703125">
        <ele>887.4000244140625</ele>
        <time>2025-10-05T07:45:08.000Z</time>
        <extensions>
          <ns3:TrackPointExtension>
            <ns3:hr>79</ns3:hr>
            <ns3:cad>58</ns3:cad>
          </ns3:TrackPointExtension>
        </extensions>
      </trkpt>
      <trkpt lat="42.463581450283527374267578125" lon="-5.97596109844744205474853515625">
        <ele>887.4000244140625</ele>
        <time>2025-10-05T07:45:09.000Z</time>
        <extensions>
          <ns3:TrackPointExtension>
            <ns3:hr>80</ns3:hr>
            <ns3:cad>58</ns3:cad>
          </ns3:TrackPointExtension>
        </extensions>
      </trkpt>
      <trkpt lat="42.46354767121374607086181640625" lon="-5.97600434906780719757080078125">
        <ele>887</ele>
        <time>2025-10-05T07:45:13.000Z</time>
        <extensions>
          <ns3:TrackPointExtension>
            <ns3:hr>77</ns3:hr>
            <ns3:cad>56</ns3:cad>
          </ns3:TrackPointExtension>
        </extensions>
      </trkpt>
      <trkpt lat="42.4635125510394573211669921875" lon="-5.976049862802028656005859375">
        <ele>886.5999755859375</ele>
        <time>2025-10-05T07:45:17.000Z</time>
        <extensions>
          <ns3:TrackPointExtension>
            <ns3:hr>76</ns3:hr>
            <ns3:cad>57</ns3:cad>
          </ns3:TrackPointExtension>
        </extensions>
      </trkpt>
      <trkpt lat="42.46348346583545207977294921875" lon="-5.97608313895761966705322265625">
        <ele>886.4000244140625</ele>
        <time>2025-10-05T07:45:20.000Z</time>
        <extensions>
          <ns3:TrackPointExtension>
            <ns3:hr>75</ns3:hr>
            <ns3:cad>0</ns3:cad>
          </ns3:TrackPointExtension>
        </extensions>
      </trkpt>
      <trkpt lat="42.4634424783289432525634765625" lon="-5.976154804229736328125">
        <ele>885.79998779296875</ele>
        <time>2025-10-05T07:45:26.000Z</time>
        <extensions>
          <ns3:TrackPointExtension>
            <ns3:hr>75</ns3:hr>
            <ns3:cad>57</ns3:cad>
          </ns3:TrackPointExtension>
        </extensions>
      </trkpt>
      <trkpt lat="42.46340501122176647186279296875" lon="-5.97625949420034885406494140625">
        <ele>885.20001220703125</ele>
        <time>2025-10-05T07:45:33.000Z</time>
        <extensions>
          <ns3:TrackPointExtension>
            <ns3:hr>76</ns3:hr>
            <ns3:cad>58</ns3:cad>
          </ns3:TrackPointExtension>
        </extensions>
      </trkpt>
      <trkpt lat="42.4633938632905483245849609375" lon="-5.9762956202030181884765625">
        <ele>884.79998779296875</ele>
        <time>2025-10-05T07:45:35.000Z</time>
        <extensions>
          <ns3:TrackPointExtension>
            <ns3:hr>76</ns3:hr>
            <ns3:cad>58</ns3:cad>
          </ns3:TrackPointExtension>
        </extensions>
      </trkpt>
      <trkpt lat="42.46335639618337154388427734375" lon="-5.9764285571873188018798828125">
        <ele>884.20001220703125</ele>
        <time>2025-10-05T07:45:44.000Z</time>
        <extensions>
          <ns3:TrackPointExtension>
            <ns3:hr>74</ns3:hr>
            <ns3:cad>57</ns3:cad>
          </ns3:TrackPointExtension>
        </extensions>
      </trkpt>
      <trkpt lat="42.4633217789232730865478515625" lon="-5.976559817790985107421875">
        <ele>883.5999755859375</ele>
        <time>2025-10-05T07:45:53.000Z</time>
        <extensions>
          <ns3:TrackPointExtension>
            <ns3:hr>73</ns3:hr>
            <ns3:cad>58</ns3:cad>
          </ns3:TrackPointExtension>
        </extensions>
      </trkpt>
      <trkpt lat="42.463301159441471099853515625" lon="-5.9766478277742862701416015625">
        <ele>883.20001220703125</ele>
        <time>2025-10-05T07:45:58.000Z</time>
        <extensions>
          <ns3:TrackPointExtension>
            <ns3:hr>73</ns3:hr>
            <ns3:cad>58</ns3:cad>
          </ns3:TrackPointExtension>
        </extensions>
      </trkpt>
      <trkpt lat="42.463268972933292388916015625" lon="-5.97674690186977386474609375">
        <ele>883</ele>
        <time>2025-10-05T07:46:04.000Z</time>
        <extensions>
          <ns3:TrackPointExtension>
            <ns3:hr>73</ns3:hr>
            <ns3:cad>58</ns3:cad>
          </ns3:TrackPointExtension>
        </extensions>
      </trkpt>
      <trkpt lat="42.463222704827785491943359375" lon="-5.97685444168746471405029296875">
        <ele>882.5999755859375</ele>
        <time>2025-10-05T07:46:12.000Z</time>
        <extensions>
          <ns3:TrackPointExtension>
            <ns3:hr>72</ns3:hr>
            <ns3:cad>59</ns3:cad>
          </ns3:TrackPointExtension>
        </extensions>
      </trkpt>
      <trkpt lat="42.4631806276738643646240234375" lon="-5.97698268480598926544189453125">
        <ele>882.20001220703125</ele>
        <time>2025-10-05T07:46:20.000Z</time>
        <extensions>
          <ns3:TrackPointExtension>
            <ns3:hr>71</ns3:hr>
            <ns3:cad>58</ns3:cad>
          </ns3:TrackPointExtension>
        </extensions>
      </trkpt>
      <trkpt lat="42.4631360359489917755126953125" lon="-5.97711612470448017120361328125">
        <ele>882.20001220703125</ele>
        <time>2025-10-05T07:46:29.000Z</time>
        <extensions>
          <ns3:TrackPointExtension>
            <ns3:hr>71</ns3:hr>
            <ns3:cad>58</ns3:cad>
          </ns3:TrackPointExtension>
        </extensions>
      </trkpt>
      <trkpt lat="42.46309538371860980987548828125" lon="-5.97725928761065006256103515625">
        <ele>882.4000244140625</ele>
        <time>2025-10-05T07:46:37.000Z</time>
        <extensions>
          <ns3:TrackPointExtension>
            <ns3:hr>73</ns3:hr>
            <ns3:cad>59</ns3:cad>
          </ns3:TrackPointExtension>
        </extensions>
      </trkpt>
      <trkpt lat="42.463053725659847259521484375" lon="-5.977384261786937713623046875">
        <ele>883</ele>
        <time>2025-10-05T07:46:45.000Z</time>
        <extensions>
          <ns3:TrackPointExtension>
            <ns3:hr>73</ns3:hr>
            <ns3:cad>57</ns3:cad>
          </ns3:TrackPointExtension>
        </extensions>
      </trkpt>
      <trkpt lat="42.46300938539206981658935546875" lon="-5.97752331756055355072021484375">
        <ele>883.4000244140625</ele>
        <time>2025-10-05T07:46:54.000Z</time>
        <extensions>
          <ns3:TrackPointExtension>
            <ns3:hr>73</ns3:hr>
            <ns3:cad>56</ns3:cad>
          </ns3:TrackPointExtension>
        </extensions>
      </trkpt>
      <trkpt lat="42.4629834853112697601318359375" lon="-5.97763446159660816192626953125">
        <ele>884.20001220703125</ele>
        <time>2025-10-05T07:47:01.000Z</time>
        <extensions>
          <ns3:TrackPointExtension>
            <ns3:hr>75</ns3:hr>
            <ns3:cad>56</ns3:cad>
          </ns3:TrackPointExtension>
        </extensions>
      </trkpt>
      <trkpt lat="42.46297937817871570587158203125" lon="-5.97764586098492145538330078125">
        <ele>884.20001220703125</ele>
        <time>2025-10-05T07:47:02.000Z</time>
        <extensions>
          <ns3:TrackPointExtension>
            <ns3:hr>75</ns3:hr>
            <ns3:cad>56</ns3:cad>
          </ns3:TrackPointExtension>
        </extensions>
      </trkpt>
      <trkpt lat="42.4629576690495014190673828125" lon="-5.9777311049401760101318359375">
        <ele>885.20001220703125</ele>
        <time>2025-10-05T07:47:07.000Z</time>
        <extensions>
          <ns3:TrackPointExtension>
            <ns3:hr>78</ns3:hr>
            <ns3:cad>55</ns3:cad>
          </ns3:TrackPointExtension>
        </extensions>
      </trkpt>
      <trkpt lat="42.46295507065951824188232421875" lon="-5.97774644382297992706298828125">
        <ele>885.4000244140625</ele>
        <time>2025-10-05T07:47:08.000Z</time>
        <extensions>
          <ns3:TrackPointExtension>
            <ns3:hr>79</ns3:hr>
            <ns3:cad>0</ns3:cad>
          </ns3:TrackPointExtension>
        </extensions>
      </trkpt>
      <trkpt lat="42.46293294243514537811279296875" lon="-5.977823473513126373291015625">
        <ele>885.5999755859375</ele>
        <time>2025-10-05T07:47:13.000Z</time>
        <extensions>
          <ns3:TrackPointExtension>
            <ns3:hr>82</ns3:hr>
            <ns3:cad>57</ns3:cad>
          </ns3:TrackPointExtension>
        </extensions>
      </trkpt>
      <trkpt lat="42.4629105627536773681640625" lon="-5.97788407467305660247802734375">
        <ele>886</ele>
        <time>2025-10-05T07:47:17.000Z</time>
        <extensions>
          <ns3:TrackPointExtension>
            <ns3:hr>84</ns3:hr>
            <ns3:cad>57</ns3:cad>
          </ns3:TrackPointExtension>
        </extensions>
      </trkpt>
      <trkpt lat="42.46290042065083980560302734375" lon="-5.977915339171886444091796875">
        <ele>886.20001220703125</ele>
        <time>2025-10-05T07:47:19.000Z</time>
        <extensions>
          <ns3:TrackPointExtension>
            <ns3:hr>85</ns3:hr>
            <ns3:cad>55</ns3:cad>
          </ns3:TrackPointExtension>
        </extensions>
      </trkpt>
      <trkpt lat="42.46285767294466495513916015625" lon="-5.97801692783832550048828125">
        <ele>887.20001220703125</ele>
        <time>2025-10-05T07:47:26.000Z</time>
        <extensions>
          <ns3:TrackPointExtension>
            <ns3:hr>88</ns3:hr>
            <ns3:cad>55</ns3:cad>
          </ns3:TrackPointExtension>
        </extensions>
      </trkpt>
      <trkpt lat="42.46284577064216136932373046875" lon="-5.97803679294884204864501953125">
        <ele>887.4000244140625</ele>
        <time>2025-10-05T07:47:28.000Z</time>
        <extensions>
          <ns3:TrackPointExtension>
            <ns3:hr>88</ns3:hr>
            <ns3:cad>55</ns3:cad>
          </ns3:TrackPointExtension>
        </extensions>
      </trkpt>
      <trkpt lat="42.4628041125833988189697265625" lon="-5.9781341068446636199951171875">
        <ele>888</ele>
        <time>2025-10-05T07:47:35.000Z</time>
        <extensions>
          <ns3:TrackPointExtension>
            <ns3:hr>90</ns3:hr>
            <ns3:cad>56</ns3:cad>
          </ns3:TrackPointExtension>
        </extensions>
      </trkpt>
      <trkpt lat="42.4627772904932498931884765625" lon="-5.978188253939151763916015625">
        <ele>888.4000244140625</ele>
        <time>2025-10-05T07:47:39.000Z</time>
        <extensions>
          <ns3:TrackPointExtension>
            <ns3:hr>91</ns3:hr>
            <ns3:cad>55</ns3:cad>
          </ns3:TrackPointExtension>
        </extensions>
      </trkpt>
      <trkpt lat="42.4627451039850711822509765625" lon="-5.97826276905834674835205078125">
        <ele>888.79998779296875</ele>
        <time>2025-10-05T07:47:44.000Z</time>
        <extensions>
          <ns3:TrackPointExtension>
            <ns3:hr>92</ns3:hr>
            <ns3:cad>55</ns3:cad>
          </ns3:TrackPointExtension>
        </extensions>
      </trkpt>
      <trkpt lat="42.46269070543348789215087890625" lon="-5.978373996913433074951171875">
        <ele>889.4000244140625</ele>
        <time>2025-10-05T07:47:52.000Z</time>
        <extensions>
          <ns3:TrackPointExtension>
            <ns3:hr>91</ns3:hr>
            <ns3:cad>0</ns3:cad>
          </ns3:TrackPointExtension>
        </extensions>
      </trkpt>
      <trkpt lat="42.46268458664417266845703125" lon="-5.97838983871042728424072265625">
        <ele>889.4000244140625</ele>
        <time>2025-10-05T07:47:53.000Z</time>
        <extensions>
          <ns3:TrackPointExtension>
            <ns3:hr>92</ns3:hr>
            <ns3:cad>0</ns3:cad>
          </ns3:TrackPointExtension>
        </extensions>
      </trkpt>
      <trkpt lat="42.4626347981393337249755859375" lon="-5.97847424447536468505859375">
        <ele>890.4000244140625</ele>
        <time>2025-10-05T07:48:00.000Z</time>
        <extensions>
          <ns3:TrackPointExtension>
            <ns3:hr>93</ns3:hr>
            <ns3:cad>54</ns3:cad>
          </ns3:TrackPointExtension>
        </extensions>
      </trkpt>
      <trkpt lat="42.462627589702606201171875" lon="-5.97848354838788509368896484375">
        <ele>890.4000244140625</ele>
        <time>2025-10-05T07:48:01.000Z</time>
        <extensions>
          <ns3:TrackPointExtension>
            <ns3:hr>92</ns3:hr>
            <ns3:cad>54</ns3:cad>
          </ns3:TrackPointExtension>
        </extensions>
      </trkpt>
      <trkpt lat="42.46257838793098926544189453125" lon="-5.97858153283596038818359375">
        <ele>891.5999755859375</ele>
        <time>2025-10-05T07:48:09.000Z</time>
        <extensions>
          <ns3:TrackPointExtension>
            <ns3:hr>92</ns3:hr>
            <ns3:cad>53</ns3:cad>
          </ns3:TrackPointExtension>
        </extensions>
      </trkpt>
      <trkpt lat="42.46251099742949008941650390625" lon="-5.97869946621358394622802734375">
        <ele>892.4000244140625</ele>
        <time>2025-10-05T07:48:18.000Z</time>
        <extensions>
          <ns3:TrackPointExtension>
            <ns3:hr>94</ns3:hr>
            <ns3:cad>54</ns3:cad>
          </ns3:TrackPointExtension>
        </extensions>
      </trkpt>
      <trkpt lat="42.462504208087921142578125" lon="-5.97871002741158008575439453125">
        <ele>892.5999755859375</ele>
        <time>2025-10-05T07:48:19.000Z</time>
        <extensions>
          <ns3:TrackPointExtension>
            <ns3:hr>94</ns3:hr>
            <ns3:cad>54</ns3:cad>
          </ns3:TrackPointExtension>
        </extensions>
      </trkpt>
      <trkpt lat="42.46244913898408412933349609375" lon="-5.9788023121654987335205078125">
        <ele>893.20001220703125</ele>
        <time>2025-10-05T07:48:26.000Z</time>
        <extensions>
          <ns3:TrackPointExtension>
            <ns3:hr>94</ns3:hr>
            <ns3:cad>55</ns3:cad>
          </ns3:TrackPointExtension>
        </extensions>
      </trkpt>
      <trkpt lat="42.46239230968058109283447265625" lon="-5.978878922760486602783203125">
        <ele>893.5999755859375</ele>
        <time>2025-10-05T07:48:33.000Z</time>
        <extensions>
          <ns3:TrackPointExtension>
            <ns3:hr>94</ns3:hr>
            <ns3:cad>54</ns3:cad>
          </ns3:TrackPointExtension>
        </extensions>
      </trkpt>
      <trkpt lat="42.462381161749362945556640625" lon="-5.9788975305855274200439453125">
        <ele>893.5999755859375</ele>
        <time>2025-10-05T07:48:34.000Z</time>
        <extensions>
          <ns3:TrackPointExtension>
            <ns3:hr>94</ns3:hr>
            <ns3:cad>54</ns3:cad>
          </ns3:TrackPointExtension>
        </extensions>
      </trkpt>
      <trkpt lat="42.46233992278575897216796875" lon="-5.97898922860622406005859375">
        <ele>894.4000244140625</ele>
        <time>2025-10-05T07:48:40.000Z</time>
        <extensions>
          <ns3:TrackPointExtension>
            <ns3:hr>93</ns3:hr>
            <ns3:cad>54</ns3:cad>
          </ns3:TrackPointExtension>
        </extensions>
      </trkpt>
      <trkpt lat="42.4623266793787479400634765625" lon="-5.97900792025029659271240234375">
        <ele>894.79998779296875</ele>
        <time>2025-10-05T07:48:42.000Z</time>
        <extensions>
          <ns3:TrackPointExtension>
            <ns3:hr>92</ns3:hr>
            <ns3:cad>54</ns3:cad>
          </ns3:TrackPointExtension>
        </extensions>
      </trkpt>
      <trkpt lat="42.46229675598442554473876953125" lon="-5.9790688566863536834716796875">
        <ele>895.79998779296875</ele>
        <time>2025-10-05T07:48:47.000Z</time>
        <extensions>
          <ns3:TrackPointExtension>
            <ns3:hr>93</ns3:hr>
            <ns3:cad>52</ns3:cad>
          </ns3:TrackPointExtension>
        </extensions>
      </trkpt>
      <trkpt lat="42.46223757974803447723388671875" lon="-5.9791821800172328948974609375">
        <ele>896.79998779296875</ele>
        <time>2025-10-05T07:48:56.000Z</time>
        <extensions>
          <ns3:TrackPointExtension>
            <ns3:hr>93</ns3:hr>
            <ns3:cad>53</ns3:cad>
          </ns3:TrackPointExtension>
        </extensions>
      </trkpt>
      <trkpt lat="42.46217136271297931671142578125" lon="-5.9793104231357574462890625">
        <ele>897.79998779296875</ele>
        <time>2025-10-05T07:49:06.000Z</time>
        <extensions>
          <ns3:TrackPointExtension>
            <ns3:hr>94</ns3:hr>
            <ns3:cad>53</ns3:cad>
          </ns3:TrackPointExtension>
        </extensions>
      </trkpt>
      <trkpt lat="42.46211059391498565673828125" lon="-5.97942776978015899658203125">
        <ele>898.79998779296875</ele>
        <time>2025-10-05T07:49:15.000Z</time>
        <extensions>
          <ns3:TrackPointExtension>
            <ns3:hr>96</ns3:hr>
            <ns3:cad>0</ns3:cad>
          </ns3:TrackPointExtension>
        </extensions>
      </trkpt>
      <trkpt lat="42.4621057324111461639404296875" lon="-5.9794400073587894439697265625">
        <ele>899</ele>
        <time>2025-10-05T07:49:16.000Z</time>
        <extensions>
          <ns3:TrackPointExtension>
            <ns3:hr>96</ns3:hr>
            <ns3:cad>0</ns3:cad>
          </ns3:TrackPointExtension>
        </extensions>
      </trkpt>
      <trkpt lat="42.46204613707959651947021484375" lon="-5.9795238263905048370361328125">
        <ele>899.4000244140625</ele>
        <time>2025-10-05T07:49:23.000Z</time>
        <extensions>
          <ns3:TrackPointExtension>
            <ns3:hr>94</ns3:hr>
            <ns3:cad>53</ns3:cad>
          </ns3:TrackPointExtension>
        </extensions>
      </trkpt>
      <trkpt lat="42.4619826860725879669189453125" lon="-5.9796247445046901702880859375">
        <ele>899.79998779296875</ele>
        <time>2025-10-05T07:49:31.000Z</time>
        <extensions>
          <ns3:TrackPointExtension>
            <ns3:hr>96</ns3:hr>
            <ns3:cad>0</ns3:cad>
          </ns3:TrackPointExtension>
        </extensions>
      </trkpt>
      <trkpt lat="42.46192979626357555389404296875" lon="-5.9796939790248870849609375">
        <ele>900</ele>
        <time>2025-10-05T07:49:38.000Z</time>
        <extensions>
          <ns3:TrackPointExtension>
            <ns3:hr>95</ns3:hr>
            <ns3:cad>54</ns3:cad>
          </ns3:TrackPointExtension>
        </extensions>
      </trkpt>
      <trkpt lat="42.461922168731689453125" lon="-5.97970764152705669403076171875">
        <ele>900</ele>
        <time>2025-10-05T07:49:39.000Z</time>
        <extensions>
          <ns3:TrackPointExtension>
            <ns3:hr>95</ns3:hr>
            <ns3:cad>54</ns3:cad>
          </ns3:TrackPointExtension>
        </extensions>
      </trkpt>
      <trkpt lat="42.46185444295406341552734375" lon="-5.97980453632771968841552734375">
        <ele>900.20001220703125</ele>
        <time>2025-10-05T07:49:47.000Z</time>
        <extensions>
          <ns3:TrackPointExtension>
            <ns3:hr>95</ns3:hr>
            <ns3:cad>55</ns3:cad>
          </ns3:TrackPointExtension>
        </extensions>
      </trkpt>
      <trkpt lat="42.46179568581283092498779296875" lon="-5.97990059293806552886962890625">
        <ele>901</ele>
        <time>2025-10-05T07:49:54.000Z</time>
        <extensions>
          <ns3:TrackPointExtension>
            <ns3:hr>94</ns3:hr>
            <ns3:cad>54</ns3:cad>
          </ns3:TrackPointExtension>
        </extensions>
      </trkpt>
      <trkpt lat="42.461748830974102020263671875" lon="-5.97997854463756084442138671875">
        <ele>902</ele>
        <time>2025-10-05T07:50:01.000Z</time>
        <extensions>
          <ns3:TrackPointExtension>
            <ns3:hr>96</ns3:hr>
            <ns3:cad>51</ns3:cad>
          </ns3:TrackPointExtension>
        </extensions>
      </trkpt>
      <trkpt lat="42.46173332445323467254638671875" lon="-5.9799995832145214080810546875">
        <ele>902.4000244140625</ele>
        <time>2025-10-05T07:50:03.000Z</time>
        <extensions>
          <ns3:TrackPointExtension>
            <ns3:hr>97</ns3:hr>
            <ns3:cad>51</ns3:cad>
          </ns3:TrackPointExtension>
        </extensions>
      </trkpt>
      <trkpt lat="42.461696527898311614990234375" lon="-5.98006236366927623748779296875">
        <ele>903.20001220703125</ele>
        <time>2025-10-05T07:50:08.000Z</time>
        <extensions>
          <ns3:TrackPointExtension>
            <ns3:hr>99</ns3:hr>
            <ns3:cad>51</ns3:cad>
          </ns3:TrackPointExtension>
        </extensions>
      </trkpt>
      <trkpt lat="42.46167473495006561279296875" lon="-5.9801025129854679107666015625">
        <ele>903.4000244140625</ele>
        <time>2025-10-05T07:50:11.000Z</time>
        <extensions>
          <ns3:TrackPointExtension>
            <ns3:hr>100</ns3:hr>
            <ns3:cad>101</ns3:cad>
          </ns3:TrackPointExtension>
        </extensions>
      </trkpt>
      <trkpt lat="42.4616128765046596527099609375" lon="-5.98018641583621501922607421875">
        <ele>904</ele>
        <time>2025-10-05T07:50:18.000Z</time>
        <extensions>
          <ns3:TrackPointExtension>
            <ns3:hr>101</ns3:hr>
            <ns3:cad>51</ns3:cad>
          </ns3:TrackPointExtension>
        </extensions>
      </trkpt>
      <trkpt lat="42.46160038746893405914306640625" lon="-5.980215333402156829833984375">
        <ele>904.20001220703125</ele>
        <time>2025-10-05T07:50:20.000Z</time>
        <extensions>
          <ns3:TrackPointExtension>
            <ns3:hr>102</ns3:hr>
            <ns3:cad>0</ns3:cad>
          </ns3:TrackPointExtension>
        </extensions>
      </trkpt>
      <trkpt lat="42.461563087999820709228515625" lon="-5.98029202781617641448974609375">
        <ele>904.4000244140625</ele>
        <time>2025-10-05T07:50:26.000Z</time>
        <extensions>
          <ns3:TrackPointExtension>
            <ns3:hr>102</ns3:hr>
            <ns3:cad>53</ns3:cad>
          </ns3:TrackPointExtension>
        </extensions>
      </trkpt>
      <trkpt lat="42.46148069389164447784423828125" lon="-5.980395041406154632568359375">
        <ele>905.20001220703125</ele>
        <time>2025-10-05T07:50:35.000Z</time>
        <extensions>
          <ns3:TrackPointExtension>
            <ns3:hr>103</ns3:hr>
            <ns3:cad>53</ns3:cad>
          </ns3:TrackPointExtension>
        </extensions>
      </trkpt>
      <trkpt lat="42.46147222816944122314453125" lon="-5.98040141165256500244140625">
        <ele>905.20001220703125</ele>
        <time>2025-10-05T07:50:36.000Z</time>
        <extensions>
          <ns3:TrackPointExtension>
            <ns3:hr>103</ns3:hr>
            <ns3:cad>53</ns3:cad>
          </ns3:TrackPointExtension>
        </extensions>
      </trkpt>
      <trkpt lat="42.4614056758582592010498046875" lon="-5.9804847277700901031494140625">
        <ele>905.79998779296875</ele>
        <time>2025-10-05T07:50:44.000Z</time>
        <extensions>
          <ns3:TrackPointExtension>
            <ns3:hr>102</ns3:hr>
            <ns3:cad>0</ns3:cad>
          </ns3:TrackPointExtension>
        </extensions>
      </trkpt>
      <trkpt lat="42.461366616189479827880859375" lon="-5.98054968751966953277587890625">
        <ele>906.20001220703125</ele>
        <time>2025-10-05T07:50:49.000Z</time>
        <extensions>
          <ns3:TrackPointExtension>
            <ns3:hr>102</ns3:hr>
            <ns3:cad>51</ns3:cad>
          </ns3:TrackPointExtension>
        </extensions>
      </trkpt>
      <trkpt lat="42.46134457178413867950439453125" lon="-5.9805886633694171905517578125">
        <ele>906.4000244140625</ele>
        <time>2025-10-05T07:50:52.000Z</time>
        <extensions>
          <ns3:TrackPointExtension>
            <ns3:hr>103</ns3:hr>
            <ns3:cad>50</ns3:cad>
          </ns3:TrackPointExtension>
        </extensions>
      </trkpt>
      <trkpt lat="42.46130618266761302947998046875" lon="-5.980660915374755859375">
        <ele>907.20001220703125</ele>
        <time>2025-10-05T07:50:58.000Z</time>
        <extensions>
          <ns3:TrackPointExtension>
            <ns3:hr>103</ns3:hr>
            <ns3:cad>53</ns3:cad>
          </ns3:TrackPointExtension>
        </extensions>
      </trkpt>
      <trkpt lat="42.4612930230796337127685546875" lon="-5.980701148509979248046875">
        <ele>907.5999755859375</ele>
        <time>2025-10-05T07:51:01.000Z</time>
        <extensions>
          <ns3:TrackPointExtension>
            <ns3:hr>102</ns3:hr>
            <ns3:cad>53</ns3:cad>
          </ns3:TrackPointExtension>
        </extensions>
      </trkpt>
      <trkpt lat="42.4612440727651119232177734375" lon="-5.9807802736759185791015625">
        <ele>908.20001220703125</ele>
        <time>2025-10-05T07:51:08.000Z</time>
        <extensions>
          <ns3:TrackPointExtension>
            <ns3:hr>102</ns3:hr>
            <ns3:cad>50</ns3:cad>
          </ns3:TrackPointExtension>
        </extensions>
      </trkpt>
      <trkpt lat="42.4612346850335597991943359375" lon="-5.98079510964453220367431640625">
        <ele>908.4000244140625</ele>
        <time>2025-10-05T07:51:09.000Z</time>
        <extensions>
          <ns3:TrackPointExtension>
            <ns3:hr>102</ns3:hr>
            <ns3:cad>0</ns3:cad>
          </ns3:TrackPointExtension>
        </extensions>
      </trkpt>
      <trkpt lat="42.461194954812526702880859375" lon="-5.9808749891817569732666015625">
        <ele>909</ele>
        <time>2025-10-05T07:51:15.000Z</time>
        <extensions>
          <ns3:TrackPointExtension>
            <ns3:hr>103</ns3:hr>
            <ns3:cad>51</ns3:cad>
          </ns3:TrackPointExtension>
        </extensions>
      </trkpt>
      <trkpt lat="42.46117559261620044708251953125" lon="-5.98091077990829944610595703125">
        <ele>909.4000244140625</ele>
        <time>2025-10-05T07:51:18.000Z</time>
        <extensions>
          <ns3:TrackPointExtension>
            <ns3:hr>103</ns3:hr>
            <ns3:cad>50</ns3:cad>
          </ns3:TrackPointExtension>
        </extensions>
      </trkpt>
      <trkpt lat="42.46115229092538356781005859375" lon="-5.980962328612804412841796875">
        <ele>910</ele>
        <time>2025-10-05T07:51:22.000Z</time>
        <extensions>
          <ns3:TrackPointExtension>
            <ns3:hr>103</ns3:hr>
            <ns3:cad>49</ns3:cad>
          </ns3:TrackPointExtension>
        </extensions>
      </trkpt>
      <trkpt lat="42.4611344374716281890869140625" lon="-5.9809946827590465545654296875">
        <ele>910.4000244140625</ele>
        <time>2025-10-05T07:51:25.000Z</time>
        <extensions>
          <ns3:TrackPointExtension>
            <ns3:hr>103</ns3:hr>
            <ns3:cad>51</ns3:cad>
          </ns3:TrackPointExtension>
        </extensions>
      </trkpt>
      <trkpt lat="42.46110384352505207061767578125" lon="-5.9810557030141353607177734375">
        <ele>911</ele>
        <time>2025-10-05T07:51:30.000Z</time>
        <extensions>
          <ns3:TrackPointExtension>
            <ns3:hr>104</ns3:hr>
            <ns3:cad>0</ns3:cad>
          </ns3:TrackPointExtension>
        </extensions>
      </trkpt>
      <trkpt lat="42.46107936836779117584228515625" lon="-5.981115885078907012939453125">
        <ele>911.5999755859375</ele>
        <time>2025-10-05T07:51:34.000Z</time>
        <extensions>
          <ns3:TrackPointExtension>
            <ns3:hr>106</ns3:hr>
            <ns3:cad>48</ns3:cad>
          </ns3:TrackPointExtension>
        </extensions>
      </trkpt>
      <trkpt lat="42.46105640195310115814208984375" lon="-5.98114840686321258544921875">
        <ele>911.79998779296875</ele>
        <time>2025-10-05T07:51:37.000Z</time>
        <extensions>
          <ns3:TrackPointExtension>
            <ns3:hr>108</ns3:hr>
            <ns3:cad>50</ns3:cad>
          </ns3:TrackPointExtension>
        </extensions>
      </trkpt>
      <trkpt lat="42.4610157497227191925048828125" lon="-5.98122644238173961639404296875">
        <ele>912.5999755859375</ele>
        <time>2025-10-05T07:51:43.000Z</time>
        <extensions>
          <ns3:TrackPointExtension>
            <ns3:hr>109</ns3:hr>
            <ns3:cad>51</ns3:cad>
          </ns3:TrackPointExtension>
        </extensions>
      </trkpt>
      <trkpt lat="42.461005859076976776123046875" lon="-5.98124957643449306488037109375">
        <ele>913</ele>
        <time>2025-10-05T07:51:45.000Z</time>
        <extensions>
          <ns3:TrackPointExtension>
            <ns3:hr>109</ns3:hr>
            <ns3:cad>50</ns3:cad>
          </ns3:TrackPointExtension>
        </extensions>
      </trkpt>
      <trkpt lat="42.46098783798515796661376953125" lon="-5.981289558112621307373046875">
        <ele>913.20001220703125</ele>
        <time>2025-10-05T07:51:48.000Z</time>
        <extensions>
          <ns3:TrackPointExtension>
            <ns3:hr>112</ns3:hr>
            <ns3:cad>50</ns3:cad>
          </ns3:TrackPointExtension>
        </extensions>
      </trkpt>
      <trkpt lat="42.46095648966729640960693359375" lon="-5.98135954700410366058349609375">
        <ele>913.5999755859375</ele>
        <time>2025-10-05T07:51:53.000Z</time>
        <extensions>
          <ns3:TrackPointExtension>
            <ns3:hr>114</ns3:hr>
            <ns3:cad>52</ns3:cad>
          </ns3:TrackPointExtension>
        </extensions>
      </trkpt>
      <trkpt lat="42.4609517119824886322021484375" lon="-5.9813748858869075775146484375">
        <ele>913.5999755859375</ele>
        <time>2025-10-05T07:51:54.000Z</time>
        <extensions>
          <ns3:TrackPointExtension>
            <ns3:hr>114</ns3:hr>
            <ns3:cad>52</ns3:cad>
          </ns3:TrackPointExtension>
        </extensions>
      </trkpt>
      <trkpt lat="42.46091223321855068206787109375" lon="-5.98147555254399776458740234375">
        <ele>914.5999755859375</ele>
        <time>2025-10-05T07:52:02.000Z</time>
        <extensions>
          <ns3:TrackPointExtension>
            <ns3:hr>116</ns3:hr>
            <ns3:cad>51</ns3:cad>
          </ns3:TrackPointExtension>
        </extensions>
      </trkpt>
      <trkpt lat="42.4609054438769817352294921875" lon="-5.98149751313030719757080078125">
        <ele>914.79998779296875</ele>
        <time>2025-10-05T07:52:04.000Z</time>
        <extensions>
          <ns3:TrackPointExtension>
            <ns3:hr>116</ns3:hr>
            <ns3:cad>50</ns3:cad>
          </ns3:TrackPointExtension>
        </extensions>
      </trkpt>
      <trkpt lat="42.460887171328067779541015625" lon="-5.98156607709825038909912109375">
        <ele>915</ele>
        <time>2025-10-05T07:52:09.000Z</time>
        <extensions>
          <ns3:TrackPointExtension>
            <ns3:hr>116</ns3:hr>
            <ns3:cad>50</ns3:cad>
          </ns3:TrackPointExtension>
        </extensions>
      </trkpt>
      <trkpt lat="42.460859008133411407470703125" lon="-5.98165936768054962158203125">
        <ele>915.79998779296875</ele>
        <time>2025-10-05T07:52:16.000Z</time>
        <extensions>
          <ns3:TrackPointExtension>
            <ns3:hr>116</ns3:hr>
            <ns3:cad>49</ns3:cad>
          </ns3:TrackPointExtension>
        </extensions>
      </trkpt>
      <trkpt lat="42.46084995567798614501953125" lon="-5.98170303739607334136962890625">
        <ele>916</ele>
        <time>2025-10-05T07:52:19.000Z</time>
        <extensions>
          <ns3:TrackPointExtension>
            <ns3:hr>116</ns3:hr>
            <ns3:cad>49</ns3:cad>
          </ns3:TrackPointExtension>
        </extensions>
      </trkpt>
      <trkpt lat="42.46082581579685211181640625" lon="-5.9818265028297901153564453125">
        <ele>916.4000244140625</ele>
        <time>2025-10-05T07:52:27.000Z</time>
        <extensions>
          <ns3:TrackPointExtension>
            <ns3:hr>116</ns3:hr>
            <ns3:cad>52</ns3:cad>
          </ns3:TrackPointExtension>
        </extensions>
      </trkpt>
      <trkpt lat="42.46078683994710445404052734375" lon="-5.981986261904239654541015625">
        <ele>916.5999755859375</ele>
        <time>2025-10-05T07:52:37.000Z</time>
        <extensions>
          <ns3:TrackPointExtension>
            <ns3:hr>114</ns3:hr>
            <ns3:cad>55</ns3:cad>
          </ns3:TrackPointExtension>
        </extensions>
      </trkpt>
      <trkpt lat="42.460779212415218353271484375" lon="-5.982017777860164642333984375">
        <ele>916.79998779296875</ele>
        <time>2025-10-05T07:52:39.000Z</time>
        <extensions>
          <ns3:TrackPointExtension>
            <ns3:hr>114</ns3:hr>
            <ns3:cad>55</ns3:cad>
          </ns3:TrackPointExtension>
        </extensions>
      </trkpt>
      <trkpt lat="42.46075599454343318939208984375" lon="-5.9821413271129131317138671875">
        <ele>916.79998779296875</ele>
        <time>2025-10-05T07:52:47.000Z</time>
        <extensions>
          <ns3:TrackPointExtension>
            <ns3:hr>113</ns3:hr>
            <ns3:cad>55</ns3:cad>
          </ns3:TrackPointExtension>
        </extensions>
      </trkpt>
      <trkpt lat="42.46072229929268360137939453125" lon="-5.98227225244045257568359375">
        <ele>917</ele>
        <time>2025-10-05T07:52:56.000Z</time>
        <extensions>
          <ns3:TrackPointExtension>
            <ns3:hr>112</ns3:hr>
            <ns3:cad>55</ns3:cad>
          </ns3:TrackPointExtension>
        </extensions>
      </trkpt>
      <trkpt lat="42.46068340726196765899658203125" lon="-5.98242706619203090667724609375">
        <ele>917</ele>
        <time>2025-10-05T07:53:05.000Z</time>
        <extensions>
          <ns3:TrackPointExtension>
            <ns3:hr>112</ns3:hr>
            <ns3:cad>57</ns3:cad>
          </ns3:TrackPointExtension>
        </extensions>
      </trkpt>
      <trkpt lat="42.4606492929160594940185546875" lon="-5.98254357464611530303955078125">
        <ele>916.79998779296875</ele>
        <time>2025-10-05T07:53:13.000Z</time>
        <extensions>
          <ns3:TrackPointExtension>
            <ns3:hr>111</ns3:hr>
            <ns3:cad>56</ns3:cad>
          </ns3:TrackPointExtension>
        </extensions>
      </trkpt>
      <trkpt lat="42.4606328643858432769775390625" lon="-5.98262739367783069610595703125">
        <ele>917</ele>
        <time>2025-10-05T07:53:18.000Z</time>
        <extensions>
          <ns3:TrackPointExtension>
            <ns3:hr>108</ns3:hr>
            <ns3:cad>57</ns3:cad>
          </ns3:TrackPointExtension>
        </extensions>
      </trkpt>
      <trkpt lat="42.46062138117849826812744140625" lon="-5.982675589621067047119140625">
        <ele>916.79998779296875</ele>
        <time>2025-10-05T07:53:21.000Z</time>
        <extensions>
          <ns3:TrackPointExtension>
            <ns3:hr>105</ns3:hr>
            <ns3:cad>57</ns3:cad>
          </ns3:TrackPointExtension>
        </extensions>
      </trkpt>
      <trkpt lat="42.46061299927532672882080078125" lon="-5.98270903341472148895263671875">
        <ele>916.79998779296875</ele>
        <time>2025-10-05T07:53:23.000Z</time>
        <extensions>
          <ns3:TrackPointExtension>
            <ns3:hr>105</ns3:hr>
            <ns3:cad>57</ns3:cad>
          </ns3:TrackPointExtension>
        </extensions>
      </trkpt>
      <trkpt lat="42.46057846583425998687744140625" lon="-5.982832498848438262939453125">
        <ele>916.5999755859375</ele>
        <time>2025-10-05T07:53:31.000Z</time>
        <extensions>
          <ns3:TrackPointExtension>
            <ns3:hr>102</ns3:hr>
            <ns3:cad>57</ns3:cad>
          </ns3:TrackPointExtension>
        </extensions>
      </trkpt>
      <trkpt lat="42.46057234704494476318359375" lon="-5.98286409862339496612548828125">
        <ele>916.5999755859375</ele>
        <time>2025-10-05T07:53:33.000Z</time>
        <extensions>
          <ns3:TrackPointExtension>
            <ns3:hr>102</ns3:hr>
            <ns3:cad>57</ns3:cad>
          </ns3:TrackPointExtension>
        </extensions>
      </trkpt>
      <trkpt lat="42.4605393223464488983154296875" lon="-5.98302058875560760498046875">
        <ele>916.5999755859375</ele>
        <time>2025-10-05T07:53:43.000Z</time>
        <extensions>
          <ns3:TrackPointExtension>
            <ns3:hr>99</ns3:hr>
            <ns3:cad>57</ns3:cad>
          </ns3:TrackPointExtension>
        </extensions>
      </trkpt>
      <trkpt lat="42.46053588576614856719970703125" lon="-5.9830341674387454986572265625">
        <ele>916.4000244140625</ele>
        <time>2025-10-05T07:53:44.000Z</time>
        <extensions>
          <ns3:TrackPointExtension>
            <ns3:hr>99</ns3:hr>
            <ns3:cad>57</ns3:cad>
          </ns3:TrackPointExtension>
        </extensions>
      </trkpt>
      <trkpt lat="42.46049582026898860931396484375" lon="-5.98319652490317821502685546875">
        <ele>916.5999755859375</ele>
        <time>2025-10-05T07:53:54.000Z</time>
        <extensions>
          <ns3:TrackPointExtension>
            <ns3:hr>97</ns3:hr>
            <ns3:cad>56</ns3:cad>
          </ns3:TrackPointExtension>
        </extensions>
      </trkpt>
      <trkpt lat="42.46045994572341442108154296875" lon="-5.9833362512290477752685546875">
        <ele>916.5999755859375</ele>
        <time>2025-10-05T07:54:03.000Z</time>
        <extensions>
          <ns3:TrackPointExtension>
            <ns3:hr>99</ns3:hr>
            <ns3:cad>56</ns3:cad>
          </ns3:TrackPointExtension>
        </extensions>
      </trkpt>
      <trkpt lat="42.46043362654745578765869140625" lon="-5.98343096673488616943359375">
        <ele>916.4000244140625</ele>
        <time>2025-10-05T07:54:09.000Z</time>
        <extensions>
          <ns3:TrackPointExtension>
            <ns3:hr>96</ns3:hr>
            <ns3:cad>57</ns3:cad>
          </ns3:TrackPointExtension>
        </extensions>
      </trkpt>
      <trkpt lat="42.46042557992041110992431640625" lon="-5.98348938859999179840087890625">
        <ele>916.20001220703125</ele>
        <time>2025-10-05T07:54:13.000Z</time>
        <extensions>
          <ns3:TrackPointExtension>
            <ns3:hr>95</ns3:hr>
            <ns3:cad>57</ns3:cad>
          </ns3:TrackPointExtension>
        </extensions>
      </trkpt>
      <trkpt lat="42.46040093712508678436279296875" lon="-5.9836074896156787872314453125">
        <ele>916</ele>
        <time>2025-10-05T07:54:21.000Z</time>
        <extensions>
          <ns3:TrackPointExtension>
            <ns3:hr>94</ns3:hr>
            <ns3:cad>55</ns3:cad>
          </ns3:TrackPointExtension>
        </extensions>
      </trkpt>
      <trkpt lat="42.4603716842830181121826171875" lon="-5.98374788649380207061767578125">
        <ele>916</ele>
        <time>2025-10-05T07:54:30.000Z</time>
        <extensions>
          <ns3:TrackPointExtension>
            <ns3:hr>95</ns3:hr>
            <ns3:cad>56</ns3:cad>
          </ns3:TrackPointExtension>
        </extensions>
      </trkpt>
      <trkpt lat="42.4603410065174102783203125" lon="-5.98384494893252849578857421875">
        <ele>915.79998779296875</ele>
        <time>2025-10-05T07:54:36.000Z</time>
        <extensions>
          <ns3:TrackPointExtension>
            <ns3:hr>95</ns3:hr>
            <ns3:cad>56</ns3:cad>
          </ns3:TrackPointExtension>
        </extensions>
      </trkpt>
      <trkpt lat="42.460333965718746185302734375" lon="-5.9838629700243473052978515625">
        <ele>915.79998779296875</ele>
        <time>2025-10-05T07:54:37.000Z</time>
        <extensions>
          <ns3:TrackPointExtension>
            <ns3:hr>95</ns3:hr>
            <ns3:cad>56</ns3:cad>
          </ns3:TrackPointExtension>
        </extensions>
      </trkpt>
      <trkpt lat="42.460310161113739013671875" lon="-5.98401007242500782012939453125">
        <ele>915.5999755859375</ele>
        <time>2025-10-05T07:54:47.000Z</time>
        <extensions>
          <ns3:TrackPointExtension>
            <ns3:hr>95</ns3:hr>
            <ns3:cad>56</ns3:cad>
          </ns3:TrackPointExtension>
        </extensions>
      </trkpt>
      <trkpt lat="42.460272945463657379150390625" lon="-5.98418693058192729949951171875">
        <ele>915.4000244140625</ele>
        <time>2025-10-05T07:54:58.000Z</time>
        <extensions>
          <ns3:TrackPointExtension>
            <ns3:hr>95</ns3:hr>
            <ns3:cad>56</ns3:cad>
          </ns3:TrackPointExtension>
        </extensions>
      </trkpt>
      <trkpt lat="42.46024369262158870697021484375" lon="-5.98432254977524280548095703125">
        <ele>915.20001220703125</ele>
        <time>2025-10-05T07:55:07.000Z</time>
        <extensions>
          <ns3:TrackPointExtension>
            <ns3:hr>95</ns3:hr>
            <ns3:cad>56</ns3:cad>
          </ns3:TrackPointExtension>
        </extensions>
      </trkpt>
      <trkpt lat="42.4602134339511394500732421875" lon="-5.9844745136797428131103515625">
        <ele>915.20001220703125</ele>
        <time>2025-10-05T07:55:16.000Z</time>
        <extensions>
          <ns3:TrackPointExtension>
            <ns3:hr>93</ns3:hr>
            <ns3:cad>56</ns3:cad>
          </ns3:TrackPointExtension>
        </extensions>
      </trkpt>
      <trkpt lat="42.46018401347100734710693359375" lon="-5.98459831438958644866943359375">
        <ele>915</ele>
        <time>2025-10-05T07:55:24.000Z</time>
        <extensions>
          <ns3:TrackPointExtension>
            <ns3:hr>90</ns3:hr>
            <ns3:cad>57</ns3:cad>
          </ns3:TrackPointExtension>
        </extensions>
      </trkpt>
      <trkpt lat="42.46017328463494777679443359375" lon="-5.98463251255452632904052734375">
        <ele>915</ele>
        <time>2025-10-05T07:55:26.000Z</time>
        <extensions>
          <ns3:TrackPointExtension>
            <ns3:hr>89</ns3:hr>
            <ns3:cad>57</ns3:cad>
          </ns3:TrackPointExtension>
        </extensions>
      </trkpt>
      <trkpt lat="42.46013891883194446563720703125" lon="-5.98480652086436748504638671875">
        <ele>915</ele>
        <time>2025-10-05T07:55:37.000Z</time>
        <extensions>
          <ns3:TrackPointExtension>
            <ns3:hr>89</ns3:hr>
            <ns3:cad>57</ns3:cad>
          </ns3:TrackPointExtension>
        </extensions>
      </trkpt>
      <trkpt lat="42.46011964045464992523193359375" lon="-5.9848805330693721771240234375">
        <ele>914.79998779296875</ele>
        <time>2025-10-05T07:55:42.000Z</time>
        <extensions>
          <ns3:TrackPointExtension>
            <ns3:hr>89</ns3:hr>
            <ns3:cad>57</ns3:cad>
          </ns3:TrackPointExtension>
        </extensions>
      </trkpt>
      <trkpt lat="42.46009097434580326080322265625" lon="-5.98495739512145519256591796875">
        <ele>915</ele>
        <time>2025-10-05T07:55:47.000Z</time>
        <extensions>
          <ns3:TrackPointExtension>
            <ns3:hr>88</ns3:hr>
            <ns3:cad>57</ns3:cad>
          </ns3:TrackPointExtension>
        </extensions>
      </trkpt>
      <trkpt lat="42.4600494839251041412353515625" lon="-5.9851309843361377716064453125">
        <ele>914.79998779296875</ele>
        <time>2025-10-05T07:55:58.000Z</time>
        <extensions>
          <ns3:TrackPointExtension>
            <ns3:hr>87</ns3:hr>
            <ns3:cad>56</ns3:cad>
          </ns3:TrackPointExtension>
        </extensions>
      </trkpt>
      <trkpt lat="42.460019476711750030517578125" lon="-5.985229723155498504638671875">
        <ele>915</ele>
        <time>2025-10-05T07:56:05.000Z</time>
        <extensions>
          <ns3:TrackPointExtension>
            <ns3:hr>85</ns3:hr>
            <ns3:cad>56</ns3:cad>
          </ns3:TrackPointExtension>
        </extensions>
      </trkpt>
      <trkpt lat="42.4599958397448062896728515625" lon="-5.98535553552210330963134765625">
        <ele>915.4000244140625</ele>
        <time>2025-10-05T07:56:13.000Z</time>
        <extensions>
          <ns3:TrackPointExtension>
            <ns3:hr>86</ns3:hr>
            <ns3:cad>55</ns3:cad>
          </ns3:TrackPointExtension>
        </extensions>
      </trkpt>
      <trkpt lat="42.45996491052210330963134765625" lon="-5.98548964597284793853759765625">
        <ele>915.20001220703125</ele>
        <time>2025-10-05T07:56:21.000Z</time>
        <extensions>
          <ns3:TrackPointExtension>
            <ns3:hr>88</ns3:hr>
            <ns3:cad>55</ns3:cad>
          </ns3:TrackPointExtension>
        </extensions>
      </trkpt>
      <trkpt lat="42.4599318020045757293701171875" lon="-5.985620655119419097900390625">
        <ele>914.20001220703125</ele>
        <time>2025-10-05T07:56:29.000Z</time>
        <extensions>
          <ns3:TrackPointExtension>
            <ns3:hr>88</ns3:hr>
            <ns3:cad>57</ns3:cad>
          </ns3:TrackPointExtension>
        </extensions>
      </trkpt>
      <trkpt lat="42.45990137569606304168701171875" lon="-5.98577630706131458282470703125">
        <ele>914</ele>
        <time>2025-10-05T07:56:38.000Z</time>
        <extensions>
          <ns3:TrackPointExtension>
            <ns3:hr>89</ns3:hr>
            <ns3:cad>57</ns3:cad>
          </ns3:TrackPointExtension>
        </extensions>
      </trkpt>
      <trkpt lat="42.45989316143095493316650390625" lon="-5.98583749495446681976318359375">
        <ele>914</ele>
        <time>2025-10-05T07:56:42.000Z</time>
        <extensions>
          <ns3:TrackPointExtension>
            <ns3:hr>92</ns3:hr>
            <ns3:cad>56</ns3:cad>
          </ns3:TrackPointExtension>
        </extensions>
      </trkpt>
      <trkpt lat="42.45988494716584682464599609375" lon="-5.9858786500990390777587890625">
        <ele>913.79998779296875</ele>
        <time>2025-10-05T07:56:45.000Z</time>
        <extensions>
          <ns3:TrackPointExtension>
            <ns3:hr>91</ns3:hr>
            <ns3:cad>56</ns3:cad>
          </ns3:TrackPointExtension>
        </extensions>
      </trkpt>
      <trkpt lat="42.45986700989305973052978515625" lon="-5.9859403409063816070556640625">
        <ele>914</ele>
        <time>2025-10-05T07:56:49.000Z</time>
        <extensions>
          <ns3:TrackPointExtension>
            <ns3:hr>91</ns3:hr>
            <ns3:cad>57</ns3:cad>
          </ns3:TrackPointExtension>
        </extensions>
      </trkpt>
      <trkpt lat="42.45984806679189205169677734375" lon="-5.98603832535445690155029296875">
        <ele>913.79998779296875</ele>
        <time>2025-10-05T07:56:55.000Z</time>
        <extensions>
          <ns3:TrackPointExtension>
            <ns3:hr>94</ns3:hr>
            <ns3:cad>55</ns3:cad>
          </ns3:TrackPointExtension>
        </extensions>
      </trkpt>
      <trkpt lat="42.45983867906033992767333984375" lon="-5.986104793846607208251953125">
        <ele>913.79998779296875</ele>
        <time>2025-10-05T07:56:59.000Z</time>
        <extensions>
          <ns3:TrackPointExtension>
            <ns3:hr>94</ns3:hr>
            <ns3:cad>57</ns3:cad>
          </ns3:TrackPointExtension>
        </extensions>
      </trkpt>
      <trkpt lat="42.45981328189373016357421875" lon="-5.98622306250035762786865234375">
        <ele>913.79998779296875</ele>
        <time>2025-10-05T07:57:07.000Z</time>
        <extensions>
          <ns3:TrackPointExtension>
            <ns3:hr>91</ns3:hr>
            <ns3:cad>57</ns3:cad>
          </ns3:TrackPointExtension>
        </extensions>
      </trkpt>
      <trkpt lat="42.45980925858020782470703125" lon="-5.98624200560152530670166015625">
        <ele>913.5999755859375</ele>
        <time>2025-10-05T07:57:08.000Z</time>
        <extensions>
          <ns3:TrackPointExtension>
            <ns3:hr>92</ns3:hr>
            <ns3:cad>57</ns3:cad>
          </ns3:TrackPointExtension>
        </extensions>
      </trkpt>
      <trkpt lat="42.4597777426242828369140625" lon="-5.986376702785491943359375">
        <ele>913.5999755859375</ele>
        <time>2025-10-05T07:57:16.000Z</time>
        <extensions>
          <ns3:TrackPointExtension>
            <ns3:hr>91</ns3:hr>
            <ns3:cad>57</ns3:cad>
          </ns3:TrackPointExtension>
        </extensions>
      </trkpt>
      <trkpt lat="42.45974999852478504180908203125" lon="-5.986559092998504638671875">
        <ele>913.5999755859375</ele>
        <time>2025-10-05T07:57:27.000Z</time>
        <extensions>
          <ns3:TrackPointExtension>
            <ns3:hr>90</ns3:hr>
            <ns3:cad>57</ns3:cad>
          </ns3:TrackPointExtension>
        </extensions>
      </trkpt>
      <trkpt lat="42.45971881784498691558837890625" lon="-5.9866980649530887603759765625">
        <ele>913</ele>
        <time>2025-10-05T07:57:36.000Z</time>
        <extensions>
          <ns3:TrackPointExtension>
            <ns3:hr>90</ns3:hr>
            <ns3:cad>57</ns3:cad>
          </ns3:TrackPointExtension>
        </extensions>
      </trkpt>
      <trkpt lat="42.4597018025815486907958984375" lon="-5.98683871328830718994140625">
        <ele>913.20001220703125</ele>
        <time>2025-10-05T07:57:44.000Z</time>
        <extensions>
          <ns3:TrackPointExtension>
            <ns3:hr>89</ns3:hr>
            <ns3:cad>57</ns3:cad>
          </ns3:TrackPointExtension>
        </extensions>
      </trkpt>
      <trkpt lat="42.459689565002918243408203125" lon="-5.98695815540850162506103515625">
        <ele>913</ele>
        <time>2025-10-05T07:57:52.000Z</time>
        <extensions>
          <ns3:TrackPointExtension>
            <ns3:hr>87</ns3:hr>
            <ns3:cad>57</ns3:cad>
          </ns3:TrackPointExtension>
        </extensions>
      </trkpt>
      <trkpt lat="42.45965964160859584808349609375" lon="-5.98707483150064945220947265625">
        <ele>912.79998779296875</ele>
        <time>2025-10-05T07:57:59.000Z</time>
        <extensions>
          <ns3:TrackPointExtension>
            <ns3:hr>86</ns3:hr>
            <ns3:cad>56</ns3:cad>
          </ns3:TrackPointExtension>
        </extensions>
      </trkpt>
      <trkpt lat="42.45965628884732723236083984375" lon="-5.98708975128829479217529296875">
        <ele>912.79998779296875</ele>
        <time>2025-10-05T07:58:00.000Z</time>
        <extensions>
          <ns3:TrackPointExtension>
            <ns3:hr>86</ns3:hr>
            <ns3:cad>56</ns3:cad>
          </ns3:TrackPointExtension>
        </extensions>
      </trkpt>
      <trkpt lat="42.45963516645133495330810546875" lon="-5.9872449003159999847412109375">
        <ele>912.79998779296875</ele>
        <time>2025-10-05T07:58:09.000Z</time>
        <extensions>
          <ns3:TrackPointExtension>
            <ns3:hr>86</ns3:hr>
            <ns3:cad>57</ns3:cad>
          </ns3:TrackPointExtension>
        </extensions>
      </trkpt>
      <trkpt lat="42.45961555279791355133056640625" lon="-5.98735093139111995697021484375">
        <ele>912.5999755859375</ele>
        <time>2025-10-05T07:58:16.000Z</time>
        <extensions>
          <ns3:TrackPointExtension>
            <ns3:hr>85</ns3:hr>
            <ns3:cad>58</ns3:cad>
          </ns3:TrackPointExtension>
        </extensions>
      </trkpt>
      <trkpt lat="42.45958588086068630218505859375" lon="-5.98752225749194622039794921875">
        <ele>912.5999755859375</ele>
        <time>2025-10-05T07:58:27.000Z</time>
        <extensions>
          <ns3:TrackPointExtension>
            <ns3:hr>86</ns3:hr>
            <ns3:cad>57</ns3:cad>
          </ns3:TrackPointExtension>
        </extensions>
      </trkpt>
      <trkpt lat="42.45956257916986942291259765625" lon="-5.98768888972699642181396484375">
        <ele>912.4000244140625</ele>
        <time>2025-10-05T07:58:37.000Z</time>
        <extensions>
          <ns3:TrackPointExtension>
            <ns3:hr>83</ns3:hr>
            <ns3:cad>57</ns3:cad>
          </ns3:TrackPointExtension>
        </extensions>
      </trkpt>
      <trkpt lat="42.45953760109841823577880859375" lon="-5.987832807004451751708984375">
        <ele>912.20001220703125</ele>
        <time>2025-10-05T07:58:46.000Z</time>
        <extensions>
          <ns3:TrackPointExtension>
            <ns3:hr>82</ns3:hr>
            <ns3:cad>57</ns3:cad>
          </ns3:TrackPointExtension>
        </extensions>
      </trkpt>
      <trkpt lat="42.459509856998920440673828125" lon="-5.9879439510405063629150390625">
        <ele>912.20001220703125</ele>
        <time>2025-10-05T07:58:52.000Z</time>
        <extensions>
          <ns3:TrackPointExtension>
            <ns3:hr>83</ns3:hr>
            <ns3:cad>59</ns3:cad>
          </ns3:TrackPointExtension>
        </extensions>
      </trkpt>
      <trkpt lat="42.45948663912713527679443359375" lon="-5.9880716912448406219482421875">
        <ele>912.20001220703125</ele>
        <time>2025-10-05T07:59:00.000Z</time>
        <extensions>
          <ns3:TrackPointExtension>
            <ns3:hr>83</ns3:hr>
            <ns3:cad>57</ns3:cad>
          </ns3:TrackPointExtension>
        </extensions>
      </trkpt>
      <trkpt lat="42.45946451090276241302490234375" lon="-5.98823036067187786102294921875">
        <ele>912</ele>
        <time>2025-10-05T07:59:10.000Z</time>
        <extensions>
          <ns3:TrackPointExtension>
            <ns3:hr>83</ns3:hr>
            <ns3:cad>57</ns3:cad>
          </ns3:TrackPointExtension>
        </extensions>
      </trkpt>
      <trkpt lat="42.4594436399638652801513671875" lon="-5.9883868508040904998779296875">
        <ele>912</ele>
        <time>2025-10-05T07:59:19.000Z</time>
        <extensions>
          <ns3:TrackPointExtension>
            <ns3:hr>83</ns3:hr>
            <ns3:cad>57</ns3:cad>
          </ns3:TrackPointExtension>
        </extensions>
      </trkpt>
      <trkpt lat="42.459428049623966217041015625" lon="-5.98849556408822536468505859375">
        <ele>912</ele>
        <time>2025-10-05T07:59:27.000Z</time>
        <extensions>
          <ns3:TrackPointExtension>
            <ns3:hr>83</ns3:hr>
            <ns3:cad>58</ns3:cad>
          </ns3:TrackPointExtension>
        </extensions>
      </trkpt>
      <trkpt lat="42.45940684340894222259521484375" lon="-5.98864191211760044097900390625">
        <ele>912</ele>
        <time>2025-10-05T07:59:35.000Z</time>
        <extensions>
          <ns3:TrackPointExtension>
            <ns3:hr>83</ns3:hr>
            <ns3:cad>57</ns3:cad>
          </ns3:TrackPointExtension>
        </extensions>
      </trkpt>
      <trkpt lat="42.4593893252313137054443359375" lon="-5.98877702839672565460205078125">
        <ele>912</ele>
        <time>2025-10-05T07:59:43.000Z</time>
        <extensions>
          <ns3:TrackPointExtension>
            <ns3:hr>82</ns3:hr>
            <ns3:cad>58</ns3:cad>
          </ns3:TrackPointExtension>
        </extensions>
      </trkpt>
      <trkpt lat="42.459379769861698150634765625" lon="-5.98880552686750888824462890625">
        <ele>911.79998779296875</ele>
        <time>2025-10-05T07:59:45.000Z</time>
        <extensions>
          <ns3:TrackPointExtension>
            <ns3:hr>81</ns3:hr>
            <ns3:cad>57</ns3:cad>
          </ns3:TrackPointExtension>
        </extensions>
      </trkpt>
      <trkpt lat="42.45935319922864437103271484375" lon="-5.98893276415765285491943359375">
        <ele>911.79998779296875</ele>
        <time>2025-10-05T07:59:53.000Z</time>
        <extensions>
          <ns3:TrackPointExtension>
            <ns3:hr>81</ns3:hr>
            <ns3:cad>57</ns3:cad>
          </ns3:TrackPointExtension>
        </extensions>
      </trkpt>
      <trkpt lat="42.459341548383235931396484375" lon="-5.98898657597601413726806640625">
        <ele>911.79998779296875</ele>
        <time>2025-10-05T07:59:57.000Z</time>
        <extensions>
          <ns3:TrackPointExtension>
            <ns3:hr>84</ns3:hr>
            <ns3:cad>57</ns3:cad>
          </ns3:TrackPointExtension>
        </extensions>
      </trkpt>
      <trkpt lat="42.4593378603458404541015625" lon="-5.989037789404392242431640625">
        <ele>911.79998779296875</ele>
        <time>2025-10-05T08:00:00.000Z</time>
        <extensions>
          <ns3:TrackPointExtension>
            <ns3:hr>86</ns3:hr>
            <ns3:cad>57</ns3:cad>
          </ns3:TrackPointExtension>
        </extensions>
      </trkpt>
      <trkpt lat="42.45931841433048248291015625" lon="-5.98914004862308502197265625">
        <ele>911.79998779296875</ele>
        <time>2025-10-05T08:00:06.000Z</time>
        <extensions>
          <ns3:TrackPointExtension>
            <ns3:hr>89</ns3:hr>
            <ns3:cad>57</ns3:cad>
          </ns3:TrackPointExtension>
        </extensions>
      </trkpt>
      <trkpt lat="42.45929955504834651947021484375" lon="-5.989246331155300140380859375">
        <ele>911.79998779296875</ele>
        <time>2025-10-05T08:00:13.000Z</time>
        <extensions>
          <ns3:TrackPointExtension>
            <ns3:hr>88</ns3:hr>
            <ns3:cad>57</ns3:cad>
          </ns3:TrackPointExtension>
        </extensions>
      </trkpt>
      <trkpt lat="42.4592749960720539093017578125" lon="-5.98938220180571079254150390625">
        <ele>911.79998779296875</ele>
        <time>2025-10-05T08:00:21.000Z</time>
        <extensions>
          <ns3:TrackPointExtension>
            <ns3:hr>87</ns3:hr>
            <ns3:cad>58</ns3:cad>
          </ns3:TrackPointExtension>
        </extensions>
      </trkpt>
      <trkpt lat="42.459249682724475860595703125" lon="-5.98951597698032855987548828125">
        <ele>911.79998779296875</ele>
        <time>2025-10-05T08:00:30.000Z</time>
        <extensions>
          <ns3:TrackPointExtension>
            <ns3:hr>88</ns3:hr>
            <ns3:cad>57</ns3:cad>
          </ns3:TrackPointExtension>
        </extensions>
      </trkpt>
      <trkpt lat="42.459229566156864166259765625" lon="-5.98966735415160655975341796875">
        <ele>911.5999755859375</ele>
        <time>2025-10-05T08:00:38.000Z</time>
        <extensions>
          <ns3:TrackPointExtension>
            <ns3:hr>88</ns3:hr>
            <ns3:cad>57</ns3:cad>
          </ns3:TrackPointExtension>
        </extensions>
      </trkpt>
      <trkpt lat="42.4592032469809055328369140625" lon="-5.9897871315479278564453125">
        <ele>911.4000244140625</ele>
        <time>2025-10-05T08:00:46.000Z</time>
        <extensions>
          <ns3:TrackPointExtension>
            <ns3:hr>87</ns3:hr>
            <ns3:cad>58</ns3:cad>
          </ns3:TrackPointExtension>
        </extensions>
      </trkpt>
      <trkpt lat="42.45918740518391132354736328125" lon="-5.98992954008281230926513671875">
        <ele>911.5999755859375</ele>
        <time>2025-10-05T08:00:54.000Z</time>
        <extensions>
          <ns3:TrackPointExtension>
            <ns3:hr>86</ns3:hr>
            <ns3:cad>57</ns3:cad>
          </ns3:TrackPointExtension>
        </extensions>
      </trkpt>
      <trkpt lat="42.45916879735887050628662109375" lon="-5.99006013013422489166259765625">
        <ele>911.4000244140625</ele>
        <time>2025-10-05T08:01:02.000Z</time>
        <extensions>
          <ns3:TrackPointExtension>
            <ns3:hr>87</ns3:hr>
            <ns3:cad>57</ns3:cad>
          </ns3:TrackPointExtension>
        </extensions>
      </trkpt>
      <trkpt lat="42.45913946069777011871337890625" lon="-5.99020086228847503662109375">
        <ele>911.4000244140625</ele>
        <time>2025-10-05T08:01:11.000Z</time>
        <extensions>
          <ns3:TrackPointExtension>
            <ns3:hr>86</ns3:hr>
            <ns3:cad>57</ns3:cad>
          </ns3:TrackPointExtension>
        </extensions>
      </trkpt>
      <trkpt lat="42.4591113813221454620361328125" lon="-5.9903237409889698028564453125">
        <ele>911.4000244140625</ele>
        <time>2025-10-05T08:01:19.000Z</time>
        <extensions>
          <ns3:TrackPointExtension>
            <ns3:hr>86</ns3:hr>
            <ns3:cad>57</ns3:cad>
          </ns3:TrackPointExtension>
        </extensions>
      </trkpt>
      <trkpt lat="42.459087073802947998046875" lon="-5.990515016019344329833984375">
        <ele>911.4000244140625</ele>
        <time>2025-10-05T08:01:30.000Z</time>
        <extensions>
          <ns3:TrackPointExtension>
            <ns3:hr>84</ns3:hr>
            <ns3:cad>57</ns3:cad>
          </ns3:TrackPointExtension>
        </extensions>
      </trkpt>
      <trkpt lat="42.4590734951198101043701171875" lon="-5.99064342677593231201171875">
        <ele>911.20001220703125</ele>
        <time>2025-10-05T08:01:38.000Z</time>
        <extensions>
          <ns3:TrackPointExtension>
            <ns3:hr>83</ns3:hr>
            <ns3:cad>57</ns3:cad>
          </ns3:TrackPointExtension>
        </extensions>
      </trkpt>
      <trkpt lat="42.45905245654284954071044921875" lon="-5.990800000727176666259765625">
        <ele>911.20001220703125</ele>
        <time>2025-10-05T08:01:48.000Z</time>
        <extensions>
          <ns3:TrackPointExtension>
            <ns3:hr>84</ns3:hr>
            <ns3:cad>57</ns3:cad>
          </ns3:TrackPointExtension>
        </extensions>
      </trkpt>
      <trkpt lat="42.4590342678129673004150390625" lon="-5.9909312613308429718017578125">
        <ele>911.20001220703125</ele>
        <time>2025-10-05T08:01:55.000Z</time>
        <extensions>
          <ns3:TrackPointExtension>
            <ns3:hr>84</ns3:hr>
            <ns3:cad>57</ns3:cad>
          </ns3:TrackPointExtension>
        </extensions>
      </trkpt>
      <trkpt lat="42.45900861918926239013671875" lon="-5.99106914363801479339599609375">
        <ele>911.4000244140625</ele>
        <time>2025-10-05T08:02:04.000Z</time>
        <extensions>
          <ns3:TrackPointExtension>
            <ns3:hr>84</ns3:hr>
            <ns3:cad>57</ns3:cad>
          </ns3:TrackPointExtension>
        </extensions>
      </trkpt>
      <trkpt lat="42.458980120718479156494140625" lon="-5.99120828323066234588623046875">
        <ele>911.20001220703125</ele>
        <time>2025-10-05T08:02:13.000Z</time>
        <extensions>
          <ns3:TrackPointExtension>
            <ns3:hr>86</ns3:hr>
            <ns3:cad>57</ns3:cad>
          </ns3:TrackPointExtension>
        </extensions>
      </trkpt>
      <trkpt lat="42.45895975269377231597900390625" lon="-5.99134557880461215972900390625">
        <ele>911.20001220703125</ele>
        <time>2025-10-05T08:02:21.000Z</time>
        <extensions>
          <ns3:TrackPointExtension>
            <ns3:hr>87</ns3:hr>
            <ns3:cad>57</ns3:cad>
          </ns3:TrackPointExtension>
        </extensions>
      </trkpt>
      <trkpt lat="42.45893762446939945220947265625" lon="-5.99149142391979694366455078125">
        <ele>911</ele>
        <time>2025-10-05T08:02:30.000Z</time>
        <extensions>
          <ns3:TrackPointExtension>
            <ns3:hr>85</ns3:hr>
            <ns3:cad>57</ns3:cad>
          </ns3:TrackPointExtension>
        </extensions>
      </trkpt>
      <trkpt lat="42.4589140713214874267578125" lon="-5.9916638396680355072021484375">
        <ele>911</ele>
        <time>2025-10-05T08:02:41.000Z</time>
        <extensions>
          <ns3:TrackPointExtension>
            <ns3:hr>85</ns3:hr>
            <ns3:cad>58</ns3:cad>
          </ns3:TrackPointExtension>
        </extensions>
      </trkpt>
      <trkpt lat="42.45888683013617992401123046875" lon="-5.9918043203651905059814453125">
        <ele>911</ele>
        <time>2025-10-05T08:02:50.000Z</time>
        <extensions>
          <ns3:TrackPointExtension>
            <ns3:hr>86</ns3:hr>
            <ns3:cad>57</ns3:cad>
          </ns3:TrackPointExtension>
        </extensions>
      </trkpt>
      <trkpt lat="42.45883787982165813446044921875" lon="-5.99196768365800380706787109375">
        <ele>910.79998779296875</ele>
        <time>2025-10-05T08:03:00.000Z</time>
        <extensions>
          <ns3:TrackPointExtension>
            <ns3:hr>87</ns3:hr>
            <ns3:cad>57</ns3:cad>
          </ns3:TrackPointExtension>
        </extensions>
      </trkpt>
      <trkpt lat="42.45876579545438289642333984375" lon="-5.99207228980958461761474609375">
        <ele>911</ele>
        <time>2025-10-05T08:03:09.000Z</time>
        <extensions>
          <ns3:TrackPointExtension>
            <ns3:hr>89</ns3:hr>
            <ns3:cad>57</ns3:cad>
          </ns3:TrackPointExtension>
        </extensions>
      </trkpt>
      <trkpt lat="42.45869086124002933502197265625" lon="-5.9921684302389621734619140625">
        <ele>911</ele>
        <time>2025-10-05T08:03:17.000Z</time>
        <extensions>
          <ns3:TrackPointExtension>
            <ns3:hr>89</ns3:hr>
            <ns3:cad>56</ns3:cad>
          </ns3:TrackPointExtension>
        </extensions>
      </trkpt>
      <trkpt lat="42.45860385708510875701904296875" lon="-5.9922874532639980316162109375">
        <ele>911.20001220703125</ele>
        <time>2025-10-05T08:03:27.000Z</time>
        <extensions>
          <ns3:TrackPointExtension>
            <ns3:hr>89</ns3:hr>
            <ns3:cad>57</ns3:cad>
          </ns3:TrackPointExtension>
        </extensions>
      </trkpt>
      <trkpt lat="42.45852858759462833404541015625" lon="-5.99236682988703250885009765625">
        <ele>911</ele>
        <time>2025-10-05T08:03:35.000Z</time>
        <extensions>
          <ns3:TrackPointExtension>
            <ns3:hr>89</ns3:hr>
            <ns3:cad>57</ns3:cad>
          </ns3:TrackPointExtension>
        </extensions>
      </trkpt>
      <trkpt lat="42.45842934586107730865478515625" lon="-5.99248945713043212890625">
        <ele>910.79998779296875</ele>
        <time>2025-10-05T08:03:45.000Z</time>
        <extensions>
          <ns3:TrackPointExtension>
            <ns3:hr>89</ns3:hr>
            <ns3:cad>57</ns3:cad>
          </ns3:TrackPointExtension>
        </extensions>
      </trkpt>
      <trkpt lat="42.45834183879196643829345703125" lon="-5.99260102026164531707763671875">
        <ele>910.79998779296875</ele>
        <time>2025-10-05T08:03:54.000Z</time>
        <extensions>
          <ns3:TrackPointExtension>
            <ns3:hr>88</ns3:hr>
            <ns3:cad>58</ns3:cad>
          </ns3:TrackPointExtension>
        </extensions>
      </trkpt>
      <trkpt lat="42.4582591094076633453369140625" lon="-5.9926928021013736724853515625">
        <ele>910.4000244140625</ele>
        <time>2025-10-05T08:04:03.000Z</time>
        <extensions>
          <ns3:TrackPointExtension>
            <ns3:hr>87</ns3:hr>
            <ns3:cad>58</ns3:cad>
          </ns3:TrackPointExtension>
        </extensions>
      </trkpt>
      <trkpt lat="42.45816296897828578948974609375" lon="-5.99282138049602508544921875">
        <ele>910.4000244140625</ele>
        <time>2025-10-05T08:04:14.000Z</time>
        <extensions>
          <ns3:TrackPointExtension>
            <ns3:hr>88</ns3:hr>
            <ns3:cad>58</ns3:cad>
          </ns3:TrackPointExtension>
        </extensions>
      </trkpt>
      <trkpt lat="42.45806490071117877960205078125" lon="-5.99294283427298069000244140625">
        <ele>910.20001220703125</ele>
        <time>2025-10-05T08:04:24.000Z</time>
        <extensions>
          <ns3:TrackPointExtension>
            <ns3:hr>89</ns3:hr>
            <ns3:cad>58</ns3:cad>
          </ns3:TrackPointExtension>
        </extensions>
      </trkpt>
      <trkpt lat="42.457996420562267303466796875" lon="-5.99302229471504688262939453125">
        <ele>909.79998779296875</ele>
        <time>2025-10-05T08:04:32.000Z</time>
        <extensions>
          <ns3:TrackPointExtension>
            <ns3:hr>90</ns3:hr>
            <ns3:cad>57</ns3:cad>
          </ns3:TrackPointExtension>
        </extensions>
      </trkpt>
      <trkpt lat="42.45791905559599399566650390625" lon="-5.9931340254843235015869140625">
        <ele>909.79998779296875</ele>
        <time>2025-10-05T08:04:41.000Z</time>
        <extensions>
          <ns3:TrackPointExtension>
            <ns3:hr>90</ns3:hr>
            <ns3:cad>58</ns3:cad>
          </ns3:TrackPointExtension>
        </extensions>
      </trkpt>
      <trkpt lat="42.4578383378684520721435546875" lon="-5.99324776791036128997802734375">
        <ele>909.5999755859375</ele>
        <time>2025-10-05T08:04:50.000Z</time>
        <extensions>
          <ns3:TrackPointExtension>
            <ns3:hr>89</ns3:hr>
            <ns3:cad>57</ns3:cad>
          </ns3:TrackPointExtension>
        </extensions>
      </trkpt>
      <trkpt lat="42.4577598832547664642333984375" lon="-5.99334114231169223785400390625">
        <ele>909.4000244140625</ele>
        <time>2025-10-05T08:04:59.000Z</time>
        <extensions>
          <ns3:TrackPointExtension>
            <ns3:hr>90</ns3:hr>
            <ns3:cad>57</ns3:cad>
          </ns3:TrackPointExtension>
        </extensions>
      </trkpt>
      <trkpt lat="42.457680590450763702392578125" lon="-5.99344910122454166412353515625">
        <ele>909.4000244140625</ele>
        <time>2025-10-05T08:05:08.000Z</time>
        <extensions>
          <ns3:TrackPointExtension>
            <ns3:hr>90</ns3:hr>
            <ns3:cad>57</ns3:cad>
          </ns3:TrackPointExtension>
        </extensions>
      </trkpt>
      <trkpt lat="42.45759241282939910888671875" lon="-5.99355504848062992095947265625">
        <ele>909.20001220703125</ele>
        <time>2025-10-05T08:05:18.000Z</time>
        <extensions>
          <ns3:TrackPointExtension>
            <ns3:hr>90</ns3:hr>
            <ns3:cad>57</ns3:cad>
          </ns3:TrackPointExtension>
        </extensions>
      </trkpt>
      <trkpt lat="42.45750616304576396942138671875" lon="-5.9936466626822948455810546875">
        <ele>908.79998779296875</ele>
        <time>2025-10-05T08:05:26.000Z</time>
        <extensions>
          <ns3:TrackPointExtension>
            <ns3:hr>92</ns3:hr>
            <ns3:cad>57</ns3:cad>
          </ns3:TrackPointExtension>
        </extensions>
      </trkpt>
      <trkpt lat="42.457466684281826019287109375" lon="-5.9936999715864658355712890625">
        <ele>908.79998779296875</ele>
        <time>2025-10-05T08:05:31.000Z</time>
        <extensions>
          <ns3:TrackPointExtension>
            <ns3:hr>92</ns3:hr>
            <ns3:cad>57</ns3:cad>
          </ns3:TrackPointExtension>
        </extensions>
      </trkpt>
      <trkpt lat="42.4574239365756511688232421875" lon="-5.9937633387744426727294921875">
        <ele>908.5999755859375</ele>
        <time>2025-10-05T08:05:36.000Z</time>
        <extensions>
          <ns3:TrackPointExtension>
            <ns3:hr>93</ns3:hr>
            <ns3:cad>57</ns3:cad>
          </ns3:TrackPointExtension>
        </extensions>
      </trkpt>
      <trkpt lat="42.45732964016497135162353515625" lon="-5.99388261325657367706298828125">
        <ele>908.4000244140625</ele>
        <time>2025-10-05T08:05:47.000Z</time>
        <extensions>
          <ns3:TrackPointExtension>
            <ns3:hr>92</ns3:hr>
            <ns3:cad>57</ns3:cad>
          </ns3:TrackPointExtension>
        </extensions>
      </trkpt>
      <trkpt lat="42.45723391883075237274169921875" lon="-5.9940084256231784820556640625">
        <ele>908.20001220703125</ele>
        <time>2025-10-05T08:05:58.000Z</time>
        <extensions>
          <ns3:TrackPointExtension>
            <ns3:hr>91</ns3:hr>
            <ns3:cad>57</ns3:cad>
          </ns3:TrackPointExtension>
        </extensions>
      </trkpt>
      <trkpt lat="42.4571781791746616363525390625" lon="-5.99408201873302459716796875">
        <ele>907.79998779296875</ele>
        <time>2025-10-05T08:06:04.000Z</time>
        <extensions>
          <ns3:TrackPointExtension>
            <ns3:hr>88</ns3:hr>
            <ns3:cad>58</ns3:cad>
          </ns3:TrackPointExtension>
        </extensions>
      </trkpt>
      <trkpt lat="42.45712696574628353118896484375" lon="-5.99413356743752956390380859375">
        <ele>907.79998779296875</ele>
        <time>2025-10-05T08:06:09.000Z</time>
        <extensions>
          <ns3:TrackPointExtension>
            <ns3:hr>88</ns3:hr>
            <ns3:cad>57</ns3:cad>
          </ns3:TrackPointExtension>
        </extensions>
      </trkpt>
      <trkpt lat="42.457027137279510498046875" lon="-5.99427438341081142425537109375">
        <ele>907.79998779296875</ele>
        <time>2025-10-05T08:06:21.000Z</time>
        <extensions>
          <ns3:TrackPointExtension>
            <ns3:hr>87</ns3:hr>
            <ns3:cad>57</ns3:cad>
          </ns3:TrackPointExtension>
        </extensions>
      </trkpt>
      <trkpt lat="42.4569947831332683563232421875" lon="-5.994325093924999237060546875">
        <ele>907.79998779296875</ele>
        <time>2025-10-05T08:06:25.000Z</time>
        <extensions>
          <ns3:TrackPointExtension>
            <ns3:hr>86</ns3:hr>
            <ns3:cad>57</ns3:cad>
          </ns3:TrackPointExtension>
        </extensions>
      </trkpt>
      <trkpt lat="42.45693535543978214263916015625" lon="-5.99439005367457866668701171875">
        <ele>907.79998779296875</ele>
        <time>2025-10-05T08:06:31.000Z</time>
        <extensions>
          <ns3:TrackPointExtension>
            <ns3:hr>86</ns3:hr>
            <ns3:cad>57</ns3:cad>
          </ns3:TrackPointExtension>
        </extensions>
      </trkpt>
      <trkpt lat="42.4568472616374492645263671875" lon="-5.994498766958713531494140625">
        <ele>907.5999755859375</ele>
        <time>2025-10-05T08:06:41.000Z</time>
        <extensions>
          <ns3:TrackPointExtension>
            <ns3:hr>86</ns3:hr>
            <ns3:cad>56</ns3:cad>
          </ns3:TrackPointExtension>
        </extensions>
      </trkpt>
      <trkpt lat="42.456768639385700225830078125" lon="-5.9945998527109622955322265625">
        <ele>907.4000244140625</ele>
        <time>2025-10-05T08:06:50.000Z</time>
        <extensions>
          <ns3:TrackPointExtension>
            <ns3:hr>86</ns3:hr>
            <ns3:cad>57</ns3:cad>
          </ns3:TrackPointExtension>
        </extensions>
      </trkpt>
      <trkpt lat="42.45669881813228130340576171875" lon="-5.99468224681913852691650390625">
        <ele>907.20001220703125</ele>
        <time>2025-10-05T08:06:57.000Z</time>
        <extensions>
          <ns3:TrackPointExtension>
            <ns3:hr>87</ns3:hr>
            <ns3:cad>59</ns3:cad>
          </ns3:TrackPointExtension>
        </extensions>
      </trkpt>
      <trkpt lat="42.45661851949989795684814453125" lon="-5.994782410562038421630859375">
        <ele>907.20001220703125</ele>
        <time>2025-10-05T08:07:06.000Z</time>
        <extensions>
          <ns3:TrackPointExtension>
            <ns3:hr>87</ns3:hr>
            <ns3:cad>57</ns3:cad>
          </ns3:TrackPointExtension>
        </extensions>
      </trkpt>
      <trkpt lat="42.456525899469852447509765625" lon="-5.99491476081311702728271484375">
        <ele>907</ele>
        <time>2025-10-05T08:07:17.000Z</time>
        <extensions>
          <ns3:TrackPointExtension>
            <ns3:hr>87</ns3:hr>
            <ns3:cad>58</ns3:cad>
          </ns3:TrackPointExtension>
        </extensions>
      </trkpt>
      <trkpt lat="42.45646194554865360260009765625" lon="-5.99500947631895542144775390625">
        <ele>906.79998779296875</ele>
        <time>2025-10-05T08:07:24.000Z</time>
        <extensions>
          <ns3:TrackPointExtension>
            <ns3:hr>86</ns3:hr>
            <ns3:cad>58</ns3:cad>
          </ns3:TrackPointExtension>
        </extensions>
      </trkpt>
      <trkpt lat="42.4563741870224475860595703125" lon="-5.99511827342212200164794921875">
        <ele>907</ele>
        <time>2025-10-05T08:07:34.000Z</time>
        <extensions>
          <ns3:TrackPointExtension>
            <ns3:hr>85</ns3:hr>
            <ns3:cad>58</ns3:cad>
          </ns3:TrackPointExtension>
        </extensions>
      </trkpt>
      <trkpt lat="42.45630201883614063262939453125" lon="-5.9952157549560070037841796875">
        <ele>906.5999755859375</ele>
        <time>2025-10-05T08:07:42.000Z</time>
        <extensions>
          <ns3:TrackPointExtension>
            <ns3:hr>85</ns3:hr>
            <ns3:cad>58</ns3:cad>
          </ns3:TrackPointExtension>
        </extensions>
      </trkpt>
      <trkpt lat="42.45620596222579479217529296875" lon="-5.99535095505416393280029296875">
        <ele>906.5999755859375</ele>
        <time>2025-10-05T08:07:53.000Z</time>
        <extensions>
          <ns3:TrackPointExtension>
            <ns3:hr>85</ns3:hr>
            <ns3:cad>58</ns3:cad>
          </ns3:TrackPointExtension>
        </extensions>
      </trkpt>
      <trkpt lat="42.4561076425015926361083984375" lon="-5.995497219264507293701171875">
        <ele>906.5999755859375</ele>
        <time>2025-10-05T08:08:04.000Z</time>
        <extensions>
          <ns3:TrackPointExtension>
            <ns3:hr>87</ns3:hr>
            <ns3:cad>57</ns3:cad>
          </ns3:TrackPointExtension>
        </extensions>
      </trkpt>
      <trkpt lat="42.45604469440877437591552734375" lon="-5.9956003166735172271728515625">
        <ele>906.4000244140625</ele>
        <time>2025-10-05T08:08:12.000Z</time>
        <extensions>
          <ns3:TrackPointExtension>
            <ns3:hr>86</ns3:hr>
            <ns3:cad>59</ns3:cad>
          </ns3:TrackPointExtension>
        </extensions>
      </trkpt>
      <trkpt lat="42.45597328059375286102294921875" lon="-5.99570584483444690704345703125">
        <ele>906.20001220703125</ele>
        <time>2025-10-05T08:08:21.000Z</time>
        <extensions>
          <ns3:TrackPointExtension>
            <ns3:hr>85</ns3:hr>
            <ns3:cad>57</ns3:cad>
          </ns3:TrackPointExtension>
        </extensions>
      </trkpt>
      <trkpt lat="42.45589683763682842254638671875" lon="-5.9958373568952083587646484375">
        <ele>906.20001220703125</ele>
        <time>2025-10-05T08:08:30.000Z</time>
        <extensions>
          <ns3:TrackPointExtension>
            <ns3:hr>86</ns3:hr>
            <ns3:cad>59</ns3:cad>
          </ns3:TrackPointExtension>
        </extensions>
      </trkpt>
      <trkpt lat="42.45582307688891887664794921875" lon="-5.99595151841640472412109375">
        <ele>906.20001220703125</ele>
        <time>2025-10-05T08:08:39.000Z</time>
        <extensions>
          <ns3:TrackPointExtension>
            <ns3:hr>89</ns3:hr>
            <ns3:cad>58</ns3:cad>
          </ns3:TrackPointExtension>
        </extensions>
      </trkpt>
      <trkpt lat="42.4558149464428424835205078125" lon="-5.9959644265472888946533203125">
        <ele>906.4000244140625</ele>
        <time>2025-10-05T08:08:40.000Z</time>
        <extensions>
          <ns3:TrackPointExtension>
            <ns3:hr>89</ns3:hr>
            <ns3:cad>58</ns3:cad>
          </ns3:TrackPointExtension>
        </extensions>
      </trkpt>
      <trkpt lat="42.4557623080909252166748046875" lon="-5.9960529394447803497314453125">
        <ele>906.20001220703125</ele>
        <time>2025-10-05T08:08:47.000Z</time>
        <extensions>
          <ns3:TrackPointExtension>
            <ns3:hr>89</ns3:hr>
            <ns3:cad>58</ns3:cad>
          </ns3:TrackPointExtension>
        </extensions>
      </trkpt>
      <trkpt lat="42.4556855298578739166259765625" lon="-5.9961786679923534393310546875">
        <ele>906.20001220703125</ele>
        <time>2025-10-05T08:08:57.000Z</time>
        <extensions>
          <ns3:TrackPointExtension>
            <ns3:hr>89</ns3:hr>
            <ns3:cad>57</ns3:cad>
          </ns3:TrackPointExtension>
        </extensions>
      </trkpt>
      <trkpt lat="42.45560967363417148590087890625" lon="-5.9963231720030307769775390625">
        <ele>906</ele>
        <time>2025-10-05T08:09:07.000Z</time>
        <extensions>
          <ns3:TrackPointExtension>
            <ns3:hr>91</ns3:hr>
            <ns3:cad>57</ns3:cad>
          </ns3:TrackPointExtension>
        </extensions>
      </trkpt>
      <trkpt lat="42.4555567838251590728759765625" lon="-5.9964012913405895233154296875">
        <ele>906.20001220703125</ele>
        <time>2025-10-05T08:09:13.000Z</time>
        <extensions>
          <ns3:TrackPointExtension>
            <ns3:hr>94</ns3:hr>
            <ns3:cad>59</ns3:cad>
          </ns3:TrackPointExtension>
        </extensions>
      </trkpt>
      <trkpt lat="42.45554052293300628662109375" lon="-5.99642752669751644134521484375">
        <ele>906.20001220703125</ele>
        <time>2025-10-05T08:09:15.000Z</time>
        <extensions>
          <ns3:TrackPointExtension>
            <ns3:hr>94</ns3:hr>
            <ns3:cad>0</ns3:cad>
          </ns3:TrackPointExtension>
        </extensions>
      </trkpt>
      <trkpt lat="42.4554642476141452789306640625" lon="-5.9965370781719684600830078125">
        <ele>906.20001220703125</ele>
        <time>2025-10-05T08:09:24.000Z</time>
        <extensions>
          <ns3:TrackPointExtension>
            <ns3:hr>94</ns3:hr>
            <ns3:cad>57</ns3:cad>
          </ns3:TrackPointExtension>
        </extensions>
      </trkpt>
      <trkpt lat="42.45538235642015933990478515625" lon="-5.99668552167713642120361328125">
        <ele>906.4000244140625</ele>
        <time>2025-10-05T08:09:35.000Z</time>
        <extensions>
          <ns3:TrackPointExtension>
            <ns3:hr>94</ns3:hr>
            <ns3:cad>57</ns3:cad>
          </ns3:TrackPointExtension>
        </extensions>
      </trkpt>
      <trkpt lat="42.45529551990330219268798828125" lon="-5.9968064725399017333984375">
        <ele>906.4000244140625</ele>
        <time>2025-10-05T08:09:45.000Z</time>
        <extensions>
          <ns3:TrackPointExtension>
            <ns3:hr>92</ns3:hr>
            <ns3:cad>57</ns3:cad>
          </ns3:TrackPointExtension>
        </extensions>
      </trkpt>
      <trkpt lat="42.45522947050631046295166015625" lon="-5.99691082723438739776611328125">
        <ele>906.4000244140625</ele>
        <time>2025-10-05T08:09:53.000Z</time>
        <extensions>
          <ns3:TrackPointExtension>
            <ns3:hr>92</ns3:hr>
            <ns3:cad>58</ns3:cad>
          </ns3:TrackPointExtension>
        </extensions>
      </trkpt>
      <trkpt lat="42.455151937901973724365234375" lon="-5.99706119857728481292724609375">
        <ele>906.5999755859375</ele>
        <time>2025-10-05T08:10:04.000Z</time>
        <extensions>
          <ns3:TrackPointExtension>
            <ns3:hr>91</ns3:hr>
            <ns3:cad>57</ns3:cad>
          </ns3:TrackPointExtension>
        </extensions>
      </trkpt>
      <trkpt lat="42.45508044026792049407958984375" lon="-5.99717058241367340087890625">
        <ele>906.5999755859375</ele>
        <time>2025-10-05T08:10:13.000Z</time>
        <extensions>
          <ns3:TrackPointExtension>
            <ns3:hr>92</ns3:hr>
            <ns3:cad>57</ns3:cad>
          </ns3:TrackPointExtension>
        </extensions>
      </trkpt>
      <trkpt lat="42.45500952936708927154541015625" lon="-5.9972904436290264129638671875">
        <ele>906.5999755859375</ele>
        <time>2025-10-05T08:10:22.000Z</time>
        <extensions>
          <ns3:TrackPointExtension>
            <ns3:hr>92</ns3:hr>
            <ns3:cad>57</ns3:cad>
          </ns3:TrackPointExtension>
        </extensions>
      </trkpt>
      <trkpt lat="42.45494280941784381866455078125" lon="-5.99742949940264225006103515625">
        <ele>906.5999755859375</ele>
        <time>2025-10-05T08:10:32.000Z</time>
        <extensions>
          <ns3:TrackPointExtension>
            <ns3:hr>92</ns3:hr>
            <ns3:cad>58</ns3:cad>
          </ns3:TrackPointExtension>
        </extensions>
      </trkpt>
      <trkpt lat="42.45487307198345661163330078125" lon="-5.9975291602313518524169921875">
        <ele>906.5999755859375</ele>
        <time>2025-10-05T08:10:40.000Z</time>
        <extensions>
          <ns3:TrackPointExtension>
            <ns3:hr>91</ns3:hr>
            <ns3:cad>57</ns3:cad>
          </ns3:TrackPointExtension>
        </extensions>
      </trkpt>
      <trkpt lat="42.45479579083621501922607421875" lon="-5.9976468421518802642822265625">
        <ele>906.79998779296875</ele>
        <time>2025-10-05T08:10:49.000Z</time>
        <extensions>
          <ns3:TrackPointExtension>
            <ns3:hr>91</ns3:hr>
            <ns3:cad>59</ns3:cad>
          </ns3:TrackPointExtension>
        </extensions>
      </trkpt>
      <trkpt lat="42.4547231197357177734375" lon="-5.99778975360095500946044921875">
        <ele>906.5999755859375</ele>
        <time>2025-10-05T08:10:59.000Z</time>
        <extensions>
          <ns3:TrackPointExtension>
            <ns3:hr>90</ns3:hr>
            <ns3:cad>60</ns3:cad>
          </ns3:TrackPointExtension>
        </extensions>
      </trkpt>
      <trkpt lat="42.45464776642620563507080078125" lon="-5.99791564978659152984619140625">
        <ele>906.5999755859375</ele>
        <time>2025-10-05T08:11:09.000Z</time>
        <extensions>
          <ns3:TrackPointExtension>
            <ns3:hr>90</ns3:hr>
            <ns3:cad>58</ns3:cad>
          </ns3:TrackPointExtension>
        </extensions>
      </trkpt>
      <trkpt lat="42.45457626879215240478515625" lon="-5.9980186633765697479248046875">
        <ele>906.79998779296875</ele>
        <time>2025-10-05T08:11:17.000Z</time>
        <extensions>
          <ns3:TrackPointExtension>
            <ns3:hr>90</ns3:hr>
            <ns3:cad>58</ns3:cad>
          </ns3:TrackPointExtension>
        </extensions>
      </trkpt>
      <trkpt lat="42.45448951609432697296142578125" lon="-5.99818772636353969573974609375">
        <ele>906.79998779296875</ele>
        <time>2025-10-05T08:11:29.000Z</time>
        <extensions>
          <ns3:TrackPointExtension>
            <ns3:hr>89</ns3:hr>
            <ns3:cad>57</ns3:cad>
          </ns3:TrackPointExtension>
        </extensions>
      </trkpt>
      <trkpt lat="42.45442128740251064300537109375" lon="-5.998304150998592376708984375">
        <ele>906.5999755859375</ele>
        <time>2025-10-05T08:11:38.000Z</time>
        <extensions>
          <ns3:TrackPointExtension>
            <ns3:hr>88</ns3:hr>
            <ns3:cad>59</ns3:cad>
          </ns3:TrackPointExtension>
        </extensions>
      </trkpt>
      <trkpt lat="42.45433227159082889556884765625" lon="-5.99843650124967098236083984375">
        <ele>906.5999755859375</ele>
        <time>2025-10-05T08:11:48.000Z</time>
        <extensions>
          <ns3:TrackPointExtension>
            <ns3:hr>87</ns3:hr>
            <ns3:cad>58</ns3:cad>
          </ns3:TrackPointExtension>
        </extensions>
      </trkpt>
      <trkpt lat="42.45424945838749408721923828125" lon="-5.9985876269638538360595703125">
        <ele>906.79998779296875</ele>
        <time>2025-10-05T08:11:59.000Z</time>
        <extensions>
          <ns3:TrackPointExtension>
            <ns3:hr>88</ns3:hr>
            <ns3:cad>0</ns3:cad>
          </ns3:TrackPointExtension>
        </extensions>
      </trkpt>
      <trkpt lat="42.45417796075344085693359375" lon="-5.99870438687503337860107421875">
        <ele>906.5999755859375</ele>
        <time>2025-10-05T08:12:08.000Z</time>
        <extensions>
          <ns3:TrackPointExtension>
            <ns3:hr>89</ns3:hr>
            <ns3:cad>58</ns3:cad>
          </ns3:TrackPointExtension>
        </extensions>
      </trkpt>
      <trkpt lat="42.454111911356449127197265625" lon="-5.998812429606914520263671875">
        <ele>906.4000244140625</ele>
        <time>2025-10-05T08:12:17.000Z</time>
        <extensions>
          <ns3:TrackPointExtension>
            <ns3:hr>91</ns3:hr>
            <ns3:cad>57</ns3:cad>
          </ns3:TrackPointExtension>
        </extensions>
      </trkpt>
      <trkpt lat="42.454035468399524688720703125" lon="-5.99894058890640735626220703125">
        <ele>906.20001220703125</ele>
        <time>2025-10-05T08:12:26.000Z</time>
        <extensions>
          <ns3:TrackPointExtension>
            <ns3:hr>92</ns3:hr>
            <ns3:cad>58</ns3:cad>
          </ns3:TrackPointExtension>
        </extensions>
      </trkpt>
      <trkpt lat="42.45398341678082942962646484375" lon="-5.99909012205898761749267578125">
        <ele>906.20001220703125</ele>
        <time>2025-10-05T08:12:36.000Z</time>
        <extensions>
          <ns3:TrackPointExtension>
            <ns3:hr>91</ns3:hr>
            <ns3:cad>57</ns3:cad>
          </ns3:TrackPointExtension>
        </extensions>
      </trkpt>
      <trkpt lat="42.45395139791071414947509765625" lon="-5.99925390444695949554443359375">
        <ele>906.20001220703125</ele>
        <time>2025-10-05T08:12:46.000Z</time>
        <extensions>
          <ns3:TrackPointExtension>
            <ns3:hr>91</ns3:hr>
            <ns3:cad>57</ns3:cad>
          </ns3:TrackPointExtension>
        </extensions>
      </trkpt>
      <trkpt lat="42.45395139791071414947509765625" lon="-5.99940679036080837249755859375">
        <ele>906.5999755859375</ele>
        <time>2025-10-05T08:12:56.000Z</time>
        <extensions>
          <ns3:TrackPointExtension>
            <ns3:hr>90</ns3:hr>
            <ns3:cad>57</ns3:cad>
          </ns3:TrackPointExtension>
        </extensions>
      </trkpt>
      <trkpt lat="42.45394435711205005645751953125" lon="-5.99956101737916469573974609375">
        <ele>906.4000244140625</ele>
        <time>2025-10-05T08:13:05.000Z</time>
        <extensions>
          <ns3:TrackPointExtension>
            <ns3:hr>93</ns3:hr>
            <ns3:cad>57</ns3:cad>
          </ns3:TrackPointExtension>
        </extensions>
      </trkpt>
      <trkpt lat="42.45392541401088237762451171875" lon="-5.99969076924026012420654296875">
        <ele>906.20001220703125</ele>
        <time>2025-10-05T08:13:14.000Z</time>
        <extensions>
          <ns3:TrackPointExtension>
            <ns3:hr>94</ns3:hr>
            <ns3:cad>56</ns3:cad>
          </ns3:TrackPointExtension>
        </extensions>
      </trkpt>
      <trkpt lat="42.45393664576113224029541015625" lon="-5.99977056495845317840576171875">
        <ele>906.20001220703125</ele>
        <time>2025-10-05T08:13:21.000Z</time>
        <extensions>
          <ns3:TrackPointExtension>
            <ns3:hr>94</ns3:hr>
            <ns3:cad>53</ns3:cad>
          </ns3:TrackPointExtension>
        </extensions>
      </trkpt>
      <trkpt lat="42.45395022444427013397216796875" lon="-5.99977123551070690155029296875">
        <ele>906.4000244140625</ele>
        <time>2025-10-05T08:13:28.000Z</time>
        <extensions>
          <ns3:TrackPointExtension>
            <ns3:hr>93</ns3:hr>
            <ns3:cad>0</ns3:cad>
          </ns3:TrackPointExtension>
        </extensions>
      </trkpt>
      <trkpt lat="42.45395022444427013397216796875" lon="-5.99977123551070690155029296875">
        <ele>906.4000244140625</ele>
        <time>2025-10-05T08:13:31.000Z</time>
        <extensions>
          <ns3:TrackPointExtension>
            <ns3:hr>90</ns3:hr>
            <ns3:cad>0</ns3:cad>
          </ns3:TrackPointExtension>
        </extensions>
      </trkpt>
      <trkpt lat="42.45395022444427013397216796875" lon="-5.99977123551070690155029296875">
        <ele>906.4000244140625</ele>
        <time>2025-10-05T08:13:40.000Z</time>
        <extensions>
          <ns3:TrackPointExtension>
            <ns3:hr>91</ns3:hr>
            <ns3:cad>0</ns3:cad>
          </ns3:TrackPointExtension>
        </extensions>
      </trkpt>
      <trkpt lat="42.45395374484360218048095703125" lon="-5.9998080320656299591064453125">
        <ele>906.5999755859375</ele>
        <time>2025-10-05T08:13:51.000Z</time>
        <extensions>
          <ns3:TrackPointExtension>
            <ns3:hr>93</ns3:hr>
            <ns3:cad>0</ns3:cad>
          </ns3:TrackPointExtension>
        </extensions>
      </trkpt>
      <trkpt lat="42.4539568461477756500244140625" lon="-5.99981817416846752166748046875">
        <ele>906.5999755859375</ele>
        <time>2025-10-05T08:13:53.000Z</time>
        <extensions>
          <ns3:TrackPointExtension>
            <ns3:hr>90</ns3:hr>
            <ns3:cad>0</ns3:cad>
          </ns3:TrackPointExtension>
        </extensions>
      </trkpt>
      <trkpt lat="42.45396313257515430450439453125" lon="-5.99983124993741512298583984375">
        <ele>906.5999755859375</ele>
        <time>2025-10-05T08:13:58.000Z</time>
        <extensions>
          <ns3:TrackPointExtension>
            <ns3:hr>90</ns3:hr>
            <ns3:cad>0</ns3:cad>
          </ns3:TrackPointExtension>
        </extensions>
      </trkpt>
      <trkpt lat="42.45395676232874393463134765625" lon="-5.99981834180653095245361328125">
        <ele>907</ele>
        <time>2025-10-05T08:14:06.000Z</time>
        <extensions>
          <ns3:TrackPointExtension>
            <ns3:hr>87</ns3:hr>
            <ns3:cad>0</ns3:cad>
          </ns3:TrackPointExtension>
        </extensions>
      </trkpt>
      <trkpt lat="42.45395676232874393463134765625" lon="-5.99981834180653095245361328125">
        <ele>906.79998779296875</ele>
        <time>2025-10-05T08:14:08.000Z</time>
        <extensions>
          <ns3:TrackPointExtension>
            <ns3:hr>84</ns3:hr>
            <ns3:cad>0</ns3:cad>
          </ns3:TrackPointExtension>
        </extensions>
      </trkpt>
      <trkpt lat="42.4539546668529510498046875" lon="-5.99984164349734783172607421875">
        <ele>906.5999755859375</ele>
        <time>2025-10-05T08:14:10.000Z</time>
        <extensions>
          <ns3:TrackPointExtension>
            <ns3:hr>81</ns3:hr>
            <ns3:cad>0</ns3:cad>
          </ns3:TrackPointExtension>
        </extensions>
      </trkpt>
      <trkpt lat="42.45394737459719181060791015625" lon="-5.999849103391170501708984375">
        <ele>906.5999755859375</ele>
        <time>2025-10-05T08:14:11.000Z</time>
        <extensions>
          <ns3:TrackPointExtension>
            <ns3:hr>80</ns3:hr>
            <ns3:cad>0</ns3:cad>
          </ns3:TrackPointExtension>
        </extensions>
      </trkpt>
      <trkpt lat="42.45392440818250179290771484375" lon="-5.99985673092305660247802734375">
        <ele>906.20001220703125</ele>
        <time>2025-10-05T08:14:13.000Z</time>
        <extensions>
          <ns3:TrackPointExtension>
            <ns3:hr>76</ns3:hr>
            <ns3:cad>0</ns3:cad>
          </ns3:TrackPointExtension>
        </extensions>
      </trkpt>
      <trkpt lat="42.4539021961390972137451171875" lon="-5.9998695552349090576171875">
        <ele>906</ele>
        <time>2025-10-05T08:14:15.000Z</time>
        <extensions>
          <ns3:TrackPointExtension>
            <ns3:hr>73</ns3:hr>
            <ns3:cad>55</ns3:cad>
          </ns3:TrackPointExtension>
        </extensions>
      </trkpt>
      <trkpt lat="42.45388752780854701995849609375" lon="-5.9999116323888301849365234375">
        <ele>905.79998779296875</ele>
        <time>2025-10-05T08:14:18.000Z</time>
        <extensions>
          <ns3:TrackPointExtension>
            <ns3:hr>73</ns3:hr>
            <ns3:cad>56</ns3:cad>
          </ns3:TrackPointExtension>
        </extensions>
      </trkpt>
      <trkpt lat="42.45388962328433990478515625" lon="-5.99995614029467105865478515625">
        <ele>905.5999755859375</ele>
        <time>2025-10-05T08:14:21.000Z</time>
        <extensions>
          <ns3:TrackPointExtension>
            <ns3:hr>74</ns3:hr>
            <ns3:cad>57</ns3:cad>
          </ns3:TrackPointExtension>
        </extensions>
      </trkpt>
      <trkpt lat="42.453904040157794952392578125" lon="-6.0000343434512615203857421875">
        <ele>905.4000244140625</ele>
        <time>2025-10-05T08:14:26.000Z</time>
        <extensions>
          <ns3:TrackPointExtension>
            <ns3:hr>76</ns3:hr>
            <ns3:cad>57</ns3:cad>
          </ns3:TrackPointExtension>
        </extensions>
      </trkpt>
      <trkpt lat="42.4539410881698131561279296875" lon="-6.00015680305659770965576171875">
        <ele>905</ele>
        <time>2025-10-05T08:14:35.000Z</time>
        <extensions>
          <ns3:TrackPointExtension>
            <ns3:hr>78</ns3:hr>
            <ns3:cad>56</ns3:cad>
          </ns3:TrackPointExtension>
        </extensions>
      </trkpt>
      <trkpt lat="42.4539519846439361572265625" lon="-6.000297032296657562255859375">
        <ele>904.79998779296875</ele>
        <time>2025-10-05T08:14:43.000Z</time>
        <extensions>
          <ns3:TrackPointExtension>
            <ns3:hr>78</ns3:hr>
            <ns3:cad>59</ns3:cad>
          </ns3:TrackPointExtension>
        </extensions>
      </trkpt>
      <trkpt lat="42.45395659469068050384521484375" lon="-6.00032888352870941162109375">
        <ele>904.4000244140625</ele>
        <time>2025-10-05T08:14:45.000Z</time>
        <extensions>
          <ns3:TrackPointExtension>
            <ns3:hr>77</ns3:hr>
            <ns3:cad>58</ns3:cad>
          </ns3:TrackPointExtension>
        </extensions>
      </trkpt>
      <trkpt lat="42.45396883226931095123291015625" lon="-6.0004219226539134979248046875">
        <ele>904.20001220703125</ele>
        <time>2025-10-05T08:14:51.000Z</time>
        <extensions>
          <ns3:TrackPointExtension>
            <ns3:hr>79</ns3:hr>
            <ns3:cad>58</ns3:cad>
          </ns3:TrackPointExtension>
        </extensions>
      </trkpt>
      <trkpt lat="42.45398844592273235321044921875" lon="-6.0006204061210155487060546875">
        <ele>903.5999755859375</ele>
        <time>2025-10-05T08:15:02.000Z</time>
        <extensions>
          <ns3:TrackPointExtension>
            <ns3:hr>76</ns3:hr>
            <ns3:cad>59</ns3:cad>
          </ns3:TrackPointExtension>
        </extensions>
      </trkpt>
      <trkpt lat="42.4539880268275737762451171875" lon="-6.000667177140712738037109375">
        <ele>903.4000244140625</ele>
        <time>2025-10-05T08:15:05.000Z</time>
        <extensions>
          <ns3:TrackPointExtension>
            <ns3:hr>77</ns3:hr>
            <ns3:cad>59</ns3:cad>
          </ns3:TrackPointExtension>
        </extensions>
      </trkpt>
      <trkpt lat="42.45401811785995960235595703125" lon="-6.00079734809696674346923828125">
        <ele>902.4000244140625</ele>
        <time>2025-10-05T08:15:12.000Z</time>
        <extensions>
          <ns3:TrackPointExtension>
            <ns3:hr>77</ns3:hr>
            <ns3:cad>59</ns3:cad>
          </ns3:TrackPointExtension>
        </extensions>
      </trkpt>
      <trkpt lat="42.4540245719254016876220703125" lon="-6.00081436336040496826171875">
        <ele>902.20001220703125</ele>
        <time>2025-10-05T08:15:13.000Z</time>
        <extensions>
          <ns3:TrackPointExtension>
            <ns3:hr>76</ns3:hr>
            <ns3:cad>59</ns3:cad>
          </ns3:TrackPointExtension>
        </extensions>
      </trkpt>
      <trkpt lat="42.45407209731638431549072265625" lon="-6.000922657549381256103515625">
        <ele>901.20001220703125</ele>
        <time>2025-10-05T08:15:20.000Z</time>
        <extensions>
          <ns3:TrackPointExtension>
            <ns3:hr>77</ns3:hr>
            <ns3:cad>59</ns3:cad>
          </ns3:TrackPointExtension>
        </extensions>
      </trkpt>
      <trkpt lat="42.45410311035811901092529296875" lon="-6.001002453267574310302734375">
        <ele>900.4000244140625</ele>
        <time>2025-10-05T08:15:25.000Z</time>
        <extensions>
          <ns3:TrackPointExtension>
            <ns3:hr>76</ns3:hr>
            <ns3:cad>60</ns3:cad>
          </ns3:TrackPointExtension>
        </extensions>
      </trkpt>
      <trkpt lat="42.454106546938419342041015625" lon="-6.0010187141597270965576171875">
        <ele>900.20001220703125</ele>
        <time>2025-10-05T08:15:26.000Z</time>
        <extensions>
          <ns3:TrackPointExtension>
            <ns3:hr>77</ns3:hr>
            <ns3:cad>60</ns3:cad>
          </ns3:TrackPointExtension>
        </extensions>
      </trkpt>
      <trkpt lat="42.45413781143724918365478515625" lon="-6.00110949017107486724853515625">
        <ele>899</ele>
        <time>2025-10-05T08:15:32.000Z</time>
        <extensions>
          <ns3:TrackPointExtension>
            <ns3:hr>77</ns3:hr>
            <ns3:cad>60</ns3:cad>
          </ns3:TrackPointExtension>
        </extensions>
      </trkpt>
      <trkpt lat="42.454166896641254425048828125" lon="-6.0011836700141429901123046875">
        <ele>897.79998779296875</ele>
        <time>2025-10-05T08:15:37.000Z</time>
        <extensions>
          <ns3:TrackPointExtension>
            <ns3:hr>77</ns3:hr>
            <ns3:cad>61</ns3:cad>
          </ns3:TrackPointExtension>
        </extensions>
      </trkpt>
      <trkpt lat="42.4541717581450939178466796875" lon="-6.001198254525661468505859375">
        <ele>897.5999755859375</ele>
        <time>2025-10-05T08:15:38.000Z</time>
        <extensions>
          <ns3:TrackPointExtension>
            <ns3:hr>77</ns3:hr>
            <ns3:cad>61</ns3:cad>
          </ns3:TrackPointExtension>
        </extensions>
      </trkpt>
      <trkpt lat="42.45419497601687908172607421875" lon="-6.00125768221914768218994140625">
        <ele>896.79998779296875</ele>
        <time>2025-10-05T08:15:42.000Z</time>
        <extensions>
          <ns3:TrackPointExtension>
            <ns3:hr>78</ns3:hr>
            <ns3:cad>61</ns3:cad>
          </ns3:TrackPointExtension>
        </extensions>
      </trkpt>
      <trkpt lat="42.45423437096178531646728515625" lon="-6.00134803913533687591552734375">
        <ele>895.4000244140625</ele>
        <time>2025-10-05T08:15:48.000Z</time>
        <extensions>
          <ns3:TrackPointExtension>
            <ns3:hr>79</ns3:hr>
            <ns3:cad>61</ns3:cad>
          </ns3:TrackPointExtension>
        </extensions>
      </trkpt>
      <trkpt lat="42.4542438425123691558837890625" lon="-6.00137938745319843292236328125">
        <ele>895.20001220703125</ele>
        <time>2025-10-05T08:15:50.000Z</time>
        <extensions>
          <ns3:TrackPointExtension>
            <ns3:hr>79</ns3:hr>
            <ns3:cad>61</ns3:cad>
          </ns3:TrackPointExtension>
        </extensions>
      </trkpt>
      <trkpt lat="42.45425532571971416473388671875" lon="-6.00143252871930599212646484375">
        <ele>894.4000244140625</ele>
        <time>2025-10-05T08:15:53.000Z</time>
        <extensions>
          <ns3:TrackPointExtension>
            <ns3:hr>80</ns3:hr>
            <ns3:cad>59</ns3:cad>
          </ns3:TrackPointExtension>
        </extensions>
      </trkpt>
      <trkpt lat="42.45428298600018024444580078125" lon="-6.001542247831821441650390625">
        <ele>893.4000244140625</ele>
        <time>2025-10-05T08:15:59.000Z</time>
        <extensions>
          <ns3:TrackPointExtension>
            <ns3:hr>81</ns3:hr>
            <ns3:cad>60</ns3:cad>
          </ns3:TrackPointExtension>
        </extensions>
      </trkpt>
      <trkpt lat="42.454286925494670867919921875" lon="-6.001559682190418243408203125">
        <ele>893</ele>
        <time>2025-10-05T08:16:00.000Z</time>
        <extensions>
          <ns3:TrackPointExtension>
            <ns3:hr>82</ns3:hr>
            <ns3:cad>61</ns3:cad>
          </ns3:TrackPointExtension>
        </extensions>
      </trkpt>
      <trkpt lat="42.454302012920379638671875" lon="-6.0016305930912494659423828125">
        <ele>892.20001220703125</ele>
        <time>2025-10-05T08:16:04.000Z</time>
        <extensions>
          <ns3:TrackPointExtension>
            <ns3:hr>81</ns3:hr>
            <ns3:cad>62</ns3:cad>
          </ns3:TrackPointExtension>
        </extensions>
      </trkpt>
      <trkpt lat="42.45430544950067996978759765625" lon="-6.0017234645783901214599609375">
        <ele>891.20001220703125</ele>
        <time>2025-10-05T08:16:09.000Z</time>
        <extensions>
          <ns3:TrackPointExtension>
            <ns3:hr>80</ns3:hr>
            <ns3:cad>62</ns3:cad>
          </ns3:TrackPointExtension>
        </extensions>
      </trkpt>
      <trkpt lat="42.454305030405521392822265625" lon="-6.00176093168556690216064453125">
        <ele>890.79998779296875</ele>
        <time>2025-10-05T08:16:11.000Z</time>
        <extensions>
          <ns3:TrackPointExtension>
            <ns3:hr>80</ns3:hr>
            <ns3:cad>62</ns3:cad>
          </ns3:TrackPointExtension>
        </extensions>
      </trkpt>
      <trkpt lat="42.45430695824325084686279296875" lon="-6.0018341057002544403076171875">
        <ele>890</ele>
        <time>2025-10-05T08:16:15.000Z</time>
        <extensions>
          <ns3:TrackPointExtension>
            <ns3:hr>83</ns3:hr>
            <ns3:cad>61</ns3:cad>
          </ns3:TrackPointExtension>
        </extensions>
      </trkpt>
      <trkpt lat="42.45431475341320037841796875" lon="-6.00192748010158538818359375">
        <ele>888.79998779296875</ele>
        <time>2025-10-05T08:16:21.000Z</time>
        <extensions>
          <ns3:TrackPointExtension>
            <ns3:hr>83</ns3:hr>
            <ns3:cad>62</ns3:cad>
          </ns3:TrackPointExtension>
        </extensions>
      </trkpt>
      <trkpt lat="42.45431450195610523223876953125" lon="-6.0019447468221187591552734375">
        <ele>888.5999755859375</ele>
        <time>2025-10-05T08:16:22.000Z</time>
        <extensions>
          <ns3:TrackPointExtension>
            <ns3:hr>83</ns3:hr>
            <ns3:cad>62</ns3:cad>
          </ns3:TrackPointExtension>
        </extensions>
      </trkpt>
      <trkpt lat="42.4543199501931667327880859375" lon="-6.0020268894731998443603515625">
        <ele>887.79998779296875</ele>
        <time>2025-10-05T08:16:27.000Z</time>
        <extensions>
          <ns3:TrackPointExtension>
            <ns3:hr>83</ns3:hr>
            <ns3:cad>60</ns3:cad>
          </ns3:TrackPointExtension>
        </extensions>
      </trkpt>
      <trkpt lat="42.45434132404625415802001953125" lon="-6.0021385364234447479248046875">
        <ele>886.5999755859375</ele>
        <time>2025-10-05T08:16:34.000Z</time>
        <extensions>
          <ns3:TrackPointExtension>
            <ns3:hr>82</ns3:hr>
            <ns3:cad>59</ns3:cad>
          </ns3:TrackPointExtension>
        </extensions>
      </trkpt>
      <trkpt lat="42.45434551499783992767333984375" lon="-6.00215840153396129608154296875">
        <ele>886.5999755859375</ele>
        <time>2025-10-05T08:16:35.000Z</time>
        <extensions>
          <ns3:TrackPointExtension>
            <ns3:hr>82</ns3:hr>
            <ns3:cad>59</ns3:cad>
          </ns3:TrackPointExtension>
        </extensions>
      </trkpt>
      <trkpt lat="42.454364709556102752685546875" lon="-6.002260409295558929443359375">
        <ele>885.5999755859375</ele>
        <time>2025-10-05T08:16:40.000Z</time>
        <extensions>
          <ns3:TrackPointExtension>
            <ns3:hr>81</ns3:hr>
            <ns3:cad>59</ns3:cad>
          </ns3:TrackPointExtension>
        </extensions>
      </trkpt>
      <trkpt lat="42.45438876561820507049560546875" lon="-6.00238219834864139556884765625">
        <ele>884.5999755859375</ele>
        <time>2025-10-05T08:16:47.000Z</time>
        <extensions>
          <ns3:TrackPointExtension>
            <ns3:hr>81</ns3:hr>
            <ns3:cad>60</ns3:cad>
          </ns3:TrackPointExtension>
        </extensions>
      </trkpt>
      <trkpt lat="42.45439245365560054779052734375" lon="-6.00240114144980907440185546875">
        <ele>884.5999755859375</ele>
        <time>2025-10-05T08:16:48.000Z</time>
        <extensions>
          <ns3:TrackPointExtension>
            <ns3:hr>81</ns3:hr>
            <ns3:cad>60</ns3:cad>
          </ns3:TrackPointExtension>
        </extensions>
      </trkpt>
      <trkpt lat="42.4544084630906581878662109375" lon="-6.00250373594462871551513671875">
        <ele>883.4000244140625</ele>
        <time>2025-10-05T08:16:54.000Z</time>
        <extensions>
          <ns3:TrackPointExtension>
            <ns3:hr>80</ns3:hr>
            <ns3:cad>61</ns3:cad>
          </ns3:TrackPointExtension>
        </extensions>
      </trkpt>
      <trkpt lat="42.4544108100235462188720703125" lon="-6.00251899100840091705322265625">
        <ele>883.20001220703125</ele>
        <time>2025-10-05T08:16:55.000Z</time>
        <extensions>
          <ns3:TrackPointExtension>
            <ns3:hr>81</ns3:hr>
            <ns3:cad>60</ns3:cad>
          </ns3:TrackPointExtension>
        </extensions>
      </trkpt>
      <trkpt lat="42.45442832820117473602294921875" lon="-6.00258596241474151611328125">
        <ele>882.4000244140625</ele>
        <time>2025-10-05T08:16:59.000Z</time>
        <extensions>
          <ns3:TrackPointExtension>
            <ns3:hr>81</ns3:hr>
            <ns3:cad>61</ns3:cad>
          </ns3:TrackPointExtension>
        </extensions>
      </trkpt>
      <trkpt lat="42.45444593019783496856689453125" lon="-6.0026612319052219390869140625">
        <ele>881</ele>
        <time>2025-10-05T08:17:04.000Z</time>
        <extensions>
          <ns3:TrackPointExtension>
            <ns3:hr>81</ns3:hr>
            <ns3:cad>61</ns3:cad>
          </ns3:TrackPointExtension>
        </extensions>
      </trkpt>
      <trkpt lat="42.4544510431587696075439453125" lon="-6.00267724134027957916259765625">
        <ele>880.79998779296875</ele>
        <time>2025-10-05T08:17:05.000Z</time>
        <extensions>
          <ns3:TrackPointExtension>
            <ns3:hr>81</ns3:hr>
            <ns3:cad>61</ns3:cad>
          </ns3:TrackPointExtension>
        </extensions>
      </trkpt>
      <trkpt lat="42.4544721655547618865966796875" lon="-6.00276944227516651153564453125">
        <ele>879.79998779296875</ele>
        <time>2025-10-05T08:17:10.000Z</time>
        <extensions>
          <ns3:TrackPointExtension>
            <ns3:hr>82</ns3:hr>
            <ns3:cad>61</ns3:cad>
          </ns3:TrackPointExtension>
        </extensions>
      </trkpt>
      <trkpt lat="42.454484403133392333984375" lon="-6.0028204880654811859130859375">
        <ele>879.20001220703125</ele>
        <time>2025-10-05T08:17:13.000Z</time>
        <extensions>
          <ns3:TrackPointExtension>
            <ns3:hr>82</ns3:hr>
            <ns3:cad>60</ns3:cad>
          </ns3:TrackPointExtension>
        </extensions>
      </trkpt>
      <trkpt lat="42.45449714362621307373046875" lon="-6.00287555716931819915771484375">
        <ele>878.79998779296875</ele>
        <time>2025-10-05T08:17:16.000Z</time>
        <extensions>
          <ns3:TrackPointExtension>
            <ns3:hr>80</ns3:hr>
            <ns3:cad>60</ns3:cad>
          </ns3:TrackPointExtension>
        </extensions>
      </trkpt>
      <trkpt lat="42.454516589641571044921875" lon="-6.0029623098671436309814453125">
        <ele>877.5999755859375</ele>
        <time>2025-10-05T08:17:22.000Z</time>
        <extensions>
          <ns3:TrackPointExtension>
            <ns3:hr>79</ns3:hr>
            <ns3:cad>59</ns3:cad>
          </ns3:TrackPointExtension>
        </extensions>
      </trkpt>
      <trkpt lat="42.45452404953539371490478515625" lon="-6.002997346222400665283203125">
        <ele>877.4000244140625</ele>
        <time>2025-10-05T08:17:24.000Z</time>
        <extensions>
          <ns3:TrackPointExtension>
            <ns3:hr>79</ns3:hr>
            <ns3:cad>59</ns3:cad>
          </ns3:TrackPointExtension>
        </extensions>
      </trkpt>
      <trkpt lat="42.45455254800617694854736328125" lon="-6.0031151957809925079345703125">
        <ele>876.5999755859375</ele>
        <time>2025-10-05T08:17:30.000Z</time>
        <extensions>
          <ns3:TrackPointExtension>
            <ns3:hr>80</ns3:hr>
            <ns3:cad>59</ns3:cad>
          </ns3:TrackPointExtension>
        </extensions>
      </trkpt>
      <trkpt lat="42.4545623548328876495361328125" lon="-6.00318384356796741485595703125">
        <ele>876</ele>
        <time>2025-10-05T08:17:34.000Z</time>
        <extensions>
          <ns3:TrackPointExtension>
            <ns3:hr>81</ns3:hr>
            <ns3:cad>59</ns3:cad>
          </ns3:TrackPointExtension>
        </extensions>
      </trkpt>
      <trkpt lat="42.4545687250792980194091796875" lon="-6.00324846804141998291015625">
        <ele>875.5999755859375</ele>
        <time>2025-10-05T08:17:38.000Z</time>
        <extensions>
          <ns3:TrackPointExtension>
            <ns3:hr>83</ns3:hr>
            <ns3:cad>58</ns3:cad>
          </ns3:TrackPointExtension>
        </extensions>
      </trkpt>
      <trkpt lat="42.45456755161285400390625" lon="-6.00334963761270046234130859375">
        <ele>875</ele>
        <time>2025-10-05T08:17:43.000Z</time>
        <extensions>
          <ns3:TrackPointExtension>
            <ns3:hr>84</ns3:hr>
            <ns3:cad>57</ns3:cad>
          </ns3:TrackPointExtension>
        </extensions>
      </trkpt>
      <trkpt lat="42.4545680545270442962646484375" lon="-6.00341032259166240692138671875">
        <ele>874.4000244140625</ele>
        <time>2025-10-05T08:17:46.000Z</time>
        <extensions>
          <ns3:TrackPointExtension>
            <ns3:hr>84</ns3:hr>
            <ns3:cad>58</ns3:cad>
          </ns3:TrackPointExtension>
        </extensions>
      </trkpt>
      <trkpt lat="42.45456797070801258087158203125" lon="-6.00353278219699859619140625">
        <ele>873.5999755859375</ele>
        <time>2025-10-05T08:17:53.000Z</time>
        <extensions>
          <ns3:TrackPointExtension>
            <ns3:hr>84</ns3:hr>
            <ns3:cad>58</ns3:cad>
          </ns3:TrackPointExtension>
        </extensions>
      </trkpt>
      <trkpt lat="42.45456143282353878021240234375" lon="-6.0035859234631061553955078125">
        <ele>873.4000244140625</ele>
        <time>2025-10-05T08:17:56.000Z</time>
        <extensions>
          <ns3:TrackPointExtension>
            <ns3:hr>84</ns3:hr>
            <ns3:cad>60</ns3:cad>
          </ns3:TrackPointExtension>
        </extensions>
      </trkpt>
      <trkpt lat="42.45454408228397369384765625" lon="-6.00369430147111415863037109375">
        <ele>872.5999755859375</ele>
        <time>2025-10-05T08:18:02.000Z</time>
        <extensions>
          <ns3:TrackPointExtension>
            <ns3:hr>85</ns3:hr>
            <ns3:cad>59</ns3:cad>
          </ns3:TrackPointExtension>
        </extensions>
      </trkpt>
      <trkpt lat="42.45453628711402416229248046875" lon="-6.003771163523197174072265625">
        <ele>872.4000244140625</ele>
        <time>2025-10-05T08:18:06.000Z</time>
        <extensions>
          <ns3:TrackPointExtension>
            <ns3:hr>85</ns3:hr>
            <ns3:cad>59</ns3:cad>
          </ns3:TrackPointExtension>
        </extensions>
      </trkpt>
      <trkpt lat="42.454532347619533538818359375" lon="-6.00386378355324268341064453125">
        <ele>872.20001220703125</ele>
        <time>2025-10-05T08:18:11.000Z</time>
        <extensions>
          <ns3:TrackPointExtension>
            <ns3:hr>85</ns3:hr>
            <ns3:cad>59</ns3:cad>
          </ns3:TrackPointExtension>
        </extensions>
      </trkpt>
      <trkpt lat="42.45451885275542736053466796875" lon="-6.0039728321135044097900390625">
        <ele>871.20001220703125</ele>
        <time>2025-10-05T08:18:18.000Z</time>
        <extensions>
          <ns3:TrackPointExtension>
            <ns3:hr>85</ns3:hr>
            <ns3:cad>57</ns3:cad>
          </ns3:TrackPointExtension>
        </extensions>
      </trkpt>
      <trkpt lat="42.454520948231220245361328125" lon="-6.00402354262769222259521484375">
        <ele>870.79998779296875</ele>
        <time>2025-10-05T08:18:21.000Z</time>
        <extensions>
          <ns3:TrackPointExtension>
            <ns3:hr>85</ns3:hr>
            <ns3:cad>59</ns3:cad>
          </ns3:TrackPointExtension>
        </extensions>
      </trkpt>
      <trkpt lat="42.45453762821853160858154296875" lon="-6.00414793007075786590576171875">
        <ele>870.20001220703125</ele>
        <time>2025-10-05T08:18:28.000Z</time>
        <extensions>
          <ns3:TrackPointExtension>
            <ns3:hr>84</ns3:hr>
            <ns3:cad>60</ns3:cad>
          </ns3:TrackPointExtension>
        </extensions>
      </trkpt>
      <trkpt lat="42.4545311741530895233154296875" lon="-6.0041880793869495391845703125">
        <ele>870</ele>
        <time>2025-10-05T08:18:30.000Z</time>
        <extensions>
          <ns3:TrackPointExtension>
            <ns3:hr>84</ns3:hr>
            <ns3:cad>60</ns3:cad>
          </ns3:TrackPointExtension>
        </extensions>
      </trkpt>
      <trkpt lat="42.45451952330768108367919921875" lon="-6.00431355647742748260498046875">
        <ele>869</ele>
        <time>2025-10-05T08:18:37.000Z</time>
        <extensions>
          <ns3:TrackPointExtension>
            <ns3:hr>84</ns3:hr>
            <ns3:cad>59</ns3:cad>
          </ns3:TrackPointExtension>
        </extensions>
      </trkpt>
      <trkpt lat="42.45450996793806552886962890625" lon="-6.00441061891615390777587890625">
        <ele>868.79998779296875</ele>
        <time>2025-10-05T08:18:42.000Z</time>
        <extensions>
          <ns3:TrackPointExtension>
            <ns3:hr>84</ns3:hr>
            <ns3:cad>59</ns3:cad>
          </ns3:TrackPointExtension>
        </extensions>
      </trkpt>
      <trkpt lat="42.4544936232268810272216796875" lon="-6.004519499838352203369140625">
        <ele>868.20001220703125</ele>
        <time>2025-10-05T08:18:48.000Z</time>
        <extensions>
          <ns3:TrackPointExtension>
            <ns3:hr>88</ns3:hr>
            <ns3:cad>59</ns3:cad>
          </ns3:TrackPointExtension>
        </extensions>
      </trkpt>
      <trkpt lat="42.45449253357946872711181640625" lon="-6.00455210544168949127197265625">
        <ele>868</ele>
        <time>2025-10-05T08:18:50.000Z</time>
        <extensions>
          <ns3:TrackPointExtension>
            <ns3:hr>89</ns3:hr>
            <ns3:cad>60</ns3:cad>
          </ns3:TrackPointExtension>
        </extensions>
      </trkpt>
      <trkpt lat="42.45449337176978588104248046875" lon="-6.0045666061341762542724609375">
        <ele>868</ele>
        <time>2025-10-05T08:18:51.000Z</time>
        <extensions>
          <ns3:TrackPointExtension>
            <ns3:hr>89</ns3:hr>
            <ns3:cad>60</ns3:cad>
          </ns3:TrackPointExtension>
        </extensions>
      </trkpt>
      <trkpt lat="42.45448105037212371826171875" lon="-6.00475394167006015777587890625">
        <ele>867.20001220703125</ele>
        <time>2025-10-05T08:19:01.000Z</time>
        <extensions>
          <ns3:TrackPointExtension>
            <ns3:hr>89</ns3:hr>
            <ns3:cad>59</ns3:cad>
          </ns3:TrackPointExtension>
        </extensions>
      </trkpt>
      <trkpt lat="42.4544771946966648101806640625" lon="-6.00478579290211200714111328125">
        <ele>867</ele>
        <time>2025-10-05T08:19:03.000Z</time>
        <extensions>
          <ns3:TrackPointExtension>
            <ns3:hr>90</ns3:hr>
            <ns3:cad>59</ns3:cad>
          </ns3:TrackPointExtension>
        </extensions>
      </trkpt>
      <trkpt lat="42.454463951289653778076171875" lon="-6.00488218478858470916748046875">
        <ele>866.79998779296875</ele>
        <time>2025-10-05T08:19:09.000Z</time>
        <extensions>
          <ns3:TrackPointExtension>
            <ns3:hr>90</ns3:hr>
            <ns3:cad>60</ns3:cad>
          </ns3:TrackPointExtension>
        </extensions>
      </trkpt>
      <trkpt lat="42.45444207452237606048583984375" lon="-6.0050473921000957489013671875">
        <ele>866.20001220703125</ele>
        <time>2025-10-05T08:19:18.000Z</time>
        <extensions>
          <ns3:TrackPointExtension>
            <ns3:hr>89</ns3:hr>
            <ns3:cad>59</ns3:cad>
          </ns3:TrackPointExtension>
        </extensions>
      </trkpt>
      <trkpt lat="42.45442883111536502838134765625" lon="-6.00511704571545124053955078125">
        <ele>866</ele>
        <time>2025-10-05T08:19:22.000Z</time>
        <extensions>
          <ns3:TrackPointExtension>
            <ns3:hr>89</ns3:hr>
            <ns3:cad>59</ns3:cad>
          </ns3:TrackPointExtension>
        </extensions>
      </trkpt>
      <trkpt lat="42.45441257022321224212646484375" lon="-6.005247049033641815185546875">
        <ele>865.5999755859375</ele>
        <time>2025-10-05T08:19:29.000Z</time>
        <extensions>
          <ns3:TrackPointExtension>
            <ns3:hr>89</ns3:hr>
            <ns3:cad>59</ns3:cad>
          </ns3:TrackPointExtension>
        </extensions>
      </trkpt>
      <trkpt lat="42.45439052581787109375" lon="-6.00539649836719036102294921875">
        <ele>865.20001220703125</ele>
        <time>2025-10-05T08:19:38.000Z</time>
        <extensions>
          <ns3:TrackPointExtension>
            <ns3:hr>89</ns3:hr>
            <ns3:cad>59</ns3:cad>
          </ns3:TrackPointExtension>
        </extensions>
      </trkpt>
      <trkpt lat="42.45438323356211185455322265625" lon="-6.0054503940045833587646484375">
        <ele>865</ele>
        <time>2025-10-05T08:19:41.000Z</time>
        <extensions>
          <ns3:TrackPointExtension>
            <ns3:hr>89</ns3:hr>
            <ns3:cad>59</ns3:cad>
          </ns3:TrackPointExtension>
        </extensions>
      </trkpt>
      <trkpt lat="42.4543712474405765533447265625" lon="-6.0055476240813732147216796875">
        <ele>864.5999755859375</ele>
        <time>2025-10-05T08:19:47.000Z</time>
        <extensions>
          <ns3:TrackPointExtension>
            <ns3:hr>86</ns3:hr>
            <ns3:cad>57</ns3:cad>
          </ns3:TrackPointExtension>
        </extensions>
      </trkpt>
      <trkpt lat="42.4543628655374050140380859375" lon="-6.00568114779889583587646484375">
        <ele>864.4000244140625</ele>
        <time>2025-10-05T08:19:55.000Z</time>
        <extensions>
          <ns3:TrackPointExtension>
            <ns3:hr>85</ns3:hr>
            <ns3:cad>57</ns3:cad>
          </ns3:TrackPointExtension>
        </extensions>
      </trkpt>
      <trkpt lat="42.454347945749759674072265625" lon="-6.00579681806266307830810546875">
        <ele>864</ele>
        <time>2025-10-05T08:20:03.000Z</time>
        <extensions>
          <ns3:TrackPointExtension>
            <ns3:hr>86</ns3:hr>
            <ns3:cad>56</ns3:cad>
          </ns3:TrackPointExtension>
        </extensions>
      </trkpt>
      <trkpt lat="42.454330511391162872314453125" lon="-6.0059117339551448822021484375">
        <ele>864</ele>
        <time>2025-10-05T08:20:10.000Z</time>
        <extensions>
          <ns3:TrackPointExtension>
            <ns3:hr>85</ns3:hr>
            <ns3:cad>55</ns3:cad>
          </ns3:TrackPointExtension>
        </extensions>
      </trkpt>
      <trkpt lat="42.45432707481086254119873046875" lon="-6.00596060045063495635986328125">
        <ele>864</ele>
        <time>2025-10-05T08:20:13.000Z</time>
        <extensions>
          <ns3:TrackPointExtension>
            <ns3:hr>84</ns3:hr>
            <ns3:cad>55</ns3:cad>
          </ns3:TrackPointExtension>
        </extensions>
      </trkpt>
      <trkpt lat="42.4543328583240509033203125" lon="-6.0060599260032176971435546875">
        <ele>863.79998779296875</ele>
        <time>2025-10-05T08:20:20.000Z</time>
        <extensions>
          <ns3:TrackPointExtension>
            <ns3:hr>84</ns3:hr>
            <ns3:cad>55</ns3:cad>
          </ns3:TrackPointExtension>
        </extensions>
      </trkpt>
      <trkpt lat="42.45433495379984378814697265625" lon="-6.006071157753467559814453125">
        <ele>864</ele>
        <time>2025-10-05T08:20:25.000Z</time>
        <extensions>
          <ns3:TrackPointExtension>
            <ns3:hr>84</ns3:hr>
            <ns3:cad>0</ns3:cad>
          </ns3:TrackPointExtension>
        </extensions>
      </trkpt>
      <trkpt lat="42.45433696545660495758056640625" lon="-6.00607006810605525970458984375">
        <ele>864</ele>
        <time>2025-10-05T08:20:26.000Z</time>
        <extensions>
          <ns3:TrackPointExtension>
            <ns3:hr>84</ns3:hr>
            <ns3:cad>0</ns3:cad>
          </ns3:TrackPointExtension>
        </extensions>
      </trkpt>
      <trkpt lat="42.4543400667607784271240234375" lon="-6.00606738589704036712646484375">
        <ele>864.4000244140625</ele>
        <time>2025-10-05T08:20:36.000Z</time>
        <extensions>
          <ns3:TrackPointExtension>
            <ns3:hr>80</ns3:hr>
            <ns3:cad>0</ns3:cad>
          </ns3:TrackPointExtension>
        </extensions>
      </trkpt>
      <trkpt lat="42.4543538130819797515869140625" lon="-6.0060844011604785919189453125">
        <ele>864.4000244140625</ele>
        <time>2025-10-05T08:20:38.000Z</time>
        <extensions>
          <ns3:TrackPointExtension>
            <ns3:hr>76</ns3:hr>
            <ns3:cad>0</ns3:cad>
          </ns3:TrackPointExtension>
        </extensions>
      </trkpt>
      <trkpt lat="42.4543632008135318756103515625" lon="-6.00610275752842426300048828125">
        <ele>864.4000244140625</ele>
        <time>2025-10-05T08:20:39.000Z</time>
        <extensions>
          <ns3:TrackPointExtension>
            <ns3:hr>75</ns3:hr>
            <ns3:cad>0</ns3:cad>
          </ns3:TrackPointExtension>
        </extensions>
      </trkpt>
      <trkpt lat="42.454366385936737060546875" lon="-6.00618439726531505584716796875">
        <ele>864.20001220703125</ele>
        <time>2025-10-05T08:20:44.000Z</time>
        <extensions>
          <ns3:TrackPointExtension>
            <ns3:hr>72</ns3:hr>
            <ns3:cad>58</ns3:cad>
          </ns3:TrackPointExtension>
        </extensions>
      </trkpt>
      <trkpt lat="42.45436898432672023773193359375" lon="-6.006235778331756591796875">
        <ele>864</ele>
        <time>2025-10-05T08:20:47.000Z</time>
        <extensions>
          <ns3:TrackPointExtension>
            <ns3:hr>71</ns3:hr>
            <ns3:cad>58</ns3:cad>
          </ns3:TrackPointExtension>
        </extensions>
      </trkpt>
      <trkpt lat="42.45437032543122768402099609375" lon="-6.0063988901674747467041015625">
        <ele>863.20001220703125</ele>
        <time>2025-10-05T08:20:57.000Z</time>
        <extensions>
          <ns3:TrackPointExtension>
            <ns3:hr>70</ns3:hr>
            <ns3:cad>59</ns3:cad>
          </ns3:TrackPointExtension>
        </extensions>
      </trkpt>
      <trkpt lat="42.45437401346862316131591796875" lon="-6.00649670697748661041259765625">
        <ele>862.79998779296875</ele>
        <time>2025-10-05T08:21:03.000Z</time>
        <extensions>
          <ns3:TrackPointExtension>
            <ns3:hr>68</ns3:hr>
            <ns3:cad>59</ns3:cad>
          </ns3:TrackPointExtension>
        </extensions>
      </trkpt>
      <trkpt lat="42.454372085630893707275390625" lon="-6.00657247938215732574462890625">
        <ele>862.79998779296875</ele>
        <time>2025-10-05T08:21:07.000Z</time>
        <extensions>
          <ns3:TrackPointExtension>
            <ns3:hr>69</ns3:hr>
            <ns3:cad>61</ns3:cad>
          </ns3:TrackPointExtension>
        </extensions>
      </trkpt>
      <trkpt lat="42.45436361990869045257568359375" lon="-6.00671312771737575531005859375">
        <ele>862.5999755859375</ele>
        <time>2025-10-05T08:21:15.000Z</time>
        <extensions>
          <ns3:TrackPointExtension>
            <ns3:hr>71</ns3:hr>
            <ns3:cad>59</ns3:cad>
          </ns3:TrackPointExtension>
        </extensions>
      </trkpt>
      <trkpt lat="42.454364709556102752685546875" lon="-6.00676576606929302215576171875">
        <ele>862.79998779296875</ele>
        <time>2025-10-05T08:21:18.000Z</time>
        <extensions>
          <ns3:TrackPointExtension>
            <ns3:hr>74</ns3:hr>
            <ns3:cad>59</ns3:cad>
          </ns3:TrackPointExtension>
        </extensions>
      </trkpt>
      <trkpt lat="42.45436563156545162200927734375" lon="-6.006806083023548126220703125">
        <ele>862.79998779296875</ele>
        <time>2025-10-05T08:21:20.000Z</time>
        <extensions>
          <ns3:TrackPointExtension>
            <ns3:hr>77</ns3:hr>
            <ns3:cad>59</ns3:cad>
          </ns3:TrackPointExtension>
        </extensions>
      </trkpt>
      <trkpt lat="42.454366721212863922119140625" lon="-6.006850339472293853759765625">
        <ele>862.4000244140625</ele>
        <time>2025-10-05T08:21:23.000Z</time>
        <extensions>
          <ns3:TrackPointExtension>
            <ns3:hr>80</ns3:hr>
            <ns3:cad>59</ns3:cad>
          </ns3:TrackPointExtension>
        </extensions>
      </trkpt>
      <trkpt lat="42.45437753386795520782470703125" lon="-6.00702376104891300201416015625">
        <ele>861.79998779296875</ele>
        <time>2025-10-05T08:21:33.000Z</time>
        <extensions>
          <ns3:TrackPointExtension>
            <ns3:hr>80</ns3:hr>
            <ns3:cad>60</ns3:cad>
          </ns3:TrackPointExtension>
        </extensions>
      </trkpt>
      <trkpt lat="42.45437887497246265411376953125" lon="-6.0070412792265415191650390625">
        <ele>861.5999755859375</ele>
        <time>2025-10-05T08:21:34.000Z</time>
        <extensions>
          <ns3:TrackPointExtension>
            <ns3:hr>81</ns3:hr>
            <ns3:cad>59</ns3:cad>
          </ns3:TrackPointExtension>
        </extensions>
      </trkpt>
      <trkpt lat="42.45438172481954097747802734375" lon="-6.00712853483855724334716796875">
        <ele>861.5999755859375</ele>
        <time>2025-10-05T08:21:39.000Z</time>
        <extensions>
          <ns3:TrackPointExtension>
            <ns3:hr>78</ns3:hr>
            <ns3:cad>59</ns3:cad>
          </ns3:TrackPointExtension>
        </extensions>
      </trkpt>
      <trkpt lat="42.45436973869800567626953125" lon="-6.00722509436309337615966796875">
        <ele>861.4000244140625</ele>
        <time>2025-10-05T08:21:45.000Z</time>
        <extensions>
          <ns3:TrackPointExtension>
            <ns3:hr>79</ns3:hr>
            <ns3:cad>59</ns3:cad>
          </ns3:TrackPointExtension>
        </extensions>
      </trkpt>
      <trkpt lat="42.45437183417379856109619140625" lon="-6.00744822062551975250244140625">
        <ele>861</ele>
        <time>2025-10-05T08:21:57.000Z</time>
        <extensions>
          <ns3:TrackPointExtension>
            <ns3:hr>79</ns3:hr>
            <ns3:cad>59</ns3:cad>
          </ns3:TrackPointExtension>
        </extensions>
      </trkpt>
      <trkpt lat="42.45435976423323154449462890625" lon="-6.00762524642050266265869140625">
        <ele>860.79998779296875</ele>
        <time>2025-10-05T08:22:07.000Z</time>
        <extensions>
          <ns3:TrackPointExtension>
            <ns3:hr>79</ns3:hr>
            <ns3:cad>59</ns3:cad>
          </ns3:TrackPointExtension>
        </extensions>
      </trkpt>
      <trkpt lat="42.454362027347087860107421875" lon="-6.00764201022684574127197265625">
        <ele>860.5999755859375</ele>
        <time>2025-10-05T08:22:08.000Z</time>
        <extensions>
          <ns3:TrackPointExtension>
            <ns3:hr>79</ns3:hr>
            <ns3:cad>59</ns3:cad>
          </ns3:TrackPointExtension>
        </extensions>
      </trkpt>
      <trkpt lat="42.45436898432672023773193359375" lon="-6.00780017673969268798828125">
        <ele>860.20001220703125</ele>
        <time>2025-10-05T08:22:17.000Z</time>
        <extensions>
          <ns3:TrackPointExtension>
            <ns3:hr>79</ns3:hr>
            <ns3:cad>59</ns3:cad>
          </ns3:TrackPointExtension>
        </extensions>
      </trkpt>
      <trkpt lat="42.45437376201152801513671875" lon="-6.00790972821414470672607421875">
        <ele>859.5999755859375</ele>
        <time>2025-10-05T08:22:23.000Z</time>
        <extensions>
          <ns3:TrackPointExtension>
            <ns3:hr>79</ns3:hr>
            <ns3:cad>59</ns3:cad>
          </ns3:TrackPointExtension>
        </extensions>
      </trkpt>
      <trkpt lat="42.45437719859182834625244140625" lon="-6.00798885338008403778076171875">
        <ele>859.5999755859375</ele>
        <time>2025-10-05T08:22:27.000Z</time>
        <extensions>
          <ns3:TrackPointExtension>
            <ns3:hr>79</ns3:hr>
            <ns3:cad>60</ns3:cad>
          </ns3:TrackPointExtension>
        </extensions>
      </trkpt>
      <trkpt lat="42.4543792940676212310791015625" lon="-6.0081778652966022491455078125">
        <ele>859.20001220703125</ele>
        <time>2025-10-05T08:22:38.000Z</time>
        <extensions>
          <ns3:TrackPointExtension>
            <ns3:hr>80</ns3:hr>
            <ns3:cad>59</ns3:cad>
          </ns3:TrackPointExtension>
        </extensions>
      </trkpt>
      <trkpt lat="42.4543729238212108612060546875" lon="-6.0083954595029354095458984375">
        <ele>859</ele>
        <time>2025-10-05T08:22:51.000Z</time>
        <extensions>
          <ns3:TrackPointExtension>
            <ns3:hr>81</ns3:hr>
            <ns3:cad>59</ns3:cad>
          </ns3:TrackPointExtension>
        </extensions>
      </trkpt>
      <trkpt lat="42.45437250472605228424072265625" lon="-6.0086055099964141845703125">
        <ele>859.20001220703125</ele>
        <time>2025-10-05T08:23:03.000Z</time>
        <extensions>
          <ns3:TrackPointExtension>
            <ns3:hr>82</ns3:hr>
            <ns3:cad>59</ns3:cad>
          </ns3:TrackPointExtension>
        </extensions>
      </trkpt>
      <trkpt lat="42.4543665535748004913330078125" lon="-6.00879267789423465728759765625">
        <ele>859</ele>
        <time>2025-10-05T08:23:14.000Z</time>
        <extensions>
          <ns3:TrackPointExtension>
            <ns3:hr>83</ns3:hr>
            <ns3:cad>59</ns3:cad>
          </ns3:TrackPointExtension>
        </extensions>
      </trkpt>
      <trkpt lat="42.45435808785259723663330078125" lon="-6.008978001773357391357421875">
        <ele>859</ele>
        <time>2025-10-05T08:23:24.000Z</time>
        <extensions>
          <ns3:TrackPointExtension>
            <ns3:hr>83</ns3:hr>
            <ns3:cad>59</ns3:cad>
          </ns3:TrackPointExtension>
        </extensions>
      </trkpt>
      <trkpt lat="42.454376108944416046142578125" lon="-6.00910683162510395050048828125">
        <ele>859</ele>
        <time>2025-10-05T08:23:32.000Z</time>
        <extensions>
          <ns3:TrackPointExtension>
            <ns3:hr>84</ns3:hr>
            <ns3:cad>60</ns3:cad>
          </ns3:TrackPointExtension>
        </extensions>
      </trkpt>
      <trkpt lat="42.45437568984925746917724609375" lon="-6.0093181394040584564208984375">
        <ele>859.20001220703125</ele>
        <time>2025-10-05T08:23:43.000Z</time>
        <extensions>
          <ns3:TrackPointExtension>
            <ns3:hr>85</ns3:hr>
            <ns3:cad>59</ns3:cad>
          </ns3:TrackPointExtension>
        </extensions>
      </trkpt>
      <trkpt lat="42.4543732590973377227783203125" lon="-6.00946155376732349395751953125">
        <ele>859</ele>
        <time>2025-10-05T08:23:52.000Z</time>
        <extensions>
          <ns3:TrackPointExtension>
            <ns3:hr>88</ns3:hr>
            <ns3:cad>59</ns3:cad>
          </ns3:TrackPointExtension>
        </extensions>
      </trkpt>
      <trkpt lat="42.454370744526386260986328125" lon="-6.009511761367321014404296875">
        <ele>859</ele>
        <time>2025-10-05T08:23:55.000Z</time>
        <extensions>
          <ns3:TrackPointExtension>
            <ns3:hr>88</ns3:hr>
            <ns3:cad>59</ns3:cad>
          </ns3:TrackPointExtension>
        </extensions>
      </trkpt>
      <trkpt lat="42.454360015690326690673828125" lon="-6.00963841192424297332763671875">
        <ele>858.79998779296875</ele>
        <time>2025-10-05T08:24:02.000Z</time>
        <extensions>
          <ns3:TrackPointExtension>
            <ns3:hr>86</ns3:hr>
            <ns3:cad>60</ns3:cad>
          </ns3:TrackPointExtension>
        </extensions>
      </trkpt>
      <trkpt lat="42.4543437547981739044189453125" lon="-6.0098270885646343231201171875">
        <ele>859</ele>
        <time>2025-10-05T08:24:12.000Z</time>
        <extensions>
          <ns3:TrackPointExtension>
            <ns3:hr>85</ns3:hr>
            <ns3:cad>59</ns3:cad>
          </ns3:TrackPointExtension>
        </extensions>
      </trkpt>
      <trkpt lat="42.45433964766561985015869140625" lon="-6.0100312717258930206298828125">
        <ele>859</ele>
        <time>2025-10-05T08:24:24.000Z</time>
        <extensions>
          <ns3:TrackPointExtension>
            <ns3:hr>88</ns3:hr>
            <ns3:cad>59</ns3:cad>
          </ns3:TrackPointExtension>
        </extensions>
      </trkpt>
      <trkpt lat="42.4543320201337337493896484375" lon="-6.0102264024317264556884765625">
        <ele>859</ele>
        <time>2025-10-05T08:24:34.000Z</time>
        <extensions>
          <ns3:TrackPointExtension>
            <ns3:hr>87</ns3:hr>
            <ns3:cad>59</ns3:cad>
          </ns3:TrackPointExtension>
        </extensions>
      </trkpt>
      <trkpt lat="42.45432523079216480255126953125" lon="-6.01039529778063297271728515625">
        <ele>858.79998779296875</ele>
        <time>2025-10-05T08:24:44.000Z</time>
        <extensions>
          <ns3:TrackPointExtension>
            <ns3:hr>85</ns3:hr>
            <ns3:cad>60</ns3:cad>
          </ns3:TrackPointExtension>
        </extensions>
      </trkpt>
      <trkpt lat="42.454323135316371917724609375" lon="-6.0105898417532444000244140625">
        <ele>858.79998779296875</ele>
        <time>2025-10-05T08:24:54.000Z</time>
        <extensions>
          <ns3:TrackPointExtension>
            <ns3:hr>83</ns3:hr>
            <ns3:cad>60</ns3:cad>
          </ns3:TrackPointExtension>
        </extensions>
      </trkpt>
      <trkpt lat="42.4543239735066890716552734375" lon="-6.0107608325779438018798828125">
        <ele>858.79998779296875</ele>
        <time>2025-10-05T08:25:04.000Z</time>
        <extensions>
          <ns3:TrackPointExtension>
            <ns3:hr>82</ns3:hr>
            <ns3:cad>59</ns3:cad>
          </ns3:TrackPointExtension>
        </extensions>
      </trkpt>
      <trkpt lat="42.45432154275476932525634765625" lon="-6.010951437056064605712890625">
        <ele>858.5999755859375</ele>
        <time>2025-10-05T08:25:14.000Z</time>
        <extensions>
          <ns3:TrackPointExtension>
            <ns3:hr>81</ns3:hr>
            <ns3:cad>60</ns3:cad>
          </ns3:TrackPointExtension>
        </extensions>
      </trkpt>
      <trkpt lat="42.4543249793350696563720703125" lon="-6.0110441409051418304443359375">
        <ele>858.5999755859375</ele>
        <time>2025-10-05T08:25:19.000Z</time>
        <extensions>
          <ns3:TrackPointExtension>
            <ns3:hr>78</ns3:hr>
            <ns3:cad>61</ns3:cad>
          </ns3:TrackPointExtension>
        </extensions>
      </trkpt>
      <trkpt lat="42.4543189443647861480712890625" lon="-6.0111482441425323486328125">
        <ele>858.5999755859375</ele>
        <time>2025-10-05T08:25:25.000Z</time>
        <extensions>
          <ns3:TrackPointExtension>
            <ns3:hr>77</ns3:hr>
            <ns3:cad>60</ns3:cad>
          </ns3:TrackPointExtension>
        </extensions>
      </trkpt>
      <trkpt lat="42.45431986637413501739501953125" lon="-6.0112593881785869598388671875">
        <ele>858.4000244140625</ele>
        <time>2025-10-05T08:25:31.000Z</time>
        <extensions>
          <ns3:TrackPointExtension>
            <ns3:hr>80</ns3:hr>
            <ns3:cad>59</ns3:cad>
          </ns3:TrackPointExtension>
        </extensions>
      </trkpt>
      <trkpt lat="42.4543159268796443939208984375" lon="-6.01131479255855083465576171875">
        <ele>858.20001220703125</ele>
        <time>2025-10-05T08:25:34.000Z</time>
        <extensions>
          <ns3:TrackPointExtension>
            <ns3:hr>81</ns3:hr>
            <ns3:cad>60</ns3:cad>
          </ns3:TrackPointExtension>
        </extensions>
      </trkpt>
      <trkpt lat="42.45431735180318355560302734375" lon="-6.01155216805636882781982421875">
        <ele>858.20001220703125</ele>
        <time>2025-10-05T08:25:47.000Z</time>
        <extensions>
          <ns3:TrackPointExtension>
            <ns3:hr>83</ns3:hr>
            <ns3:cad>59</ns3:cad>
          </ns3:TrackPointExtension>
        </extensions>
      </trkpt>
      <trkpt lat="42.45432523079216480255126953125" lon="-6.01177931763231754302978515625">
        <ele>857.79998779296875</ele>
        <time>2025-10-05T08:26:00.000Z</time>
        <extensions>
          <ns3:TrackPointExtension>
            <ns3:hr>83</ns3:hr>
            <ns3:cad>59</ns3:cad>
          </ns3:TrackPointExtension>
        </extensions>
      </trkpt>
      <trkpt lat="42.4543310143053531646728515625" lon="-6.0119663178920745849609375">
        <ele>857.5999755859375</ele>
        <time>2025-10-05T08:26:11.000Z</time>
        <extensions>
          <ns3:TrackPointExtension>
            <ns3:hr>83</ns3:hr>
            <ns3:cad>60</ns3:cad>
          </ns3:TrackPointExtension>
        </extensions>
      </trkpt>
      <trkpt lat="42.45434115640819072723388671875" lon="-6.0121478699147701263427734375">
        <ele>857.79998779296875</ele>
        <time>2025-10-05T08:26:21.000Z</time>
        <extensions>
          <ns3:TrackPointExtension>
            <ns3:hr>83</ns3:hr>
            <ns3:cad>59</ns3:cad>
          </ns3:TrackPointExtension>
        </extensions>
      </trkpt>
      <trkpt lat="42.45433746837079524993896484375" lon="-6.0123074613511562347412109375">
        <ele>857.79998779296875</ele>
        <time>2025-10-05T08:26:30.000Z</time>
        <extensions>
          <ns3:TrackPointExtension>
            <ns3:hr>82</ns3:hr>
            <ns3:cad>61</ns3:cad>
          </ns3:TrackPointExtension>
        </extensions>
      </trkpt>
      <trkpt lat="42.45432388968765735626220703125" lon="-6.01241081021726131439208984375">
        <ele>857.5999755859375</ele>
        <time>2025-10-05T08:26:36.000Z</time>
        <extensions>
          <ns3:TrackPointExtension>
            <ns3:hr>82</ns3:hr>
            <ns3:cad>59</ns3:cad>
          </ns3:TrackPointExtension>
        </extensions>
      </trkpt>
      <trkpt lat="42.45431735180318355560302734375" lon="-6.012460850179195404052734375">
        <ele>857.5999755859375</ele>
        <time>2025-10-05T08:26:39.000Z</time>
        <extensions>
          <ns3:TrackPointExtension>
            <ns3:hr>82</ns3:hr>
            <ns3:cad>59</ns3:cad>
          </ns3:TrackPointExtension>
        </extensions>
      </trkpt>
      <trkpt lat="42.454292289912700653076171875" lon="-6.01266612298786640167236328125">
        <ele>857.20001220703125</ele>
        <time>2025-10-05T08:26:50.000Z</time>
        <extensions>
          <ns3:TrackPointExtension>
            <ns3:hr>83</ns3:hr>
            <ns3:cad>59</ns3:cad>
          </ns3:TrackPointExtension>
        </extensions>
      </trkpt>
      <trkpt lat="42.454280219972133636474609375" lon="-6.0128120519220829010009765625">
        <ele>857.20001220703125</ele>
        <time>2025-10-05T08:26:59.000Z</time>
        <extensions>
          <ns3:TrackPointExtension>
            <ns3:hr>84</ns3:hr>
            <ns3:cad>59</ns3:cad>
          </ns3:TrackPointExtension>
        </extensions>
      </trkpt>
      <trkpt lat="42.454278208315372467041015625" lon="-6.0129399597644805908203125">
        <ele>857</ele>
        <time>2025-10-05T08:27:07.000Z</time>
        <extensions>
          <ns3:TrackPointExtension>
            <ns3:hr>84</ns3:hr>
            <ns3:cad>59</ns3:cad>
          </ns3:TrackPointExtension>
        </extensions>
      </trkpt>
      <trkpt lat="42.45427527464926242828369140625" lon="-6.0131439752876758575439453125">
        <ele>856.79998779296875</ele>
        <time>2025-10-05T08:27:18.000Z</time>
        <extensions>
          <ns3:TrackPointExtension>
            <ns3:hr>83</ns3:hr>
            <ns3:cad>59</ns3:cad>
          </ns3:TrackPointExtension>
        </extensions>
      </trkpt>
      <trkpt lat="42.454257421195507049560546875" lon="-6.01327599026262760162353515625">
        <ele>856.79998779296875</ele>
        <time>2025-10-05T08:27:26.000Z</time>
        <extensions>
          <ns3:TrackPointExtension>
            <ns3:hr>86</ns3:hr>
            <ns3:cad>59</ns3:cad>
          </ns3:TrackPointExtension>
        </extensions>
      </trkpt>
      <trkpt lat="42.454248033463954925537109375" lon="-6.01334572769701480865478515625">
        <ele>856.5999755859375</ele>
        <time>2025-10-05T08:27:30.000Z</time>
        <extensions>
          <ns3:TrackPointExtension>
            <ns3:hr>86</ns3:hr>
            <ns3:cad>59</ns3:cad>
          </ns3:TrackPointExtension>
        </extensions>
      </trkpt>
      <trkpt lat="42.4542497098445892333984375" lon="-6.01347698830068111419677734375">
        <ele>856.4000244140625</ele>
        <time>2025-10-05T08:27:37.000Z</time>
        <extensions>
          <ns3:TrackPointExtension>
            <ns3:hr>86</ns3:hr>
            <ns3:cad>59</ns3:cad>
          </ns3:TrackPointExtension>
        </extensions>
      </trkpt>
      <trkpt lat="42.45424007065594196319580078125" lon="-6.01364697329699993133544921875">
        <ele>856.4000244140625</ele>
        <time>2025-10-05T08:27:47.000Z</time>
        <extensions>
          <ns3:TrackPointExtension>
            <ns3:hr>85</ns3:hr>
            <ns3:cad>59</ns3:cad>
          </ns3:TrackPointExtension>
        </extensions>
      </trkpt>
      <trkpt lat="42.454244680702686309814453125" lon="-6.01380765438079833984375">
        <ele>856</ele>
        <time>2025-10-05T08:27:56.000Z</time>
        <extensions>
          <ns3:TrackPointExtension>
            <ns3:hr>85</ns3:hr>
            <ns3:cad>59</ns3:cad>
          </ns3:TrackPointExtension>
        </extensions>
      </trkpt>
      <trkpt lat="42.454244010150432586669921875" lon="-6.0138493962585926055908203125">
        <ele>856</ele>
        <time>2025-10-05T08:27:58.000Z</time>
        <extensions>
          <ns3:TrackPointExtension>
            <ns3:hr>89</ns3:hr>
            <ns3:cad>59</ns3:cad>
          </ns3:TrackPointExtension>
        </extensions>
      </trkpt>
      <trkpt lat="42.45424359105527400970458984375" lon="-6.01386456750333309173583984375">
        <ele>856</ele>
        <time>2025-10-05T08:27:59.000Z</time>
        <extensions>
          <ns3:TrackPointExtension>
            <ns3:hr>93</ns3:hr>
            <ns3:cad>59</ns3:cad>
          </ns3:TrackPointExtension>
        </extensions>
      </trkpt>
      <trkpt lat="42.45424568653106689453125" lon="-6.01390614174306392669677734375">
        <ele>856</ele>
        <time>2025-10-05T08:28:01.000Z</time>
        <extensions>
          <ns3:TrackPointExtension>
            <ns3:hr>96</ns3:hr>
            <ns3:cad>59</ns3:cad>
          </ns3:TrackPointExtension>
        </extensions>
      </trkpt>
      <trkpt lat="42.45424996130168437957763671875" lon="-6.01396121084690093994140625">
        <ele>856</ele>
        <time>2025-10-05T08:28:04.000Z</time>
        <extensions>
          <ns3:TrackPointExtension>
            <ns3:hr>97</ns3:hr>
            <ns3:cad>59</ns3:cad>
          </ns3:TrackPointExtension>
        </extensions>
      </trkpt>
      <trkpt lat="42.454248704016208648681640625" lon="-6.01411468349397182464599609375">
        <ele>855.79998779296875</ele>
        <time>2025-10-05T08:28:13.000Z</time>
        <extensions>
          <ns3:TrackPointExtension>
            <ns3:hr>97</ns3:hr>
            <ns3:cad>59</ns3:cad>
          </ns3:TrackPointExtension>
        </extensions>
      </trkpt>
      <trkpt lat="42.45424501597881317138671875" lon="-6.0141702555119991302490234375">
        <ele>855.5999755859375</ele>
        <time>2025-10-05T08:28:16.000Z</time>
        <extensions>
          <ns3:TrackPointExtension>
            <ns3:hr>97</ns3:hr>
            <ns3:cad>59</ns3:cad>
          </ns3:TrackPointExtension>
        </extensions>
      </trkpt>
      <trkpt lat="42.45423956774175167083740234375" lon="-6.01429875008761882781982421875">
        <ele>855.4000244140625</ele>
        <time>2025-10-05T08:28:24.000Z</time>
        <extensions>
          <ns3:TrackPointExtension>
            <ns3:hr>97</ns3:hr>
            <ns3:cad>59</ns3:cad>
          </ns3:TrackPointExtension>
        </extensions>
      </trkpt>
      <trkpt lat="42.4542435072362422943115234375" lon="-6.01441718637943267822265625">
        <ele>855.4000244140625</ele>
        <time>2025-10-05T08:28:31.000Z</time>
        <extensions>
          <ns3:TrackPointExtension>
            <ns3:hr>96</ns3:hr>
            <ns3:cad>59</ns3:cad>
          </ns3:TrackPointExtension>
        </extensions>
      </trkpt>
      <trkpt lat="42.45423495769500732421875" lon="-6.01456328295171260833740234375">
        <ele>855.20001220703125</ele>
        <time>2025-10-05T08:28:39.000Z</time>
        <extensions>
          <ns3:TrackPointExtension>
            <ns3:hr>94</ns3:hr>
            <ns3:cad>59</ns3:cad>
          </ns3:TrackPointExtension>
        </extensions>
      </trkpt>
      <trkpt lat="42.4542435072362422943115234375" lon="-6.0146621055901050567626953125">
        <ele>855</ele>
        <time>2025-10-05T08:28:46.000Z</time>
        <extensions>
          <ns3:TrackPointExtension>
            <ns3:hr>91</ns3:hr>
            <ns3:cad>59</ns3:cad>
          </ns3:TrackPointExtension>
        </extensions>
      </trkpt>
      <trkpt lat="42.45424744673073291778564453125" lon="-6.0146852396428585052490234375">
        <ele>854.79998779296875</ele>
        <time>2025-10-05T08:28:47.000Z</time>
        <extensions>
          <ns3:TrackPointExtension>
            <ns3:hr>91</ns3:hr>
            <ns3:cad>58</ns3:cad>
          </ns3:TrackPointExtension>
        </extensions>
      </trkpt>
      <trkpt lat="42.45424644090235233306884765625" lon="-6.01480049081146717071533203125">
        <ele>854.5999755859375</ele>
        <time>2025-10-05T08:28:53.000Z</time>
        <extensions>
          <ns3:TrackPointExtension>
            <ns3:hr>90</ns3:hr>
            <ns3:cad>60</ns3:cad>
          </ns3:TrackPointExtension>
        </extensions>
      </trkpt>
      <trkpt lat="42.4542515538632869720458984375" lon="-6.01494533009827136993408203125">
        <ele>854.20001220703125</ele>
        <time>2025-10-05T08:29:01.000Z</time>
        <extensions>
          <ns3:TrackPointExtension>
            <ns3:hr>91</ns3:hr>
            <ns3:cad>58</ns3:cad>
          </ns3:TrackPointExtension>
        </extensions>
      </trkpt>
      <trkpt lat="42.454266808927059173583984375" lon="-6.01512017659842967987060546875">
        <ele>854</ele>
        <time>2025-10-05T08:29:12.000Z</time>
        <extensions>
          <ns3:TrackPointExtension>
            <ns3:hr>91</ns3:hr>
            <ns3:cad>58</ns3:cad>
          </ns3:TrackPointExtension>
        </extensions>
      </trkpt>
      <trkpt lat="42.45430192910134792327880859375" lon="-6.015285216271877288818359375">
        <ele>853.5999755859375</ele>
        <time>2025-10-05T08:29:22.000Z</time>
        <extensions>
          <ns3:TrackPointExtension>
            <ns3:hr>91</ns3:hr>
            <ns3:cad>59</ns3:cad>
          </ns3:TrackPointExtension>
        </extensions>
      </trkpt>
      <trkpt lat="42.4543306790292263031005859375" lon="-6.0154503397643566131591796875">
        <ele>853.5999755859375</ele>
        <time>2025-10-05T08:29:32.000Z</time>
        <extensions>
          <ns3:TrackPointExtension>
            <ns3:hr>92</ns3:hr>
            <ns3:cad>58</ns3:cad>
          </ns3:TrackPointExtension>
        </extensions>
      </trkpt>
      <trkpt lat="42.4543377198278903961181640625" lon="-6.0154677741229534149169921875">
        <ele>853.5999755859375</ele>
        <time>2025-10-05T08:29:33.000Z</time>
        <extensions>
          <ns3:TrackPointExtension>
            <ns3:hr>91</ns3:hr>
            <ns3:cad>58</ns3:cad>
          </ns3:TrackPointExtension>
        </extensions>
      </trkpt>
      <trkpt lat="42.45433595962822437286376953125" lon="-6.0155864618718624114990234375">
        <ele>853.4000244140625</ele>
        <time>2025-10-05T08:29:41.000Z</time>
        <extensions>
          <ns3:TrackPointExtension>
            <ns3:hr>87</ns3:hr>
            <ns3:cad>57</ns3:cad>
          </ns3:TrackPointExtension>
        </extensions>
      </trkpt>
      <trkpt lat="42.45433897711336612701416015625" lon="-6.01568662561476230621337890625">
        <ele>853.20001220703125</ele>
        <time>2025-10-05T08:29:48.000Z</time>
        <extensions>
          <ns3:TrackPointExtension>
            <ns3:hr>86</ns3:hr>
            <ns3:cad>56</ns3:cad>
          </ns3:TrackPointExtension>
        </extensions>
      </trkpt>
      <trkpt lat="42.454339228570461273193359375" lon="-6.01573792286217212677001953125">
        <ele>853.20001220703125</ele>
        <time>2025-10-05T08:29:54.000Z</time>
        <extensions>
          <ns3:TrackPointExtension>
            <ns3:hr>86</ns3:hr>
            <ns3:cad>51</ns3:cad>
          </ns3:TrackPointExtension>
        </extensions>
      </trkpt>
      <trkpt lat="42.45435297489166259765625" lon="-6.015889383852481842041015625">
        <ele>853.20001220703125</ele>
        <time>2025-10-05T08:30:04.000Z</time>
        <extensions>
          <ns3:TrackPointExtension>
            <ns3:hr>85</ns3:hr>
            <ns3:cad>55</ns3:cad>
          </ns3:TrackPointExtension>
        </extensions>
      </trkpt>
      <trkpt lat="42.45436244644224643707275390625" lon="-6.0160432755947113037109375">
        <ele>852.79998779296875</ele>
        <time>2025-10-05T08:30:15.000Z</time>
        <extensions>
          <ns3:TrackPointExtension>
            <ns3:hr>83</ns3:hr>
            <ns3:cad>58</ns3:cad>
          </ns3:TrackPointExtension>
        </extensions>
      </trkpt>
      <trkpt lat="42.4543802998960018157958984375" lon="-6.0161866061389446258544921875">
        <ele>852.5999755859375</ele>
        <time>2025-10-05T08:30:23.000Z</time>
        <extensions>
          <ns3:TrackPointExtension>
            <ns3:hr>80</ns3:hr>
            <ns3:cad>57</ns3:cad>
          </ns3:TrackPointExtension>
        </extensions>
      </trkpt>
      <trkpt lat="42.45438273064792156219482421875" lon="-6.01620848290622234344482421875">
        <ele>852.4000244140625</ele>
        <time>2025-10-05T08:30:25.000Z</time>
        <extensions>
          <ns3:TrackPointExtension>
            <ns3:hr>80</ns3:hr>
            <ns3:cad>57</ns3:cad>
          </ns3:TrackPointExtension>
        </extensions>
      </trkpt>
      <trkpt lat="42.454393208026885986328125" lon="-6.0163274221122264862060546875">
        <ele>852.4000244140625</ele>
        <time>2025-10-05T08:30:33.000Z</time>
        <extensions>
          <ns3:TrackPointExtension>
            <ns3:hr>81</ns3:hr>
            <ns3:cad>58</ns3:cad>
          </ns3:TrackPointExtension>
        </extensions>
      </trkpt>
      <trkpt lat="42.454402931034564971923828125" lon="-6.0164860077202320098876953125">
        <ele>852.4000244140625</ele>
        <time>2025-10-05T08:30:42.000Z</time>
        <extensions>
          <ns3:TrackPointExtension>
            <ns3:hr>82</ns3:hr>
            <ns3:cad>57</ns3:cad>
          </ns3:TrackPointExtension>
        </extensions>
      </trkpt>
      <trkpt lat="42.454399578273296356201171875" lon="-6.01661785505712032318115234375">
        <ele>852.20001220703125</ele>
        <time>2025-10-05T08:30:50.000Z</time>
        <extensions>
          <ns3:TrackPointExtension>
            <ns3:hr>84</ns3:hr>
            <ns3:cad>57</ns3:cad>
          </ns3:TrackPointExtension>
        </extensions>
      </trkpt>
      <trkpt lat="42.45433495379984378814697265625" lon="-6.0167540609836578369140625">
        <ele>852.20001220703125</ele>
        <time>2025-10-05T08:30:58.000Z</time>
        <extensions>
          <ns3:TrackPointExtension>
            <ns3:hr>84</ns3:hr>
            <ns3:cad>59</ns3:cad>
          </ns3:TrackPointExtension>
        </extensions>
      </trkpt>
      <trkpt lat="42.454291619360446929931640625" lon="-6.01690317504107952117919921875">
        <ele>852</ele>
        <time>2025-10-05T08:31:07.000Z</time>
        <extensions>
          <ns3:TrackPointExtension>
            <ns3:hr>85</ns3:hr>
            <ns3:cad>59</ns3:cad>
          </ns3:TrackPointExtension>
        </extensions>
      </trkpt>
      <trkpt lat="42.45428533293306827545166015625" lon="-6.01704700849950313568115234375">
        <ele>851.79998779296875</ele>
        <time>2025-10-05T08:31:15.000Z</time>
        <extensions>
          <ns3:TrackPointExtension>
            <ns3:hr>85</ns3:hr>
            <ns3:cad>58</ns3:cad>
          </ns3:TrackPointExtension>
        </extensions>
      </trkpt>
      <trkpt lat="42.4542914517223834991455078125" lon="-6.01718849502503871917724609375">
        <ele>851.5999755859375</ele>
        <time>2025-10-05T08:31:23.000Z</time>
        <extensions>
          <ns3:TrackPointExtension>
            <ns3:hr>85</ns3:hr>
            <ns3:cad>58</ns3:cad>
          </ns3:TrackPointExtension>
        </extensions>
      </trkpt>
      <trkpt lat="42.4542921222746372222900390625" lon="-6.017207689583301544189453125">
        <ele>851.4000244140625</ele>
        <time>2025-10-05T08:31:24.000Z</time>
        <extensions>
          <ns3:TrackPointExtension>
            <ns3:hr>84</ns3:hr>
            <ns3:cad>58</ns3:cad>
          </ns3:TrackPointExtension>
        </extensions>
      </trkpt>
      <trkpt lat="42.45430025272071361541748046875" lon="-6.01732964627444744110107421875">
        <ele>850.79998779296875</ele>
        <time>2025-10-05T08:31:32.000Z</time>
        <extensions>
          <ns3:TrackPointExtension>
            <ns3:hr>81</ns3:hr>
            <ns3:cad>58</ns3:cad>
          </ns3:TrackPointExtension>
        </extensions>
      </trkpt>
      <trkpt lat="42.45430008508265018463134765625" lon="-6.017345152795314788818359375">
        <ele>850.79998779296875</ele>
        <time>2025-10-05T08:31:33.000Z</time>
        <extensions>
          <ns3:TrackPointExtension>
            <ns3:hr>82</ns3:hr>
            <ns3:cad>57</ns3:cad>
          </ns3:TrackPointExtension>
        </extensions>
      </trkpt>
      <trkpt lat="42.4543021805584430694580078125" lon="-6.01743198931217193603515625">
        <ele>850.4000244140625</ele>
        <time>2025-10-05T08:31:38.000Z</time>
        <extensions>
          <ns3:TrackPointExtension>
            <ns3:hr>82</ns3:hr>
            <ns3:cad>57</ns3:cad>
          </ns3:TrackPointExtension>
        </extensions>
      </trkpt>
      <trkpt lat="42.454310394823551177978515625" lon="-6.01747951470315456390380859375">
        <ele>850.20001220703125</ele>
        <time>2025-10-05T08:31:41.000Z</time>
        <extensions>
          <ns3:TrackPointExtension>
            <ns3:hr>83</ns3:hr>
            <ns3:cad>57</ns3:cad>
          </ns3:TrackPointExtension>
        </extensions>
      </trkpt>
      <trkpt lat="42.45431617833673954010009765625" lon="-6.01763986051082611083984375">
        <ele>849.5999755859375</ele>
        <time>2025-10-05T08:31:50.000Z</time>
        <extensions>
          <ns3:TrackPointExtension>
            <ns3:hr>84</ns3:hr>
            <ns3:cad>58</ns3:cad>
          </ns3:TrackPointExtension>
        </extensions>
      </trkpt>
      <trkpt lat="42.45431953109800815582275390625" lon="-6.017697192728519439697265625">
        <ele>849.4000244140625</ele>
        <time>2025-10-05T08:31:53.000Z</time>
        <extensions>
          <ns3:TrackPointExtension>
            <ns3:hr>85</ns3:hr>
            <ns3:cad>58</ns3:cad>
          </ns3:TrackPointExtension>
        </extensions>
      </trkpt>
      <trkpt lat="42.45432338677346706390380859375" lon="-6.017811186611652374267578125">
        <ele>848.79998779296875</ele>
        <time>2025-10-05T08:32:00.000Z</time>
        <extensions>
          <ns3:TrackPointExtension>
            <ns3:hr>85</ns3:hr>
            <ns3:cad>58</ns3:cad>
          </ns3:TrackPointExtension>
        </extensions>
      </trkpt>
      <trkpt lat="42.4543340317904949188232421875" lon="-6.01792794652283191680908203125">
        <ele>848.20001220703125</ele>
        <time>2025-10-05T08:32:08.000Z</time>
        <extensions>
          <ns3:TrackPointExtension>
            <ns3:hr>85</ns3:hr>
            <ns3:cad>57</ns3:cad>
          </ns3:TrackPointExtension>
        </extensions>
      </trkpt>
      <trkpt lat="42.45433755218982696533203125" lon="-6.017945297062397003173828125">
        <ele>848.20001220703125</ele>
        <time>2025-10-05T08:32:09.000Z</time>
        <extensions>
          <ns3:TrackPointExtension>
            <ns3:hr>85</ns3:hr>
            <ns3:cad>57</ns3:cad>
          </ns3:TrackPointExtension>
        </extensions>
      </trkpt>
      <trkpt lat="42.45434283278882503509521484375" lon="-6.01806088350713253021240234375">
        <ele>847.5999755859375</ele>
        <time>2025-10-05T08:32:17.000Z</time>
        <extensions>
          <ns3:TrackPointExtension>
            <ns3:hr>84</ns3:hr>
            <ns3:cad>57</ns3:cad>
          </ns3:TrackPointExtension>
        </extensions>
      </trkpt>
      <trkpt lat="42.45434425771236419677734375" lon="-6.01810966618359088897705078125">
        <ele>847.4000244140625</ele>
        <time>2025-10-05T08:32:23.000Z</time>
        <extensions>
          <ns3:TrackPointExtension>
            <ns3:hr>85</ns3:hr>
            <ns3:cad>0</ns3:cad>
          </ns3:TrackPointExtension>
        </extensions>
      </trkpt>
      <trkpt lat="42.4543447606265544891357421875" lon="-6.0181664116680622100830078125">
        <ele>847.20001220703125</ele>
        <time>2025-10-05T08:32:26.000Z</time>
        <extensions>
          <ns3:TrackPointExtension>
            <ns3:hr>84</ns3:hr>
            <ns3:cad>56</ns3:cad>
          </ns3:TrackPointExtension>
        </extensions>
      </trkpt>
      <trkpt lat="42.45435322634875774383544921875" lon="-6.01830446161329746246337890625">
        <ele>846.5999755859375</ele>
        <time>2025-10-05T08:32:34.000Z</time>
        <extensions>
          <ns3:TrackPointExtension>
            <ns3:hr>85</ns3:hr>
            <ns3:cad>58</ns3:cad>
          </ns3:TrackPointExtension>
        </extensions>
      </trkpt>
      <trkpt lat="42.45435071177780628204345703125" lon="-6.0183873586356639862060546875">
        <ele>846.4000244140625</ele>
        <time>2025-10-05T08:32:39.000Z</time>
        <extensions>
          <ns3:TrackPointExtension>
            <ns3:hr>88</ns3:hr>
            <ns3:cad>58</ns3:cad>
          </ns3:TrackPointExtension>
        </extensions>
      </trkpt>
      <trkpt lat="42.45435289107263088226318359375" lon="-6.01840496063232421875">
        <ele>846.20001220703125</ele>
        <time>2025-10-05T08:32:40.000Z</time>
        <extensions>
          <ns3:TrackPointExtension>
            <ns3:hr>88</ns3:hr>
            <ns3:cad>59</ns3:cad>
          </ns3:TrackPointExtension>
        </extensions>
      </trkpt>
      <trkpt lat="42.4543689005076885223388671875" lon="-6.01846204139292240142822265625">
        <ele>846</ele>
        <time>2025-10-05T08:32:43.000Z</time>
        <extensions>
          <ns3:TrackPointExtension>
            <ns3:hr>89</ns3:hr>
            <ns3:cad>58</ns3:cad>
          </ns3:TrackPointExtension>
        </extensions>
      </trkpt>
      <trkpt lat="42.4543595127761363983154296875" lon="-6.018610484898090362548828125">
        <ele>845.4000244140625</ele>
        <time>2025-10-05T08:32:52.000Z</time>
        <extensions>
          <ns3:TrackPointExtension>
            <ns3:hr>89</ns3:hr>
            <ns3:cad>58</ns3:cad>
          </ns3:TrackPointExtension>
        </extensions>
      </trkpt>
      <trkpt lat="42.45435020886361598968505859375" lon="-6.01868147961795330047607421875">
        <ele>845.20001220703125</ele>
        <time>2025-10-05T08:32:56.000Z</time>
        <extensions>
          <ns3:TrackPointExtension>
            <ns3:hr>89</ns3:hr>
            <ns3:cad>59</ns3:cad>
          </ns3:TrackPointExtension>
        </extensions>
      </trkpt>
      <trkpt lat="42.45434962213039398193359375" lon="-6.01878491230309009552001953125">
        <ele>845</ele>
        <time>2025-10-05T08:33:03.000Z</time>
        <extensions>
          <ns3:TrackPointExtension>
            <ns3:hr>89</ns3:hr>
            <ns3:cad>58</ns3:cad>
          </ns3:TrackPointExtension>
        </extensions>
      </trkpt>
      <trkpt lat="42.4543605186045169830322265625" lon="-6.0190017521381378173828125">
        <ele>844.5999755859375</ele>
        <time>2025-10-05T08:33:14.000Z</time>
        <extensions>
          <ns3:TrackPointExtension>
            <ns3:hr>90</ns3:hr>
            <ns3:cad>57</ns3:cad>
          </ns3:TrackPointExtension>
        </extensions>
      </trkpt>
      <trkpt lat="42.4543903581798076629638671875" lon="-6.01917014457285404205322265625">
        <ele>844.20001220703125</ele>
        <time>2025-10-05T08:33:25.000Z</time>
        <extensions>
          <ns3:TrackPointExtension>
            <ns3:hr>88</ns3:hr>
            <ns3:cad>58</ns3:cad>
          </ns3:TrackPointExtension>
        </extensions>
      </trkpt>
      <trkpt lat="42.45441055856645107269287109375" lon="-6.01925932802259922027587890625">
        <ele>844.20001220703125</ele>
        <time>2025-10-05T08:33:30.000Z</time>
        <extensions>
          <ns3:TrackPointExtension>
            <ns3:hr>88</ns3:hr>
            <ns3:cad>58</ns3:cad>
          </ns3:TrackPointExtension>
        </extensions>
      </trkpt>
      <trkpt lat="42.45440133847296237945556640625" lon="-6.01931766606867313385009765625">
        <ele>844</ele>
        <time>2025-10-05T08:33:34.000Z</time>
        <extensions>
          <ns3:TrackPointExtension>
            <ns3:hr>91</ns3:hr>
            <ns3:cad>58</ns3:cad>
          </ns3:TrackPointExtension>
        </extensions>
      </trkpt>
      <trkpt lat="42.454410307109355926513671875" lon="-6.0194652713835239410400390625">
        <ele>844</ele>
        <time>2025-10-05T08:33:43.000Z</time>
        <extensions>
          <ns3:TrackPointExtension>
            <ns3:hr>92</ns3:hr>
            <ns3:cad>59</ns3:cad>
          </ns3:TrackPointExtension>
        </extensions>
      </trkpt>
      <trkpt lat="42.45440804399549961090087890625" lon="-6.01965528912842273712158203125">
        <ele>843.79998779296875</ele>
        <time>2025-10-05T08:33:54.000Z</time>
        <extensions>
          <ns3:TrackPointExtension>
            <ns3:hr>90</ns3:hr>
            <ns3:cad>57</ns3:cad>
          </ns3:TrackPointExtension>
        </extensions>
      </trkpt>
      <trkpt lat="42.4543977342545986175537109375" lon="-6.0198421217501163482666015625">
        <ele>843.79998779296875</ele>
        <time>2025-10-05T08:34:05.000Z</time>
        <extensions>
          <ns3:TrackPointExtension>
            <ns3:hr>89</ns3:hr>
            <ns3:cad>58</ns3:cad>
          </ns3:TrackPointExtension>
        </extensions>
      </trkpt>
      <trkpt lat="42.45442078448832035064697265625" lon="-6.02000883780419826507568359375">
        <ele>843.5999755859375</ele>
        <time>2025-10-05T08:34:15.000Z</time>
        <extensions>
          <ns3:TrackPointExtension>
            <ns3:hr>89</ns3:hr>
            <ns3:cad>58</ns3:cad>
          </ns3:TrackPointExtension>
        </extensions>
      </trkpt>
      <trkpt lat="42.45442229323089122772216796875" lon="-6.02020665071904659271240234375">
        <ele>843.79998779296875</ele>
        <time>2025-10-05T08:34:26.000Z</time>
        <extensions>
          <ns3:TrackPointExtension>
            <ns3:hr>89</ns3:hr>
            <ns3:cad>57</ns3:cad>
          </ns3:TrackPointExtension>
        </extensions>
      </trkpt>
      <trkpt lat="42.4544416554272174835205078125" lon="-6.02040127851068973541259765625">
        <ele>843.79998779296875</ele>
        <time>2025-10-05T08:34:38.000Z</time>
        <extensions>
          <ns3:TrackPointExtension>
            <ns3:hr>88</ns3:hr>
            <ns3:cad>58</ns3:cad>
          </ns3:TrackPointExtension>
        </extensions>
      </trkpt>
      <trkpt lat="42.45444157160818576812744140625" lon="-6.020561791956424713134765625">
        <ele>843.5999755859375</ele>
        <time>2025-10-05T08:34:47.000Z</time>
        <extensions>
          <ns3:TrackPointExtension>
            <ns3:hr>88</ns3:hr>
            <ns3:cad>57</ns3:cad>
          </ns3:TrackPointExtension>
        </extensions>
      </trkpt>
      <trkpt lat="42.45445531792938709259033203125" lon="-6.0207356326282024383544921875">
        <ele>843.5999755859375</ele>
        <time>2025-10-05T08:34:58.000Z</time>
        <extensions>
          <ns3:TrackPointExtension>
            <ns3:hr>87</ns3:hr>
            <ns3:cad>58</ns3:cad>
          </ns3:TrackPointExtension>
        </extensions>
      </trkpt>
      <trkpt lat="42.454482056200504302978515625" lon="-6.02080562151968479156494140625">
        <ele>843.5999755859375</ele>
        <time>2025-10-05T08:35:03.000Z</time>
        <extensions>
          <ns3:TrackPointExtension>
            <ns3:hr>90</ns3:hr>
            <ns3:cad>57</ns3:cad>
          </ns3:TrackPointExtension>
        </extensions>
      </trkpt>
      <trkpt lat="42.45450250804424285888671875" lon="-6.0208764486014842987060546875">
        <ele>843.79998779296875</ele>
        <time>2025-10-05T08:35:08.000Z</time>
        <extensions>
          <ns3:TrackPointExtension>
            <ns3:hr>92</ns3:hr>
            <ns3:cad>59</ns3:cad>
          </ns3:TrackPointExtension>
        </extensions>
      </trkpt>
      <trkpt lat="42.45451549999415874481201171875" lon="-6.02104090154170989990234375">
        <ele>843.79998779296875</ele>
        <time>2025-10-05T08:35:18.000Z</time>
        <extensions>
          <ns3:TrackPointExtension>
            <ns3:hr>88</ns3:hr>
            <ns3:cad>57</ns3:cad>
          </ns3:TrackPointExtension>
        </extensions>
      </trkpt>
      <trkpt lat="42.45451902039349079132080078125" lon="-6.02109454572200775146484375">
        <ele>843.79998779296875</ele>
        <time>2025-10-05T08:35:21.000Z</time>
        <extensions>
          <ns3:TrackPointExtension>
            <ns3:hr>86</ns3:hr>
            <ns3:cad>56</ns3:cad>
          </ns3:TrackPointExtension>
        </extensions>
      </trkpt>
      <trkpt lat="42.45452907867729663848876953125" lon="-6.0212682187557220458984375">
        <ele>843.79998779296875</ele>
        <time>2025-10-05T08:35:32.000Z</time>
        <extensions>
          <ns3:TrackPointExtension>
            <ns3:hr>88</ns3:hr>
            <ns3:cad>57</ns3:cad>
          </ns3:TrackPointExtension>
        </extensions>
      </trkpt>
      <trkpt lat="42.45454282499849796295166015625" lon="-6.02151162922382354736328125">
        <ele>844</ele>
        <time>2025-10-05T08:35:47.000Z</time>
        <extensions>
          <ns3:TrackPointExtension>
            <ns3:hr>88</ns3:hr>
            <ns3:cad>56</ns3:cad>
          </ns3:TrackPointExtension>
        </extensions>
      </trkpt>
      <trkpt lat="42.4545449204742908477783203125" lon="-6.02153887040913105010986328125">
        <ele>844</ele>
        <time>2025-10-05T08:35:52.000Z</time>
        <extensions>
          <ns3:TrackPointExtension>
            <ns3:hr>88</ns3:hr>
            <ns3:cad>0</ns3:cad>
          </ns3:TrackPointExtension>
        </extensions>
      </trkpt>
      <trkpt lat="42.45455824770033359527587890625" lon="-6.02154205553233623504638671875">
        <ele>844</ele>
        <time>2025-10-05T08:35:54.000Z</time>
        <extensions>
          <ns3:TrackPointExtension>
            <ns3:hr>89</ns3:hr>
            <ns3:cad>0</ns3:cad>
          </ns3:TrackPointExtension>
        </extensions>
      </trkpt>
      <trkpt lat="42.454596720635890960693359375" lon="-6.02156451903283596038818359375">
        <ele>843.79998779296875</ele>
        <time>2025-10-05T08:35:57.000Z</time>
        <extensions>
          <ns3:TrackPointExtension>
            <ns3:hr>89</ns3:hr>
            <ns3:cad>0</ns3:cad>
          </ns3:TrackPointExtension>
        </extensions>
      </trkpt>
      <trkpt lat="42.4546485207974910736083984375" lon="-6.0217069275677204132080078125">
        <ele>844</ele>
        <time>2025-10-05T08:36:06.000Z</time>
        <extensions>
          <ns3:TrackPointExtension>
            <ns3:hr>89</ns3:hr>
            <ns3:cad>57</ns3:cad>
          </ns3:TrackPointExtension>
        </extensions>
      </trkpt>
      <trkpt lat="42.4546491913497447967529296875" lon="-6.02173601277172565460205078125">
        <ele>844.20001220703125</ele>
        <time>2025-10-05T08:36:08.000Z</time>
        <extensions>
          <ns3:TrackPointExtension>
            <ns3:hr>92</ns3:hr>
            <ns3:cad>57</ns3:cad>
          </ns3:TrackPointExtension>
        </extensions>
      </trkpt>
      <trkpt lat="42.45465296320617198944091796875" lon="-6.0218480788171291351318359375">
        <ele>844.20001220703125</ele>
        <time>2025-10-05T08:36:15.000Z</time>
        <extensions>
          <ns3:TrackPointExtension>
            <ns3:hr>92</ns3:hr>
            <ns3:cad>58</ns3:cad>
          </ns3:TrackPointExtension>
        </extensions>
      </trkpt>
      <trkpt lat="42.4546619318425655364990234375" lon="-6.0220639966428279876708984375">
        <ele>844.20001220703125</ele>
        <time>2025-10-05T08:36:28.000Z</time>
        <extensions>
          <ns3:TrackPointExtension>
            <ns3:hr>94</ns3:hr>
            <ns3:cad>57</ns3:cad>
          </ns3:TrackPointExtension>
        </extensions>
      </trkpt>
      <trkpt lat="42.4546729959547519683837890625" lon="-6.0222547687590122222900390625">
        <ele>844.5999755859375</ele>
        <time>2025-10-05T08:36:39.000Z</time>
        <extensions>
          <ns3:TrackPointExtension>
            <ns3:hr>95</ns3:hr>
            <ns3:cad>57</ns3:cad>
          </ns3:TrackPointExtension>
        </extensions>
      </trkpt>
      <trkpt lat="42.454655058681964874267578125" lon="-6.02249599993228912353515625">
        <ele>845</ele>
        <time>2025-10-05T08:36:53.000Z</time>
        <extensions>
          <ns3:TrackPointExtension>
            <ns3:hr>96</ns3:hr>
            <ns3:cad>58</ns3:cad>
          </ns3:TrackPointExtension>
        </extensions>
      </trkpt>
      <trkpt lat="42.45465178973972797393798828125" lon="-6.02250983007252216339111328125">
        <ele>845</ele>
        <time>2025-10-05T08:36:54.000Z</time>
        <extensions>
          <ns3:TrackPointExtension>
            <ns3:hr>96</ns3:hr>
            <ns3:cad>58</ns3:cad>
          </ns3:TrackPointExtension>
        </extensions>
      </trkpt>
      <trkpt lat="42.45459730736911296844482421875" lon="-6.02267143316566944122314453125">
        <ele>845.20001220703125</ele>
        <time>2025-10-05T08:37:04.000Z</time>
        <extensions>
          <ns3:TrackPointExtension>
            <ns3:hr>97</ns3:hr>
            <ns3:cad>59</ns3:cad>
          </ns3:TrackPointExtension>
        </extensions>
      </trkpt>
      <trkpt lat="42.45459026657044887542724609375" lon="-6.02268484421074390411376953125">
        <ele>845.20001220703125</ele>
        <time>2025-10-05T08:37:05.000Z</time>
        <extensions>
          <ns3:TrackPointExtension>
            <ns3:hr>97</ns3:hr>
            <ns3:cad>59</ns3:cad>
          </ns3:TrackPointExtension>
        </extensions>
      </trkpt>
      <trkpt lat="42.4545294977724552154541015625" lon="-6.02279548533260822296142578125">
        <ele>845.20001220703125</ele>
        <time>2025-10-05T08:37:14.000Z</time>
        <extensions>
          <ns3:TrackPointExtension>
            <ns3:hr>94</ns3:hr>
            <ns3:cad>57</ns3:cad>
          </ns3:TrackPointExtension>
        </extensions>
      </trkpt>
      <trkpt lat="42.4545097164809703826904296875" lon="-6.02282213978469371795654296875">
        <ele>845.4000244140625</ele>
        <time>2025-10-05T08:37:16.000Z</time>
        <extensions>
          <ns3:TrackPointExtension>
            <ns3:hr>94</ns3:hr>
            <ns3:cad>58</ns3:cad>
          </ns3:TrackPointExtension>
        </extensions>
      </trkpt>
      <trkpt lat="42.45439278893172740936279296875" lon="-6.02296748198568820953369140625">
        <ele>845.20001220703125</ele>
        <time>2025-10-05T08:37:28.000Z</time>
        <extensions>
          <ns3:TrackPointExtension>
            <ns3:hr>94</ns3:hr>
            <ns3:cad>57</ns3:cad>
          </ns3:TrackPointExtension>
        </extensions>
      </trkpt>
      <trkpt lat="42.4543162621557712554931640625" lon="-6.02305213920772075653076171875">
        <ele>845</ele>
        <time>2025-10-05T08:37:36.000Z</time>
        <extensions>
          <ns3:TrackPointExtension>
            <ns3:hr>93</ns3:hr>
            <ns3:cad>57</ns3:cad>
          </ns3:TrackPointExtension>
        </extensions>
      </trkpt>
      <trkpt lat="42.4542136676609516143798828125" lon="-6.0231737606227397918701171875">
        <ele>844.5999755859375</ele>
        <time>2025-10-05T08:37:47.000Z</time>
        <extensions>
          <ns3:TrackPointExtension>
            <ns3:hr>92</ns3:hr>
            <ns3:cad>58</ns3:cad>
          </ns3:TrackPointExtension>
        </extensions>
      </trkpt>
      <trkpt lat="42.45415960438549518585205078125" lon="-6.02324408479034900665283203125">
        <ele>844.4000244140625</ele>
        <time>2025-10-05T08:37:53.000Z</time>
        <extensions>
          <ns3:TrackPointExtension>
            <ns3:hr>89</ns3:hr>
            <ns3:cad>58</ns3:cad>
          </ns3:TrackPointExtension>
        </extensions>
      </trkpt>
      <trkpt lat="42.45413177646696567535400390625" lon="-6.02326805703341960906982421875">
        <ele>844.4000244140625</ele>
        <time>2025-10-05T08:37:56.000Z</time>
        <extensions>
          <ns3:TrackPointExtension>
            <ns3:hr>85</ns3:hr>
            <ns3:cad>57</ns3:cad>
          </ns3:TrackPointExtension>
        </extensions>
      </trkpt>
      <trkpt lat="42.4541043676435947418212890625" lon="-6.02329529821872711181640625">
        <ele>844.20001220703125</ele>
        <time>2025-10-05T08:37:59.000Z</time>
        <extensions>
          <ns3:TrackPointExtension>
            <ns3:hr>83</ns3:hr>
            <ns3:cad>57</ns3:cad>
          </ns3:TrackPointExtension>
        </extensions>
      </trkpt>
      <trkpt lat="42.45402767322957515716552734375" lon="-6.0233836434781551361083984375">
        <ele>844.20001220703125</ele>
        <time>2025-10-05T08:38:07.000Z</time>
        <extensions>
          <ns3:TrackPointExtension>
            <ns3:hr>83</ns3:hr>
            <ns3:cad>58</ns3:cad>
          </ns3:TrackPointExtension>
        </extensions>
      </trkpt>
      <trkpt lat="42.4540083110332489013671875" lon="-6.023407615721225738525390625">
        <ele>844</ele>
        <time>2025-10-05T08:38:09.000Z</time>
        <extensions>
          <ns3:TrackPointExtension>
            <ns3:hr>83</ns3:hr>
            <ns3:cad>58</ns3:cad>
          </ns3:TrackPointExtension>
        </extensions>
      </trkpt>
      <trkpt lat="42.4538956582546234130859375" lon="-6.02353644557297229766845703125">
        <ele>843.79998779296875</ele>
        <time>2025-10-05T08:38:21.000Z</time>
        <extensions>
          <ns3:TrackPointExtension>
            <ns3:hr>83</ns3:hr>
            <ns3:cad>58</ns3:cad>
          </ns3:TrackPointExtension>
        </extensions>
      </trkpt>
      <trkpt lat="42.45385433547198772430419921875" lon="-6.02371313609182834625244140625">
        <ele>843.4000244140625</ele>
        <time>2025-10-05T08:38:32.000Z</time>
        <extensions>
          <ns3:TrackPointExtension>
            <ns3:hr>83</ns3:hr>
            <ns3:cad>58</ns3:cad>
          </ns3:TrackPointExtension>
        </extensions>
      </trkpt>
      <trkpt lat="42.45384478010237216949462890625" lon="-6.02382763288915157318115234375">
        <ele>843.20001220703125</ele>
        <time>2025-10-05T08:38:38.000Z</time>
        <extensions>
          <ns3:TrackPointExtension>
            <ns3:hr>83</ns3:hr>
            <ns3:cad>57</ns3:cad>
          </ns3:TrackPointExtension>
        </extensions>
      </trkpt>
      <trkpt lat="42.453847713768482208251953125" lon="-6.02390709333121776580810546875">
        <ele>843</ele>
        <time>2025-10-05T08:38:43.000Z</time>
        <extensions>
          <ns3:TrackPointExtension>
            <ns3:hr>83</ns3:hr>
            <ns3:cad>58</ns3:cad>
          </ns3:TrackPointExtension>
        </extensions>
      </trkpt>
      <trkpt lat="42.453857772052288055419921875" lon="-6.0240598954260349273681640625">
        <ele>842.79998779296875</ele>
        <time>2025-10-05T08:38:52.000Z</time>
        <extensions>
          <ns3:TrackPointExtension>
            <ns3:hr>82</ns3:hr>
            <ns3:cad>58</ns3:cad>
          </ns3:TrackPointExtension>
        </extensions>
      </trkpt>
      <trkpt lat="42.45386053808033466339111328125" lon="-6.02422309108078479766845703125">
        <ele>842.4000244140625</ele>
        <time>2025-10-05T08:39:03.000Z</time>
        <extensions>
          <ns3:TrackPointExtension>
            <ns3:hr>82</ns3:hr>
            <ns3:cad>57</ns3:cad>
          </ns3:TrackPointExtension>
        </extensions>
      </trkpt>
      <trkpt lat="42.45387344621121883392333984375" lon="-6.02435066364705562591552734375">
        <ele>842.4000244140625</ele>
        <time>2025-10-05T08:39:12.000Z</time>
        <extensions>
          <ns3:TrackPointExtension>
            <ns3:hr>85</ns3:hr>
            <ns3:cad>55</ns3:cad>
          </ns3:TrackPointExtension>
        </extensions>
      </trkpt>
      <trkpt lat="42.45387621223926544189453125" lon="-6.02436549961566925048828125">
        <ele>842.4000244140625</ele>
        <time>2025-10-05T08:39:13.000Z</time>
        <extensions>
          <ns3:TrackPointExtension>
            <ns3:hr>85</ns3:hr>
            <ns3:cad>55</ns3:cad>
          </ns3:TrackPointExtension>
        </extensions>
      </trkpt>
      <trkpt lat="42.45387881062924861907958984375" lon="-6.02439240552484989166259765625">
        <ele>842.20001220703125</ele>
        <time>2025-10-05T08:39:15.000Z</time>
        <extensions>
          <ns3:TrackPointExtension>
            <ns3:hr>86</ns3:hr>
            <ns3:cad>55</ns3:cad>
          </ns3:TrackPointExtension>
        </extensions>
      </trkpt>
      <trkpt lat="42.45388115756213665008544921875" lon="-6.02454009465873241424560546875">
        <ele>842</ele>
        <time>2025-10-05T08:39:24.000Z</time>
        <extensions>
          <ns3:TrackPointExtension>
            <ns3:hr>89</ns3:hr>
            <ns3:cad>57</ns3:cad>
          </ns3:TrackPointExtension>
        </extensions>
      </trkpt>
      <trkpt lat="42.4538817442953586578369140625" lon="-6.0246979258954524993896484375">
        <ele>841</ele>
        <time>2025-10-05T08:39:33.000Z</time>
        <extensions>
          <ns3:TrackPointExtension>
            <ns3:hr>89</ns3:hr>
            <ns3:cad>58</ns3:cad>
          </ns3:TrackPointExtension>
        </extensions>
      </trkpt>
      <trkpt lat="42.45388216339051723480224609375" lon="-6.02471343241631984710693359375">
        <ele>841</ele>
        <time>2025-10-05T08:39:34.000Z</time>
        <extensions>
          <ns3:TrackPointExtension>
            <ns3:hr>90</ns3:hr>
            <ns3:cad>58</ns3:cad>
          </ns3:TrackPointExtension>
        </extensions>
      </trkpt>
      <trkpt lat="42.45389389805495738983154296875" lon="-6.0249239020049571990966796875">
        <ele>840.79998779296875</ele>
        <time>2025-10-05T08:39:46.000Z</time>
        <extensions>
          <ns3:TrackPointExtension>
            <ns3:hr>89</ns3:hr>
            <ns3:cad>57</ns3:cad>
          </ns3:TrackPointExtension>
        </extensions>
      </trkpt>
      <trkpt lat="42.45389507152140140533447265625" lon="-6.02499506436288356781005859375">
        <ele>840.79998779296875</ele>
        <time>2025-10-05T08:39:50.000Z</time>
        <extensions>
          <ns3:TrackPointExtension>
            <ns3:hr>86</ns3:hr>
            <ns3:cad>58</ns3:cad>
          </ns3:TrackPointExtension>
        </extensions>
      </trkpt>
      <trkpt lat="42.45389725081622600555419921875" lon="-6.02511945180594921112060546875">
        <ele>840.4000244140625</ele>
        <time>2025-10-05T08:39:58.000Z</time>
        <extensions>
          <ns3:TrackPointExtension>
            <ns3:hr>86</ns3:hr>
            <ns3:cad>58</ns3:cad>
          </ns3:TrackPointExtension>
        </extensions>
      </trkpt>
      <trkpt lat="42.45391451753675937652587890625" lon="-6.02531508542597293853759765625">
        <ele>840.20001220703125</ele>
        <time>2025-10-05T08:40:10.000Z</time>
        <extensions>
          <ns3:TrackPointExtension>
            <ns3:hr>86</ns3:hr>
            <ns3:cad>59</ns3:cad>
          </ns3:TrackPointExtension>
        </extensions>
      </trkpt>
      <trkpt lat="42.4539156071841716766357421875" lon="-6.02536604739725589752197265625">
        <ele>840</ele>
        <time>2025-10-05T08:40:13.000Z</time>
        <extensions>
          <ns3:TrackPointExtension>
            <ns3:hr>86</ns3:hr>
            <ns3:cad>58</ns3:cad>
          </ns3:TrackPointExtension>
        </extensions>
      </trkpt>
      <trkpt lat="42.45395357720553874969482421875" lon="-6.025460846722126007080078125">
        <ele>839.5999755859375</ele>
        <time>2025-10-05T08:40:20.000Z</time>
        <extensions>
          <ns3:TrackPointExtension>
            <ns3:hr>87</ns3:hr>
            <ns3:cad>57</ns3:cad>
          </ns3:TrackPointExtension>
        </extensions>
      </trkpt>
      <trkpt lat="42.4540550820529460906982421875" lon="-6.02549496106803417205810546875">
        <ele>839</ele>
        <time>2025-10-05T08:40:28.000Z</time>
        <extensions>
          <ns3:TrackPointExtension>
            <ns3:hr>90</ns3:hr>
            <ns3:cad>59</ns3:cad>
          </ns3:TrackPointExtension>
        </extensions>
      </trkpt>
      <trkpt lat="42.4541657231748104095458984375" lon="-6.02551423944532871246337890625">
        <ele>838</ele>
        <time>2025-10-05T08:40:37.000Z</time>
        <extensions>
          <ns3:TrackPointExtension>
            <ns3:hr>90</ns3:hr>
            <ns3:cad>59</ns3:cad>
          </ns3:TrackPointExtension>
        </extensions>
      </trkpt>
      <trkpt lat="42.45417620055377483367919921875" lon="-6.0255183465778827667236328125">
        <ele>838</ele>
        <time>2025-10-05T08:40:38.000Z</time>
        <extensions>
          <ns3:TrackPointExtension>
            <ns3:hr>89</ns3:hr>
            <ns3:cad>59</ns3:cad>
          </ns3:TrackPointExtension>
        </extensions>
      </trkpt>
      <trkpt lat="42.45428483001887798309326171875" lon="-6.02561272680759429931640625">
        <ele>837.20001220703125</ele>
        <time>2025-10-05T08:40:48.000Z</time>
        <extensions>
          <ns3:TrackPointExtension>
            <ns3:hr>88</ns3:hr>
            <ns3:cad>59</ns3:cad>
          </ns3:TrackPointExtension>
        </extensions>
      </trkpt>
      <trkpt lat="42.45432171039283275604248046875" lon="-6.025735437870025634765625">
        <ele>837.20001220703125</ele>
        <time>2025-10-05T08:40:56.000Z</time>
        <extensions>
          <ns3:TrackPointExtension>
            <ns3:hr>88</ns3:hr>
            <ns3:cad>58</ns3:cad>
          </ns3:TrackPointExtension>
        </extensions>
      </trkpt>
      <trkpt lat="42.45432539843022823333740234375" lon="-6.02586351335048675537109375">
        <ele>837</ele>
        <time>2025-10-05T08:41:03.000Z</time>
        <extensions>
          <ns3:TrackPointExtension>
            <ns3:hr>88</ns3:hr>
            <ns3:cad>59</ns3:cad>
          </ns3:TrackPointExtension>
        </extensions>
      </trkpt>
      <trkpt lat="42.45432405732572078704833984375" lon="-6.02589913643896579742431640625">
        <ele>837</ele>
        <time>2025-10-05T08:41:05.000Z</time>
        <extensions>
          <ns3:TrackPointExtension>
            <ns3:hr>88</ns3:hr>
            <ns3:cad>58</ns3:cad>
          </ns3:TrackPointExtension>
        </extensions>
      </trkpt>
      <trkpt lat="42.45432858355343341827392578125" lon="-6.02609577588737010955810546875">
        <ele>837</ele>
        <time>2025-10-05T08:41:16.000Z</time>
        <extensions>
          <ns3:TrackPointExtension>
            <ns3:hr>88</ns3:hr>
            <ns3:cad>58</ns3:cad>
          </ns3:TrackPointExtension>
        </extensions>
      </trkpt>
      <trkpt lat="42.45433621108531951904296875" lon="-6.0262656770646572113037109375">
        <ele>837.20001220703125</ele>
        <time>2025-10-05T08:41:26.000Z</time>
        <extensions>
          <ns3:TrackPointExtension>
            <ns3:hr>89</ns3:hr>
            <ns3:cad>57</ns3:cad>
          </ns3:TrackPointExtension>
        </extensions>
      </trkpt>
      <trkpt lat="42.45434065349400043487548828125" lon="-6.02644396014511585235595703125">
        <ele>836.79998779296875</ele>
        <time>2025-10-05T08:41:36.000Z</time>
        <extensions>
          <ns3:TrackPointExtension>
            <ns3:hr>89</ns3:hr>
            <ns3:cad>57</ns3:cad>
          </ns3:TrackPointExtension>
        </extensions>
      </trkpt>
      <trkpt lat="42.45435222052037715911865234375" lon="-6.0266274400055408477783203125">
        <ele>836.5999755859375</ele>
        <time>2025-10-05T08:41:47.000Z</time>
        <extensions>
          <ns3:TrackPointExtension>
            <ns3:hr>90</ns3:hr>
            <ns3:cad>58</ns3:cad>
          </ns3:TrackPointExtension>
        </extensions>
      </trkpt>
      <trkpt lat="42.45436571538448333740234375" lon="-6.02683522738516330718994140625">
        <ele>836.4000244140625</ele>
        <time>2025-10-05T08:41:59.000Z</time>
        <extensions>
          <ns3:TrackPointExtension>
            <ns3:hr>89</ns3:hr>
            <ns3:cad>59</ns3:cad>
          </ns3:TrackPointExtension>
        </extensions>
      </trkpt>
      <trkpt lat="42.45437585748732089996337890625" lon="-6.02696917019784450531005859375">
        <ele>836.20001220703125</ele>
        <time>2025-10-05T08:42:07.000Z</time>
        <extensions>
          <ns3:TrackPointExtension>
            <ns3:hr>88</ns3:hr>
            <ns3:cad>58</ns3:cad>
          </ns3:TrackPointExtension>
        </extensions>
      </trkpt>
      <trkpt lat="42.454383485019207000732421875" lon="-6.02710747160017490386962890625">
        <ele>836.20001220703125</ele>
        <time>2025-10-05T08:42:15.000Z</time>
        <extensions>
          <ns3:TrackPointExtension>
            <ns3:hr>88</ns3:hr>
            <ns3:cad>58</ns3:cad>
          </ns3:TrackPointExtension>
        </extensions>
      </trkpt>
      <trkpt lat="42.45441592298448085784912109375" lon="-6.0273261554539203643798828125">
        <ele>836</ele>
        <time>2025-10-05T08:42:28.000Z</time>
        <extensions>
          <ns3:TrackPointExtension>
            <ns3:hr>88</ns3:hr>
            <ns3:cad>57</ns3:cad>
          </ns3:TrackPointExtension>
        </extensions>
      </trkpt>
      <trkpt lat="42.454419694840908050537109375" lon="-6.02742724120616912841796875">
        <ele>835.79998779296875</ele>
        <time>2025-10-05T08:42:34.000Z</time>
        <extensions>
          <ns3:TrackPointExtension>
            <ns3:hr>88</ns3:hr>
            <ns3:cad>57</ns3:cad>
          </ns3:TrackPointExtension>
        </extensions>
      </trkpt>
      <trkpt lat="42.4544212035834789276123046875" lon="-6.0274941287934780120849609375">
        <ele>836</ele>
        <time>2025-10-05T08:42:38.000Z</time>
        <extensions>
          <ns3:TrackPointExtension>
            <ns3:hr>88</ns3:hr>
            <ns3:cad>57</ns3:cad>
          </ns3:TrackPointExtension>
        </extensions>
      </trkpt>
      <trkpt lat="42.454441152513027191162109375" lon="-6.02770443074405193328857421875">
        <ele>835.79998779296875</ele>
        <time>2025-10-05T08:42:50.000Z</time>
        <extensions>
          <ns3:TrackPointExtension>
            <ns3:hr>88</ns3:hr>
            <ns3:cad>57</ns3:cad>
          </ns3:TrackPointExtension>
        </extensions>
      </trkpt>
      <trkpt lat="42.454452216625213623046875" lon="-6.02784105576574802398681640625">
        <ele>835.79998779296875</ele>
        <time>2025-10-05T08:42:58.000Z</time>
        <extensions>
          <ns3:TrackPointExtension>
            <ns3:hr>85</ns3:hr>
            <ns3:cad>57</ns3:cad>
          </ns3:TrackPointExtension>
        </extensions>
      </trkpt>
      <trkpt lat="42.45445447973906993865966796875" lon="-6.0279075242578983306884765625">
        <ele>835.79998779296875</ele>
        <time>2025-10-05T08:43:02.000Z</time>
        <extensions>
          <ns3:TrackPointExtension>
            <ns3:hr>84</ns3:hr>
            <ns3:cad>57</ns3:cad>
          </ns3:TrackPointExtension>
        </extensions>
      </trkpt>
      <trkpt lat="42.45446621440351009368896484375" lon="-6.0280899144709110260009765625">
        <ele>835.5999755859375</ele>
        <time>2025-10-05T08:43:13.000Z</time>
        <extensions>
          <ns3:TrackPointExtension>
            <ns3:hr>85</ns3:hr>
            <ns3:cad>57</ns3:cad>
          </ns3:TrackPointExtension>
        </extensions>
      </trkpt>
      <trkpt lat="42.454484067857265472412109375" lon="-6.028318069875240325927734375">
        <ele>836</ele>
        <time>2025-10-05T08:43:26.000Z</time>
        <extensions>
          <ns3:TrackPointExtension>
            <ns3:hr>86</ns3:hr>
            <ns3:cad>57</ns3:cad>
          </ns3:TrackPointExtension>
        </extensions>
      </trkpt>
      <trkpt lat="42.4545003287494182586669921875" lon="-6.02850414812564849853515625">
        <ele>835.5999755859375</ele>
        <time>2025-10-05T08:43:37.000Z</time>
        <extensions>
          <ns3:TrackPointExtension>
            <ns3:hr>86</ns3:hr>
            <ns3:cad>0</ns3:cad>
          </ns3:TrackPointExtension>
        </extensions>
      </trkpt>
      <trkpt lat="42.454488091170787811279296875" lon="-6.028661392629146575927734375">
        <ele>835.4000244140625</ele>
        <time>2025-10-05T08:43:46.000Z</time>
        <extensions>
          <ns3:TrackPointExtension>
            <ns3:hr>87</ns3:hr>
            <ns3:cad>57</ns3:cad>
          </ns3:TrackPointExtension>
        </extensions>
      </trkpt>
      <trkpt lat="42.4544795416295528411865234375" lon="-6.02881184779107570648193359375">
        <ele>835.4000244140625</ele>
        <time>2025-10-05T08:43:55.000Z</time>
        <extensions>
          <ns3:TrackPointExtension>
            <ns3:hr>86</ns3:hr>
            <ns3:cad>57</ns3:cad>
          </ns3:TrackPointExtension>
        </extensions>
      </trkpt>
      <trkpt lat="42.45449907146394252777099609375" lon="-6.028959117829799652099609375">
        <ele>835.20001220703125</ele>
        <time>2025-10-05T08:44:03.000Z</time>
        <extensions>
          <ns3:TrackPointExtension>
            <ns3:hr>84</ns3:hr>
            <ns3:cad>57</ns3:cad>
          </ns3:TrackPointExtension>
        </extensions>
      </trkpt>
      <trkpt lat="42.4545244686305522918701171875" lon="-6.0291094891726970672607421875">
        <ele>835.20001220703125</ele>
        <time>2025-10-05T08:44:12.000Z</time>
        <extensions>
          <ns3:TrackPointExtension>
            <ns3:hr>85</ns3:hr>
            <ns3:cad>59</ns3:cad>
          </ns3:TrackPointExtension>
        </extensions>
      </trkpt>
      <trkpt lat="42.454524300992488861083984375" lon="-6.02920345030725002288818359375">
        <ele>835.20001220703125</ele>
        <time>2025-10-05T08:44:18.000Z</time>
        <extensions>
          <ns3:TrackPointExtension>
            <ns3:hr>82</ns3:hr>
            <ns3:cad>58</ns3:cad>
          </ns3:TrackPointExtension>
        </extensions>
      </trkpt>
      <trkpt lat="42.45452488772571086883544921875" lon="-6.029260866343975067138671875">
        <ele>835</ele>
        <time>2025-10-05T08:44:21.000Z</time>
        <extensions>
          <ns3:TrackPointExtension>
            <ns3:hr>82</ns3:hr>
            <ns3:cad>58</ns3:cad>
          </ns3:TrackPointExtension>
        </extensions>
      </trkpt>
      <trkpt lat="42.45454408228397369384765625" lon="-6.02943277917802333831787109375">
        <ele>835</ele>
        <time>2025-10-05T08:44:31.000Z</time>
        <extensions>
          <ns3:TrackPointExtension>
            <ns3:hr>82</ns3:hr>
            <ns3:cad>57</ns3:cad>
          </ns3:TrackPointExtension>
        </extensions>
      </trkpt>
      <trkpt lat="42.45455103926360607147216796875" lon="-6.02961600758135318756103515625">
        <ele>835.20001220703125</ele>
        <time>2025-10-05T08:44:41.000Z</time>
        <extensions>
          <ns3:TrackPointExtension>
            <ns3:hr>81</ns3:hr>
            <ns3:cad>57</ns3:cad>
          </ns3:TrackPointExtension>
        </extensions>
      </trkpt>
      <trkpt lat="42.4545536376535892486572265625" lon="-6.02978758513927459716796875">
        <ele>835</ele>
        <time>2025-10-05T08:44:51.000Z</time>
        <extensions>
          <ns3:TrackPointExtension>
            <ns3:hr>84</ns3:hr>
            <ns3:cad>58</ns3:cad>
          </ns3:TrackPointExtension>
        </extensions>
      </trkpt>
      <trkpt lat="42.4545526318252086639404296875" lon="-6.0298014990985393524169921875">
        <ele>835</ele>
        <time>2025-10-05T08:44:52.000Z</time>
        <extensions>
          <ns3:TrackPointExtension>
            <ns3:hr>84</ns3:hr>
            <ns3:cad>57</ns3:cad>
          </ns3:TrackPointExtension>
        </extensions>
      </trkpt>
      <trkpt lat="42.45455673895776271820068359375" lon="-6.029976345598697662353515625">
        <ele>835</ele>
        <time>2025-10-05T08:45:02.000Z</time>
        <extensions>
          <ns3:TrackPointExtension>
            <ns3:hr>85</ns3:hr>
            <ns3:cad>57</ns3:cad>
          </ns3:TrackPointExtension>
        </extensions>
      </trkpt>
      <trkpt lat="42.45457333512604236602783203125" lon="-6.0301972925662994384765625">
        <ele>835</ele>
        <time>2025-10-05T08:45:15.000Z</time>
        <extensions>
          <ns3:TrackPointExtension>
            <ns3:hr>84</ns3:hr>
            <ns3:cad>58</ns3:cad>
          </ns3:TrackPointExtension>
        </extensions>
      </trkpt>
      <trkpt lat="42.45458154939115047454833984375" lon="-6.0303689539432525634765625">
        <ele>835.20001220703125</ele>
        <time>2025-10-05T08:45:25.000Z</time>
        <extensions>
          <ns3:TrackPointExtension>
            <ns3:hr>84</ns3:hr>
            <ns3:cad>58</ns3:cad>
          </ns3:TrackPointExtension>
        </extensions>
      </trkpt>
      <trkpt lat="42.4545932002365589141845703125" lon="-6.03055796585977077484130859375">
        <ele>835.20001220703125</ele>
        <time>2025-10-05T08:45:36.000Z</time>
        <extensions>
          <ns3:TrackPointExtension>
            <ns3:hr>84</ns3:hr>
            <ns3:cad>57</ns3:cad>
          </ns3:TrackPointExtension>
        </extensions>
      </trkpt>
      <trkpt lat="42.45460183359682559967041015625" lon="-6.03070414625108242034912109375">
        <ele>835.20001220703125</ele>
        <time>2025-10-05T08:45:44.000Z</time>
        <extensions>
          <ns3:TrackPointExtension>
            <ns3:hr>85</ns3:hr>
            <ns3:cad>116</ns3:cad>
          </ns3:TrackPointExtension>
        </extensions>
      </trkpt>
      <trkpt lat="42.45460233651101589202880859375" lon="-6.03082920424640178680419921875">
        <ele>835.20001220703125</ele>
        <time>2025-10-05T08:45:51.000Z</time>
        <extensions>
          <ns3:TrackPointExtension>
            <ns3:hr>85</ns3:hr>
            <ns3:cad>57</ns3:cad>
          </ns3:TrackPointExtension>
        </extensions>
      </trkpt>
      <trkpt lat="42.454601414501667022705078125" lon="-6.03098309598863124847412109375">
        <ele>835.4000244140625</ele>
        <time>2025-10-05T08:46:00.000Z</time>
        <extensions>
          <ns3:TrackPointExtension>
            <ns3:hr>88</ns3:hr>
            <ns3:cad>116</ns3:cad>
          </ns3:TrackPointExtension>
        </extensions>
      </trkpt>
      <trkpt lat="42.45460988022387027740478515625" lon="-6.031102873384952545166015625">
        <ele>835.4000244140625</ele>
        <time>2025-10-05T08:46:07.000Z</time>
        <extensions>
          <ns3:TrackPointExtension>
            <ns3:hr>90</ns3:hr>
            <ns3:cad>57</ns3:cad>
          </ns3:TrackPointExtension>
        </extensions>
      </trkpt>
      <trkpt lat="42.45462412945926189422607421875" lon="-6.0312911309301853179931640625">
        <ele>835.4000244140625</ele>
        <time>2025-10-05T08:46:19.000Z</time>
        <extensions>
          <ns3:TrackPointExtension>
            <ns3:hr>89</ns3:hr>
            <ns3:cad>57</ns3:cad>
          </ns3:TrackPointExtension>
        </extensions>
      </trkpt>
      <trkpt lat="42.45464407838881015777587890625" lon="-6.0314741916954517364501953125">
        <ele>835.5999755859375</ele>
        <time>2025-10-05T08:46:30.000Z</time>
        <extensions>
          <ns3:TrackPointExtension>
            <ns3:hr>88</ns3:hr>
            <ns3:cad>113</ns3:cad>
          </ns3:TrackPointExtension>
        </extensions>
      </trkpt>
      <trkpt lat="42.45464801788330078125" lon="-6.03161777369678020477294921875">
        <ele>835.5999755859375</ele>
        <time>2025-10-05T08:46:39.000Z</time>
        <extensions>
          <ns3:TrackPointExtension>
            <ns3:hr>87</ns3:hr>
            <ns3:cad>57</ns3:cad>
          </ns3:TrackPointExtension>
        </extensions>
      </trkpt>
      <trkpt lat="42.4546629376709461212158203125" lon="-6.0318312607705593109130859375">
        <ele>835</ele>
        <time>2025-10-05T08:46:51.000Z</time>
        <extensions>
          <ns3:TrackPointExtension>
            <ns3:hr>87</ns3:hr>
            <ns3:cad>59</ns3:cad>
          </ns3:TrackPointExtension>
        </extensions>
      </trkpt>
      <trkpt lat="42.45467576198279857635498046875" lon="-6.03201004676520824432373046875">
        <ele>835</ele>
        <time>2025-10-05T08:47:02.000Z</time>
        <extensions>
          <ns3:TrackPointExtension>
            <ns3:hr>87</ns3:hr>
            <ns3:cad>57</ns3:cad>
          </ns3:TrackPointExtension>
        </extensions>
      </trkpt>
      <trkpt lat="42.4546734988689422607421875" lon="-6.03221808560192584991455078125">
        <ele>835</ele>
        <time>2025-10-05T08:47:14.000Z</time>
        <extensions>
          <ns3:TrackPointExtension>
            <ns3:hr>85</ns3:hr>
            <ns3:cad>57</ns3:cad>
          </ns3:TrackPointExtension>
        </extensions>
      </trkpt>
      <trkpt lat="42.454681880772113800048828125" lon="-6.03241623379290103912353515625">
        <ele>835</ele>
        <time>2025-10-05T08:47:26.000Z</time>
        <extensions>
          <ns3:TrackPointExtension>
            <ns3:hr>87</ns3:hr>
            <ns3:cad>60</ns3:cad>
          </ns3:TrackPointExtension>
        </extensions>
      </trkpt>
      <trkpt lat="42.45467609725892543792724609375" lon="-6.0326235182583332061767578125">
        <ele>835.20001220703125</ele>
        <time>2025-10-05T08:47:37.000Z</time>
        <extensions>
          <ns3:TrackPointExtension>
            <ns3:hr>86</ns3:hr>
            <ns3:cad>58</ns3:cad>
          </ns3:TrackPointExtension>
        </extensions>
      </trkpt>
      <trkpt lat="42.45466922409832477569580078125" lon="-6.0328186489641666412353515625">
        <ele>835</ele>
        <time>2025-10-05T08:47:48.000Z</time>
        <extensions>
          <ns3:TrackPointExtension>
            <ns3:hr>84</ns3:hr>
            <ns3:cad>57</ns3:cad>
          </ns3:TrackPointExtension>
        </extensions>
      </trkpt>
      <trkpt lat="42.4546552263200283050537109375" lon="-6.032959632575511932373046875">
        <ele>835.20001220703125</ele>
        <time>2025-10-05T08:47:57.000Z</time>
        <extensions>
          <ns3:TrackPointExtension>
            <ns3:hr>85</ns3:hr>
            <ns3:cad>57</ns3:cad>
          </ns3:TrackPointExtension>
        </extensions>
      </trkpt>
      <trkpt lat="42.45467207394540309906005859375" lon="-6.033146046102046966552734375">
        <ele>835</ele>
        <time>2025-10-05T08:48:08.000Z</time>
        <extensions>
          <ns3:TrackPointExtension>
            <ns3:hr>88</ns3:hr>
            <ns3:cad>59</ns3:cad>
          </ns3:TrackPointExtension>
        </extensions>
      </trkpt>
      <trkpt lat="42.45469403453171253204345703125" lon="-6.03331108577549457550048828125">
        <ele>835</ele>
        <time>2025-10-05T08:48:17.000Z</time>
        <extensions>
          <ns3:TrackPointExtension>
            <ns3:hr>88</ns3:hr>
            <ns3:cad>58</ns3:cad>
          </ns3:TrackPointExtension>
        </extensions>
      </trkpt>
      <trkpt lat="42.45468447916209697723388671875" lon="-6.03344720788300037384033203125">
        <ele>835</ele>
        <time>2025-10-05T08:48:26.000Z</time>
        <extensions>
          <ns3:TrackPointExtension>
            <ns3:hr>87</ns3:hr>
            <ns3:cad>56</ns3:cad>
          </ns3:TrackPointExtension>
        </extensions>
      </trkpt>
      <trkpt lat="42.45468548499047756195068359375" lon="-6.0334804840385913848876953125">
        <ele>834.79998779296875</ele>
        <time>2025-10-05T08:48:28.000Z</time>
        <extensions>
          <ns3:TrackPointExtension>
            <ns3:hr>88</ns3:hr>
            <ns3:cad>56</ns3:cad>
          </ns3:TrackPointExtension>
        </extensions>
      </trkpt>
      <trkpt lat="42.4547095410525798797607421875" lon="-6.03363781236112117767333984375">
        <ele>834.79998779296875</ele>
        <time>2025-10-05T08:48:37.000Z</time>
        <extensions>
          <ns3:TrackPointExtension>
            <ns3:hr>88</ns3:hr>
            <ns3:cad>59</ns3:cad>
          </ns3:TrackPointExtension>
        </extensions>
      </trkpt>
      <trkpt lat="42.45471976697444915771484375" lon="-6.033764965832233428955078125">
        <ele>835</ele>
        <time>2025-10-05T08:48:44.000Z</time>
        <extensions>
          <ns3:TrackPointExtension>
            <ns3:hr>89</ns3:hr>
            <ns3:cad>58</ns3:cad>
          </ns3:TrackPointExtension>
        </extensions>
      </trkpt>
      <trkpt lat="42.45474390685558319091796875" lon="-6.03393067605793476104736328125">
        <ele>834.79998779296875</ele>
        <time>2025-10-05T08:48:54.000Z</time>
        <extensions>
          <ns3:TrackPointExtension>
            <ns3:hr>87</ns3:hr>
            <ns3:cad>59</ns3:cad>
          </ns3:TrackPointExtension>
        </extensions>
      </trkpt>
      <trkpt lat="42.4547631852328777313232421875" lon="-6.0341064445674419403076171875">
        <ele>834.79998779296875</ele>
        <time>2025-10-05T08:49:04.000Z</time>
        <extensions>
          <ns3:TrackPointExtension>
            <ns3:hr>90</ns3:hr>
            <ns3:cad>58</ns3:cad>
          </ns3:TrackPointExtension>
        </extensions>
      </trkpt>
      <trkpt lat="42.4547809548676013946533203125" lon="-6.03431037627160549163818359375">
        <ele>834.5999755859375</ele>
        <time>2025-10-05T08:49:16.000Z</time>
        <extensions>
          <ns3:TrackPointExtension>
            <ns3:hr>91</ns3:hr>
            <ns3:cad>58</ns3:cad>
          </ns3:TrackPointExtension>
        </extensions>
      </trkpt>
      <trkpt lat="42.45479109697043895721435546875" lon="-6.0344497673213481903076171875">
        <ele>834.4000244140625</ele>
        <time>2025-10-05T08:49:24.000Z</time>
        <extensions>
          <ns3:TrackPointExtension>
            <ns3:hr>89</ns3:hr>
            <ns3:cad>59</ns3:cad>
          </ns3:TrackPointExtension>
        </extensions>
      </trkpt>
      <trkpt lat="42.45481741614639759063720703125" lon="-6.0346308164298534393310546875">
        <ele>834.4000244140625</ele>
        <time>2025-10-05T08:49:35.000Z</time>
        <extensions>
          <ns3:TrackPointExtension>
            <ns3:hr>89</ns3:hr>
            <ns3:cad>59</ns3:cad>
          </ns3:TrackPointExtension>
        </extensions>
      </trkpt>
      <trkpt lat="42.45483954437077045440673828125" lon="-6.03477439843118190765380859375">
        <ele>834.20001220703125</ele>
        <time>2025-10-05T08:49:44.000Z</time>
        <extensions>
          <ns3:TrackPointExtension>
            <ns3:hr>88</ns3:hr>
            <ns3:cad>59</ns3:cad>
          </ns3:TrackPointExtension>
        </extensions>
      </trkpt>
      <trkpt lat="42.45485681109130382537841796875" lon="-6.0348963551223278045654296875">
        <ele>834.20001220703125</ele>
        <time>2025-10-05T08:49:51.000Z</time>
        <extensions>
          <ns3:TrackPointExtension>
            <ns3:hr>93</ns3:hr>
            <ns3:cad>59</ns3:cad>
          </ns3:TrackPointExtension>
        </extensions>
      </trkpt>
      <trkpt lat="42.45485899038612842559814453125" lon="-6.03491353802382946014404296875">
        <ele>834</ele>
        <time>2025-10-05T08:49:52.000Z</time>
        <extensions>
          <ns3:TrackPointExtension>
            <ns3:hr>96</ns3:hr>
            <ns3:cad>59</ns3:cad>
          </ns3:TrackPointExtension>
        </extensions>
      </trkpt>
      <trkpt lat="42.45486636646091938018798828125" lon="-6.0349808447062969207763671875">
        <ele>834</ele>
        <time>2025-10-05T08:49:56.000Z</time>
        <extensions>
          <ns3:TrackPointExtension>
            <ns3:hr>98</ns3:hr>
            <ns3:cad>59</ns3:cad>
          </ns3:TrackPointExtension>
        </extensions>
      </trkpt>
      <trkpt lat="42.4548902548849582672119140625" lon="-6.03518544696271419525146484375">
        <ele>834</ele>
        <time>2025-10-05T08:50:08.000Z</time>
        <extensions>
          <ns3:TrackPointExtension>
            <ns3:hr>98</ns3:hr>
            <ns3:cad>59</ns3:cad>
          </ns3:TrackPointExtension>
        </extensions>
      </trkpt>
      <trkpt lat="42.45491481386125087738037109375" lon="-6.0353751294314861297607421875">
        <ele>833.79998779296875</ele>
        <time>2025-10-05T08:50:19.000Z</time>
        <extensions>
          <ns3:TrackPointExtension>
            <ns3:hr>98</ns3:hr>
            <ns3:cad>59</ns3:cad>
          </ns3:TrackPointExtension>
        </extensions>
      </trkpt>
      <trkpt lat="42.45493032038211822509765625" lon="-6.0354981757700443267822265625">
        <ele>833.79998779296875</ele>
        <time>2025-10-05T08:50:26.000Z</time>
        <extensions>
          <ns3:TrackPointExtension>
            <ns3:hr>96</ns3:hr>
            <ns3:cad>58</ns3:cad>
          </ns3:TrackPointExtension>
        </extensions>
      </trkpt>
      <trkpt lat="42.45492990128695964813232421875" lon="-6.03555123321712017059326171875">
        <ele>833.79998779296875</ele>
        <time>2025-10-05T08:50:29.000Z</time>
        <extensions>
          <ns3:TrackPointExtension>
            <ns3:hr>95</ns3:hr>
            <ns3:cad>59</ns3:cad>
          </ns3:TrackPointExtension>
        </extensions>
      </trkpt>
      <trkpt lat="42.4549516104161739349365234375" lon="-6.035726331174373626708984375">
        <ele>833.5999755859375</ele>
        <time>2025-10-05T08:50:39.000Z</time>
        <extensions>
          <ns3:TrackPointExtension>
            <ns3:hr>98</ns3:hr>
            <ns3:cad>58</ns3:cad>
          </ns3:TrackPointExtension>
        </extensions>
      </trkpt>
      <trkpt lat="42.454954124987125396728515625" lon="-6.03574150241911411285400390625">
        <ele>833.5999755859375</ele>
        <time>2025-10-05T08:50:40.000Z</time>
        <extensions>
          <ns3:TrackPointExtension>
            <ns3:hr>98</ns3:hr>
            <ns3:cad>58</ns3:cad>
          </ns3:TrackPointExtension>
        </extensions>
      </trkpt>
      <trkpt lat="42.4549750797450542449951171875" lon="-6.03591836057603359222412109375">
        <ele>833.5999755859375</ele>
        <time>2025-10-05T08:50:51.000Z</time>
        <extensions>
          <ns3:TrackPointExtension>
            <ns3:hr>99</ns3:hr>
            <ns3:cad>59</ns3:cad>
          </ns3:TrackPointExtension>
        </extensions>
      </trkpt>
      <trkpt lat="42.45498589240014553070068359375" lon="-6.03612036444246768951416015625">
        <ele>833.5999755859375</ele>
        <time>2025-10-05T08:51:02.000Z</time>
        <extensions>
          <ns3:TrackPointExtension>
            <ns3:hr>98</ns3:hr>
            <ns3:cad>58</ns3:cad>
          </ns3:TrackPointExtension>
        </extensions>
      </trkpt>
      <trkpt lat="42.45500617660582065582275390625" lon="-6.0362807102501392364501953125">
        <ele>833.5999755859375</ele>
        <time>2025-10-05T08:51:12.000Z</time>
        <extensions>
          <ns3:TrackPointExtension>
            <ns3:hr>95</ns3:hr>
            <ns3:cad>58</ns3:cad>
          </ns3:TrackPointExtension>
        </extensions>
      </trkpt>
      <trkpt lat="42.4550149776041507720947265625" lon="-6.0363128967583179473876953125">
        <ele>833.5999755859375</ele>
        <time>2025-10-05T08:51:14.000Z</time>
        <extensions>
          <ns3:TrackPointExtension>
            <ns3:hr>95</ns3:hr>
            <ns3:cad>59</ns3:cad>
          </ns3:TrackPointExtension>
        </extensions>
      </trkpt>
      <trkpt lat="42.45503702200949192047119140625" lon="-6.03646804578602313995361328125">
        <ele>833.5999755859375</ele>
        <time>2025-10-05T08:51:23.000Z</time>
        <extensions>
          <ns3:TrackPointExtension>
            <ns3:hr>93</ns3:hr>
            <ns3:cad>58</ns3:cad>
          </ns3:TrackPointExtension>
        </extensions>
      </trkpt>
      <trkpt lat="42.455058395862579345703125" lon="-6.0366481728851795196533203125">
        <ele>833.4000244140625</ele>
        <time>2025-10-05T08:51:34.000Z</time>
        <extensions>
          <ns3:TrackPointExtension>
            <ns3:hr>92</ns3:hr>
            <ns3:cad>58</ns3:cad>
          </ns3:TrackPointExtension>
        </extensions>
      </trkpt>
      <trkpt lat="42.45507440529763698577880859375" lon="-6.0367340035736560821533203125">
        <ele>833.4000244140625</ele>
        <time>2025-10-05T08:51:39.000Z</time>
        <extensions>
          <ns3:TrackPointExtension>
            <ns3:hr>87</ns3:hr>
            <ns3:cad>58</ns3:cad>
          </ns3:TrackPointExtension>
        </extensions>
      </trkpt>
      <trkpt lat="42.45508831925690174102783203125" lon="-6.03681975044310092926025390625">
        <ele>833.4000244140625</ele>
        <time>2025-10-05T08:51:44.000Z</time>
        <extensions>
          <ns3:TrackPointExtension>
            <ns3:hr>86</ns3:hr>
            <ns3:cad>59</ns3:cad>
          </ns3:TrackPointExtension>
        </extensions>
      </trkpt>
      <trkpt lat="42.4551031552255153656005859375" lon="-6.03696626611053943634033203125">
        <ele>833.4000244140625</ele>
        <time>2025-10-05T08:51:52.000Z</time>
        <extensions>
          <ns3:TrackPointExtension>
            <ns3:hr>85</ns3:hr>
            <ns3:cad>58</ns3:cad>
          </ns3:TrackPointExtension>
        </extensions>
      </trkpt>
      <trkpt lat="42.45513760484755039215087890625" lon="-6.03710624389350414276123046875">
        <ele>833.4000244140625</ele>
        <time>2025-10-05T08:52:01.000Z</time>
        <extensions>
          <ns3:TrackPointExtension>
            <ns3:hr>82</ns3:hr>
            <ns3:cad>58</ns3:cad>
          </ns3:TrackPointExtension>
        </extensions>
      </trkpt>
      <trkpt lat="42.45514732785522937774658203125" lon="-6.03713415563106536865234375">
        <ele>833.4000244140625</ele>
        <time>2025-10-05T08:52:03.000Z</time>
        <extensions>
          <ns3:TrackPointExtension>
            <ns3:hr>83</ns3:hr>
            <ns3:cad>58</ns3:cad>
          </ns3:TrackPointExtension>
        </extensions>
      </trkpt>
      <trkpt lat="42.45518890209496021270751953125" lon="-6.03729433380067348480224609375">
        <ele>833.5999755859375</ele>
        <time>2025-10-05T08:52:13.000Z</time>
        <extensions>
          <ns3:TrackPointExtension>
            <ns3:hr>84</ns3:hr>
            <ns3:cad>57</ns3:cad>
          </ns3:TrackPointExtension>
        </extensions>
      </trkpt>
      <trkpt lat="42.4552050791680812835693359375" lon="-6.0374605469405651092529296875">
        <ele>833.20001220703125</ele>
        <time>2025-10-05T08:52:22.000Z</time>
        <extensions>
          <ns3:TrackPointExtension>
            <ns3:hr>84</ns3:hr>
            <ns3:cad>57</ns3:cad>
          </ns3:TrackPointExtension>
        </extensions>
      </trkpt>
      <trkpt lat="42.45522745884954929351806640625" lon="-6.03755249641835689544677734375">
        <ele>833.20001220703125</ele>
        <time>2025-10-05T08:52:28.000Z</time>
        <extensions>
          <ns3:TrackPointExtension>
            <ns3:hr>84</ns3:hr>
            <ns3:cad>58</ns3:cad>
          </ns3:TrackPointExtension>
        </extensions>
      </trkpt>
      <trkpt lat="42.4552501738071441650390625" lon="-6.0376752912998199462890625">
        <ele>833.20001220703125</ele>
        <time>2025-10-05T08:52:36.000Z</time>
        <extensions>
          <ns3:TrackPointExtension>
            <ns3:hr>84</ns3:hr>
            <ns3:cad>59</ns3:cad>
          </ns3:TrackPointExtension>
        </extensions>
      </trkpt>
      <trkpt lat="42.455263920128345489501953125" lon="-6.03778786025941371917724609375">
        <ele>833.20001220703125</ele>
        <time>2025-10-05T08:52:43.000Z</time>
        <extensions>
          <ns3:TrackPointExtension>
            <ns3:hr>84</ns3:hr>
            <ns3:cad>58</ns3:cad>
          </ns3:TrackPointExtension>
        </extensions>
      </trkpt>
      <trkpt lat="42.4553009681403636932373046875" lon="-6.0379664786159992218017578125">
        <ele>833.20001220703125</ele>
        <time>2025-10-05T08:52:53.000Z</time>
        <extensions>
          <ns3:TrackPointExtension>
            <ns3:hr>85</ns3:hr>
            <ns3:cad>57</ns3:cad>
          </ns3:TrackPointExtension>
        </extensions>
      </trkpt>
      <trkpt lat="42.455321587622165679931640625" lon="-6.03811844252049922943115234375">
        <ele>833.20001220703125</ele>
        <time>2025-10-05T08:53:02.000Z</time>
        <extensions>
          <ns3:TrackPointExtension>
            <ns3:hr>85</ns3:hr>
            <ns3:cad>58</ns3:cad>
          </ns3:TrackPointExtension>
        </extensions>
      </trkpt>
      <trkpt lat="42.4553405307233333587646484375" lon="-6.03831793181598186492919921875">
        <ele>833</ele>
        <time>2025-10-05T08:53:14.000Z</time>
        <extensions>
          <ns3:TrackPointExtension>
            <ns3:hr>86</ns3:hr>
            <ns3:cad>59</ns3:cad>
          </ns3:TrackPointExtension>
        </extensions>
      </trkpt>
      <trkpt lat="42.45536056347191333770751953125" lon="-6.03849546052515506744384765625">
        <ele>833.20001220703125</ele>
        <time>2025-10-05T08:53:24.000Z</time>
        <extensions>
          <ns3:TrackPointExtension>
            <ns3:hr>86</ns3:hr>
            <ns3:cad>59</ns3:cad>
          </ns3:TrackPointExtension>
        </extensions>
      </trkpt>
      <trkpt lat="42.45538788847625255584716796875" lon="-6.038694195449352264404296875">
        <ele>833.20001220703125</ele>
        <time>2025-10-05T08:53:36.000Z</time>
        <extensions>
          <ns3:TrackPointExtension>
            <ns3:hr>86</ns3:hr>
            <ns3:cad>58</ns3:cad>
          </ns3:TrackPointExtension>
        </extensions>
      </trkpt>
      <trkpt lat="42.45541756041347980499267578125" lon="-6.03884465061128139495849609375">
        <ele>833.20001220703125</ele>
        <time>2025-10-05T08:53:45.000Z</time>
        <extensions>
          <ns3:TrackPointExtension>
            <ns3:hr>87</ns3:hr>
            <ns3:cad>59</ns3:cad>
          </ns3:TrackPointExtension>
        </extensions>
      </trkpt>
      <trkpt lat="42.4554397724568843841552734375" lon="-6.03904346935451030731201171875">
        <ele>833.20001220703125</ele>
        <time>2025-10-05T08:53:56.000Z</time>
        <extensions>
          <ns3:TrackPointExtension>
            <ns3:hr>86</ns3:hr>
            <ns3:cad>59</ns3:cad>
          </ns3:TrackPointExtension>
        </extensions>
      </trkpt>
      <trkpt lat="42.45545511133968830108642578125" lon="-6.039179675281047821044921875">
        <ele>833</ele>
        <time>2025-10-05T08:54:04.000Z</time>
        <extensions>
          <ns3:TrackPointExtension>
            <ns3:hr>89</ns3:hr>
            <ns3:cad>59</ns3:cad>
          </ns3:TrackPointExtension>
        </extensions>
      </trkpt>
      <trkpt lat="42.45545737445354461669921875" lon="-6.0392126999795436859130859375">
        <ele>833</ele>
        <time>2025-10-05T08:54:06.000Z</time>
        <extensions>
          <ns3:TrackPointExtension>
            <ns3:hr>90</ns3:hr>
            <ns3:cad>59</ns3:cad>
          </ns3:TrackPointExtension>
        </extensions>
      </trkpt>
      <trkpt lat="42.4554850347340106964111328125" lon="-6.03938293643295764923095703125">
        <ele>833</ele>
        <time>2025-10-05T08:54:16.000Z</time>
        <extensions>
          <ns3:TrackPointExtension>
            <ns3:hr>91</ns3:hr>
            <ns3:cad>58</ns3:cad>
          </ns3:TrackPointExtension>
        </extensions>
      </trkpt>
      <trkpt lat="42.4554964341223239898681640625" lon="-6.0394537635147571563720703125">
        <ele>833.20001220703125</ele>
        <time>2025-10-05T08:54:20.000Z</time>
        <extensions>
          <ns3:TrackPointExtension>
            <ns3:hr>94</ns3:hr>
            <ns3:cad>59</ns3:cad>
          </ns3:TrackPointExtension>
        </extensions>
      </trkpt>
      <trkpt lat="42.4555172212421894073486328125" lon="-6.03958158753812313079833984375">
        <ele>833</ele>
        <time>2025-10-05T08:54:27.000Z</time>
        <extensions>
          <ns3:TrackPointExtension>
            <ns3:hr>96</ns3:hr>
            <ns3:cad>58</ns3:cad>
          </ns3:TrackPointExtension>
        </extensions>
      </trkpt>
      <trkpt lat="42.45554295368492603302001953125" lon="-6.03976263664662837982177734375">
        <ele>833</ele>
        <time>2025-10-05T08:54:38.000Z</time>
        <extensions>
          <ns3:TrackPointExtension>
            <ns3:hr>98</ns3:hr>
            <ns3:cad>59</ns3:cad>
          </ns3:TrackPointExtension>
        </extensions>
      </trkpt>
      <trkpt lat="42.455556951463222503662109375" lon="-6.0399358905851840972900390625">
        <ele>833</ele>
        <time>2025-10-05T08:54:48.000Z</time>
        <extensions>
          <ns3:TrackPointExtension>
            <ns3:hr>97</ns3:hr>
            <ns3:cad>59</ns3:cad>
          </ns3:TrackPointExtension>
        </extensions>
      </trkpt>
      <trkpt lat="42.45558586902916431427001953125" lon="-6.04012507013976573944091796875">
        <ele>833</ele>
        <time>2025-10-05T08:54:59.000Z</time>
        <extensions>
          <ns3:TrackPointExtension>
            <ns3:hr>97</ns3:hr>
            <ns3:cad>59</ns3:cad>
          </ns3:TrackPointExtension>
        </extensions>
      </trkpt>
      <trkpt lat="42.45561428368091583251953125" lon="-6.04028130881488323211669921875">
        <ele>833</ele>
        <time>2025-10-05T08:55:08.000Z</time>
        <extensions>
          <ns3:TrackPointExtension>
            <ns3:hr>97</ns3:hr>
            <ns3:cad>59</ns3:cad>
          </ns3:TrackPointExtension>
        </extensions>
      </trkpt>
      <trkpt lat="42.4556439556181430816650390625" lon="-6.04043754749000072479248046875">
        <ele>833.20001220703125</ele>
        <time>2025-10-05T08:55:18.000Z</time>
        <extensions>
          <ns3:TrackPointExtension>
            <ns3:hr>96</ns3:hr>
            <ns3:cad>58</ns3:cad>
          </ns3:TrackPointExtension>
        </extensions>
      </trkpt>
      <trkpt lat="42.45565275661647319793701171875" lon="-6.0406399704515933990478515625">
        <ele>833</ele>
        <time>2025-10-05T08:55:30.000Z</time>
        <extensions>
          <ns3:TrackPointExtension>
            <ns3:hr>99</ns3:hr>
            <ns3:cad>59</ns3:cad>
          </ns3:TrackPointExtension>
        </extensions>
      </trkpt>
      <trkpt lat="42.4556647427380084991455078125" lon="-6.0407717339694499969482421875">
        <ele>833</ele>
        <time>2025-10-05T08:55:37.000Z</time>
        <extensions>
          <ns3:TrackPointExtension>
            <ns3:hr>102</ns3:hr>
            <ns3:cad>59</ns3:cad>
          </ns3:TrackPointExtension>
        </extensions>
      </trkpt>
      <trkpt lat="42.45568024925887584686279296875" lon="-6.04085714556276798248291015625">
        <ele>833</ele>
        <time>2025-10-05T08:55:42.000Z</time>
        <extensions>
          <ns3:TrackPointExtension>
            <ns3:hr>102</ns3:hr>
            <ns3:cad>58</ns3:cad>
          </ns3:TrackPointExtension>
        </extensions>
      </trkpt>
      <trkpt lat="42.45570681989192962646484375" lon="-6.0409866459667682647705078125">
        <ele>833</ele>
        <time>2025-10-05T08:55:50.000Z</time>
        <extensions>
          <ns3:TrackPointExtension>
            <ns3:hr>102</ns3:hr>
            <ns3:cad>58</ns3:cad>
          </ns3:TrackPointExtension>
        </extensions>
      </trkpt>
      <trkpt lat="42.455731965601444244384765625" lon="-6.0411566309630870819091796875">
        <ele>833.20001220703125</ele>
        <time>2025-10-05T08:56:00.000Z</time>
        <extensions>
          <ns3:TrackPointExtension>
            <ns3:hr>103</ns3:hr>
            <ns3:cad>58</ns3:cad>
          </ns3:TrackPointExtension>
        </extensions>
      </trkpt>
      <trkpt lat="42.455748729407787322998046875" lon="-6.04127791710197925567626953125">
        <ele>833</ele>
        <time>2025-10-05T08:56:07.000Z</time>
        <extensions>
          <ns3:TrackPointExtension>
            <ns3:hr>100</ns3:hr>
            <ns3:cad>58</ns3:cad>
          </ns3:TrackPointExtension>
        </extensions>
      </trkpt>
      <trkpt lat="42.45575702749192714691162109375" lon="-6.04132954962551593780517578125">
        <ele>833</ele>
        <time>2025-10-05T08:56:10.000Z</time>
        <extensions>
          <ns3:TrackPointExtension>
            <ns3:hr>100</ns3:hr>
            <ns3:cad>58</ns3:cad>
          </ns3:TrackPointExtension>
        </extensions>
      </trkpt>
      <trkpt lat="42.45578460395336151123046875" lon="-6.04147606529295444488525390625">
        <ele>833</ele>
        <time>2025-10-05T08:56:19.000Z</time>
        <extensions>
          <ns3:TrackPointExtension>
            <ns3:hr>99</ns3:hr>
            <ns3:cad>57</ns3:cad>
          </ns3:TrackPointExtension>
        </extensions>
      </trkpt>
      <trkpt lat="42.45580681599676609039306640625" lon="-6.04164429008960723876953125">
        <ele>833</ele>
        <time>2025-10-05T08:56:29.000Z</time>
        <extensions>
          <ns3:TrackPointExtension>
            <ns3:hr>99</ns3:hr>
            <ns3:cad>57</ns3:cad>
          </ns3:TrackPointExtension>
        </extensions>
      </trkpt>
      <trkpt lat="42.45581544935703277587890625" lon="-6.04175560176372528076171875">
        <ele>833</ele>
        <time>2025-10-05T08:56:35.000Z</time>
        <extensions>
          <ns3:TrackPointExtension>
            <ns3:hr>96</ns3:hr>
            <ns3:cad>58</ns3:cad>
          </ns3:TrackPointExtension>
        </extensions>
      </trkpt>
      <trkpt lat="42.45581888593733310699462890625" lon="-6.0417879559099674224853515625">
        <ele>832.79998779296875</ele>
        <time>2025-10-05T08:56:37.000Z</time>
        <extensions>
          <ns3:TrackPointExtension>
            <ns3:hr>95</ns3:hr>
            <ns3:cad>57</ns3:cad>
          </ns3:TrackPointExtension>
        </extensions>
      </trkpt>
      <trkpt lat="42.45584185235202312469482421875" lon="-6.0419441945850849151611328125">
        <ele>832.79998779296875</ele>
        <time>2025-10-05T08:56:46.000Z</time>
        <extensions>
          <ns3:TrackPointExtension>
            <ns3:hr>93</ns3:hr>
            <ns3:cad>0</ns3:cad>
          </ns3:TrackPointExtension>
        </extensions>
      </trkpt>
      <trkpt lat="42.45584889315068721771240234375" lon="-6.04197512380778789520263671875">
        <ele>832.79998779296875</ele>
        <time>2025-10-05T08:56:48.000Z</time>
        <extensions>
          <ns3:TrackPointExtension>
            <ns3:hr>93</ns3:hr>
            <ns3:cad>0</ns3:cad>
          </ns3:TrackPointExtension>
        </extensions>
      </trkpt>
      <trkpt lat="42.455875463783740997314453125" lon="-6.04214209131896495819091796875">
        <ele>833</ele>
        <time>2025-10-05T08:56:59.000Z</time>
        <extensions>
          <ns3:TrackPointExtension>
            <ns3:hr>96</ns3:hr>
            <ns3:cad>57</ns3:cad>
          </ns3:TrackPointExtension>
        </extensions>
      </trkpt>
      <trkpt lat="42.4558984301984310150146484375" lon="-6.04238365776836872100830078125">
        <ele>833</ele>
        <time>2025-10-05T08:57:12.000Z</time>
        <extensions>
          <ns3:TrackPointExtension>
            <ns3:hr>95</ns3:hr>
            <ns3:cad>58</ns3:cad>
          </ns3:TrackPointExtension>
        </extensions>
      </trkpt>
      <trkpt lat="42.4559255875647068023681640625" lon="-6.0426056943833827972412109375">
        <ele>832.5999755859375</ele>
        <time>2025-10-05T08:57:25.000Z</time>
        <extensions>
          <ns3:TrackPointExtension>
            <ns3:hr>95</ns3:hr>
            <ns3:cad>57</ns3:cad>
          </ns3:TrackPointExtension>
        </extensions>
      </trkpt>
      <trkpt lat="42.45589583180844783782958984375" lon="-6.042786575853824615478515625">
        <ele>832.5999755859375</ele>
        <time>2025-10-05T08:57:36.000Z</time>
        <extensions>
          <ns3:TrackPointExtension>
            <ns3:hr>94</ns3:hr>
            <ns3:cad>58</ns3:cad>
          </ns3:TrackPointExtension>
        </extensions>
      </trkpt>
      <trkpt lat="42.4558528326451778411865234375" lon="-6.0429278947412967681884765625">
        <ele>832.5999755859375</ele>
        <time>2025-10-05T08:57:44.000Z</time>
        <extensions>
          <ns3:TrackPointExtension>
            <ns3:hr>96</ns3:hr>
            <ns3:cad>59</ns3:cad>
          </ns3:TrackPointExtension>
        </extensions>
      </trkpt>
      <trkpt lat="42.45582425035536289215087890625" lon="-6.043066866695880889892578125">
        <ele>832.5999755859375</ele>
        <time>2025-10-05T08:57:52.000Z</time>
        <extensions>
          <ns3:TrackPointExtension>
            <ns3:hr>93</ns3:hr>
            <ns3:cad>58</ns3:cad>
          </ns3:TrackPointExtension>
        </extensions>
      </trkpt>
      <trkpt lat="42.45581838302314281463623046875" lon="-6.0431270487606525421142578125">
        <ele>832.5999755859375</ele>
        <time>2025-10-05T08:57:56.000Z</time>
        <extensions>
          <ns3:TrackPointExtension>
            <ns3:hr>94</ns3:hr>
            <ns3:cad>57</ns3:cad>
          </ns3:TrackPointExtension>
        </extensions>
      </trkpt>
      <trkpt lat="42.45578535832464694976806640625" lon="-6.0432842932641506195068359375">
        <ele>832.5999755859375</ele>
        <time>2025-10-05T08:58:06.000Z</time>
        <extensions>
          <ns3:TrackPointExtension>
            <ns3:hr>94</ns3:hr>
            <ns3:cad>57</ns3:cad>
          </ns3:TrackPointExtension>
        </extensions>
      </trkpt>
      <trkpt lat="42.45576892979443073272705078125" lon="-6.04344405233860015869140625">
        <ele>832.20001220703125</ele>
        <time>2025-10-05T08:58:15.000Z</time>
        <extensions>
          <ns3:TrackPointExtension>
            <ns3:hr>95</ns3:hr>
            <ns3:cad>57</ns3:cad>
          </ns3:TrackPointExtension>
        </extensions>
      </trkpt>
      <trkpt lat="42.45581368915736675262451171875" lon="-6.0435793362557888031005859375">
        <ele>833</ele>
        <time>2025-10-05T08:58:25.000Z</time>
        <extensions>
          <ns3:TrackPointExtension>
            <ns3:hr>93</ns3:hr>
            <ns3:cad>56</ns3:cad>
          </ns3:TrackPointExtension>
        </extensions>
      </trkpt>
      <trkpt lat="42.45586213655769824981689453125" lon="-6.043689809739589691162109375">
        <ele>833.20001220703125</ele>
        <time>2025-10-05T08:58:35.000Z</time>
        <extensions>
          <ns3:TrackPointExtension>
            <ns3:hr>93</ns3:hr>
            <ns3:cad>51</ns3:cad>
          </ns3:TrackPointExtension>
        </extensions>
      </trkpt>
      <trkpt lat="42.455898262560367584228515625" lon="-6.0437774844467639923095703125">
        <ele>833</ele>
        <time>2025-10-05T08:58:42.000Z</time>
        <extensions>
          <ns3:TrackPointExtension>
            <ns3:hr>96</ns3:hr>
            <ns3:cad>53</ns3:cad>
          </ns3:TrackPointExtension>
        </extensions>
      </trkpt>
      <trkpt lat="42.45590840466320514678955078125" lon="-6.04381578974425792694091796875">
        <ele>832.5999755859375</ele>
        <time>2025-10-05T08:58:45.000Z</time>
        <extensions>
          <ns3:TrackPointExtension>
            <ns3:hr>96</ns3:hr>
            <ns3:cad>53</ns3:cad>
          </ns3:TrackPointExtension>
        </extensions>
      </trkpt>
      <trkpt lat="42.4559099972248077392578125" lon="-6.0438874550163745880126953125">
        <ele>831.79998779296875</ele>
        <time>2025-10-05T08:58:50.000Z</time>
        <extensions>
          <ns3:TrackPointExtension>
            <ns3:hr>96</ns3:hr>
            <ns3:cad>55</ns3:cad>
          </ns3:TrackPointExtension>
        </extensions>
      </trkpt>
      <trkpt lat="42.45589046739041805267333984375" lon="-6.04393347166478633880615234375">
        <ele>831.79998779296875</ele>
        <time>2025-10-05T08:58:53.000Z</time>
        <extensions>
          <ns3:TrackPointExtension>
            <ns3:hr>95</ns3:hr>
            <ns3:cad>56</ns3:cad>
          </ns3:TrackPointExtension>
        </extensions>
      </trkpt>
      <trkpt lat="42.45580480434000492095947265625" lon="-6.04403405450284481048583984375">
        <ele>831.5999755859375</ele>
        <time>2025-10-05T08:59:02.000Z</time>
        <extensions>
          <ns3:TrackPointExtension>
            <ns3:hr>94</ns3:hr>
            <ns3:cad>57</ns3:cad>
          </ns3:TrackPointExtension>
        </extensions>
      </trkpt>
      <trkpt lat="42.4556469731032848358154296875" lon="-6.04413111694157123565673828125">
        <ele>831.79998779296875</ele>
        <time>2025-10-05T08:59:15.000Z</time>
        <extensions>
          <ns3:TrackPointExtension>
            <ns3:hr>92</ns3:hr>
            <ns3:cad>59</ns3:cad>
          </ns3:TrackPointExtension>
        </extensions>
      </trkpt>
      <trkpt lat="42.45551546104252338409423828125" lon="-6.04422834701836109161376953125">
        <ele>831.5999755859375</ele>
        <time>2025-10-05T08:59:27.000Z</time>
        <extensions>
          <ns3:TrackPointExtension>
            <ns3:hr>90</ns3:hr>
            <ns3:cad>58</ns3:cad>
          </ns3:TrackPointExtension>
        </extensions>
      </trkpt>
      <trkpt lat="42.4553784169256687164306640625" lon="-6.0443085618317127227783203125">
        <ele>831.4000244140625</ele>
        <time>2025-10-05T08:59:38.000Z</time>
        <extensions>
          <ns3:TrackPointExtension>
            <ns3:hr>90</ns3:hr>
            <ns3:cad>59</ns3:cad>
          </ns3:TrackPointExtension>
        </extensions>
      </trkpt>
      <trkpt lat="42.45525646023452281951904296875" lon="-6.04436715133488178253173828125">
        <ele>831</ele>
        <time>2025-10-05T08:59:48.000Z</time>
        <extensions>
          <ns3:TrackPointExtension>
            <ns3:hr>91</ns3:hr>
            <ns3:cad>59</ns3:cad>
          </ns3:TrackPointExtension>
        </extensions>
      </trkpt>
      <trkpt lat="42.45513240806758403778076171875" lon="-6.04439891874790191650390625">
        <ele>831.4000244140625</ele>
        <time>2025-10-05T08:59:58.000Z</time>
        <extensions>
          <ns3:TrackPointExtension>
            <ns3:hr>90</ns3:hr>
            <ns3:cad>58</ns3:cad>
          </ns3:TrackPointExtension>
        </extensions>
      </trkpt>
      <trkpt lat="42.455021850764751434326171875" lon="-6.0443910397589206695556640625">
        <ele>831.4000244140625</ele>
        <time>2025-10-05T09:00:07.000Z</time>
        <extensions>
          <ns3:TrackPointExtension>
            <ns3:hr>90</ns3:hr>
            <ns3:cad>59</ns3:cad>
          </ns3:TrackPointExtension>
        </extensions>
      </trkpt>
      <trkpt lat="42.4548671208322048187255859375" lon="-6.04438642971217632293701171875">
        <ele>831.5999755859375</ele>
        <time>2025-10-05T09:00:20.000Z</time>
        <extensions>
          <ns3:TrackPointExtension>
            <ns3:hr>91</ns3:hr>
            <ns3:cad>57</ns3:cad>
          </ns3:TrackPointExtension>
        </extensions>
      </trkpt>
      <trkpt lat="42.45482437312602996826171875" lon="-6.04440470226109027862548828125">
        <ele>832</ele>
        <time>2025-10-05T09:00:28.000Z</time>
        <extensions>
          <ns3:TrackPointExtension>
            <ns3:hr>93</ns3:hr>
            <ns3:cad>0</ns3:cad>
          </ns3:TrackPointExtension>
        </extensions>
      </trkpt>
      <trkpt lat="42.45482076890766620635986328125" lon="-6.04439891874790191650390625">
        <ele>831.5999755859375</ele>
        <time>2025-10-05T09:00:38.000Z</time>
        <extensions>
          <ns3:TrackPointExtension>
            <ns3:hr>90</ns3:hr>
            <ns3:cad>0</ns3:cad>
          </ns3:TrackPointExtension>
        </extensions>
      </trkpt>
      <trkpt lat="42.45476108975708484649658203125" lon="-6.0443685762584209442138671875">
        <ele>831.5999755859375</ele>
        <time>2025-10-05T09:00:44.000Z</time>
        <extensions>
          <ns3:TrackPointExtension>
            <ns3:hr>90</ns3:hr>
            <ns3:cad>57</ns3:cad>
          </ns3:TrackPointExtension>
        </extensions>
      </trkpt>
      <trkpt lat="42.45472270064055919647216796875" lon="-6.04434200562536716461181640625">
        <ele>831.5999755859375</ele>
        <time>2025-10-05T09:00:51.000Z</time>
        <extensions>
          <ns3:TrackPointExtension>
            <ns3:hr>91</ns3:hr>
            <ns3:cad>0</ns3:cad>
          </ns3:TrackPointExtension>
        </extensions>
      </trkpt>
      <trkpt lat="42.45472756214439868927001953125" lon="-6.04442381300032138824462890625">
        <ele>831.5999755859375</ele>
        <time>2025-10-05T09:00:57.000Z</time>
        <extensions>
          <ns3:TrackPointExtension>
            <ns3:hr>91</ns3:hr>
            <ns3:cad>53</ns3:cad>
          </ns3:TrackPointExtension>
        </extensions>
      </trkpt>
      <trkpt lat="42.45471901260316371917724609375" lon="-6.04455004446208477020263671875">
        <ele>832</ele>
        <time>2025-10-05T09:01:06.000Z</time>
        <extensions>
          <ns3:TrackPointExtension>
            <ns3:hr>91</ns3:hr>
            <ns3:cad>50</ns3:cad>
          </ns3:TrackPointExtension>
        </extensions>
      </trkpt>
      <trkpt lat="42.45471800677478313446044921875" lon="-6.04455809108912944793701171875">
        <ele>832.20001220703125</ele>
        <time>2025-10-05T09:01:13.000Z</time>
        <extensions>
          <ns3:TrackPointExtension>
            <ns3:hr>91</ns3:hr>
            <ns3:cad>0</ns3:cad>
          </ns3:TrackPointExtension>
        </extensions>
      </trkpt>
      <trkpt lat="42.45471800677478313446044921875" lon="-6.04455809108912944793701171875">
        <ele>832</ele>
        <time>2025-10-05T09:01:15.000Z</time>
        <extensions>
          <ns3:TrackPointExtension>
            <ns3:hr>88</ns3:hr>
            <ns3:cad>0</ns3:cad>
          </ns3:TrackPointExtension>
        </extensions>
      </trkpt>
      <trkpt lat="42.45470191352069377899169921875" lon="-6.04459547437727451324462890625">
        <ele>831.79998779296875</ele>
        <time>2025-10-05T09:01:22.000Z</time>
        <extensions>
          <ns3:TrackPointExtension>
            <ns3:hr>87</ns3:hr>
            <ns3:cad>0</ns3:cad>
          </ns3:TrackPointExtension>
        </extensions>
      </trkpt>
      <trkpt lat="42.4547008238732814788818359375" lon="-6.0446029342710971832275390625">
        <ele>832.20001220703125</ele>
        <time>2025-10-05T09:01:31.000Z</time>
        <extensions>
          <ns3:TrackPointExtension>
            <ns3:hr>87</ns3:hr>
            <ns3:cad>0</ns3:cad>
          </ns3:TrackPointExtension>
        </extensions>
      </trkpt>
      <trkpt lat="42.4546750076115131378173828125" lon="-6.0446253977715969085693359375">
        <ele>831.5999755859375</ele>
        <time>2025-10-05T09:01:39.000Z</time>
        <extensions>
          <ns3:TrackPointExtension>
            <ns3:hr>86</ns3:hr>
            <ns3:cad>0</ns3:cad>
          </ns3:TrackPointExtension>
        </extensions>
      </trkpt>
      <trkpt lat="42.454627566039562225341796875" lon="-6.04465699754655361175537109375">
        <ele>831.79998779296875</ele>
        <time>2025-10-05T09:01:45.000Z</time>
        <extensions>
          <ns3:TrackPointExtension>
            <ns3:hr>86</ns3:hr>
            <ns3:cad>56</ns3:cad>
          </ns3:TrackPointExtension>
        </extensions>
      </trkpt>
      <trkpt lat="42.45462412945926189422607421875" lon="-6.0446478612720966339111328125">
        <ele>832</ele>
        <time>2025-10-05T09:01:46.000Z</time>
        <extensions>
          <ns3:TrackPointExtension>
            <ns3:hr>86</ns3:hr>
            <ns3:cad>56</ns3:cad>
          </ns3:TrackPointExtension>
        </extensions>
      </trkpt>
      <trkpt lat="42.4545506201684474945068359375" lon="-6.04457192122936248779296875">
        <ele>832.20001220703125</ele>
        <time>2025-10-05T09:01:55.000Z</time>
        <extensions>
          <ns3:TrackPointExtension>
            <ns3:hr>86</ns3:hr>
            <ns3:cad>56</ns3:cad>
          </ns3:TrackPointExtension>
        </extensions>
      </trkpt>
      <trkpt lat="42.454467304050922393798828125" lon="-6.04447494260966777801513671875">
        <ele>832.79998779296875</ele>
        <time>2025-10-05T09:02:03.000Z</time>
        <extensions>
          <ns3:TrackPointExtension>
            <ns3:hr>87</ns3:hr>
            <ns3:cad>55</ns3:cad>
          </ns3:TrackPointExtension>
        </extensions>
      </trkpt>
      <trkpt lat="42.45445984415709972381591796875" lon="-6.044462956488132476806640625">
        <ele>832.79998779296875</ele>
        <time>2025-10-05T09:02:04.000Z</time>
        <extensions>
          <ns3:TrackPointExtension>
            <ns3:hr>87</ns3:hr>
            <ns3:cad>55</ns3:cad>
          </ns3:TrackPointExtension>
        </extensions>
      </trkpt>
      <trkpt lat="42.45444408617913722991943359375" lon="-6.04443621821701526641845703125">
        <ele>833.20001220703125</ele>
        <time>2025-10-05T09:02:07.000Z</time>
        <extensions>
          <ns3:TrackPointExtension>
            <ns3:hr>90</ns3:hr>
            <ns3:cad>54</ns3:cad>
          </ns3:TrackPointExtension>
        </extensions>
      </trkpt>
      <trkpt lat="42.454446852207183837890625" lon="-6.04442968033254146575927734375">
        <ele>833.4000244140625</ele>
        <time>2025-10-05T09:02:09.000Z</time>
        <extensions>
          <ns3:TrackPointExtension>
            <ns3:hr>91</ns3:hr>
            <ns3:cad>54</ns3:cad>
          </ns3:TrackPointExtension>
        </extensions>
      </trkpt>
      <trkpt lat="42.45445665903389453887939453125" lon="-6.04443990625441074371337890625">
        <ele>833.4000244140625</ele>
        <time>2025-10-05T09:02:11.000Z</time>
        <extensions>
          <ns3:TrackPointExtension>
            <ns3:hr>92</ns3:hr>
            <ns3:cad>54</ns3:cad>
          </ns3:TrackPointExtension>
        </extensions>
      </trkpt>
      <trkpt lat="42.4544895999133586883544921875" lon="-6.04448634199798107147216796875">
        <ele>833.79998779296875</ele>
        <time>2025-10-05T09:02:17.000Z</time>
        <extensions>
          <ns3:TrackPointExtension>
            <ns3:hr>94</ns3:hr>
            <ns3:cad>53</ns3:cad>
          </ns3:TrackPointExtension>
        </extensions>
      </trkpt>
      <trkpt lat="42.45453293435275554656982421875" lon="-6.0445244796574115753173828125">
        <ele>834</ele>
        <time>2025-10-05T09:02:21.000Z</time>
        <extensions>
          <ns3:TrackPointExtension>
            <ns3:hr>95</ns3:hr>
            <ns3:cad>53</ns3:cad>
          </ns3:TrackPointExtension>
        </extensions>
      </trkpt>
      <trkpt lat="42.454577945172786712646484375" lon="-6.044587679207324981689453125">
        <ele>834.5999755859375</ele>
        <time>2025-10-05T09:02:29.000Z</time>
        <extensions>
          <ns3:TrackPointExtension>
            <ns3:hr>97</ns3:hr>
            <ns3:cad>53</ns3:cad>
          </ns3:TrackPointExtension>
        </extensions>
      </trkpt>
      <trkpt lat="42.45457568205893039703369140625" lon="-6.044580638408660888671875">
        <ele>834.5999755859375</ele>
        <time>2025-10-05T09:02:30.000Z</time>
        <extensions>
          <ns3:TrackPointExtension>
            <ns3:hr>97</ns3:hr>
            <ns3:cad>53</ns3:cad>
          </ns3:TrackPointExtension>
        </extensions>
      </trkpt>
      <trkpt lat="42.45454634539783000946044921875" lon="-6.04455423541367053985595703125">
        <ele>835</ele>
        <time>2025-10-05T09:02:34.000Z</time>
        <extensions>
          <ns3:TrackPointExtension>
            <ns3:hr>97</ns3:hr>
            <ns3:cad>54</ns3:cad>
          </ns3:TrackPointExtension>
        </extensions>
      </trkpt>
      <trkpt lat="42.4544795416295528411865234375" lon="-6.04449723847210407257080078125">
        <ele>835.4000244140625</ele>
        <time>2025-10-05T09:02:40.000Z</time>
        <extensions>
          <ns3:TrackPointExtension>
            <ns3:hr>99</ns3:hr>
            <ns3:cad>53</ns3:cad>
          </ns3:TrackPointExtension>
        </extensions>
      </trkpt>
      <trkpt lat="42.45444140397012233734130859375" lon="-6.04443705640733242034912109375">
        <ele>836</ele>
        <time>2025-10-05T09:02:46.000Z</time>
        <extensions>
          <ns3:TrackPointExtension>
            <ns3:hr>100</ns3:hr>
            <ns3:cad>55</ns3:cad>
          </ns3:TrackPointExtension>
        </extensions>
      </trkpt>
      <trkpt lat="42.4544473551213741302490234375" lon="-6.0444329492747783660888671875">
        <ele>836</ele>
        <time>2025-10-05T09:02:47.000Z</time>
        <extensions>
          <ns3:TrackPointExtension>
            <ns3:hr>100</ns3:hr>
            <ns3:cad>54</ns3:cad>
          </ns3:TrackPointExtension>
        </extensions>
      </trkpt>
      <trkpt lat="42.45448130182921886444091796875" lon="-6.04448500089347362518310546875">
        <ele>836.20001220703125</ele>
        <time>2025-10-05T09:02:53.000Z</time>
        <extensions>
          <ns3:TrackPointExtension>
            <ns3:hr>100</ns3:hr>
            <ns3:cad>52</ns3:cad>
          </ns3:TrackPointExtension>
        </extensions>
      </trkpt>
      <trkpt lat="42.4545700661838054656982421875" lon="-6.04456923902034759521484375">
        <ele>837</ele>
        <time>2025-10-05T09:03:03.000Z</time>
        <extensions>
          <ns3:TrackPointExtension>
            <ns3:hr>98</ns3:hr>
            <ns3:cad>52</ns3:cad>
          </ns3:TrackPointExtension>
        </extensions>
      </trkpt>
      <trkpt lat="42.45460317470133304595947265625" lon="-6.04462062008678913116455078125">
        <ele>837.4000244140625</ele>
        <time>2025-10-05T09:03:09.000Z</time>
        <extensions>
          <ns3:TrackPointExtension>
            <ns3:hr>98</ns3:hr>
            <ns3:cad>51</ns3:cad>
          </ns3:TrackPointExtension>
        </extensions>
      </trkpt>
      <trkpt lat="42.4545975588262081146240234375" lon="-6.0446383059024810791015625">
        <ele>837.4000244140625</ele>
        <time>2025-10-05T09:03:11.000Z</time>
        <extensions>
          <ns3:TrackPointExtension>
            <ns3:hr>99</ns3:hr>
            <ns3:cad>50</ns3:cad>
          </ns3:TrackPointExtension>
        </extensions>
      </trkpt>
      <trkpt lat="42.45458741672337055206298828125" lon="-6.0446243919432163238525390625">
        <ele>837.4000244140625</ele>
        <time>2025-10-05T09:03:13.000Z</time>
        <extensions>
          <ns3:TrackPointExtension>
            <ns3:hr>99</ns3:hr>
            <ns3:cad>50</ns3:cad>
          </ns3:TrackPointExtension>
        </extensions>
      </trkpt>
      <trkpt lat="42.4545559845864772796630859375" lon="-6.0445725917816162109375">
        <ele>837.4000244140625</ele>
        <time>2025-10-05T09:03:17.000Z</time>
        <extensions>
          <ns3:TrackPointExtension>
            <ns3:hr>99</ns3:hr>
            <ns3:cad>53</ns3:cad>
          </ns3:TrackPointExtension>
        </extensions>
      </trkpt>
      <trkpt lat="42.454507537186145782470703125" lon="-6.0445392318069934844970703125">
        <ele>837.79998779296875</ele>
        <time>2025-10-05T09:03:22.000Z</time>
        <extensions>
          <ns3:TrackPointExtension>
            <ns3:hr>99</ns3:hr>
            <ns3:cad>51</ns3:cad>
          </ns3:TrackPointExtension>
        </extensions>
      </trkpt>
      <trkpt lat="42.454484067857265472412109375" lon="-6.04455490596592426300048828125">
        <ele>838</ele>
        <time>2025-10-05T09:03:25.000Z</time>
        <extensions>
          <ns3:TrackPointExtension>
            <ns3:hr>98</ns3:hr>
            <ns3:cad>51</ns3:cad>
          </ns3:TrackPointExtension>
        </extensions>
      </trkpt>
      <trkpt lat="42.45448096655309200286865234375" lon="-6.0445685684680938720703125">
        <ele>838</ele>
        <time>2025-10-05T09:03:26.000Z</time>
        <extensions>
          <ns3:TrackPointExtension>
            <ns3:hr>98</ns3:hr>
            <ns3:cad>51</ns3:cad>
          </ns3:TrackPointExtension>
        </extensions>
      </trkpt>
      <trkpt lat="42.4544446729123592376708984375" lon="-6.04463671334087848663330078125">
        <ele>837.79998779296875</ele>
        <time>2025-10-05T09:03:32.000Z</time>
        <extensions>
          <ns3:TrackPointExtension>
            <ns3:hr>98</ns3:hr>
            <ns3:cad>54</ns3:cad>
          </ns3:TrackPointExtension>
        </extensions>
      </trkpt>
      <trkpt lat="42.4544208683073520660400390625" lon="-6.04467652738094329833984375">
        <ele>838</ele>
        <time>2025-10-05T09:03:38.000Z</time>
        <extensions>
          <ns3:TrackPointExtension>
            <ns3:hr>98</ns3:hr>
            <ns3:cad>0</ns3:cad>
          </ns3:TrackPointExtension>
        </extensions>
      </trkpt>
      <trkpt lat="42.45442078448832035064697265625" lon="-6.04467208497226238250732421875">
        <ele>838.20001220703125</ele>
        <time>2025-10-05T09:03:40.000Z</time>
        <extensions>
          <ns3:TrackPointExtension>
            <ns3:hr>98</ns3:hr>
            <ns3:cad>0</ns3:cad>
          </ns3:TrackPointExtension>
        </extensions>
      </trkpt>
      <trkpt lat="42.45442044921219348907470703125" lon="-6.044671498239040374755859375">
        <ele>838</ele>
        <time>2025-10-05T09:03:50.000Z</time>
        <extensions>
          <ns3:TrackPointExtension>
            <ns3:hr>97</ns3:hr>
            <ns3:cad>0</ns3:cad>
          </ns3:TrackPointExtension>
        </extensions>
      </trkpt>
      <trkpt lat="42.45442044921219348907470703125" lon="-6.044671498239040374755859375">
        <ele>838</ele>
        <time>2025-10-05T09:03:51.000Z</time>
        <extensions>
          <ns3:TrackPointExtension>
            <ns3:hr>94</ns3:hr>
            <ns3:cad>0</ns3:cad>
          </ns3:TrackPointExtension>
        </extensions>
      </trkpt>
      <trkpt lat="42.45442044921219348907470703125" lon="-6.044671498239040374755859375">
        <ele>837.79998779296875</ele>
        <time>2025-10-05T09:03:53.000Z</time>
        <extensions>
          <ns3:TrackPointExtension>
            <ns3:hr>91</ns3:hr>
            <ns3:cad>0</ns3:cad>
          </ns3:TrackPointExtension>
        </extensions>
      </trkpt>
      <trkpt lat="42.454391531646251678466796875" lon="-6.044655404984951019287109375">
        <ele>837.20001220703125</ele>
        <time>2025-10-05T09:03:58.000Z</time>
        <extensions>
          <ns3:TrackPointExtension>
            <ns3:hr>90</ns3:hr>
            <ns3:cad>0</ns3:cad>
          </ns3:TrackPointExtension>
        </extensions>
      </trkpt>
      <trkpt lat="42.45438038371503353118896484375" lon="-6.0446404851973056793212890625">
        <ele>837</ele>
        <time>2025-10-05T09:03:59.000Z</time>
        <extensions>
          <ns3:TrackPointExtension>
            <ns3:hr>89</ns3:hr>
            <ns3:cad>0</ns3:cad>
          </ns3:TrackPointExtension>
        </extensions>
      </trkpt>
      <trkpt lat="42.454333193600177764892578125" lon="-6.0446136631071567535400390625">
        <ele>836.20001220703125</ele>
        <time>2025-10-05T09:04:04.000Z</time>
        <extensions>
          <ns3:TrackPointExtension>
            <ns3:hr>89</ns3:hr>
            <ns3:cad>58</ns3:cad>
          </ns3:TrackPointExtension>
        </extensions>
      </trkpt>
      <trkpt lat="42.45433218777179718017578125" lon="-6.04462414048612117767333984375">
        <ele>836.20001220703125</ele>
        <time>2025-10-05T09:04:05.000Z</time>
        <extensions>
          <ns3:TrackPointExtension>
            <ns3:hr>89</ns3:hr>
            <ns3:cad>58</ns3:cad>
          </ns3:TrackPointExtension>
        </extensions>
      </trkpt>
      <trkpt lat="42.45436864905059337615966796875" lon="-6.0446693189442157745361328125">
        <ele>835.79998779296875</ele>
        <time>2025-10-05T09:04:09.000Z</time>
        <extensions>
          <ns3:TrackPointExtension>
            <ns3:hr>90</ns3:hr>
            <ns3:cad>56</ns3:cad>
          </ns3:TrackPointExtension>
        </extensions>
      </trkpt>
      <trkpt lat="42.45439748279750347137451171875" lon="-6.0446998290717601776123046875">
        <ele>835.4000244140625</ele>
        <time>2025-10-05T09:04:12.000Z</time>
        <extensions>
          <ns3:TrackPointExtension>
            <ns3:hr>92</ns3:hr>
            <ns3:cad>57</ns3:cad>
          </ns3:TrackPointExtension>
        </extensions>
      </trkpt>
      <trkpt lat="42.4544440023601055145263671875" lon="-6.04475422762334346771240234375">
        <ele>835</ele>
        <time>2025-10-05T09:04:17.000Z</time>
        <extensions>
          <ns3:TrackPointExtension>
            <ns3:hr>95</ns3:hr>
            <ns3:cad>57</ns3:cad>
          </ns3:TrackPointExtension>
        </extensions>
      </trkpt>
      <trkpt lat="42.45446587912738323211669921875" lon="-6.04477442800998687744140625">
        <ele>834.79998779296875</ele>
        <time>2025-10-05T09:04:19.000Z</time>
        <extensions>
          <ns3:TrackPointExtension>
            <ns3:hr>93</ns3:hr>
            <ns3:cad>57</ns3:cad>
          </ns3:TrackPointExtension>
        </extensions>
      </trkpt>
      <trkpt lat="42.4544937908649444580078125" lon="-6.0448037646710872650146484375">
        <ele>834.4000244140625</ele>
        <time>2025-10-05T09:04:22.000Z</time>
        <extensions>
          <ns3:TrackPointExtension>
            <ns3:hr>91</ns3:hr>
            <ns3:cad>57</ns3:cad>
          </ns3:TrackPointExtension>
        </extensions>
      </trkpt>
      <trkpt lat="42.4545737542212009429931640625" lon="-6.0448942892253398895263671875">
        <ele>833.5999755859375</ele>
        <time>2025-10-05T09:04:30.000Z</time>
        <extensions>
          <ns3:TrackPointExtension>
            <ns3:hr>92</ns3:hr>
            <ns3:cad>58</ns3:cad>
          </ns3:TrackPointExtension>
        </extensions>
      </trkpt>
      <trkpt lat="42.45458490215241909027099609375" lon="-6.04487911798059940338134765625">
        <ele>833.4000244140625</ele>
        <time>2025-10-05T09:04:32.000Z</time>
        <extensions>
          <ns3:TrackPointExtension>
            <ns3:hr>92</ns3:hr>
            <ns3:cad>58</ns3:cad>
          </ns3:TrackPointExtension>
        </extensions>
      </trkpt>
      <trkpt lat="42.45456956326961517333984375" lon="-6.04485380463302135467529296875">
        <ele>833</ele>
        <time>2025-10-05T09:04:34.000Z</time>
        <extensions>
          <ns3:TrackPointExtension>
            <ns3:hr>92</ns3:hr>
            <ns3:cad>58</ns3:cad>
          </ns3:TrackPointExtension>
        </extensions>
      </trkpt>
      <trkpt lat="42.4545533023774623870849609375" lon="-6.0448279045522212982177734375">
        <ele>832.5999755859375</ele>
        <time>2025-10-05T09:04:36.000Z</time>
        <extensions>
          <ns3:TrackPointExtension>
            <ns3:hr>91</ns3:hr>
            <ns3:cad>57</ns3:cad>
          </ns3:TrackPointExtension>
        </extensions>
      </trkpt>
      <trkpt lat="42.45446705259382724761962890625" lon="-6.04471634142100811004638671875">
        <ele>831.79998779296875</ele>
        <time>2025-10-05T09:04:46.000Z</time>
        <extensions>
          <ns3:TrackPointExtension>
            <ns3:hr>89</ns3:hr>
            <ns3:cad>57</ns3:cad>
          </ns3:TrackPointExtension>
        </extensions>
      </trkpt>
      <trkpt lat="42.4544533900916576385498046875" lon="-6.04469371028244495391845703125">
        <ele>831.5999755859375</ele>
        <time>2025-10-05T09:04:48.000Z</time>
        <extensions>
          <ns3:TrackPointExtension>
            <ns3:hr>88</ns3:hr>
            <ns3:cad>58</ns3:cad>
          </ns3:TrackPointExtension>
        </extensions>
      </trkpt>
      <trkpt lat="42.45438708923757076263427734375" lon="-6.04460150934755802154541015625">
        <ele>831</ele>
        <time>2025-10-05T09:04:55.000Z</time>
        <extensions>
          <ns3:TrackPointExtension>
            <ns3:hr>88</ns3:hr>
            <ns3:cad>58</ns3:cad>
          </ns3:TrackPointExtension>
        </extensions>
      </trkpt>
      <trkpt lat="42.454348616302013397216796875" lon="-6.0445848293602466583251953125">
        <ele>830.5999755859375</ele>
        <time>2025-10-05T09:04:58.000Z</time>
        <extensions>
          <ns3:TrackPointExtension>
            <ns3:hr>88</ns3:hr>
            <ns3:cad>58</ns3:cad>
          </ns3:TrackPointExtension>
        </extensions>
      </trkpt>
      <trkpt lat="42.4543417431414127349853515625" lon="-6.044602096080780029296875">
        <ele>830.4000244140625</ele>
        <time>2025-10-05T09:05:00.000Z</time>
        <extensions>
          <ns3:TrackPointExtension>
            <ns3:hr>89</ns3:hr>
            <ns3:cad>58</ns3:cad>
          </ns3:TrackPointExtension>
        </extensions>
      </trkpt>
      <trkpt lat="42.4543467722833156585693359375" lon="-6.04461492039263248443603515625">
        <ele>830.4000244140625</ele>
        <time>2025-10-05T09:05:01.000Z</time>
        <extensions>
          <ns3:TrackPointExtension>
            <ns3:hr>89</ns3:hr>
            <ns3:cad>58</ns3:cad>
          </ns3:TrackPointExtension>
        </extensions>
      </trkpt>
      <trkpt lat="42.4544265680015087127685546875" lon="-6.044729165732860565185546875">
        <ele>829.79998779296875</ele>
        <time>2025-10-05T09:05:10.000Z</time>
        <extensions>
          <ns3:TrackPointExtension>
            <ns3:hr>89</ns3:hr>
            <ns3:cad>58</ns3:cad>
          </ns3:TrackPointExtension>
        </extensions>
      </trkpt>
      <trkpt lat="42.4544470198452472686767578125" lon="-6.0447643697261810302734375">
        <ele>829.5999755859375</ele>
        <time>2025-10-05T09:05:13.000Z</time>
        <extensions>
          <ns3:TrackPointExtension>
            <ns3:hr>89</ns3:hr>
            <ns3:cad>57</ns3:cad>
          </ns3:TrackPointExtension>
        </extensions>
      </trkpt>
      <trkpt lat="42.45448482222855091094970703125" lon="-6.04481139220297336578369140625">
        <ele>828.5999755859375</ele>
        <time>2025-10-05T09:05:18.000Z</time>
        <extensions>
          <ns3:TrackPointExtension>
            <ns3:hr>89</ns3:hr>
            <ns3:cad>58</ns3:cad>
          </ns3:TrackPointExtension>
        </extensions>
      </trkpt>
      <trkpt lat="42.45449571870267391204833984375" lon="-6.04482027702033519744873046875">
        <ele>828.4000244140625</ele>
        <time>2025-10-05T09:05:19.000Z</time>
        <extensions>
          <ns3:TrackPointExtension>
            <ns3:hr>89</ns3:hr>
            <ns3:cad>58</ns3:cad>
          </ns3:TrackPointExtension>
        </extensions>
      </trkpt>
      <trkpt lat="42.45457283221185207366943359375" lon="-6.0448877513408660888671875">
        <ele>828</ele>
        <time>2025-10-05T09:05:26.000Z</time>
        <extensions>
          <ns3:TrackPointExtension>
            <ns3:hr>90</ns3:hr>
            <ns3:cad>57</ns3:cad>
          </ns3:TrackPointExtension>
        </extensions>
      </trkpt>
      <trkpt lat="42.45463167317211627960205078125" lon="-6.04498472996056079864501953125">
        <ele>828</ele>
        <time>2025-10-05T09:05:33.000Z</time>
        <extensions>
          <ns3:TrackPointExtension>
            <ns3:hr>90</ns3:hr>
            <ns3:cad>58</ns3:cad>
          </ns3:TrackPointExtension>
        </extensions>
      </trkpt>
      <trkpt lat="42.454664446413516998291015625" lon="-6.04510794393718242645263671875">
        <ele>828</ele>
        <time>2025-10-05T09:05:41.000Z</time>
        <extensions>
          <ns3:TrackPointExtension>
            <ns3:hr>90</ns3:hr>
            <ns3:cad>57</ns3:cad>
          </ns3:TrackPointExtension>
        </extensions>
      </trkpt>
      <trkpt lat="42.45467207394540309906005859375" lon="-6.04518773965537548065185546875">
        <ele>828</ele>
        <time>2025-10-05T09:05:46.000Z</time>
        <extensions>
          <ns3:TrackPointExtension>
            <ns3:hr>87</ns3:hr>
            <ns3:cad>57</ns3:cad>
          </ns3:TrackPointExtension>
        </extensions>
      </trkpt>
      <trkpt lat="42.45467291213572025299072265625" lon="-6.04528647847473621368408203125">
        <ele>828</ele>
        <time>2025-10-05T09:05:51.000Z</time>
        <extensions>
          <ns3:TrackPointExtension>
            <ns3:hr>85</ns3:hr>
            <ns3:cad>57</ns3:cad>
          </ns3:TrackPointExtension>
        </extensions>
      </trkpt>
      <trkpt lat="42.4546646140515804290771484375" lon="-6.0453383624553680419921875">
        <ele>828.20001220703125</ele>
        <time>2025-10-05T09:05:54.000Z</time>
        <extensions>
          <ns3:TrackPointExtension>
            <ns3:hr>82</ns3:hr>
            <ns3:cad>57</ns3:cad>
          </ns3:TrackPointExtension>
        </extensions>
      </trkpt>
      <trkpt lat="42.4546495266258716583251953125" lon="-6.045412123203277587890625">
        <ele>828.4000244140625</ele>
        <time>2025-10-05T09:05:59.000Z</time>
        <extensions>
          <ns3:TrackPointExtension>
            <ns3:hr>80</ns3:hr>
            <ns3:cad>56</ns3:cad>
          </ns3:TrackPointExtension>
        </extensions>
      </trkpt>
      <trkpt lat="42.4546558968722820281982421875" lon="-6.04555897414684295654296875">
        <ele>828.4000244140625</ele>
        <time>2025-10-05T09:06:09.000Z</time>
        <extensions>
          <ns3:TrackPointExtension>
            <ns3:hr>82</ns3:hr>
            <ns3:cad>56</ns3:cad>
          </ns3:TrackPointExtension>
        </extensions>
      </trkpt>
      <trkpt lat="42.4546354450285434722900390625" lon="-6.0456701181828975677490234375">
        <ele>828</ele>
        <time>2025-10-05T09:06:17.000Z</time>
        <extensions>
          <ns3:TrackPointExtension>
            <ns3:hr>84</ns3:hr>
            <ns3:cad>57</ns3:cad>
          </ns3:TrackPointExtension>
        </extensions>
      </trkpt>
      <trkpt lat="42.45464273728430271148681640625" lon="-6.04584219865500926971435546875">
        <ele>828</ele>
        <time>2025-10-05T09:06:27.000Z</time>
        <extensions>
          <ns3:TrackPointExtension>
            <ns3:hr>85</ns3:hr>
            <ns3:cad>56</ns3:cad>
          </ns3:TrackPointExtension>
        </extensions>
      </trkpt>
      <trkpt lat="42.45464340783655643463134765625" lon="-6.0458907298743724822998046875">
        <ele>828</ele>
        <time>2025-10-05T09:06:30.000Z</time>
        <extensions>
          <ns3:TrackPointExtension>
            <ns3:hr>89</ns3:hr>
            <ns3:cad>57</ns3:cad>
          </ns3:TrackPointExtension>
        </extensions>
      </trkpt>
      <trkpt lat="42.45464466512203216552734375" lon="-6.0460328869521617889404296875">
        <ele>828.20001220703125</ele>
        <time>2025-10-05T09:06:39.000Z</time>
        <extensions>
          <ns3:TrackPointExtension>
            <ns3:hr>89</ns3:hr>
            <ns3:cad>57</ns3:cad>
          </ns3:TrackPointExtension>
        </extensions>
      </trkpt>
      <trkpt lat="42.45465933345258235931396484375" lon="-6.046177558600902557373046875">
        <ele>828.20001220703125</ele>
        <time>2025-10-05T09:06:47.000Z</time>
        <extensions>
          <ns3:TrackPointExtension>
            <ns3:hr>88</ns3:hr>
            <ns3:cad>57</ns3:cad>
          </ns3:TrackPointExtension>
        </extensions>
      </trkpt>
      <trkpt lat="42.454696632921695709228515625" lon="-6.04630605317652225494384765625">
        <ele>828</ele>
        <time>2025-10-05T09:06:55.000Z</time>
        <extensions>
          <ns3:TrackPointExtension>
            <ns3:hr>89</ns3:hr>
            <ns3:cad>57</ns3:cad>
          </ns3:TrackPointExtension>
        </extensions>
      </trkpt>
      <trkpt lat="42.45471440255641937255859375" lon="-6.04640009813010692596435546875">
        <ele>828</ele>
        <time>2025-10-05T09:07:01.000Z</time>
        <extensions>
          <ns3:TrackPointExtension>
            <ns3:hr>92</ns3:hr>
            <ns3:cad>57</ns3:cad>
          </ns3:TrackPointExtension>
        </extensions>
      </trkpt>
      <trkpt lat="42.4547125585377216339111328125" lon="-6.04646631516516208648681640625">
        <ele>828</ele>
        <time>2025-10-05T09:07:05.000Z</time>
        <extensions>
          <ns3:TrackPointExtension>
            <ns3:hr>92</ns3:hr>
            <ns3:cad>57</ns3:cad>
          </ns3:TrackPointExtension>
        </extensions>
      </trkpt>
      <trkpt lat="42.45466972701251506805419921875" lon="-6.04662054218351840972900390625">
        <ele>827.79998779296875</ele>
        <time>2025-10-05T09:07:15.000Z</time>
        <extensions>
          <ns3:TrackPointExtension>
            <ns3:hr>92</ns3:hr>
            <ns3:cad>58</ns3:cad>
          </ns3:TrackPointExtension>
        </extensions>
      </trkpt>
      <trkpt lat="42.45457551442086696624755859375" lon="-6.0466729290783405303955078125">
        <ele>828</ele>
        <time>2025-10-05T09:07:23.000Z</time>
        <extensions>
          <ns3:TrackPointExtension>
            <ns3:hr>91</ns3:hr>
            <ns3:cad>56</ns3:cad>
          </ns3:TrackPointExtension>
        </extensions>
      </trkpt>
      <trkpt lat="42.45444039814174175262451171875" lon="-6.04664183221757411956787109375">
        <ele>827.5999755859375</ele>
        <time>2025-10-05T09:07:33.000Z</time>
        <extensions>
          <ns3:TrackPointExtension>
            <ns3:hr>91</ns3:hr>
            <ns3:cad>59</ns3:cad>
          </ns3:TrackPointExtension>
        </extensions>
      </trkpt>
      <trkpt lat="42.45440435595810413360595703125" lon="-6.04661920107901096343994140625">
        <ele>827.4000244140625</ele>
        <time>2025-10-05T09:07:36.000Z</time>
        <extensions>
          <ns3:TrackPointExtension>
            <ns3:hr>92</ns3:hr>
            <ns3:cad>58</ns3:cad>
          </ns3:TrackPointExtension>
        </extensions>
      </trkpt>
      <trkpt lat="42.4543065391480922698974609375" lon="-6.046563796699047088623046875">
        <ele>827.4000244140625</ele>
        <time>2025-10-05T09:07:44.000Z</time>
        <extensions>
          <ns3:TrackPointExtension>
            <ns3:hr>91</ns3:hr>
            <ns3:cad>59</ns3:cad>
          </ns3:TrackPointExtension>
        </extensions>
      </trkpt>
      <trkpt lat="42.45424292050302028656005859375" lon="-6.046504788100719451904296875">
        <ele>827.20001220703125</ele>
        <time>2025-10-05T09:07:50.000Z</time>
        <extensions>
          <ns3:TrackPointExtension>
            <ns3:hr>88</ns3:hr>
            <ns3:cad>59</ns3:cad>
          </ns3:TrackPointExtension>
        </extensions>
      </trkpt>
      <trkpt lat="42.45421023108065128326416015625" lon="-6.04648123495280742645263671875">
        <ele>827.20001220703125</ele>
        <time>2025-10-05T09:07:53.000Z</time>
        <extensions>
          <ns3:TrackPointExtension>
            <ns3:hr>88</ns3:hr>
            <ns3:cad>59</ns3:cad>
          </ns3:TrackPointExtension>
        </extensions>
      </trkpt>
      <trkpt lat="42.4540909565985202789306640625" lon="-6.0464254952967166900634765625">
        <ele>826.79998779296875</ele>
        <time>2025-10-05T09:08:03.000Z</time>
        <extensions>
          <ns3:TrackPointExtension>
            <ns3:hr>87</ns3:hr>
            <ns3:cad>58</ns3:cad>
          </ns3:TrackPointExtension>
        </extensions>
      </trkpt>
      <trkpt lat="42.45394368655979633331298828125" lon="-6.04641434736549854278564453125">
        <ele>827</ele>
        <time>2025-10-05T09:08:14.000Z</time>
        <extensions>
          <ns3:TrackPointExtension>
            <ns3:hr>88</ns3:hr>
            <ns3:cad>58</ns3:cad>
          </ns3:TrackPointExtension>
        </extensions>
      </trkpt>
      <trkpt lat="42.4538706801831722259521484375" lon="-6.046494729816913604736328125">
        <ele>827.4000244140625</ele>
        <time>2025-10-05T09:08:22.000Z</time>
        <extensions>
          <ns3:TrackPointExtension>
            <ns3:hr>88</ns3:hr>
            <ns3:cad>57</ns3:cad>
          </ns3:TrackPointExtension>
        </extensions>
      </trkpt>
      <trkpt lat="42.45386925525963306427001953125" lon="-6.04658952914178371429443359375">
        <ele>827.4000244140625</ele>
        <time>2025-10-05T09:08:29.000Z</time>
        <extensions>
          <ns3:TrackPointExtension>
            <ns3:hr>90</ns3:hr>
            <ns3:cad>56</ns3:cad>
          </ns3:TrackPointExtension>
        </extensions>
      </trkpt>
      <trkpt lat="42.45395961217582225799560546875" lon="-6.0467597655951976776123046875">
        <ele>827.5999755859375</ele>
        <time>2025-10-05T09:08:41.000Z</time>
        <extensions>
          <ns3:TrackPointExtension>
            <ns3:hr>90</ns3:hr>
            <ns3:cad>58</ns3:cad>
          </ns3:TrackPointExtension>
        </extensions>
      </trkpt>
      <trkpt lat="42.45404359884560108184814453125" lon="-6.046923883259296417236328125">
        <ele>827.5999755859375</ele>
        <time>2025-10-05T09:08:53.000Z</time>
        <extensions>
          <ns3:TrackPointExtension>
            <ns3:hr>93</ns3:hr>
            <ns3:cad>58</ns3:cad>
          </ns3:TrackPointExtension>
        </extensions>
      </trkpt>
      <trkpt lat="42.454052232205867767333984375" lon="-6.04693821631371974945068359375">
        <ele>827.5999755859375</ele>
        <time>2025-10-05T09:08:54.000Z</time>
        <extensions>
          <ns3:TrackPointExtension>
            <ns3:hr>93</ns3:hr>
            <ns3:cad>58</ns3:cad>
          </ns3:TrackPointExtension>
        </extensions>
      </trkpt>
      <trkpt lat="42.45414552278816699981689453125" lon="-6.047100909054279327392578125">
        <ele>827.5999755859375</ele>
        <time>2025-10-05T09:09:06.000Z</time>
        <extensions>
          <ns3:TrackPointExtension>
            <ns3:hr>93</ns3:hr>
            <ns3:cad>59</ns3:cad>
          </ns3:TrackPointExtension>
        </extensions>
      </trkpt>
      <trkpt lat="42.45421308092772960662841796875" lon="-6.04723175056278705596923828125">
        <ele>827.5999755859375</ele>
        <time>2025-10-05T09:09:16.000Z</time>
        <extensions>
          <ns3:TrackPointExtension>
            <ns3:hr>90</ns3:hr>
            <ns3:cad>57</ns3:cad>
          </ns3:TrackPointExtension>
        </extensions>
      </trkpt>
      <trkpt lat="42.4542344547808170318603515625" lon="-6.0472740791738033294677734375">
        <ele>827.5999755859375</ele>
        <time>2025-10-05T09:09:19.000Z</time>
        <extensions>
          <ns3:TrackPointExtension>
            <ns3:hr>89</ns3:hr>
            <ns3:cad>57</ns3:cad>
          </ns3:TrackPointExtension>
        </extensions>
      </trkpt>
      <trkpt lat="42.4543248116970062255859375" lon="-6.0474561341106891632080078125">
        <ele>827.5999755859375</ele>
        <time>2025-10-05T09:09:32.000Z</time>
        <extensions>
          <ns3:TrackPointExtension>
            <ns3:hr>91</ns3:hr>
            <ns3:cad>58</ns3:cad>
          </ns3:TrackPointExtension>
        </extensions>
      </trkpt>
      <trkpt lat="42.454423718154430389404296875" lon="-6.0476147197186946868896484375">
        <ele>827.79998779296875</ele>
        <time>2025-10-05T09:09:44.000Z</time>
        <extensions>
          <ns3:TrackPointExtension>
            <ns3:hr>92</ns3:hr>
            <ns3:cad>57</ns3:cad>
          </ns3:TrackPointExtension>
        </extensions>
      </trkpt>
      <trkpt lat="42.4544419907033443450927734375" lon="-6.04768286459147930145263671875">
        <ele>828</ele>
        <time>2025-10-05T09:09:49.000Z</time>
        <extensions>
          <ns3:TrackPointExtension>
            <ns3:hr>91</ns3:hr>
            <ns3:cad>57</ns3:cad>
          </ns3:TrackPointExtension>
        </extensions>
      </trkpt>
      <trkpt lat="42.45442028157413005828857421875" lon="-6.04772485792636871337890625">
        <ele>828</ele>
        <time>2025-10-05T09:09:52.000Z</time>
        <extensions>
          <ns3:TrackPointExtension>
            <ns3:hr>90</ns3:hr>
            <ns3:cad>56</ns3:cad>
          </ns3:TrackPointExtension>
        </extensions>
      </trkpt>
      <trkpt lat="42.45435171760618686676025390625" lon="-6.04784555733203887939453125">
        <ele>827.79998779296875</ele>
        <time>2025-10-05T09:10:01.000Z</time>
        <extensions>
          <ns3:TrackPointExtension>
            <ns3:hr>89</ns3:hr>
            <ns3:cad>57</ns3:cad>
          </ns3:TrackPointExtension>
        </extensions>
      </trkpt>
      <trkpt lat="42.4543501250445842742919921875" lon="-6.04799668304622173309326171875">
        <ele>828.20001220703125</ele>
        <time>2025-10-05T09:10:10.000Z</time>
        <extensions>
          <ns3:TrackPointExtension>
            <ns3:hr>90</ns3:hr>
            <ns3:cad>57</ns3:cad>
          </ns3:TrackPointExtension>
        </extensions>
      </trkpt>
      <trkpt lat="42.4543420784175395965576171875" lon="-6.04807086288928985595703125">
        <ele>828.20001220703125</ele>
        <time>2025-10-05T09:10:15.000Z</time>
        <extensions>
          <ns3:TrackPointExtension>
            <ns3:hr>93</ns3:hr>
            <ns3:cad>57</ns3:cad>
          </ns3:TrackPointExtension>
        </extensions>
      </trkpt>
      <trkpt lat="42.45433612726628780364990234375" lon="-6.04818158783018589019775390625">
        <ele>828.20001220703125</ele>
        <time>2025-10-05T09:10:22.000Z</time>
        <extensions>
          <ns3:TrackPointExtension>
            <ns3:hr>94</ns3:hr>
            <ns3:cad>57</ns3:cad>
          </ns3:TrackPointExtension>
        </extensions>
      </trkpt>
      <trkpt lat="42.4542765319347381591796875" lon="-6.04832173325121402740478515625">
        <ele>828.20001220703125</ele>
        <time>2025-10-05T09:10:32.000Z</time>
        <extensions>
          <ns3:TrackPointExtension>
            <ns3:hr>93</ns3:hr>
            <ns3:cad>56</ns3:cad>
          </ns3:TrackPointExtension>
        </extensions>
      </trkpt>
      <trkpt lat="42.45418374426662921905517578125" lon="-6.0484394989907741546630859375">
        <ele>828.20001220703125</ele>
        <time>2025-10-05T09:10:43.000Z</time>
        <extensions>
          <ns3:TrackPointExtension>
            <ns3:hr>92</ns3:hr>
            <ns3:cad>57</ns3:cad>
          </ns3:TrackPointExtension>
        </extensions>
      </trkpt>
      <trkpt lat="42.454185001552104949951171875" lon="-6.04844159446656703948974609375">
        <ele>828.5999755859375</ele>
        <time>2025-10-05T09:10:45.000Z</time>
        <extensions>
          <ns3:TrackPointExtension>
            <ns3:hr>92</ns3:hr>
            <ns3:cad>0</ns3:cad>
          </ns3:TrackPointExtension>
        </extensions>
      </trkpt>
      <trkpt lat="42.45418609119951725006103515625" lon="-6.0484416782855987548828125">
        <ele>828.79998779296875</ele>
        <time>2025-10-05T09:10:49.000Z</time>
        <extensions>
          <ns3:TrackPointExtension>
            <ns3:hr>92</ns3:hr>
            <ns3:cad>0</ns3:cad>
          </ns3:TrackPointExtension>
        </extensions>
      </trkpt>
      <trkpt lat="42.45415239594876766204833984375" lon="-6.04847478680312633514404296875">
        <ele>828</ele>
        <time>2025-10-05T09:10:54.000Z</time>
        <extensions>
          <ns3:TrackPointExtension>
            <ns3:hr>92</ns3:hr>
            <ns3:cad>0</ns3:cad>
          </ns3:TrackPointExtension>
        </extensions>
      </trkpt>
      <trkpt lat="42.45406706817448139190673828125" lon="-6.0485917143523693084716796875">
        <ele>828</ele>
        <time>2025-10-05T09:11:03.000Z</time>
        <extensions>
          <ns3:TrackPointExtension>
            <ns3:hr>90</ns3:hr>
            <ns3:cad>57</ns3:cad>
          </ns3:TrackPointExtension>
        </extensions>
      </trkpt>
      <trkpt lat="42.45399028994143009185791015625" lon="-6.0487077198922634124755859375">
        <ele>828.20001220703125</ele>
        <time>2025-10-05T09:11:13.000Z</time>
        <extensions>
          <ns3:TrackPointExtension>
            <ns3:hr>89</ns3:hr>
            <ns3:cad>57</ns3:cad>
          </ns3:TrackPointExtension>
        </extensions>
      </trkpt>
      <trkpt lat="42.4539541639387607574462890625" lon="-6.04877955280244350433349609375">
        <ele>827.5999755859375</ele>
        <time>2025-10-05T09:11:18.000Z</time>
        <extensions>
          <ns3:TrackPointExtension>
            <ns3:hr>89</ns3:hr>
            <ns3:cad>58</ns3:cad>
          </ns3:TrackPointExtension>
        </extensions>
      </trkpt>
      <trkpt lat="42.4539077281951904296875" lon="-6.04887829162180423736572265625">
        <ele>827.4000244140625</ele>
        <time>2025-10-05T09:11:25.000Z</time>
        <extensions>
          <ns3:TrackPointExtension>
            <ns3:hr>88</ns3:hr>
            <ns3:cad>58</ns3:cad>
          </ns3:TrackPointExtension>
        </extensions>
      </trkpt>
      <trkpt lat="42.45389322750270366668701171875" lon="-6.04890695773065090179443359375">
        <ele>827.4000244140625</ele>
        <time>2025-10-05T09:11:27.000Z</time>
        <extensions>
          <ns3:TrackPointExtension>
            <ns3:hr>83</ns3:hr>
            <ns3:cad>58</ns3:cad>
          </ns3:TrackPointExtension>
        </extensions>
      </trkpt>
      <trkpt lat="42.45388451032340526580810546875" lon="-6.0489199496805667877197265625">
        <ele>827.4000244140625</ele>
        <time>2025-10-05T09:11:28.000Z</time>
        <extensions>
          <ns3:TrackPointExtension>
            <ns3:hr>77</ns3:hr>
            <ns3:cad>58</ns3:cad>
          </ns3:TrackPointExtension>
        </extensions>
      </trkpt>
      <trkpt lat="42.453877888619899749755859375" lon="-6.04893377982079982757568359375">
        <ele>827.5999755859375</ele>
        <time>2025-10-05T09:11:29.000Z</time>
        <extensions>
          <ns3:TrackPointExtension>
            <ns3:hr>72</ns3:hr>
            <ns3:cad>58</ns3:cad>
          </ns3:TrackPointExtension>
        </extensions>
      </trkpt>
      <trkpt lat="42.453851737082004547119140625" lon="-6.04898817837238311767578125">
        <ele>827.79998779296875</ele>
        <time>2025-10-05T09:11:33.000Z</time>
        <extensions>
          <ns3:TrackPointExtension>
            <ns3:hr>69</ns3:hr>
            <ns3:cad>57</ns3:cad>
          </ns3:TrackPointExtension>
        </extensions>
      </trkpt>
      <trkpt lat="42.45384478010237216949462890625" lon="-6.0490022599697113037109375">
        <ele>827.79998779296875</ele>
        <time>2025-10-05T09:11:34.000Z</time>
        <extensions>
          <ns3:TrackPointExtension>
            <ns3:hr>69</ns3:hr>
            <ns3:cad>57</ns3:cad>
          </ns3:TrackPointExtension>
        </extensions>
      </trkpt>
      <trkpt lat="42.45381376706063747406005859375" lon="-6.04907643981277942657470703125">
        <ele>827.5999755859375</ele>
        <time>2025-10-05T09:11:39.000Z</time>
        <extensions>
          <ns3:TrackPointExtension>
            <ns3:hr>66</ns3:hr>
            <ns3:cad>57</ns3:cad>
          </ns3:TrackPointExtension>
        </extensions>
      </trkpt>
      <trkpt lat="42.45380111038684844970703125" lon="-6.0491149127483367919921875">
        <ele>827.4000244140625</ele>
        <time>2025-10-05T09:11:42.000Z</time>
        <extensions>
          <ns3:TrackPointExtension>
            <ns3:hr>63</ns3:hr>
            <ns3:cad>57</ns3:cad>
          </ns3:TrackPointExtension>
        </extensions>
      </trkpt>
      <trkpt lat="42.453779317438602447509765625" lon="-6.0491757653653621673583984375">
        <ele>827</ele>
        <time>2025-10-05T09:11:47.000Z</time>
        <extensions>
          <ns3:TrackPointExtension>
            <ns3:hr>60</ns3:hr>
            <ns3:cad>57</ns3:cad>
          </ns3:TrackPointExtension>
        </extensions>
      </trkpt>
      <trkpt lat="42.45371184311807155609130859375" lon="-6.0493884980678558349609375">
        <ele>827</ele>
        <time>2025-10-05T09:12:00.000Z</time>
        <extensions>
          <ns3:TrackPointExtension>
            <ns3:hr>59</ns3:hr>
            <ns3:cad>57</ns3:cad>
          </ns3:TrackPointExtension>
        </extensions>
      </trkpt>
      <trkpt lat="42.45367848314344882965087890625" lon="-6.0495549626648426055908203125">
        <ele>827</ele>
        <time>2025-10-05T09:12:10.000Z</time>
        <extensions>
          <ns3:TrackPointExtension>
            <ns3:hr>59</ns3:hr>
            <ns3:cad>57</ns3:cad>
          </ns3:TrackPointExtension>
        </extensions>
      </trkpt>
      <trkpt lat="42.45363414287567138671875" lon="-6.04967758990824222564697265625">
        <ele>827.20001220703125</ele>
        <time>2025-10-05T09:12:19.000Z</time>
        <extensions>
          <ns3:TrackPointExtension>
            <ns3:hr>59</ns3:hr>
            <ns3:cad>56</ns3:cad>
          </ns3:TrackPointExtension>
        </extensions>
      </trkpt>
      <trkpt lat="42.45359382592141628265380859375" lon="-6.04982502758502960205078125">
        <ele>828.5999755859375</ele>
        <time>2025-10-05T09:12:30.000Z</time>
        <extensions>
          <ns3:TrackPointExtension>
            <ns3:hr>58</ns3:hr>
            <ns3:cad>55</ns3:cad>
          </ns3:TrackPointExtension>
        </extensions>
      </trkpt>
      <trkpt lat="42.45359198190271854400634765625" lon="-6.0498386062681674957275390625">
        <ele>828.5999755859375</ele>
        <time>2025-10-05T09:12:31.000Z</time>
        <extensions>
          <ns3:TrackPointExtension>
            <ns3:hr>59</ns3:hr>
            <ns3:cad>53</ns3:cad>
          </ns3:TrackPointExtension>
        </extensions>
      </trkpt>
      <trkpt lat="42.453575469553470611572265625" lon="-6.04990758933126926422119140625">
        <ele>828.79998779296875</ele>
        <time>2025-10-05T09:12:36.000Z</time>
        <extensions>
          <ns3:TrackPointExtension>
            <ns3:hr>62</ns3:hr>
            <ns3:cad>51</ns3:cad>
          </ns3:TrackPointExtension>
        </extensions>
      </trkpt>
      <trkpt lat="42.4535514973104000091552734375" lon="-6.04998151771724224090576171875">
        <ele>829.20001220703125</ele>
        <time>2025-10-05T09:12:42.000Z</time>
        <extensions>
          <ns3:TrackPointExtension>
            <ns3:hr>64</ns3:hr>
            <ns3:cad>53</ns3:cad>
          </ns3:TrackPointExtension>
        </extensions>
      </trkpt>
      <trkpt lat="42.45353649370372295379638671875" lon="-6.05003667064011096954345703125">
        <ele>829.5999755859375</ele>
        <time>2025-10-05T09:12:47.000Z</time>
        <extensions>
          <ns3:TrackPointExtension>
            <ns3:hr>67</ns3:hr>
            <ns3:cad>50</ns3:cad>
          </ns3:TrackPointExtension>
        </extensions>
      </trkpt>
      <trkpt lat="42.45352090336382389068603515625" lon="-6.05010129511356353759765625">
        <ele>830.4000244140625</ele>
        <time>2025-10-05T09:12:52.000Z</time>
        <extensions>
          <ns3:TrackPointExtension>
            <ns3:hr>68</ns3:hr>
            <ns3:cad>51</ns3:cad>
          </ns3:TrackPointExtension>
        </extensions>
      </trkpt>
      <trkpt lat="42.453510425984859466552734375" lon="-6.050141863524913787841796875">
        <ele>830.79998779296875</ele>
        <time>2025-10-05T09:12:55.000Z</time>
        <extensions>
          <ns3:TrackPointExtension>
            <ns3:hr>69</ns3:hr>
            <ns3:cad>50</ns3:cad>
          </ns3:TrackPointExtension>
        </extensions>
      </trkpt>
      <trkpt lat="42.45348284952342510223388671875" lon="-6.0502308793365955352783203125">
        <ele>831.4000244140625</ele>
        <time>2025-10-05T09:13:01.000Z</time>
        <extensions>
          <ns3:TrackPointExtension>
            <ns3:hr>70</ns3:hr>
            <ns3:cad>53</ns3:cad>
          </ns3:TrackPointExtension>
        </extensions>
      </trkpt>
      <trkpt lat="42.45347765274345874786376953125" lon="-6.05025074444711208343505859375">
        <ele>831.79998779296875</ele>
        <time>2025-10-05T09:13:04.000Z</time>
        <extensions>
          <ns3:TrackPointExtension>
            <ns3:hr>72</ns3:hr>
            <ns3:cad>52</ns3:cad>
          </ns3:TrackPointExtension>
        </extensions>
      </trkpt>
      <trkpt lat="42.45347044430673122406005859375" lon="-6.05027488432824611663818359375">
        <ele>832.79998779296875</ele>
        <time>2025-10-05T09:13:08.000Z</time>
        <extensions>
          <ns3:TrackPointExtension>
            <ns3:hr>72</ns3:hr>
            <ns3:cad>44</ns3:cad>
          </ns3:TrackPointExtension>
        </extensions>
      </trkpt>
      <trkpt lat="42.4534576199948787689208984375" lon="-6.05027035810053348541259765625">
        <ele>833</ele>
        <time>2025-10-05T09:13:09.000Z</time>
        <extensions>
          <ns3:TrackPointExtension>
            <ns3:hr>72</ns3:hr>
            <ns3:cad>46</ns3:cad>
          </ns3:TrackPointExtension>
        </extensions>
      </trkpt>
      <trkpt lat="42.4533979408442974090576171875" lon="-6.05025460012257099151611328125">
        <ele>832.79998779296875</ele>
        <time>2025-10-05T09:13:14.000Z</time>
        <extensions>
          <ns3:TrackPointExtension>
            <ns3:hr>74</ns3:hr>
            <ns3:cad>57</ns3:cad>
          </ns3:TrackPointExtension>
        </extensions>
      </trkpt>
      <trkpt lat="42.45328344404697418212890625" lon="-6.050233058631420135498046875">
        <ele>832.79998779296875</ele>
        <time>2025-10-05T09:13:23.000Z</time>
        <extensions>
          <ns3:TrackPointExtension>
            <ns3:hr>74</ns3:hr>
            <ns3:cad>57</ns3:cad>
          </ns3:TrackPointExtension>
        </extensions>
      </trkpt>
      <trkpt lat="42.453162409365177154541015625" lon="-6.050208248198032379150390625">
        <ele>832.79998779296875</ele>
        <time>2025-10-05T09:13:33.000Z</time>
        <extensions>
          <ns3:TrackPointExtension>
            <ns3:hr>74</ns3:hr>
            <ns3:cad>56</ns3:cad>
          </ns3:TrackPointExtension>
        </extensions>
      </trkpt>
      <trkpt lat="42.453079260885715484619140625" lon="-6.05018251575529575347900390625">
        <ele>832.5999755859375</ele>
        <time>2025-10-05T09:13:41.000Z</time>
        <extensions>
          <ns3:TrackPointExtension>
            <ns3:hr>73</ns3:hr>
            <ns3:cad>56</ns3:cad>
          </ns3:TrackPointExtension>
        </extensions>
      </trkpt>
      <trkpt lat="42.4529707990586757659912109375" lon="-6.05016374029219150543212890625">
        <ele>832.20001220703125</ele>
        <time>2025-10-05T09:13:50.000Z</time>
        <extensions>
          <ns3:TrackPointExtension>
            <ns3:hr>70</ns3:hr>
            <ns3:cad>57</ns3:cad>
          </ns3:TrackPointExtension>
        </extensions>
      </trkpt>
      <trkpt lat="42.4529583938419818878173828125" lon="-6.050161980092525482177734375">
        <ele>832</ele>
        <time>2025-10-05T09:13:51.000Z</time>
        <extensions>
          <ns3:TrackPointExtension>
            <ns3:hr>70</ns3:hr>
            <ns3:cad>57</ns3:cad>
          </ns3:TrackPointExtension>
        </extensions>
      </trkpt>
      <trkpt lat="42.4529241956770420074462890625" lon="-6.05016055516898632049560546875">
        <ele>832</ele>
        <time>2025-10-05T09:13:54.000Z</time>
        <extensions>
          <ns3:TrackPointExtension>
            <ns3:hr>69</ns3:hr>
            <ns3:cad>57</ns3:cad>
          </ns3:TrackPointExtension>
        </extensions>
      </trkpt>
      <trkpt lat="42.4528732337057590484619140625" lon="-6.0501859523355960845947265625">
        <ele>831.4000244140625</ele>
        <time>2025-10-05T09:13:59.000Z</time>
        <extensions>
          <ns3:TrackPointExtension>
            <ns3:hr>68</ns3:hr>
            <ns3:cad>57</ns3:cad>
          </ns3:TrackPointExtension>
        </extensions>
      </trkpt>
      <trkpt lat="42.45281497947871685028076171875" lon="-6.0502509959042072296142578125">
        <ele>831.4000244140625</ele>
        <time>2025-10-05T09:14:06.000Z</time>
        <extensions>
          <ns3:TrackPointExtension>
            <ns3:hr>68</ns3:hr>
            <ns3:cad>57</ns3:cad>
          </ns3:TrackPointExtension>
        </extensions>
      </trkpt>
      <trkpt lat="42.4528638459742069244384765625" lon="-6.05029642581939697265625">
        <ele>832.4000244140625</ele>
        <time>2025-10-05T09:14:12.000Z</time>
        <extensions>
          <ns3:TrackPointExtension>
            <ns3:hr>67</ns3:hr>
            <ns3:cad>49</ns3:cad>
          </ns3:TrackPointExtension>
        </extensions>
      </trkpt>
      <trkpt lat="42.45289209298789501190185546875" lon="-6.050318889319896697998046875">
        <ele>833</ele>
        <time>2025-10-05T09:14:15.000Z</time>
        <extensions>
          <ns3:TrackPointExtension>
            <ns3:hr>66</ns3:hr>
            <ns3:cad>49</ns3:cad>
          </ns3:TrackPointExtension>
        </extensions>
      </trkpt>
      <trkpt lat="42.45294590480625629425048828125" lon="-6.0503629781305789947509765625">
        <ele>834</ele>
        <time>2025-10-05T09:14:21.000Z</time>
        <extensions>
          <ns3:TrackPointExtension>
            <ns3:hr>69</ns3:hr>
            <ns3:cad>50</ns3:cad>
          </ns3:TrackPointExtension>
        </extensions>
      </trkpt>
      <trkpt lat="42.452986724674701690673828125" lon="-6.050401367247104644775390625">
        <ele>835.20001220703125</ele>
        <time>2025-10-05T09:14:27.000Z</time>
        <extensions>
          <ns3:TrackPointExtension>
            <ns3:hr>72</ns3:hr>
            <ns3:cad>50</ns3:cad>
          </ns3:TrackPointExtension>
        </extensions>
      </trkpt>
      <trkpt lat="42.453005500137805938720703125" lon="-6.0504233278334140777587890625">
        <ele>835.79998779296875</ele>
        <time>2025-10-05T09:14:30.000Z</time>
        <extensions>
          <ns3:TrackPointExtension>
            <ns3:hr>73</ns3:hr>
            <ns3:cad>49</ns3:cad>
          </ns3:TrackPointExtension>
        </extensions>
      </trkpt>
      <trkpt lat="42.45303475297987461090087890625" lon="-6.05045375414192676544189453125">
        <ele>836.20001220703125</ele>
        <time>2025-10-05T09:14:33.000Z</time>
        <extensions>
          <ns3:TrackPointExtension>
            <ns3:hr>73</ns3:hr>
            <ns3:cad>50</ns3:cad>
          </ns3:TrackPointExtension>
        </extensions>
      </trkpt>
      <trkpt lat="42.45307330973446369171142578125" lon="-6.05047135613858699798583984375">
        <ele>836.79998779296875</ele>
        <time>2025-10-05T09:14:37.000Z</time>
        <extensions>
          <ns3:TrackPointExtension>
            <ns3:hr>74</ns3:hr>
            <ns3:cad>48</ns3:cad>
          </ns3:TrackPointExtension>
        </extensions>
      </trkpt>
      <trkpt lat="42.4530941806733608245849609375" lon="-6.05048644356429576873779296875">
        <ele>837.4000244140625</ele>
        <time>2025-10-05T09:14:40.000Z</time>
        <extensions>
          <ns3:TrackPointExtension>
            <ns3:hr>76</ns3:hr>
            <ns3:cad>50</ns3:cad>
          </ns3:TrackPointExtension>
        </extensions>
      </trkpt>
      <trkpt lat="42.4531354196369647979736328125" lon="-6.0505262576043605804443359375">
        <ele>838.5999755859375</ele>
        <time>2025-10-05T09:14:46.000Z</time>
        <extensions>
          <ns3:TrackPointExtension>
            <ns3:hr>77</ns3:hr>
            <ns3:cad>50</ns3:cad>
          </ns3:TrackPointExtension>
        </extensions>
      </trkpt>
      <trkpt lat="42.45316936634480953216552734375" lon="-6.0505641438066959381103515625">
        <ele>839.4000244140625</ele>
        <time>2025-10-05T09:14:51.000Z</time>
        <extensions>
          <ns3:TrackPointExtension>
            <ns3:hr>80</ns3:hr>
            <ns3:cad>48</ns3:cad>
          </ns3:TrackPointExtension>
        </extensions>
      </trkpt>
      <trkpt lat="42.4531766586005687713623046875" lon="-6.05057177133858203887939453125">
        <ele>839.5999755859375</ele>
        <time>2025-10-05T09:14:52.000Z</time>
        <extensions>
          <ns3:TrackPointExtension>
            <ns3:hr>80</ns3:hr>
            <ns3:cad>48</ns3:cad>
          </ns3:TrackPointExtension>
        </extensions>
      </trkpt>
      <trkpt lat="42.45320423506200313568115234375" lon="-6.0506151057779788970947265625">
        <ele>840.20001220703125</ele>
        <time>2025-10-05T09:14:56.000Z</time>
        <extensions>
          <ns3:TrackPointExtension>
            <ns3:hr>81</ns3:hr>
            <ns3:cad>48</ns3:cad>
          </ns3:TrackPointExtension>
        </extensions>
      </trkpt>
      <trkpt lat="42.45321714319288730621337890625" lon="-6.0506759583950042724609375">
        <ele>840.5999755859375</ele>
        <time>2025-10-05T09:15:00.000Z</time>
        <extensions>
          <ns3:TrackPointExtension>
            <ns3:hr>82</ns3:hr>
            <ns3:cad>49</ns3:cad>
          </ns3:TrackPointExtension>
        </extensions>
      </trkpt>
      <trkpt lat="42.45321462862193584442138671875" lon="-6.05072331614792346954345703125">
        <ele>841.20001220703125</ele>
        <time>2025-10-05T09:15:04.000Z</time>
        <extensions>
          <ns3:TrackPointExtension>
            <ns3:hr>85</ns3:hr>
            <ns3:cad>48</ns3:cad>
          </ns3:TrackPointExtension>
        </extensions>
      </trkpt>
      <trkpt lat="42.45320607908070087432861328125" lon="-6.05075868777930736541748046875">
        <ele>841.79998779296875</ele>
        <time>2025-10-05T09:15:07.000Z</time>
        <extensions>
          <ns3:TrackPointExtension>
            <ns3:hr>89</ns3:hr>
            <ns3:cad>48</ns3:cad>
          </ns3:TrackPointExtension>
        </extensions>
      </trkpt>
      <trkpt lat="42.45320725254714488983154296875" lon="-6.0507847554981708526611328125">
        <ele>842.20001220703125</ele>
        <time>2025-10-05T09:15:09.000Z</time>
        <extensions>
          <ns3:TrackPointExtension>
            <ns3:hr>92</ns3:hr>
            <ns3:cad>47</ns3:cad>
          </ns3:TrackPointExtension>
        </extensions>
      </trkpt>
      <trkpt lat="42.45320691727101802825927734375" lon="-6.0508068837225437164306640625">
        <ele>842.5999755859375</ele>
        <time>2025-10-05T09:15:11.000Z</time>
        <extensions>
          <ns3:TrackPointExtension>
            <ns3:hr>97</ns3:hr>
            <ns3:cad>48</ns3:cad>
          </ns3:TrackPointExtension>
        </extensions>
      </trkpt>
      <trkpt lat="42.4532081745564937591552734375" lon="-6.0508206300437450408935546875">
        <ele>842.79998779296875</ele>
        <time>2025-10-05T09:15:12.000Z</time>
        <extensions>
          <ns3:TrackPointExtension>
            <ns3:hr>99</ns3:hr>
            <ns3:cad>48</ns3:cad>
          </ns3:TrackPointExtension>
        </extensions>
      </trkpt>
      <trkpt lat="42.4532085098326206207275390625" lon="-6.0508333705365657806396484375">
        <ele>842.79998779296875</ele>
        <time>2025-10-05T09:15:13.000Z</time>
        <extensions>
          <ns3:TrackPointExtension>
            <ns3:hr>102</ns3:hr>
            <ns3:cad>48</ns3:cad>
          </ns3:TrackPointExtension>
        </extensions>
      </trkpt>
      <trkpt lat="42.45320825837552547454833984375" lon="-6.0508434288203716278076171875">
        <ele>842.79998779296875</ele>
        <time>2025-10-05T09:15:14.000Z</time>
        <extensions>
          <ns3:TrackPointExtension>
            <ns3:hr>114</ns3:hr>
            <ns3:cad>48</ns3:cad>
          </ns3:TrackPointExtension>
        </extensions>
      </trkpt>
      <trkpt lat="42.453206665813922882080078125" lon="-6.05085633695125579833984375">
        <ele>842.79998779296875</ele>
        <time>2025-10-05T09:15:15.000Z</time>
        <extensions>
          <ns3:TrackPointExtension>
            <ns3:hr>118</ns3:hr>
            <ns3:cad>48</ns3:cad>
          </ns3:TrackPointExtension>
        </extensions>
      </trkpt>
      <trkpt lat="42.45318411849439144134521484375" lon="-6.05092247016727924346923828125">
        <ele>843.5999755859375</ele>
        <time>2025-10-05T09:15:21.000Z</time>
        <extensions>
          <ns3:TrackPointExtension>
            <ns3:hr>121</ns3:hr>
            <ns3:cad>50</ns3:cad>
          </ns3:TrackPointExtension>
        </extensions>
      </trkpt>
      <trkpt lat="42.45317221619188785552978515625" lon="-6.0509470291435718536376953125">
        <ele>843.5999755859375</ele>
        <time>2025-10-05T09:15:23.000Z</time>
        <extensions>
          <ns3:TrackPointExtension>
            <ns3:hr>122</ns3:hr>
            <ns3:cad>50</ns3:cad>
          </ns3:TrackPointExtension>
        </extensions>
      </trkpt>
      <trkpt lat="42.45316148735582828521728515625" lon="-6.0509775392711162567138671875">
        <ele>844</ele>
        <time>2025-10-05T09:15:25.000Z</time>
        <extensions>
          <ns3:TrackPointExtension>
            <ns3:hr>124</ns3:hr>
            <ns3:cad>51</ns3:cad>
          </ns3:TrackPointExtension>
        </extensions>
      </trkpt>
      <trkpt lat="42.45314355008304119110107421875" lon="-6.05102992616593837738037109375">
        <ele>844.20001220703125</ele>
        <time>2025-10-05T09:15:29.000Z</time>
        <extensions>
          <ns3:TrackPointExtension>
            <ns3:hr>127</ns3:hr>
            <ns3:cad>50</ns3:cad>
          </ns3:TrackPointExtension>
        </extensions>
      </trkpt>
      <trkpt lat="42.45313315652310848236083984375" lon="-6.05106420814990997314453125">
        <ele>844.5999755859375</ele>
        <time>2025-10-05T09:15:32.000Z</time>
        <extensions>
          <ns3:TrackPointExtension>
            <ns3:hr>127</ns3:hr>
            <ns3:cad>50</ns3:cad>
          </ns3:TrackPointExtension>
        </extensions>
      </trkpt>
      <trkpt lat="42.45310599915683269500732421875" lon="-6.05112749151885509490966796875">
        <ele>845</ele>
        <time>2025-10-05T09:15:37.000Z</time>
        <extensions>
          <ns3:TrackPointExtension>
            <ns3:hr>127</ns3:hr>
            <ns3:cad>50</ns3:cad>
          </ns3:TrackPointExtension>
        </extensions>
      </trkpt>
      <trkpt lat="42.45309644378721714019775390625" lon="-6.05115263722836971282958984375">
        <ele>845</ele>
        <time>2025-10-05T09:15:39.000Z</time>
        <extensions>
          <ns3:TrackPointExtension>
            <ns3:hr>123</ns3:hr>
            <ns3:cad>50</ns3:cad>
          </ns3:TrackPointExtension>
        </extensions>
      </trkpt>
      <trkpt lat="42.45308688841760158538818359375" lon="-6.05118230916559696197509765625">
        <ele>845.20001220703125</ele>
        <time>2025-10-05T09:15:41.000Z</time>
        <extensions>
          <ns3:TrackPointExtension>
            <ns3:hr>122</ns3:hr>
            <ns3:cad>50</ns3:cad>
          </ns3:TrackPointExtension>
        </extensions>
      </trkpt>
      <trkpt lat="42.4530733935534954071044921875" lon="-6.05127283371984958648681640625">
        <ele>845.5999755859375</ele>
        <time>2025-10-05T09:15:48.000Z</time>
        <extensions>
          <ns3:TrackPointExtension>
            <ns3:hr>120</ns3:hr>
            <ns3:cad>50</ns3:cad>
          </ns3:TrackPointExtension>
        </extensions>
      </trkpt>
      <trkpt lat="42.4530673585832118988037109375" lon="-6.0513942874968051910400390625">
        <ele>845.79998779296875</ele>
        <time>2025-10-05T09:15:57.000Z</time>
        <extensions>
          <ns3:TrackPointExtension>
            <ns3:hr>119</ns3:hr>
            <ns3:cad>51</ns3:cad>
          </ns3:TrackPointExtension>
        </extensions>
      </trkpt>
      <trkpt lat="42.4530827812850475311279296875" lon="-6.0514549724757671356201171875">
        <ele>846</ele>
        <time>2025-10-05T09:16:03.000Z</time>
        <extensions>
          <ns3:TrackPointExtension>
            <ns3:hr>117</ns3:hr>
            <ns3:cad>0</ns3:cad>
          </ns3:TrackPointExtension>
        </extensions>
      </trkpt>
      <trkpt lat="42.45309476740658283233642578125" lon="-6.05147056281566619873046875">
        <ele>846</ele>
        <time>2025-10-05T09:16:05.000Z</time>
        <extensions>
          <ns3:TrackPointExtension>
            <ns3:hr>117</ns3:hr>
            <ns3:cad>51</ns3:cad>
          </ns3:TrackPointExtension>
        </extensions>
      </trkpt>
      <trkpt lat="42.453166432678699493408203125" lon="-6.05151020921766757965087890625">
        <ele>846</ele>
        <time>2025-10-05T09:16:13.000Z</time>
        <extensions>
          <ns3:TrackPointExtension>
            <ns3:hr>115</ns3:hr>
            <ns3:cad>50</ns3:cad>
          </ns3:TrackPointExtension>
        </extensions>
      </trkpt>
      <trkpt lat="42.453159727156162261962890625" lon="-6.05150383897125720977783203125">
        <ele>846</ele>
        <time>2025-10-05T09:16:20.000Z</time>
        <extensions>
          <ns3:TrackPointExtension>
            <ns3:hr>114</ns3:hr>
            <ns3:cad>0</ns3:cad>
          </ns3:TrackPointExtension>
        </extensions>
      </trkpt>
      <trkpt lat="42.4531902372837066650390625" lon="-6.051521189510822296142578125">
        <ele>845.5999755859375</ele>
        <time>2025-10-05T09:16:26.000Z</time>
        <extensions>
          <ns3:TrackPointExtension>
            <ns3:hr>113</ns3:hr>
            <ns3:cad>0</ns3:cad>
          </ns3:TrackPointExtension>
        </extensions>
      </trkpt>
      <trkpt lat="42.45324413292109966278076171875" lon="-6.0515072755515575408935546875">
        <ele>845.79998779296875</ele>
        <time>2025-10-05T09:16:32.000Z</time>
        <extensions>
          <ns3:TrackPointExtension>
            <ns3:hr>111</ns3:hr>
            <ns3:cad>51</ns3:cad>
          </ns3:TrackPointExtension>
        </extensions>
      </trkpt>
      <trkpt lat="42.45325930416584014892578125" lon="-6.05145849287509918212890625">
        <ele>846</ele>
        <time>2025-10-05T09:16:35.000Z</time>
        <extensions>
          <ns3:TrackPointExtension>
            <ns3:hr>108</ns3:hr>
            <ns3:cad>49</ns3:cad>
          </ns3:TrackPointExtension>
        </extensions>
      </trkpt>
      <trkpt lat="42.4532598070800304412841796875" lon="-6.0514465905725955963134765625">
        <ele>846</ele>
        <time>2025-10-05T09:16:36.000Z</time>
        <extensions>
          <ns3:TrackPointExtension>
            <ns3:hr>105</ns3:hr>
            <ns3:cad>49</ns3:cad>
          </ns3:TrackPointExtension>
        </extensions>
      </trkpt>
      <trkpt lat="42.45325972326099872589111328125" lon="-6.051441729068756103515625">
        <ele>846</ele>
        <time>2025-10-05T09:16:37.000Z</time>
        <extensions>
          <ns3:TrackPointExtension>
            <ns3:hr>102</ns3:hr>
            <ns3:cad>48</ns3:cad>
          </ns3:TrackPointExtension>
        </extensions>
      </trkpt>
      <trkpt lat="42.4532634951174259185791015625" lon="-6.05142001993954181671142578125">
        <ele>846.4000244140625</ele>
        <time>2025-10-05T09:16:39.000Z</time>
        <extensions>
          <ns3:TrackPointExtension>
            <ns3:hr>98</ns3:hr>
            <ns3:cad>48</ns3:cad>
          </ns3:TrackPointExtension>
        </extensions>
      </trkpt>
      <trkpt lat="42.45325771160423755645751953125" lon="-6.05140510015189647674560546875">
        <ele>847</ele>
        <time>2025-10-05T09:16:42.000Z</time>
        <extensions>
          <ns3:TrackPointExtension>
            <ns3:hr>98</ns3:hr>
            <ns3:cad>44</ns3:cad>
          </ns3:TrackPointExtension>
        </extensions>
      </trkpt>
      <trkpt lat="42.45325796306133270263671875" lon="-6.0514009930193424224853515625">
        <ele>847.20001220703125</ele>
        <time>2025-10-05T09:16:43.000Z</time>
        <extensions>
          <ns3:TrackPointExtension>
            <ns3:hr>97</ns3:hr>
            <ns3:cad>44</ns3:cad>
          </ns3:TrackPointExtension>
        </extensions>
      </trkpt>
      <trkpt lat="42.4533137865364551544189453125" lon="-6.0513520427048206329345703125">
        <ele>845.79998779296875</ele>
        <time>2025-10-05T09:17:36.000Z</time>
        <extensions>
          <ns3:TrackPointExtension>
            <ns3:hr>90</ns3:hr>
            <ns3:cad>0</ns3:cad>
          </ns3:TrackPointExtension>
        </extensions>
      </trkpt>
      <trkpt lat="42.45331051759421825408935546875" lon="-6.051355563104152679443359375">
        <ele>845.79998779296875</ele>
        <time>2025-10-05T09:17:37.000Z</time>
        <extensions>
          <ns3:TrackPointExtension>
            <ns3:hr>90</ns3:hr>
            <ns3:cad>0</ns3:cad>
          </ns3:TrackPointExtension>
        </extensions>
      </trkpt>
      <trkpt lat="42.4532544426620006561279296875" lon="-6.05138464830815792083740234375">
        <ele>845.20001220703125</ele>
        <time>2025-10-05T09:17:42.000Z</time>
        <extensions>
          <ns3:TrackPointExtension>
            <ns3:hr>91</ns3:hr>
            <ns3:cad>49</ns3:cad>
          </ns3:TrackPointExtension>
        </extensions>
      </trkpt>
      <trkpt lat="42.45321907103061676025390625" lon="-6.0513867437839508056640625">
        <ele>844.5999755859375</ele>
        <time>2025-10-05T09:17:46.000Z</time>
        <extensions>
          <ns3:TrackPointExtension>
            <ns3:hr>92</ns3:hr>
            <ns3:cad>0</ns3:cad>
          </ns3:TrackPointExtension>
        </extensions>
      </trkpt>
      <trkpt lat="42.4531900696456432342529296875" lon="-6.05141029693186283111572265625">
        <ele>843.79998779296875</ele>
        <time>2025-10-05T09:17:50.000Z</time>
        <extensions>
          <ns3:TrackPointExtension>
            <ns3:hr>91</ns3:hr>
            <ns3:cad>55</ns3:cad>
          </ns3:TrackPointExtension>
        </extensions>
      </trkpt>
      <trkpt lat="42.45318294502794742584228515625" lon="-6.051421947777271270751953125">
        <ele>843.5999755859375</ele>
        <time>2025-10-05T09:17:51.000Z</time>
        <extensions>
          <ns3:TrackPointExtension>
            <ns3:hr>91</ns3:hr>
            <ns3:cad>54</ns3:cad>
          </ns3:TrackPointExtension>
        </extensions>
      </trkpt>
      <trkpt lat="42.45318328030407428741455078125" lon="-6.051484644412994384765625">
        <ele>843.20001220703125</ele>
        <time>2025-10-05T09:17:56.000Z</time>
        <extensions>
          <ns3:TrackPointExtension>
            <ns3:hr>90</ns3:hr>
            <ns3:cad>55</ns3:cad>
          </ns3:TrackPointExtension>
        </extensions>
      </trkpt>
      <trkpt lat="42.45319426059722900390625" lon="-6.05149470269680023193359375">
        <ele>843.20001220703125</ele>
        <time>2025-10-05T09:17:57.000Z</time>
        <extensions>
          <ns3:TrackPointExtension>
            <ns3:hr>90</ns3:hr>
            <ns3:cad>53</ns3:cad>
          </ns3:TrackPointExtension>
        </extensions>
      </trkpt>
      <trkpt lat="42.4532425403594970703125" lon="-6.05153099633753299713134765625">
        <ele>843.4000244140625</ele>
        <time>2025-10-05T09:18:04.000Z</time>
        <extensions>
          <ns3:TrackPointExtension>
            <ns3:hr>89</ns3:hr>
            <ns3:cad>53</ns3:cad>
          </ns3:TrackPointExtension>
        </extensions>
      </trkpt>
      <trkpt lat="42.45332376100122928619384765625" lon="-6.051581539213657379150390625">
        <ele>843.5999755859375</ele>
        <time>2025-10-05T09:18:13.000Z</time>
        <extensions>
          <ns3:TrackPointExtension>
            <ns3:hr>89</ns3:hr>
            <ns3:cad>53</ns3:cad>
          </ns3:TrackPointExtension>
        </extensions>
      </trkpt>
      <trkpt lat="42.45338394306600093841552734375" lon="-6.051680780947208404541015625">
        <ele>843.5999755859375</ele>
        <time>2025-10-05T09:18:22.000Z</time>
        <extensions>
          <ns3:TrackPointExtension>
            <ns3:hr>89</ns3:hr>
            <ns3:cad>51</ns3:cad>
          </ns3:TrackPointExtension>
        </extensions>
      </trkpt>
      <trkpt lat="42.45344110764563083648681640625" lon="-6.0517406277358531951904296875">
        <ele>843.4000244140625</ele>
        <time>2025-10-05T09:18:31.000Z</time>
        <extensions>
          <ns3:TrackPointExtension>
            <ns3:hr>90</ns3:hr>
            <ns3:cad>50</ns3:cad>
          </ns3:TrackPointExtension>
        </extensions>
      </trkpt>
      <trkpt lat="42.4535105936229228973388671875" lon="-6.05176116339862346649169921875">
        <ele>843.4000244140625</ele>
        <time>2025-10-05T09:18:40.000Z</time>
        <extensions>
          <ns3:TrackPointExtension>
            <ns3:hr>89</ns3:hr>
            <ns3:cad>45</ns3:cad>
          </ns3:TrackPointExtension>
        </extensions>
      </trkpt>
      <trkpt lat="42.4535789899528026580810546875" lon="-6.05182939209043979644775390625">
        <ele>843.5999755859375</ele>
        <time>2025-10-05T09:18:48.000Z</time>
        <extensions>
          <ns3:TrackPointExtension>
            <ns3:hr>89</ns3:hr>
            <ns3:cad>52</ns3:cad>
          </ns3:TrackPointExtension>
        </extensions>
      </trkpt>
      <trkpt lat="42.4536698497831821441650390625" lon="-6.0519205033779144287109375">
        <ele>843.5999755859375</ele>
        <time>2025-10-05T09:18:59.000Z</time>
        <extensions>
          <ns3:TrackPointExtension>
            <ns3:hr>88</ns3:hr>
            <ns3:cad>54</ns3:cad>
          </ns3:TrackPointExtension>
        </extensions>
      </trkpt>
      <trkpt lat="42.453771941363811492919921875" lon="-6.05203122831881046295166015625">
        <ele>843.5999755859375</ele>
        <time>2025-10-05T09:19:11.000Z</time>
        <extensions>
          <ns3:TrackPointExtension>
            <ns3:hr>89</ns3:hr>
            <ns3:cad>54</ns3:cad>
          </ns3:TrackPointExtension>
        </extensions>
      </trkpt>
      <trkpt lat="42.4538529105484485626220703125" lon="-6.05216248892247676849365234375">
        <ele>843.79998779296875</ele>
        <time>2025-10-05T09:19:22.000Z</time>
        <extensions>
          <ns3:TrackPointExtension>
            <ns3:hr>88</ns3:hr>
            <ns3:cad>53</ns3:cad>
          </ns3:TrackPointExtension>
        </extensions>
      </trkpt>
      <trkpt lat="42.4539493024349212646484375" lon="-6.052294671535491943359375">
        <ele>843.4000244140625</ele>
        <time>2025-10-05T09:19:35.000Z</time>
        <extensions>
          <ns3:TrackPointExtension>
            <ns3:hr>89</ns3:hr>
            <ns3:cad>55</ns3:cad>
          </ns3:TrackPointExtension>
        </extensions>
      </trkpt>
      <trkpt lat="42.454046867787837982177734375" lon="-6.0523602180182933807373046875">
        <ele>843.4000244140625</ele>
        <time>2025-10-05T09:19:44.000Z</time>
        <extensions>
          <ns3:TrackPointExtension>
            <ns3:hr>88</ns3:hr>
            <ns3:cad>54</ns3:cad>
          </ns3:TrackPointExtension>
        </extensions>
      </trkpt>
      <trkpt lat="42.4540979973971843719482421875" lon="-6.05244831182062625885009765625">
        <ele>843.4000244140625</ele>
        <time>2025-10-05T09:19:52.000Z</time>
        <extensions>
          <ns3:TrackPointExtension>
            <ns3:hr>88</ns3:hr>
            <ns3:cad>56</ns3:cad>
          </ns3:TrackPointExtension>
        </extensions>
      </trkpt>
      <trkpt lat="42.45413479395210742950439453125" lon="-6.0525446198880672454833984375">
        <ele>843.4000244140625</ele>
        <time>2025-10-05T09:20:01.000Z</time>
        <extensions>
          <ns3:TrackPointExtension>
            <ns3:hr>87</ns3:hr>
            <ns3:cad>56</ns3:cad>
          </ns3:TrackPointExtension>
        </extensions>
      </trkpt>
      <trkpt lat="42.454189024865627288818359375" lon="-6.0526036284863948822021484375">
        <ele>843.5999755859375</ele>
        <time>2025-10-05T09:20:08.000Z</time>
        <extensions>
          <ns3:TrackPointExtension>
            <ns3:hr>87</ns3:hr>
            <ns3:cad>56</ns3:cad>
          </ns3:TrackPointExtension>
        </extensions>
      </trkpt>
      <trkpt lat="42.4542562477290630340576171875" lon="-6.05268769897520542144775390625">
        <ele>843.20001220703125</ele>
        <time>2025-10-05T09:20:17.000Z</time>
        <extensions>
          <ns3:TrackPointExtension>
            <ns3:hr>86</ns3:hr>
            <ns3:cad>54</ns3:cad>
          </ns3:TrackPointExtension>
        </extensions>
      </trkpt>
      <trkpt lat="42.454345934092998504638671875" lon="-6.05276699177920818328857421875">
        <ele>842.5999755859375</ele>
        <time>2025-10-05T09:20:27.000Z</time>
        <extensions>
          <ns3:TrackPointExtension>
            <ns3:hr>86</ns3:hr>
            <ns3:cad>55</ns3:cad>
          </ns3:TrackPointExtension>
        </extensions>
      </trkpt>
      <trkpt lat="42.45435892604291439056396484375" lon="-6.05277302674949169158935546875">
        <ele>842.5999755859375</ele>
        <time>2025-10-05T09:20:28.000Z</time>
        <extensions>
          <ns3:TrackPointExtension>
            <ns3:hr>85</ns3:hr>
            <ns3:cad>54</ns3:cad>
          </ns3:TrackPointExtension>
        </extensions>
      </trkpt>
      <trkpt lat="42.4544158391654491424560546875" lon="-6.05283203534781932830810546875">
        <ele>842.4000244140625</ele>
        <time>2025-10-05T09:20:35.000Z</time>
        <extensions>
          <ns3:TrackPointExtension>
            <ns3:hr>86</ns3:hr>
            <ns3:cad>54</ns3:cad>
          </ns3:TrackPointExtension>
        </extensions>
      </trkpt>
      <trkpt lat="42.45445347391068935394287109375" lon="-6.0528956539928913116455078125">
        <ele>842.20001220703125</ele>
        <time>2025-10-05T09:20:42.000Z</time>
        <extensions>
          <ns3:TrackPointExtension>
            <ns3:hr>86</ns3:hr>
            <ns3:cad>53</ns3:cad>
          </ns3:TrackPointExtension>
        </extensions>
      </trkpt>
      <trkpt lat="42.4545197747647762298583984375" lon="-6.05294569395482540130615234375">
        <ele>842.20001220703125</ele>
        <time>2025-10-05T09:20:49.000Z</time>
        <extensions>
          <ns3:TrackPointExtension>
            <ns3:hr>83</ns3:hr>
            <ns3:cad>53</ns3:cad>
          </ns3:TrackPointExtension>
        </extensions>
      </trkpt>
      <trkpt lat="42.45453159324824810028076171875" lon="-6.0529492981731891632080078125">
        <ele>842.20001220703125</ele>
        <time>2025-10-05T09:20:50.000Z</time>
        <extensions>
          <ns3:TrackPointExtension>
            <ns3:hr>83</ns3:hr>
            <ns3:cad>53</ns3:cad>
          </ns3:TrackPointExtension>
        </extensions>
      </trkpt>
      <trkpt lat="42.454639971256256103515625" lon="-6.053000427782535552978515625">
        <ele>841.79998779296875</ele>
        <time>2025-10-05T09:21:00.000Z</time>
        <extensions>
          <ns3:TrackPointExtension>
            <ns3:hr>84</ns3:hr>
            <ns3:cad>55</ns3:cad>
          </ns3:TrackPointExtension>
        </extensions>
      </trkpt>
      <trkpt lat="42.4546968005597591400146484375" lon="-6.0530176945030689239501953125">
        <ele>842.20001220703125</ele>
        <time>2025-10-05T09:21:07.000Z</time>
        <extensions>
          <ns3:TrackPointExtension>
            <ns3:hr>83</ns3:hr>
            <ns3:cad>54</ns3:cad>
          </ns3:TrackPointExtension>
        </extensions>
      </trkpt>
      <trkpt lat="42.4547796137630939483642578125" lon="-6.05307494290173053741455078125">
        <ele>841.79998779296875</ele>
        <time>2025-10-05T09:21:14.000Z</time>
        <extensions>
          <ns3:TrackPointExtension>
            <ns3:hr>83</ns3:hr>
            <ns3:cad>55</ns3:cad>
          </ns3:TrackPointExtension>
        </extensions>
      </trkpt>
      <trkpt lat="42.45481926016509532928466796875" lon="-6.05320804752409458160400390625">
        <ele>841.5999755859375</ele>
        <time>2025-10-05T09:21:23.000Z</time>
        <extensions>
          <ns3:TrackPointExtension>
            <ns3:hr>83</ns3:hr>
            <ns3:cad>56</ns3:cad>
          </ns3:TrackPointExtension>
        </extensions>
      </trkpt>
      <trkpt lat="42.4548102915287017822265625" lon="-6.053325645625591278076171875">
        <ele>841.5999755859375</ele>
        <time>2025-10-05T09:21:29.000Z</time>
        <extensions>
          <ns3:TrackPointExtension>
            <ns3:hr>84</ns3:hr>
            <ns3:cad>56</ns3:cad>
          </ns3:TrackPointExtension>
        </extensions>
      </trkpt>
      <trkpt lat="42.454808615148067474365234375" lon="-6.0533402301371097564697265625">
        <ele>841.5999755859375</ele>
        <time>2025-10-05T09:21:30.000Z</time>
        <extensions>
          <ns3:TrackPointExtension>
            <ns3:hr>84</ns3:hr>
            <ns3:cad>56</ns3:cad>
          </ns3:TrackPointExtension>
        </extensions>
      </trkpt>
      <trkpt lat="42.45483753271400928497314453125" lon="-6.053440980613231658935546875">
        <ele>841.5999755859375</ele>
        <time>2025-10-05T09:21:38.000Z</time>
        <extensions>
          <ns3:TrackPointExtension>
            <ns3:hr>83</ns3:hr>
            <ns3:cad>56</ns3:cad>
          </ns3:TrackPointExtension>
        </extensions>
      </trkpt>
      <trkpt lat="42.4549110420048236846923828125" lon="-6.0535021685063838958740234375">
        <ele>841.79998779296875</ele>
        <time>2025-10-05T09:21:45.000Z</time>
        <extensions>
          <ns3:TrackPointExtension>
            <ns3:hr>81</ns3:hr>
            <ns3:cad>57</ns3:cad>
          </ns3:TrackPointExtension>
        </extensions>
      </trkpt>
      <trkpt lat="42.455011121928691864013671875" lon="-6.0535424016416072845458984375">
        <ele>841.79998779296875</ele>
        <time>2025-10-05T09:21:54.000Z</time>
        <extensions>
          <ns3:TrackPointExtension>
            <ns3:hr>81</ns3:hr>
            <ns3:cad>56</ns3:cad>
          </ns3:TrackPointExtension>
        </extensions>
      </trkpt>
      <trkpt lat="42.45510122738778591156005859375" lon="-6.0535963810980319976806640625">
        <ele>841.79998779296875</ele>
        <time>2025-10-05T09:22:02.000Z</time>
        <extensions>
          <ns3:TrackPointExtension>
            <ns3:hr>84</ns3:hr>
            <ns3:cad>56</ns3:cad>
          </ns3:TrackPointExtension>
        </extensions>
      </trkpt>
      <trkpt lat="42.45513643138110637664794921875" lon="-6.05362697504460811614990234375">
        <ele>841.79998779296875</ele>
        <time>2025-10-05T09:22:05.000Z</time>
        <extensions>
          <ns3:TrackPointExtension>
            <ns3:hr>87</ns3:hr>
            <ns3:cad>56</ns3:cad>
          </ns3:TrackPointExtension>
        </extensions>
      </trkpt>
      <trkpt lat="42.45519527234137058258056640625" lon="-6.05366838164627552032470703125">
        <ele>842</ele>
        <time>2025-10-05T09:22:10.000Z</time>
        <extensions>
          <ns3:TrackPointExtension>
            <ns3:hr>89</ns3:hr>
            <ns3:cad>56</ns3:cad>
          </ns3:TrackPointExtension>
        </extensions>
      </trkpt>
      <trkpt lat="42.45526517741382122039794921875" lon="-6.05371423065662384033203125">
        <ele>842.4000244140625</ele>
        <time>2025-10-05T09:22:18.000Z</time>
        <extensions>
          <ns3:TrackPointExtension>
            <ns3:hr>91</ns3:hr>
            <ns3:cad>55</ns3:cad>
          </ns3:TrackPointExtension>
        </extensions>
      </trkpt>
      <trkpt lat="42.45526635088026523590087890625" lon="-6.053714565932750701904296875">
        <ele>842.5999755859375</ele>
        <time>2025-10-05T09:22:19.000Z</time>
        <extensions>
          <ns3:TrackPointExtension>
            <ns3:hr>91</ns3:hr>
            <ns3:cad>55</ns3:cad>
          </ns3:TrackPointExtension>
        </extensions>
      </trkpt>
      <trkpt lat="42.455229721963405609130859375" lon="-6.053666956722736358642578125">
        <ele>839.5999755859375</ele>
        <time>2025-10-05T09:27:47.000Z</time>
        <extensions>
          <ns3:TrackPointExtension>
            <ns3:hr>90</ns3:hr>
            <ns3:cad>0</ns3:cad>
          </ns3:TrackPointExtension>
        </extensions>
      </trkpt>
      <trkpt lat="42.45524279773235321044921875" lon="-6.0536845587193965911865234375">
        <ele>839.4000244140625</ele>
        <time>2025-10-05T09:27:49.000Z</time>
        <extensions>
          <ns3:TrackPointExtension>
            <ns3:hr>90</ns3:hr>
            <ns3:cad>0</ns3:cad>
          </ns3:TrackPointExtension>
        </extensions>
      </trkpt>
      <trkpt lat="42.45525042526423931121826171875" lon="-6.05369545519351959228515625">
        <ele>839.4000244140625</ele>
        <time>2025-10-05T09:27:50.000Z</time>
        <extensions>
          <ns3:TrackPointExtension>
            <ns3:hr>90</ns3:hr>
            <ns3:cad>0</ns3:cad>
          </ns3:TrackPointExtension>
        </extensions>
      </trkpt>
      <trkpt lat="42.45532368309795856475830078125" lon="-6.0537529550492763519287109375">
        <ele>839.20001220703125</ele>
        <time>2025-10-05T09:27:57.000Z</time>
        <extensions>
          <ns3:TrackPointExtension>
            <ns3:hr>91</ns3:hr>
            <ns3:cad>55</ns3:cad>
          </ns3:TrackPointExtension>
        </extensions>
      </trkpt>
      <trkpt lat="42.4553777463734149932861328125" lon="-6.05379394255578517913818359375">
        <ele>838.4000244140625</ele>
        <time>2025-10-05T09:28:02.000Z</time>
        <extensions>
          <ns3:TrackPointExtension>
            <ns3:hr>91</ns3:hr>
            <ns3:cad>56</ns3:cad>
          </ns3:TrackPointExtension>
        </extensions>
      </trkpt>
      <trkpt lat="42.45541420765221118927001953125" lon="-6.0538102872669696807861328125">
        <ele>837.4000244140625</ele>
        <time>2025-10-05T09:28:05.000Z</time>
        <extensions>
          <ns3:TrackPointExtension>
            <ns3:hr>91</ns3:hr>
            <ns3:cad>57</ns3:cad>
          </ns3:TrackPointExtension>
        </extensions>
      </trkpt>
      <trkpt lat="42.45542728342115879058837890625" lon="-6.05381523258984088897705078125">
        <ele>837</ele>
        <time>2025-10-05T09:28:06.000Z</time>
        <extensions>
          <ns3:TrackPointExtension>
            <ns3:hr>91</ns3:hr>
            <ns3:cad>57</ns3:cad>
          </ns3:TrackPointExtension>
        </extensions>
      </trkpt>
      <trkpt lat="42.45545913465321063995361328125" lon="-6.05382797308266162872314453125">
        <ele>836.20001220703125</ele>
        <time>2025-10-05T09:28:09.000Z</time>
        <extensions>
          <ns3:TrackPointExtension>
            <ns3:hr>91</ns3:hr>
            <ns3:cad>57</ns3:cad>
          </ns3:TrackPointExtension>
        </extensions>
      </trkpt>
      <trkpt lat="42.4554924108088016510009765625" lon="-6.05384574271738529205322265625">
        <ele>835.5999755859375</ele>
        <time>2025-10-05T09:28:12.000Z</time>
        <extensions>
          <ns3:TrackPointExtension>
            <ns3:hr>88</ns3:hr>
            <ns3:cad>57</ns3:cad>
          </ns3:TrackPointExtension>
        </extensions>
      </trkpt>
      <trkpt lat="42.455544881522655487060546875" lon="-6.053880192339420318603515625">
        <ele>835.79998779296875</ele>
        <time>2025-10-05T09:28:16.000Z</time>
        <extensions>
          <ns3:TrackPointExtension>
            <ns3:hr>87</ns3:hr>
            <ns3:cad>56</ns3:cad>
          </ns3:TrackPointExtension>
        </extensions>
      </trkpt>
      <trkpt lat="42.4556533433496952056884765625" lon="-6.053940542042255401611328125">
        <ele>835.5999755859375</ele>
        <time>2025-10-05T09:28:25.000Z</time>
        <extensions>
          <ns3:TrackPointExtension>
            <ns3:hr>87</ns3:hr>
            <ns3:cad>58</ns3:cad>
          </ns3:TrackPointExtension>
        </extensions>
      </trkpt>
      <trkpt lat="42.455725260078907012939453125" lon="-6.0540104471147060394287109375">
        <ele>835.4000244140625</ele>
        <time>2025-10-05T09:28:32.000Z</time>
        <extensions>
          <ns3:TrackPointExtension>
            <ns3:hr>88</ns3:hr>
            <ns3:cad>57</ns3:cad>
          </ns3:TrackPointExtension>
        </extensions>
      </trkpt>
      <trkpt lat="42.45580279268324375152587890625" lon="-6.05403886176645755767822265625">
        <ele>835.20001220703125</ele>
        <time>2025-10-05T09:28:39.000Z</time>
        <extensions>
          <ns3:TrackPointExtension>
            <ns3:hr>88</ns3:hr>
            <ns3:cad>57</ns3:cad>
          </ns3:TrackPointExtension>
        </extensions>
      </trkpt>
      <trkpt lat="42.4558125995099544525146484375" lon="-6.05404020287096500396728515625">
        <ele>835.20001220703125</ele>
        <time>2025-10-05T09:28:40.000Z</time>
        <extensions>
          <ns3:TrackPointExtension>
            <ns3:hr>88</ns3:hr>
            <ns3:cad>57</ns3:cad>
          </ns3:TrackPointExtension>
        </extensions>
      </trkpt>
      <trkpt lat="42.45593941770493984222412109375" lon="-6.05412117205560207366943359375">
        <ele>835</ele>
        <time>2025-10-05T09:28:51.000Z</time>
        <extensions>
          <ns3:TrackPointExtension>
            <ns3:hr>88</ns3:hr>
            <ns3:cad>57</ns3:cad>
          </ns3:TrackPointExtension>
        </extensions>
      </trkpt>
      <trkpt lat="42.456020973622798919677734375" lon="-6.05418889783322811126708984375">
        <ele>835</ele>
        <time>2025-10-05T09:28:59.000Z</time>
        <extensions>
          <ns3:TrackPointExtension>
            <ns3:hr>87</ns3:hr>
            <ns3:cad>57</ns3:cad>
          </ns3:TrackPointExtension>
        </extensions>
      </trkpt>
      <trkpt lat="42.45610655285418033599853515625" lon="-6.0542790032923221588134765625">
        <ele>835</ele>
        <time>2025-10-05T09:29:05.000Z</time>
        <extensions>
          <ns3:TrackPointExtension>
            <ns3:hr>90</ns3:hr>
            <ns3:cad>57</ns3:cad>
          </ns3:TrackPointExtension>
        </extensions>
      </trkpt>
      <trkpt lat="42.4561428464949131011962890625" lon="-6.0542696155607700347900390625">
        <ele>835</ele>
        <time>2025-10-05T09:29:07.000Z</time>
        <extensions>
          <ns3:TrackPointExtension>
            <ns3:hr>91</ns3:hr>
            <ns3:cad>57</ns3:cad>
          </ns3:TrackPointExtension>
        </extensions>
      </trkpt>
      <trkpt lat="42.45615801773965358734130859375" lon="-6.0543011315166950225830078125">
        <ele>835.20001220703125</ele>
        <time>2025-10-05T09:29:11.000Z</time>
        <extensions>
          <ns3:TrackPointExtension>
            <ns3:hr>92</ns3:hr>
            <ns3:cad>56</ns3:cad>
          </ns3:TrackPointExtension>
        </extensions>
      </trkpt>
      <trkpt lat="42.4561743624508380889892578125" lon="-6.054322756826877593994140625">
        <ele>835.20001220703125</ele>
        <time>2025-10-05T09:29:13.000Z</time>
        <extensions>
          <ns3:TrackPointExtension>
            <ns3:hr>91</ns3:hr>
            <ns3:cad>56</ns3:cad>
          </ns3:TrackPointExtension>
        </extensions>
      </trkpt>
      <trkpt lat="42.45625474490225315093994140625" lon="-6.054408587515354156494140625">
        <ele>835.4000244140625</ele>
        <time>2025-10-05T09:29:21.000Z</time>
        <extensions>
          <ns3:TrackPointExtension>
            <ns3:hr>91</ns3:hr>
            <ns3:cad>56</ns3:cad>
          </ns3:TrackPointExtension>
        </extensions>
      </trkpt>
      <trkpt lat="42.45635993778705596923828125" lon="-6.0545096732676029205322265625">
        <ele>835.79998779296875</ele>
        <time>2025-10-05T09:29:31.000Z</time>
        <extensions>
          <ns3:TrackPointExtension>
            <ns3:hr>91</ns3:hr>
            <ns3:cad>57</ns3:cad>
          </ns3:TrackPointExtension>
        </extensions>
      </trkpt>
      <trkpt lat="42.456384412944316864013671875" lon="-6.05465945787727832794189453125">
        <ele>836</ele>
        <time>2025-10-05T09:29:40.000Z</time>
        <extensions>
          <ns3:TrackPointExtension>
            <ns3:hr>93</ns3:hr>
            <ns3:cad>57</ns3:cad>
          </ns3:TrackPointExtension>
        </extensions>
      </trkpt>
      <trkpt lat="42.456385754048824310302734375" lon="-6.05475283227860927581787109375">
        <ele>836.20001220703125</ele>
        <time>2025-10-05T09:29:44.000Z</time>
        <extensions>
          <ns3:TrackPointExtension>
            <ns3:hr>94</ns3:hr>
            <ns3:cad>57</ns3:cad>
          </ns3:TrackPointExtension>
        </extensions>
      </trkpt>
      <trkpt lat="42.45638801716268062591552734375" lon="-6.05479172430932521820068359375">
        <ele>836.20001220703125</ele>
        <time>2025-10-05T09:29:46.000Z</time>
        <extensions>
          <ns3:TrackPointExtension>
            <ns3:hr>94</ns3:hr>
            <ns3:cad>57</ns3:cad>
          </ns3:TrackPointExtension>
        </extensions>
      </trkpt>
      <trkpt lat="42.45638282038271427154541015625" lon="-6.0549415089190006256103515625">
        <ele>836.4000244140625</ele>
        <time>2025-10-05T09:29:54.000Z</time>
        <extensions>
          <ns3:TrackPointExtension>
            <ns3:hr>95</ns3:hr>
            <ns3:cad>58</ns3:cad>
          </ns3:TrackPointExtension>
        </extensions>
      </trkpt>
      <trkpt lat="42.4563597701489925384521484375" lon="-6.0550868511199951171875">
        <ele>836.5999755859375</ele>
        <time>2025-10-05T09:30:02.000Z</time>
        <extensions>
          <ns3:TrackPointExtension>
            <ns3:hr>95</ns3:hr>
            <ns3:cad>57</ns3:cad>
          </ns3:TrackPointExtension>
        </extensions>
      </trkpt>
      <trkpt lat="42.45635231025516986846923828125" lon="-6.05521467514336109161376953125">
        <ele>836.5999755859375</ele>
        <time>2025-10-05T09:30:09.000Z</time>
        <extensions>
          <ns3:TrackPointExtension>
            <ns3:hr>95</ns3:hr>
            <ns3:cad>57</ns3:cad>
          </ns3:TrackPointExtension>
        </extensions>
      </trkpt>
      <trkpt lat="42.45635599829256534576416015625" lon="-6.05525381863117218017578125">
        <ele>836.5999755859375</ele>
        <time>2025-10-05T09:30:13.000Z</time>
        <extensions>
          <ns3:TrackPointExtension>
            <ns3:hr>96</ns3:hr>
            <ns3:cad>57</ns3:cad>
          </ns3:TrackPointExtension>
        </extensions>
      </trkpt>
      <trkpt lat="42.4563852511346340179443359375" lon="-6.05522976256906986236572265625">
        <ele>836.20001220703125</ele>
        <time>2025-10-05T09:30:39.000Z</time>
        <extensions>
          <ns3:TrackPointExtension>
            <ns3:hr>78</ns3:hr>
            <ns3:cad>0</ns3:cad>
          </ns3:TrackPointExtension>
        </extensions>
      </trkpt>
      <trkpt lat="42.45638567022979259490966796875" lon="-6.05523764155805110931396484375">
        <ele>836.4000244140625</ele>
        <time>2025-10-05T09:30:40.000Z</time>
        <extensions>
          <ns3:TrackPointExtension>
            <ns3:hr>77</ns3:hr>
            <ns3:cad>0</ns3:cad>
          </ns3:TrackPointExtension>
        </extensions>
      </trkpt>
      <trkpt lat="42.4563963152468204498291015625" lon="-6.05533688329160213470458984375">
        <ele>836.4000244140625</ele>
        <time>2025-10-05T09:30:46.000Z</time>
        <extensions>
          <ns3:TrackPointExtension>
            <ns3:hr>80</ns3:hr>
            <ns3:cad>55</ns3:cad>
          </ns3:TrackPointExtension>
        </extensions>
      </trkpt>
      <trkpt lat="42.45641584508121013641357421875" lon="-6.0553609393537044525146484375">
        <ele>836.5999755859375</ele>
        <time>2025-10-05T09:30:48.000Z</time>
        <extensions>
          <ns3:TrackPointExtension>
            <ns3:hr>82</ns3:hr>
            <ns3:cad>55</ns3:cad>
          </ns3:TrackPointExtension>
        </extensions>
      </trkpt>
      <trkpt lat="42.45646378956735134124755859375" lon="-6.055459342896938323974609375">
        <ele>836.5999755859375</ele>
        <time>2025-10-05T09:30:54.000Z</time>
        <extensions>
          <ns3:TrackPointExtension>
            <ns3:hr>81</ns3:hr>
            <ns3:cad>57</ns3:cad>
          </ns3:TrackPointExtension>
        </extensions>
      </trkpt>
      <trkpt lat="42.45651793666183948516845703125" lon="-6.05553067289292812347412109375">
        <ele>836.4000244140625</ele>
        <time>2025-10-05T09:31:02.000Z</time>
        <extensions>
          <ns3:TrackPointExtension>
            <ns3:hr>83</ns3:hr>
            <ns3:cad>57</ns3:cad>
          </ns3:TrackPointExtension>
        </extensions>
      </trkpt>
      <trkpt lat="42.4565723352134227752685546875" lon="-6.055584065616130828857421875">
        <ele>836.4000244140625</ele>
        <time>2025-10-05T09:31:09.000Z</time>
        <extensions>
          <ns3:TrackPointExtension>
            <ns3:hr>84</ns3:hr>
            <ns3:cad>59</ns3:cad>
          </ns3:TrackPointExtension>
        </extensions>
      </trkpt>
      <trkpt lat="42.4566722474992275238037109375" lon="-6.0556687228381633758544921875">
        <ele>836.20001220703125</ele>
        <time>2025-10-05T09:31:17.000Z</time>
        <extensions>
          <ns3:TrackPointExtension>
            <ns3:hr>83</ns3:hr>
            <ns3:cad>59</ns3:cad>
          </ns3:TrackPointExtension>
        </extensions>
      </trkpt>
      <trkpt lat="42.45679604820907115936279296875" lon="-6.05577609501779079437255859375">
        <ele>836.20001220703125</ele>
        <time>2025-10-05T09:31:27.000Z</time>
        <extensions>
          <ns3:TrackPointExtension>
            <ns3:hr>84</ns3:hr>
            <ns3:cad>59</ns3:cad>
          </ns3:TrackPointExtension>
        </extensions>
      </trkpt>
      <trkpt lat="42.456882297992706298828125" lon="-6.055788584053516387939453125">
        <ele>836</ele>
        <time>2025-10-05T09:31:33.000Z</time>
        <extensions>
          <ns3:TrackPointExtension>
            <ns3:hr>87</ns3:hr>
            <ns3:cad>59</ns3:cad>
          </ns3:TrackPointExtension>
        </extensions>
      </trkpt>
      <trkpt lat="42.45698799379169940948486328125" lon="-6.05572463013231754302978515625">
        <ele>836</ele>
        <time>2025-10-05T09:31:41.000Z</time>
        <extensions>
          <ns3:TrackPointExtension>
            <ns3:hr>87</ns3:hr>
            <ns3:cad>59</ns3:cad>
          </ns3:TrackPointExtension>
        </extensions>
      </trkpt>
      <trkpt lat="42.45701766572892665863037109375" lon="-6.05571289546787738800048828125">
        <ele>836</ele>
        <time>2025-10-05T09:31:44.000Z</time>
        <extensions>
          <ns3:TrackPointExtension>
            <ns3:hr>84</ns3:hr>
            <ns3:cad>59</ns3:cad>
          </ns3:TrackPointExtension>
        </extensions>
      </trkpt>
      <trkpt lat="42.457062341272830963134765625" lon="-6.055690012872219085693359375">
        <ele>836</ele>
        <time>2025-10-05T09:31:48.000Z</time>
        <extensions>
          <ns3:TrackPointExtension>
            <ns3:hr>82</ns3:hr>
            <ns3:cad>59</ns3:cad>
          </ns3:TrackPointExtension>
        </extensions>
      </trkpt>
      <trkpt lat="42.45713585056364536285400390625" lon="-6.055635698139667510986328125">
        <ele>836</ele>
        <time>2025-10-05T09:31:55.000Z</time>
        <extensions>
          <ns3:TrackPointExtension>
            <ns3:hr>81</ns3:hr>
            <ns3:cad>58</ns3:cad>
          </ns3:TrackPointExtension>
        </extensions>
      </trkpt>
      <trkpt lat="42.45720139704644680023193359375" lon="-6.0555678047239780426025390625">
        <ele>835.79998779296875</ele>
        <time>2025-10-05T09:32:02.000Z</time>
        <extensions>
          <ns3:TrackPointExtension>
            <ns3:hr>82</ns3:hr>
            <ns3:cad>57</ns3:cad>
          </ns3:TrackPointExtension>
        </extensions>
      </trkpt>
      <trkpt lat="42.45725118555128574371337890625" lon="-6.05555414222180843353271484375">
        <ele>836</ele>
        <time>2025-10-05T09:32:06.000Z</time>
        <extensions>
          <ns3:TrackPointExtension>
            <ns3:hr>85</ns3:hr>
            <ns3:cad>56</ns3:cad>
          </ns3:TrackPointExtension>
        </extensions>
      </trkpt>
      <trkpt lat="42.45728706009685993194580078125" lon="-6.05555690824985504150390625">
        <ele>836</ele>
        <time>2025-10-05T09:32:10.000Z</time>
        <extensions>
          <ns3:TrackPointExtension>
            <ns3:hr>85</ns3:hr>
            <ns3:cad>53</ns3:cad>
          </ns3:TrackPointExtension>
        </extensions>
      </trkpt>
      <trkpt lat="42.45731438510119915008544921875" lon="-6.0555594228208065032958984375">
        <ele>836.20001220703125</ele>
        <time>2025-10-05T09:32:13.000Z</time>
        <extensions>
          <ns3:TrackPointExtension>
            <ns3:hr>86</ns3:hr>
            <ns3:cad>55</ns3:cad>
          </ns3:TrackPointExtension>
        </extensions>
      </trkpt>
      <trkpt lat="42.45734640397131443023681640625" lon="-6.05555531568825244903564453125">
        <ele>835.79998779296875</ele>
        <time>2025-10-05T09:32:31.000Z</time>
        <extensions>
          <ns3:TrackPointExtension>
            <ns3:hr>77</ns3:hr>
            <ns3:cad>0</ns3:cad>
          </ns3:TrackPointExtension>
        </extensions>
      </trkpt>
      <trkpt lat="42.457347325980663299560546875" lon="-6.05555598624050617218017578125">
        <ele>836</ele>
        <time>2025-10-05T09:32:32.000Z</time>
        <extensions>
          <ns3:TrackPointExtension>
            <ns3:hr>77</ns3:hr>
            <ns3:cad>0</ns3:cad>
          </ns3:TrackPointExtension>
        </extensions>
      </trkpt>
      <trkpt lat="42.4573498405516147613525390625" lon="-6.055567972362041473388671875">
        <ele>836</ele>
        <time>2025-10-05T09:32:33.000Z</time>
        <extensions>
          <ns3:TrackPointExtension>
            <ns3:hr>77</ns3:hr>
            <ns3:cad>0</ns3:cad>
          </ns3:TrackPointExtension>
        </extensions>
      </trkpt>
      <trkpt lat="42.4573391117155551910400390625" lon="-6.05567199178040027618408203125">
        <ele>836</ele>
        <time>2025-10-05T09:32:41.000Z</time>
        <extensions>
          <ns3:TrackPointExtension>
            <ns3:hr>78</ns3:hr>
            <ns3:cad>54</ns3:cad>
          </ns3:TrackPointExtension>
        </extensions>
      </trkpt>
      <trkpt lat="42.45734338648617267608642578125" lon="-6.05581616051495075225830078125">
        <ele>836.4000244140625</ele>
        <time>2025-10-05T09:32:51.000Z</time>
        <extensions>
          <ns3:TrackPointExtension>
            <ns3:hr>76</ns3:hr>
            <ns3:cad>51</ns3:cad>
          </ns3:TrackPointExtension>
        </extensions>
      </trkpt>
      <trkpt lat="42.45736668817698955535888671875" lon="-6.0559651069343090057373046875">
        <ele>836.5999755859375</ele>
        <time>2025-10-05T09:33:00.000Z</time>
        <extensions>
          <ns3:TrackPointExtension>
            <ns3:hr>75</ns3:hr>
            <ns3:cad>54</ns3:cad>
          </ns3:TrackPointExtension>
        </extensions>
      </trkpt>
      <trkpt lat="42.45737113058567047119140625" lon="-6.05600274167954921722412109375">
        <ele>836.5999755859375</ele>
        <time>2025-10-05T09:33:03.000Z</time>
        <extensions>
          <ns3:TrackPointExtension>
            <ns3:hr>78</ns3:hr>
            <ns3:cad>54</ns3:cad>
          </ns3:TrackPointExtension>
        </extensions>
      </trkpt>
      <trkpt lat="42.45737289078533649444580078125" lon="-6.0560324974358081817626953125">
        <ele>836.79998779296875</ele>
        <time>2025-10-05T09:33:05.000Z</time>
        <extensions>
          <ns3:TrackPointExtension>
            <ns3:hr>81</ns3:hr>
            <ns3:cad>54</ns3:cad>
          </ns3:TrackPointExtension>
        </extensions>
      </trkpt>
      <trkpt lat="42.45736937038600444793701171875" lon="-6.0560737363994121551513671875">
        <ele>837.20001220703125</ele>
        <time>2025-10-05T09:33:08.000Z</time>
        <extensions>
          <ns3:TrackPointExtension>
            <ns3:hr>83</ns3:hr>
            <ns3:cad>55</ns3:cad>
          </ns3:TrackPointExtension>
        </extensions>
      </trkpt>
      <trkpt lat="42.45737674646079540252685546875" lon="-6.05614657513797283172607421875">
        <ele>837</ele>
        <time>2025-10-05T09:33:13.000Z</time>
        <extensions>
          <ns3:TrackPointExtension>
            <ns3:hr>86</ns3:hr>
            <ns3:cad>55</ns3:cad>
          </ns3:TrackPointExtension>
        </extensions>
      </trkpt>
      <trkpt lat="42.45738009922206401824951171875" lon="-6.05617607943713665008544921875">
        <ele>837</ele>
        <time>2025-10-05T09:33:15.000Z</time>
        <extensions>
          <ns3:TrackPointExtension>
            <ns3:hr>86</ns3:hr>
            <ns3:cad>55</ns3:cad>
          </ns3:TrackPointExtension>
        </extensions>
      </trkpt>
      <trkpt lat="42.45740004815161228179931640625" lon="-6.05629317462444305419921875">
        <ele>837.20001220703125</ele>
        <time>2025-10-05T09:33:23.000Z</time>
        <extensions>
          <ns3:TrackPointExtension>
            <ns3:hr>87</ns3:hr>
            <ns3:cad>55</ns3:cad>
          </ns3:TrackPointExtension>
        </extensions>
      </trkpt>
      <trkpt lat="42.45740440674126148223876953125" lon="-6.05631974525749683380126953125">
        <ele>837.20001220703125</ele>
        <time>2025-10-05T09:33:25.000Z</time>
        <extensions>
          <ns3:TrackPointExtension>
            <ns3:hr>86</ns3:hr>
            <ns3:cad>56</ns3:cad>
          </ns3:TrackPointExtension>
        </extensions>
      </trkpt>
      <trkpt lat="42.4573959410190582275390625" lon="-6.05645955540239810943603515625">
        <ele>837.4000244140625</ele>
        <time>2025-10-05T09:33:35.000Z</time>
        <extensions>
          <ns3:TrackPointExtension>
            <ns3:hr>87</ns3:hr>
            <ns3:cad>56</ns3:cad>
          </ns3:TrackPointExtension>
        </extensions>
      </trkpt>
      <trkpt lat="42.45742703787982463836669921875" lon="-6.05657053180038928985595703125">
        <ele>837.5999755859375</ele>
        <time>2025-10-05T09:33:42.000Z</time>
        <extensions>
          <ns3:TrackPointExtension>
            <ns3:hr>86</ns3:hr>
            <ns3:cad>56</ns3:cad>
          </ns3:TrackPointExtension>
        </extensions>
      </trkpt>
      <trkpt lat="42.457447908818721771240234375" lon="-6.05667941272258758544921875">
        <ele>837.79998779296875</ele>
        <time>2025-10-05T09:33:51.000Z</time>
        <extensions>
          <ns3:TrackPointExtension>
            <ns3:hr>87</ns3:hr>
            <ns3:cad>51</ns3:cad>
          </ns3:TrackPointExtension>
        </extensions>
      </trkpt>
      <trkpt lat="42.457452602684497833251953125" lon="-6.056681089103221893310546875">
        <ele>837.79998779296875</ele>
        <time>2025-10-05T09:33:52.000Z</time>
        <extensions>
          <ns3:TrackPointExtension>
            <ns3:hr>87</ns3:hr>
            <ns3:cad>51</ns3:cad>
          </ns3:TrackPointExtension>
        </extensions>
      </trkpt>
      <trkpt lat="42.45743458159267902374267578125" lon="-6.0571600310504436492919921875">
        <ele>837.79998779296875</ele>
        <time>2025-10-05T09:41:08.000Z</time>
        <extensions>
          <ns3:TrackPointExtension>
            <ns3:hr>81</ns3:hr>
            <ns3:cad>0</ns3:cad>
          </ns3:TrackPointExtension>
        </extensions>
      </trkpt>
      <trkpt lat="42.4574308097362518310546875" lon="-6.0571586899459362030029296875">
        <ele>837.79998779296875</ele>
        <time>2025-10-05T09:41:09.000Z</time>
        <extensions>
          <ns3:TrackPointExtension>
            <ns3:hr>81</ns3:hr>
            <ns3:cad>0</ns3:cad>
          </ns3:TrackPointExtension>
        </extensions>
      </trkpt>
      <trkpt lat="42.4574175663292407989501953125" lon="-6.05717352591454982757568359375">
        <ele>837.5999755859375</ele>
        <time>2025-10-05T09:41:11.000Z</time>
        <extensions>
          <ns3:TrackPointExtension>
            <ns3:hr>81</ns3:hr>
            <ns3:cad>0</ns3:cad>
          </ns3:TrackPointExtension>
        </extensions>
      </trkpt>
      <trkpt lat="42.457341291010379791259765625" lon="-6.05724561028182506561279296875">
        <ele>837.5999755859375</ele>
        <time>2025-10-05T09:41:18.000Z</time>
        <extensions>
          <ns3:TrackPointExtension>
            <ns3:hr>80</ns3:hr>
            <ns3:cad>53</ns3:cad>
          </ns3:TrackPointExtension>
        </extensions>
      </trkpt>
      <trkpt lat="42.4572687037289142608642578125" lon="-6.05732037685811519622802734375">
        <ele>837.79998779296875</ele>
        <time>2025-10-05T09:41:26.000Z</time>
        <extensions>
          <ns3:TrackPointExtension>
            <ns3:hr>82</ns3:hr>
            <ns3:cad>54</ns3:cad>
          </ns3:TrackPointExtension>
        </extensions>
      </trkpt>
      <trkpt lat="42.45722402818500995635986328125" lon="-6.0573796369135379791259765625">
        <ele>838</ele>
        <time>2025-10-05T09:41:33.000Z</time>
        <extensions>
          <ns3:TrackPointExtension>
            <ns3:hr>82</ns3:hr>
            <ns3:cad>54</ns3:cad>
          </ns3:TrackPointExtension>
        </extensions>
      </trkpt>
      <trkpt lat="42.45715797878801822662353515625" lon="-6.05748197995126247406005859375">
        <ele>838.20001220703125</ele>
        <time>2025-10-05T09:41:41.000Z</time>
        <extensions>
          <ns3:TrackPointExtension>
            <ns3:hr>83</ns3:hr>
            <ns3:cad>54</ns3:cad>
          </ns3:TrackPointExtension>
        </extensions>
      </trkpt>
      <trkpt lat="42.45710014365613460540771484375" lon="-6.0575777851045131683349609375">
        <ele>838.20001220703125</ele>
        <time>2025-10-05T09:41:49.000Z</time>
        <extensions>
          <ns3:TrackPointExtension>
            <ns3:hr>86</ns3:hr>
            <ns3:cad>55</ns3:cad>
          </ns3:TrackPointExtension>
        </extensions>
      </trkpt>
      <trkpt lat="42.45709209702908992767333984375" lon="-6.05758742429316043853759765625">
        <ele>838.20001220703125</ele>
        <time>2025-10-05T09:41:50.000Z</time>
        <extensions>
          <ns3:TrackPointExtension>
            <ns3:hr>86</ns3:hr>
            <ns3:cad>54</ns3:cad>
          </ns3:TrackPointExtension>
        </extensions>
      </trkpt>
      <trkpt lat="42.4570544622838497161865234375" lon="-6.05761474929749965667724609375">
        <ele>838.20001220703125</ele>
        <time>2025-10-05T09:41:55.000Z</time>
        <extensions>
          <ns3:TrackPointExtension>
            <ns3:hr>87</ns3:hr>
            <ns3:cad>50</ns3:cad>
          </ns3:TrackPointExtension>
        </extensions>
      </trkpt>
      <trkpt lat="42.457034848630428314208984375" lon="-6.0575968958437442779541015625">
        <ele>838.20001220703125</ele>
        <time>2025-10-05T09:41:59.000Z</time>
        <extensions>
          <ns3:TrackPointExtension>
            <ns3:hr>88</ns3:hr>
            <ns3:cad>50</ns3:cad>
          </ns3:TrackPointExtension>
        </extensions>
      </trkpt>
      <trkpt lat="42.4570204317569732666015625" lon="-6.05756990611553192138671875">
        <ele>838.5999755859375</ele>
        <time>2025-10-05T09:42:02.000Z</time>
        <extensions>
          <ns3:TrackPointExtension>
            <ns3:hr>88</ns3:hr>
            <ns3:cad>50</ns3:cad>
          </ns3:TrackPointExtension>
        </extensions>
      </trkpt>
      <trkpt lat="42.45700308121740818023681640625" lon="-6.0575512982904911041259765625">
        <ele>838.5999755859375</ele>
        <time>2025-10-05T09:42:04.000Z</time>
        <extensions>
          <ns3:TrackPointExtension>
            <ns3:hr>87</ns3:hr>
            <ns3:cad>49</ns3:cad>
          </ns3:TrackPointExtension>
        </extensions>
      </trkpt>
    </trkseg>
  </trk>
</gpx>
