<?xml version="1.0" encoding="UTF-8"?>
<gpx creator="Garmin Connect" version="1.1"
  xsi:schemaLocation="http://www.topografix.com/GPX/1/1 http://www.topografix.com/GPX/11.xsd"
  xmlns:ns3="http://www.garmin.com/xmlschemas/TrackPointExtension/v1"
  xmlns="http://www.topografix.com/GPX/1/1"
  xmlns:xsi="http://www.w3.org/2001/XMLSchema-instance" xmlns:ns2="http://www.garmin.com/xmlschemas/GpxExtensions/v3">
  <metadata>
    <link href="connect.garmin.com">
      <text>Garmin Connect</text>
    </link>
    <time>2025-10-06T05:32:31.000Z</time>
  </metadata>
  <trk>
    <name>Day 23 Astorga -&gt; Rabanal del Camino</name>
    <desc></desc>
    <type>hiking</type>
    <trkseg>
      <trkpt lat="42.45714624412357807159423828125" lon="-6.0573761165142059326171875">
        <ele>843</ele>
        <time>2025-10-06T05:32:50.000Z</time>
        <extensions>
          <ns3:TrackPointExtension>
            <ns3:hr>102</ns3:hr>
            <ns3:cad>55</ns3:cad>
          </ns3:TrackPointExtension>
        </extensions>
      </trkpt>
      <trkpt lat="42.45719821192324161529541015625" lon="-6.05739983730018138885498046875">
        <ele>842.79998779296875</ele>
        <time>2025-10-06T05:32:55.000Z</time>
        <extensions>
          <ns3:TrackPointExtension>
            <ns3:hr>100</ns3:hr>
            <ns3:cad>55</ns3:cad>
          </ns3:TrackPointExtension>
        </extensions>
      </trkpt>
      <trkpt lat="42.45721028186380863189697265625" lon="-6.05739262886345386505126953125">
        <ele>842.5999755859375</ele>
        <time>2025-10-06T05:32:56.000Z</time>
        <extensions>
          <ns3:TrackPointExtension>
            <ns3:hr>100</ns3:hr>
            <ns3:cad>55</ns3:cad>
          </ns3:TrackPointExtension>
        </extensions>
      </trkpt>
      <trkpt lat="42.4572405405342578887939453125" lon="-6.05738407932221889495849609375">
        <ele>842.4000244140625</ele>
        <time>2025-10-06T05:33:00.000Z</time>
        <extensions>
          <ns3:TrackPointExtension>
            <ns3:hr>97</ns3:hr>
            <ns3:cad>58</ns3:cad>
          </ns3:TrackPointExtension>
        </extensions>
      </trkpt>
      <trkpt lat="42.45726275257766246795654296875" lon="-6.05736446566879749298095703125">
        <ele>842.4000244140625</ele>
        <time>2025-10-06T05:33:03.000Z</time>
        <extensions>
          <ns3:TrackPointExtension>
            <ns3:hr>94</ns3:hr>
            <ns3:cad>57</ns3:cad>
          </ns3:TrackPointExtension>
        </extensions>
      </trkpt>
      <trkpt lat="42.45727549307048320770263671875" lon="-6.05735172517597675323486328125">
        <ele>842.4000244140625</ele>
        <time>2025-10-06T05:33:04.000Z</time>
        <extensions>
          <ns3:TrackPointExtension>
            <ns3:hr>94</ns3:hr>
            <ns3:cad>57</ns3:cad>
          </ns3:TrackPointExtension>
        </extensions>
      </trkpt>
      <trkpt lat="42.45740792714059352874755859375" lon="-6.057265140116214752197265625">
        <ele>842.4000244140625</ele>
        <time>2025-10-06T05:33:13.000Z</time>
        <extensions>
          <ns3:TrackPointExtension>
            <ns3:hr>93</ns3:hr>
            <ns3:cad>59</ns3:cad>
          </ns3:TrackPointExtension>
        </extensions>
      </trkpt>
      <trkpt lat="42.45741966180503368377685546875" lon="-6.05722046457231044769287109375">
        <ele>842.4000244140625</ele>
        <time>2025-10-06T05:33:19.000Z</time>
        <extensions>
          <ns3:TrackPointExtension>
            <ns3:hr>93</ns3:hr>
            <ns3:cad>57</ns3:cad>
          </ns3:TrackPointExtension>
        </extensions>
      </trkpt>
      <trkpt lat="42.457439862191677093505859375" lon="-6.05721744708716869354248046875">
        <ele>842.5999755859375</ele>
        <time>2025-10-06T05:33:21.000Z</time>
        <extensions>
          <ns3:TrackPointExtension>
            <ns3:hr>91</ns3:hr>
            <ns3:cad>56</ns3:cad>
          </ns3:TrackPointExtension>
        </extensions>
      </trkpt>
      <trkpt lat="42.45747129432857036590576171875" lon="-6.05720772407948970794677734375">
        <ele>842.5999755859375</ele>
        <time>2025-10-06T05:33:26.000Z</time>
        <extensions>
          <ns3:TrackPointExtension>
            <ns3:hr>90</ns3:hr>
            <ns3:cad>0</ns3:cad>
          </ns3:TrackPointExtension>
        </extensions>
      </trkpt>
      <trkpt lat="42.45755025185644626617431640625" lon="-6.0571910440921783447265625">
        <ele>842.5999755859375</ele>
        <time>2025-10-06T05:33:33.000Z</time>
        <extensions>
          <ns3:TrackPointExtension>
            <ns3:hr>92</ns3:hr>
            <ns3:cad>0</ns3:cad>
          </ns3:TrackPointExtension>
        </extensions>
      </trkpt>
      <trkpt lat="42.45760180056095123291015625" lon="-6.05720554478466510772705078125">
        <ele>842.79998779296875</ele>
        <time>2025-10-06T05:33:40.000Z</time>
        <extensions>
          <ns3:TrackPointExtension>
            <ns3:hr>94</ns3:hr>
            <ns3:cad>0</ns3:cad>
          </ns3:TrackPointExtension>
        </extensions>
      </trkpt>
      <trkpt lat="42.45767824351787567138671875" lon="-6.05724007822573184967041015625">
        <ele>843</ele>
        <time>2025-10-06T05:33:47.000Z</time>
        <extensions>
          <ns3:TrackPointExtension>
            <ns3:hr>96</ns3:hr>
            <ns3:cad>0</ns3:cad>
          </ns3:TrackPointExtension>
        </extensions>
      </trkpt>
      <trkpt lat="42.45769727043807506561279296875" lon="-6.057335548102855682373046875">
        <ele>843.20001220703125</ele>
        <time>2025-10-06T05:33:54.000Z</time>
        <extensions>
          <ns3:TrackPointExtension>
            <ns3:hr>97</ns3:hr>
            <ns3:cad>56</ns3:cad>
          </ns3:TrackPointExtension>
        </extensions>
      </trkpt>
      <trkpt lat="42.4576458893716335296630859375" lon="-6.05735776014626026153564453125">
        <ele>843.20001220703125</ele>
        <time>2025-10-06T05:33:59.000Z</time>
        <extensions>
          <ns3:TrackPointExtension>
            <ns3:hr>96</ns3:hr>
            <ns3:cad>57</ns3:cad>
          </ns3:TrackPointExtension>
        </extensions>
      </trkpt>
      <trkpt lat="42.45763826183974742889404296875" lon="-6.0573653876781463623046875">
        <ele>843.20001220703125</ele>
        <time>2025-10-06T05:34:01.000Z</time>
        <extensions>
          <ns3:TrackPointExtension>
            <ns3:hr>96</ns3:hr>
            <ns3:cad>0</ns3:cad>
          </ns3:TrackPointExtension>
        </extensions>
      </trkpt>
      <trkpt lat="42.45760020799934864044189453125" lon="-6.057431437075138092041015625">
        <ele>843.4000244140625</ele>
        <time>2025-10-06T05:34:05.000Z</time>
        <extensions>
          <ns3:TrackPointExtension>
            <ns3:hr>96</ns3:hr>
            <ns3:cad>57</ns3:cad>
          </ns3:TrackPointExtension>
        </extensions>
      </trkpt>
      <trkpt lat="42.45757757686078548431396484375" lon="-6.05747946538031101226806640625">
        <ele>843.5999755859375</ele>
        <time>2025-10-06T05:34:07.000Z</time>
        <extensions>
          <ns3:TrackPointExtension>
            <ns3:hr>95</ns3:hr>
            <ns3:cad>58</ns3:cad>
          </ns3:TrackPointExtension>
        </extensions>
      </trkpt>
      <trkpt lat="42.45753902010619640350341796875" lon="-6.0575610212981700897216796875">
        <ele>843.5999755859375</ele>
        <time>2025-10-06T05:34:10.000Z</time>
        <extensions>
          <ns3:TrackPointExtension>
            <ns3:hr>96</ns3:hr>
            <ns3:cad>58</ns3:cad>
          </ns3:TrackPointExtension>
        </extensions>
      </trkpt>
      <trkpt lat="42.45747934095561504364013671875" lon="-6.05765707790851593017578125">
        <ele>843.79998779296875</ele>
        <time>2025-10-06T05:34:15.000Z</time>
        <extensions>
          <ns3:TrackPointExtension>
            <ns3:hr>97</ns3:hr>
            <ns3:cad>58</ns3:cad>
          </ns3:TrackPointExtension>
        </extensions>
      </trkpt>
      <trkpt lat="42.45739200152456760406494140625" lon="-6.05777777731418609619140625">
        <ele>844</ele>
        <time>2025-10-06T05:34:21.000Z</time>
        <extensions>
          <ns3:TrackPointExtension>
            <ns3:hr>98</ns3:hr>
            <ns3:cad>58</ns3:cad>
          </ns3:TrackPointExtension>
        </extensions>
      </trkpt>
      <trkpt lat="42.45729879476130008697509765625" lon="-6.05793158523738384246826171875">
        <ele>844.20001220703125</ele>
        <time>2025-10-06T05:34:28.000Z</time>
        <extensions>
          <ns3:TrackPointExtension>
            <ns3:hr>100</ns3:hr>
            <ns3:cad>57</ns3:cad>
          </ns3:TrackPointExtension>
        </extensions>
      </trkpt>
      <trkpt lat="42.45723693631589412689208984375" lon="-6.0580210201442241668701171875">
        <ele>844.4000244140625</ele>
        <time>2025-10-06T05:34:34.000Z</time>
        <extensions>
          <ns3:TrackPointExtension>
            <ns3:hr>103</ns3:hr>
            <ns3:cad>57</ns3:cad>
          </ns3:TrackPointExtension>
        </extensions>
      </trkpt>
      <trkpt lat="42.45721556246280670166015625" lon="-6.05805731378495693206787109375">
        <ele>844.4000244140625</ele>
        <time>2025-10-06T05:34:36.000Z</time>
        <extensions>
          <ns3:TrackPointExtension>
            <ns3:hr>104</ns3:hr>
            <ns3:cad>57</ns3:cad>
          </ns3:TrackPointExtension>
        </extensions>
      </trkpt>
      <trkpt lat="42.45719854719936847686767578125" lon="-6.05808899737894535064697265625">
        <ele>844.5999755859375</ele>
        <time>2025-10-06T05:34:38.000Z</time>
        <extensions>
          <ns3:TrackPointExtension>
            <ns3:hr>107</ns3:hr>
            <ns3:cad>57</ns3:cad>
          </ns3:TrackPointExtension>
        </extensions>
      </trkpt>
      <trkpt lat="42.4571741558611392974853515625" lon="-6.05813442729413509368896484375">
        <ele>844.5999755859375</ele>
        <time>2025-10-06T05:34:40.000Z</time>
        <extensions>
          <ns3:TrackPointExtension>
            <ns3:hr>109</ns3:hr>
            <ns3:cad>57</ns3:cad>
          </ns3:TrackPointExtension>
        </extensions>
      </trkpt>
      <trkpt lat="42.45715931989252567291259765625" lon="-6.05815974064171314239501953125">
        <ele>845</ele>
        <time>2025-10-06T05:34:42.000Z</time>
        <extensions>
          <ns3:TrackPointExtension>
            <ns3:hr>112</ns3:hr>
            <ns3:cad>57</ns3:cad>
          </ns3:TrackPointExtension>
        </extensions>
      </trkpt>
      <trkpt lat="42.45714087970554828643798828125" lon="-6.0581910051405429840087890625">
        <ele>845.20001220703125</ele>
        <time>2025-10-06T05:34:44.000Z</time>
        <extensions>
          <ns3:TrackPointExtension>
            <ns3:hr>114</ns3:hr>
            <ns3:cad>57</ns3:cad>
          </ns3:TrackPointExtension>
        </extensions>
      </trkpt>
      <trkpt lat="42.4571262113749980926513671875" lon="-6.05821874924004077911376953125">
        <ele>845.4000244140625</ele>
        <time>2025-10-06T05:34:46.000Z</time>
        <extensions>
          <ns3:TrackPointExtension>
            <ns3:hr>117</ns3:hr>
            <ns3:cad>57</ns3:cad>
          </ns3:TrackPointExtension>
        </extensions>
      </trkpt>
      <trkpt lat="42.45709578506648540496826171875" lon="-6.05828479863703250885009765625">
        <ele>845.5999755859375</ele>
        <time>2025-10-06T05:34:52.000Z</time>
        <extensions>
          <ns3:TrackPointExtension>
            <ns3:hr>117</ns3:hr>
            <ns3:cad>57</ns3:cad>
          </ns3:TrackPointExtension>
        </extensions>
      </trkpt>
      <trkpt lat="42.457032501697540283203125" lon="-6.05841035954654216766357421875">
        <ele>845.4000244140625</ele>
        <time>2025-10-06T05:35:03.000Z</time>
        <extensions>
          <ns3:TrackPointExtension>
            <ns3:hr>118</ns3:hr>
            <ns3:cad>57</ns3:cad>
          </ns3:TrackPointExtension>
        </extensions>
      </trkpt>
      <trkpt lat="42.45704230852425098419189453125" lon="-6.0584699548780918121337890625">
        <ele>845.5999755859375</ele>
        <time>2025-10-06T05:35:11.000Z</time>
        <extensions>
          <ns3:TrackPointExtension>
            <ns3:hr>116</ns3:hr>
            <ns3:cad>57</ns3:cad>
          </ns3:TrackPointExtension>
        </extensions>
      </trkpt>
      <trkpt lat="42.45704465545713901519775390625" lon="-6.05850675143301486968994140625">
        <ele>845.79998779296875</ele>
        <time>2025-10-06T05:35:14.000Z</time>
        <extensions>
          <ns3:TrackPointExtension>
            <ns3:hr>114</ns3:hr>
            <ns3:cad>56</ns3:cad>
          </ns3:TrackPointExtension>
        </extensions>
      </trkpt>
      <trkpt lat="42.45701096020638942718505859375" lon="-6.05862275697290897369384765625">
        <ele>846.20001220703125</ele>
        <time>2025-10-06T05:35:24.000Z</time>
        <extensions>
          <ns3:TrackPointExtension>
            <ns3:hr>114</ns3:hr>
            <ns3:cad>58</ns3:cad>
          </ns3:TrackPointExtension>
        </extensions>
      </trkpt>
      <trkpt lat="42.4569547176361083984375" lon="-6.0587254352867603302001953125">
        <ele>845.79998779296875</ele>
        <time>2025-10-06T05:35:32.000Z</time>
        <extensions>
          <ns3:TrackPointExtension>
            <ns3:hr>114</ns3:hr>
            <ns3:cad>58</ns3:cad>
          </ns3:TrackPointExtension>
        </extensions>
      </trkpt>
      <trkpt lat="42.45689176954329013824462890625" lon="-6.05891637504100799560546875">
        <ele>845.5999755859375</ele>
        <time>2025-10-06T05:35:42.000Z</time>
        <extensions>
          <ns3:TrackPointExtension>
            <ns3:hr>112</ns3:hr>
            <ns3:cad>57</ns3:cad>
          </ns3:TrackPointExtension>
        </extensions>
      </trkpt>
      <trkpt lat="42.45690098963677883148193359375" lon="-6.05904939584434032440185546875">
        <ele>846</ele>
        <time>2025-10-06T05:35:50.000Z</time>
        <extensions>
          <ns3:TrackPointExtension>
            <ns3:hr>112</ns3:hr>
            <ns3:cad>54</ns3:cad>
          </ns3:TrackPointExtension>
        </extensions>
      </trkpt>
      <trkpt lat="42.45697441510856151580810546875" lon="-6.05913891457021236419677734375">
        <ele>846.20001220703125</ele>
        <time>2025-10-06T05:35:57.000Z</time>
        <extensions>
          <ns3:TrackPointExtension>
            <ns3:hr>110</ns3:hr>
            <ns3:cad>56</ns3:cad>
          </ns3:TrackPointExtension>
        </extensions>
      </trkpt>
      <trkpt lat="42.45699972845613956451416015625" lon="-6.0592538304626941680908203125">
        <ele>846.20001220703125</ele>
        <time>2025-10-06T05:36:06.000Z</time>
        <extensions>
          <ns3:TrackPointExtension>
            <ns3:hr>109</ns3:hr>
            <ns3:cad>58</ns3:cad>
          </ns3:TrackPointExtension>
        </extensions>
      </trkpt>
      <trkpt lat="42.4570387043058872222900390625" lon="-6.059355922043323516845703125">
        <ele>846.20001220703125</ele>
        <time>2025-10-06T05:36:15.000Z</time>
        <extensions>
          <ns3:TrackPointExtension>
            <ns3:hr>107</ns3:hr>
            <ns3:cad>53</ns3:cad>
          </ns3:TrackPointExtension>
        </extensions>
      </trkpt>
      <trkpt lat="42.45714020915329456329345703125" lon="-6.05942943133413791656494140625">
        <ele>846.20001220703125</ele>
        <time>2025-10-06T05:36:24.000Z</time>
        <extensions>
          <ns3:TrackPointExtension>
            <ns3:hr>107</ns3:hr>
            <ns3:cad>58</ns3:cad>
          </ns3:TrackPointExtension>
        </extensions>
      </trkpt>
      <trkpt lat="42.45717692188918590545654296875" lon="-6.0595072992146015167236328125">
        <ele>846.5999755859375</ele>
        <time>2025-10-06T05:36:30.000Z</time>
        <extensions>
          <ns3:TrackPointExtension>
            <ns3:hr>104</ns3:hr>
            <ns3:cad>59</ns3:cad>
          </ns3:TrackPointExtension>
        </extensions>
      </trkpt>
      <trkpt lat="42.45717943646013736724853515625" lon="-6.05952523648738861083984375">
        <ele>846.5999755859375</ele>
        <time>2025-10-06T05:36:31.000Z</time>
        <extensions>
          <ns3:TrackPointExtension>
            <ns3:hr>103</ns3:hr>
            <ns3:cad>58</ns3:cad>
          </ns3:TrackPointExtension>
        </extensions>
      </trkpt>
      <trkpt lat="42.45717859826982021331787109375" lon="-6.0595984943211078643798828125">
        <ele>846.79998779296875</ele>
        <time>2025-10-06T05:36:34.000Z</time>
        <extensions>
          <ns3:TrackPointExtension>
            <ns3:hr>101</ns3:hr>
            <ns3:cad>57</ns3:cad>
          </ns3:TrackPointExtension>
        </extensions>
      </trkpt>
      <trkpt lat="42.45720290578901767730712890625" lon="-6.05970569886267185211181640625">
        <ele>847</ele>
        <time>2025-10-06T05:36:40.000Z</time>
        <extensions>
          <ns3:TrackPointExtension>
            <ns3:hr>102</ns3:hr>
            <ns3:cad>57</ns3:cad>
          </ns3:TrackPointExtension>
        </extensions>
      </trkpt>
      <trkpt lat="42.45725051499903202056884765625" lon="-6.05975917540490627288818359375">
        <ele>847.20001220703125</ele>
        <time>2025-10-06T05:36:47.000Z</time>
        <extensions>
          <ns3:TrackPointExtension>
            <ns3:hr>104</ns3:hr>
            <ns3:cad>55</ns3:cad>
          </ns3:TrackPointExtension>
        </extensions>
      </trkpt>
      <trkpt lat="42.45733416639268398284912109375" lon="-6.05979940854012966156005859375">
        <ele>847.5999755859375</ele>
        <time>2025-10-06T05:36:53.000Z</time>
        <extensions>
          <ns3:TrackPointExtension>
            <ns3:hr>106</ns3:hr>
            <ns3:cad>56</ns3:cad>
          </ns3:TrackPointExtension>
        </extensions>
      </trkpt>
      <trkpt lat="42.45737255550920963287353515625" lon="-6.05983360670506954193115234375">
        <ele>847.79998779296875</ele>
        <time>2025-10-06T05:36:56.000Z</time>
        <extensions>
          <ns3:TrackPointExtension>
            <ns3:hr>107</ns3:hr>
            <ns3:cad>56</ns3:cad>
          </ns3:TrackPointExtension>
        </extensions>
      </trkpt>
      <trkpt lat="42.45743424631655216217041015625" lon="-6.0598947107791900634765625">
        <ele>848</ele>
        <time>2025-10-06T05:37:01.000Z</time>
        <extensions>
          <ns3:TrackPointExtension>
            <ns3:hr>108</ns3:hr>
            <ns3:cad>56</ns3:cad>
          </ns3:TrackPointExtension>
        </extensions>
      </trkpt>
      <trkpt lat="42.457478754222393035888671875" lon="-6.05996352620422840118408203125">
        <ele>848.20001220703125</ele>
        <time>2025-10-06T05:37:06.000Z</time>
        <extensions>
          <ns3:TrackPointExtension>
            <ns3:hr>109</ns3:hr>
            <ns3:cad>56</ns3:cad>
          </ns3:TrackPointExtension>
        </extensions>
      </trkpt>
      <trkpt lat="42.45749459601938724517822265625" lon="-6.06005857698619365692138671875">
        <ele>848.79998779296875</ele>
        <time>2025-10-06T05:37:12.000Z</time>
        <extensions>
          <ns3:TrackPointExtension>
            <ns3:hr>110</ns3:hr>
            <ns3:cad>57</ns3:cad>
          </ns3:TrackPointExtension>
        </extensions>
      </trkpt>
      <trkpt lat="42.4575412832200527191162109375" lon="-6.0601506941020488739013671875">
        <ele>849</ele>
        <time>2025-10-06T05:37:22.000Z</time>
        <extensions>
          <ns3:TrackPointExtension>
            <ns3:hr>111</ns3:hr>
            <ns3:cad>55</ns3:cad>
          </ns3:TrackPointExtension>
        </extensions>
      </trkpt>
      <trkpt lat="42.4576110206544399261474609375" lon="-6.06022990308701992034912109375">
        <ele>849.4000244140625</ele>
        <time>2025-10-06T05:37:30.000Z</time>
        <extensions>
          <ns3:TrackPointExtension>
            <ns3:hr>112</ns3:hr>
            <ns3:cad>53</ns3:cad>
          </ns3:TrackPointExtension>
        </extensions>
      </trkpt>
      <trkpt lat="42.45767899788916110992431640625" lon="-6.06035831384360790252685546875">
        <ele>849.79998779296875</ele>
        <time>2025-10-06T05:37:40.000Z</time>
        <extensions>
          <ns3:TrackPointExtension>
            <ns3:hr>110</ns3:hr>
            <ns3:cad>54</ns3:cad>
          </ns3:TrackPointExtension>
        </extensions>
      </trkpt>
      <trkpt lat="42.45770414359867572784423828125" lon="-6.06039502657949924468994140625">
        <ele>849.79998779296875</ele>
        <time>2025-10-06T05:37:43.000Z</time>
        <extensions>
          <ns3:TrackPointExtension>
            <ns3:hr>111</ns3:hr>
            <ns3:cad>54</ns3:cad>
          </ns3:TrackPointExtension>
        </extensions>
      </trkpt>
      <trkpt lat="42.457780502736568450927734375" lon="-6.060418747365474700927734375">
        <ele>850.20001220703125</ele>
        <time>2025-10-06T05:37:51.000Z</time>
        <extensions>
          <ns3:TrackPointExtension>
            <ns3:hr>110</ns3:hr>
            <ns3:cad>55</ns3:cad>
          </ns3:TrackPointExtension>
        </extensions>
      </trkpt>
      <trkpt lat="42.45786876417696475982666015625" lon="-6.06043224222958087921142578125">
        <ele>850.20001220703125</ele>
        <time>2025-10-06T05:38:00.000Z</time>
        <extensions>
          <ns3:TrackPointExtension>
            <ns3:hr>110</ns3:hr>
            <ns3:cad>55</ns3:cad>
          </ns3:TrackPointExtension>
        </extensions>
      </trkpt>
      <trkpt lat="42.457995079457759857177734375" lon="-6.0605335794389247894287109375">
        <ele>850.4000244140625</ele>
        <time>2025-10-06T05:38:09.000Z</time>
        <extensions>
          <ns3:TrackPointExtension>
            <ns3:hr>110</ns3:hr>
            <ns3:cad>56</ns3:cad>
          </ns3:TrackPointExtension>
        </extensions>
      </trkpt>
      <trkpt lat="42.45838391594588756561279296875" lon="-6.06150881387293338775634765625">
        <ele>851.20001220703125</ele>
        <time>2025-10-06T05:39:17.000Z</time>
        <extensions>
          <ns3:TrackPointExtension>
            <ns3:hr>105</ns3:hr>
            <ns3:cad>58</ns3:cad>
          </ns3:TrackPointExtension>
        </extensions>
      </trkpt>
      <trkpt lat="42.45838089846074581146240234375" lon="-6.06155172921717166900634765625">
        <ele>851.20001220703125</ele>
        <time>2025-10-06T05:39:19.000Z</time>
        <extensions>
          <ns3:TrackPointExtension>
            <ns3:hr>106</ns3:hr>
            <ns3:cad>58</ns3:cad>
          </ns3:TrackPointExtension>
        </extensions>
      </trkpt>
      <trkpt lat="42.45844258926808834075927734375" lon="-6.06165180914103984832763671875">
        <ele>851.4000244140625</ele>
        <time>2025-10-06T05:39:27.000Z</time>
        <extensions>
          <ns3:TrackPointExtension>
            <ns3:hr>105</ns3:hr>
            <ns3:cad>57</ns3:cad>
          </ns3:TrackPointExtension>
        </extensions>
      </trkpt>
      <trkpt lat="42.458475530147552490234375" lon="-6.06168634258210659027099609375">
        <ele>851.4000244140625</ele>
        <time>2025-10-06T05:39:30.000Z</time>
        <extensions>
          <ns3:TrackPointExtension>
            <ns3:hr>104</ns3:hr>
            <ns3:cad>58</ns3:cad>
          </ns3:TrackPointExtension>
        </extensions>
      </trkpt>
      <trkpt lat="42.45853143744170665740966796875" lon="-6.0617373883724212646484375">
        <ele>851.5999755859375</ele>
        <time>2025-10-06T05:39:35.000Z</time>
        <extensions>
          <ns3:TrackPointExtension>
            <ns3:hr>103</ns3:hr>
            <ns3:cad>59</ns3:cad>
          </ns3:TrackPointExtension>
        </extensions>
      </trkpt>
      <trkpt lat="42.45859690010547637939453125" lon="-6.0617962293326854705810546875">
        <ele>851.79998779296875</ele>
        <time>2025-10-06T05:39:41.000Z</time>
        <extensions>
          <ns3:TrackPointExtension>
            <ns3:hr>102</ns3:hr>
            <ns3:cad>59</ns3:cad>
          </ns3:TrackPointExtension>
        </extensions>
      </trkpt>
      <trkpt lat="42.45860385708510875701904296875" lon="-6.06181022711098194122314453125">
        <ele>851.79998779296875</ele>
        <time>2025-10-06T05:39:42.000Z</time>
        <extensions>
          <ns3:TrackPointExtension>
            <ns3:hr>101</ns3:hr>
            <ns3:cad>59</ns3:cad>
          </ns3:TrackPointExtension>
        </extensions>
      </trkpt>
      <trkpt lat="42.4586808867752552032470703125" lon="-6.061891615390777587890625">
        <ele>852</ele>
        <time>2025-10-06T05:39:50.000Z</time>
        <extensions>
          <ns3:TrackPointExtension>
            <ns3:hr>101</ns3:hr>
            <ns3:cad>59</ns3:cad>
          </ns3:TrackPointExtension>
        </extensions>
      </trkpt>
      <trkpt lat="42.45873293839395046234130859375" lon="-6.0619849897921085357666015625">
        <ele>852.20001220703125</ele>
        <time>2025-10-06T05:39:58.000Z</time>
        <extensions>
          <ns3:TrackPointExtension>
            <ns3:hr>101</ns3:hr>
            <ns3:cad>57</ns3:cad>
          </ns3:TrackPointExtension>
        </extensions>
      </trkpt>
      <trkpt lat="42.45876722037792205810546875" lon="-6.062093786895275115966796875">
        <ele>852.5999755859375</ele>
        <time>2025-10-06T05:40:05.000Z</time>
        <extensions>
          <ns3:TrackPointExtension>
            <ns3:hr>101</ns3:hr>
            <ns3:cad>59</ns3:cad>
          </ns3:TrackPointExtension>
        </extensions>
      </trkpt>
      <trkpt lat="42.4588039331138134002685546875" lon="-6.06223426759243011474609375">
        <ele>852.5999755859375</ele>
        <time>2025-10-06T05:40:14.000Z</time>
        <extensions>
          <ns3:TrackPointExtension>
            <ns3:hr>100</ns3:hr>
            <ns3:cad>58</ns3:cad>
          </ns3:TrackPointExtension>
        </extensions>
      </trkpt>
      <trkpt lat="42.45884123258292675018310546875" lon="-6.0623484291136264801025390625">
        <ele>852.79998779296875</ele>
        <time>2025-10-06T05:40:21.000Z</time>
        <extensions>
          <ns3:TrackPointExtension>
            <ns3:hr>99</ns3:hr>
            <ns3:cad>59</ns3:cad>
          </ns3:TrackPointExtension>
        </extensions>
      </trkpt>
      <trkpt lat="42.4588921107351779937744140625" lon="-6.06246200390160083770751953125">
        <ele>852.79998779296875</ele>
        <time>2025-10-06T05:40:30.000Z</time>
        <extensions>
          <ns3:TrackPointExtension>
            <ns3:hr>101</ns3:hr>
            <ns3:cad>59</ns3:cad>
          </ns3:TrackPointExtension>
        </extensions>
      </trkpt>
      <trkpt lat="42.4588954634964466094970703125" lon="-6.06249284930527210235595703125">
        <ele>852.79998779296875</ele>
        <time>2025-10-06T05:40:33.000Z</time>
        <extensions>
          <ns3:TrackPointExtension>
            <ns3:hr>101</ns3:hr>
            <ns3:cad>57</ns3:cad>
          </ns3:TrackPointExtension>
        </extensions>
      </trkpt>
      <trkpt lat="42.45889638550579547882080078125" lon="-6.0625522769987583160400390625">
        <ele>853</ele>
        <time>2025-10-06T05:40:37.000Z</time>
        <extensions>
          <ns3:TrackPointExtension>
            <ns3:hr>102</ns3:hr>
            <ns3:cad>56</ns3:cad>
          </ns3:TrackPointExtension>
        </extensions>
      </trkpt>
      <trkpt lat="42.45891281403601169586181640625" lon="-6.062656380236148834228515625">
        <ele>852.79998779296875</ele>
        <time>2025-10-06T05:40:44.000Z</time>
        <extensions>
          <ns3:TrackPointExtension>
            <ns3:hr>103</ns3:hr>
            <ns3:cad>58</ns3:cad>
          </ns3:TrackPointExtension>
        </extensions>
      </trkpt>
      <trkpt lat="42.458948604762554168701171875" lon="-6.06279216706752777099609375">
        <ele>852.79998779296875</ele>
        <time>2025-10-06T05:40:52.000Z</time>
        <extensions>
          <ns3:TrackPointExtension>
            <ns3:hr>104</ns3:hr>
            <ns3:cad>58</ns3:cad>
          </ns3:TrackPointExtension>
        </extensions>
      </trkpt>
      <trkpt lat="42.45896427892148494720458984375" lon="-6.0629023052752017974853515625">
        <ele>852.79998779296875</ele>
        <time>2025-10-06T05:40:59.000Z</time>
        <extensions>
          <ns3:TrackPointExtension>
            <ns3:hr>104</ns3:hr>
            <ns3:cad>59</ns3:cad>
          </ns3:TrackPointExtension>
        </extensions>
      </trkpt>
      <trkpt lat="42.45897433720529079437255859375" lon="-6.06305846013128757476806640625">
        <ele>852.79998779296875</ele>
        <time>2025-10-06T05:41:08.000Z</time>
        <extensions>
          <ns3:TrackPointExtension>
            <ns3:hr>101</ns3:hr>
            <ns3:cad>59</ns3:cad>
          </ns3:TrackPointExtension>
        </extensions>
      </trkpt>
      <trkpt lat="42.458982802927494049072265625" lon="-6.06313607655465602874755859375">
        <ele>852.79998779296875</ele>
        <time>2025-10-06T05:41:13.000Z</time>
        <extensions>
          <ns3:TrackPointExtension>
            <ns3:hr>98</ns3:hr>
            <ns3:cad>59</ns3:cad>
          </ns3:TrackPointExtension>
        </extensions>
      </trkpt>
      <trkpt lat="42.4589809589087963104248046875" lon="-6.0631671734154224395751953125">
        <ele>852.79998779296875</ele>
        <time>2025-10-06T05:41:15.000Z</time>
        <extensions>
          <ns3:TrackPointExtension>
            <ns3:hr>98</ns3:hr>
            <ns3:cad>58</ns3:cad>
          </ns3:TrackPointExtension>
        </extensions>
      </trkpt>
      <trkpt lat="42.45894148014485836029052734375" lon="-6.0632637329399585723876953125">
        <ele>852.79998779296875</ele>
        <time>2025-10-06T05:41:23.000Z</time>
        <extensions>
          <ns3:TrackPointExtension>
            <ns3:hr>97</ns3:hr>
            <ns3:cad>56</ns3:cad>
          </ns3:TrackPointExtension>
        </extensions>
      </trkpt>
      <trkpt lat="42.45895522646605968475341796875" lon="-6.0633509047329425811767578125">
        <ele>853.20001220703125</ele>
        <time>2025-10-06T05:41:29.000Z</time>
        <extensions>
          <ns3:TrackPointExtension>
            <ns3:hr>98</ns3:hr>
            <ns3:cad>55</ns3:cad>
          </ns3:TrackPointExtension>
        </extensions>
      </trkpt>
      <trkpt lat="42.459029071033000946044921875" lon="-6.0634025372564792633056640625">
        <ele>853.20001220703125</ele>
        <time>2025-10-06T05:41:35.000Z</time>
        <extensions>
          <ns3:TrackPointExtension>
            <ns3:hr>98</ns3:hr>
            <ns3:cad>56</ns3:cad>
          </ns3:TrackPointExtension>
        </extensions>
      </trkpt>
      <trkpt lat="42.4590346030890941619873046875" lon="-6.0634270124137401580810546875">
        <ele>853.20001220703125</ele>
        <time>2025-10-06T05:41:36.000Z</time>
        <extensions>
          <ns3:TrackPointExtension>
            <ns3:hr>98</ns3:hr>
            <ns3:cad>57</ns3:cad>
          </ns3:TrackPointExtension>
        </extensions>
      </trkpt>
      <trkpt lat="42.45903166942298412322998046875" lon="-6.06346498243510723114013671875">
        <ele>853.5999755859375</ele>
        <time>2025-10-06T05:41:40.000Z</time>
        <extensions>
          <ns3:TrackPointExtension>
            <ns3:hr>98</ns3:hr>
            <ns3:cad>57</ns3:cad>
          </ns3:TrackPointExtension>
        </extensions>
      </trkpt>
      <trkpt lat="42.4590228684246540069580078125" lon="-6.06351125054061412811279296875">
        <ele>853.5999755859375</ele>
        <time>2025-10-06T05:41:45.000Z</time>
        <extensions>
          <ns3:TrackPointExtension>
            <ns3:hr>98</ns3:hr>
            <ns3:cad>0</ns3:cad>
          </ns3:TrackPointExtension>
        </extensions>
      </trkpt>
      <trkpt lat="42.45902881957590579986572265625" lon="-6.06351912952959537506103515625">
        <ele>853.5999755859375</ele>
        <time>2025-10-06T05:41:52.000Z</time>
        <extensions>
          <ns3:TrackPointExtension>
            <ns3:hr>98</ns3:hr>
            <ns3:cad>0</ns3:cad>
          </ns3:TrackPointExtension>
        </extensions>
      </trkpt>
      <trkpt lat="42.45902194641530513763427734375" lon="-6.0635245777666568756103515625">
        <ele>853.5999755859375</ele>
        <time>2025-10-06T05:41:58.000Z</time>
        <extensions>
          <ns3:TrackPointExtension>
            <ns3:hr>100</ns3:hr>
            <ns3:cad>0</ns3:cad>
          </ns3:TrackPointExtension>
        </extensions>
      </trkpt>
      <trkpt lat="42.45903074741363525390625" lon="-6.063529439270496368408203125">
        <ele>853.4000244140625</ele>
        <time>2025-10-06T05:42:10.000Z</time>
        <extensions>
          <ns3:TrackPointExtension>
            <ns3:hr>95</ns3:hr>
            <ns3:cad>0</ns3:cad>
          </ns3:TrackPointExtension>
        </extensions>
      </trkpt>
      <trkpt lat="42.45900266803801059722900390625" lon="-6.06355751864612102508544921875">
        <ele>853.20001220703125</ele>
        <time>2025-10-06T05:42:14.000Z</time>
        <extensions>
          <ns3:TrackPointExtension>
            <ns3:hr>95</ns3:hr>
            <ns3:cad>0</ns3:cad>
          </ns3:TrackPointExtension>
        </extensions>
      </trkpt>
      <trkpt lat="42.45893217623233795166015625" lon="-6.06365391053259372711181640625">
        <ele>853</ele>
        <time>2025-10-06T05:42:21.000Z</time>
        <extensions>
          <ns3:TrackPointExtension>
            <ns3:hr>96</ns3:hr>
            <ns3:cad>58</ns3:cad>
          </ns3:TrackPointExtension>
        </extensions>
      </trkpt>
      <trkpt lat="42.45883922092616558074951171875" lon="-6.06377997435629367828369140625">
        <ele>853.20001220703125</ele>
        <time>2025-10-06T05:42:31.000Z</time>
        <extensions>
          <ns3:TrackPointExtension>
            <ns3:hr>95</ns3:hr>
            <ns3:cad>58</ns3:cad>
          </ns3:TrackPointExtension>
        </extensions>
      </trkpt>
      <trkpt lat="42.45879345573484897613525390625" lon="-6.06390084140002727508544921875">
        <ele>853.4000244140625</ele>
        <time>2025-10-06T05:42:39.000Z</time>
        <extensions>
          <ns3:TrackPointExtension>
            <ns3:hr>95</ns3:hr>
            <ns3:cad>58</ns3:cad>
          </ns3:TrackPointExtension>
        </extensions>
      </trkpt>
      <trkpt lat="42.45876076631247997283935546875" lon="-6.06401902623474597930908203125">
        <ele>853.5999755859375</ele>
        <time>2025-10-06T05:42:47.000Z</time>
        <extensions>
          <ns3:TrackPointExtension>
            <ns3:hr>95</ns3:hr>
            <ns3:cad>59</ns3:cad>
          </ns3:TrackPointExtension>
        </extensions>
      </trkpt>
      <trkpt lat="42.4587486125528812408447265625" lon="-6.06414022855460643768310546875">
        <ele>853.5999755859375</ele>
        <time>2025-10-06T05:42:54.000Z</time>
        <extensions>
          <ns3:TrackPointExtension>
            <ns3:hr>95</ns3:hr>
            <ns3:cad>59</ns3:cad>
          </ns3:TrackPointExtension>
        </extensions>
      </trkpt>
      <trkpt lat="42.45873369276523590087890625" lon="-6.06427903287112712860107421875">
        <ele>853.4000244140625</ele>
        <time>2025-10-06T05:43:02.000Z</time>
        <extensions>
          <ns3:TrackPointExtension>
            <ns3:hr>95</ns3:hr>
            <ns3:cad>58</ns3:cad>
          </ns3:TrackPointExtension>
        </extensions>
      </trkpt>
      <trkpt lat="42.4587124027311801910400390625" lon="-6.0643919371068477630615234375">
        <ele>853.4000244140625</ele>
        <time>2025-10-06T05:43:09.000Z</time>
        <extensions>
          <ns3:TrackPointExtension>
            <ns3:hr>93</ns3:hr>
            <ns3:cad>59</ns3:cad>
          </ns3:TrackPointExtension>
        </extensions>
      </trkpt>
      <trkpt lat="42.4586664699018001556396484375" lon="-6.06458966620266437530517578125">
        <ele>852.4000244140625</ele>
        <time>2025-10-06T05:43:21.000Z</time>
        <extensions>
          <ns3:TrackPointExtension>
            <ns3:hr>93</ns3:hr>
            <ns3:cad>62</ns3:cad>
          </ns3:TrackPointExtension>
        </extensions>
      </trkpt>
      <trkpt lat="42.458648197352886199951171875" lon="-6.06472059153020381927490234375">
        <ele>851.79998779296875</ele>
        <time>2025-10-06T05:43:29.000Z</time>
        <extensions>
          <ns3:TrackPointExtension>
            <ns3:hr>93</ns3:hr>
            <ns3:cad>59</ns3:cad>
          </ns3:TrackPointExtension>
        </extensions>
      </trkpt>
      <trkpt lat="42.4586458504199981689453125" lon="-6.06475177221000194549560546875">
        <ele>851.5999755859375</ele>
        <time>2025-10-06T05:43:31.000Z</time>
        <extensions>
          <ns3:TrackPointExtension>
            <ns3:hr>93</ns3:hr>
            <ns3:cad>58</ns3:cad>
          </ns3:TrackPointExtension>
        </extensions>
      </trkpt>
      <trkpt lat="42.4586346186697483062744140625" lon="-6.064885966479778289794921875">
        <ele>850.5999755859375</ele>
        <time>2025-10-06T05:43:39.000Z</time>
        <extensions>
          <ns3:TrackPointExtension>
            <ns3:hr>93</ns3:hr>
            <ns3:cad>59</ns3:cad>
          </ns3:TrackPointExtension>
        </extensions>
      </trkpt>
      <trkpt lat="42.458624728024005889892578125" lon="-6.06492184102535247802734375">
        <ele>850.4000244140625</ele>
        <time>2025-10-06T05:43:41.000Z</time>
        <extensions>
          <ns3:TrackPointExtension>
            <ns3:hr>92</ns3:hr>
            <ns3:cad>59</ns3:cad>
          </ns3:TrackPointExtension>
        </extensions>
      </trkpt>
      <trkpt lat="42.45861341245472431182861328125" lon="-6.0650970228016376495361328125">
        <ele>849.5999755859375</ele>
        <time>2025-10-06T05:43:52.000Z</time>
        <extensions>
          <ns3:TrackPointExtension>
            <ns3:hr>91</ns3:hr>
            <ns3:cad>59</ns3:cad>
          </ns3:TrackPointExtension>
        </extensions>
      </trkpt>
      <trkpt lat="42.458613999187946319580078125" lon="-6.06511571444571018218994140625">
        <ele>849.5999755859375</ele>
        <time>2025-10-06T05:43:53.000Z</time>
        <extensions>
          <ns3:TrackPointExtension>
            <ns3:hr>91</ns3:hr>
            <ns3:cad>59</ns3:cad>
          </ns3:TrackPointExtension>
        </extensions>
      </trkpt>
      <trkpt lat="42.45861525647342205047607421875" lon="-6.0653119347989559173583984375">
        <ele>849</ele>
        <time>2025-10-06T05:44:05.000Z</time>
        <extensions>
          <ns3:TrackPointExtension>
            <ns3:hr>91</ns3:hr>
            <ns3:cad>59</ns3:cad>
          </ns3:TrackPointExtension>
        </extensions>
      </trkpt>
      <trkpt lat="42.45861969888210296630859375" lon="-6.0653830133378505706787109375">
        <ele>848.5999755859375</ele>
        <time>2025-10-06T05:44:09.000Z</time>
        <extensions>
          <ns3:TrackPointExtension>
            <ns3:hr>91</ns3:hr>
            <ns3:cad>59</ns3:cad>
          </ns3:TrackPointExtension>
        </extensions>
      </trkpt>
      <trkpt lat="42.4586217105388641357421875" lon="-6.0655219852924346923828125">
        <ele>848.20001220703125</ele>
        <time>2025-10-06T05:44:17.000Z</time>
        <extensions>
          <ns3:TrackPointExtension>
            <ns3:hr>91</ns3:hr>
            <ns3:cad>59</ns3:cad>
          </ns3:TrackPointExtension>
        </extensions>
      </trkpt>
      <trkpt lat="42.458626739680767059326171875" lon="-6.06568283401429653167724609375">
        <ele>847.5999755859375</ele>
        <time>2025-10-06T05:44:27.000Z</time>
        <extensions>
          <ns3:TrackPointExtension>
            <ns3:hr>91</ns3:hr>
            <ns3:cad>59</ns3:cad>
          </ns3:TrackPointExtension>
        </extensions>
      </trkpt>
      <trkpt lat="42.45862732641398906707763671875" lon="-6.0657343827188014984130859375">
        <ele>847.4000244140625</ele>
        <time>2025-10-06T05:44:30.000Z</time>
        <extensions>
          <ns3:TrackPointExtension>
            <ns3:hr>91</ns3:hr>
            <ns3:cad>59</ns3:cad>
          </ns3:TrackPointExtension>
        </extensions>
      </trkpt>
      <trkpt lat="42.4586265720427036285400390625" lon="-6.06591417454183101654052734375">
        <ele>846.79998779296875</ele>
        <time>2025-10-06T05:44:41.000Z</time>
        <extensions>
          <ns3:TrackPointExtension>
            <ns3:hr>88</ns3:hr>
            <ns3:cad>59</ns3:cad>
          </ns3:TrackPointExtension>
        </extensions>
      </trkpt>
      <trkpt lat="42.45863185264170169830322265625" lon="-6.0660991631448268890380859375">
        <ele>847</ele>
        <time>2025-10-06T05:44:52.000Z</time>
        <extensions>
          <ns3:TrackPointExtension>
            <ns3:hr>87</ns3:hr>
            <ns3:cad>59</ns3:cad>
          </ns3:TrackPointExtension>
        </extensions>
      </trkpt>
      <trkpt lat="42.4586322717368602752685546875" lon="-6.06618323363363742828369140625">
        <ele>846.4000244140625</ele>
        <time>2025-10-06T05:44:58.000Z</time>
        <extensions>
          <ns3:TrackPointExtension>
            <ns3:hr>87</ns3:hr>
            <ns3:cad>58</ns3:cad>
          </ns3:TrackPointExtension>
        </extensions>
      </trkpt>
      <trkpt lat="42.45863637886941432952880859375" lon="-6.0662792064249515533447265625">
        <ele>845.5999755859375</ele>
        <time>2025-10-06T05:45:04.000Z</time>
        <extensions>
          <ns3:TrackPointExtension>
            <ns3:hr>88</ns3:hr>
            <ns3:cad>59</ns3:cad>
          </ns3:TrackPointExtension>
        </extensions>
      </trkpt>
      <trkpt lat="42.45864526368677616119384765625" lon="-6.06639479286968708038330078125">
        <ele>845.4000244140625</ele>
        <time>2025-10-06T05:45:11.000Z</time>
        <extensions>
          <ns3:TrackPointExtension>
            <ns3:hr>88</ns3:hr>
            <ns3:cad>60</ns3:cad>
          </ns3:TrackPointExtension>
        </extensions>
      </trkpt>
      <trkpt lat="42.4586419947445392608642578125" lon="-6.0664753429591655731201171875">
        <ele>845.20001220703125</ele>
        <time>2025-10-06T05:45:16.000Z</time>
        <extensions>
          <ns3:TrackPointExtension>
            <ns3:hr>87</ns3:hr>
            <ns3:cad>59</ns3:cad>
          </ns3:TrackPointExtension>
        </extensions>
      </trkpt>
      <trkpt lat="42.4586430005729198455810546875" lon="-6.0665412247180938720703125">
        <ele>845</ele>
        <time>2025-10-06T05:45:20.000Z</time>
        <extensions>
          <ns3:TrackPointExtension>
            <ns3:hr>89</ns3:hr>
            <ns3:cad>59</ns3:cad>
          </ns3:TrackPointExtension>
        </extensions>
      </trkpt>
      <trkpt lat="42.45864325203001499176025390625" lon="-6.066682040691375732421875">
        <ele>844.79998779296875</ele>
        <time>2025-10-06T05:45:29.000Z</time>
        <extensions>
          <ns3:TrackPointExtension>
            <ns3:hr>89</ns3:hr>
            <ns3:cad>59</ns3:cad>
          </ns3:TrackPointExtension>
        </extensions>
      </trkpt>
      <trkpt lat="42.45865079574286937713623046875" lon="-6.06692804954946041107177734375">
        <ele>844.79998779296875</ele>
        <time>2025-10-06T05:45:43.000Z</time>
        <extensions>
          <ns3:TrackPointExtension>
            <ns3:hr>89</ns3:hr>
            <ns3:cad>60</ns3:cad>
          </ns3:TrackPointExtension>
        </extensions>
      </trkpt>
      <trkpt lat="42.45865632779896259307861328125" lon="-6.067157797515392303466796875">
        <ele>844.5999755859375</ele>
        <time>2025-10-06T05:45:57.000Z</time>
        <extensions>
          <ns3:TrackPointExtension>
            <ns3:hr>91</ns3:hr>
            <ns3:cad>59</ns3:cad>
          </ns3:TrackPointExtension>
        </extensions>
      </trkpt>
      <trkpt lat="42.4586587585508823394775390625" lon="-6.06735887937247753143310546875">
        <ele>844.5999755859375</ele>
        <time>2025-10-06T05:46:09.000Z</time>
        <extensions>
          <ns3:TrackPointExtension>
            <ns3:hr>91</ns3:hr>
            <ns3:cad>59</ns3:cad>
          </ns3:TrackPointExtension>
        </extensions>
      </trkpt>
      <trkpt lat="42.45866387151181697845458984375" lon="-6.067525260150432586669921875">
        <ele>844.5999755859375</ele>
        <time>2025-10-06T05:46:19.000Z</time>
        <extensions>
          <ns3:TrackPointExtension>
            <ns3:hr>88</ns3:hr>
            <ns3:cad>59</ns3:cad>
          </ns3:TrackPointExtension>
        </extensions>
      </trkpt>
      <trkpt lat="42.458668313920497894287109375" lon="-6.06759021990001201629638671875">
        <ele>844.4000244140625</ele>
        <time>2025-10-06T05:46:23.000Z</time>
        <extensions>
          <ns3:TrackPointExtension>
            <ns3:hr>89</ns3:hr>
            <ns3:cad>59</ns3:cad>
          </ns3:TrackPointExtension>
        </extensions>
      </trkpt>
      <trkpt lat="42.45866957120597362518310546875" lon="-6.06776322238147258758544921875">
        <ele>844.4000244140625</ele>
        <time>2025-10-06T05:46:34.000Z</time>
        <extensions>
          <ns3:TrackPointExtension>
            <ns3:hr>89</ns3:hr>
            <ns3:cad>59</ns3:cad>
          </ns3:TrackPointExtension>
        </extensions>
      </trkpt>
      <trkpt lat="42.45867200195789337158203125" lon="-6.06796639971435070037841796875">
        <ele>844.4000244140625</ele>
        <time>2025-10-06T05:46:46.000Z</time>
        <extensions>
          <ns3:TrackPointExtension>
            <ns3:hr>88</ns3:hr>
            <ns3:cad>59</ns3:cad>
          </ns3:TrackPointExtension>
        </extensions>
      </trkpt>
      <trkpt lat="42.4586845748126506805419921875" lon="-6.06810771860182285308837890625">
        <ele>843.79998779296875</ele>
        <time>2025-10-06T05:46:55.000Z</time>
        <extensions>
          <ns3:TrackPointExtension>
            <ns3:hr>88</ns3:hr>
            <ns3:cad>59</ns3:cad>
          </ns3:TrackPointExtension>
        </extensions>
      </trkpt>
      <trkpt lat="42.45869136415421962738037109375" lon="-6.0681909509003162384033203125">
        <ele>844</ele>
        <time>2025-10-06T05:47:00.000Z</time>
        <extensions>
          <ns3:TrackPointExtension>
            <ns3:hr>87</ns3:hr>
            <ns3:cad>59</ns3:cad>
          </ns3:TrackPointExtension>
        </extensions>
      </trkpt>
      <trkpt lat="42.45870477519929409027099609375" lon="-6.06839303858578205108642578125">
        <ele>843.5999755859375</ele>
        <time>2025-10-06T05:47:12.000Z</time>
        <extensions>
          <ns3:TrackPointExtension>
            <ns3:hr>86</ns3:hr>
            <ns3:cad>59</ns3:cad>
          </ns3:TrackPointExtension>
        </extensions>
      </trkpt>
      <trkpt lat="42.45872807689011096954345703125" lon="-6.068637035787105560302734375">
        <ele>843.20001220703125</ele>
        <time>2025-10-06T05:47:27.000Z</time>
        <extensions>
          <ns3:TrackPointExtension>
            <ns3:hr>87</ns3:hr>
            <ns3:cad>59</ns3:cad>
          </ns3:TrackPointExtension>
        </extensions>
      </trkpt>
      <trkpt lat="42.4587533064186573028564453125" lon="-6.06883979402482509613037109375">
        <ele>843</ele>
        <time>2025-10-06T05:47:39.000Z</time>
        <extensions>
          <ns3:TrackPointExtension>
            <ns3:hr>89</ns3:hr>
            <ns3:cad>59</ns3:cad>
          </ns3:TrackPointExtension>
        </extensions>
      </trkpt>
      <trkpt lat="42.458761520683765411376953125" lon="-6.06894389726221561431884765625">
        <ele>842.79998779296875</ele>
        <time>2025-10-06T05:47:45.000Z</time>
        <extensions>
          <ns3:TrackPointExtension>
            <ns3:hr>90</ns3:hr>
            <ns3:cad>59</ns3:cad>
          </ns3:TrackPointExtension>
        </extensions>
      </trkpt>
      <trkpt lat="42.458774931728839874267578125" lon="-6.0690596513450145721435546875">
        <ele>842.79998779296875</ele>
        <time>2025-10-06T05:47:52.000Z</time>
        <extensions>
          <ns3:TrackPointExtension>
            <ns3:hr>90</ns3:hr>
            <ns3:cad>59</ns3:cad>
          </ns3:TrackPointExtension>
        </extensions>
      </trkpt>
      <trkpt lat="42.45878272689878940582275390625" lon="-6.06912947259843349456787109375">
        <ele>842.5999755859375</ele>
        <time>2025-10-06T05:47:56.000Z</time>
        <extensions>
          <ns3:TrackPointExtension>
            <ns3:hr>93</ns3:hr>
            <ns3:cad>59</ns3:cad>
          </ns3:TrackPointExtension>
        </extensions>
      </trkpt>
      <trkpt lat="42.45880451984703540802001953125" lon="-6.069266013801097869873046875">
        <ele>842.4000244140625</ele>
        <time>2025-10-06T05:48:05.000Z</time>
        <extensions>
          <ns3:TrackPointExtension>
            <ns3:hr>94</ns3:hr>
            <ns3:cad>59</ns3:cad>
          </ns3:TrackPointExtension>
        </extensions>
      </trkpt>
      <trkpt lat="42.45883427560329437255859375" lon="-6.069455109536647796630859375">
        <ele>842.4000244140625</ele>
        <time>2025-10-06T05:48:17.000Z</time>
        <extensions>
          <ns3:TrackPointExtension>
            <ns3:hr>94</ns3:hr>
            <ns3:cad>58</ns3:cad>
          </ns3:TrackPointExtension>
        </extensions>
      </trkpt>
      <trkpt lat="42.45884307660162448883056640625" lon="-6.0694995336234569549560546875">
        <ele>842.4000244140625</ele>
        <time>2025-10-06T05:48:20.000Z</time>
        <extensions>
          <ns3:TrackPointExtension>
            <ns3:hr>91</ns3:hr>
            <ns3:cad>58</ns3:cad>
          </ns3:TrackPointExtension>
        </extensions>
      </trkpt>
      <trkpt lat="42.45885699056088924407958984375" lon="-6.069670021533966064453125">
        <ele>842.4000244140625</ele>
        <time>2025-10-06T05:48:29.000Z</time>
        <extensions>
          <ns3:TrackPointExtension>
            <ns3:hr>89</ns3:hr>
            <ns3:cad>59</ns3:cad>
          </ns3:TrackPointExtension>
        </extensions>
      </trkpt>
      <trkpt lat="42.45887626893818378448486328125" lon="-6.06981092132627964019775390625">
        <ele>842.4000244140625</ele>
        <time>2025-10-06T05:48:38.000Z</time>
        <extensions>
          <ns3:TrackPointExtension>
            <ns3:hr>88</ns3:hr>
            <ns3:cad>59</ns3:cad>
          </ns3:TrackPointExtension>
        </extensions>
      </trkpt>
      <trkpt lat="42.45889521203935146331787109375" lon="-6.070002280175685882568359375">
        <ele>842.20001220703125</ele>
        <time>2025-10-06T05:48:50.000Z</time>
        <extensions>
          <ns3:TrackPointExtension>
            <ns3:hr>89</ns3:hr>
            <ns3:cad>58</ns3:cad>
          </ns3:TrackPointExtension>
        </extensions>
      </trkpt>
      <trkpt lat="42.458921782672405242919921875" lon="-6.07020939700305461883544921875">
        <ele>842.20001220703125</ele>
        <time>2025-10-06T05:49:02.000Z</time>
        <extensions>
          <ns3:TrackPointExtension>
            <ns3:hr>89</ns3:hr>
            <ns3:cad>58</ns3:cad>
          </ns3:TrackPointExtension>
        </extensions>
      </trkpt>
      <trkpt lat="42.458946593105792999267578125" lon="-6.0704339481890201568603515625">
        <ele>842.4000244140625</ele>
        <time>2025-10-06T05:49:16.000Z</time>
        <extensions>
          <ns3:TrackPointExtension>
            <ns3:hr>88</ns3:hr>
            <ns3:cad>58</ns3:cad>
          </ns3:TrackPointExtension>
        </extensions>
      </trkpt>
      <trkpt lat="42.45896930806338787078857421875" lon="-6.07066269032657146453857421875">
        <ele>842.20001220703125</ele>
        <time>2025-10-06T05:49:30.000Z</time>
        <extensions>
          <ns3:TrackPointExtension>
            <ns3:hr>88</ns3:hr>
            <ns3:cad>59</ns3:cad>
          </ns3:TrackPointExtension>
        </extensions>
      </trkpt>
      <trkpt lat="42.45899931527674198150634765625" lon="-6.07083485461771488189697265625">
        <ele>842.4000244140625</ele>
        <time>2025-10-06T05:49:41.000Z</time>
        <extensions>
          <ns3:TrackPointExtension>
            <ns3:hr>88</ns3:hr>
            <ns3:cad>58</ns3:cad>
          </ns3:TrackPointExtension>
        </extensions>
      </trkpt>
      <trkpt lat="42.45902244932949542999267578125" lon="-6.07105697505176067352294921875">
        <ele>842.5999755859375</ele>
        <time>2025-10-06T05:49:54.000Z</time>
        <extensions>
          <ns3:TrackPointExtension>
            <ns3:hr>88</ns3:hr>
            <ns3:cad>57</ns3:cad>
          </ns3:TrackPointExtension>
        </extensions>
      </trkpt>
      <trkpt lat="42.4590510316193103790283203125" lon="-6.071241796016693115234375">
        <ele>842.79998779296875</ele>
        <time>2025-10-06T05:50:06.000Z</time>
        <extensions>
          <ns3:TrackPointExtension>
            <ns3:hr>88</ns3:hr>
            <ns3:cad>58</ns3:cad>
          </ns3:TrackPointExtension>
        </extensions>
      </trkpt>
      <trkpt lat="42.45907274074852466583251953125" lon="-6.07139141298830509185791015625">
        <ele>842.79998779296875</ele>
        <time>2025-10-06T05:50:15.000Z</time>
        <extensions>
          <ns3:TrackPointExtension>
            <ns3:hr>92</ns3:hr>
            <ns3:cad>59</ns3:cad>
          </ns3:TrackPointExtension>
        </extensions>
      </trkpt>
      <trkpt lat="42.45908212848007678985595703125" lon="-6.0714635811746120452880859375">
        <ele>842.79998779296875</ele>
        <time>2025-10-06T05:50:20.000Z</time>
        <extensions>
          <ns3:TrackPointExtension>
            <ns3:hr>95</ns3:hr>
            <ns3:cad>58</ns3:cad>
          </ns3:TrackPointExtension>
        </extensions>
      </trkpt>
      <trkpt lat="42.45911917649209499359130859375" lon="-6.07168243266642093658447265625">
        <ele>843</ele>
        <time>2025-10-06T05:50:33.000Z</time>
        <extensions>
          <ns3:TrackPointExtension>
            <ns3:hr>95</ns3:hr>
            <ns3:cad>59</ns3:cad>
          </ns3:TrackPointExtension>
        </extensions>
      </trkpt>
      <trkpt lat="42.4591569788753986358642578125" lon="-6.0718964226543903350830078125">
        <ele>843.20001220703125</ele>
        <time>2025-10-06T05:50:47.000Z</time>
        <extensions>
          <ns3:TrackPointExtension>
            <ns3:hr>96</ns3:hr>
            <ns3:cad>59</ns3:cad>
          </ns3:TrackPointExtension>
        </extensions>
      </trkpt>
      <trkpt lat="42.45918698608875274658203125" lon="-6.0720920562744140625">
        <ele>843.5999755859375</ele>
        <time>2025-10-06T05:50:59.000Z</time>
        <extensions>
          <ns3:TrackPointExtension>
            <ns3:hr>95</ns3:hr>
            <ns3:cad>58</ns3:cad>
          </ns3:TrackPointExtension>
        </extensions>
      </trkpt>
      <trkpt lat="42.45922931469976902008056640625" lon="-6.07229967601597309112548828125">
        <ele>843.79998779296875</ele>
        <time>2025-10-06T05:51:12.000Z</time>
        <extensions>
          <ns3:TrackPointExtension>
            <ns3:hr>95</ns3:hr>
            <ns3:cad>58</ns3:cad>
          </ns3:TrackPointExtension>
        </extensions>
      </trkpt>
      <trkpt lat="42.4592350982129573822021484375" lon="-6.0723507218062877655029296875">
        <ele>844</ele>
        <time>2025-10-06T05:51:15.000Z</time>
        <extensions>
          <ns3:TrackPointExtension>
            <ns3:hr>96</ns3:hr>
            <ns3:cad>58</ns3:cad>
          </ns3:TrackPointExtension>
        </extensions>
      </trkpt>
      <trkpt lat="42.45927340351045131683349609375" lon="-6.07252045534551143646240234375">
        <ele>844.20001220703125</ele>
        <time>2025-10-06T05:51:26.000Z</time>
        <extensions>
          <ns3:TrackPointExtension>
            <ns3:hr>95</ns3:hr>
            <ns3:cad>58</ns3:cad>
          </ns3:TrackPointExtension>
        </extensions>
      </trkpt>
      <trkpt lat="42.45930676348507404327392578125" lon="-6.07273804955184459686279296875">
        <ele>844.5999755859375</ele>
        <time>2025-10-06T05:51:39.000Z</time>
        <extensions>
          <ns3:TrackPointExtension>
            <ns3:hr>96</ns3:hr>
            <ns3:cad>58</ns3:cad>
          </ns3:TrackPointExtension>
        </extensions>
      </trkpt>
      <trkpt lat="42.45933190919458866119384765625" lon="-6.07287065126001834869384765625">
        <ele>845</ele>
        <time>2025-10-06T05:51:48.000Z</time>
        <extensions>
          <ns3:TrackPointExtension>
            <ns3:hr>97</ns3:hr>
            <ns3:cad>57</ns3:cad>
          </ns3:TrackPointExtension>
        </extensions>
      </trkpt>
      <trkpt lat="42.45933844707906246185302734375" lon="-6.07291725464165210723876953125">
        <ele>845</ele>
        <time>2025-10-06T05:51:51.000Z</time>
        <extensions>
          <ns3:TrackPointExtension>
            <ns3:hr>97</ns3:hr>
            <ns3:cad>57</ns3:cad>
          </ns3:TrackPointExtension>
        </extensions>
      </trkpt>
      <trkpt lat="42.45935638435184955596923828125" lon="-6.073094196617603302001953125">
        <ele>845.4000244140625</ele>
        <time>2025-10-06T05:52:02.000Z</time>
        <extensions>
          <ns3:TrackPointExtension>
            <ns3:hr>100</ns3:hr>
            <ns3:cad>59</ns3:cad>
          </ns3:TrackPointExtension>
        </extensions>
      </trkpt>
      <trkpt lat="42.4593792669475078582763671875" lon="-6.0732546262443065643310546875">
        <ele>845.5999755859375</ele>
        <time>2025-10-06T05:52:12.000Z</time>
        <extensions>
          <ns3:TrackPointExtension>
            <ns3:hr>101</ns3:hr>
            <ns3:cad>59</ns3:cad>
          </ns3:TrackPointExtension>
        </extensions>
      </trkpt>
      <trkpt lat="42.45939443819224834442138671875" lon="-6.073467694222927093505859375">
        <ele>845.79998779296875</ele>
        <time>2025-10-06T05:52:25.000Z</time>
        <extensions>
          <ns3:TrackPointExtension>
            <ns3:hr>101</ns3:hr>
            <ns3:cad>58</ns3:cad>
          </ns3:TrackPointExtension>
        </extensions>
      </trkpt>
      <trkpt lat="42.45939343236386775970458984375" lon="-6.07349795289337635040283203125">
        <ele>846</ele>
        <time>2025-10-06T05:52:27.000Z</time>
        <extensions>
          <ns3:TrackPointExtension>
            <ns3:hr>101</ns3:hr>
            <ns3:cad>58</ns3:cad>
          </ns3:TrackPointExtension>
        </extensions>
      </trkpt>
      <trkpt lat="42.45939108543097972869873046875" lon="-6.07365804724395275115966796875">
        <ele>846</ele>
        <time>2025-10-06T05:52:37.000Z</time>
        <extensions>
          <ns3:TrackPointExtension>
            <ns3:hr>101</ns3:hr>
            <ns3:cad>59</ns3:cad>
          </ns3:TrackPointExtension>
        </extensions>
      </trkpt>
      <trkpt lat="42.45937666855752468109130859375" lon="-6.073899529874324798583984375">
        <ele>846.20001220703125</ele>
        <time>2025-10-06T05:52:52.000Z</time>
        <extensions>
          <ns3:TrackPointExtension>
            <ns3:hr>101</ns3:hr>
            <ns3:cad>58</ns3:cad>
          </ns3:TrackPointExtension>
        </extensions>
      </trkpt>
      <trkpt lat="42.4593700468540191650390625" lon="-6.07398259453475475311279296875">
        <ele>846.20001220703125</ele>
        <time>2025-10-06T05:52:57.000Z</time>
        <extensions>
          <ns3:TrackPointExtension>
            <ns3:hr>98</ns3:hr>
            <ns3:cad>58</ns3:cad>
          </ns3:TrackPointExtension>
        </extensions>
      </trkpt>
      <trkpt lat="42.459357641637325286865234375" lon="-6.074122153222560882568359375">
        <ele>846.20001220703125</ele>
        <time>2025-10-06T05:53:05.000Z</time>
        <extensions>
          <ns3:TrackPointExtension>
            <ns3:hr>97</ns3:hr>
            <ns3:cad>59</ns3:cad>
          </ns3:TrackPointExtension>
        </extensions>
      </trkpt>
      <trkpt lat="42.45933677069842815399169921875" lon="-6.074299514293670654296875">
        <ele>846.20001220703125</ele>
        <time>2025-10-06T05:53:16.000Z</time>
        <extensions>
          <ns3:TrackPointExtension>
            <ns3:hr>98</ns3:hr>
            <ns3:cad>59</ns3:cad>
          </ns3:TrackPointExtension>
        </extensions>
      </trkpt>
      <trkpt lat="42.45933157391846179962158203125" lon="-6.07438827864825725555419921875">
        <ele>846.20001220703125</ele>
        <time>2025-10-06T05:53:22.000Z</time>
        <extensions>
          <ns3:TrackPointExtension>
            <ns3:hr>101</ns3:hr>
            <ns3:cad>58</ns3:cad>
          </ns3:TrackPointExtension>
        </extensions>
      </trkpt>
      <trkpt lat="42.45933056809008121490478515625" lon="-6.074438653886318206787109375">
        <ele>846.20001220703125</ele>
        <time>2025-10-06T05:53:25.000Z</time>
        <extensions>
          <ns3:TrackPointExtension>
            <ns3:hr>101</ns3:hr>
            <ns3:cad>57</ns3:cad>
          </ns3:TrackPointExtension>
        </extensions>
      </trkpt>
      <trkpt lat="42.45933693833649158477783203125" lon="-6.07458877377212047576904296875">
        <ele>846.20001220703125</ele>
        <time>2025-10-06T05:53:34.000Z</time>
        <extensions>
          <ns3:TrackPointExtension>
            <ns3:hr>101</ns3:hr>
            <ns3:cad>57</ns3:cad>
          </ns3:TrackPointExtension>
        </extensions>
      </trkpt>
      <trkpt lat="42.459308691322803497314453125" lon="-6.0747774504125118255615234375">
        <ele>846.4000244140625</ele>
        <time>2025-10-06T05:53:46.000Z</time>
        <extensions>
          <ns3:TrackPointExtension>
            <ns3:hr>100</ns3:hr>
            <ns3:cad>57</ns3:cad>
          </ns3:TrackPointExtension>
        </extensions>
      </trkpt>
      <trkpt lat="42.459283210337162017822265625" lon="-6.07496880926191806793212890625">
        <ele>847</ele>
        <time>2025-10-06T05:53:58.000Z</time>
        <extensions>
          <ns3:TrackPointExtension>
            <ns3:hr>99</ns3:hr>
            <ns3:cad>58</ns3:cad>
          </ns3:TrackPointExtension>
        </extensions>
      </trkpt>
      <trkpt lat="42.45928111486136913299560546875" lon="-6.07498473487794399261474609375">
        <ele>847</ele>
        <time>2025-10-06T05:53:59.000Z</time>
        <extensions>
          <ns3:TrackPointExtension>
            <ns3:hr>99</ns3:hr>
            <ns3:cad>58</ns3:cad>
          </ns3:TrackPointExtension>
        </extensions>
      </trkpt>
      <trkpt lat="42.45926686562597751617431640625" lon="-6.075093783438205718994140625">
        <ele>847</ele>
        <time>2025-10-06T05:54:06.000Z</time>
        <extensions>
          <ns3:TrackPointExtension>
            <ns3:hr>97</ns3:hr>
            <ns3:cad>57</ns3:cad>
          </ns3:TrackPointExtension>
        </extensions>
      </trkpt>
      <trkpt lat="42.45925110764801502227783203125" lon="-6.07529201544821262359619140625">
        <ele>847</ele>
        <time>2025-10-06T05:54:18.000Z</time>
        <extensions>
          <ns3:TrackPointExtension>
            <ns3:hr>95</ns3:hr>
            <ns3:cad>58</ns3:cad>
          </ns3:TrackPointExtension>
        </extensions>
      </trkpt>
      <trkpt lat="42.4592394568026065826416015625" lon="-6.07543232850730419158935546875">
        <ele>847</ele>
        <time>2025-10-06T05:54:27.000Z</time>
        <extensions>
          <ns3:TrackPointExtension>
            <ns3:hr>95</ns3:hr>
            <ns3:cad>58</ns3:cad>
          </ns3:TrackPointExtension>
        </extensions>
      </trkpt>
      <trkpt lat="42.459215819835662841796875" lon="-6.0756173171103000640869140625">
        <ele>847.20001220703125</ele>
        <time>2025-10-06T05:54:38.000Z</time>
        <extensions>
          <ns3:TrackPointExtension>
            <ns3:hr>94</ns3:hr>
            <ns3:cad>58</ns3:cad>
          </ns3:TrackPointExtension>
        </extensions>
      </trkpt>
      <trkpt lat="42.459199726581573486328125" lon="-6.075805909931659698486328125">
        <ele>847.4000244140625</ele>
        <time>2025-10-06T05:54:50.000Z</time>
        <extensions>
          <ns3:TrackPointExtension>
            <ns3:hr>95</ns3:hr>
            <ns3:cad>58</ns3:cad>
          </ns3:TrackPointExtension>
        </extensions>
      </trkpt>
      <trkpt lat="42.459187991917133331298828125" lon="-6.07597120106220245361328125">
        <ele>848.20001220703125</ele>
        <time>2025-10-06T05:55:00.000Z</time>
        <extensions>
          <ns3:TrackPointExtension>
            <ns3:hr>95</ns3:hr>
            <ns3:cad>58</ns3:cad>
          </ns3:TrackPointExtension>
        </extensions>
      </trkpt>
      <trkpt lat="42.4591851420700550079345703125" lon="-6.076127775013446807861328125">
        <ele>847.5999755859375</ele>
        <time>2025-10-06T05:55:10.000Z</time>
        <extensions>
          <ns3:TrackPointExtension>
            <ns3:hr>96</ns3:hr>
            <ns3:cad>58</ns3:cad>
          </ns3:TrackPointExtension>
        </extensions>
      </trkpt>
      <trkpt lat="42.45917935855686664581298828125" lon="-6.0762878693640232086181640625">
        <ele>847.79998779296875</ele>
        <time>2025-10-06T05:55:20.000Z</time>
        <extensions>
          <ns3:TrackPointExtension>
            <ns3:hr>97</ns3:hr>
            <ns3:cad>58</ns3:cad>
          </ns3:TrackPointExtension>
        </extensions>
      </trkpt>
      <trkpt lat="42.4591801129281520843505859375" lon="-6.076500602066516876220703125">
        <ele>848.20001220703125</ele>
        <time>2025-10-06T05:55:33.000Z</time>
        <extensions>
          <ns3:TrackPointExtension>
            <ns3:hr>98</ns3:hr>
            <ns3:cad>57</ns3:cad>
          </ns3:TrackPointExtension>
        </extensions>
      </trkpt>
      <trkpt lat="42.4591760896146297454833984375" lon="-6.07667134143412113189697265625">
        <ele>848.4000244140625</ele>
        <time>2025-10-06T05:55:43.000Z</time>
        <extensions>
          <ns3:TrackPointExtension>
            <ns3:hr>98</ns3:hr>
            <ns3:cad>57</ns3:cad>
          </ns3:TrackPointExtension>
        </extensions>
      </trkpt>
      <trkpt lat="42.4591781012713909149169921875" lon="-6.07683931477367877960205078125">
        <ele>848.4000244140625</ele>
        <time>2025-10-06T05:55:53.000Z</time>
        <extensions>
          <ns3:TrackPointExtension>
            <ns3:hr>98</ns3:hr>
            <ns3:cad>57</ns3:cad>
          </ns3:TrackPointExtension>
        </extensions>
      </trkpt>
      <trkpt lat="42.45917969383299350738525390625" lon="-6.077022291719913482666015625">
        <ele>848.79998779296875</ele>
        <time>2025-10-06T05:56:05.000Z</time>
        <extensions>
          <ns3:TrackPointExtension>
            <ns3:hr>96</ns3:hr>
            <ns3:cad>57</ns3:cad>
          </ns3:TrackPointExtension>
        </extensions>
      </trkpt>
      <trkpt lat="42.459185309708118438720703125" lon="-6.07721448875963687896728515625">
        <ele>849</ele>
        <time>2025-10-06T05:56:17.000Z</time>
        <extensions>
          <ns3:TrackPointExtension>
            <ns3:hr>95</ns3:hr>
            <ns3:cad>58</ns3:cad>
          </ns3:TrackPointExtension>
        </extensions>
      </trkpt>
      <trkpt lat="42.4591871537268161773681640625" lon="-6.077330075204372406005859375">
        <ele>849.20001220703125</ele>
        <time>2025-10-06T05:56:24.000Z</time>
        <extensions>
          <ns3:TrackPointExtension>
            <ns3:hr>95</ns3:hr>
            <ns3:cad>57</ns3:cad>
          </ns3:TrackPointExtension>
        </extensions>
      </trkpt>
      <trkpt lat="42.4591831304132938385009765625" lon="-6.077415235340595245361328125">
        <ele>849.4000244140625</ele>
        <time>2025-10-06T05:56:29.000Z</time>
        <extensions>
          <ns3:TrackPointExtension>
            <ns3:hr>95</ns3:hr>
            <ns3:cad>58</ns3:cad>
          </ns3:TrackPointExtension>
        </extensions>
      </trkpt>
      <trkpt lat="42.45918053202331066131591796875" lon="-6.07761413790285587310791015625">
        <ele>849.5999755859375</ele>
        <time>2025-10-06T05:56:41.000Z</time>
        <extensions>
          <ns3:TrackPointExtension>
            <ns3:hr>94</ns3:hr>
            <ns3:cad>58</ns3:cad>
          </ns3:TrackPointExtension>
        </extensions>
      </trkpt>
      <trkpt lat="42.45918623171746730804443359375" lon="-6.07779904268682003021240234375">
        <ele>849.79998779296875</ele>
        <time>2025-10-06T05:56:53.000Z</time>
        <extensions>
          <ns3:TrackPointExtension>
            <ns3:hr>93</ns3:hr>
            <ns3:cad>57</ns3:cad>
          </ns3:TrackPointExtension>
        </extensions>
      </trkpt>
      <trkpt lat="42.4591968767344951629638671875" lon="-6.07798461802303791046142578125">
        <ele>850</ele>
        <time>2025-10-06T05:57:05.000Z</time>
        <extensions>
          <ns3:TrackPointExtension>
            <ns3:hr>93</ns3:hr>
            <ns3:cad>57</ns3:cad>
          </ns3:TrackPointExtension>
        </extensions>
      </trkpt>
      <trkpt lat="42.45920534245669841766357421875" lon="-6.07814689166843891143798828125">
        <ele>850.20001220703125</ele>
        <time>2025-10-06T05:57:15.000Z</time>
        <extensions>
          <ns3:TrackPointExtension>
            <ns3:hr>93</ns3:hr>
            <ns3:cad>57</ns3:cad>
          </ns3:TrackPointExtension>
        </extensions>
      </trkpt>
      <trkpt lat="42.4592045880854129791259765625" lon="-6.078164577484130859375">
        <ele>850.20001220703125</ele>
        <time>2025-10-06T05:57:16.000Z</time>
        <extensions>
          <ns3:TrackPointExtension>
            <ns3:hr>93</ns3:hr>
            <ns3:cad>57</ns3:cad>
          </ns3:TrackPointExtension>
        </extensions>
      </trkpt>
      <trkpt lat="42.45920131914317607879638671875" lon="-6.07824705541133880615234375">
        <ele>850.20001220703125</ele>
        <time>2025-10-06T05:57:21.000Z</time>
        <extensions>
          <ns3:TrackPointExtension>
            <ns3:hr>97</ns3:hr>
            <ns3:cad>57</ns3:cad>
          </ns3:TrackPointExtension>
        </extensions>
      </trkpt>
      <trkpt lat="42.45920450426638126373291015625" lon="-6.0783625580370426177978515625">
        <ele>850.4000244140625</ele>
        <time>2025-10-06T05:57:28.000Z</time>
        <extensions>
          <ns3:TrackPointExtension>
            <ns3:hr>99</ns3:hr>
            <ns3:cad>57</ns3:cad>
          </ns3:TrackPointExtension>
        </extensions>
      </trkpt>
      <trkpt lat="42.45921246707439422607421875" lon="-6.07856313697993755340576171875">
        <ele>850.79998779296875</ele>
        <time>2025-10-06T05:57:41.000Z</time>
        <extensions>
          <ns3:TrackPointExtension>
            <ns3:hr>100</ns3:hr>
            <ns3:cad>57</ns3:cad>
          </ns3:TrackPointExtension>
        </extensions>
      </trkpt>
      <trkpt lat="42.45921573601663112640380859375" lon="-6.07877972535789012908935546875">
        <ele>850.79998779296875</ele>
        <time>2025-10-06T05:57:54.000Z</time>
        <extensions>
          <ns3:TrackPointExtension>
            <ns3:hr>98</ns3:hr>
            <ns3:cad>57</ns3:cad>
          </ns3:TrackPointExtension>
        </extensions>
      </trkpt>
      <trkpt lat="42.4592183344066143035888671875" lon="-6.07897393405437469482421875">
        <ele>851.20001220703125</ele>
        <time>2025-10-06T05:58:06.000Z</time>
        <extensions>
          <ns3:TrackPointExtension>
            <ns3:hr>98</ns3:hr>
            <ns3:cad>58</ns3:cad>
          </ns3:TrackPointExtension>
        </extensions>
      </trkpt>
      <trkpt lat="42.45922587811946868896484375" lon="-6.0790528915822505950927734375">
        <ele>851.20001220703125</ele>
        <time>2025-10-06T05:58:11.000Z</time>
        <extensions>
          <ns3:TrackPointExtension>
            <ns3:hr>97</ns3:hr>
            <ns3:cad>58</ns3:cad>
          </ns3:TrackPointExtension>
        </extensions>
      </trkpt>
      <trkpt lat="42.459227554500102996826171875" lon="-6.07913578860461711883544921875">
        <ele>851.4000244140625</ele>
        <time>2025-10-06T05:58:16.000Z</time>
        <extensions>
          <ns3:TrackPointExtension>
            <ns3:hr>97</ns3:hr>
            <ns3:cad>58</ns3:cad>
          </ns3:TrackPointExtension>
        </extensions>
      </trkpt>
      <trkpt lat="42.459231577813625335693359375" lon="-6.07935237698256969451904296875">
        <ele>851.5999755859375</ele>
        <time>2025-10-06T05:58:30.000Z</time>
        <extensions>
          <ns3:TrackPointExtension>
            <ns3:hr>98</ns3:hr>
            <ns3:cad>57</ns3:cad>
          </ns3:TrackPointExtension>
        </extensions>
      </trkpt>
      <trkpt lat="42.459234260022640228271484375" lon="-6.07956712134182453155517578125">
        <ele>851.79998779296875</ele>
        <time>2025-10-06T05:58:43.000Z</time>
        <extensions>
          <ns3:TrackPointExtension>
            <ns3:hr>95</ns3:hr>
            <ns3:cad>59</ns3:cad>
          </ns3:TrackPointExtension>
        </extensions>
      </trkpt>
      <trkpt lat="42.45924356393516063690185546875" lon="-6.07976275496184825897216796875">
        <ele>851.79998779296875</ele>
        <time>2025-10-06T05:58:55.000Z</time>
        <extensions>
          <ns3:TrackPointExtension>
            <ns3:hr>94</ns3:hr>
            <ns3:cad>57</ns3:cad>
          </ns3:TrackPointExtension>
        </extensions>
      </trkpt>
      <trkpt lat="42.459250353276729583740234375" lon="-6.07995369471609592437744140625">
        <ele>852.20001220703125</ele>
        <time>2025-10-06T05:59:07.000Z</time>
        <extensions>
          <ns3:TrackPointExtension>
            <ns3:hr>93</ns3:hr>
            <ns3:cad>57</ns3:cad>
          </ns3:TrackPointExtension>
        </extensions>
      </trkpt>
      <trkpt lat="42.45925395749509334564208984375" lon="-6.0800013877451419830322265625">
        <ele>852.20001220703125</ele>
        <time>2025-10-06T05:59:10.000Z</time>
        <extensions>
          <ns3:TrackPointExtension>
            <ns3:hr>94</ns3:hr>
            <ns3:cad>57</ns3:cad>
          </ns3:TrackPointExtension>
        </extensions>
      </trkpt>
      <trkpt lat="42.45925630442798137664794921875" lon="-6.0801373422145843505859375">
        <ele>852.4000244140625</ele>
        <time>2025-10-06T05:59:19.000Z</time>
        <extensions>
          <ns3:TrackPointExtension>
            <ns3:hr>94</ns3:hr>
            <ns3:cad>57</ns3:cad>
          </ns3:TrackPointExtension>
        </extensions>
      </trkpt>
      <trkpt lat="42.45926636271178722381591796875" lon="-6.08038050122559070587158203125">
        <ele>852.5999755859375</ele>
        <time>2025-10-06T05:59:34.000Z</time>
        <extensions>
          <ns3:TrackPointExtension>
            <ns3:hr>94</ns3:hr>
            <ns3:cad>58</ns3:cad>
          </ns3:TrackPointExtension>
        </extensions>
      </trkpt>
      <trkpt lat="42.459265105426311492919921875" lon="-6.08039793558418750762939453125">
        <ele>852.79998779296875</ele>
        <time>2025-10-06T05:59:35.000Z</time>
        <extensions>
          <ns3:TrackPointExtension>
            <ns3:hr>94</ns3:hr>
            <ns3:cad>58</ns3:cad>
          </ns3:TrackPointExtension>
        </extensions>
      </trkpt>
      <trkpt lat="42.4592736549675464630126953125" lon="-6.08053028583526611328125">
        <ele>852.79998779296875</ele>
        <time>2025-10-06T05:59:43.000Z</time>
        <extensions>
          <ns3:TrackPointExtension>
            <ns3:hr>97</ns3:hr>
            <ns3:cad>57</ns3:cad>
          </ns3:TrackPointExtension>
        </extensions>
      </trkpt>
      <trkpt lat="42.45927751064300537109375" lon="-6.0806172899901866912841796875">
        <ele>853</ele>
        <time>2025-10-06T05:59:49.000Z</time>
        <extensions>
          <ns3:TrackPointExtension>
            <ns3:hr>97</ns3:hr>
            <ns3:cad>58</ns3:cad>
          </ns3:TrackPointExtension>
        </extensions>
      </trkpt>
      <trkpt lat="42.45928865857422351837158203125" lon="-6.08076238073408603668212890625">
        <ele>853.20001220703125</ele>
        <time>2025-10-06T05:59:59.000Z</time>
        <extensions>
          <ns3:TrackPointExtension>
            <ns3:hr>99</ns3:hr>
            <ns3:cad>55</ns3:cad>
          </ns3:TrackPointExtension>
        </extensions>
      </trkpt>
      <trkpt lat="42.45929553173482418060302734375" lon="-6.08080747537314891815185546875">
        <ele>853.4000244140625</ele>
        <time>2025-10-06T06:00:02.000Z</time>
        <extensions>
          <ns3:TrackPointExtension>
            <ns3:hr>99</ns3:hr>
            <ns3:cad>55</ns3:cad>
          </ns3:TrackPointExtension>
        </extensions>
      </trkpt>
      <trkpt lat="42.45932285673916339874267578125" lon="-6.08092498965561389923095703125">
        <ele>853.20001220703125</ele>
        <time>2025-10-06T06:00:09.000Z</time>
        <extensions>
          <ns3:TrackPointExtension>
            <ns3:hr>99</ns3:hr>
            <ns3:cad>57</ns3:cad>
          </ns3:TrackPointExtension>
        </extensions>
      </trkpt>
      <trkpt lat="42.45932042598724365234375" lon="-6.08106446452438831329345703125">
        <ele>853.5999755859375</ele>
        <time>2025-10-06T06:00:18.000Z</time>
        <extensions>
          <ns3:TrackPointExtension>
            <ns3:hr>98</ns3:hr>
            <ns3:cad>57</ns3:cad>
          </ns3:TrackPointExtension>
        </extensions>
      </trkpt>
      <trkpt lat="42.45934314094483852386474609375" lon="-6.08122992329299449920654296875">
        <ele>853.5999755859375</ele>
        <time>2025-10-06T06:00:28.000Z</time>
        <extensions>
          <ns3:TrackPointExtension>
            <ns3:hr>98</ns3:hr>
            <ns3:cad>58</ns3:cad>
          </ns3:TrackPointExtension>
        </extensions>
      </trkpt>
      <trkpt lat="42.45937130413949489593505859375" lon="-6.08141650445759296417236328125">
        <ele>853.79998779296875</ele>
        <time>2025-10-06T06:00:40.000Z</time>
        <extensions>
          <ns3:TrackPointExtension>
            <ns3:hr>99</ns3:hr>
            <ns3:cad>57</ns3:cad>
          </ns3:TrackPointExtension>
        </extensions>
      </trkpt>
      <trkpt lat="42.459415309131145477294921875" lon="-6.081619597971439361572265625">
        <ele>854</ele>
        <time>2025-10-06T06:00:53.000Z</time>
        <extensions>
          <ns3:TrackPointExtension>
            <ns3:hr>99</ns3:hr>
            <ns3:cad>57</ns3:cad>
          </ns3:TrackPointExtension>
        </extensions>
      </trkpt>
      <trkpt lat="42.459453530609607696533203125" lon="-6.08180374838411808013916015625">
        <ele>854.20001220703125</ele>
        <time>2025-10-06T06:01:05.000Z</time>
        <extensions>
          <ns3:TrackPointExtension>
            <ns3:hr>100</ns3:hr>
            <ns3:cad>57</ns3:cad>
          </ns3:TrackPointExtension>
        </extensions>
      </trkpt>
      <trkpt lat="42.459457218647003173828125" lon="-6.08182017691433429718017578125">
        <ele>854.4000244140625</ele>
        <time>2025-10-06T06:01:06.000Z</time>
        <extensions>
          <ns3:TrackPointExtension>
            <ns3:hr>99</ns3:hr>
            <ns3:cad>57</ns3:cad>
          </ns3:TrackPointExtension>
        </extensions>
      </trkpt>
      <trkpt lat="42.45949585922062397003173828125" lon="-6.08196727931499481201171875">
        <ele>854.5999755859375</ele>
        <time>2025-10-06T06:01:16.000Z</time>
        <extensions>
          <ns3:TrackPointExtension>
            <ns3:hr>99</ns3:hr>
            <ns3:cad>57</ns3:cad>
          </ns3:TrackPointExtension>
        </extensions>
      </trkpt>
      <trkpt lat="42.459537684917449951171875" lon="-6.08212946914136409759521484375">
        <ele>854.79998779296875</ele>
        <time>2025-10-06T06:01:27.000Z</time>
        <extensions>
          <ns3:TrackPointExtension>
            <ns3:hr>99</ns3:hr>
            <ns3:cad>57</ns3:cad>
          </ns3:TrackPointExtension>
        </extensions>
      </trkpt>
      <trkpt lat="42.45957749895751476287841796875" lon="-6.0823313891887664794921875">
        <ele>855.20001220703125</ele>
        <time>2025-10-06T06:01:40.000Z</time>
        <extensions>
          <ns3:TrackPointExtension>
            <ns3:hr>98</ns3:hr>
            <ns3:cad>57</ns3:cad>
          </ns3:TrackPointExtension>
        </extensions>
      </trkpt>
      <trkpt lat="42.45958353392779827117919921875" lon="-6.0823593847453594207763671875">
        <ele>855.4000244140625</ele>
        <time>2025-10-06T06:01:42.000Z</time>
        <extensions>
          <ns3:TrackPointExtension>
            <ns3:hr>98</ns3:hr>
            <ns3:cad>57</ns3:cad>
          </ns3:TrackPointExtension>
        </extensions>
      </trkpt>
      <trkpt lat="42.45961169712245464324951171875" lon="-6.0825250111520290374755859375">
        <ele>855.5999755859375</ele>
        <time>2025-10-06T06:01:52.000Z</time>
        <extensions>
          <ns3:TrackPointExtension>
            <ns3:hr>99</ns3:hr>
            <ns3:cad>57</ns3:cad>
          </ns3:TrackPointExtension>
        </extensions>
      </trkpt>
      <trkpt lat="42.45964455418288707733154296875" lon="-6.08268585987389087677001953125">
        <ele>856.4000244140625</ele>
        <time>2025-10-06T06:02:03.000Z</time>
        <extensions>
          <ns3:TrackPointExtension>
            <ns3:hr>99</ns3:hr>
            <ns3:cad>55</ns3:cad>
          </ns3:TrackPointExtension>
        </extensions>
      </trkpt>
      <trkpt lat="42.45965830050408840179443359375" lon="-6.08275241218507289886474609375">
        <ele>856.79998779296875</ele>
        <time>2025-10-06T06:02:08.000Z</time>
        <extensions>
          <ns3:TrackPointExtension>
            <ns3:hr>100</ns3:hr>
            <ns3:cad>53</ns3:cad>
          </ns3:TrackPointExtension>
        </extensions>
      </trkpt>
      <trkpt lat="42.45968009345233440399169921875" lon="-6.08285215683281421661376953125">
        <ele>857.4000244140625</ele>
        <time>2025-10-06T06:02:15.000Z</time>
        <extensions>
          <ns3:TrackPointExtension>
            <ns3:hr>101</ns3:hr>
            <ns3:cad>53</ns3:cad>
          </ns3:TrackPointExtension>
        </extensions>
      </trkpt>
      <trkpt lat="42.459703981876373291015625" lon="-6.08294066973030567169189453125">
        <ele>857.79998779296875</ele>
        <time>2025-10-06T06:02:21.000Z</time>
        <extensions>
          <ns3:TrackPointExtension>
            <ns3:hr>103</ns3:hr>
            <ns3:cad>53</ns3:cad>
          </ns3:TrackPointExtension>
        </extensions>
      </trkpt>
      <trkpt lat="42.45971865020692348480224609375" lon="-6.08303303830325603485107421875">
        <ele>858.4000244140625</ele>
        <time>2025-10-06T06:02:28.000Z</time>
        <extensions>
          <ns3:TrackPointExtension>
            <ns3:hr>104</ns3:hr>
            <ns3:cad>53</ns3:cad>
          </ns3:TrackPointExtension>
        </extensions>
      </trkpt>
      <trkpt lat="42.4597373418509960174560546875" lon="-6.0831199586391448974609375">
        <ele>859</ele>
        <time>2025-10-06T06:02:34.000Z</time>
        <extensions>
          <ns3:TrackPointExtension>
            <ns3:hr>104</ns3:hr>
            <ns3:cad>53</ns3:cad>
          </ns3:TrackPointExtension>
        </extensions>
      </trkpt>
      <trkpt lat="42.45975351892411708831787109375" lon="-6.0832052864134311676025390625">
        <ele>859.4000244140625</ele>
        <time>2025-10-06T06:02:40.000Z</time>
        <extensions>
          <ns3:TrackPointExtension>
            <ns3:hr>104</ns3:hr>
            <ns3:cad>52</ns3:cad>
          </ns3:TrackPointExtension>
        </extensions>
      </trkpt>
      <trkpt lat="42.4597775749862194061279296875" lon="-6.08330377377569675445556640625">
        <ele>860</ele>
        <time>2025-10-06T06:02:47.000Z</time>
        <extensions>
          <ns3:TrackPointExtension>
            <ns3:hr>106</ns3:hr>
            <ns3:cad>52</ns3:cad>
          </ns3:TrackPointExtension>
        </extensions>
      </trkpt>
      <trkpt lat="42.459794841706752777099609375" lon="-6.0833854973316192626953125">
        <ele>860.5999755859375</ele>
        <time>2025-10-06T06:02:53.000Z</time>
        <extensions>
          <ns3:TrackPointExtension>
            <ns3:hr>108</ns3:hr>
            <ns3:cad>52</ns3:cad>
          </ns3:TrackPointExtension>
        </extensions>
      </trkpt>
      <trkpt lat="42.4598100967705249786376953125" lon="-6.08346822671592235565185546875">
        <ele>861</ele>
        <time>2025-10-06T06:02:59.000Z</time>
        <extensions>
          <ns3:TrackPointExtension>
            <ns3:hr>109</ns3:hr>
            <ns3:cad>52</ns3:cad>
          </ns3:TrackPointExtension>
        </extensions>
      </trkpt>
      <trkpt lat="42.4598302133381366729736328125" lon="-6.0835573263466358184814453125">
        <ele>861.5999755859375</ele>
        <time>2025-10-06T06:03:06.000Z</time>
        <extensions>
          <ns3:TrackPointExtension>
            <ns3:hr>109</ns3:hr>
            <ns3:cad>51</ns3:cad>
          </ns3:TrackPointExtension>
        </extensions>
      </trkpt>
      <trkpt lat="42.45984957553446292877197265625" lon="-6.0836341045796871185302734375">
        <ele>861.79998779296875</ele>
        <time>2025-10-06T06:03:11.000Z</time>
        <extensions>
          <ns3:TrackPointExtension>
            <ns3:hr>109</ns3:hr>
            <ns3:cad>52</ns3:cad>
          </ns3:TrackPointExtension>
        </extensions>
      </trkpt>
      <trkpt lat="42.459857203066349029541015625" lon="-6.08366101048886775970458984375">
        <ele>862</ele>
        <time>2025-10-06T06:03:16.000Z</time>
        <extensions>
          <ns3:TrackPointExtension>
            <ns3:hr>110</ns3:hr>
            <ns3:cad>51</ns3:cad>
          </ns3:TrackPointExtension>
        </extensions>
      </trkpt>
      <trkpt lat="42.45987237431108951568603515625" lon="-6.08377064578235149383544921875">
        <ele>862.5999755859375</ele>
        <time>2025-10-06T06:03:23.000Z</time>
        <extensions>
          <ns3:TrackPointExtension>
            <ns3:hr>111</ns3:hr>
            <ns3:cad>54</ns3:cad>
          </ns3:TrackPointExtension>
        </extensions>
      </trkpt>
      <trkpt lat="42.4598872102797031402587890625" lon="-6.0838798619806766510009765625">
        <ele>863</ele>
        <time>2025-10-06T06:03:30.000Z</time>
        <extensions>
          <ns3:TrackPointExtension>
            <ns3:hr>111</ns3:hr>
            <ns3:cad>55</ns3:cad>
          </ns3:TrackPointExtension>
        </extensions>
      </trkpt>
      <trkpt lat="42.45992149226367473602294921875" lon="-6.08403232879936695098876953125">
        <ele>863.20001220703125</ele>
        <time>2025-10-06T06:03:40.000Z</time>
        <extensions>
          <ns3:TrackPointExtension>
            <ns3:hr>111</ns3:hr>
            <ns3:cad>55</ns3:cad>
          </ns3:TrackPointExtension>
        </extensions>
      </trkpt>
      <trkpt lat="42.4599653296172618865966796875" lon="-6.08420290052890777587890625">
        <ele>863.5999755859375</ele>
        <time>2025-10-06T06:03:52.000Z</time>
        <extensions>
          <ns3:TrackPointExtension>
            <ns3:hr>108</ns3:hr>
            <ns3:cad>56</ns3:cad>
          </ns3:TrackPointExtension>
        </extensions>
      </trkpt>
      <trkpt lat="42.45997765101492404937744140625" lon="-6.08425947837531566619873046875">
        <ele>863.5999755859375</ele>
        <time>2025-10-06T06:03:56.000Z</time>
        <extensions>
          <ns3:TrackPointExtension>
            <ns3:hr>107</ns3:hr>
            <ns3:cad>56</ns3:cad>
          </ns3:TrackPointExtension>
        </extensions>
      </trkpt>
      <trkpt lat="42.45999072678387165069580078125" lon="-6.08431748114526271820068359375">
        <ele>863.79998779296875</ele>
        <time>2025-10-06T06:04:00.000Z</time>
        <extensions>
          <ns3:TrackPointExtension>
            <ns3:hr>104</ns3:hr>
            <ns3:cad>56</ns3:cad>
          </ns3:TrackPointExtension>
        </extensions>
      </trkpt>
      <trkpt lat="42.460002712905406951904296875" lon="-6.08439358882606029510498046875">
        <ele>863.79998779296875</ele>
        <time>2025-10-06T06:04:05.000Z</time>
        <extensions>
          <ns3:TrackPointExtension>
            <ns3:hr>103</ns3:hr>
            <ns3:cad>56</ns3:cad>
          </ns3:TrackPointExtension>
        </extensions>
      </trkpt>
      <trkpt lat="42.4600407667458057403564453125" lon="-6.08459022827446460723876953125">
        <ele>864</ele>
        <time>2025-10-06T06:04:18.000Z</time>
        <extensions>
          <ns3:TrackPointExtension>
            <ns3:hr>101</ns3:hr>
            <ns3:cad>56</ns3:cad>
          </ns3:TrackPointExtension>
        </extensions>
      </trkpt>
      <trkpt lat="42.46007882058620452880859375" lon="-6.08478602953255176544189453125">
        <ele>863.5999755859375</ele>
        <time>2025-10-06T06:04:31.000Z</time>
        <extensions>
          <ns3:TrackPointExtension>
            <ns3:hr>100</ns3:hr>
            <ns3:cad>58</ns3:cad>
          </ns3:TrackPointExtension>
        </extensions>
      </trkpt>
      <trkpt lat="42.4601121805608272552490234375" lon="-6.0849594511091709136962890625">
        <ele>863.4000244140625</ele>
        <time>2025-10-06T06:04:42.000Z</time>
        <extensions>
          <ns3:TrackPointExtension>
            <ns3:hr>98</ns3:hr>
            <ns3:cad>57</ns3:cad>
          </ns3:TrackPointExtension>
        </extensions>
      </trkpt>
      <trkpt lat="42.4601611308753490447998046875" lon="-6.08516355045139789581298828125">
        <ele>862.5999755859375</ele>
        <time>2025-10-06T06:04:56.000Z</time>
        <extensions>
          <ns3:TrackPointExtension>
            <ns3:hr>99</ns3:hr>
            <ns3:cad>57</ns3:cad>
          </ns3:TrackPointExtension>
        </extensions>
      </trkpt>
      <trkpt lat="42.46016423217952251434326171875" lon="-6.085178554058074951171875">
        <ele>862.5999755859375</ele>
        <time>2025-10-06T06:04:57.000Z</time>
        <extensions>
          <ns3:TrackPointExtension>
            <ns3:hr>99</ns3:hr>
            <ns3:cad>57</ns3:cad>
          </ns3:TrackPointExtension>
        </extensions>
      </trkpt>
      <trkpt lat="42.46020362712442874908447265625" lon="-6.08538919128477573394775390625">
        <ele>861.79998779296875</ele>
        <time>2025-10-06T06:05:10.000Z</time>
        <extensions>
          <ns3:TrackPointExtension>
            <ns3:hr>98</ns3:hr>
            <ns3:cad>58</ns3:cad>
          </ns3:TrackPointExtension>
        </extensions>
      </trkpt>
      <trkpt lat="42.46021100319921970367431640625" lon="-6.0854301787912845611572265625">
        <ele>861.5999755859375</ele>
        <time>2025-10-06T06:05:13.000Z</time>
        <extensions>
          <ns3:TrackPointExtension>
            <ns3:hr>98</ns3:hr>
            <ns3:cad>57</ns3:cad>
          </ns3:TrackPointExtension>
        </extensions>
      </trkpt>
      <trkpt lat="42.460242770612239837646484375" lon="-6.08558197505772113800048828125">
        <ele>861</ele>
        <time>2025-10-06T06:05:23.000Z</time>
        <extensions>
          <ns3:TrackPointExtension>
            <ns3:hr>99</ns3:hr>
            <ns3:cad>57</ns3:cad>
          </ns3:TrackPointExtension>
        </extensions>
      </trkpt>
      <trkpt lat="42.46026230044662952423095703125" lon="-6.08566126786172389984130859375">
        <ele>860.5999755859375</ele>
        <time>2025-10-06T06:05:28.000Z</time>
        <extensions>
          <ns3:TrackPointExtension>
            <ns3:hr>98</ns3:hr>
            <ns3:cad>59</ns3:cad>
          </ns3:TrackPointExtension>
        </extensions>
      </trkpt>
      <trkpt lat="42.46029180474579334259033203125" lon="-6.08580610714852809906005859375">
        <ele>860</ele>
        <time>2025-10-06T06:05:37.000Z</time>
        <extensions>
          <ns3:TrackPointExtension>
            <ns3:hr>98</ns3:hr>
            <ns3:cad>58</ns3:cad>
          </ns3:TrackPointExtension>
        </extensions>
      </trkpt>
      <trkpt lat="42.460321225225925445556640625" lon="-6.08593954704701900482177734375">
        <ele>859.5999755859375</ele>
        <time>2025-10-06T06:05:45.000Z</time>
        <extensions>
          <ns3:TrackPointExtension>
            <ns3:hr>98</ns3:hr>
            <ns3:cad>59</ns3:cad>
          </ns3:TrackPointExtension>
        </extensions>
      </trkpt>
      <trkpt lat="42.46034511364996433258056640625" lon="-6.08604549430310726165771484375">
        <ele>859.20001220703125</ele>
        <time>2025-10-06T06:05:52.000Z</time>
        <extensions>
          <ns3:TrackPointExtension>
            <ns3:hr>96</ns3:hr>
            <ns3:cad>59</ns3:cad>
          </ns3:TrackPointExtension>
        </extensions>
      </trkpt>
      <trkpt lat="42.46038702316582202911376953125" lon="-6.0862345062196254730224609375">
        <ele>858.79998779296875</ele>
        <time>2025-10-06T06:06:04.000Z</time>
        <extensions>
          <ns3:TrackPointExtension>
            <ns3:hr>96</ns3:hr>
            <ns3:cad>58</ns3:cad>
          </ns3:TrackPointExtension>
        </extensions>
      </trkpt>
      <trkpt lat="42.460403032600879669189453125" lon="-6.0863332450389862060546875">
        <ele>858.5999755859375</ele>
        <time>2025-10-06T06:06:10.000Z</time>
        <extensions>
          <ns3:TrackPointExtension>
            <ns3:hr>96</ns3:hr>
            <ns3:cad>58</ns3:cad>
          </ns3:TrackPointExtension>
        </extensions>
      </trkpt>
      <trkpt lat="42.4604280106723308563232421875" lon="-6.0864581353962421417236328125">
        <ele>858.5999755859375</ele>
        <time>2025-10-06T06:06:18.000Z</time>
        <extensions>
          <ns3:TrackPointExtension>
            <ns3:hr>94</ns3:hr>
            <ns3:cad>58</ns3:cad>
          </ns3:TrackPointExtension>
        </extensions>
      </trkpt>
      <trkpt lat="42.4604638852179050445556640625" lon="-6.08666977845132350921630859375">
        <ele>858.5999755859375</ele>
        <time>2025-10-06T06:06:31.000Z</time>
        <extensions>
          <ns3:TrackPointExtension>
            <ns3:hr>94</ns3:hr>
            <ns3:cad>59</ns3:cad>
          </ns3:TrackPointExtension>
        </extensions>
      </trkpt>
      <trkpt lat="42.46051928959786891937255859375" lon="-6.08681512065231800079345703125">
        <ele>858.4000244140625</ele>
        <time>2025-10-06T06:06:41.000Z</time>
        <extensions>
          <ns3:TrackPointExtension>
            <ns3:hr>93</ns3:hr>
            <ns3:cad>57</ns3:cad>
          </ns3:TrackPointExtension>
        </extensions>
      </trkpt>
      <trkpt lat="42.46057997457683086395263671875" lon="-6.0869496501982212066650390625">
        <ele>858.79998779296875</ele>
        <time>2025-10-06T06:06:50.000Z</time>
        <extensions>
          <ns3:TrackPointExtension>
            <ns3:hr>95</ns3:hr>
            <ns3:cad>57</ns3:cad>
          </ns3:TrackPointExtension>
        </extensions>
      </trkpt>
      <trkpt lat="42.46063915081322193145751953125" lon="-6.0870884545147418975830078125">
        <ele>858.79998779296875</ele>
        <time>2025-10-06T06:07:00.000Z</time>
        <extensions>
          <ns3:TrackPointExtension>
            <ns3:hr>94</ns3:hr>
            <ns3:cad>57</ns3:cad>
          </ns3:TrackPointExtension>
        </extensions>
      </trkpt>
      <trkpt lat="42.4606643803417682647705078125" lon="-6.08725751750171184539794921875">
        <ele>859.20001220703125</ele>
        <time>2025-10-06T06:07:11.000Z</time>
        <extensions>
          <ns3:TrackPointExtension>
            <ns3:hr>93</ns3:hr>
            <ns3:cad>55</ns3:cad>
          </ns3:TrackPointExtension>
        </extensions>
      </trkpt>
      <trkpt lat="42.460698075592517852783203125" lon="-6.087420880794525146484375">
        <ele>859.20001220703125</ele>
        <time>2025-10-06T06:07:22.000Z</time>
        <extensions>
          <ns3:TrackPointExtension>
            <ns3:hr>94</ns3:hr>
            <ns3:cad>57</ns3:cad>
          </ns3:TrackPointExtension>
        </extensions>
      </trkpt>
      <trkpt lat="42.4607321061193943023681640625" lon="-6.08759748749434947967529296875">
        <ele>859.4000244140625</ele>
        <time>2025-10-06T06:07:33.000Z</time>
        <extensions>
          <ns3:TrackPointExtension>
            <ns3:hr>94</ns3:hr>
            <ns3:cad>58</ns3:cad>
          </ns3:TrackPointExtension>
        </extensions>
      </trkpt>
      <trkpt lat="42.46077711693942546844482421875" lon="-6.08776814304292201995849609375">
        <ele>859.5999755859375</ele>
        <time>2025-10-06T06:07:44.000Z</time>
        <extensions>
          <ns3:TrackPointExtension>
            <ns3:hr>95</ns3:hr>
            <ns3:cad>57</ns3:cad>
          </ns3:TrackPointExtension>
        </extensions>
      </trkpt>
      <trkpt lat="42.46078030206263065338134765625" lon="-6.0877814702689647674560546875">
        <ele>859.5999755859375</ele>
        <time>2025-10-06T06:07:45.000Z</time>
        <extensions>
          <ns3:TrackPointExtension>
            <ns3:hr>95</ns3:hr>
            <ns3:cad>57</ns3:cad>
          </ns3:TrackPointExtension>
        </extensions>
      </trkpt>
      <trkpt lat="42.4608243070542812347412109375" lon="-6.08797115273773670196533203125">
        <ele>859.79998779296875</ele>
        <time>2025-10-06T06:07:57.000Z</time>
        <extensions>
          <ns3:TrackPointExtension>
            <ns3:hr>97</ns3:hr>
            <ns3:cad>57</ns3:cad>
          </ns3:TrackPointExtension>
        </extensions>
      </trkpt>
      <trkpt lat="42.4608699046075344085693359375" lon="-6.08815706335008144378662109375">
        <ele>860</ele>
        <time>2025-10-06T06:08:09.000Z</time>
        <extensions>
          <ns3:TrackPointExtension>
            <ns3:hr>96</ns3:hr>
            <ns3:cad>57</ns3:cad>
          </ns3:TrackPointExtension>
        </extensions>
      </trkpt>
      <trkpt lat="42.46089412830770015716552734375" lon="-6.0883239470422267913818359375">
        <ele>860.20001220703125</ele>
        <time>2025-10-06T06:08:20.000Z</time>
        <extensions>
          <ns3:TrackPointExtension>
            <ns3:hr>95</ns3:hr>
            <ns3:cad>57</ns3:cad>
          </ns3:TrackPointExtension>
        </extensions>
      </trkpt>
      <trkpt lat="42.460932433605194091796875" lon="-6.08850306831300258636474609375">
        <ele>860.5999755859375</ele>
        <time>2025-10-06T06:08:31.000Z</time>
        <extensions>
          <ns3:TrackPointExtension>
            <ns3:hr>95</ns3:hr>
            <ns3:cad>57</ns3:cad>
          </ns3:TrackPointExtension>
        </extensions>
      </trkpt>
      <trkpt lat="42.46093620546162128448486328125" lon="-6.0885200835764408111572265625">
        <ele>860.5999755859375</ele>
        <time>2025-10-06T06:08:32.000Z</time>
        <extensions>
          <ns3:TrackPointExtension>
            <ns3:hr>95</ns3:hr>
            <ns3:cad>57</ns3:cad>
          </ns3:TrackPointExtension>
        </extensions>
      </trkpt>
      <trkpt lat="42.4609765224158763885498046875" lon="-6.0886994563043117523193359375">
        <ele>860.5999755859375</ele>
        <time>2025-10-06T06:08:44.000Z</time>
        <extensions>
          <ns3:TrackPointExtension>
            <ns3:hr>98</ns3:hr>
            <ns3:cad>57</ns3:cad>
          </ns3:TrackPointExtension>
        </extensions>
      </trkpt>
      <trkpt lat="42.46101558208465576171875" lon="-6.0888902284204959869384765625">
        <ele>860.79998779296875</ele>
        <time>2025-10-06T06:08:56.000Z</time>
        <extensions>
          <ns3:TrackPointExtension>
            <ns3:hr>96</ns3:hr>
            <ns3:cad>58</ns3:cad>
          </ns3:TrackPointExtension>
        </extensions>
      </trkpt>
      <trkpt lat="42.46106713078916072845458984375" lon="-6.0890937410295009613037109375">
        <ele>861</ele>
        <time>2025-10-06T06:09:09.000Z</time>
        <extensions>
          <ns3:TrackPointExtension>
            <ns3:hr>95</ns3:hr>
            <ns3:cad>56</ns3:cad>
          </ns3:TrackPointExtension>
        </extensions>
      </trkpt>
      <trkpt lat="42.4611116386950016021728515625" lon="-6.08932918868958950042724609375">
        <ele>861.4000244140625</ele>
        <time>2025-10-06T06:09:24.000Z</time>
        <extensions>
          <ns3:TrackPointExtension>
            <ns3:hr>96</ns3:hr>
            <ns3:cad>56</ns3:cad>
          </ns3:TrackPointExtension>
        </extensions>
      </trkpt>
      <trkpt lat="42.46112345717847347259521484375" lon="-6.08937193639576435089111328125">
        <ele>861.4000244140625</ele>
        <time>2025-10-06T06:09:27.000Z</time>
        <extensions>
          <ns3:TrackPointExtension>
            <ns3:hr>96</ns3:hr>
            <ns3:cad>56</ns3:cad>
          </ns3:TrackPointExtension>
        </extensions>
      </trkpt>
      <trkpt lat="42.461153380572795867919921875" lon="-6.089505292475223541259765625">
        <ele>861.5999755859375</ele>
        <time>2025-10-06T06:09:36.000Z</time>
        <extensions>
          <ns3:TrackPointExtension>
            <ns3:hr>95</ns3:hr>
            <ns3:cad>56</ns3:cad>
          </ns3:TrackPointExtension>
        </extensions>
      </trkpt>
      <trkpt lat="42.46116586960852146148681640625" lon="-6.0895705036818981170654296875">
        <ele>861.5999755859375</ele>
        <time>2025-10-06T06:09:40.000Z</time>
        <extensions>
          <ns3:TrackPointExtension>
            <ns3:hr>95</ns3:hr>
            <ns3:cad>56</ns3:cad>
          </ns3:TrackPointExtension>
        </extensions>
      </trkpt>
      <trkpt lat="42.4612152390182018280029296875" lon="-6.0897847451269626617431640625">
        <ele>861.5999755859375</ele>
        <time>2025-10-06T06:09:54.000Z</time>
        <extensions>
          <ns3:TrackPointExtension>
            <ns3:hr>93</ns3:hr>
            <ns3:cad>57</ns3:cad>
          </ns3:TrackPointExtension>
        </extensions>
      </trkpt>
      <trkpt lat="42.46126611717045307159423828125" lon="-6.08999839983880519866943359375">
        <ele>861.79998779296875</ele>
        <time>2025-10-06T06:10:08.000Z</time>
        <extensions>
          <ns3:TrackPointExtension>
            <ns3:hr>92</ns3:hr>
            <ns3:cad>57</ns3:cad>
          </ns3:TrackPointExtension>
        </extensions>
      </trkpt>
      <trkpt lat="42.46130861341953277587890625" lon="-6.090197302401065826416015625">
        <ele>862</ele>
        <time>2025-10-06T06:10:21.000Z</time>
        <extensions>
          <ns3:TrackPointExtension>
            <ns3:hr>92</ns3:hr>
            <ns3:cad>57</ns3:cad>
          </ns3:TrackPointExtension>
        </extensions>
      </trkpt>
      <trkpt lat="42.4613486789166927337646484375" lon="-6.090418584644794464111328125">
        <ele>862.20001220703125</ele>
        <time>2025-10-06T06:10:35.000Z</time>
        <extensions>
          <ns3:TrackPointExtension>
            <ns3:hr>92</ns3:hr>
            <ns3:cad>57</ns3:cad>
          </ns3:TrackPointExtension>
        </extensions>
      </trkpt>
      <trkpt lat="42.4613899178802967071533203125" lon="-6.09061446972191333770751953125">
        <ele>862.20001220703125</ele>
        <time>2025-10-06T06:10:48.000Z</time>
        <extensions>
          <ns3:TrackPointExtension>
            <ns3:hr>91</ns3:hr>
            <ns3:cad>57</ns3:cad>
          </ns3:TrackPointExtension>
        </extensions>
      </trkpt>
      <trkpt lat="42.4614298157393932342529296875" lon="-6.09080784022808074951171875">
        <ele>862.4000244140625</ele>
        <time>2025-10-06T06:11:01.000Z</time>
        <extensions>
          <ns3:TrackPointExtension>
            <ns3:hr>92</ns3:hr>
            <ns3:cad>57</ns3:cad>
          </ns3:TrackPointExtension>
        </extensions>
      </trkpt>
      <trkpt lat="42.46147197671234607696533203125" lon="-6.09098595567047595977783203125">
        <ele>862.5999755859375</ele>
        <time>2025-10-06T06:11:12.000Z</time>
        <extensions>
          <ns3:TrackPointExtension>
            <ns3:hr>93</ns3:hr>
            <ns3:cad>57</ns3:cad>
          </ns3:TrackPointExtension>
        </extensions>
      </trkpt>
      <trkpt lat="42.46148698031902313232421875" lon="-6.09112174250185489654541015625">
        <ele>862.5999755859375</ele>
        <time>2025-10-06T06:11:20.000Z</time>
        <extensions>
          <ns3:TrackPointExtension>
            <ns3:hr>94</ns3:hr>
            <ns3:cad>57</ns3:cad>
          </ns3:TrackPointExtension>
        </extensions>
      </trkpt>
      <trkpt lat="42.4614918418228626251220703125" lon="-6.091155521571636199951171875">
        <ele>862.5999755859375</ele>
        <time>2025-10-06T06:11:22.000Z</time>
        <extensions>
          <ns3:TrackPointExtension>
            <ns3:hr>94</ns3:hr>
            <ns3:cad>57</ns3:cad>
          </ns3:TrackPointExtension>
        </extensions>
      </trkpt>
      <trkpt lat="42.46153123676776885986328125" lon="-6.09129390679299831390380859375">
        <ele>862.5999755859375</ele>
        <time>2025-10-06T06:11:32.000Z</time>
        <extensions>
          <ns3:TrackPointExtension>
            <ns3:hr>96</ns3:hr>
            <ns3:cad>55</ns3:cad>
          </ns3:TrackPointExtension>
        </extensions>
      </trkpt>
      <trkpt lat="42.461544312536716461181640625" lon="-6.0913478024303913116455078125">
        <ele>863</ele>
        <time>2025-10-06T06:11:37.000Z</time>
        <extensions>
          <ns3:TrackPointExtension>
            <ns3:hr>97</ns3:hr>
            <ns3:cad>51</ns3:cad>
          </ns3:TrackPointExtension>
        </extensions>
      </trkpt>
      <trkpt lat="42.4615428037941455841064453125" lon="-6.091371439397335052490234375">
        <ele>863</ele>
        <time>2025-10-06T06:11:39.000Z</time>
        <extensions>
          <ns3:TrackPointExtension>
            <ns3:hr>97</ns3:hr>
            <ns3:cad>48</ns3:cad>
          </ns3:TrackPointExtension>
        </extensions>
      </trkpt>
      <trkpt lat="42.4615713022649288177490234375" lon="-6.0915301926434040069580078125">
        <ele>863</ele>
        <time>2025-10-06T06:11:49.000Z</time>
        <extensions>
          <ns3:TrackPointExtension>
            <ns3:hr>99</ns3:hr>
            <ns3:cad>56</ns3:cad>
          </ns3:TrackPointExtension>
        </extensions>
      </trkpt>
      <trkpt lat="42.461578845977783203125" lon="-6.09168517403304576873779296875">
        <ele>863.20001220703125</ele>
        <time>2025-10-06T06:11:59.000Z</time>
        <extensions>
          <ns3:TrackPointExtension>
            <ns3:hr>100</ns3:hr>
            <ns3:cad>57</ns3:cad>
          </ns3:TrackPointExtension>
        </extensions>
      </trkpt>
      <trkpt lat="42.46158664114773273468017578125" lon="-6.0918202064931392669677734375">
        <ele>863.4000244140625</ele>
        <time>2025-10-06T06:12:08.000Z</time>
        <extensions>
          <ns3:TrackPointExtension>
            <ns3:hr>99</ns3:hr>
            <ns3:cad>57</ns3:cad>
          </ns3:TrackPointExtension>
        </extensions>
      </trkpt>
      <trkpt lat="42.4616028182208538055419921875" lon="-6.09200251288712024688720703125">
        <ele>863.20001220703125</ele>
        <time>2025-10-06T06:12:19.000Z</time>
        <extensions>
          <ns3:TrackPointExtension>
            <ns3:hr>100</ns3:hr>
            <ns3:cad>57</ns3:cad>
          </ns3:TrackPointExtension>
        </extensions>
      </trkpt>
      <trkpt lat="42.46162653900682926177978515625" lon="-6.0922067798674106597900390625">
        <ele>863.4000244140625</ele>
        <time>2025-10-06T06:12:32.000Z</time>
        <extensions>
          <ns3:TrackPointExtension>
            <ns3:hr>100</ns3:hr>
            <ns3:cad>57</ns3:cad>
          </ns3:TrackPointExtension>
        </extensions>
      </trkpt>
      <trkpt lat="42.4616410396993160247802734375" lon="-6.09241305850446224212646484375">
        <ele>863.5999755859375</ele>
        <time>2025-10-06T06:12:44.000Z</time>
        <extensions>
          <ns3:TrackPointExtension>
            <ns3:hr>98</ns3:hr>
            <ns3:cad>57</ns3:cad>
          </ns3:TrackPointExtension>
        </extensions>
      </trkpt>
      <trkpt lat="42.46164263226091861724853515625" lon="-6.09242923557758331298828125">
        <ele>863.5999755859375</ele>
        <time>2025-10-06T06:12:45.000Z</time>
        <extensions>
          <ns3:TrackPointExtension>
            <ns3:hr>98</ns3:hr>
            <ns3:cad>57</ns3:cad>
          </ns3:TrackPointExtension>
        </extensions>
      </trkpt>
      <trkpt lat="42.46164279989898204803466796875" lon="-6.092611290514469146728515625">
        <ele>863.79998779296875</ele>
        <time>2025-10-06T06:12:57.000Z</time>
        <extensions>
          <ns3:TrackPointExtension>
            <ns3:hr>99</ns3:hr>
            <ns3:cad>57</ns3:cad>
          </ns3:TrackPointExtension>
        </extensions>
      </trkpt>
      <trkpt lat="42.46165570802986621856689453125" lon="-6.092835254967212677001953125">
        <ele>863.79998779296875</ele>
        <time>2025-10-06T06:13:11.000Z</time>
        <extensions>
          <ns3:TrackPointExtension>
            <ns3:hr>100</ns3:hr>
            <ns3:cad>57</ns3:cad>
          </ns3:TrackPointExtension>
        </extensions>
      </trkpt>
      <trkpt lat="42.46165671385824680328369140625" lon="-6.0930074192583560943603515625">
        <ele>864.20001220703125</ele>
        <time>2025-10-06T06:13:22.000Z</time>
        <extensions>
          <ns3:TrackPointExtension>
            <ns3:hr>100</ns3:hr>
            <ns3:cad>57</ns3:cad>
          </ns3:TrackPointExtension>
        </extensions>
      </trkpt>
      <trkpt lat="42.46166291646659374237060546875" lon="-6.09320330433547496795654296875">
        <ele>864.20001220703125</ele>
        <time>2025-10-06T06:13:34.000Z</time>
        <extensions>
          <ns3:TrackPointExtension>
            <ns3:hr>100</ns3:hr>
            <ns3:cad>57</ns3:cad>
          </ns3:TrackPointExtension>
        </extensions>
      </trkpt>
      <trkpt lat="42.46166425757110118865966796875" lon="-6.09330154024064540863037109375">
        <ele>864.20001220703125</ele>
        <time>2025-10-06T06:13:40.000Z</time>
        <extensions>
          <ns3:TrackPointExtension>
            <ns3:hr>97</ns3:hr>
            <ns3:cad>57</ns3:cad>
          </ns3:TrackPointExtension>
        </extensions>
      </trkpt>
      <trkpt lat="42.46166543103754520416259765625" lon="-6.0933973453938961029052734375">
        <ele>864.4000244140625</ele>
        <time>2025-10-06T06:13:46.000Z</time>
        <extensions>
          <ns3:TrackPointExtension>
            <ns3:hr>97</ns3:hr>
            <ns3:cad>57</ns3:cad>
          </ns3:TrackPointExtension>
        </extensions>
      </trkpt>
      <trkpt lat="42.4616671912372112274169921875" lon="-6.0935515724122524261474609375">
        <ele>864.4000244140625</ele>
        <time>2025-10-06T06:13:56.000Z</time>
        <extensions>
          <ns3:TrackPointExtension>
            <ns3:hr>95</ns3:hr>
            <ns3:cad>57</ns3:cad>
          </ns3:TrackPointExtension>
        </extensions>
      </trkpt>
      <trkpt lat="42.46167071163654327392578125" lon="-6.09364804811775684356689453125">
        <ele>864.4000244140625</ele>
        <time>2025-10-06T06:14:02.000Z</time>
        <extensions>
          <ns3:TrackPointExtension>
            <ns3:hr>92</ns3:hr>
            <ns3:cad>57</ns3:cad>
          </ns3:TrackPointExtension>
        </extensions>
      </trkpt>
      <trkpt lat="42.461675070226192474365234375" lon="-6.093772687017917633056640625">
        <ele>864.5999755859375</ele>
        <time>2025-10-06T06:14:10.000Z</time>
        <extensions>
          <ns3:TrackPointExtension>
            <ns3:hr>91</ns3:hr>
            <ns3:cad>57</ns3:cad>
          </ns3:TrackPointExtension>
        </extensions>
      </trkpt>
      <trkpt lat="42.46168487705290317535400390625" lon="-6.0939614474773406982421875">
        <ele>864.5999755859375</ele>
        <time>2025-10-06T06:14:22.000Z</time>
        <extensions>
          <ns3:TrackPointExtension>
            <ns3:hr>91</ns3:hr>
            <ns3:cad>56</ns3:cad>
          </ns3:TrackPointExtension>
        </extensions>
      </trkpt>
      <trkpt lat="42.46168571524322032928466796875" lon="-6.0940058715641498565673828125">
        <ele>864.5999755859375</ele>
        <time>2025-10-06T06:14:25.000Z</time>
        <extensions>
          <ns3:TrackPointExtension>
            <ns3:hr>91</ns3:hr>
            <ns3:cad>56</ns3:cad>
          </ns3:TrackPointExtension>
        </extensions>
      </trkpt>
      <trkpt lat="42.46169149875640869140625" lon="-6.09421835280954837799072265625">
        <ele>864.5999755859375</ele>
        <time>2025-10-06T06:14:38.000Z</time>
        <extensions>
          <ns3:TrackPointExtension>
            <ns3:hr>92</ns3:hr>
            <ns3:cad>57</ns3:cad>
          </ns3:TrackPointExtension>
        </extensions>
      </trkpt>
      <trkpt lat="42.46169677935540676116943359375" lon="-6.09443686902523040771484375">
        <ele>864.79998779296875</ele>
        <time>2025-10-06T06:14:52.000Z</time>
        <extensions>
          <ns3:TrackPointExtension>
            <ns3:hr>90</ns3:hr>
            <ns3:cad>57</ns3:cad>
          </ns3:TrackPointExtension>
        </extensions>
      </trkpt>
      <trkpt lat="42.4617087654769420623779296875" lon="-6.09460978768765926361083984375">
        <ele>864.79998779296875</ele>
        <time>2025-10-06T06:15:03.000Z</time>
        <extensions>
          <ns3:TrackPointExtension>
            <ns3:hr>90</ns3:hr>
            <ns3:cad>57</ns3:cad>
          </ns3:TrackPointExtension>
        </extensions>
      </trkpt>
      <trkpt lat="42.4617235176265239715576171875" lon="-6.09480760060250759124755859375">
        <ele>865.20001220703125</ele>
        <time>2025-10-06T06:15:15.000Z</time>
        <extensions>
          <ns3:TrackPointExtension>
            <ns3:hr>90</ns3:hr>
            <ns3:cad>57</ns3:cad>
          </ns3:TrackPointExtension>
        </extensions>
      </trkpt>
      <trkpt lat="42.4617238529026508331298828125" lon="-6.0950338281691074371337890625">
        <ele>865.20001220703125</ele>
        <time>2025-10-06T06:15:29.000Z</time>
        <extensions>
          <ns3:TrackPointExtension>
            <ns3:hr>88</ns3:hr>
            <ns3:cad>57</ns3:cad>
          </ns3:TrackPointExtension>
        </extensions>
      </trkpt>
      <trkpt lat="42.4617261998355388641357421875" lon="-6.0952497459948062896728515625">
        <ele>865.5999755859375</ele>
        <time>2025-10-06T06:15:43.000Z</time>
        <extensions>
          <ns3:TrackPointExtension>
            <ns3:hr>88</ns3:hr>
            <ns3:cad>57</ns3:cad>
          </ns3:TrackPointExtension>
        </extensions>
      </trkpt>
      <trkpt lat="42.4617416225373744964599609375" lon="-6.09545283950865268707275390625">
        <ele>865.5999755859375</ele>
        <time>2025-10-06T06:15:55.000Z</time>
        <extensions>
          <ns3:TrackPointExtension>
            <ns3:hr>90</ns3:hr>
            <ns3:cad>57</ns3:cad>
          </ns3:TrackPointExtension>
        </extensions>
      </trkpt>
      <trkpt lat="42.461742125451564788818359375" lon="-6.09546893276274204254150390625">
        <ele>865.5999755859375</ele>
        <time>2025-10-06T06:15:56.000Z</time>
        <extensions>
          <ns3:TrackPointExtension>
            <ns3:hr>89</ns3:hr>
            <ns3:cad>57</ns3:cad>
          </ns3:TrackPointExtension>
        </extensions>
      </trkpt>
      <trkpt lat="42.46173868887126445770263671875" lon="-6.09562131576240062713623046875">
        <ele>865.79998779296875</ele>
        <time>2025-10-06T06:16:06.000Z</time>
        <extensions>
          <ns3:TrackPointExtension>
            <ns3:hr>90</ns3:hr>
            <ns3:cad>57</ns3:cad>
          </ns3:TrackPointExtension>
        </extensions>
      </trkpt>
      <trkpt lat="42.4617459811270236968994140625" lon="-6.09579197131097316741943359375">
        <ele>866</ele>
        <time>2025-10-06T06:16:17.000Z</time>
        <extensions>
          <ns3:TrackPointExtension>
            <ns3:hr>89</ns3:hr>
            <ns3:cad>57</ns3:cad>
          </ns3:TrackPointExtension>
        </extensions>
      </trkpt>
      <trkpt lat="42.46174388565123081207275390625" lon="-6.09602213837206363677978515625">
        <ele>866.20001220703125</ele>
        <time>2025-10-06T06:16:31.000Z</time>
        <extensions>
          <ns3:TrackPointExtension>
            <ns3:hr>91</ns3:hr>
            <ns3:cad>57</ns3:cad>
          </ns3:TrackPointExtension>
        </extensions>
      </trkpt>
      <trkpt lat="42.46173248626291751861572265625" lon="-6.096258424222469329833984375">
        <ele>866.5999755859375</ele>
        <time>2025-10-06T06:16:46.000Z</time>
        <extensions>
          <ns3:TrackPointExtension>
            <ns3:hr>92</ns3:hr>
            <ns3:cad>56</ns3:cad>
          </ns3:TrackPointExtension>
        </extensions>
      </trkpt>
      <trkpt lat="42.4617345817387104034423828125" lon="-6.096290610730648040771484375">
        <ele>866.5999755859375</ele>
        <time>2025-10-06T06:16:48.000Z</time>
        <extensions>
          <ns3:TrackPointExtension>
            <ns3:hr>92</ns3:hr>
            <ns3:cad>56</ns3:cad>
          </ns3:TrackPointExtension>
        </extensions>
      </trkpt>
      <trkpt lat="42.46172368526458740234375" lon="-6.09631433151662349700927734375">
        <ele>866.79998779296875</ele>
        <time>2025-10-06T06:16:50.000Z</time>
        <extensions>
          <ns3:TrackPointExtension>
            <ns3:hr>91</ns3:hr>
            <ns3:cad>56</ns3:cad>
          </ns3:TrackPointExtension>
        </extensions>
      </trkpt>
      <trkpt lat="42.46168688870966434478759765625" lon="-6.09635557048022747039794921875">
        <ele>867</ele>
        <time>2025-10-06T06:16:54.000Z</time>
        <extensions>
          <ns3:TrackPointExtension>
            <ns3:hr>92</ns3:hr>
            <ns3:cad>54</ns3:cad>
          </ns3:TrackPointExtension>
        </extensions>
      </trkpt>
      <trkpt lat="42.4615934304893016815185546875" lon="-6.0964269004762172698974609375">
        <ele>867.5999755859375</ele>
        <time>2025-10-06T06:17:03.000Z</time>
        <extensions>
          <ns3:TrackPointExtension>
            <ns3:hr>94</ns3:hr>
            <ns3:cad>55</ns3:cad>
          </ns3:TrackPointExtension>
        </extensions>
      </trkpt>
      <trkpt lat="42.4615823663771152496337890625" lon="-6.0964359529316425323486328125">
        <ele>867.5999755859375</ele>
        <time>2025-10-06T06:17:04.000Z</time>
        <extensions>
          <ns3:TrackPointExtension>
            <ns3:hr>94</ns3:hr>
            <ns3:cad>56</ns3:cad>
          </ns3:TrackPointExtension>
        </extensions>
      </trkpt>
      <trkpt lat="42.4614878185093402862548828125" lon="-6.09648649580776691436767578125">
        <ele>867.4000244140625</ele>
        <time>2025-10-06T06:17:13.000Z</time>
        <extensions>
          <ns3:TrackPointExtension>
            <ns3:hr>96</ns3:hr>
            <ns3:cad>58</ns3:cad>
          </ns3:TrackPointExtension>
        </extensions>
      </trkpt>
      <trkpt lat="42.4614060111343860626220703125" lon="-6.096631251275539398193359375">
        <ele>867.4000244140625</ele>
        <time>2025-10-06T06:17:23.000Z</time>
        <extensions>
          <ns3:TrackPointExtension>
            <ns3:hr>94</ns3:hr>
            <ns3:cad>56</ns3:cad>
          </ns3:TrackPointExtension>
        </extensions>
      </trkpt>
      <trkpt lat="42.46130970306694507598876953125" lon="-6.0968372784554958343505859375">
        <ele>867.79998779296875</ele>
        <time>2025-10-06T06:17:38.000Z</time>
        <extensions>
          <ns3:TrackPointExtension>
            <ns3:hr>93</ns3:hr>
            <ns3:cad>57</ns3:cad>
          </ns3:TrackPointExtension>
        </extensions>
      </trkpt>
      <trkpt lat="42.4612269736826419830322265625" lon="-6.09701019711792469024658203125">
        <ele>868</ele>
        <time>2025-10-06T06:17:51.000Z</time>
        <extensions>
          <ns3:TrackPointExtension>
            <ns3:hr>92</ns3:hr>
            <ns3:cad>57</ns3:cad>
          </ns3:TrackPointExtension>
        </extensions>
      </trkpt>
      <trkpt lat="42.46115128509700298309326171875" lon="-6.097166351974010467529296875">
        <ele>868.4000244140625</ele>
        <time>2025-10-06T06:18:03.000Z</time>
        <extensions>
          <ns3:TrackPointExtension>
            <ns3:hr>93</ns3:hr>
            <ns3:cad>56</ns3:cad>
          </ns3:TrackPointExtension>
        </extensions>
      </trkpt>
      <trkpt lat="42.4610908515751361846923828125" lon="-6.09731781296432018280029296875">
        <ele>868</ele>
        <time>2025-10-06T06:18:14.000Z</time>
        <extensions>
          <ns3:TrackPointExtension>
            <ns3:hr>93</ns3:hr>
            <ns3:cad>57</ns3:cad>
          </ns3:TrackPointExtension>
        </extensions>
      </trkpt>
      <trkpt lat="42.4610140733420848846435546875" lon="-6.09749366529285907745361328125">
        <ele>868</ele>
        <time>2025-10-06T06:18:27.000Z</time>
        <extensions>
          <ns3:TrackPointExtension>
            <ns3:hr>92</ns3:hr>
            <ns3:cad>57</ns3:cad>
          </ns3:TrackPointExtension>
        </extensions>
      </trkpt>
      <trkpt lat="42.46093167923390865325927734375" lon="-6.097661554813385009765625">
        <ele>868</ele>
        <time>2025-10-06T06:18:39.000Z</time>
        <extensions>
          <ns3:TrackPointExtension>
            <ns3:hr>92</ns3:hr>
            <ns3:cad>57</ns3:cad>
          </ns3:TrackPointExtension>
        </extensions>
      </trkpt>
      <trkpt lat="42.46085439808666706085205078125" lon="-6.09782307408750057220458984375">
        <ele>868</ele>
        <time>2025-10-06T06:18:51.000Z</time>
        <extensions>
          <ns3:TrackPointExtension>
            <ns3:hr>93</ns3:hr>
            <ns3:cad>56</ns3:cad>
          </ns3:TrackPointExtension>
        </extensions>
      </trkpt>
      <trkpt lat="42.4607632867991924285888671875" lon="-6.09795324504375457763671875">
        <ele>867.79998779296875</ele>
        <time>2025-10-06T06:19:02.000Z</time>
        <extensions>
          <ns3:TrackPointExtension>
            <ns3:hr>93</ns3:hr>
            <ns3:cad>56</ns3:cad>
          </ns3:TrackPointExtension>
        </extensions>
      </trkpt>
      <trkpt lat="42.4606724269688129425048828125" lon="-6.098074279725551605224609375">
        <ele>867.20001220703125</ele>
        <time>2025-10-06T06:19:13.000Z</time>
        <extensions>
          <ns3:TrackPointExtension>
            <ns3:hr>94</ns3:hr>
            <ns3:cad>59</ns3:cad>
          </ns3:TrackPointExtension>
        </extensions>
      </trkpt>
      <trkpt lat="42.46058709919452667236328125" lon="-6.098255328834056854248046875">
        <ele>867.4000244140625</ele>
        <time>2025-10-06T06:19:26.000Z</time>
        <extensions>
          <ns3:TrackPointExtension>
            <ns3:hr>93</ns3:hr>
            <ns3:cad>57</ns3:cad>
          </ns3:TrackPointExtension>
        </extensions>
      </trkpt>
      <trkpt lat="42.4605601094663143157958984375" lon="-6.0983248986303806304931640625">
        <ele>867.4000244140625</ele>
        <time>2025-10-06T06:19:31.000Z</time>
        <extensions>
          <ns3:TrackPointExtension>
            <ns3:hr>90</ns3:hr>
            <ns3:cad>57</ns3:cad>
          </ns3:TrackPointExtension>
        </extensions>
      </trkpt>
      <trkpt lat="42.46050537563860416412353515625" lon="-6.098462529480457305908203125">
        <ele>867.5999755859375</ele>
        <time>2025-10-06T06:19:41.000Z</time>
        <extensions>
          <ns3:TrackPointExtension>
            <ns3:hr>90</ns3:hr>
            <ns3:cad>57</ns3:cad>
          </ns3:TrackPointExtension>
        </extensions>
      </trkpt>
      <trkpt lat="42.460461370646953582763671875" lon="-6.0986387170851230621337890625">
        <ele>867.79998779296875</ele>
        <time>2025-10-06T06:19:52.000Z</time>
        <extensions>
          <ns3:TrackPointExtension>
            <ns3:hr>90</ns3:hr>
            <ns3:cad>56</ns3:cad>
          </ns3:TrackPointExtension>
        </extensions>
      </trkpt>
      <trkpt lat="42.46043848805129528045654296875" lon="-6.0987932793796062469482421875">
        <ele>868.20001220703125</ele>
        <time>2025-10-06T06:20:02.000Z</time>
        <extensions>
          <ns3:TrackPointExtension>
            <ns3:hr>92</ns3:hr>
            <ns3:cad>55</ns3:cad>
          </ns3:TrackPointExtension>
        </extensions>
      </trkpt>
      <trkpt lat="42.46043312363326549530029296875" lon="-6.0988656990230083465576171875">
        <ele>868.4000244140625</ele>
        <time>2025-10-06T06:20:07.000Z</time>
        <extensions>
          <ns3:TrackPointExtension>
            <ns3:hr>95</ns3:hr>
            <ns3:cad>55</ns3:cad>
          </ns3:TrackPointExtension>
        </extensions>
      </trkpt>
      <trkpt lat="42.4604295194149017333984375" lon="-6.09892562963068485260009765625">
        <ele>868.20001220703125</ele>
        <time>2025-10-06T06:20:11.000Z</time>
        <extensions>
          <ns3:TrackPointExtension>
            <ns3:hr>96</ns3:hr>
            <ns3:cad>55</ns3:cad>
          </ns3:TrackPointExtension>
        </extensions>
      </trkpt>
      <trkpt lat="42.4604293517768383026123046875" lon="-6.0990628413856029510498046875">
        <ele>868.5999755859375</ele>
        <time>2025-10-06T06:20:21.000Z</time>
        <extensions>
          <ns3:TrackPointExtension>
            <ns3:hr>98</ns3:hr>
            <ns3:cad>52</ns3:cad>
          </ns3:TrackPointExtension>
        </extensions>
      </trkpt>
      <trkpt lat="42.46041719801723957061767578125" lon="-6.0991838760673999786376953125">
        <ele>868.79998779296875</ele>
        <time>2025-10-06T06:20:29.000Z</time>
        <extensions>
          <ns3:TrackPointExtension>
            <ns3:hr>99</ns3:hr>
            <ns3:cad>53</ns3:cad>
          </ns3:TrackPointExtension>
        </extensions>
      </trkpt>
      <trkpt lat="42.4604105763137340545654296875" lon="-6.09932142309844493865966796875">
        <ele>869</ele>
        <time>2025-10-06T06:20:38.000Z</time>
        <extensions>
          <ns3:TrackPointExtension>
            <ns3:hr>99</ns3:hr>
            <ns3:cad>53</ns3:cad>
          </ns3:TrackPointExtension>
        </extensions>
      </trkpt>
      <trkpt lat="42.460403703153133392333984375" lon="-6.09944279305636882781982421875">
        <ele>868.5999755859375</ele>
        <time>2025-10-06T06:20:47.000Z</time>
        <extensions>
          <ns3:TrackPointExtension>
            <ns3:hr>99</ns3:hr>
            <ns3:cad>52</ns3:cad>
          </ns3:TrackPointExtension>
        </extensions>
      </trkpt>
      <trkpt lat="42.46039892546832561492919921875" lon="-6.09945653937757015228271484375">
        <ele>868.79998779296875</ele>
        <time>2025-10-06T06:20:53.000Z</time>
        <extensions>
          <ns3:TrackPointExtension>
            <ns3:hr>100</ns3:hr>
            <ns3:cad>0</ns3:cad>
          </ns3:TrackPointExtension>
        </extensions>
      </trkpt>
      <trkpt lat="42.46039791963994503021240234375" lon="-6.09946693293750286102294921875">
        <ele>868.79998779296875</ele>
        <time>2025-10-06T06:21:00.000Z</time>
        <extensions>
          <ns3:TrackPointExtension>
            <ns3:hr>102</ns3:hr>
            <ns3:cad>0</ns3:cad>
          </ns3:TrackPointExtension>
        </extensions>
      </trkpt>
      <trkpt lat="42.46038685552775859832763671875" lon="-6.09945838339626789093017578125">
        <ele>868.5999755859375</ele>
        <time>2025-10-06T06:21:07.000Z</time>
        <extensions>
          <ns3:TrackPointExtension>
            <ns3:hr>99</ns3:hr>
            <ns3:cad>0</ns3:cad>
          </ns3:TrackPointExtension>
        </extensions>
      </trkpt>
      <trkpt lat="42.4603948183357715606689453125" lon="-6.09947414137423038482666015625">
        <ele>868.5999755859375</ele>
        <time>2025-10-06T06:21:11.000Z</time>
        <extensions>
          <ns3:TrackPointExtension>
            <ns3:hr>97</ns3:hr>
            <ns3:cad>0</ns3:cad>
          </ns3:TrackPointExtension>
        </extensions>
      </trkpt>
      <trkpt lat="42.46039004065096378326416015625" lon="-6.09947539865970611572265625">
        <ele>868.79998779296875</ele>
        <time>2025-10-06T06:21:23.000Z</time>
        <extensions>
          <ns3:TrackPointExtension>
            <ns3:hr>97</ns3:hr>
            <ns3:cad>0</ns3:cad>
          </ns3:TrackPointExtension>
        </extensions>
      </trkpt>
      <trkpt lat="42.46038056910037994384765625" lon="-6.09946525655686855316162109375">
        <ele>868.4000244140625</ele>
        <time>2025-10-06T06:21:35.000Z</time>
        <extensions>
          <ns3:TrackPointExtension>
            <ns3:hr>96</ns3:hr>
            <ns3:cad>0</ns3:cad>
          </ns3:TrackPointExtension>
        </extensions>
      </trkpt>
      <trkpt lat="42.4603892862796783447265625" lon="-6.0994725488126277923583984375">
        <ele>868.4000244140625</ele>
        <time>2025-10-06T06:21:44.000Z</time>
        <extensions>
          <ns3:TrackPointExtension>
            <ns3:hr>96</ns3:hr>
            <ns3:cad>0</ns3:cad>
          </ns3:TrackPointExtension>
        </extensions>
      </trkpt>
      <trkpt lat="42.4603814072906970977783203125" lon="-6.09947347082197666168212890625">
        <ele>868.5999755859375</ele>
        <time>2025-10-06T06:21:54.000Z</time>
        <extensions>
          <ns3:TrackPointExtension>
            <ns3:hr>93</ns3:hr>
            <ns3:cad>0</ns3:cad>
          </ns3:TrackPointExtension>
        </extensions>
      </trkpt>
      <trkpt lat="42.46037847362458705902099609375" lon="-6.09947246499359607696533203125">
        <ele>868.5999755859375</ele>
        <time>2025-10-06T06:21:57.000Z</time>
        <extensions>
          <ns3:TrackPointExtension>
            <ns3:hr>91</ns3:hr>
            <ns3:cad>0</ns3:cad>
          </ns3:TrackPointExtension>
        </extensions>
      </trkpt>
      <trkpt lat="42.46038995683193206787109375" lon="-6.0994645021855831146240234375">
        <ele>868.5999755859375</ele>
        <time>2025-10-06T06:22:07.000Z</time>
        <extensions>
          <ns3:TrackPointExtension>
            <ns3:hr>89</ns3:hr>
            <ns3:cad>0</ns3:cad>
          </ns3:TrackPointExtension>
        </extensions>
      </trkpt>
      <trkpt lat="42.46040211059153079986572265625" lon="-6.099558882415294647216796875">
        <ele>868.79998779296875</ele>
        <time>2025-10-06T06:22:15.000Z</time>
        <extensions>
          <ns3:TrackPointExtension>
            <ns3:hr>90</ns3:hr>
            <ns3:cad>53</ns3:cad>
          </ns3:TrackPointExtension>
        </extensions>
      </trkpt>
      <trkpt lat="42.4603958241641521453857421875" lon="-6.09966675750911235809326171875">
        <ele>868.5999755859375</ele>
        <time>2025-10-06T06:22:22.000Z</time>
        <extensions>
          <ns3:TrackPointExtension>
            <ns3:hr>93</ns3:hr>
            <ns3:cad>56</ns3:cad>
          </ns3:TrackPointExtension>
        </extensions>
      </trkpt>
      <trkpt lat="42.4603978358209133148193359375" lon="-6.0997048951685428619384765625">
        <ele>869</ele>
        <time>2025-10-06T06:22:25.000Z</time>
        <extensions>
          <ns3:TrackPointExtension>
            <ns3:hr>94</ns3:hr>
            <ns3:cad>56</ns3:cad>
          </ns3:TrackPointExtension>
        </extensions>
      </trkpt>
      <trkpt lat="42.4603914655745029449462890625" lon="-6.09983774833381175994873046875">
        <ele>869</ele>
        <time>2025-10-06T06:22:36.000Z</time>
        <extensions>
          <ns3:TrackPointExtension>
            <ns3:hr>95</ns3:hr>
            <ns3:cad>52</ns3:cad>
          </ns3:TrackPointExtension>
        </extensions>
      </trkpt>
      <trkpt lat="42.4603867717087268829345703125" lon="-6.09997219406068325042724609375">
        <ele>868.5999755859375</ele>
        <time>2025-10-06T06:22:46.000Z</time>
        <extensions>
          <ns3:TrackPointExtension>
            <ns3:hr>95</ns3:hr>
            <ns3:cad>53</ns3:cad>
          </ns3:TrackPointExtension>
        </extensions>
      </trkpt>
      <trkpt lat="42.460382916033267974853515625" lon="-6.1001280136406421661376953125">
        <ele>868.5999755859375</ele>
        <time>2025-10-06T06:22:56.000Z</time>
        <extensions>
          <ns3:TrackPointExtension>
            <ns3:hr>95</ns3:hr>
            <ns3:cad>56</ns3:cad>
          </ns3:TrackPointExtension>
        </extensions>
      </trkpt>
      <trkpt lat="42.46037545613944530487060546875" lon="-6.10028383322060108184814453125">
        <ele>868.79998779296875</ele>
        <time>2025-10-06T06:23:07.000Z</time>
        <extensions>
          <ns3:TrackPointExtension>
            <ns3:hr>94</ns3:hr>
            <ns3:cad>55</ns3:cad>
          </ns3:TrackPointExtension>
        </extensions>
      </trkpt>
      <trkpt lat="42.46035802178084850311279296875" lon="-6.100467145442962646484375">
        <ele>869.4000244140625</ele>
        <time>2025-10-06T06:23:19.000Z</time>
        <extensions>
          <ns3:TrackPointExtension>
            <ns3:hr>94</ns3:hr>
            <ns3:cad>55</ns3:cad>
          </ns3:TrackPointExtension>
        </extensions>
      </trkpt>
      <trkpt lat="42.460343353450298309326171875" lon="-6.10063134692609310150146484375">
        <ele>869.79998779296875</ele>
        <time>2025-10-06T06:23:29.000Z</time>
        <extensions>
          <ns3:TrackPointExtension>
            <ns3:hr>96</ns3:hr>
            <ns3:cad>57</ns3:cad>
          </ns3:TrackPointExtension>
        </extensions>
      </trkpt>
      <trkpt lat="42.46034611947834491729736328125" lon="-6.1007841490209102630615234375">
        <ele>870.4000244140625</ele>
        <time>2025-10-06T06:23:39.000Z</time>
        <extensions>
          <ns3:TrackPointExtension>
            <ns3:hr>98</ns3:hr>
            <ns3:cad>56</ns3:cad>
          </ns3:TrackPointExtension>
        </extensions>
      </trkpt>
      <trkpt lat="42.4603436887264251708984375" lon="-6.10083536244928836822509765625">
        <ele>870.79998779296875</ele>
        <time>2025-10-06T06:23:42.000Z</time>
        <extensions>
          <ns3:TrackPointExtension>
            <ns3:hr>101</ns3:hr>
            <ns3:cad>55</ns3:cad>
          </ns3:TrackPointExtension>
        </extensions>
      </trkpt>
      <trkpt lat="42.46033924631774425506591796875" lon="-6.1009162478148937225341796875">
        <ele>871</ele>
        <time>2025-10-06T06:23:48.000Z</time>
        <extensions>
          <ns3:TrackPointExtension>
            <ns3:hr>104</ns3:hr>
            <ns3:cad>55</ns3:cad>
          </ns3:TrackPointExtension>
        </extensions>
      </trkpt>
      <trkpt lat="42.4603354744613170623779296875" lon="-6.1009625159204006195068359375">
        <ele>871.20001220703125</ele>
        <time>2025-10-06T06:23:51.000Z</time>
        <extensions>
          <ns3:TrackPointExtension>
            <ns3:hr>104</ns3:hr>
            <ns3:cad>55</ns3:cad>
          </ns3:TrackPointExtension>
        </extensions>
      </trkpt>
      <trkpt lat="42.460323907434940338134765625" lon="-6.10112135298550128936767578125">
        <ele>871</ele>
        <time>2025-10-06T06:24:01.000Z</time>
        <extensions>
          <ns3:TrackPointExtension>
            <ns3:hr>104</ns3:hr>
            <ns3:cad>55</ns3:cad>
          </ns3:TrackPointExtension>
        </extensions>
      </trkpt>
      <trkpt lat="42.46030957438051700592041015625" lon="-6.10130122862756252288818359375">
        <ele>871.4000244140625</ele>
        <time>2025-10-06T06:24:12.000Z</time>
        <extensions>
          <ns3:TrackPointExtension>
            <ns3:hr>106</ns3:hr>
            <ns3:cad>57</ns3:cad>
          </ns3:TrackPointExtension>
        </extensions>
      </trkpt>
      <trkpt lat="42.4603026174008846282958984375" lon="-6.10136996023356914520263671875">
        <ele>871.5999755859375</ele>
        <time>2025-10-06T06:24:16.000Z</time>
        <extensions>
          <ns3:TrackPointExtension>
            <ns3:hr>109</ns3:hr>
            <ns3:cad>56</ns3:cad>
          </ns3:TrackPointExtension>
        </extensions>
      </trkpt>
      <trkpt lat="42.46030018664896488189697265625" lon="-6.10144321806728839874267578125">
        <ele>871.5999755859375</ele>
        <time>2025-10-06T06:24:20.000Z</time>
        <extensions>
          <ns3:TrackPointExtension>
            <ns3:hr>112</ns3:hr>
            <ns3:cad>56</ns3:cad>
          </ns3:TrackPointExtension>
        </extensions>
      </trkpt>
      <trkpt lat="42.460293062031269073486328125" lon="-6.1015147157013416290283203125">
        <ele>871</ele>
        <time>2025-10-06T06:24:24.000Z</time>
        <extensions>
          <ns3:TrackPointExtension>
            <ns3:hr>111</ns3:hr>
            <ns3:cad>60</ns3:cad>
          </ns3:TrackPointExtension>
        </extensions>
      </trkpt>
      <trkpt lat="42.46027168817818164825439453125" lon="-6.1016934178769588470458984375">
        <ele>871.5999755859375</ele>
        <time>2025-10-06T06:24:35.000Z</time>
        <extensions>
          <ns3:TrackPointExtension>
            <ns3:hr>111</ns3:hr>
            <ns3:cad>56</ns3:cad>
          </ns3:TrackPointExtension>
        </extensions>
      </trkpt>
      <trkpt lat="42.4602657370269298553466796875" lon="-6.101825349032878875732421875">
        <ele>871.79998779296875</ele>
        <time>2025-10-06T06:24:43.000Z</time>
        <extensions>
          <ns3:TrackPointExtension>
            <ns3:hr>109</ns3:hr>
            <ns3:cad>57</ns3:cad>
          </ns3:TrackPointExtension>
        </extensions>
      </trkpt>
      <trkpt lat="42.46026431210339069366455078125" lon="-6.10184085555374622344970703125">
        <ele>871.79998779296875</ele>
        <time>2025-10-06T06:24:44.000Z</time>
        <extensions>
          <ns3:TrackPointExtension>
            <ns3:hr>109</ns3:hr>
            <ns3:cad>57</ns3:cad>
          </ns3:TrackPointExtension>
        </extensions>
      </trkpt>
      <trkpt lat="42.46027084998786449432373046875" lon="-6.10197479836642742156982421875">
        <ele>871.79998779296875</ele>
        <time>2025-10-06T06:24:52.000Z</time>
        <extensions>
          <ns3:TrackPointExtension>
            <ns3:hr>108</ns3:hr>
            <ns3:cad>55</ns3:cad>
          </ns3:TrackPointExtension>
        </extensions>
      </trkpt>
      <trkpt lat="42.46026531793177127838134765625" lon="-6.1021353118121623992919921875">
        <ele>872.4000244140625</ele>
        <time>2025-10-06T06:25:03.000Z</time>
        <extensions>
          <ns3:TrackPointExtension>
            <ns3:hr>107</ns3:hr>
            <ns3:cad>57</ns3:cad>
          </ns3:TrackPointExtension>
        </extensions>
      </trkpt>
      <trkpt lat="42.46022139675915241241455078125" lon="-6.1023046262562274932861328125">
        <ele>872.5999755859375</ele>
        <time>2025-10-06T06:25:14.000Z</time>
        <extensions>
          <ns3:TrackPointExtension>
            <ns3:hr>108</ns3:hr>
            <ns3:cad>56</ns3:cad>
          </ns3:TrackPointExtension>
        </extensions>
      </trkpt>
      <trkpt lat="42.46020890772342681884765625" lon="-6.1023736931383609771728515625">
        <ele>872.79998779296875</ele>
        <time>2025-10-06T06:25:18.000Z</time>
        <extensions>
          <ns3:TrackPointExtension>
            <ns3:hr>108</ns3:hr>
            <ns3:cad>56</ns3:cad>
          </ns3:TrackPointExtension>
        </extensions>
      </trkpt>
      <trkpt lat="42.46019926853477954864501953125" lon="-6.10243462957441806793212890625">
        <ele>873.4000244140625</ele>
        <time>2025-10-06T06:25:22.000Z</time>
        <extensions>
          <ns3:TrackPointExtension>
            <ns3:hr>108</ns3:hr>
            <ns3:cad>55</ns3:cad>
          </ns3:TrackPointExtension>
        </extensions>
      </trkpt>
      <trkpt lat="42.46017496101558208465576171875" lon="-6.10258416272699832916259765625">
        <ele>873.4000244140625</ele>
        <time>2025-10-06T06:25:31.000Z</time>
        <extensions>
          <ns3:TrackPointExtension>
            <ns3:hr>110</ns3:hr>
            <ns3:cad>55</ns3:cad>
          </ns3:TrackPointExtension>
        </extensions>
      </trkpt>
      <trkpt lat="42.46014294214546680450439453125" lon="-6.102740652859210968017578125">
        <ele>873.79998779296875</ele>
        <time>2025-10-06T06:25:41.000Z</time>
        <extensions>
          <ns3:TrackPointExtension>
            <ns3:hr>112</ns3:hr>
            <ns3:cad>56</ns3:cad>
          </ns3:TrackPointExtension>
        </extensions>
      </trkpt>
      <trkpt lat="42.460135482251644134521484375" lon="-6.10278465785086154937744140625">
        <ele>874</ele>
        <time>2025-10-06T06:25:44.000Z</time>
        <extensions>
          <ns3:TrackPointExtension>
            <ns3:hr>112</ns3:hr>
            <ns3:cad>55</ns3:cad>
          </ns3:TrackPointExtension>
        </extensions>
      </trkpt>
      <trkpt lat="42.4601225741207599639892578125" lon="-6.10287166200578212738037109375">
        <ele>874.20001220703125</ele>
        <time>2025-10-06T06:25:49.000Z</time>
        <extensions>
          <ns3:TrackPointExtension>
            <ns3:hr>112</ns3:hr>
            <ns3:cad>55</ns3:cad>
          </ns3:TrackPointExtension>
        </extensions>
      </trkpt>
      <trkpt lat="42.460095249116420745849609375" lon="-6.1030214466154575347900390625">
        <ele>874.5999755859375</ele>
        <time>2025-10-06T06:25:58.000Z</time>
        <extensions>
          <ns3:TrackPointExtension>
            <ns3:hr>114</ns3:hr>
            <ns3:cad>56</ns3:cad>
          </ns3:TrackPointExtension>
        </extensions>
      </trkpt>
      <trkpt lat="42.46008343063294887542724609375" lon="-6.1030633561313152313232421875">
        <ele>875</ele>
        <time>2025-10-06T06:26:01.000Z</time>
        <extensions>
          <ns3:TrackPointExtension>
            <ns3:hr>114</ns3:hr>
            <ns3:cad>55</ns3:cad>
          </ns3:TrackPointExtension>
        </extensions>
      </trkpt>
      <trkpt lat="42.460055015981197357177734375" lon="-6.1031538806855678558349609375">
        <ele>875.20001220703125</ele>
        <time>2025-10-06T06:26:07.000Z</time>
        <extensions>
          <ns3:TrackPointExtension>
            <ns3:hr>115</ns3:hr>
            <ns3:cad>54</ns3:cad>
          </ns3:TrackPointExtension>
        </extensions>
      </trkpt>
      <trkpt lat="42.4600206501781940460205078125" lon="-6.10331556759774684906005859375">
        <ele>876</ele>
        <time>2025-10-06T06:26:18.000Z</time>
        <extensions>
          <ns3:TrackPointExtension>
            <ns3:hr>116</ns3:hr>
            <ns3:cad>55</ns3:cad>
          </ns3:TrackPointExtension>
        </extensions>
      </trkpt>
      <trkpt lat="42.45997061021625995635986328125" lon="-6.1034871451556682586669921875">
        <ele>876.5999755859375</ele>
        <time>2025-10-06T06:26:29.000Z</time>
        <extensions>
          <ns3:TrackPointExtension>
            <ns3:hr>116</ns3:hr>
            <ns3:cad>55</ns3:cad>
          </ns3:TrackPointExtension>
        </extensions>
      </trkpt>
      <trkpt lat="42.4599592946469783782958984375" lon="-6.10353735275566577911376953125">
        <ele>877</ele>
        <time>2025-10-06T06:26:33.000Z</time>
        <extensions>
          <ns3:TrackPointExtension>
            <ns3:hr>115</ns3:hr>
            <ns3:cad>55</ns3:cad>
          </ns3:TrackPointExtension>
        </extensions>
      </trkpt>
      <trkpt lat="42.4599378369748592376708984375" lon="-6.103613711893558502197265625">
        <ele>877.4000244140625</ele>
        <time>2025-10-06T06:26:39.000Z</time>
        <extensions>
          <ns3:TrackPointExtension>
            <ns3:hr>116</ns3:hr>
            <ns3:cad>54</ns3:cad>
          </ns3:TrackPointExtension>
        </extensions>
      </trkpt>
      <trkpt lat="42.45991243980824947357177734375" lon="-6.1037436313927173614501953125">
        <ele>878</ele>
        <time>2025-10-06T06:26:48.000Z</time>
        <extensions>
          <ns3:TrackPointExtension>
            <ns3:hr>115</ns3:hr>
            <ns3:cad>54</ns3:cad>
          </ns3:TrackPointExtension>
        </extensions>
      </trkpt>
      <trkpt lat="42.45985745452344417572021484375" lon="-6.1038985289633274078369140625">
        <ele>878.4000244140625</ele>
        <time>2025-10-06T06:26:59.000Z</time>
        <extensions>
          <ns3:TrackPointExtension>
            <ns3:hr>116</ns3:hr>
            <ns3:cad>55</ns3:cad>
          </ns3:TrackPointExtension>
        </extensions>
      </trkpt>
      <trkpt lat="42.459825687110424041748046875" lon="-6.10405258834362030029296875">
        <ele>878.79998779296875</ele>
        <time>2025-10-06T06:27:09.000Z</time>
        <extensions>
          <ns3:TrackPointExtension>
            <ns3:hr>115</ns3:hr>
            <ns3:cad>56</ns3:cad>
          </ns3:TrackPointExtension>
        </extensions>
      </trkpt>
      <trkpt lat="42.45979425497353076934814453125" lon="-6.10418560914695262908935546875">
        <ele>879</ele>
        <time>2025-10-06T06:27:17.000Z</time>
        <extensions>
          <ns3:TrackPointExtension>
            <ns3:hr>116</ns3:hr>
            <ns3:cad>56</ns3:cad>
          </ns3:TrackPointExtension>
        </extensions>
      </trkpt>
      <trkpt lat="42.459782771766185760498046875" lon="-6.10423338599503040313720703125">
        <ele>879.20001220703125</ele>
        <time>2025-10-06T06:27:20.000Z</time>
        <extensions>
          <ns3:TrackPointExtension>
            <ns3:hr>115</ns3:hr>
            <ns3:cad>56</ns3:cad>
          </ns3:TrackPointExtension>
        </extensions>
      </trkpt>
      <trkpt lat="42.4597450532019138336181640625" lon="-6.10440932214260101318359375">
        <ele>879.4000244140625</ele>
        <time>2025-10-06T06:27:31.000Z</time>
        <extensions>
          <ns3:TrackPointExtension>
            <ns3:hr>114</ns3:hr>
            <ns3:cad>56</ns3:cad>
          </ns3:TrackPointExtension>
        </extensions>
      </trkpt>
      <trkpt lat="42.459711022675037384033203125" lon="-6.104506216943264007568359375">
        <ele>879.79998779296875</ele>
        <time>2025-10-06T06:27:40.000Z</time>
        <extensions>
          <ns3:TrackPointExtension>
            <ns3:hr>112</ns3:hr>
            <ns3:cad>54</ns3:cad>
          </ns3:TrackPointExtension>
        </extensions>
      </trkpt>
      <trkpt lat="42.45967254973948001861572265625" lon="-6.10471836291253566741943359375">
        <ele>880</ele>
        <time>2025-10-06T06:27:53.000Z</time>
        <extensions>
          <ns3:TrackPointExtension>
            <ns3:hr>113</ns3:hr>
            <ns3:cad>55</ns3:cad>
          </ns3:TrackPointExtension>
        </extensions>
      </trkpt>
      <trkpt lat="42.459647655487060546875" lon="-6.10484643839299678802490234375">
        <ele>880.4000244140625</ele>
        <time>2025-10-06T06:28:02.000Z</time>
        <extensions>
          <ns3:TrackPointExtension>
            <ns3:hr>112</ns3:hr>
            <ns3:cad>54</ns3:cad>
          </ns3:TrackPointExtension>
        </extensions>
      </trkpt>
      <trkpt lat="42.45961882174015045166015625" lon="-6.1049895174801349639892578125">
        <ele>880.5999755859375</ele>
        <time>2025-10-06T06:28:12.000Z</time>
        <extensions>
          <ns3:TrackPointExtension>
            <ns3:hr>112</ns3:hr>
            <ns3:cad>55</ns3:cad>
          </ns3:TrackPointExtension>
        </extensions>
      </trkpt>
      <trkpt lat="42.45959191583096981048583984375" lon="-6.105151288211345672607421875">
        <ele>880.79998779296875</ele>
        <time>2025-10-06T06:28:21.000Z</time>
        <extensions>
          <ns3:TrackPointExtension>
            <ns3:hr>111</ns3:hr>
            <ns3:cad>56</ns3:cad>
          </ns3:TrackPointExtension>
        </extensions>
      </trkpt>
      <trkpt lat="42.459570206701755523681640625" lon="-6.10526922158896923065185546875">
        <ele>880.79998779296875</ele>
        <time>2025-10-06T06:28:29.000Z</time>
        <extensions>
          <ns3:TrackPointExtension>
            <ns3:hr>112</ns3:hr>
            <ns3:cad>56</ns3:cad>
          </ns3:TrackPointExtension>
        </extensions>
      </trkpt>
      <trkpt lat="42.459536008536815643310546875" lon="-6.1054126359522342681884765625">
        <ele>881</ele>
        <time>2025-10-06T06:28:39.000Z</time>
        <extensions>
          <ns3:TrackPointExtension>
            <ns3:hr>113</ns3:hr>
            <ns3:cad>56</ns3:cad>
          </ns3:TrackPointExtension>
        </extensions>
      </trkpt>
      <trkpt lat="42.45953525416553020477294921875" lon="-6.105429567396640777587890625">
        <ele>881</ele>
        <time>2025-10-06T06:28:40.000Z</time>
        <extensions>
          <ns3:TrackPointExtension>
            <ns3:hr>113</ns3:hr>
            <ns3:cad>56</ns3:cad>
          </ns3:TrackPointExtension>
        </extensions>
      </trkpt>
      <trkpt lat="42.45952318422496318817138671875" lon="-6.10550626181066036224365234375">
        <ele>881</ele>
        <time>2025-10-06T06:28:45.000Z</time>
        <extensions>
          <ns3:TrackPointExtension>
            <ns3:hr>113</ns3:hr>
            <ns3:cad>55</ns3:cad>
          </ns3:TrackPointExtension>
        </extensions>
      </trkpt>
      <trkpt lat="42.4594942666590213775634765625" lon="-6.105611957609653472900390625">
        <ele>881</ele>
        <time>2025-10-06T06:28:51.000Z</time>
        <extensions>
          <ns3:TrackPointExtension>
            <ns3:hr>110</ns3:hr>
            <ns3:cad>56</ns3:cad>
          </ns3:TrackPointExtension>
        </extensions>
      </trkpt>
      <trkpt lat="42.4594845436513423919677734375" lon="-6.1056563816964626312255859375">
        <ele>881</ele>
        <time>2025-10-06T06:28:54.000Z</time>
        <extensions>
          <ns3:TrackPointExtension>
            <ns3:hr>109</ns3:hr>
            <ns3:cad>56</ns3:cad>
          </ns3:TrackPointExtension>
        </extensions>
      </trkpt>
      <trkpt lat="42.4594506807625293731689453125" lon="-6.10577045939862728118896484375">
        <ele>881</ele>
        <time>2025-10-06T06:29:02.000Z</time>
        <extensions>
          <ns3:TrackPointExtension>
            <ns3:hr>107</ns3:hr>
            <ns3:cad>55</ns3:cad>
          </ns3:TrackPointExtension>
        </extensions>
      </trkpt>
      <trkpt lat="42.459413297474384307861328125" lon="-6.10584120266139507293701171875">
        <ele>881.79998779296875</ele>
        <time>2025-10-06T06:29:10.000Z</time>
        <extensions>
          <ns3:TrackPointExtension>
            <ns3:hr>105</ns3:hr>
            <ns3:cad>54</ns3:cad>
          </ns3:TrackPointExtension>
        </extensions>
      </trkpt>
      <trkpt lat="42.45937868021428585052490234375" lon="-6.10587003640830516815185546875">
        <ele>872.4000244140625</ele>
        <time>2025-10-06T07:00:27.000Z</time>
        <extensions>
          <ns3:TrackPointExtension>
            <ns3:hr>85</ns3:hr>
            <ns3:cad>0</ns3:cad>
          </ns3:TrackPointExtension>
        </extensions>
      </trkpt>
      <trkpt lat="42.45937599800527095794677734375" lon="-6.1058538593351840972900390625">
        <ele>872.5999755859375</ele>
        <time>2025-10-06T07:00:29.000Z</time>
        <extensions>
          <ns3:TrackPointExtension>
            <ns3:hr>84</ns3:hr>
            <ns3:cad>0</ns3:cad>
          </ns3:TrackPointExtension>
        </extensions>
      </trkpt>
      <trkpt lat="42.4594060890376567840576171875" lon="-6.10587489791214466094970703125">
        <ele>876.4000244140625</ele>
        <time>2025-10-06T07:09:18.000Z</time>
        <extensions>
          <ns3:TrackPointExtension>
            <ns3:hr>90</ns3:hr>
            <ns3:cad>0</ns3:cad>
          </ns3:TrackPointExtension>
        </extensions>
      </trkpt>
      <trkpt lat="42.45941941626369953155517578125" lon="-6.10587875358760356903076171875">
        <ele>876.4000244140625</ele>
        <time>2025-10-06T07:09:19.000Z</time>
        <extensions>
          <ns3:TrackPointExtension>
            <ns3:hr>90</ns3:hr>
            <ns3:cad>0</ns3:cad>
          </ns3:TrackPointExtension>
        </extensions>
      </trkpt>
      <trkpt lat="42.4594263732433319091796875" lon="-6.10588587820529937744140625">
        <ele>876.20001220703125</ele>
        <time>2025-10-06T07:09:22.000Z</time>
        <extensions>
          <ns3:TrackPointExtension>
            <ns3:hr>90</ns3:hr>
            <ns3:cad>0</ns3:cad>
          </ns3:TrackPointExtension>
        </extensions>
      </trkpt>
      <trkpt lat="42.45941497385501861572265625" lon="-6.10596559010446071624755859375">
        <ele>876</ele>
        <time>2025-10-06T07:09:29.000Z</time>
        <extensions>
          <ns3:TrackPointExtension>
            <ns3:hr>92</ns3:hr>
            <ns3:cad>53</ns3:cad>
          </ns3:TrackPointExtension>
        </extensions>
      </trkpt>
      <trkpt lat="42.45938521809875965118408203125" lon="-6.1061354912817478179931640625">
        <ele>876.4000244140625</ele>
        <time>2025-10-06T07:09:40.000Z</time>
        <extensions>
          <ns3:TrackPointExtension>
            <ns3:hr>94</ns3:hr>
            <ns3:cad>56</ns3:cad>
          </ns3:TrackPointExtension>
        </extensions>
      </trkpt>
      <trkpt lat="42.45935839600861072540283203125" lon="-6.10628510825335979461669921875">
        <ele>876.5999755859375</ele>
        <time>2025-10-06T07:09:49.000Z</time>
        <extensions>
          <ns3:TrackPointExtension>
            <ns3:hr>95</ns3:hr>
            <ns3:cad>57</ns3:cad>
          </ns3:TrackPointExtension>
        </extensions>
      </trkpt>
      <trkpt lat="42.4593249522149562835693359375" lon="-6.10646196641027927398681640625">
        <ele>877.20001220703125</ele>
        <time>2025-10-06T07:10:00.000Z</time>
        <extensions>
          <ns3:TrackPointExtension>
            <ns3:hr>97</ns3:hr>
            <ns3:cad>57</ns3:cad>
          </ns3:TrackPointExtension>
        </extensions>
      </trkpt>
      <trkpt lat="42.459309361875057220458984375" lon="-6.10652248375117778778076171875">
        <ele>877.5999755859375</ele>
        <time>2025-10-06T07:10:04.000Z</time>
        <extensions>
          <ns3:TrackPointExtension>
            <ns3:hr>98</ns3:hr>
            <ns3:cad>57</ns3:cad>
          </ns3:TrackPointExtension>
        </extensions>
      </trkpt>
      <trkpt lat="42.459291256964206695556640625" lon="-6.1065874435007572174072265625">
        <ele>878</ele>
        <time>2025-10-06T07:10:08.000Z</time>
        <extensions>
          <ns3:TrackPointExtension>
            <ns3:hr>101</ns3:hr>
            <ns3:cad>57</ns3:cad>
          </ns3:TrackPointExtension>
        </extensions>
      </trkpt>
      <trkpt lat="42.4592780135571956634521484375" lon="-6.1066370643675327301025390625">
        <ele>877.5999755859375</ele>
        <time>2025-10-06T07:10:11.000Z</time>
        <extensions>
          <ns3:TrackPointExtension>
            <ns3:hr>104</ns3:hr>
            <ns3:cad>58</ns3:cad>
          </ns3:TrackPointExtension>
        </extensions>
      </trkpt>
      <trkpt lat="42.45925546623766422271728515625" lon="-6.1067493818700313568115234375">
        <ele>877.79998779296875</ele>
        <time>2025-10-06T07:10:18.000Z</time>
        <extensions>
          <ns3:TrackPointExtension>
            <ns3:hr>105</ns3:hr>
            <ns3:cad>58</ns3:cad>
          </ns3:TrackPointExtension>
        </extensions>
      </trkpt>
      <trkpt lat="42.4592273868620395660400390625" lon="-6.10692322254180908203125">
        <ele>878</ele>
        <time>2025-10-06T07:10:28.000Z</time>
        <extensions>
          <ns3:TrackPointExtension>
            <ns3:hr>102</ns3:hr>
            <ns3:cad>58</ns3:cad>
          </ns3:TrackPointExtension>
        </extensions>
      </trkpt>
      <trkpt lat="42.45920601300895214080810546875" lon="-6.10712346620857715606689453125">
        <ele>878.5999755859375</ele>
        <time>2025-10-06T07:10:39.000Z</time>
        <extensions>
          <ns3:TrackPointExtension>
            <ns3:hr>102</ns3:hr>
            <ns3:cad>57</ns3:cad>
          </ns3:TrackPointExtension>
        </extensions>
      </trkpt>
      <trkpt lat="42.45920383371412754058837890625" lon="-6.10713721252977848052978515625">
        <ele>878.5999755859375</ele>
        <time>2025-10-06T07:10:40.000Z</time>
        <extensions>
          <ns3:TrackPointExtension>
            <ns3:hr>102</ns3:hr>
            <ns3:cad>57</ns3:cad>
          </ns3:TrackPointExtension>
        </extensions>
      </trkpt>
      <trkpt lat="42.45920165441930294036865234375" lon="-6.107250116765499114990234375">
        <ele>878.79998779296875</ele>
        <time>2025-10-06T07:10:48.000Z</time>
        <extensions>
          <ns3:TrackPointExtension>
            <ns3:hr>102</ns3:hr>
            <ns3:cad>58</ns3:cad>
          </ns3:TrackPointExtension>
        </extensions>
      </trkpt>
      <trkpt lat="42.4591646902263164520263671875" lon="-6.10738732852041721343994140625">
        <ele>879</ele>
        <time>2025-10-06T07:10:57.000Z</time>
        <extensions>
          <ns3:TrackPointExtension>
            <ns3:hr>102</ns3:hr>
            <ns3:cad>57</ns3:cad>
          </ns3:TrackPointExtension>
        </extensions>
      </trkpt>
      <trkpt lat="42.45913677848875522613525390625" lon="-6.107564270496368408203125">
        <ele>879.4000244140625</ele>
        <time>2025-10-06T07:11:08.000Z</time>
        <extensions>
          <ns3:TrackPointExtension>
            <ns3:hr>103</ns3:hr>
            <ns3:cad>57</ns3:cad>
          </ns3:TrackPointExtension>
        </extensions>
      </trkpt>
      <trkpt lat="42.4591345153748989105224609375" lon="-6.107596457004547119140625">
        <ele>879.20001220703125</ele>
        <time>2025-10-06T07:11:10.000Z</time>
        <extensions>
          <ns3:TrackPointExtension>
            <ns3:hr>100</ns3:hr>
            <ns3:cad>57</ns3:cad>
          </ns3:TrackPointExtension>
        </extensions>
      </trkpt>
      <trkpt lat="42.45912806130945682525634765625" lon="-6.107625626027584075927734375">
        <ele>879.20001220703125</ele>
        <time>2025-10-06T07:11:12.000Z</time>
        <extensions>
          <ns3:TrackPointExtension>
            <ns3:hr>97</ns3:hr>
            <ns3:cad>57</ns3:cad>
          </ns3:TrackPointExtension>
        </extensions>
      </trkpt>
      <trkpt lat="42.4591137282550334930419921875" lon="-6.10769829712808132171630859375">
        <ele>879.4000244140625</ele>
        <time>2025-10-06T07:11:17.000Z</time>
        <extensions>
          <ns3:TrackPointExtension>
            <ns3:hr>96</ns3:hr>
            <ns3:cad>57</ns3:cad>
          </ns3:TrackPointExtension>
        </extensions>
      </trkpt>
      <trkpt lat="42.4591083638370037078857421875" lon="-6.10773014836013317108154296875">
        <ele>879.5999755859375</ele>
        <time>2025-10-06T07:11:20.000Z</time>
        <extensions>
          <ns3:TrackPointExtension>
            <ns3:hr>96</ns3:hr>
            <ns3:cad>55</ns3:cad>
          </ns3:TrackPointExtension>
        </extensions>
      </trkpt>
      <trkpt lat="42.45909084565937519073486328125" lon="-6.10779217444360256195068359375">
        <ele>879.79998779296875</ele>
        <time>2025-10-06T07:11:27.000Z</time>
        <extensions>
          <ns3:TrackPointExtension>
            <ns3:hr>96</ns3:hr>
            <ns3:cad>42</ns3:cad>
          </ns3:TrackPointExtension>
        </extensions>
      </trkpt>
      <trkpt lat="42.45912236161530017852783203125" lon="-6.10783626325428485870361328125">
        <ele>880.20001220703125</ele>
        <time>2025-10-06T07:11:33.000Z</time>
        <extensions>
          <ns3:TrackPointExtension>
            <ns3:hr>98</ns3:hr>
            <ns3:cad>0</ns3:cad>
          </ns3:TrackPointExtension>
        </extensions>
      </trkpt>
      <trkpt lat="42.45913325808942317962646484375" lon="-6.10785369761288166046142578125">
        <ele>880.5999755859375</ele>
        <time>2025-10-06T07:11:39.000Z</time>
        <extensions>
          <ns3:TrackPointExtension>
            <ns3:hr>101</ns3:hr>
            <ns3:cad>0</ns3:cad>
          </ns3:TrackPointExtension>
        </extensions>
      </trkpt>
      <trkpt lat="42.45913292281329631805419921875" lon="-6.10785269178450107574462890625">
        <ele>880.4000244140625</ele>
        <time>2025-10-06T07:11:40.000Z</time>
        <extensions>
          <ns3:TrackPointExtension>
            <ns3:hr>101</ns3:hr>
            <ns3:cad>0</ns3:cad>
          </ns3:TrackPointExtension>
        </extensions>
      </trkpt>
      <trkpt lat="42.4591254629194736480712890625" lon="-6.10783852636814117431640625">
        <ele>880</ele>
        <time>2025-10-06T07:11:50.000Z</time>
        <extensions>
          <ns3:TrackPointExtension>
            <ns3:hr>101</ns3:hr>
            <ns3:cad>0</ns3:cad>
          </ns3:TrackPointExtension>
        </extensions>
      </trkpt>
      <trkpt lat="42.459124960005283355712890625" lon="-6.1078366823494434356689453125">
        <ele>879.79998779296875</ele>
        <time>2025-10-06T07:11:56.000Z</time>
        <extensions>
          <ns3:TrackPointExtension>
            <ns3:hr>98</ns3:hr>
            <ns3:cad>0</ns3:cad>
          </ns3:TrackPointExtension>
        </extensions>
      </trkpt>
      <trkpt lat="42.459124960005283355712890625" lon="-6.1078366823494434356689453125">
        <ele>879.79998779296875</ele>
        <time>2025-10-06T07:11:57.000Z</time>
        <extensions>
          <ns3:TrackPointExtension>
            <ns3:hr>94</ns3:hr>
            <ns3:cad>0</ns3:cad>
          </ns3:TrackPointExtension>
        </extensions>
      </trkpt>
      <trkpt lat="42.4591237865388393402099609375" lon="-6.107832491397857666015625">
        <ele>880</ele>
        <time>2025-10-06T07:12:03.000Z</time>
        <extensions>
          <ns3:TrackPointExtension>
            <ns3:hr>91</ns3:hr>
            <ns3:cad>0</ns3:cad>
          </ns3:TrackPointExtension>
        </extensions>
      </trkpt>
      <trkpt lat="42.45912051759660243988037109375" lon="-6.107827462255954742431640625">
        <ele>880</ele>
        <time>2025-10-06T07:12:04.000Z</time>
        <extensions>
          <ns3:TrackPointExtension>
            <ns3:hr>92</ns3:hr>
            <ns3:cad>0</ns3:cad>
          </ns3:TrackPointExtension>
        </extensions>
      </trkpt>
      <trkpt lat="42.4591080285608768463134765625" lon="-6.10782109200954437255859375">
        <ele>880</ele>
        <time>2025-10-06T07:12:09.000Z</time>
        <extensions>
          <ns3:TrackPointExtension>
            <ns3:hr>89</ns3:hr>
            <ns3:cad>0</ns3:cad>
          </ns3:TrackPointExtension>
        </extensions>
      </trkpt>
      <trkpt lat="42.45910475961863994598388671875" lon="-6.1078169010579586029052734375">
        <ele>879.79998779296875</ele>
        <time>2025-10-06T07:12:11.000Z</time>
        <extensions>
          <ns3:TrackPointExtension>
            <ns3:hr>89</ns3:hr>
            <ns3:cad>0</ns3:cad>
          </ns3:TrackPointExtension>
        </extensions>
      </trkpt>
      <trkpt lat="42.45911297388374805450439453125" lon="-6.10783106647431850433349609375">
        <ele>880.20001220703125</ele>
        <time>2025-10-06T07:12:19.000Z</time>
        <extensions>
          <ns3:TrackPointExtension>
            <ns3:hr>88</ns3:hr>
            <ns3:cad>0</ns3:cad>
          </ns3:TrackPointExtension>
        </extensions>
      </trkpt>
      <trkpt lat="42.45913174934685230255126953125" lon="-6.107854284346103668212890625">
        <ele>880</ele>
        <time>2025-10-06T07:12:26.000Z</time>
        <extensions>
          <ns3:TrackPointExtension>
            <ns3:hr>86</ns3:hr>
            <ns3:cad>0</ns3:cad>
          </ns3:TrackPointExtension>
        </extensions>
      </trkpt>
      <trkpt lat="42.4591257981956005096435546875" lon="-6.10786828212440013885498046875">
        <ele>880</ele>
        <time>2025-10-06T07:12:30.000Z</time>
        <extensions>
          <ns3:TrackPointExtension>
            <ns3:hr>90</ns3:hr>
            <ns3:cad>0</ns3:cad>
          </ns3:TrackPointExtension>
        </extensions>
      </trkpt>
      <trkpt lat="42.4591234512627124786376953125" lon="-6.1078822799026966094970703125">
        <ele>880</ele>
        <time>2025-10-06T07:12:31.000Z</time>
        <extensions>
          <ns3:TrackPointExtension>
            <ns3:hr>93</ns3:hr>
            <ns3:cad>0</ns3:cad>
          </ns3:TrackPointExtension>
        </extensions>
      </trkpt>
      <trkpt lat="42.45912034995853900909423828125" lon="-6.10789627768099308013916015625">
        <ele>880</ele>
        <time>2025-10-06T07:12:32.000Z</time>
        <extensions>
          <ns3:TrackPointExtension>
            <ns3:hr>93</ns3:hr>
            <ns3:cad>0</ns3:cad>
          </ns3:TrackPointExtension>
        </extensions>
      </trkpt>
      <trkpt lat="42.45911724865436553955078125" lon="-6.10791387967765331268310546875">
        <ele>880.20001220703125</ele>
        <time>2025-10-06T07:12:33.000Z</time>
        <extensions>
          <ns3:TrackPointExtension>
            <ns3:hr>92</ns3:hr>
            <ns3:cad>0</ns3:cad>
          </ns3:TrackPointExtension>
        </extensions>
      </trkpt>
      <trkpt lat="42.45909352786839008331298828125" lon="-6.1080054938793182373046875">
        <ele>880.5999755859375</ele>
        <time>2025-10-06T07:12:39.000Z</time>
        <extensions>
          <ns3:TrackPointExtension>
            <ns3:hr>92</ns3:hr>
            <ns3:cad>55</ns3:cad>
          </ns3:TrackPointExtension>
        </extensions>
      </trkpt>
      <trkpt lat="42.45909034274518489837646484375" lon="-6.10801748000085353851318359375">
        <ele>880.79998779296875</ele>
        <time>2025-10-06T07:12:40.000Z</time>
        <extensions>
          <ns3:TrackPointExtension>
            <ns3:hr>92</ns3:hr>
            <ns3:cad>55</ns3:cad>
          </ns3:TrackPointExtension>
        </extensions>
      </trkpt>
      <trkpt lat="42.45906854979693889617919921875" lon="-6.10815770924091339111328125">
        <ele>880.4000244140625</ele>
        <time>2025-10-06T07:12:49.000Z</time>
        <extensions>
          <ns3:TrackPointExtension>
            <ns3:hr>93</ns3:hr>
            <ns3:cad>56</ns3:cad>
          </ns3:TrackPointExtension>
        </extensions>
      </trkpt>
      <trkpt lat="42.45904323644936084747314453125" lon="-6.1083275265991687774658203125">
        <ele>881.20001220703125</ele>
        <time>2025-10-06T07:12:59.000Z</time>
        <extensions>
          <ns3:TrackPointExtension>
            <ns3:hr>93</ns3:hr>
            <ns3:cad>57</ns3:cad>
          </ns3:TrackPointExtension>
        </extensions>
      </trkpt>
      <trkpt lat="42.45902739465236663818359375" lon="-6.1084539256989955902099609375">
        <ele>881.20001220703125</ele>
        <time>2025-10-06T07:13:07.000Z</time>
        <extensions>
          <ns3:TrackPointExtension>
            <ns3:hr>96</ns3:hr>
            <ns3:cad>58</ns3:cad>
          </ns3:TrackPointExtension>
        </extensions>
      </trkpt>
      <trkpt lat="42.4590215273201465606689453125" lon="-6.10848703421652317047119140625">
        <ele>881.20001220703125</ele>
        <time>2025-10-06T07:13:09.000Z</time>
        <extensions>
          <ns3:TrackPointExtension>
            <ns3:hr>96</ns3:hr>
            <ns3:cad>60</ns3:cad>
          </ns3:TrackPointExtension>
        </extensions>
      </trkpt>
      <trkpt lat="42.45899696834385395050048828125" lon="-6.1086265929043292999267578125">
        <ele>881.20001220703125</ele>
        <time>2025-10-06T07:13:17.000Z</time>
        <extensions>
          <ns3:TrackPointExtension>
            <ns3:hr>93</ns3:hr>
            <ns3:cad>58</ns3:cad>
          </ns3:TrackPointExtension>
        </extensions>
      </trkpt>
      <trkpt lat="42.4589779414236545562744140625" lon="-6.10871183685958385467529296875">
        <ele>881.4000244140625</ele>
        <time>2025-10-06T07:13:22.000Z</time>
        <extensions>
          <ns3:TrackPointExtension>
            <ns3:hr>93</ns3:hr>
            <ns3:cad>58</ns3:cad>
          </ns3:TrackPointExtension>
        </extensions>
      </trkpt>
      <trkpt lat="42.458961009979248046875" lon="-6.10883228480815887451171875">
        <ele>881.4000244140625</ele>
        <time>2025-10-06T07:13:29.000Z</time>
        <extensions>
          <ns3:TrackPointExtension>
            <ns3:hr>90</ns3:hr>
            <ns3:cad>59</ns3:cad>
          </ns3:TrackPointExtension>
        </extensions>
      </trkpt>
      <trkpt lat="42.4589521251618862152099609375" lon="-6.10891015268862247467041015625">
        <ele>881.4000244140625</ele>
        <time>2025-10-06T07:13:33.000Z</time>
        <extensions>
          <ns3:TrackPointExtension>
            <ns3:hr>89</ns3:hr>
            <ns3:cad>59</ns3:cad>
          </ns3:TrackPointExtension>
        </extensions>
      </trkpt>
      <trkpt lat="42.45893888175487518310546875" lon="-6.10898005776107311248779296875">
        <ele>881.5999755859375</ele>
        <time>2025-10-06T07:13:37.000Z</time>
        <extensions>
          <ns3:TrackPointExtension>
            <ns3:hr>88</ns3:hr>
            <ns3:cad>59</ns3:cad>
          </ns3:TrackPointExtension>
        </extensions>
      </trkpt>
      <trkpt lat="42.4589246325194835662841796875" lon="-6.109074018895626068115234375">
        <ele>881.79998779296875</ele>
        <time>2025-10-06T07:13:42.000Z</time>
        <extensions>
          <ns3:TrackPointExtension>
            <ns3:hr>88</ns3:hr>
            <ns3:cad>59</ns3:cad>
          </ns3:TrackPointExtension>
        </extensions>
      </trkpt>
      <trkpt lat="42.45890091173350811004638671875" lon="-6.1092542298138141632080078125">
        <ele>881.79998779296875</ele>
        <time>2025-10-06T07:13:52.000Z</time>
        <extensions>
          <ns3:TrackPointExtension>
            <ns3:hr>87</ns3:hr>
            <ns3:cad>60</ns3:cad>
          </ns3:TrackPointExtension>
        </extensions>
      </trkpt>
      <trkpt lat="42.45886252261698246002197265625" lon="-6.10939445905387401580810546875">
        <ele>882.20001220703125</ele>
        <time>2025-10-06T07:14:00.000Z</time>
        <extensions>
          <ns3:TrackPointExtension>
            <ns3:hr>87</ns3:hr>
            <ns3:cad>60</ns3:cad>
          </ns3:TrackPointExtension>
        </extensions>
      </trkpt>
      <trkpt lat="42.458837963640689849853515625" lon="-6.1095744185149669647216796875">
        <ele>882.4000244140625</ele>
        <time>2025-10-06T07:14:10.000Z</time>
        <extensions>
          <ns3:TrackPointExtension>
            <ns3:hr>89</ns3:hr>
            <ns3:cad>60</ns3:cad>
          </ns3:TrackPointExtension>
        </extensions>
      </trkpt>
      <trkpt lat="42.45881726033985614776611328125" lon="-6.10971448011696338653564453125">
        <ele>882.4000244140625</ele>
        <time>2025-10-06T07:14:18.000Z</time>
        <extensions>
          <ns3:TrackPointExtension>
            <ns3:hr>89</ns3:hr>
            <ns3:cad>60</ns3:cad>
          </ns3:TrackPointExtension>
        </extensions>
      </trkpt>
      <trkpt lat="42.45879211463034152984619140625" lon="-6.10992704518139362335205078125">
        <ele>882.5999755859375</ele>
        <time>2025-10-06T07:14:30.000Z</time>
        <extensions>
          <ns3:TrackPointExtension>
            <ns3:hr>88</ns3:hr>
            <ns3:cad>60</ns3:cad>
          </ns3:TrackPointExtension>
        </extensions>
      </trkpt>
      <trkpt lat="42.4587553180754184722900390625" lon="-6.11008730717003345489501953125">
        <ele>882.5999755859375</ele>
        <time>2025-10-06T07:14:39.000Z</time>
        <extensions>
          <ns3:TrackPointExtension>
            <ns3:hr>91</ns3:hr>
            <ns3:cad>60</ns3:cad>
          </ns3:TrackPointExtension>
        </extensions>
      </trkpt>
      <trkpt lat="42.45873503386974334716796875" lon="-6.11019887030124664306640625">
        <ele>882.79998779296875</ele>
        <time>2025-10-06T07:14:46.000Z</time>
        <extensions>
          <ns3:TrackPointExtension>
            <ns3:hr>94</ns3:hr>
            <ns3:cad>58</ns3:cad>
          </ns3:TrackPointExtension>
        </extensions>
      </trkpt>
      <trkpt lat="42.4587268196046352386474609375" lon="-6.110230050981044769287109375">
        <ele>883</ele>
        <time>2025-10-06T07:14:48.000Z</time>
        <extensions>
          <ns3:TrackPointExtension>
            <ns3:hr>93</ns3:hr>
            <ns3:cad>58</ns3:cad>
          </ns3:TrackPointExtension>
        </extensions>
      </trkpt>
      <trkpt lat="42.4586812220513820648193359375" lon="-6.1104059033095836639404296875">
        <ele>883</ele>
        <time>2025-10-06T07:14:58.000Z</time>
        <extensions>
          <ns3:TrackPointExtension>
            <ns3:hr>93</ns3:hr>
            <ns3:cad>58</ns3:cad>
          </ns3:TrackPointExtension>
        </extensions>
      </trkpt>
      <trkpt lat="42.45864115655422210693359375" lon="-6.11064436845481395721435546875">
        <ele>883.20001220703125</ele>
        <time>2025-10-06T07:15:12.000Z</time>
        <extensions>
          <ns3:TrackPointExtension>
            <ns3:hr>94</ns3:hr>
            <ns3:cad>59</ns3:cad>
          </ns3:TrackPointExtension>
        </extensions>
      </trkpt>
      <trkpt lat="42.458636797964572906494140625" lon="-6.11069784499704837799072265625">
        <ele>883.4000244140625</ele>
        <time>2025-10-06T07:15:15.000Z</time>
        <extensions>
          <ns3:TrackPointExtension>
            <ns3:hr>97</ns3:hr>
            <ns3:cad>59</ns3:cad>
          </ns3:TrackPointExtension>
        </extensions>
      </trkpt>
      <trkpt lat="42.45861793868243694305419921875" lon="-6.110774539411067962646484375">
        <ele>883.79998779296875</ele>
        <time>2025-10-06T07:15:20.000Z</time>
        <extensions>
          <ns3:TrackPointExtension>
            <ns3:hr>98</ns3:hr>
            <ns3:cad>59</ns3:cad>
          </ns3:TrackPointExtension>
        </extensions>
      </trkpt>
      <trkpt lat="42.45861106552183628082275390625" lon="-6.1108072288334369659423828125">
        <ele>883.79998779296875</ele>
        <time>2025-10-06T07:15:22.000Z</time>
        <extensions>
          <ns3:TrackPointExtension>
            <ns3:hr>99</ns3:hr>
            <ns3:cad>59</ns3:cad>
          </ns3:TrackPointExtension>
        </extensions>
      </trkpt>
      <trkpt lat="42.4585809744894504547119140625" lon="-6.11099774949252605438232421875">
        <ele>884</ele>
        <time>2025-10-06T07:15:34.000Z</time>
        <extensions>
          <ns3:TrackPointExtension>
            <ns3:hr>98</ns3:hr>
            <ns3:cad>58</ns3:cad>
          </ns3:TrackPointExtension>
        </extensions>
      </trkpt>
      <trkpt lat="42.458563707768917083740234375" lon="-6.11115566454827785491943359375">
        <ele>884.20001220703125</ele>
        <time>2025-10-06T07:15:44.000Z</time>
        <extensions>
          <ns3:TrackPointExtension>
            <ns3:hr>96</ns3:hr>
            <ns3:cad>59</ns3:cad>
          </ns3:TrackPointExtension>
        </extensions>
      </trkpt>
      <trkpt lat="42.45852992869913578033447265625" lon="-6.1113688163459300994873046875">
        <ele>884</ele>
        <time>2025-10-06T07:15:56.000Z</time>
        <extensions>
          <ns3:TrackPointExtension>
            <ns3:hr>94</ns3:hr>
            <ns3:cad>61</ns3:cad>
          </ns3:TrackPointExtension>
        </extensions>
      </trkpt>
      <trkpt lat="42.4584901146590709686279296875" lon="-6.111595965921878814697265625">
        <ele>884.4000244140625</ele>
        <time>2025-10-06T07:16:09.000Z</time>
        <extensions>
          <ns3:TrackPointExtension>
            <ns3:hr>94</ns3:hr>
            <ns3:cad>60</ns3:cad>
          </ns3:TrackPointExtension>
        </extensions>
      </trkpt>
      <trkpt lat="42.45845633558928966522216796875" lon="-6.11179411411285400390625">
        <ele>884.5999755859375</ele>
        <time>2025-10-06T07:16:21.000Z</time>
        <extensions>
          <ns3:TrackPointExtension>
            <ns3:hr>91</ns3:hr>
            <ns3:cad>60</ns3:cad>
          </ns3:TrackPointExtension>
        </extensions>
      </trkpt>
      <trkpt lat="42.45844610966742038726806640625" lon="-6.11184499226510524749755859375">
        <ele>884.79998779296875</ele>
        <time>2025-10-06T07:16:24.000Z</time>
        <extensions>
          <ns3:TrackPointExtension>
            <ns3:hr>90</ns3:hr>
            <ns3:cad>60</ns3:cad>
          </ns3:TrackPointExtension>
        </extensions>
      </trkpt>
      <trkpt lat="42.45842549018561840057373046875" lon="-6.112000979483127593994140625">
        <ele>885</ele>
        <time>2025-10-06T07:16:33.000Z</time>
        <extensions>
          <ns3:TrackPointExtension>
            <ns3:hr>91</ns3:hr>
            <ns3:cad>58</ns3:cad>
          </ns3:TrackPointExtension>
        </extensions>
      </trkpt>
      <trkpt lat="42.45839615352451801300048828125" lon="-6.1121788434684276580810546875">
        <ele>885.20001220703125</ele>
        <time>2025-10-06T07:16:44.000Z</time>
        <extensions>
          <ns3:TrackPointExtension>
            <ns3:hr>92</ns3:hr>
            <ns3:cad>58</ns3:cad>
          </ns3:TrackPointExtension>
        </extensions>
      </trkpt>
      <trkpt lat="42.4583697505295276641845703125" lon="-6.1122992075979709625244140625">
        <ele>885.5999755859375</ele>
        <time>2025-10-06T07:16:53.000Z</time>
        <extensions>
          <ns3:TrackPointExtension>
            <ns3:hr>95</ns3:hr>
            <ns3:cad>0</ns3:cad>
          </ns3:TrackPointExtension>
        </extensions>
      </trkpt>
      <trkpt lat="42.45836891233921051025390625" lon="-6.11230163834989070892333984375">
        <ele>885.5999755859375</ele>
        <time>2025-10-06T07:16:54.000Z</time>
        <extensions>
          <ns3:TrackPointExtension>
            <ns3:hr>94</ns3:hr>
            <ns3:cad>0</ns3:cad>
          </ns3:TrackPointExtension>
        </extensions>
      </trkpt>
      <trkpt lat="42.458363212645053863525390625" lon="-6.1123582161962985992431640625">
        <ele>885.5999755859375</ele>
        <time>2025-10-06T07:17:00.000Z</time>
        <extensions>
          <ns3:TrackPointExtension>
            <ns3:hr>94</ns3:hr>
            <ns3:cad>0</ns3:cad>
          </ns3:TrackPointExtension>
        </extensions>
      </trkpt>
      <trkpt lat="42.4583419226109981536865234375" lon="-6.11244857311248779296875">
        <ele>885.79998779296875</ele>
        <time>2025-10-06T07:17:06.000Z</time>
        <extensions>
          <ns3:TrackPointExtension>
            <ns3:hr>97</ns3:hr>
            <ns3:cad>59</ns3:cad>
          </ns3:TrackPointExtension>
        </extensions>
      </trkpt>
      <trkpt lat="42.45833798311650753021240234375" lon="-6.11248402856290340423583984375">
        <ele>885.79998779296875</ele>
        <time>2025-10-06T07:17:08.000Z</time>
        <extensions>
          <ns3:TrackPointExtension>
            <ns3:hr>96</ns3:hr>
            <ns3:cad>59</ns3:cad>
          </ns3:TrackPointExtension>
        </extensions>
      </trkpt>
      <trkpt lat="42.45833127759397029876708984375" lon="-6.112519316375255584716796875">
        <ele>886</ele>
        <time>2025-10-06T07:17:10.000Z</time>
        <extensions>
          <ns3:TrackPointExtension>
            <ns3:hr>94</ns3:hr>
            <ns3:cad>60</ns3:cad>
          </ns3:TrackPointExtension>
        </extensions>
      </trkpt>
      <trkpt lat="42.45832004584372043609619140625" lon="-6.1125898919999599456787109375">
        <ele>886</ele>
        <time>2025-10-06T07:17:14.000Z</time>
        <extensions>
          <ns3:TrackPointExtension>
            <ns3:hr>97</ns3:hr>
            <ns3:cad>60</ns3:cad>
          </ns3:TrackPointExtension>
        </extensions>
      </trkpt>
      <trkpt lat="42.45829272083938121795654296875" lon="-6.11276733689010143280029296875">
        <ele>886.4000244140625</ele>
        <time>2025-10-06T07:17:24.000Z</time>
        <extensions>
          <ns3:TrackPointExtension>
            <ns3:hr>98</ns3:hr>
            <ns3:cad>59</ns3:cad>
          </ns3:TrackPointExtension>
        </extensions>
      </trkpt>
      <trkpt lat="42.45827059261500835418701171875" lon="-6.11293866299092769622802734375">
        <ele>886.79998779296875</ele>
        <time>2025-10-06T07:17:34.000Z</time>
        <extensions>
          <ns3:TrackPointExtension>
            <ns3:hr>97</ns3:hr>
            <ns3:cad>57</ns3:cad>
          </ns3:TrackPointExtension>
        </extensions>
      </trkpt>
      <trkpt lat="42.458235807716846466064453125" lon="-6.11309825442731380462646484375">
        <ele>887.20001220703125</ele>
        <time>2025-10-06T07:17:44.000Z</time>
        <extensions>
          <ns3:TrackPointExtension>
            <ns3:hr>98</ns3:hr>
            <ns3:cad>57</ns3:cad>
          </ns3:TrackPointExtension>
        </extensions>
      </trkpt>
      <trkpt lat="42.45821225456893444061279296875" lon="-6.1132762022316455841064453125">
        <ele>887.4000244140625</ele>
        <time>2025-10-06T07:17:55.000Z</time>
        <extensions>
          <ns3:TrackPointExtension>
            <ns3:hr>98</ns3:hr>
            <ns3:cad>56</ns3:cad>
          </ns3:TrackPointExtension>
        </extensions>
      </trkpt>
      <trkpt lat="42.45817638002336025238037109375" lon="-6.113411150872707366943359375">
        <ele>888</ele>
        <time>2025-10-06T07:18:03.000Z</time>
        <extensions>
          <ns3:TrackPointExtension>
            <ns3:hr>99</ns3:hr>
            <ns3:cad>57</ns3:cad>
          </ns3:TrackPointExtension>
        </extensions>
      </trkpt>
      <trkpt lat="42.4581682495772838592529296875" lon="-6.11344208009541034698486328125">
        <ele>888</ele>
        <time>2025-10-06T07:18:05.000Z</time>
        <extensions>
          <ns3:TrackPointExtension>
            <ns3:hr>99</ns3:hr>
            <ns3:cad>57</ns3:cad>
          </ns3:TrackPointExtension>
        </extensions>
      </trkpt>
      <trkpt lat="42.45815726928412914276123046875" lon="-6.11352346837520599365234375">
        <ele>888</ele>
        <time>2025-10-06T07:18:10.000Z</time>
        <extensions>
          <ns3:TrackPointExtension>
            <ns3:hr>96</ns3:hr>
            <ns3:cad>59</ns3:cad>
          </ns3:TrackPointExtension>
        </extensions>
      </trkpt>
      <trkpt lat="42.45815123431384563446044921875" lon="-6.11360854469239711761474609375">
        <ele>888.20001220703125</ele>
        <time>2025-10-06T07:18:15.000Z</time>
        <extensions>
          <ns3:TrackPointExtension>
            <ns3:hr>96</ns3:hr>
            <ns3:cad>57</ns3:cad>
          </ns3:TrackPointExtension>
        </extensions>
      </trkpt>
      <trkpt lat="42.45812240056693553924560546875" lon="-6.11375271342694759368896484375">
        <ele>888.5999755859375</ele>
        <time>2025-10-06T07:18:24.000Z</time>
        <extensions>
          <ns3:TrackPointExtension>
            <ns3:hr>97</ns3:hr>
            <ns3:cad>58</ns3:cad>
          </ns3:TrackPointExtension>
        </extensions>
      </trkpt>
      <trkpt lat="42.45808904059231281280517578125" lon="-6.1139170825481414794921875">
        <ele>889</ele>
        <time>2025-10-06T07:18:34.000Z</time>
        <extensions>
          <ns3:TrackPointExtension>
            <ns3:hr>96</ns3:hr>
            <ns3:cad>58</ns3:cad>
          </ns3:TrackPointExtension>
        </extensions>
      </trkpt>
      <trkpt lat="42.45808317326009273529052734375" lon="-6.11397315748035907745361328125">
        <ele>889</ele>
        <time>2025-10-06T07:18:37.000Z</time>
        <extensions>
          <ns3:TrackPointExtension>
            <ns3:hr>96</ns3:hr>
            <ns3:cad>58</ns3:cad>
          </ns3:TrackPointExtension>
        </extensions>
      </trkpt>
      <trkpt lat="42.45805241167545318603515625" lon="-6.1141462437808513641357421875">
        <ele>889.20001220703125</ele>
        <time>2025-10-06T07:18:47.000Z</time>
        <extensions>
          <ns3:TrackPointExtension>
            <ns3:hr>94</ns3:hr>
            <ns3:cad>57</ns3:cad>
          </ns3:TrackPointExtension>
        </extensions>
      </trkpt>
      <trkpt lat="42.4580146931111812591552734375" lon="-6.114341877400875091552734375">
        <ele>889.4000244140625</ele>
        <time>2025-10-06T07:18:59.000Z</time>
        <extensions>
          <ns3:TrackPointExtension>
            <ns3:hr>92</ns3:hr>
            <ns3:cad>58</ns3:cad>
          </ns3:TrackPointExtension>
        </extensions>
      </trkpt>
      <trkpt lat="42.457993067800998687744140625" lon="-6.1144935898482799530029296875">
        <ele>889.79998779296875</ele>
        <time>2025-10-06T07:19:08.000Z</time>
        <extensions>
          <ns3:TrackPointExtension>
            <ns3:hr>92</ns3:hr>
            <ns3:cad>58</ns3:cad>
          </ns3:TrackPointExtension>
        </extensions>
      </trkpt>
      <trkpt lat="42.4579724483191967010498046875" lon="-6.11465259455144405364990234375">
        <ele>890</ele>
        <time>2025-10-06T07:19:18.000Z</time>
        <extensions>
          <ns3:TrackPointExtension>
            <ns3:hr>91</ns3:hr>
            <ns3:cad>58</ns3:cad>
          </ns3:TrackPointExtension>
        </extensions>
      </trkpt>
      <trkpt lat="42.4579694308340549468994140625" lon="-6.1146665923297405242919921875">
        <ele>890</ele>
        <time>2025-10-06T07:19:19.000Z</time>
        <extensions>
          <ns3:TrackPointExtension>
            <ns3:hr>91</ns3:hr>
            <ns3:cad>58</ns3:cad>
          </ns3:TrackPointExtension>
        </extensions>
      </trkpt>
      <trkpt lat="42.45794118382036685943603515625" lon="-6.11482827924191951751708984375">
        <ele>890</ele>
        <time>2025-10-06T07:19:28.000Z</time>
        <extensions>
          <ns3:TrackPointExtension>
            <ns3:hr>93</ns3:hr>
            <ns3:cad>57</ns3:cad>
          </ns3:TrackPointExtension>
        </extensions>
      </trkpt>
      <trkpt lat="42.45789860375225543975830078125" lon="-6.11502173356711864471435546875">
        <ele>890.20001220703125</ele>
        <time>2025-10-06T07:19:40.000Z</time>
        <extensions>
          <ns3:TrackPointExtension>
            <ns3:hr>94</ns3:hr>
            <ns3:cad>59</ns3:cad>
          </ns3:TrackPointExtension>
        </extensions>
      </trkpt>
      <trkpt lat="42.45788167230784893035888671875" lon="-6.11519020982086658477783203125">
        <ele>890.4000244140625</ele>
        <time>2025-10-06T07:19:50.000Z</time>
        <extensions>
          <ns3:TrackPointExtension>
            <ns3:hr>92</ns3:hr>
            <ns3:cad>57</ns3:cad>
          </ns3:TrackPointExtension>
        </extensions>
      </trkpt>
      <trkpt lat="42.45784864760935306549072265625" lon="-6.115367151796817779541015625">
        <ele>890.5999755859375</ele>
        <time>2025-10-06T07:20:01.000Z</time>
        <extensions>
          <ns3:TrackPointExtension>
            <ns3:hr>89</ns3:hr>
            <ns3:cad>58</ns3:cad>
          </ns3:TrackPointExtension>
        </extensions>
      </trkpt>
      <trkpt lat="42.4578433670103549957275390625" lon="-6.11538550816476345062255859375">
        <ele>890.5999755859375</ele>
        <time>2025-10-06T07:20:02.000Z</time>
        <extensions>
          <ns3:TrackPointExtension>
            <ns3:hr>89</ns3:hr>
            <ns3:cad>58</ns3:cad>
          </ns3:TrackPointExtension>
        </extensions>
      </trkpt>
      <trkpt lat="42.4578250944614410400390625" lon="-6.1154611967504024505615234375">
        <ele>890.79998779296875</ele>
        <time>2025-10-06T07:20:07.000Z</time>
        <extensions>
          <ns3:TrackPointExtension>
            <ns3:hr>86</ns3:hr>
            <ns3:cad>58</ns3:cad>
          </ns3:TrackPointExtension>
        </extensions>
      </trkpt>
      <trkpt lat="42.457816712558269500732421875" lon="-6.11552716232836246490478515625">
        <ele>891</ele>
        <time>2025-10-06T07:20:11.000Z</time>
        <extensions>
          <ns3:TrackPointExtension>
            <ns3:hr>86</ns3:hr>
            <ns3:cad>58</ns3:cad>
          </ns3:TrackPointExtension>
        </extensions>
      </trkpt>
      <trkpt lat="42.457815371453762054443359375" lon="-6.11553990282118320465087890625">
        <ele>891</ele>
        <time>2025-10-06T07:20:12.000Z</time>
        <extensions>
          <ns3:TrackPointExtension>
            <ns3:hr>86</ns3:hr>
            <ns3:cad>58</ns3:cad>
          </ns3:TrackPointExtension>
        </extensions>
      </trkpt>
      <trkpt lat="42.45779483579099178314208984375" lon="-6.11569228582084178924560546875">
        <ele>891</ele>
        <time>2025-10-06T07:20:21.000Z</time>
        <extensions>
          <ns3:TrackPointExtension>
            <ns3:hr>89</ns3:hr>
            <ns3:cad>56</ns3:cad>
          </ns3:TrackPointExtension>
        </extensions>
      </trkpt>
      <trkpt lat="42.4577551893889904022216796875" lon="-6.1158313415944576263427734375">
        <ele>891.20001220703125</ele>
        <time>2025-10-06T07:20:30.000Z</time>
        <extensions>
          <ns3:TrackPointExtension>
            <ns3:hr>89</ns3:hr>
            <ns3:cad>57</ns3:cad>
          </ns3:TrackPointExtension>
        </extensions>
      </trkpt>
      <trkpt lat="42.45773834176361560821533203125" lon="-6.11594340763986110687255859375">
        <ele>891.79998779296875</ele>
        <time>2025-10-06T07:20:38.000Z</time>
        <extensions>
          <ns3:TrackPointExtension>
            <ns3:hr>90</ns3:hr>
            <ns3:cad>0</ns3:cad>
          </ns3:TrackPointExtension>
        </extensions>
      </trkpt>
      <trkpt lat="42.4577204883098602294921875" lon="-6.1160398833453655242919921875">
        <ele>891.5999755859375</ele>
        <time>2025-10-06T07:20:45.000Z</time>
        <extensions>
          <ns3:TrackPointExtension>
            <ns3:hr>88</ns3:hr>
            <ns3:cad>55</ns3:cad>
          </ns3:TrackPointExtension>
        </extensions>
      </trkpt>
      <trkpt lat="42.45771319605410099029541015625" lon="-6.11617960967123508453369140625">
        <ele>892</ele>
        <time>2025-10-06T07:20:54.000Z</time>
        <extensions>
          <ns3:TrackPointExtension>
            <ns3:hr>87</ns3:hr>
            <ns3:cad>56</ns3:cad>
          </ns3:TrackPointExtension>
        </extensions>
      </trkpt>
      <trkpt lat="42.457690648734569549560546875" lon="-6.11629712395370006561279296875">
        <ele>892.20001220703125</ele>
        <time>2025-10-06T07:21:01.000Z</time>
        <extensions>
          <ns3:TrackPointExtension>
            <ns3:hr>88</ns3:hr>
            <ns3:cad>57</ns3:cad>
          </ns3:TrackPointExtension>
        </extensions>
      </trkpt>
      <trkpt lat="42.45765586383640766143798828125" lon="-6.11645503900945186614990234375">
        <ele>892.4000244140625</ele>
        <time>2025-10-06T07:21:11.000Z</time>
        <extensions>
          <ns3:TrackPointExtension>
            <ns3:hr>87</ns3:hr>
            <ns3:cad>57</ns3:cad>
          </ns3:TrackPointExtension>
        </extensions>
      </trkpt>
      <trkpt lat="42.4576534330844879150390625" lon="-6.1164703778922557830810546875">
        <ele>892.4000244140625</ele>
        <time>2025-10-06T07:21:12.000Z</time>
        <extensions>
          <ns3:TrackPointExtension>
            <ns3:hr>84</ns3:hr>
            <ns3:cad>57</ns3:cad>
          </ns3:TrackPointExtension>
        </extensions>
      </trkpt>
      <trkpt lat="42.4576495774090290069580078125" lon="-6.11650516279041767120361328125">
        <ele>892.4000244140625</ele>
        <time>2025-10-06T07:21:14.000Z</time>
        <extensions>
          <ns3:TrackPointExtension>
            <ns3:hr>81</ns3:hr>
            <ns3:cad>57</ns3:cad>
          </ns3:TrackPointExtension>
        </extensions>
      </trkpt>
      <trkpt lat="42.45763759128749370574951171875" lon="-6.11659652553498744964599609375">
        <ele>892.5999755859375</ele>
        <time>2025-10-06T07:21:19.000Z</time>
        <extensions>
          <ns3:TrackPointExtension>
            <ns3:hr>84</ns3:hr>
            <ns3:cad>57</ns3:cad>
          </ns3:TrackPointExtension>
        </extensions>
      </trkpt>
      <trkpt lat="42.45761579833924770355224609375" lon="-6.1167225055396556854248046875">
        <ele>892.79998779296875</ele>
        <time>2025-10-06T07:21:27.000Z</time>
        <extensions>
          <ns3:TrackPointExtension>
            <ns3:hr>83</ns3:hr>
            <ns3:cad>57</ns3:cad>
          </ns3:TrackPointExtension>
        </extensions>
      </trkpt>
      <trkpt lat="42.45759082026779651641845703125" lon="-6.116879247128963470458984375">
        <ele>893</ele>
        <time>2025-10-06T07:21:37.000Z</time>
        <extensions>
          <ns3:TrackPointExtension>
            <ns3:hr>81</ns3:hr>
            <ns3:cad>57</ns3:cad>
          </ns3:TrackPointExtension>
        </extensions>
      </trkpt>
      <trkpt lat="42.45758813805878162384033203125" lon="-6.11689634621143341064453125">
        <ele>893</ele>
        <time>2025-10-06T07:21:38.000Z</time>
        <extensions>
          <ns3:TrackPointExtension>
            <ns3:hr>81</ns3:hr>
            <ns3:cad>57</ns3:cad>
          </ns3:TrackPointExtension>
        </extensions>
      </trkpt>
      <trkpt lat="42.4575681053102016448974609375" lon="-6.11703473143279552459716796875">
        <ele>893.20001220703125</ele>
        <time>2025-10-06T07:21:47.000Z</time>
        <extensions>
          <ns3:TrackPointExtension>
            <ns3:hr>82</ns3:hr>
            <ns3:cad>57</ns3:cad>
          </ns3:TrackPointExtension>
        </extensions>
      </trkpt>
      <trkpt lat="42.45753298513591289520263671875" lon="-6.117178313434123992919921875">
        <ele>893.4000244140625</ele>
        <time>2025-10-06T07:21:56.000Z</time>
        <extensions>
          <ns3:TrackPointExtension>
            <ns3:hr>81</ns3:hr>
            <ns3:cad>59</ns3:cad>
          </ns3:TrackPointExtension>
        </extensions>
      </trkpt>
      <trkpt lat="42.4575225077569484710693359375" lon="-6.117315106093883514404296875">
        <ele>893.5999755859375</ele>
        <time>2025-10-06T07:22:04.000Z</time>
        <extensions>
          <ns3:TrackPointExtension>
            <ns3:hr>80</ns3:hr>
            <ns3:cad>59</ns3:cad>
          </ns3:TrackPointExtension>
        </extensions>
      </trkpt>
      <trkpt lat="42.45750364847481250762939453125" lon="-6.11746137030422687530517578125">
        <ele>893.79998779296875</ele>
        <time>2025-10-06T07:22:13.000Z</time>
        <extensions>
          <ns3:TrackPointExtension>
            <ns3:hr>80</ns3:hr>
            <ns3:cad>58</ns3:cad>
          </ns3:TrackPointExtension>
        </extensions>
      </trkpt>
      <trkpt lat="42.45747582055628299713134765625" lon="-6.1175707541406154632568359375">
        <ele>893.79998779296875</ele>
        <time>2025-10-06T07:22:20.000Z</time>
        <extensions>
          <ns3:TrackPointExtension>
            <ns3:hr>80</ns3:hr>
            <ns3:cad>58</ns3:cad>
          </ns3:TrackPointExtension>
        </extensions>
      </trkpt>
      <trkpt lat="42.4574598111212253570556640625" lon="-6.11766672693192958831787109375">
        <ele>894</ele>
        <time>2025-10-06T07:22:26.000Z</time>
        <extensions>
          <ns3:TrackPointExtension>
            <ns3:hr>79</ns3:hr>
            <ns3:cad>57</ns3:cad>
          </ns3:TrackPointExtension>
        </extensions>
      </trkpt>
      <trkpt lat="42.45745033957064151763916015625" lon="-6.1177444271743297576904296875">
        <ele>894.20001220703125</ele>
        <time>2025-10-06T07:22:30.000Z</time>
        <extensions>
          <ns3:TrackPointExtension>
            <ns3:hr>79</ns3:hr>
            <ns3:cad>57</ns3:cad>
          </ns3:TrackPointExtension>
        </extensions>
      </trkpt>
      <trkpt lat="42.457424439489841461181640625" lon="-6.1178614385426044464111328125">
        <ele>894.5999755859375</ele>
        <time>2025-10-06T07:22:38.000Z</time>
        <extensions>
          <ns3:TrackPointExtension>
            <ns3:hr>78</ns3:hr>
            <ns3:cad>56</ns3:cad>
          </ns3:TrackPointExtension>
        </extensions>
      </trkpt>
      <trkpt lat="42.4573984555900096893310546875" lon="-6.1180082894861698150634765625">
        <ele>894.5999755859375</ele>
        <time>2025-10-06T07:22:47.000Z</time>
        <extensions>
          <ns3:TrackPointExtension>
            <ns3:hr>80</ns3:hr>
            <ns3:cad>56</ns3:cad>
          </ns3:TrackPointExtension>
        </extensions>
      </trkpt>
      <trkpt lat="42.45739099569618701934814453125" lon="-6.11814583651721477508544921875">
        <ele>895</ele>
        <time>2025-10-06T07:22:55.000Z</time>
        <extensions>
          <ns3:TrackPointExtension>
            <ns3:hr>79</ns3:hr>
            <ns3:cad>55</ns3:cad>
          </ns3:TrackPointExtension>
        </extensions>
      </trkpt>
      <trkpt lat="42.4573890678584575653076171875" lon="-6.118166036903858184814453125">
        <ele>895</ele>
        <time>2025-10-06T07:22:56.000Z</time>
        <extensions>
          <ns3:TrackPointExtension>
            <ns3:hr>79</ns3:hr>
            <ns3:cad>58</ns3:cad>
          </ns3:TrackPointExtension>
        </extensions>
      </trkpt>
      <trkpt lat="42.4573598988354206085205078125" lon="-6.11828262917697429656982421875">
        <ele>895.20001220703125</ele>
        <time>2025-10-06T07:23:04.000Z</time>
        <extensions>
          <ns3:TrackPointExtension>
            <ns3:hr>84</ns3:hr>
            <ns3:cad>57</ns3:cad>
          </ns3:TrackPointExtension>
        </extensions>
      </trkpt>
      <trkpt lat="42.45732511393725872039794921875" lon="-6.1184729821979999542236328125">
        <ele>895.4000244140625</ele>
        <time>2025-10-06T07:23:15.000Z</time>
        <extensions>
          <ns3:TrackPointExtension>
            <ns3:hr>82</ns3:hr>
            <ns3:cad>58</ns3:cad>
          </ns3:TrackPointExtension>
        </extensions>
      </trkpt>
      <trkpt lat="42.45731078088283538818359375" lon="-6.11859577707946300506591796875">
        <ele>895.79998779296875</ele>
        <time>2025-10-06T07:23:22.000Z</time>
        <extensions>
          <ns3:TrackPointExtension>
            <ns3:hr>82</ns3:hr>
            <ns3:cad>58</ns3:cad>
          </ns3:TrackPointExtension>
        </extensions>
      </trkpt>
      <trkpt lat="42.45729141868650913238525390625" lon="-6.11876073293387889862060546875">
        <ele>896</ele>
        <time>2025-10-06T07:23:32.000Z</time>
        <extensions>
          <ns3:TrackPointExtension>
            <ns3:hr>82</ns3:hr>
            <ns3:cad>57</ns3:cad>
          </ns3:TrackPointExtension>
        </extensions>
      </trkpt>
      <trkpt lat="42.45726090855896472930908203125" lon="-6.11887045204639434814453125">
        <ele>896.20001220703125</ele>
        <time>2025-10-06T07:23:39.000Z</time>
        <extensions>
          <ns3:TrackPointExtension>
            <ns3:hr>82</ns3:hr>
            <ns3:cad>57</ns3:cad>
          </ns3:TrackPointExtension>
        </extensions>
      </trkpt>
      <trkpt lat="42.45725654996931552886962890625" lon="-6.11888646148145198822021484375">
        <ele>896.20001220703125</ele>
        <time>2025-10-06T07:23:40.000Z</time>
        <extensions>
          <ns3:TrackPointExtension>
            <ns3:hr>83</ns3:hr>
            <ns3:cad>57</ns3:cad>
          </ns3:TrackPointExtension>
        </extensions>
      </trkpt>
      <trkpt lat="42.45723308064043521881103515625" lon="-6.11900799907743930816650390625">
        <ele>896.5999755859375</ele>
        <time>2025-10-06T07:23:48.000Z</time>
        <extensions>
          <ns3:TrackPointExtension>
            <ns3:hr>83</ns3:hr>
            <ns3:cad>57</ns3:cad>
          </ns3:TrackPointExtension>
        </extensions>
      </trkpt>
      <trkpt lat="42.45721078477799892425537109375" lon="-6.11915451474487781524658203125">
        <ele>896.79998779296875</ele>
        <time>2025-10-06T07:23:57.000Z</time>
        <extensions>
          <ns3:TrackPointExtension>
            <ns3:hr>83</ns3:hr>
            <ns3:cad>55</ns3:cad>
          </ns3:TrackPointExtension>
        </extensions>
      </trkpt>
      <trkpt lat="42.4571982957422733306884765625" lon="-6.1192592047154903411865234375">
        <ele>897</ele>
        <time>2025-10-06T07:24:04.000Z</time>
        <extensions>
          <ns3:TrackPointExtension>
            <ns3:hr>86</ns3:hr>
            <ns3:cad>55</ns3:cad>
          </ns3:TrackPointExtension>
        </extensions>
      </trkpt>
      <trkpt lat="42.45718480087816715240478515625" lon="-6.11931502819061279296875">
        <ele>897.20001220703125</ele>
        <time>2025-10-06T07:24:07.000Z</time>
        <extensions>
          <ns3:TrackPointExtension>
            <ns3:hr>87</ns3:hr>
            <ns3:cad>55</ns3:cad>
          </ns3:TrackPointExtension>
        </extensions>
      </trkpt>
      <trkpt lat="42.4571651034057140350341796875" lon="-6.11941234208643436431884765625">
        <ele>897.20001220703125</ele>
        <time>2025-10-06T07:24:13.000Z</time>
        <extensions>
          <ns3:TrackPointExtension>
            <ns3:hr>87</ns3:hr>
            <ns3:cad>55</ns3:cad>
          </ns3:TrackPointExtension>
        </extensions>
      </trkpt>
      <trkpt lat="42.45713735930621623992919921875" lon="-6.1194989271461963653564453125">
        <ele>897.5999755859375</ele>
        <time>2025-10-06T07:24:20.000Z</time>
        <extensions>
          <ns3:TrackPointExtension>
            <ns3:hr>89</ns3:hr>
            <ns3:cad>55</ns3:cad>
          </ns3:TrackPointExtension>
        </extensions>
      </trkpt>
      <trkpt lat="42.45711028575897216796875" lon="-6.1196293495595455169677734375">
        <ele>897.79998779296875</ele>
        <time>2025-10-06T07:24:29.000Z</time>
        <extensions>
          <ns3:TrackPointExtension>
            <ns3:hr>91</ns3:hr>
            <ns3:cad>55</ns3:cad>
          </ns3:TrackPointExtension>
        </extensions>
      </trkpt>
      <trkpt lat="42.45707382448017597198486328125" lon="-6.11977309919893741607666015625">
        <ele>898.20001220703125</ele>
        <time>2025-10-06T07:24:38.000Z</time>
        <extensions>
          <ns3:TrackPointExtension>
            <ns3:hr>93</ns3:hr>
            <ns3:cad>55</ns3:cad>
          </ns3:TrackPointExtension>
        </extensions>
      </trkpt>
      <trkpt lat="42.45706225745379924774169921875" lon="-6.119830347597599029541015625">
        <ele>898.20001220703125</ele>
        <time>2025-10-06T07:24:42.000Z</time>
        <extensions>
          <ns3:TrackPointExtension>
            <ns3:hr>94</ns3:hr>
            <ns3:cad>56</ns3:cad>
          </ns3:TrackPointExtension>
        </extensions>
      </trkpt>
      <trkpt lat="42.4570526182651519775390625" lon="-6.1198849976062774658203125">
        <ele>898.20001220703125</ele>
        <time>2025-10-06T07:24:46.000Z</time>
        <extensions>
          <ns3:TrackPointExtension>
            <ns3:hr>94</ns3:hr>
            <ns3:cad>56</ns3:cad>
          </ns3:TrackPointExtension>
        </extensions>
      </trkpt>
      <trkpt lat="42.4570273049175739288330078125" lon="-6.12002355046570301055908203125">
        <ele>898.5999755859375</ele>
        <time>2025-10-06T07:24:55.000Z</time>
        <extensions>
          <ns3:TrackPointExtension>
            <ns3:hr>94</ns3:hr>
            <ns3:cad>55</ns3:cad>
          </ns3:TrackPointExtension>
        </extensions>
      </trkpt>
      <trkpt lat="42.4569964595139026641845703125" lon="-6.12015581689774990081787109375">
        <ele>898.79998779296875</ele>
        <time>2025-10-06T07:25:04.000Z</time>
        <extensions>
          <ns3:TrackPointExtension>
            <ns3:hr>95</ns3:hr>
            <ns3:cad>55</ns3:cad>
          </ns3:TrackPointExtension>
        </extensions>
      </trkpt>
      <trkpt lat="42.45696611702442169189453125" lon="-6.12027056515216827392578125">
        <ele>899</ele>
        <time>2025-10-06T07:25:12.000Z</time>
        <extensions>
          <ns3:TrackPointExtension>
            <ns3:hr>94</ns3:hr>
            <ns3:cad>54</ns3:cad>
          </ns3:TrackPointExtension>
        </extensions>
      </trkpt>
      <trkpt lat="42.4569572322070598602294921875" lon="-6.12032261677086353302001953125">
        <ele>899.20001220703125</ele>
        <time>2025-10-06T07:25:15.000Z</time>
        <extensions>
          <ns3:TrackPointExtension>
            <ns3:hr>94</ns3:hr>
            <ns3:cad>54</ns3:cad>
          </ns3:TrackPointExtension>
        </extensions>
      </trkpt>
      <trkpt lat="42.45693719945847988128662109375" lon="-6.12038833089172840118408203125">
        <ele>899.4000244140625</ele>
        <time>2025-10-06T07:25:20.000Z</time>
        <extensions>
          <ns3:TrackPointExtension>
            <ns3:hr>94</ns3:hr>
            <ns3:cad>53</ns3:cad>
          </ns3:TrackPointExtension>
        </extensions>
      </trkpt>
      <trkpt lat="42.4569077789783477783203125" lon="-6.12051489762961864471435546875">
        <ele>899.79998779296875</ele>
        <time>2025-10-06T07:25:29.000Z</time>
        <extensions>
          <ns3:TrackPointExtension>
            <ns3:hr>93</ns3:hr>
            <ns3:cad>55</ns3:cad>
          </ns3:TrackPointExtension>
        </extensions>
      </trkpt>
      <trkpt lat="42.45688623748719692230224609375" lon="-6.12063962034881114959716796875">
        <ele>900.20001220703125</ele>
        <time>2025-10-06T07:25:38.000Z</time>
        <extensions>
          <ns3:TrackPointExtension>
            <ns3:hr>93</ns3:hr>
            <ns3:cad>53</ns3:cad>
          </ns3:TrackPointExtension>
        </extensions>
      </trkpt>
      <trkpt lat="42.45686997659504413604736328125" lon="-6.120712459087371826171875">
        <ele>900.20001220703125</ele>
        <time>2025-10-06T07:25:43.000Z</time>
        <extensions>
          <ns3:TrackPointExtension>
            <ns3:hr>93</ns3:hr>
            <ns3:cad>53</ns3:cad>
          </ns3:TrackPointExtension>
        </extensions>
      </trkpt>
      <trkpt lat="42.45686016976833343505859375" lon="-6.1207790113985538482666015625">
        <ele>900.4000244140625</ele>
        <time>2025-10-06T07:25:47.000Z</time>
        <extensions>
          <ns3:TrackPointExtension>
            <ns3:hr>93</ns3:hr>
            <ns3:cad>53</ns3:cad>
          </ns3:TrackPointExtension>
        </extensions>
      </trkpt>
      <trkpt lat="42.45683309622108936309814453125" lon="-6.12090934999287128448486328125">
        <ele>900.79998779296875</ele>
        <time>2025-10-06T07:25:56.000Z</time>
        <extensions>
          <ns3:TrackPointExtension>
            <ns3:hr>92</ns3:hr>
            <ns3:cad>54</ns3:cad>
          </ns3:TrackPointExtension>
        </extensions>
      </trkpt>
      <trkpt lat="42.4568080343306064605712890625" lon="-6.12099987454712390899658203125">
        <ele>901.20001220703125</ele>
        <time>2025-10-06T07:26:03.000Z</time>
        <extensions>
          <ns3:TrackPointExtension>
            <ns3:hr>91</ns3:hr>
            <ns3:cad>54</ns3:cad>
          </ns3:TrackPointExtension>
        </extensions>
      </trkpt>
      <trkpt lat="42.45678531937301158905029296875" lon="-6.12110196612775325775146484375">
        <ele>901.4000244140625</ele>
        <time>2025-10-06T07:26:09.000Z</time>
        <extensions>
          <ns3:TrackPointExtension>
            <ns3:hr>88</ns3:hr>
            <ns3:cad>55</ns3:cad>
          </ns3:TrackPointExtension>
        </extensions>
      </trkpt>
      <trkpt lat="42.45677442289888858795166015625" lon="-6.12113599665462970733642578125">
        <ele>901.4000244140625</ele>
        <time>2025-10-06T07:26:11.000Z</time>
        <extensions>
          <ns3:TrackPointExtension>
            <ns3:hr>88</ns3:hr>
            <ns3:cad>55</ns3:cad>
          </ns3:TrackPointExtension>
        </extensions>
      </trkpt>
      <trkpt lat="42.45675162412226200103759765625" lon="-6.12126993946731090545654296875">
        <ele>901.4000244140625</ele>
        <time>2025-10-06T07:26:20.000Z</time>
        <extensions>
          <ns3:TrackPointExtension>
            <ns3:hr>87</ns3:hr>
            <ns3:cad>55</ns3:cad>
          </ns3:TrackPointExtension>
        </extensions>
      </trkpt>
      <trkpt lat="42.4567201919853687286376953125" lon="-6.121404804289340972900390625">
        <ele>901.79998779296875</ele>
        <time>2025-10-06T07:26:29.000Z</time>
        <extensions>
          <ns3:TrackPointExtension>
            <ns3:hr>87</ns3:hr>
            <ns3:cad>55</ns3:cad>
          </ns3:TrackPointExtension>
        </extensions>
      </trkpt>
      <trkpt lat="42.456695549190044403076171875" lon="-6.1215023696422576904296875">
        <ele>902</ele>
        <time>2025-10-06T07:26:36.000Z</time>
        <extensions>
          <ns3:TrackPointExtension>
            <ns3:hr>86</ns3:hr>
            <ns3:cad>56</ns3:cad>
          </ns3:TrackPointExtension>
        </extensions>
      </trkpt>
      <trkpt lat="42.4566636979579925537109375" lon="-6.12162969075143337249755859375">
        <ele>902.20001220703125</ele>
        <time>2025-10-06T07:26:45.000Z</time>
        <extensions>
          <ns3:TrackPointExtension>
            <ns3:hr>83</ns3:hr>
            <ns3:cad>55</ns3:cad>
          </ns3:TrackPointExtension>
        </extensions>
      </trkpt>
      <trkpt lat="42.45665707625448703765869140625" lon="-6.12164377234876155853271484375">
        <ele>902.20001220703125</ele>
        <time>2025-10-06T07:26:46.000Z</time>
        <extensions>
          <ns3:TrackPointExtension>
            <ns3:hr>83</ns3:hr>
            <ns3:cad>55</ns3:cad>
          </ns3:TrackPointExtension>
        </extensions>
      </trkpt>
      <trkpt lat="42.4566253088414669036865234375" lon="-6.1218032799661159515380859375">
        <ele>902.20001220703125</ele>
        <time>2025-10-06T07:26:55.000Z</time>
        <extensions>
          <ns3:TrackPointExtension>
            <ns3:hr>82</ns3:hr>
            <ns3:cad>55</ns3:cad>
          </ns3:TrackPointExtension>
        </extensions>
      </trkpt>
      <trkpt lat="42.4566155858337879180908203125" lon="-6.12186421640217304229736328125">
        <ele>902.4000244140625</ele>
        <time>2025-10-06T07:26:59.000Z</time>
        <extensions>
          <ns3:TrackPointExtension>
            <ns3:hr>82</ns3:hr>
            <ns3:cad>56</ns3:cad>
          </ns3:TrackPointExtension>
        </extensions>
      </trkpt>
      <trkpt lat="42.456602342426776885986328125" lon="-6.1219283379614353179931640625">
        <ele>902.4000244140625</ele>
        <time>2025-10-06T07:27:04.000Z</time>
        <extensions>
          <ns3:TrackPointExtension>
            <ns3:hr>81</ns3:hr>
            <ns3:cad>55</ns3:cad>
          </ns3:TrackPointExtension>
        </extensions>
      </trkpt>
      <trkpt lat="42.456577531993389129638671875" lon="-6.1220218800008296966552734375">
        <ele>902.4000244140625</ele>
        <time>2025-10-06T07:27:11.000Z</time>
        <extensions>
          <ns3:TrackPointExtension>
            <ns3:hr>78</ns3:hr>
            <ns3:cad>54</ns3:cad>
          </ns3:TrackPointExtension>
        </extensions>
      </trkpt>
      <trkpt lat="42.45657342486083507537841796875" lon="-6.12204778008162975311279296875">
        <ele>902.4000244140625</ele>
        <time>2025-10-06T07:27:13.000Z</time>
        <extensions>
          <ns3:TrackPointExtension>
            <ns3:hr>76</ns3:hr>
            <ns3:cad>55</ns3:cad>
          </ns3:TrackPointExtension>
        </extensions>
      </trkpt>
      <trkpt lat="42.45653738267719745635986328125" lon="-6.12216227687895298004150390625">
        <ele>902.20001220703125</ele>
        <time>2025-10-06T07:27:21.000Z</time>
        <extensions>
          <ns3:TrackPointExtension>
            <ns3:hr>75</ns3:hr>
            <ns3:cad>54</ns3:cad>
          </ns3:TrackPointExtension>
        </extensions>
      </trkpt>
      <trkpt lat="42.456501759588718414306640625" lon="-6.12230963073670864105224609375">
        <ele>902.4000244140625</ele>
        <time>2025-10-06T07:27:31.000Z</time>
        <extensions>
          <ns3:TrackPointExtension>
            <ns3:hr>75</ns3:hr>
            <ns3:cad>55</ns3:cad>
          </ns3:TrackPointExtension>
        </extensions>
      </trkpt>
      <trkpt lat="42.45647133328020572662353515625" lon="-6.122458912432193756103515625">
        <ele>902.20001220703125</ele>
        <time>2025-10-06T07:27:41.000Z</time>
        <extensions>
          <ns3:TrackPointExtension>
            <ns3:hr>75</ns3:hr>
            <ns3:cad>55</ns3:cad>
          </ns3:TrackPointExtension>
        </extensions>
      </trkpt>
      <trkpt lat="42.456439398229122161865234375" lon="-6.12257902510464191436767578125">
        <ele>902</ele>
        <time>2025-10-06T07:27:49.000Z</time>
        <extensions>
          <ns3:TrackPointExtension>
            <ns3:hr>78</ns3:hr>
            <ns3:cad>55</ns3:cad>
          </ns3:TrackPointExtension>
        </extensions>
      </trkpt>
      <trkpt lat="42.45641919784247875213623046875" lon="-6.122688911855220794677734375">
        <ele>902</ele>
        <time>2025-10-06T07:27:56.000Z</time>
        <extensions>
          <ns3:TrackPointExtension>
            <ns3:hr>77</ns3:hr>
            <ns3:cad>55</ns3:cad>
          </ns3:TrackPointExtension>
        </extensions>
      </trkpt>
      <trkpt lat="42.4563968181610107421875" lon="-6.12278907559812068939208984375">
        <ele>902</ele>
        <time>2025-10-06T07:28:03.000Z</time>
        <extensions>
          <ns3:TrackPointExtension>
            <ns3:hr>77</ns3:hr>
            <ns3:cad>57</ns3:cad>
          </ns3:TrackPointExtension>
        </extensions>
      </trkpt>
      <trkpt lat="42.45637871325016021728515625" lon="-6.12290742807090282440185546875">
        <ele>901.79998779296875</ele>
        <time>2025-10-06T07:28:11.000Z</time>
        <extensions>
          <ns3:TrackPointExtension>
            <ns3:hr>78</ns3:hr>
            <ns3:cad>55</ns3:cad>
          </ns3:TrackPointExtension>
        </extensions>
      </trkpt>
      <trkpt lat="42.4563393183052539825439453125" lon="-6.1230421252548694610595703125">
        <ele>901.5999755859375</ele>
        <time>2025-10-06T07:28:20.000Z</time>
        <extensions>
          <ns3:TrackPointExtension>
            <ns3:hr>78</ns3:hr>
            <ns3:cad>55</ns3:cad>
          </ns3:TrackPointExtension>
        </extensions>
      </trkpt>
      <trkpt lat="42.4563188664615154266357421875" lon="-6.123148240149021148681640625">
        <ele>901.79998779296875</ele>
        <time>2025-10-06T07:28:27.000Z</time>
        <extensions>
          <ns3:TrackPointExtension>
            <ns3:hr>77</ns3:hr>
            <ns3:cad>57</ns3:cad>
          </ns3:TrackPointExtension>
        </extensions>
      </trkpt>
      <trkpt lat="42.456285171210765838623046875" lon="-6.12330506555736064910888671875">
        <ele>901.5999755859375</ele>
        <time>2025-10-06T07:28:37.000Z</time>
        <extensions>
          <ns3:TrackPointExtension>
            <ns3:hr>76</ns3:hr>
            <ns3:cad>56</ns3:cad>
          </ns3:TrackPointExtension>
        </extensions>
      </trkpt>
      <trkpt lat="42.45625223033130168914794921875" lon="-6.123426519334316253662109375">
        <ele>901.5999755859375</ele>
        <time>2025-10-06T07:28:45.000Z</time>
        <extensions>
          <ns3:TrackPointExtension>
            <ns3:hr>77</ns3:hr>
            <ns3:cad>55</ns3:cad>
          </ns3:TrackPointExtension>
        </extensions>
      </trkpt>
      <trkpt lat="42.45622255839407444000244140625" lon="-6.12357764504849910736083984375">
        <ele>901.5999755859375</ele>
        <time>2025-10-06T07:28:55.000Z</time>
        <extensions>
          <ns3:TrackPointExtension>
            <ns3:hr>76</ns3:hr>
            <ns3:cad>0</ns3:cad>
          </ns3:TrackPointExtension>
        </extensions>
      </trkpt>
      <trkpt lat="42.45619858615100383758544921875" lon="-6.12370404414832592010498046875">
        <ele>901.5999755859375</ele>
        <time>2025-10-06T07:29:03.000Z</time>
        <extensions>
          <ns3:TrackPointExtension>
            <ns3:hr>76</ns3:hr>
            <ns3:cad>55</ns3:cad>
          </ns3:TrackPointExtension>
        </extensions>
      </trkpt>
      <trkpt lat="42.45616975240409374237060546875" lon="-6.12385307438671588897705078125">
        <ele>901.5999755859375</ele>
        <time>2025-10-06T07:29:13.000Z</time>
        <extensions>
          <ns3:TrackPointExtension>
            <ns3:hr>76</ns3:hr>
            <ns3:cad>56</ns3:cad>
          </ns3:TrackPointExtension>
        </extensions>
      </trkpt>
      <trkpt lat="42.45614410378038883209228515625" lon="-6.1239430122077465057373046875">
        <ele>901.5999755859375</ele>
        <time>2025-10-06T07:29:19.000Z</time>
        <extensions>
          <ns3:TrackPointExtension>
            <ns3:hr>79</ns3:hr>
            <ns3:cad>56</ns3:cad>
          </ns3:TrackPointExtension>
        </extensions>
      </trkpt>
      <trkpt lat="42.45613706298172473907470703125" lon="-6.123971678316593170166015625">
        <ele>901.5999755859375</ele>
        <time>2025-10-06T07:29:21.000Z</time>
        <extensions>
          <ns3:TrackPointExtension>
            <ns3:hr>81</ns3:hr>
            <ns3:cad>56</ns3:cad>
          </ns3:TrackPointExtension>
        </extensions>
      </trkpt>
      <trkpt lat="42.45611594058573246002197265625" lon="-6.124050803482532501220703125">
        <ele>901.79998779296875</ele>
        <time>2025-10-06T07:29:26.000Z</time>
        <extensions>
          <ns3:TrackPointExtension>
            <ns3:hr>84</ns3:hr>
            <ns3:cad>56</ns3:cad>
          </ns3:TrackPointExtension>
        </extensions>
      </trkpt>
      <trkpt lat="42.4561099894344806671142578125" lon="-6.12411341629922389984130859375">
        <ele>901.79998779296875</ele>
        <time>2025-10-06T07:29:30.000Z</time>
        <extensions>
          <ns3:TrackPointExtension>
            <ns3:hr>85</ns3:hr>
            <ns3:cad>56</ns3:cad>
          </ns3:TrackPointExtension>
        </extensions>
      </trkpt>
      <trkpt lat="42.45608232915401458740234375" lon="-6.12422422505915164947509765625">
        <ele>901.5999755859375</ele>
        <time>2025-10-06T07:29:38.000Z</time>
        <extensions>
          <ns3:TrackPointExtension>
            <ns3:hr>85</ns3:hr>
            <ns3:cad>55</ns3:cad>
          </ns3:TrackPointExtension>
        </extensions>
      </trkpt>
      <trkpt lat="42.45604804717004299163818359375" lon="-6.1243741773068904876708984375">
        <ele>901.79998779296875</ele>
        <time>2025-10-06T07:29:48.000Z</time>
        <extensions>
          <ns3:TrackPointExtension>
            <ns3:hr>84</ns3:hr>
            <ns3:cad>56</ns3:cad>
          </ns3:TrackPointExtension>
        </extensions>
      </trkpt>
      <trkpt lat="42.4560003541409969329833984375" lon="-6.12453066743910312652587890625">
        <ele>901.79998779296875</ele>
        <time>2025-10-06T07:29:58.000Z</time>
        <extensions>
          <ns3:TrackPointExtension>
            <ns3:hr>84</ns3:hr>
            <ns3:cad>55</ns3:cad>
          </ns3:TrackPointExtension>
        </extensions>
      </trkpt>
      <trkpt lat="42.45597529225051403045654296875" lon="-6.12464918754994869232177734375">
        <ele>902</ele>
        <time>2025-10-06T07:30:06.000Z</time>
        <extensions>
          <ns3:TrackPointExtension>
            <ns3:hr>83</ns3:hr>
            <ns3:cad>55</ns3:cad>
          </ns3:TrackPointExtension>
        </extensions>
      </trkpt>
      <trkpt lat="42.4559529125690460205078125" lon="-6.1247627623379230499267578125">
        <ele>902.20001220703125</ele>
        <time>2025-10-06T07:30:14.000Z</time>
        <extensions>
          <ns3:TrackPointExtension>
            <ns3:hr>84</ns3:hr>
            <ns3:cad>56</ns3:cad>
          </ns3:TrackPointExtension>
        </extensions>
      </trkpt>
      <trkpt lat="42.45591980405151844024658203125" lon="-6.124912463128566741943359375">
        <ele>902.20001220703125</ele>
        <time>2025-10-06T07:30:24.000Z</time>
        <extensions>
          <ns3:TrackPointExtension>
            <ns3:hr>83</ns3:hr>
            <ns3:cad>55</ns3:cad>
          </ns3:TrackPointExtension>
        </extensions>
      </trkpt>
      <trkpt lat="42.45589482598006725311279296875" lon="-6.125071048736572265625">
        <ele>902.20001220703125</ele>
        <time>2025-10-06T07:30:34.000Z</time>
        <extensions>
          <ns3:TrackPointExtension>
            <ns3:hr>84</ns3:hr>
            <ns3:cad>55</ns3:cad>
          </ns3:TrackPointExtension>
        </extensions>
      </trkpt>
      <trkpt lat="42.45587177574634552001953125" lon="-6.12516551278531551361083984375">
        <ele>902.4000244140625</ele>
        <time>2025-10-06T07:30:41.000Z</time>
        <extensions>
          <ns3:TrackPointExtension>
            <ns3:hr>84</ns3:hr>
            <ns3:cad>56</ns3:cad>
          </ns3:TrackPointExtension>
        </extensions>
      </trkpt>
      <trkpt lat="42.4558590352535247802734375" lon="-6.12522569485008716583251953125">
        <ele>902.5999755859375</ele>
        <time>2025-10-06T07:30:45.000Z</time>
        <extensions>
          <ns3:TrackPointExtension>
            <ns3:hr>80</ns3:hr>
            <ns3:cad>57</ns3:cad>
          </ns3:TrackPointExtension>
        </extensions>
      </trkpt>
      <trkpt lat="42.45585358701646327972412109375" lon="-6.125238351523876190185546875">
        <ele>902.5999755859375</ele>
        <time>2025-10-06T07:30:46.000Z</time>
        <extensions>
          <ns3:TrackPointExtension>
            <ns3:hr>77</ns3:hr>
            <ns3:cad>55</ns3:cad>
          </ns3:TrackPointExtension>
        </extensions>
      </trkpt>
      <trkpt lat="42.45583900250494480133056640625" lon="-6.1252871342003345489501953125">
        <ele>902.5999755859375</ele>
        <time>2025-10-06T07:30:49.000Z</time>
        <extensions>
          <ns3:TrackPointExtension>
            <ns3:hr>74</ns3:hr>
            <ns3:cad>56</ns3:cad>
          </ns3:TrackPointExtension>
        </extensions>
      </trkpt>
      <trkpt lat="42.45582911185920238494873046875" lon="-6.12534002400934696197509765625">
        <ele>902.79998779296875</ele>
        <time>2025-10-06T07:30:52.000Z</time>
        <extensions>
          <ns3:TrackPointExtension>
            <ns3:hr>74</ns3:hr>
            <ns3:cad>55</ns3:cad>
          </ns3:TrackPointExtension>
        </extensions>
      </trkpt>
      <trkpt lat="42.455823831260204315185546875" lon="-6.1253608949482440948486328125">
        <ele>903</ele>
        <time>2025-10-06T07:30:56.000Z</time>
        <extensions>
          <ns3:TrackPointExtension>
            <ns3:hr>74</ns3:hr>
            <ns3:cad>56</ns3:cad>
          </ns3:TrackPointExtension>
        </extensions>
      </trkpt>
      <trkpt lat="42.45579424314200878143310546875" lon="-6.12547497265040874481201171875">
        <ele>902.5999755859375</ele>
        <time>2025-10-06T07:31:04.000Z</time>
        <extensions>
          <ns3:TrackPointExtension>
            <ns3:hr>76</ns3:hr>
            <ns3:cad>55</ns3:cad>
          </ns3:TrackPointExtension>
        </extensions>
      </trkpt>
      <trkpt lat="42.45576842688024044036865234375" lon="-6.12560589797794818878173828125">
        <ele>903.20001220703125</ele>
        <time>2025-10-06T07:31:12.000Z</time>
        <extensions>
          <ns3:TrackPointExtension>
            <ns3:hr>76</ns3:hr>
            <ns3:cad>55</ns3:cad>
          </ns3:TrackPointExtension>
        </extensions>
      </trkpt>
      <trkpt lat="42.4557455442845821380615234375" lon="-6.125717461109161376953125">
        <ele>903.4000244140625</ele>
        <time>2025-10-06T07:31:19.000Z</time>
        <extensions>
          <ns3:TrackPointExtension>
            <ns3:hr>76</ns3:hr>
            <ns3:cad>56</ns3:cad>
          </ns3:TrackPointExtension>
        </extensions>
      </trkpt>
      <trkpt lat="42.45574277825653553009033203125" lon="-6.125731877982616424560546875">
        <ele>903.4000244140625</ele>
        <time>2025-10-06T07:31:20.000Z</time>
        <extensions>
          <ns3:TrackPointExtension>
            <ns3:hr>76</ns3:hr>
            <ns3:cad>56</ns3:cad>
          </ns3:TrackPointExtension>
        </extensions>
      </trkpt>
      <trkpt lat="42.45571578852832317352294921875" lon="-6.12585416994988918304443359375">
        <ele>903.5999755859375</ele>
        <time>2025-10-06T07:31:29.000Z</time>
        <extensions>
          <ns3:TrackPointExtension>
            <ns3:hr>77</ns3:hr>
            <ns3:cad>55</ns3:cad>
          </ns3:TrackPointExtension>
        </extensions>
      </trkpt>
      <trkpt lat="42.45568427257239818572998046875" lon="-6.12601451575756072998046875">
        <ele>904</ele>
        <time>2025-10-06T07:31:39.000Z</time>
        <extensions>
          <ns3:TrackPointExtension>
            <ns3:hr>77</ns3:hr>
            <ns3:cad>55</ns3:cad>
          </ns3:TrackPointExtension>
        </extensions>
      </trkpt>
      <trkpt lat="42.45566264726221561431884765625" lon="-6.12609690986573696136474609375">
        <ele>904.20001220703125</ele>
        <time>2025-10-06T07:31:45.000Z</time>
        <extensions>
          <ns3:TrackPointExtension>
            <ns3:hr>80</ns3:hr>
            <ns3:cad>54</ns3:cad>
          </ns3:TrackPointExtension>
        </extensions>
      </trkpt>
      <trkpt lat="42.45565325953066349029541015625" lon="-6.126141250133514404296875">
        <ele>904.20001220703125</ele>
        <time>2025-10-06T07:31:48.000Z</time>
        <extensions>
          <ns3:TrackPointExtension>
            <ns3:hr>83</ns3:hr>
            <ns3:cad>55</ns3:cad>
          </ns3:TrackPointExtension>
        </extensions>
      </trkpt>
      <trkpt lat="42.45564915239810943603515625" lon="-6.12615474499762058258056640625">
        <ele>904.20001220703125</ele>
        <time>2025-10-06T07:31:49.000Z</time>
        <extensions>
          <ns3:TrackPointExtension>
            <ns3:hr>83</ns3:hr>
            <ns3:cad>55</ns3:cad>
          </ns3:TrackPointExtension>
        </extensions>
      </trkpt>
      <trkpt lat="42.45564504526555538177490234375" lon="-6.126169078052043914794921875">
        <ele>904.4000244140625</ele>
        <time>2025-10-06T07:31:50.000Z</time>
        <extensions>
          <ns3:TrackPointExtension>
            <ns3:hr>84</ns3:hr>
            <ns3:cad>53</ns3:cad>
          </ns3:TrackPointExtension>
        </extensions>
      </trkpt>
      <trkpt lat="42.455617301166057586669921875" lon="-6.12631333060562610626220703125">
        <ele>904.5999755859375</ele>
        <time>2025-10-06T07:31:59.000Z</time>
        <extensions>
          <ns3:TrackPointExtension>
            <ns3:hr>86</ns3:hr>
            <ns3:cad>55</ns3:cad>
          </ns3:TrackPointExtension>
        </extensions>
      </trkpt>
      <trkpt lat="42.4555742181837558746337890625" lon="-6.12646286375820636749267578125">
        <ele>904.5999755859375</ele>
        <time>2025-10-06T07:32:09.000Z</time>
        <extensions>
          <ns3:TrackPointExtension>
            <ns3:hr>85</ns3:hr>
            <ns3:cad>54</ns3:cad>
          </ns3:TrackPointExtension>
        </extensions>
      </trkpt>
      <trkpt lat="42.45555653236806392669677734375" lon="-6.12656344659626483917236328125">
        <ele>905.4000244140625</ele>
        <time>2025-10-06T07:32:16.000Z</time>
        <extensions>
          <ns3:TrackPointExtension>
            <ns3:hr>82</ns3:hr>
            <ns3:cad>54</ns3:cad>
          </ns3:TrackPointExtension>
        </extensions>
      </trkpt>
      <trkpt lat="42.4555534310638904571533203125" lon="-6.126595549285411834716796875">
        <ele>905.4000244140625</ele>
        <time>2025-10-06T07:32:18.000Z</time>
        <extensions>
          <ns3:TrackPointExtension>
            <ns3:hr>82</ns3:hr>
            <ns3:cad>54</ns3:cad>
          </ns3:TrackPointExtension>
        </extensions>
      </trkpt>
      <trkpt lat="42.45552451349794864654541015625" lon="-6.1267439089715480804443359375">
        <ele>905.20001220703125</ele>
        <time>2025-10-06T07:32:28.000Z</time>
        <extensions>
          <ns3:TrackPointExtension>
            <ns3:hr>82</ns3:hr>
            <ns3:cad>54</ns3:cad>
          </ns3:TrackPointExtension>
        </extensions>
      </trkpt>
      <trkpt lat="42.4555135332047939300537109375" lon="-6.12679101526737213134765625">
        <ele>905.4000244140625</ele>
        <time>2025-10-06T07:32:31.000Z</time>
        <extensions>
          <ns3:TrackPointExtension>
            <ns3:hr>83</ns3:hr>
            <ns3:cad>55</ns3:cad>
          </ns3:TrackPointExtension>
        </extensions>
      </trkpt>
      <trkpt lat="42.4554955959320068359375" lon="-6.1268736608326435089111328125">
        <ele>906</ele>
        <time>2025-10-06T07:32:36.000Z</time>
        <extensions>
          <ns3:TrackPointExtension>
            <ns3:hr>82</ns3:hr>
            <ns3:cad>54</ns3:cad>
          </ns3:TrackPointExtension>
        </extensions>
      </trkpt>
      <trkpt lat="42.45548243634402751922607421875" lon="-6.12692872993648052215576171875">
        <ele>906</ele>
        <time>2025-10-06T07:32:41.000Z</time>
        <extensions>
          <ns3:TrackPointExtension>
            <ns3:hr>85</ns3:hr>
            <ns3:cad>55</ns3:cad>
          </ns3:TrackPointExtension>
        </extensions>
      </trkpt>
      <trkpt lat="42.4554726295173168182373046875" lon="-6.1269832961261272430419921875">
        <ele>905.79998779296875</ele>
        <time>2025-10-06T07:32:45.000Z</time>
        <extensions>
          <ns3:TrackPointExtension>
            <ns3:hr>88</ns3:hr>
            <ns3:cad>54</ns3:cad>
          </ns3:TrackPointExtension>
        </extensions>
      </trkpt>
      <trkpt lat="42.45546718128025531768798828125" lon="-6.127014644443988800048828125">
        <ele>905.79998779296875</ele>
        <time>2025-10-06T07:32:47.000Z</time>
        <extensions>
          <ns3:TrackPointExtension>
            <ns3:hr>88</ns3:hr>
            <ns3:cad>55</ns3:cad>
          </ns3:TrackPointExtension>
        </extensions>
      </trkpt>
      <trkpt lat="42.4554488249123096466064453125" lon="-6.12712838687002658843994140625">
        <ele>906.4000244140625</ele>
        <time>2025-10-06T07:32:55.000Z</time>
        <extensions>
          <ns3:TrackPointExtension>
            <ns3:hr>89</ns3:hr>
            <ns3:cad>53</ns3:cad>
          </ns3:TrackPointExtension>
        </extensions>
      </trkpt>
      <trkpt lat="42.45544522069394588470458984375" lon="-6.127141378819942474365234375">
        <ele>906.4000244140625</ele>
        <time>2025-10-06T07:32:56.000Z</time>
        <extensions>
          <ns3:TrackPointExtension>
            <ns3:hr>89</ns3:hr>
            <ns3:cad>53</ns3:cad>
          </ns3:TrackPointExtension>
        </extensions>
      </trkpt>
      <trkpt lat="42.45543164201080799102783203125" lon="-6.12729166634380817413330078125">
        <ele>906.4000244140625</ele>
        <time>2025-10-06T07:33:07.000Z</time>
        <extensions>
          <ns3:TrackPointExtension>
            <ns3:hr>88</ns3:hr>
            <ns3:cad>53</ns3:cad>
          </ns3:TrackPointExtension>
        </extensions>
      </trkpt>
      <trkpt lat="42.45540951378643512725830078125" lon="-6.12750490196049213409423828125">
        <ele>906.79998779296875</ele>
        <time>2025-10-06T07:33:22.000Z</time>
        <extensions>
          <ns3:TrackPointExtension>
            <ns3:hr>87</ns3:hr>
            <ns3:cad>54</ns3:cad>
          </ns3:TrackPointExtension>
        </extensions>
      </trkpt>
      <trkpt lat="42.4553928337991237640380859375" lon="-6.1276411078870296478271484375">
        <ele>907</ele>
        <time>2025-10-06T07:33:32.000Z</time>
        <extensions>
          <ns3:TrackPointExtension>
            <ns3:hr>86</ns3:hr>
            <ns3:cad>53</ns3:cad>
          </ns3:TrackPointExtension>
        </extensions>
      </trkpt>
      <trkpt lat="42.45537263341248035430908203125" lon="-6.1277970112860202789306640625">
        <ele>907</ele>
        <time>2025-10-06T07:33:43.000Z</time>
        <extensions>
          <ns3:TrackPointExtension>
            <ns3:hr>85</ns3:hr>
            <ns3:cad>55</ns3:cad>
          </ns3:TrackPointExtension>
        </extensions>
      </trkpt>
      <trkpt lat="42.455363832414150238037109375" lon="-6.1279356479644775390625">
        <ele>907.20001220703125</ele>
        <time>2025-10-06T07:33:52.000Z</time>
        <extensions>
          <ns3:TrackPointExtension>
            <ns3:hr>85</ns3:hr>
            <ns3:cad>56</ns3:cad>
          </ns3:TrackPointExtension>
        </extensions>
      </trkpt>
      <trkpt lat="42.455344386398792266845703125" lon="-6.12804670818150043487548828125">
        <ele>907</ele>
        <time>2025-10-06T07:34:00.000Z</time>
        <extensions>
          <ns3:TrackPointExtension>
            <ns3:hr>86</ns3:hr>
            <ns3:cad>0</ns3:cad>
          </ns3:TrackPointExtension>
        </extensions>
      </trkpt>
      <trkpt lat="42.45532921515405178070068359375" lon="-6.12816522829234600067138671875">
        <ele>907.20001220703125</ele>
        <time>2025-10-06T07:34:07.000Z</time>
        <extensions>
          <ns3:TrackPointExtension>
            <ns3:hr>86</ns3:hr>
            <ns3:cad>56</ns3:cad>
          </ns3:TrackPointExtension>
        </extensions>
      </trkpt>
      <trkpt lat="42.45531949214637279510498046875" lon="-6.1282355524599552154541015625">
        <ele>907.4000244140625</ele>
        <time>2025-10-06T07:34:12.000Z</time>
        <extensions>
          <ns3:TrackPointExtension>
            <ns3:hr>84</ns3:hr>
            <ns3:cad>55</ns3:cad>
          </ns3:TrackPointExtension>
        </extensions>
      </trkpt>
      <trkpt lat="42.4553140439093112945556640625" lon="-6.12828274257481098175048828125">
        <ele>907.4000244140625</ele>
        <time>2025-10-06T07:34:15.000Z</time>
        <extensions>
          <ns3:TrackPointExtension>
            <ns3:hr>84</ns3:hr>
            <ns3:cad>56</ns3:cad>
          </ns3:TrackPointExtension>
        </extensions>
      </trkpt>
      <trkpt lat="42.45530775748193264007568359375" lon="-6.128410734236240386962890625">
        <ele>907.4000244140625</ele>
        <time>2025-10-06T07:34:23.000Z</time>
        <extensions>
          <ns3:TrackPointExtension>
            <ns3:hr>83</ns3:hr>
            <ns3:cad>55</ns3:cad>
          </ns3:TrackPointExtension>
        </extensions>
      </trkpt>
      <trkpt lat="42.4552892334759235382080078125" lon="-6.12856085412204265594482421875">
        <ele>907.79998779296875</ele>
        <time>2025-10-06T07:34:33.000Z</time>
        <extensions>
          <ns3:TrackPointExtension>
            <ns3:hr>82</ns3:hr>
            <ns3:cad>53</ns3:cad>
          </ns3:TrackPointExtension>
        </extensions>
      </trkpt>
      <trkpt lat="42.45526366867125034332275390625" lon="-6.12873494625091552734375">
        <ele>908.20001220703125</ele>
        <time>2025-10-06T07:34:44.000Z</time>
        <extensions>
          <ns3:TrackPointExtension>
            <ns3:hr>82</ns3:hr>
            <ns3:cad>55</ns3:cad>
          </ns3:TrackPointExtension>
        </extensions>
      </trkpt>
      <trkpt lat="42.45524673722684383392333984375" lon="-6.12889495678246021270751953125">
        <ele>908.4000244140625</ele>
        <time>2025-10-06T07:34:54.000Z</time>
        <extensions>
          <ns3:TrackPointExtension>
            <ns3:hr>82</ns3:hr>
            <ns3:cad>55</ns3:cad>
          </ns3:TrackPointExtension>
        </extensions>
      </trkpt>
      <trkpt lat="42.45524170808494091033935546875" lon="-6.12893904559314250946044921875">
        <ele>908.4000244140625</ele>
        <time>2025-10-06T07:34:57.000Z</time>
        <extensions>
          <ns3:TrackPointExtension>
            <ns3:hr>82</ns3:hr>
            <ns3:cad>55</ns3:cad>
          </ns3:TrackPointExtension>
        </extensions>
      </trkpt>
      <trkpt lat="42.4552313983440399169921875" lon="-6.1290482617914676666259765625">
        <ele>908.5999755859375</ele>
        <time>2025-10-06T07:35:04.000Z</time>
        <extensions>
          <ns3:TrackPointExtension>
            <ns3:hr>82</ns3:hr>
            <ns3:cad>55</ns3:cad>
          </ns3:TrackPointExtension>
        </extensions>
      </trkpt>
      <trkpt lat="42.45520985685288906097412109375" lon="-6.12922553904354572296142578125">
        <ele>908.5999755859375</ele>
        <time>2025-10-06T07:35:15.000Z</time>
        <extensions>
          <ns3:TrackPointExtension>
            <ns3:hr>80</ns3:hr>
            <ns3:cad>56</ns3:cad>
          </ns3:TrackPointExtension>
        </extensions>
      </trkpt>
      <trkpt lat="42.45519108138978481292724609375" lon="-6.1293610744178295135498046875">
        <ele>909.20001220703125</ele>
        <time>2025-10-06T07:35:25.000Z</time>
        <extensions>
          <ns3:TrackPointExtension>
            <ns3:hr>80</ns3:hr>
            <ns3:cad>0</ns3:cad>
          </ns3:TrackPointExtension>
        </extensions>
      </trkpt>
      <trkpt lat="42.4551782570779323577880859375" lon="-6.129470877349376678466796875">
        <ele>909</ele>
        <time>2025-10-06T07:35:32.000Z</time>
        <extensions>
          <ns3:TrackPointExtension>
            <ns3:hr>80</ns3:hr>
            <ns3:cad>53</ns3:cad>
          </ns3:TrackPointExtension>
        </extensions>
      </trkpt>
      <trkpt lat="42.45516291819512844085693359375" lon="-6.1295857094228267669677734375">
        <ele>909.20001220703125</ele>
        <time>2025-10-06T07:35:40.000Z</time>
        <extensions>
          <ns3:TrackPointExtension>
            <ns3:hr>80</ns3:hr>
            <ns3:cad>57</ns3:cad>
          </ns3:TrackPointExtension>
        </extensions>
      </trkpt>
      <trkpt lat="42.45514548383653163909912109375" lon="-6.12971504218876361846923828125">
        <ele>909.4000244140625</ele>
        <time>2025-10-06T07:35:48.000Z</time>
        <extensions>
          <ns3:TrackPointExtension>
            <ns3:hr>80</ns3:hr>
            <ns3:cad>57</ns3:cad>
          </ns3:TrackPointExtension>
        </extensions>
      </trkpt>
      <trkpt lat="42.45513911359012126922607421875" lon="-6.12974186427891254425048828125">
        <ele>909.4000244140625</ele>
        <time>2025-10-06T07:35:50.000Z</time>
        <extensions>
          <ns3:TrackPointExtension>
            <ns3:hr>81</ns3:hr>
            <ns3:cad>57</ns3:cad>
          </ns3:TrackPointExtension>
        </extensions>
      </trkpt>
      <trkpt lat="42.45512704364955425262451171875" lon="-6.129870526492595672607421875">
        <ele>909.5999755859375</ele>
        <time>2025-10-06T07:35:58.000Z</time>
        <extensions>
          <ns3:TrackPointExtension>
            <ns3:hr>81</ns3:hr>
            <ns3:cad>56</ns3:cad>
          </ns3:TrackPointExtension>
        </extensions>
      </trkpt>
      <trkpt lat="42.455115728080272674560546875" lon="-6.13002064637839794158935546875">
        <ele>909.79998779296875</ele>
        <time>2025-10-06T07:36:08.000Z</time>
        <extensions>
          <ns3:TrackPointExtension>
            <ns3:hr>83</ns3:hr>
            <ns3:cad>56</ns3:cad>
          </ns3:TrackPointExtension>
        </extensions>
      </trkpt>
      <trkpt lat="42.45509971864521503448486328125" lon="-6.130148805677890777587890625">
        <ele>910</ele>
        <time>2025-10-06T07:36:17.000Z</time>
        <extensions>
          <ns3:TrackPointExtension>
            <ns3:hr>83</ns3:hr>
            <ns3:cad>54</ns3:cad>
          </ns3:TrackPointExtension>
        </extensions>
      </trkpt>
      <trkpt lat="42.4550857208669185638427734375" lon="-6.13026640377938747406005859375">
        <ele>910.4000244140625</ele>
        <time>2025-10-06T07:36:25.000Z</time>
        <extensions>
          <ns3:TrackPointExtension>
            <ns3:hr>83</ns3:hr>
            <ns3:cad>55</ns3:cad>
          </ns3:TrackPointExtension>
        </extensions>
      </trkpt>
      <trkpt lat="42.45506971143186092376708984375" lon="-6.130373775959014892578125">
        <ele>910.4000244140625</ele>
        <time>2025-10-06T07:36:32.000Z</time>
        <extensions>
          <ns3:TrackPointExtension>
            <ns3:hr>83</ns3:hr>
            <ns3:cad>54</ns3:cad>
          </ns3:TrackPointExtension>
        </extensions>
      </trkpt>
      <trkpt lat="42.4550682865083217620849609375" lon="-6.1303880251944065093994140625">
        <ele>910.5999755859375</ele>
        <time>2025-10-06T07:36:33.000Z</time>
        <extensions>
          <ns3:TrackPointExtension>
            <ns3:hr>83</ns3:hr>
            <ns3:cad>54</ns3:cad>
          </ns3:TrackPointExtension>
        </extensions>
      </trkpt>
      <trkpt lat="42.45505328290164470672607421875" lon="-6.130521632730960845947265625">
        <ele>910.79998779296875</ele>
        <time>2025-10-06T07:36:42.000Z</time>
        <extensions>
          <ns3:TrackPointExtension>
            <ns3:hr>82</ns3:hr>
            <ns3:cad>55</ns3:cad>
          </ns3:TrackPointExtension>
        </extensions>
      </trkpt>
      <trkpt lat="42.45503492653369903564453125" lon="-6.130653060972690582275390625">
        <ele>911.20001220703125</ele>
        <time>2025-10-06T07:36:51.000Z</time>
        <extensions>
          <ns3:TrackPointExtension>
            <ns3:hr>83</ns3:hr>
            <ns3:cad>53</ns3:cad>
          </ns3:TrackPointExtension>
        </extensions>
      </trkpt>
      <trkpt lat="42.45501757599413394927978515625" lon="-6.1307987384498119354248046875">
        <ele>911.4000244140625</ele>
        <time>2025-10-06T07:37:01.000Z</time>
        <extensions>
          <ns3:TrackPointExtension>
            <ns3:hr>83</ns3:hr>
            <ns3:cad>53</ns3:cad>
          </ns3:TrackPointExtension>
        </extensions>
      </trkpt>
      <trkpt lat="42.4550163187086582183837890625" lon="-6.13081357441842555999755859375">
        <ele>911.5999755859375</ele>
        <time>2025-10-06T07:37:02.000Z</time>
        <extensions>
          <ns3:TrackPointExtension>
            <ns3:hr>82</ns3:hr>
            <ns3:cad>53</ns3:cad>
          </ns3:TrackPointExtension>
        </extensions>
      </trkpt>
      <trkpt lat="42.45500382967293262481689453125" lon="-6.1309392191469669342041015625">
        <ele>911.79998779296875</ele>
        <time>2025-10-06T07:37:11.000Z</time>
        <extensions>
          <ns3:TrackPointExtension>
            <ns3:hr>81</ns3:hr>
            <ns3:cad>52</ns3:cad>
          </ns3:TrackPointExtension>
        </extensions>
      </trkpt>
      <trkpt lat="42.4549868144094944000244140625" lon="-6.1310947872698307037353515625">
        <ele>912.20001220703125</ele>
        <time>2025-10-06T07:37:21.000Z</time>
        <extensions>
          <ns3:TrackPointExtension>
            <ns3:hr>82</ns3:hr>
            <ns3:cad>54</ns3:cad>
          </ns3:TrackPointExtension>
        </extensions>
      </trkpt>
      <trkpt lat="42.4549727328121662139892578125" lon="-6.131231747567653656005859375">
        <ele>912.4000244140625</ele>
        <time>2025-10-06T07:37:30.000Z</time>
        <extensions>
          <ns3:TrackPointExtension>
            <ns3:hr>84</ns3:hr>
            <ns3:cad>52</ns3:cad>
          </ns3:TrackPointExtension>
        </extensions>
      </trkpt>
      <trkpt lat="42.4549658596515655517578125" lon="-6.13130207173526287078857421875">
        <ele>912.5999755859375</ele>
        <time>2025-10-06T07:37:35.000Z</time>
        <extensions>
          <ns3:TrackPointExtension>
            <ns3:hr>84</ns3:hr>
            <ns3:cad>52</ns3:cad>
          </ns3:TrackPointExtension>
        </extensions>
      </trkpt>
      <trkpt lat="42.4549559690058231353759765625" lon="-6.1313579790294170379638671875">
        <ele>912.5999755859375</ele>
        <time>2025-10-06T07:37:39.000Z</time>
        <extensions>
          <ns3:TrackPointExtension>
            <ns3:hr>84</ns3:hr>
            <ns3:cad>52</ns3:cad>
          </ns3:TrackPointExtension>
        </extensions>
      </trkpt>
      <trkpt lat="42.4549408815801143646240234375" lon="-6.13149066455662250518798828125">
        <ele>913</ele>
        <time>2025-10-06T07:37:47.000Z</time>
        <extensions>
          <ns3:TrackPointExtension>
            <ns3:hr>83</ns3:hr>
            <ns3:cad>56</ns3:cad>
          </ns3:TrackPointExtension>
        </extensions>
      </trkpt>
      <trkpt lat="42.4549197591841220855712890625" lon="-6.13164874725043773651123046875">
        <ele>913.20001220703125</ele>
        <time>2025-10-06T07:37:57.000Z</time>
        <extensions>
          <ns3:TrackPointExtension>
            <ns3:hr>83</ns3:hr>
            <ns3:cad>55</ns3:cad>
          </ns3:TrackPointExtension>
        </extensions>
      </trkpt>
      <trkpt lat="42.45491481386125087738037109375" lon="-6.131694428622722625732421875">
        <ele>913.20001220703125</ele>
        <time>2025-10-06T07:38:00.000Z</time>
        <extensions>
          <ns3:TrackPointExtension>
            <ns3:hr>86</ns3:hr>
            <ns3:cad>54</ns3:cad>
          </ns3:TrackPointExtension>
        </extensions>
      </trkpt>
      <trkpt lat="42.45490207336843013763427734375" lon="-6.13177782855927944183349609375">
        <ele>913.5999755859375</ele>
        <time>2025-10-06T07:38:05.000Z</time>
        <extensions>
          <ns3:TrackPointExtension>
            <ns3:hr>89</ns3:hr>
            <ns3:cad>56</ns3:cad>
          </ns3:TrackPointExtension>
        </extensions>
      </trkpt>
      <trkpt lat="42.45489888824522495269775390625" lon="-6.13180012442171573638916015625">
        <ele>913.5999755859375</ele>
        <time>2025-10-06T07:38:06.000Z</time>
        <extensions>
          <ns3:TrackPointExtension>
            <ns3:hr>89</ns3:hr>
            <ns3:cad>56</ns3:cad>
          </ns3:TrackPointExtension>
        </extensions>
      </trkpt>
      <trkpt lat="42.45488061569631099700927734375" lon="-6.1320121027529239654541015625">
        <ele>914.20001220703125</ele>
        <time>2025-10-06T07:38:18.000Z</time>
        <extensions>
          <ns3:TrackPointExtension>
            <ns3:hr>90</ns3:hr>
            <ns3:cad>56</ns3:cad>
          </ns3:TrackPointExtension>
        </extensions>
      </trkpt>
      <trkpt lat="42.45487525127828121185302734375" lon="-6.13216792233288288116455078125">
        <ele>914.20001220703125</ele>
        <time>2025-10-06T07:38:28.000Z</time>
        <extensions>
          <ns3:TrackPointExtension>
            <ns3:hr>88</ns3:hr>
            <ns3:cad>56</ns3:cad>
          </ns3:TrackPointExtension>
        </extensions>
      </trkpt>
      <trkpt lat="42.4548781849443912506103515625" lon="-6.1322768032550811767578125">
        <ele>914.20001220703125</ele>
        <time>2025-10-06T07:38:34.000Z</time>
        <extensions>
          <ns3:TrackPointExtension>
            <ns3:hr>85</ns3:hr>
            <ns3:cad>56</ns3:cad>
          </ns3:TrackPointExtension>
        </extensions>
      </trkpt>
      <trkpt lat="42.45487743057310581207275390625" lon="-6.13231795839965343475341796875">
        <ele>914.4000244140625</ele>
        <time>2025-10-06T07:38:37.000Z</time>
        <extensions>
          <ns3:TrackPointExtension>
            <ns3:hr>84</ns3:hr>
            <ns3:cad>55</ns3:cad>
          </ns3:TrackPointExtension>
        </extensions>
      </trkpt>
      <trkpt lat="42.45487810112535953521728515625" lon="-6.132449805736541748046875">
        <ele>914.5999755859375</ele>
        <time>2025-10-06T07:38:45.000Z</time>
        <extensions>
          <ns3:TrackPointExtension>
            <ns3:hr>83</ns3:hr>
            <ns3:cad>57</ns3:cad>
          </ns3:TrackPointExtension>
        </extensions>
      </trkpt>
      <trkpt lat="42.4548858962953090667724609375" lon="-6.13262624479830265045166015625">
        <ele>915</ele>
        <time>2025-10-06T07:38:55.000Z</time>
        <extensions>
          <ns3:TrackPointExtension>
            <ns3:hr>85</ns3:hr>
            <ns3:cad>57</ns3:cad>
          </ns3:TrackPointExtension>
        </extensions>
      </trkpt>
      <trkpt lat="42.45488279499113559722900390625" lon="-6.1327758617699146270751953125">
        <ele>915.20001220703125</ele>
        <time>2025-10-06T07:39:04.000Z</time>
        <extensions>
          <ns3:TrackPointExtension>
            <ns3:hr>87</ns3:hr>
            <ns3:cad>0</ns3:cad>
          </ns3:TrackPointExtension>
        </extensions>
      </trkpt>
      <trkpt lat="42.45489905588328838348388671875" lon="-6.1329314298927783966064453125">
        <ele>915.5999755859375</ele>
        <time>2025-10-06T07:39:13.000Z</time>
        <extensions>
          <ns3:TrackPointExtension>
            <ns3:hr>88</ns3:hr>
            <ns3:cad>57</ns3:cad>
          </ns3:TrackPointExtension>
        </extensions>
      </trkpt>
      <trkpt lat="42.45489721186459064483642578125" lon="-6.132959425449371337890625">
        <ele>915.79998779296875</ele>
        <time>2025-10-06T07:39:15.000Z</time>
        <extensions>
          <ns3:TrackPointExtension>
            <ns3:hr>88</ns3:hr>
            <ns3:cad>57</ns3:cad>
          </ns3:TrackPointExtension>
        </extensions>
      </trkpt>
      <trkpt lat="42.4548966251313686370849609375" lon="-6.13310761749744415283203125">
        <ele>916.20001220703125</ele>
        <time>2025-10-06T07:39:23.000Z</time>
        <extensions>
          <ns3:TrackPointExtension>
            <ns3:hr>89</ns3:hr>
            <ns3:cad>57</ns3:cad>
          </ns3:TrackPointExtension>
        </extensions>
      </trkpt>
      <trkpt lat="42.45490391738712787628173828125" lon="-6.13323275931179523468017578125">
        <ele>916.5999755859375</ele>
        <time>2025-10-06T07:39:30.000Z</time>
        <extensions>
          <ns3:TrackPointExtension>
            <ns3:hr>90</ns3:hr>
            <ns3:cad>56</ns3:cad>
          </ns3:TrackPointExtension>
        </extensions>
      </trkpt>
      <trkpt lat="42.45490408502519130706787109375" lon="-6.13326930440962314605712890625">
        <ele>916.79998779296875</ele>
        <time>2025-10-06T07:39:32.000Z</time>
        <extensions>
          <ns3:TrackPointExtension>
            <ns3:hr>91</ns3:hr>
            <ns3:cad>56</ns3:cad>
          </ns3:TrackPointExtension>
        </extensions>
      </trkpt>
      <trkpt lat="42.454897128045558929443359375" lon="-6.1334403790533542633056640625">
        <ele>917.4000244140625</ele>
        <time>2025-10-06T07:39:42.000Z</time>
        <extensions>
          <ns3:TrackPointExtension>
            <ns3:hr>92</ns3:hr>
            <ns3:cad>57</ns3:cad>
          </ns3:TrackPointExtension>
        </extensions>
      </trkpt>
      <trkpt lat="42.45490081608295440673828125" lon="-6.13356761634349822998046875">
        <ele>917.79998779296875</ele>
        <time>2025-10-06T07:39:50.000Z</time>
        <extensions>
          <ns3:TrackPointExtension>
            <ns3:hr>92</ns3:hr>
            <ns3:cad>56</ns3:cad>
          </ns3:TrackPointExtension>
        </extensions>
      </trkpt>
      <trkpt lat="42.454901821911334991455078125" lon="-6.13360382616519927978515625">
        <ele>918</ele>
        <time>2025-10-06T07:39:52.000Z</time>
        <extensions>
          <ns3:TrackPointExtension>
            <ns3:hr>90</ns3:hr>
            <ns3:cad>56</ns3:cad>
          </ns3:TrackPointExtension>
        </extensions>
      </trkpt>
      <trkpt lat="42.45490760542452335357666015625" lon="-6.1337867192924022674560546875">
        <ele>918.4000244140625</ele>
        <time>2025-10-06T07:40:02.000Z</time>
        <extensions>
          <ns3:TrackPointExtension>
            <ns3:hr>88</ns3:hr>
            <ns3:cad>0</ns3:cad>
          </ns3:TrackPointExtension>
        </extensions>
      </trkpt>
      <trkpt lat="42.45490509085357189178466796875" lon="-6.13385821692645549774169921875">
        <ele>918.79998779296875</ele>
        <time>2025-10-06T07:40:06.000Z</time>
        <extensions>
          <ns3:TrackPointExtension>
            <ns3:hr>89</ns3:hr>
            <ns3:cad>0</ns3:cad>
          </ns3:TrackPointExtension>
        </extensions>
      </trkpt>
      <trkpt lat="42.45490341447293758392333984375" lon="-6.13392300903797149658203125">
        <ele>919</ele>
        <time>2025-10-06T07:40:10.000Z</time>
        <extensions>
          <ns3:TrackPointExtension>
            <ns3:hr>91</ns3:hr>
            <ns3:cad>0</ns3:cad>
          </ns3:TrackPointExtension>
        </extensions>
      </trkpt>
      <trkpt lat="42.45490877889096736907958984375" lon="-6.13409358076751232147216796875">
        <ele>919.4000244140625</ele>
        <time>2025-10-06T07:40:20.000Z</time>
        <extensions>
          <ns3:TrackPointExtension>
            <ns3:hr>92</ns3:hr>
            <ns3:cad>57</ns3:cad>
          </ns3:TrackPointExtension>
        </extensions>
      </trkpt>
      <trkpt lat="42.45491011999547481536865234375" lon="-6.134208999574184417724609375">
        <ele>919.5999755859375</ele>
        <time>2025-10-06T07:40:28.000Z</time>
        <extensions>
          <ns3:TrackPointExtension>
            <ns3:hr>91</ns3:hr>
            <ns3:cad>55</ns3:cad>
          </ns3:TrackPointExtension>
        </extensions>
      </trkpt>
      <trkpt lat="42.454908192157745361328125" lon="-6.1343674175441265106201171875">
        <ele>919.79998779296875</ele>
        <time>2025-10-06T07:40:37.000Z</time>
        <extensions>
          <ns3:TrackPointExtension>
            <ns3:hr>91</ns3:hr>
            <ns3:cad>57</ns3:cad>
          </ns3:TrackPointExtension>
        </extensions>
      </trkpt>
      <trkpt lat="42.4549122154712677001953125" lon="-6.13440454937517642974853515625">
        <ele>920</ele>
        <time>2025-10-06T07:40:39.000Z</time>
        <extensions>
          <ns3:TrackPointExtension>
            <ns3:hr>91</ns3:hr>
            <ns3:cad>56</ns3:cad>
          </ns3:TrackPointExtension>
        </extensions>
      </trkpt>
      <trkpt lat="42.45492235757410526275634765625" lon="-6.134540922939777374267578125">
        <ele>919.79998779296875</ele>
        <time>2025-10-06T07:40:47.000Z</time>
        <extensions>
          <ns3:TrackPointExtension>
            <ns3:hr>90</ns3:hr>
            <ns3:cad>57</ns3:cad>
          </ns3:TrackPointExtension>
        </extensions>
      </trkpt>
      <trkpt lat="42.45492168702185153961181640625" lon="-6.13467897288501262664794921875">
        <ele>920.20001220703125</ele>
        <time>2025-10-06T07:40:55.000Z</time>
        <extensions>
          <ns3:TrackPointExtension>
            <ns3:hr>91</ns3:hr>
            <ns3:cad>0</ns3:cad>
          </ns3:TrackPointExtension>
        </extensions>
      </trkpt>
      <trkpt lat="42.45489821769297122955322265625" lon="-6.1348284222185611724853515625">
        <ele>920.5999755859375</ele>
        <time>2025-10-06T07:41:04.000Z</time>
        <extensions>
          <ns3:TrackPointExtension>
            <ns3:hr>90</ns3:hr>
            <ns3:cad>55</ns3:cad>
          </ns3:TrackPointExtension>
        </extensions>
      </trkpt>
      <trkpt lat="42.4548947811126708984375" lon="-6.13500502891838550567626953125">
        <ele>920.79998779296875</ele>
        <time>2025-10-06T07:41:14.000Z</time>
        <extensions>
          <ns3:TrackPointExtension>
            <ns3:hr>90</ns3:hr>
            <ns3:cad>56</ns3:cad>
          </ns3:TrackPointExtension>
        </extensions>
      </trkpt>
      <trkpt lat="42.45490978471934795379638671875" lon="-6.13504844717681407928466796875">
        <ele>921</ele>
        <time>2025-10-06T07:41:17.000Z</time>
        <extensions>
          <ns3:TrackPointExtension>
            <ns3:hr>90</ns3:hr>
            <ns3:cad>56</ns3:cad>
          </ns3:TrackPointExtension>
        </extensions>
      </trkpt>
      <trkpt lat="42.454905845224857330322265625" lon="-6.13513293676078319549560546875">
        <ele>921.20001220703125</ele>
        <time>2025-10-06T07:41:22.000Z</time>
        <extensions>
          <ns3:TrackPointExtension>
            <ns3:hr>90</ns3:hr>
            <ns3:cad>55</ns3:cad>
          </ns3:TrackPointExtension>
        </extensions>
      </trkpt>
      <trkpt lat="42.45491011999547481536865234375" lon="-6.1352245509624481201171875">
        <ele>921</ele>
        <time>2025-10-06T07:41:29.000Z</time>
        <extensions>
          <ns3:TrackPointExtension>
            <ns3:hr>90</ns3:hr>
            <ns3:cad>53</ns3:cad>
          </ns3:TrackPointExtension>
        </extensions>
      </trkpt>
      <trkpt lat="42.454913221299648284912109375" lon="-6.13528825342655181884765625">
        <ele>921</ele>
        <time>2025-10-06T07:41:36.000Z</time>
        <extensions>
          <ns3:TrackPointExtension>
            <ns3:hr>90</ns3:hr>
            <ns3:cad>0</ns3:cad>
          </ns3:TrackPointExtension>
        </extensions>
      </trkpt>
      <trkpt lat="42.4549147300422191619873046875" lon="-6.13528079353272914886474609375">
        <ele>921.20001220703125</ele>
        <time>2025-10-06T07:41:41.000Z</time>
        <extensions>
          <ns3:TrackPointExtension>
            <ns3:hr>88</ns3:hr>
            <ns3:cad>0</ns3:cad>
          </ns3:TrackPointExtension>
        </extensions>
      </trkpt>
      <trkpt lat="42.45492763817310333251953125" lon="-6.135364361107349395751953125">
        <ele>920.5999755859375</ele>
        <time>2025-10-06T07:41:48.000Z</time>
        <extensions>
          <ns3:TrackPointExtension>
            <ns3:hr>86</ns3:hr>
            <ns3:cad>0</ns3:cad>
          </ns3:TrackPointExtension>
        </extensions>
      </trkpt>
      <trkpt lat="42.454952783882617950439453125" lon="-6.13555873744189739227294921875">
        <ele>921.79998779296875</ele>
        <time>2025-10-06T07:41:59.000Z</time>
        <extensions>
          <ns3:TrackPointExtension>
            <ns3:hr>88</ns3:hr>
            <ns3:cad>57</ns3:cad>
          </ns3:TrackPointExtension>
        </extensions>
      </trkpt>
      <trkpt lat="42.454970218241214752197265625" lon="-6.13566585816442966461181640625">
        <ele>922.20001220703125</ele>
        <time>2025-10-06T07:42:05.000Z</time>
        <extensions>
          <ns3:TrackPointExtension>
            <ns3:hr>88</ns3:hr>
            <ns3:cad>57</ns3:cad>
          </ns3:TrackPointExtension>
        </extensions>
      </trkpt>
      <trkpt lat="42.454969882965087890625" lon="-6.135717071592807769775390625">
        <ele>922.4000244140625</ele>
        <time>2025-10-06T07:42:08.000Z</time>
        <extensions>
          <ns3:TrackPointExtension>
            <ns3:hr>88</ns3:hr>
            <ns3:cad>55</ns3:cad>
          </ns3:TrackPointExtension>
        </extensions>
      </trkpt>
      <trkpt lat="42.45497097261250019073486328125" lon="-6.13587163388729095458984375">
        <ele>923.20001220703125</ele>
        <time>2025-10-06T07:42:17.000Z</time>
        <extensions>
          <ns3:TrackPointExtension>
            <ns3:hr>90</ns3:hr>
            <ns3:cad>55</ns3:cad>
          </ns3:TrackPointExtension>
        </extensions>
      </trkpt>
      <trkpt lat="42.45496963150799274444580078125" lon="-6.13599258475005626678466796875">
        <ele>924</ele>
        <time>2025-10-06T07:42:24.000Z</time>
        <extensions>
          <ns3:TrackPointExtension>
            <ns3:hr>93</ns3:hr>
            <ns3:cad>56</ns3:cad>
          </ns3:TrackPointExtension>
        </extensions>
      </trkpt>
      <trkpt lat="42.45497063733637332916259765625" lon="-6.13600901328027248382568359375">
        <ele>924.20001220703125</ele>
        <time>2025-10-06T07:42:25.000Z</time>
        <extensions>
          <ns3:TrackPointExtension>
            <ns3:hr>93</ns3:hr>
            <ns3:cad>56</ns3:cad>
          </ns3:TrackPointExtension>
        </extensions>
      </trkpt>
      <trkpt lat="42.45497097261250019073486328125" lon="-6.1360253579914569854736328125">
        <ele>924.20001220703125</ele>
        <time>2025-10-06T07:42:26.000Z</time>
        <extensions>
          <ns3:TrackPointExtension>
            <ns3:hr>93</ns3:hr>
            <ns3:cad>56</ns3:cad>
          </ns3:TrackPointExtension>
        </extensions>
      </trkpt>
      <trkpt lat="42.45496812276542186737060546875" lon="-6.13614882342517375946044921875">
        <ele>925</ele>
        <time>2025-10-06T07:42:33.000Z</time>
        <extensions>
          <ns3:TrackPointExtension>
            <ns3:hr>95</ns3:hr>
            <ns3:cad>55</ns3:cad>
          </ns3:TrackPointExtension>
        </extensions>
      </trkpt>
      <trkpt lat="42.4549673683941364288330078125" lon="-6.13626751117408275604248046875">
        <ele>925.4000244140625</ele>
        <time>2025-10-06T07:42:40.000Z</time>
        <extensions>
          <ns3:TrackPointExtension>
            <ns3:hr>97</ns3:hr>
            <ns3:cad>55</ns3:cad>
          </ns3:TrackPointExtension>
        </extensions>
      </trkpt>
      <trkpt lat="42.45497097261250019073486328125" lon="-6.1363649927079677581787109375">
        <ele>925.5999755859375</ele>
        <time>2025-10-06T07:42:45.000Z</time>
        <extensions>
          <ns3:TrackPointExtension>
            <ns3:hr>98</ns3:hr>
            <ns3:cad>0</ns3:cad>
          </ns3:TrackPointExtension>
        </extensions>
      </trkpt>
      <trkpt lat="42.45497181080281734466552734375" lon="-6.1365058086812496185302734375">
        <ele>926.20001220703125</ele>
        <time>2025-10-06T07:42:53.000Z</time>
        <extensions>
          <ns3:TrackPointExtension>
            <ns3:hr>97</ns3:hr>
            <ns3:cad>56</ns3:cad>
          </ns3:TrackPointExtension>
        </extensions>
      </trkpt>
      <trkpt lat="42.4549712240695953369140625" lon="-6.136548556387424468994140625">
        <ele>926.4000244140625</ele>
        <time>2025-10-06T07:42:56.000Z</time>
        <extensions>
          <ns3:TrackPointExtension>
            <ns3:hr>96</ns3:hr>
            <ns3:cad>56</ns3:cad>
          </ns3:TrackPointExtension>
        </extensions>
      </trkpt>
      <trkpt lat="42.45497600175440311431884765625" lon="-6.13665123470127582550048828125">
        <ele>926.79998779296875</ele>
        <time>2025-10-06T07:43:02.000Z</time>
        <extensions>
          <ns3:TrackPointExtension>
            <ns3:hr>97</ns3:hr>
            <ns3:cad>0</ns3:cad>
          </ns3:TrackPointExtension>
        </extensions>
      </trkpt>
      <trkpt lat="42.45495789684355258941650390625" lon="-6.13677813671529293060302734375">
        <ele>927.20001220703125</ele>
        <time>2025-10-06T07:43:10.000Z</time>
        <extensions>
          <ns3:TrackPointExtension>
            <ns3:hr>98</ns3:hr>
            <ns3:cad>56</ns3:cad>
          </ns3:TrackPointExtension>
        </extensions>
      </trkpt>
      <trkpt lat="42.454958148300647735595703125" lon="-6.13683613948523998260498046875">
        <ele>927.4000244140625</ele>
        <time>2025-10-06T07:43:13.000Z</time>
        <extensions>
          <ns3:TrackPointExtension>
            <ns3:hr>97</ns3:hr>
            <ns3:cad>56</ns3:cad>
          </ns3:TrackPointExtension>
        </extensions>
      </trkpt>
      <trkpt lat="42.45495756156742572784423828125" lon="-6.13691140897572040557861328125">
        <ele>927.5999755859375</ele>
        <time>2025-10-06T07:43:18.000Z</time>
        <extensions>
          <ns3:TrackPointExtension>
            <ns3:hr>98</ns3:hr>
            <ns3:cad>55</ns3:cad>
          </ns3:TrackPointExtension>
        </extensions>
      </trkpt>
      <trkpt lat="42.45496644638478755950927734375" lon="-6.13705272786319255828857421875">
        <ele>927.79998779296875</ele>
        <time>2025-10-06T07:43:27.000Z</time>
        <extensions>
          <ns3:TrackPointExtension>
            <ns3:hr>96</ns3:hr>
            <ns3:cad>0</ns3:cad>
          </ns3:TrackPointExtension>
        </extensions>
      </trkpt>
      <trkpt lat="42.4549765884876251220703125" lon="-6.13721768371760845184326171875">
        <ele>928.4000244140625</ele>
        <time>2025-10-06T07:43:37.000Z</time>
        <extensions>
          <ns3:TrackPointExtension>
            <ns3:hr>97</ns3:hr>
            <ns3:cad>56</ns3:cad>
          </ns3:TrackPointExtension>
        </extensions>
      </trkpt>
      <trkpt lat="42.454977594316005706787109375" lon="-6.13723662681877613067626953125">
        <ele>928.4000244140625</ele>
        <time>2025-10-06T07:43:38.000Z</time>
        <extensions>
          <ns3:TrackPointExtension>
            <ns3:hr>96</ns3:hr>
            <ns3:cad>55</ns3:cad>
          </ns3:TrackPointExtension>
        </extensions>
      </trkpt>
      <trkpt lat="42.45498103089630603790283203125" lon="-6.137352548539638519287109375">
        <ele>928.5999755859375</ele>
        <time>2025-10-06T07:43:45.000Z</time>
        <extensions>
          <ns3:TrackPointExtension>
            <ns3:hr>96</ns3:hr>
            <ns3:cad>57</ns3:cad>
          </ns3:TrackPointExtension>
        </extensions>
      </trkpt>
      <trkpt lat="42.4549734033644199371337890625" lon="-6.13750820048153400421142578125">
        <ele>928.79998779296875</ele>
        <time>2025-10-06T07:43:54.000Z</time>
        <extensions>
          <ns3:TrackPointExtension>
            <ns3:hr>95</ns3:hr>
            <ns3:cad>0</ns3:cad>
          </ns3:TrackPointExtension>
        </extensions>
      </trkpt>
      <trkpt lat="42.45498103089630603790283203125" lon="-6.13767181523144245147705078125">
        <ele>929.20001220703125</ele>
        <time>2025-10-06T07:44:03.000Z</time>
        <extensions>
          <ns3:TrackPointExtension>
            <ns3:hr>95</ns3:hr>
            <ns3:cad>59</ns3:cad>
          </ns3:TrackPointExtension>
        </extensions>
      </trkpt>
      <trkpt lat="42.45498170144855976104736328125" lon="-6.1377728171646595001220703125">
        <ele>929.4000244140625</ele>
        <time>2025-10-06T07:44:09.000Z</time>
        <extensions>
          <ns3:TrackPointExtension>
            <ns3:hr>96</ns3:hr>
            <ns3:cad>57</ns3:cad>
          </ns3:TrackPointExtension>
        </extensions>
      </trkpt>
      <trkpt lat="42.45498086325824260711669921875" lon="-6.13779008388519287109375">
        <ele>929.4000244140625</ele>
        <time>2025-10-06T07:44:10.000Z</time>
        <extensions>
          <ns3:TrackPointExtension>
            <ns3:hr>96</ns3:hr>
            <ns3:cad>57</ns3:cad>
          </ns3:TrackPointExtension>
        </extensions>
      </trkpt>
      <trkpt lat="42.4549814499914646148681640625" lon="-6.13794364035129547119140625">
        <ele>929.79998779296875</ele>
        <time>2025-10-06T07:44:19.000Z</time>
        <extensions>
          <ns3:TrackPointExtension>
            <ns3:hr>95</ns3:hr>
            <ns3:cad>57</ns3:cad>
          </ns3:TrackPointExtension>
        </extensions>
      </trkpt>
      <trkpt lat="42.4549777619540691375732421875" lon="-6.13808403722941875457763671875">
        <ele>929.79998779296875</ele>
        <time>2025-10-06T07:44:28.000Z</time>
        <extensions>
          <ns3:TrackPointExtension>
            <ns3:hr>94</ns3:hr>
            <ns3:cad>57</ns3:cad>
          </ns3:TrackPointExtension>
        </extensions>
      </trkpt>
      <trkpt lat="42.45497566647827625274658203125" lon="-6.1383022181689739227294921875">
        <ele>929.79998779296875</ele>
        <time>2025-10-06T07:44:40.000Z</time>
        <extensions>
          <ns3:TrackPointExtension>
            <ns3:hr>94</ns3:hr>
            <ns3:cad>57</ns3:cad>
          </ns3:TrackPointExtension>
        </extensions>
      </trkpt>
      <trkpt lat="42.45497994124889373779296875" lon="-6.138489134609699249267578125">
        <ele>930</ele>
        <time>2025-10-06T07:44:51.000Z</time>
        <extensions>
          <ns3:TrackPointExtension>
            <ns3:hr>93</ns3:hr>
            <ns3:cad>57</ns3:cad>
          </ns3:TrackPointExtension>
        </extensions>
      </trkpt>
      <trkpt lat="42.45498002506792545318603515625" lon="-6.1386562697589397430419921875">
        <ele>930.4000244140625</ele>
        <time>2025-10-06T07:45:01.000Z</time>
        <extensions>
          <ns3:TrackPointExtension>
            <ns3:hr>90</ns3:hr>
            <ns3:cad>57</ns3:cad>
          </ns3:TrackPointExtension>
        </extensions>
      </trkpt>
      <trkpt lat="42.454988323152065277099609375" lon="-6.1387109197676181793212890625">
        <ele>930.4000244140625</ele>
        <time>2025-10-06T07:45:04.000Z</time>
        <extensions>
          <ns3:TrackPointExtension>
            <ns3:hr>90</ns3:hr>
            <ns3:cad>56</ns3:cad>
          </ns3:TrackPointExtension>
        </extensions>
      </trkpt>
      <trkpt lat="42.4549951963126659393310546875" lon="-6.13880169577896595001220703125">
        <ele>930.5999755859375</ele>
        <time>2025-10-06T07:45:09.000Z</time>
        <extensions>
          <ns3:TrackPointExtension>
            <ns3:hr>90</ns3:hr>
            <ns3:cad>57</ns3:cad>
          </ns3:TrackPointExtension>
        </extensions>
      </trkpt>
      <trkpt lat="42.4549873173236846923828125" lon="-6.13892256282269954681396484375">
        <ele>930.79998779296875</ele>
        <time>2025-10-06T07:45:17.000Z</time>
        <extensions>
          <ns3:TrackPointExtension>
            <ns3:hr>89</ns3:hr>
            <ns3:cad>57</ns3:cad>
          </ns3:TrackPointExtension>
        </extensions>
      </trkpt>
      <trkpt lat="42.454997040331363677978515625" lon="-6.139058433473110198974609375">
        <ele>931</ele>
        <time>2025-10-06T07:45:25.000Z</time>
        <extensions>
          <ns3:TrackPointExtension>
            <ns3:hr>88</ns3:hr>
            <ns3:cad>56</ns3:cad>
          </ns3:TrackPointExtension>
        </extensions>
      </trkpt>
      <trkpt lat="42.4549925141036510467529296875" lon="-6.13923738710582256317138671875">
        <ele>931.20001220703125</ele>
        <time>2025-10-06T07:45:35.000Z</time>
        <extensions>
          <ns3:TrackPointExtension>
            <ns3:hr>87</ns3:hr>
            <ns3:cad>57</ns3:cad>
          </ns3:TrackPointExtension>
        </extensions>
      </trkpt>
      <trkpt lat="42.45499159209430217742919921875" lon="-6.1394066177308559417724609375">
        <ele>931.4000244140625</ele>
        <time>2025-10-06T07:45:45.000Z</time>
        <extensions>
          <ns3:TrackPointExtension>
            <ns3:hr>86</ns3:hr>
            <ns3:cad>57</ns3:cad>
          </ns3:TrackPointExtension>
        </extensions>
      </trkpt>
      <trkpt lat="42.45499427430331707000732421875" lon="-6.13951248116791248321533203125">
        <ele>931.4000244140625</ele>
        <time>2025-10-06T07:45:51.000Z</time>
        <extensions>
          <ns3:TrackPointExtension>
            <ns3:hr>85</ns3:hr>
            <ns3:cad>58</ns3:cad>
          </ns3:TrackPointExtension>
        </extensions>
      </trkpt>
      <trkpt lat="42.455003075301647186279296875" lon="-6.139575429260730743408203125">
        <ele>931.5999755859375</ele>
        <time>2025-10-06T07:45:55.000Z</time>
        <extensions>
          <ns3:TrackPointExtension>
            <ns3:hr>84</ns3:hr>
            <ns3:cad>58</ns3:cad>
          </ns3:TrackPointExtension>
        </extensions>
      </trkpt>
      <trkpt lat="42.454994022846221923828125" lon="-6.13977600820362567901611328125">
        <ele>931.79998779296875</ele>
        <time>2025-10-06T07:46:07.000Z</time>
        <extensions>
          <ns3:TrackPointExtension>
            <ns3:hr>83</ns3:hr>
            <ns3:cad>57</ns3:cad>
          </ns3:TrackPointExtension>
        </extensions>
      </trkpt>
      <trkpt lat="42.45500165037810802459716796875" lon="-6.13997248001396656036376953125">
        <ele>932</ele>
        <time>2025-10-06T07:46:19.000Z</time>
        <extensions>
          <ns3:TrackPointExtension>
            <ns3:hr>84</ns3:hr>
            <ns3:cad>57</ns3:cad>
          </ns3:TrackPointExtension>
        </extensions>
      </trkpt>
      <trkpt lat="42.454994022846221923828125" lon="-6.140143387019634246826171875">
        <ele>932.4000244140625</ele>
        <time>2025-10-06T07:46:29.000Z</time>
        <extensions>
          <ns3:TrackPointExtension>
            <ns3:hr>82</ns3:hr>
            <ns3:cad>57</ns3:cad>
          </ns3:TrackPointExtension>
        </extensions>
      </trkpt>
      <trkpt lat="42.4550062604248523712158203125" lon="-6.14028361625969409942626953125">
        <ele>932.5999755859375</ele>
        <time>2025-10-06T07:46:37.000Z</time>
        <extensions>
          <ns3:TrackPointExtension>
            <ns3:hr>83</ns3:hr>
            <ns3:cad>57</ns3:cad>
          </ns3:TrackPointExtension>
        </extensions>
      </trkpt>
      <trkpt lat="42.4550106190145015716552734375" lon="-6.14034044556319713592529296875">
        <ele>932.79998779296875</ele>
        <time>2025-10-06T07:46:40.000Z</time>
        <extensions>
          <ns3:TrackPointExtension>
            <ns3:hr>85</ns3:hr>
            <ns3:cad>56</ns3:cad>
          </ns3:TrackPointExtension>
        </extensions>
      </trkpt>
      <trkpt lat="42.455007769167423248291015625" lon="-6.14050070755183696746826171875">
        <ele>933</ele>
        <time>2025-10-06T07:46:50.000Z</time>
        <extensions>
          <ns3:TrackPointExtension>
            <ns3:hr>87</ns3:hr>
            <ns3:cad>113</ns3:cad>
          </ns3:TrackPointExtension>
        </extensions>
      </trkpt>
      <trkpt lat="42.4550146423280239105224609375" lon="-6.1406211555004119873046875">
        <ele>933.4000244140625</ele>
        <time>2025-10-06T07:46:57.000Z</time>
        <extensions>
          <ns3:TrackPointExtension>
            <ns3:hr>87</ns3:hr>
            <ns3:cad>0</ns3:cad>
          </ns3:TrackPointExtension>
        </extensions>
      </trkpt>
      <trkpt lat="42.45500885881483554840087890625" lon="-6.14069885574281215667724609375">
        <ele>933.5999755859375</ele>
        <time>2025-10-06T07:47:02.000Z</time>
        <extensions>
          <ns3:TrackPointExtension>
            <ns3:hr>87</ns3:hr>
            <ns3:cad>56</ns3:cad>
          </ns3:TrackPointExtension>
        </extensions>
      </trkpt>
      <trkpt lat="42.45501003228127956390380859375" lon="-6.1407728679478168487548828125">
        <ele>933.79998779296875</ele>
        <time>2025-10-06T07:47:07.000Z</time>
        <extensions>
          <ns3:TrackPointExtension>
            <ns3:hr>88</ns3:hr>
            <ns3:cad>57</ns3:cad>
          </ns3:TrackPointExtension>
        </extensions>
      </trkpt>
      <trkpt lat="42.45500676333904266357421875" lon="-6.14090588875114917755126953125">
        <ele>934.20001220703125</ele>
        <time>2025-10-06T07:47:15.000Z</time>
        <extensions>
          <ns3:TrackPointExtension>
            <ns3:hr>88</ns3:hr>
            <ns3:cad>55</ns3:cad>
          </ns3:TrackPointExtension>
        </extensions>
      </trkpt>
      <trkpt lat="42.455010116100311279296875" lon="-6.141062043607234954833984375">
        <ele>934.5999755859375</ele>
        <time>2025-10-06T07:47:24.000Z</time>
        <extensions>
          <ns3:TrackPointExtension>
            <ns3:hr>89</ns3:hr>
            <ns3:cad>0</ns3:cad>
          </ns3:TrackPointExtension>
        </extensions>
      </trkpt>
      <trkpt lat="42.45501187629997730255126953125" lon="-6.14109012298285961151123046875">
        <ele>934.5999755859375</ele>
        <time>2025-10-06T07:47:26.000Z</time>
        <extensions>
          <ns3:TrackPointExtension>
            <ns3:hr>89</ns3:hr>
            <ns3:cad>0</ns3:cad>
          </ns3:TrackPointExtension>
        </extensions>
      </trkpt>
      <trkpt lat="42.45501154102385044097900390625" lon="-6.1411983333528041839599609375">
        <ele>935.20001220703125</ele>
        <time>2025-10-06T07:47:32.000Z</time>
        <extensions>
          <ns3:TrackPointExtension>
            <ns3:hr>89</ns3:hr>
            <ns3:cad>55</ns3:cad>
          </ns3:TrackPointExtension>
        </extensions>
      </trkpt>
      <trkpt lat="42.4550099484622478485107421875" lon="-6.141324900090694427490234375">
        <ele>935.4000244140625</ele>
        <time>2025-10-06T07:47:40.000Z</time>
        <extensions>
          <ns3:TrackPointExtension>
            <ns3:hr>88</ns3:hr>
            <ns3:cad>54</ns3:cad>
          </ns3:TrackPointExtension>
        </extensions>
      </trkpt>
      <trkpt lat="42.45501522906124591827392578125" lon="-6.1414548195898532867431640625">
        <ele>935.5999755859375</ele>
        <time>2025-10-06T07:47:48.000Z</time>
        <extensions>
          <ns3:TrackPointExtension>
            <ns3:hr>88</ns3:hr>
            <ns3:cad>54</ns3:cad>
          </ns3:TrackPointExtension>
        </extensions>
      </trkpt>
      <trkpt lat="42.45501355268061161041259765625" lon="-6.141617260873317718505859375">
        <ele>936</ele>
        <time>2025-10-06T07:47:58.000Z</time>
        <extensions>
          <ns3:TrackPointExtension>
            <ns3:hr>89</ns3:hr>
            <ns3:cad>55</ns3:cad>
          </ns3:TrackPointExtension>
        </extensions>
      </trkpt>
      <trkpt lat="42.4550096131861209869384765625" lon="-6.141775511205196380615234375">
        <ele>936.20001220703125</ele>
        <time>2025-10-06T07:48:07.000Z</time>
        <extensions>
          <ns3:TrackPointExtension>
            <ns3:hr>88</ns3:hr>
            <ns3:cad>54</ns3:cad>
          </ns3:TrackPointExtension>
        </extensions>
      </trkpt>
      <trkpt lat="42.45500944554805755615234375" lon="-6.14190551452338695526123046875">
        <ele>936.5999755859375</ele>
        <time>2025-10-06T07:48:16.000Z</time>
        <extensions>
          <ns3:TrackPointExtension>
            <ns3:hr>87</ns3:hr>
            <ns3:cad>56</ns3:cad>
          </ns3:TrackPointExtension>
        </extensions>
      </trkpt>
      <trkpt lat="42.4550096131861209869384765625" lon="-6.14198950119316577911376953125">
        <ele>936.79998779296875</ele>
        <time>2025-10-06T07:48:21.000Z</time>
        <extensions>
          <ns3:TrackPointExtension>
            <ns3:hr>86</ns3:hr>
            <ns3:cad>56</ns3:cad>
          </ns3:TrackPointExtension>
        </extensions>
      </trkpt>
      <trkpt lat="42.45501271449029445648193359375" lon="-6.1420402117073535919189453125">
        <ele>936.79998779296875</ele>
        <time>2025-10-06T07:48:24.000Z</time>
        <extensions>
          <ns3:TrackPointExtension>
            <ns3:hr>84</ns3:hr>
            <ns3:cad>55</ns3:cad>
          </ns3:TrackPointExtension>
        </extensions>
      </trkpt>
      <trkpt lat="42.4550086073577404022216796875" lon="-6.14214372821152210235595703125">
        <ele>937</ele>
        <time>2025-10-06T07:48:30.000Z</time>
        <extensions>
          <ns3:TrackPointExtension>
            <ns3:hr>81</ns3:hr>
            <ns3:cad>55</ns3:cad>
          </ns3:TrackPointExtension>
        </extensions>
      </trkpt>
      <trkpt lat="42.45501346886157989501953125" lon="-6.14222134463489055633544921875">
        <ele>937.4000244140625</ele>
        <time>2025-10-06T07:48:35.000Z</time>
        <extensions>
          <ns3:TrackPointExtension>
            <ns3:hr>82</ns3:hr>
            <ns3:cad>55</ns3:cad>
          </ns3:TrackPointExtension>
        </extensions>
      </trkpt>
      <trkpt lat="42.4550034105777740478515625" lon="-6.1424048244953155517578125">
        <ele>937.4000244140625</ele>
        <time>2025-10-06T07:48:45.000Z</time>
        <extensions>
          <ns3:TrackPointExtension>
            <ns3:hr>84</ns3:hr>
            <ns3:cad>56</ns3:cad>
          </ns3:TrackPointExtension>
        </extensions>
      </trkpt>
      <trkpt lat="42.45499963872134685516357421875" lon="-6.14249610342085361480712890625">
        <ele>937.5999755859375</ele>
        <time>2025-10-06T07:48:51.000Z</time>
        <extensions>
          <ns3:TrackPointExtension>
            <ns3:hr>83</ns3:hr>
            <ns3:cad>55</ns3:cad>
          </ns3:TrackPointExtension>
        </extensions>
      </trkpt>
      <trkpt lat="42.45499259792268276214599609375" lon="-6.14253600127995014190673828125">
        <ele>937.79998779296875</ele>
        <time>2025-10-06T07:48:54.000Z</time>
        <extensions>
          <ns3:TrackPointExtension>
            <ns3:hr>84</ns3:hr>
            <ns3:cad>54</ns3:cad>
          </ns3:TrackPointExtension>
        </extensions>
      </trkpt>
      <trkpt lat="42.45498639531433582305908203125" lon="-6.14263750612735748291015625">
        <ele>938</ele>
        <time>2025-10-06T07:49:00.000Z</time>
        <extensions>
          <ns3:TrackPointExtension>
            <ns3:hr>84</ns3:hr>
            <ns3:cad>56</ns3:cad>
          </ns3:TrackPointExtension>
        </extensions>
      </trkpt>
      <trkpt lat="42.454984970390796661376953125" lon="-6.14267732016742229461669921875">
        <ele>938</ele>
        <time>2025-10-06T07:49:02.000Z</time>
        <extensions>
          <ns3:TrackPointExtension>
            <ns3:hr>87</ns3:hr>
            <ns3:cad>56</ns3:cad>
          </ns3:TrackPointExtension>
        </extensions>
      </trkpt>
      <trkpt lat="42.454984299838542938232421875" lon="-6.142784021794795989990234375">
        <ele>938.20001220703125</ele>
        <time>2025-10-06T07:49:09.000Z</time>
        <extensions>
          <ns3:TrackPointExtension>
            <ns3:hr>88</ns3:hr>
            <ns3:cad>55</ns3:cad>
          </ns3:TrackPointExtension>
        </extensions>
      </trkpt>
      <trkpt lat="42.45497231371700763702392578125" lon="-6.14294839091598987579345703125">
        <ele>938.4000244140625</ele>
        <time>2025-10-06T07:49:18.000Z</time>
        <extensions>
          <ns3:TrackPointExtension>
            <ns3:hr>87</ns3:hr>
            <ns3:cad>0</ns3:cad>
          </ns3:TrackPointExtension>
        </extensions>
      </trkpt>
      <trkpt lat="42.454952783882617950439453125" lon="-6.1430567689239978790283203125">
        <ele>938.5999755859375</ele>
        <time>2025-10-06T07:49:25.000Z</time>
        <extensions>
          <ns3:TrackPointExtension>
            <ns3:hr>88</ns3:hr>
            <ns3:cad>56</ns3:cad>
          </ns3:TrackPointExtension>
        </extensions>
      </trkpt>
      <trkpt lat="42.454956471920013427734375" lon="-6.14319096319377422332763671875">
        <ele>938.5999755859375</ele>
        <time>2025-10-06T07:49:33.000Z</time>
        <extensions>
          <ns3:TrackPointExtension>
            <ns3:hr>88</ns3:hr>
            <ns3:cad>56</ns3:cad>
          </ns3:TrackPointExtension>
        </extensions>
      </trkpt>
      <trkpt lat="42.454954124987125396728515625" lon="-6.143216192722320556640625">
        <ele>938.79998779296875</ele>
        <time>2025-10-06T07:49:35.000Z</time>
        <extensions>
          <ns3:TrackPointExtension>
            <ns3:hr>87</ns3:hr>
            <ns3:cad>56</ns3:cad>
          </ns3:TrackPointExtension>
        </extensions>
      </trkpt>
      <trkpt lat="42.454944066703319549560546875" lon="-6.1433135904371738433837890625">
        <ele>938.79998779296875</ele>
        <time>2025-10-06T07:49:41.000Z</time>
        <extensions>
          <ns3:TrackPointExtension>
            <ns3:hr>88</ns3:hr>
            <ns3:cad>55</ns3:cad>
          </ns3:TrackPointExtension>
        </extensions>
      </trkpt>
      <trkpt lat="42.45493442751467227935791015625" lon="-6.1434694938361644744873046875">
        <ele>938.5999755859375</ele>
        <time>2025-10-06T07:49:50.000Z</time>
        <extensions>
          <ns3:TrackPointExtension>
            <ns3:hr>87</ns3:hr>
            <ns3:cad>57</ns3:cad>
          </ns3:TrackPointExtension>
        </extensions>
      </trkpt>
      <trkpt lat="42.4549174122512340545654296875" lon="-6.1436364613473415374755859375">
        <ele>938.79998779296875</ele>
        <time>2025-10-06T07:50:00.000Z</time>
        <extensions>
          <ns3:TrackPointExtension>
            <ns3:hr>87</ns3:hr>
            <ns3:cad>57</ns3:cad>
          </ns3:TrackPointExtension>
        </extensions>
      </trkpt>
      <trkpt lat="42.454909197986125946044921875" lon="-6.14380049519240856170654296875">
        <ele>938.5999755859375</ele>
        <time>2025-10-06T07:50:10.000Z</time>
        <extensions>
          <ns3:TrackPointExtension>
            <ns3:hr>88</ns3:hr>
            <ns3:cad>56</ns3:cad>
          </ns3:TrackPointExtension>
        </extensions>
      </trkpt>
      <trkpt lat="42.4548969604074954986572265625" lon="-6.14388716407120227813720703125">
        <ele>938.79998779296875</ele>
        <time>2025-10-06T07:50:15.000Z</time>
        <extensions>
          <ns3:TrackPointExtension>
            <ns3:hr>91</ns3:hr>
            <ns3:cad>56</ns3:cad>
          </ns3:TrackPointExtension>
        </extensions>
      </trkpt>
      <trkpt lat="42.45489201508462429046630859375" lon="-6.1439390480518341064453125">
        <ele>938.79998779296875</ele>
        <time>2025-10-06T07:50:18.000Z</time>
        <extensions>
          <ns3:TrackPointExtension>
            <ns3:hr>91</ns3:hr>
            <ns3:cad>57</ns3:cad>
          </ns3:TrackPointExtension>
        </extensions>
      </trkpt>
      <trkpt lat="42.454889081418514251708984375" lon="-6.1440337635576725006103515625">
        <ele>938.79998779296875</ele>
        <time>2025-10-06T07:50:23.000Z</time>
        <extensions>
          <ns3:TrackPointExtension>
            <ns3:hr>87</ns3:hr>
            <ns3:cad>57</ns3:cad>
          </ns3:TrackPointExtension>
        </extensions>
      </trkpt>
      <trkpt lat="42.45488396845757961273193359375" lon="-6.14412353374063968658447265625">
        <ele>938.79998779296875</ele>
        <time>2025-10-06T07:50:28.000Z</time>
        <extensions>
          <ns3:TrackPointExtension>
            <ns3:hr>84</ns3:hr>
            <ns3:cad>57</ns3:cad>
          </ns3:TrackPointExtension>
        </extensions>
      </trkpt>
      <trkpt lat="42.454866282641887664794921875" lon="-6.144277341663837432861328125">
        <ele>939</ele>
        <time>2025-10-06T07:50:38.000Z</time>
        <extensions>
          <ns3:TrackPointExtension>
            <ns3:hr>83</ns3:hr>
            <ns3:cad>57</ns3:cad>
          </ns3:TrackPointExtension>
        </extensions>
      </trkpt>
      <trkpt lat="42.4548600800335407257080078125" lon="-6.1444300599396228790283203125">
        <ele>938.79998779296875</ele>
        <time>2025-10-06T07:50:47.000Z</time>
        <extensions>
          <ns3:TrackPointExtension>
            <ns3:hr>83</ns3:hr>
            <ns3:cad>56</ns3:cad>
          </ns3:TrackPointExtension>
        </extensions>
      </trkpt>
      <trkpt lat="42.45485111139714717864990234375" lon="-6.144573055207729339599609375">
        <ele>939</ele>
        <time>2025-10-06T07:50:55.000Z</time>
        <extensions>
          <ns3:TrackPointExtension>
            <ns3:hr>83</ns3:hr>
            <ns3:cad>57</ns3:cad>
          </ns3:TrackPointExtension>
        </extensions>
      </trkpt>
      <trkpt lat="42.45483652688562870025634765625" lon="-6.14475972019135951995849609375">
        <ele>939</ele>
        <time>2025-10-06T07:51:05.000Z</time>
        <extensions>
          <ns3:TrackPointExtension>
            <ns3:hr>85</ns3:hr>
            <ns3:cad>57</ns3:cad>
          </ns3:TrackPointExtension>
        </extensions>
      </trkpt>
      <trkpt lat="42.454838454723358154296875" lon="-6.1449556052684783935546875">
        <ele>939.20001220703125</ele>
        <time>2025-10-06T07:51:16.000Z</time>
        <extensions>
          <ns3:TrackPointExtension>
            <ns3:hr>84</ns3:hr>
            <ns3:cad>58</ns3:cad>
          </ns3:TrackPointExtension>
        </extensions>
      </trkpt>
      <trkpt lat="42.454846166074275970458984375" lon="-6.14509315229952335357666015625">
        <ele>939.5999755859375</ele>
        <time>2025-10-06T07:51:24.000Z</time>
        <extensions>
          <ns3:TrackPointExtension>
            <ns3:hr>84</ns3:hr>
            <ns3:cad>57</ns3:cad>
          </ns3:TrackPointExtension>
        </extensions>
      </trkpt>
      <trkpt lat="42.45484960265457630157470703125" lon="-6.145158112049102783203125">
        <ele>939.79998779296875</ele>
        <time>2025-10-06T07:51:28.000Z</time>
        <extensions>
          <ns3:TrackPointExtension>
            <ns3:hr>83</ns3:hr>
            <ns3:cad>57</ns3:cad>
          </ns3:TrackPointExtension>
        </extensions>
      </trkpt>
      <trkpt lat="42.4548580683767795562744140625" lon="-6.14527805708348751068115234375">
        <ele>940</ele>
        <time>2025-10-06T07:51:35.000Z</time>
        <extensions>
          <ns3:TrackPointExtension>
            <ns3:hr>83</ns3:hr>
            <ns3:cad>56</ns3:cad>
          </ns3:TrackPointExtension>
        </extensions>
      </trkpt>
      <trkpt lat="42.45488849468529224395751953125" lon="-6.14540764130651950836181640625">
        <ele>940.20001220703125</ele>
        <time>2025-10-06T07:51:43.000Z</time>
        <extensions>
          <ns3:TrackPointExtension>
            <ns3:hr>84</ns3:hr>
            <ns3:cad>57</ns3:cad>
          </ns3:TrackPointExtension>
        </extensions>
      </trkpt>
      <trkpt lat="42.45490810833871364593505859375" lon="-6.1455354653298854827880859375">
        <ele>940.4000244140625</ele>
        <time>2025-10-06T07:51:51.000Z</time>
        <extensions>
          <ns3:TrackPointExtension>
            <ns3:hr>85</ns3:hr>
            <ns3:cad>57</ns3:cad>
          </ns3:TrackPointExtension>
        </extensions>
      </trkpt>
      <trkpt lat="42.45493828319013118743896484375" lon="-6.1456719227135181427001953125">
        <ele>940.5999755859375</ele>
        <time>2025-10-06T07:51:59.000Z</time>
        <extensions>
          <ns3:TrackPointExtension>
            <ns3:hr>84</ns3:hr>
            <ns3:cad>0</ns3:cad>
          </ns3:TrackPointExtension>
        </extensions>
      </trkpt>
      <trkpt lat="42.45496443472802639007568359375" lon="-6.14581198431551456451416015625">
        <ele>940.79998779296875</ele>
        <time>2025-10-06T07:52:08.000Z</time>
        <extensions>
          <ns3:TrackPointExtension>
            <ns3:hr>84</ns3:hr>
            <ns3:cad>56</ns3:cad>
          </ns3:TrackPointExtension>
        </extensions>
      </trkpt>
      <trkpt lat="42.454966865479946136474609375" lon="-6.145845763385295867919921875">
        <ele>940.79998779296875</ele>
        <time>2025-10-06T07:52:10.000Z</time>
        <extensions>
          <ns3:TrackPointExtension>
            <ns3:hr>84</ns3:hr>
            <ns3:cad>56</ns3:cad>
          </ns3:TrackPointExtension>
        </extensions>
      </trkpt>
      <trkpt lat="42.45498622767627239227294921875" lon="-6.14594198763370513916015625">
        <ele>941.4000244140625</ele>
        <time>2025-10-06T07:52:16.000Z</time>
        <extensions>
          <ns3:TrackPointExtension>
            <ns3:hr>84</ns3:hr>
            <ns3:cad>54</ns3:cad>
          </ns3:TrackPointExtension>
        </extensions>
      </trkpt>
      <trkpt lat="42.455019168555736541748046875" lon="-6.14607534371316432952880859375">
        <ele>941.79998779296875</ele>
        <time>2025-10-06T07:52:25.000Z</time>
        <extensions>
          <ns3:TrackPointExtension>
            <ns3:hr>85</ns3:hr>
            <ns3:cad>55</ns3:cad>
          </ns3:TrackPointExtension>
        </extensions>
      </trkpt>
      <trkpt lat="42.45503014884889125823974609375" lon="-6.14614072255790233612060546875">
        <ele>941.79998779296875</ele>
        <time>2025-10-06T07:52:29.000Z</time>
        <extensions>
          <ns3:TrackPointExtension>
            <ns3:hr>85</ns3:hr>
            <ns3:cad>56</ns3:cad>
          </ns3:TrackPointExtension>
        </extensions>
      </trkpt>
      <trkpt lat="42.45502545498311519622802734375" lon="-6.14615430124104022979736328125">
        <ele>942</ele>
        <time>2025-10-06T07:52:30.000Z</time>
        <extensions>
          <ns3:TrackPointExtension>
            <ns3:hr>84</ns3:hr>
            <ns3:cad>56</ns3:cad>
          </ns3:TrackPointExtension>
        </extensions>
      </trkpt>
      <trkpt lat="42.45503090322017669677734375" lon="-6.1461848951876163482666015625">
        <ele>942.20001220703125</ele>
        <time>2025-10-06T07:52:32.000Z</time>
        <extensions>
          <ns3:TrackPointExtension>
            <ns3:hr>85</ns3:hr>
            <ns3:cad>56</ns3:cad>
          </ns3:TrackPointExtension>
        </extensions>
      </trkpt>
      <trkpt lat="42.45506401173770427703857421875" lon="-6.14630484022200107574462890625">
        <ele>942.5999755859375</ele>
        <time>2025-10-06T07:52:39.000Z</time>
        <extensions>
          <ns3:TrackPointExtension>
            <ns3:hr>85</ns3:hr>
            <ns3:cad>56</ns3:cad>
          </ns3:TrackPointExtension>
        </extensions>
      </trkpt>
      <trkpt lat="42.45507289655506610870361328125" lon="-6.14638463594019412994384765625">
        <ele>943</ele>
        <time>2025-10-06T07:52:44.000Z</time>
        <extensions>
          <ns3:TrackPointExtension>
            <ns3:hr>86</ns3:hr>
            <ns3:cad>57</ns3:cad>
          </ns3:TrackPointExtension>
        </extensions>
      </trkpt>
      <trkpt lat="42.45507717132568359375" lon="-6.1464189179241657257080078125">
        <ele>943</ele>
        <time>2025-10-06T07:52:46.000Z</time>
        <extensions>
          <ns3:TrackPointExtension>
            <ns3:hr>86</ns3:hr>
            <ns3:cad>57</ns3:cad>
          </ns3:TrackPointExtension>
        </extensions>
      </trkpt>
      <trkpt lat="42.45511463843286037445068359375" lon="-6.146606840193271636962890625">
        <ele>943.5999755859375</ele>
        <time>2025-10-06T07:52:56.000Z</time>
        <extensions>
          <ns3:TrackPointExtension>
            <ns3:hr>88</ns3:hr>
            <ns3:cad>56</ns3:cad>
          </ns3:TrackPointExtension>
        </extensions>
      </trkpt>
      <trkpt lat="42.4551390297710895538330078125" lon="-6.14670918323099613189697265625">
        <ele>944</ele>
        <time>2025-10-06T07:53:02.000Z</time>
        <extensions>
          <ns3:TrackPointExtension>
            <ns3:hr>88</ns3:hr>
            <ns3:cad>57</ns3:cad>
          </ns3:TrackPointExtension>
        </extensions>
      </trkpt>
      <trkpt lat="42.45515906251966953277587890625" lon="-6.14679886959493160247802734375">
        <ele>944.20001220703125</ele>
        <time>2025-10-06T07:53:07.000Z</time>
        <extensions>
          <ns3:TrackPointExtension>
            <ns3:hr>88</ns3:hr>
            <ns3:cad>57</ns3:cad>
          </ns3:TrackPointExtension>
        </extensions>
      </trkpt>
      <trkpt lat="42.45518990792334079742431640625" lon="-6.14695250988006591796875">
        <ele>944.4000244140625</ele>
        <time>2025-10-06T07:53:16.000Z</time>
        <extensions>
          <ns3:TrackPointExtension>
            <ns3:hr>89</ns3:hr>
            <ns3:cad>57</ns3:cad>
          </ns3:TrackPointExtension>
        </extensions>
      </trkpt>
      <trkpt lat="42.45522712357342243194580078125" lon="-6.1471142806112766265869140625">
        <ele>944.5999755859375</ele>
        <time>2025-10-06T07:53:25.000Z</time>
        <extensions>
          <ns3:TrackPointExtension>
            <ns3:hr>89</ns3:hr>
            <ns3:cad>58</ns3:cad>
          </ns3:TrackPointExtension>
        </extensions>
      </trkpt>
      <trkpt lat="42.455248497426509857177734375" lon="-6.1472222395241260528564453125">
        <ele>945</ele>
        <time>2025-10-06T07:53:31.000Z</time>
        <extensions>
          <ns3:TrackPointExtension>
            <ns3:hr>89</ns3:hr>
            <ns3:cad>58</ns3:cad>
          </ns3:TrackPointExtension>
        </extensions>
      </trkpt>
      <trkpt lat="42.45527037419378757476806640625" lon="-6.1473060585558414459228515625">
        <ele>945.20001220703125</ele>
        <time>2025-10-06T07:53:36.000Z</time>
        <extensions>
          <ns3:TrackPointExtension>
            <ns3:hr>89</ns3:hr>
            <ns3:cad>59</ns3:cad>
          </ns3:TrackPointExtension>
        </extensions>
      </trkpt>
      <trkpt lat="42.45530582964420318603515625" lon="-6.147480905055999755859375">
        <ele>945.4000244140625</ele>
        <time>2025-10-06T07:53:46.000Z</time>
        <extensions>
          <ns3:TrackPointExtension>
            <ns3:hr>89</ns3:hr>
            <ns3:cad>60</ns3:cad>
          </ns3:TrackPointExtension>
        </extensions>
      </trkpt>
      <trkpt lat="42.455306835472583770751953125" lon="-6.147636137902736663818359375">
        <ele>945.5999755859375</ele>
        <time>2025-10-06T07:53:54.000Z</time>
        <extensions>
          <ns3:TrackPointExtension>
            <ns3:hr>89</ns3:hr>
            <ns3:cad>58</ns3:cad>
          </ns3:TrackPointExtension>
        </extensions>
      </trkpt>
      <trkpt lat="42.45532502420246601104736328125" lon="-6.14779078401625156402587890625">
        <ele>945.5999755859375</ele>
        <time>2025-10-06T07:54:03.000Z</time>
        <extensions>
          <ns3:TrackPointExtension>
            <ns3:hr>88</ns3:hr>
            <ns3:cad>58</ns3:cad>
          </ns3:TrackPointExtension>
        </extensions>
      </trkpt>
      <trkpt lat="42.45534597896039485931396484375" lon="-6.147940568625926971435546875">
        <ele>945.5999755859375</ele>
        <time>2025-10-06T07:54:12.000Z</time>
        <extensions>
          <ns3:TrackPointExtension>
            <ns3:hr>88</ns3:hr>
            <ns3:cad>59</ns3:cad>
          </ns3:TrackPointExtension>
        </extensions>
      </trkpt>
      <trkpt lat="42.45536525733768939971923828125" lon="-6.14811415784060955047607421875">
        <ele>946</ele>
        <time>2025-10-06T07:54:22.000Z</time>
        <extensions>
          <ns3:TrackPointExtension>
            <ns3:hr>87</ns3:hr>
            <ns3:cad>57</ns3:cad>
          </ns3:TrackPointExtension>
        </extensions>
      </trkpt>
      <trkpt lat="42.4553680233657360076904296875" lon="-6.14817115478217601776123046875">
        <ele>946</ele>
        <time>2025-10-06T07:54:25.000Z</time>
        <extensions>
          <ns3:TrackPointExtension>
            <ns3:hr>86</ns3:hr>
            <ns3:cad>59</ns3:cad>
          </ns3:TrackPointExtension>
        </extensions>
      </trkpt>
      <trkpt lat="42.45537011884152889251708984375" lon="-6.14825748838484287261962890625">
        <ele>946</ele>
        <time>2025-10-06T07:54:30.000Z</time>
        <extensions>
          <ns3:TrackPointExtension>
            <ns3:hr>86</ns3:hr>
            <ns3:cad>58</ns3:cad>
          </ns3:TrackPointExtension>
        </extensions>
      </trkpt>
      <trkpt lat="42.45537581853568553924560546875" lon="-6.14843619056046009063720703125">
        <ele>946</ele>
        <time>2025-10-06T07:54:40.000Z</time>
        <extensions>
          <ns3:TrackPointExtension>
            <ns3:hr>84</ns3:hr>
            <ns3:cad>57</ns3:cad>
          </ns3:TrackPointExtension>
        </extensions>
      </trkpt>
      <trkpt lat="42.45539191178977489471435546875" lon="-6.14866979420185089111328125">
        <ele>946</ele>
        <time>2025-10-06T07:54:54.000Z</time>
        <extensions>
          <ns3:TrackPointExtension>
            <ns3:hr>83</ns3:hr>
            <ns3:cad>57</ns3:cad>
          </ns3:TrackPointExtension>
        </extensions>
      </trkpt>
      <trkpt lat="42.455398030579090118408203125" lon="-6.14877305924892425537109375">
        <ele>946</ele>
        <time>2025-10-06T07:55:00.000Z</time>
        <extensions>
          <ns3:TrackPointExtension>
            <ns3:hr>80</ns3:hr>
            <ns3:cad>58</ns3:cad>
          </ns3:TrackPointExtension>
        </extensions>
      </trkpt>
      <trkpt lat="42.45539962314069271087646484375" lon="-6.14884070120751857757568359375">
        <ele>946</ele>
        <time>2025-10-06T07:55:04.000Z</time>
        <extensions>
          <ns3:TrackPointExtension>
            <ns3:hr>80</ns3:hr>
            <ns3:cad>58</ns3:cad>
          </ns3:TrackPointExtension>
        </extensions>
      </trkpt>
      <trkpt lat="42.45540197007358074188232421875" lon="-6.148974895477294921875">
        <ele>946</ele>
        <time>2025-10-06T07:55:12.000Z</time>
        <extensions>
          <ns3:TrackPointExtension>
            <ns3:hr>80</ns3:hr>
            <ns3:cad>58</ns3:cad>
          </ns3:TrackPointExtension>
        </extensions>
      </trkpt>
      <trkpt lat="42.455406077206134796142578125" lon="-6.1491695232689380645751953125">
        <ele>946</ele>
        <time>2025-10-06T07:55:22.000Z</time>
        <extensions>
          <ns3:TrackPointExtension>
            <ns3:hr>80</ns3:hr>
            <ns3:cad>58</ns3:cad>
          </ns3:TrackPointExtension>
        </extensions>
      </trkpt>
      <trkpt lat="42.4554032273590564727783203125" lon="-6.14932601340115070343017578125">
        <ele>946.20001220703125</ele>
        <time>2025-10-06T07:55:31.000Z</time>
        <extensions>
          <ns3:TrackPointExtension>
            <ns3:hr>81</ns3:hr>
            <ns3:cad>57</ns3:cad>
          </ns3:TrackPointExtension>
        </extensions>
      </trkpt>
      <trkpt lat="42.4553955160081386566162109375" lon="-6.14949918352067470550537109375">
        <ele>946.20001220703125</ele>
        <time>2025-10-06T07:55:41.000Z</time>
        <extensions>
          <ns3:TrackPointExtension>
            <ns3:hr>82</ns3:hr>
            <ns3:cad>58</ns3:cad>
          </ns3:TrackPointExtension>
        </extensions>
      </trkpt>
      <trkpt lat="42.45538369752466678619384765625" lon="-6.149691380560398101806640625">
        <ele>946</ele>
        <time>2025-10-06T07:55:52.000Z</time>
        <extensions>
          <ns3:TrackPointExtension>
            <ns3:hr>82</ns3:hr>
            <ns3:cad>58</ns3:cad>
          </ns3:TrackPointExtension>
        </extensions>
      </trkpt>
      <trkpt lat="42.455379925668239593505859375" lon="-6.149868071079254150390625">
        <ele>945.5999755859375</ele>
        <time>2025-10-06T07:56:02.000Z</time>
        <extensions>
          <ns3:TrackPointExtension>
            <ns3:hr>81</ns3:hr>
            <ns3:cad>58</ns3:cad>
          </ns3:TrackPointExtension>
        </extensions>
      </trkpt>
      <trkpt lat="42.45536039583384990692138671875" lon="-6.15002791397273540496826171875">
        <ele>945.4000244140625</ele>
        <time>2025-10-06T07:56:12.000Z</time>
        <extensions>
          <ns3:TrackPointExtension>
            <ns3:hr>81</ns3:hr>
            <ns3:cad>57</ns3:cad>
          </ns3:TrackPointExtension>
        </extensions>
      </trkpt>
      <trkpt lat="42.455345727503299713134765625" lon="-6.15018784068524837493896484375">
        <ele>945.4000244140625</ele>
        <time>2025-10-06T07:56:21.000Z</time>
        <extensions>
          <ns3:TrackPointExtension>
            <ns3:hr>82</ns3:hr>
            <ns3:cad>59</ns3:cad>
          </ns3:TrackPointExtension>
        </extensions>
      </trkpt>
      <trkpt lat="42.45532971806824207305908203125" lon="-6.1503409780561923980712890625">
        <ele>945.20001220703125</ele>
        <time>2025-10-06T07:56:30.000Z</time>
        <extensions>
          <ns3:TrackPointExtension>
            <ns3:hr>82</ns3:hr>
            <ns3:cad>57</ns3:cad>
          </ns3:TrackPointExtension>
        </extensions>
      </trkpt>
      <trkpt lat="42.45532804168760776519775390625" lon="-6.1504972167313098907470703125">
        <ele>945</ele>
        <time>2025-10-06T07:56:39.000Z</time>
        <extensions>
          <ns3:TrackPointExtension>
            <ns3:hr>82</ns3:hr>
            <ns3:cad>58</ns3:cad>
          </ns3:TrackPointExtension>
        </extensions>
      </trkpt>
      <trkpt lat="42.4553227610886096954345703125" lon="-6.15065068937838077545166015625">
        <ele>945.20001220703125</ele>
        <time>2025-10-06T07:56:47.000Z</time>
        <extensions>
          <ns3:TrackPointExtension>
            <ns3:hr>82</ns3:hr>
            <ns3:cad>60</ns3:cad>
          </ns3:TrackPointExtension>
        </extensions>
      </trkpt>
      <trkpt lat="42.45531655848026275634765625" lon="-6.1508207581937313079833984375">
        <ele>945.20001220703125</ele>
        <time>2025-10-06T07:56:56.000Z</time>
        <extensions>
          <ns3:TrackPointExtension>
            <ns3:hr>83</ns3:hr>
            <ns3:cad>59</ns3:cad>
          </ns3:TrackPointExtension>
        </extensions>
      </trkpt>
      <trkpt lat="42.455302141606807708740234375" lon="-6.150973476469516754150390625">
        <ele>945.20001220703125</ele>
        <time>2025-10-06T07:57:06.000Z</time>
        <extensions>
          <ns3:TrackPointExtension>
            <ns3:hr>83</ns3:hr>
            <ns3:cad>58</ns3:cad>
          </ns3:TrackPointExtension>
        </extensions>
      </trkpt>
      <trkpt lat="42.4552949331700801849365234375" lon="-6.15117958746850490570068359375">
        <ele>945.5999755859375</ele>
        <time>2025-10-06T07:57:17.000Z</time>
        <extensions>
          <ns3:TrackPointExtension>
            <ns3:hr>83</ns3:hr>
            <ns3:cad>57</ns3:cad>
          </ns3:TrackPointExtension>
        </extensions>
      </trkpt>
      <trkpt lat="42.45529887266457080841064453125" lon="-6.1513628996908664703369140625">
        <ele>945.5999755859375</ele>
        <time>2025-10-06T07:57:28.000Z</time>
        <extensions>
          <ns3:TrackPointExtension>
            <ns3:hr>85</ns3:hr>
            <ns3:cad>57</ns3:cad>
          </ns3:TrackPointExtension>
        </extensions>
      </trkpt>
      <trkpt lat="42.45528931729495525360107421875" lon="-6.15152659825980663299560546875">
        <ele>945.79998779296875</ele>
        <time>2025-10-06T07:57:37.000Z</time>
        <extensions>
          <ns3:TrackPointExtension>
            <ns3:hr>85</ns3:hr>
            <ns3:cad>57</ns3:cad>
          </ns3:TrackPointExtension>
        </extensions>
      </trkpt>
      <trkpt lat="42.4552989564836025238037109375" lon="-6.1517135985195636749267578125">
        <ele>946</ele>
        <time>2025-10-06T07:57:48.000Z</time>
        <extensions>
          <ns3:TrackPointExtension>
            <ns3:hr>86</ns3:hr>
            <ns3:cad>57</ns3:cad>
          </ns3:TrackPointExtension>
        </extensions>
      </trkpt>
      <trkpt lat="42.4552925862371921539306640625" lon="-6.15188685245811939239501953125">
        <ele>946</ele>
        <time>2025-10-06T07:57:58.000Z</time>
        <extensions>
          <ns3:TrackPointExtension>
            <ns3:hr>86</ns3:hr>
            <ns3:cad>57</ns3:cad>
          </ns3:TrackPointExtension>
        </extensions>
      </trkpt>
      <trkpt lat="42.45528973639011383056640625" lon="-6.152077205479145050048828125">
        <ele>946.20001220703125</ele>
        <time>2025-10-06T07:58:09.000Z</time>
        <extensions>
          <ns3:TrackPointExtension>
            <ns3:hr>86</ns3:hr>
            <ns3:cad>57</ns3:cad>
          </ns3:TrackPointExtension>
        </extensions>
      </trkpt>
      <trkpt lat="42.4552956037223339080810546875" lon="-6.1522651277482509613037109375">
        <ele>946.5999755859375</ele>
        <time>2025-10-06T07:58:20.000Z</time>
        <extensions>
          <ns3:TrackPointExtension>
            <ns3:hr>85</ns3:hr>
            <ns3:cad>58</ns3:cad>
          </ns3:TrackPointExtension>
        </extensions>
      </trkpt>
      <trkpt lat="42.455291412770748138427734375" lon="-6.15241072140634059906005859375">
        <ele>946.79998779296875</ele>
        <time>2025-10-06T07:58:28.000Z</time>
        <extensions>
          <ns3:TrackPointExtension>
            <ns3:hr>87</ns3:hr>
            <ns3:cad>57</ns3:cad>
          </ns3:TrackPointExtension>
        </extensions>
      </trkpt>
      <trkpt lat="42.45528965257108211517333984375" lon="-6.1525041796267032623291015625">
        <ele>947</ele>
        <time>2025-10-06T07:58:33.000Z</time>
        <extensions>
          <ns3:TrackPointExtension>
            <ns3:hr>88</ns3:hr>
            <ns3:cad>58</ns3:cad>
          </ns3:TrackPointExtension>
        </extensions>
      </trkpt>
      <trkpt lat="42.455291412770748138427734375" lon="-6.1526235379278659820556640625">
        <ele>947.20001220703125</ele>
        <time>2025-10-06T07:58:40.000Z</time>
        <extensions>
          <ns3:TrackPointExtension>
            <ns3:hr>89</ns3:hr>
            <ns3:cad>57</ns3:cad>
          </ns3:TrackPointExtension>
        </extensions>
      </trkpt>
      <trkpt lat="42.45528629980981349945068359375" lon="-6.15275253541767597198486328125">
        <ele>947.5999755859375</ele>
        <time>2025-10-06T07:58:48.000Z</time>
        <extensions>
          <ns3:TrackPointExtension>
            <ns3:hr>90</ns3:hr>
            <ns3:cad>56</ns3:cad>
          </ns3:TrackPointExtension>
        </extensions>
      </trkpt>
      <trkpt lat="42.45528713800013065338134765625" lon="-6.1528900824487209320068359375">
        <ele>948</ele>
        <time>2025-10-06T07:58:56.000Z</time>
        <extensions>
          <ns3:TrackPointExtension>
            <ns3:hr>91</ns3:hr>
            <ns3:cad>55</ns3:cad>
          </ns3:TrackPointExtension>
        </extensions>
      </trkpt>
      <trkpt lat="42.45528697036206722259521484375" lon="-6.15292184986174106597900390625">
        <ele>948.20001220703125</ele>
        <time>2025-10-06T07:58:58.000Z</time>
        <extensions>
          <ns3:TrackPointExtension>
            <ns3:hr>92</ns3:hr>
            <ns3:cad>55</ns3:cad>
          </ns3:TrackPointExtension>
        </extensions>
      </trkpt>
      <trkpt lat="42.45528034865856170654296875" lon="-6.1530359275639057159423828125">
        <ele>948.4000244140625</ele>
        <time>2025-10-06T07:59:05.000Z</time>
        <extensions>
          <ns3:TrackPointExtension>
            <ns3:hr>95</ns3:hr>
            <ns3:cad>57</ns3:cad>
          </ns3:TrackPointExtension>
        </extensions>
      </trkpt>
      <trkpt lat="42.455278001725673675537109375" lon="-6.15310440771281719207763671875">
        <ele>948.5999755859375</ele>
        <time>2025-10-06T07:59:09.000Z</time>
        <extensions>
          <ns3:TrackPointExtension>
            <ns3:hr>95</ns3:hr>
            <ns3:cad>56</ns3:cad>
          </ns3:TrackPointExtension>
        </extensions>
      </trkpt>
      <trkpt lat="42.4552810192108154296875" lon="-6.1531623266637325286865234375">
        <ele>949.20001220703125</ele>
        <time>2025-10-06T07:59:12.000Z</time>
        <extensions>
          <ns3:TrackPointExtension>
            <ns3:hr>95</ns3:hr>
            <ns3:cad>56</ns3:cad>
          </ns3:TrackPointExtension>
        </extensions>
      </trkpt>
      <trkpt lat="42.45527976192533969879150390625" lon="-6.15326181985437870025634765625">
        <ele>948.79998779296875</ele>
        <time>2025-10-06T07:59:18.000Z</time>
        <extensions>
          <ns3:TrackPointExtension>
            <ns3:hr>95</ns3:hr>
            <ns3:cad>56</ns3:cad>
          </ns3:TrackPointExtension>
        </extensions>
      </trkpt>
      <trkpt lat="42.4552778340876102447509765625" lon="-6.15339542739093303680419921875">
        <ele>949.20001220703125</ele>
        <time>2025-10-06T07:59:25.000Z</time>
        <extensions>
          <ns3:TrackPointExtension>
            <ns3:hr>92</ns3:hr>
            <ns3:cad>57</ns3:cad>
          </ns3:TrackPointExtension>
        </extensions>
      </trkpt>
      <trkpt lat="42.455274648964405059814453125" lon="-6.15345778875052928924560546875">
        <ele>949.79998779296875</ele>
        <time>2025-10-06T07:59:29.000Z</time>
        <extensions>
          <ns3:TrackPointExtension>
            <ns3:hr>91</ns3:hr>
            <ns3:cad>57</ns3:cad>
          </ns3:TrackPointExtension>
        </extensions>
      </trkpt>
      <trkpt lat="42.4552714638411998748779296875" lon="-6.153636910021305084228515625">
        <ele>950</ele>
        <time>2025-10-06T07:59:40.000Z</time>
        <extensions>
          <ns3:TrackPointExtension>
            <ns3:hr>92</ns3:hr>
            <ns3:cad>57</ns3:cad>
          </ns3:TrackPointExtension>
        </extensions>
      </trkpt>
      <trkpt lat="42.4552687816321849822998046875" lon="-6.1537651531398296356201171875">
        <ele>950.20001220703125</ele>
        <time>2025-10-06T07:59:48.000Z</time>
        <extensions>
          <ns3:TrackPointExtension>
            <ns3:hr>93</ns3:hr>
            <ns3:cad>57</ns3:cad>
          </ns3:TrackPointExtension>
        </extensions>
      </trkpt>
      <trkpt lat="42.45526651851832866668701171875" lon="-6.15383648313581943511962890625">
        <ele>950.20001220703125</ele>
        <time>2025-10-06T07:59:52.000Z</time>
        <extensions>
          <ns3:TrackPointExtension>
            <ns3:hr>92</ns3:hr>
            <ns3:cad>56</ns3:cad>
          </ns3:TrackPointExtension>
        </extensions>
      </trkpt>
      <trkpt lat="42.4552590586245059967041015625" lon="-6.1540015228092670440673828125">
        <ele>950.79998779296875</ele>
        <time>2025-10-06T08:00:02.000Z</time>
        <extensions>
          <ns3:TrackPointExtension>
            <ns3:hr>95</ns3:hr>
            <ns3:cad>56</ns3:cad>
          </ns3:TrackPointExtension>
        </extensions>
      </trkpt>
      <trkpt lat="42.455261237919330596923828125" lon="-6.154051981866359710693359375">
        <ele>950.4000244140625</ele>
        <time>2025-10-06T08:00:05.000Z</time>
        <extensions>
          <ns3:TrackPointExtension>
            <ns3:hr>96</ns3:hr>
            <ns3:cad>55</ns3:cad>
          </ns3:TrackPointExtension>
        </extensions>
      </trkpt>
      <trkpt lat="42.45525696314871311187744140625" lon="-6.154204197227954864501953125">
        <ele>951</ele>
        <time>2025-10-06T08:00:14.000Z</time>
        <extensions>
          <ns3:TrackPointExtension>
            <ns3:hr>97</ns3:hr>
            <ns3:cad>0</ns3:cad>
          </ns3:TrackPointExtension>
        </extensions>
      </trkpt>
      <trkpt lat="42.45524506084620952606201171875" lon="-6.15434124134480953216552734375">
        <ele>951.20001220703125</ele>
        <time>2025-10-06T08:00:22.000Z</time>
        <extensions>
          <ns3:TrackPointExtension>
            <ns3:hr>96</ns3:hr>
            <ns3:cad>57</ns3:cad>
          </ns3:TrackPointExtension>
        </extensions>
      </trkpt>
      <trkpt lat="42.45524455793201923370361328125" lon="-6.15439823828637599945068359375">
        <ele>951.4000244140625</ele>
        <time>2025-10-06T08:00:25.000Z</time>
        <extensions>
          <ns3:TrackPointExtension>
            <ns3:hr>96</ns3:hr>
            <ns3:cad>57</ns3:cad>
          </ns3:TrackPointExtension>
        </extensions>
      </trkpt>
      <trkpt lat="42.455239780247211456298828125" lon="-6.15465019829571247100830078125">
        <ele>951.4000244140625</ele>
        <time>2025-10-06T08:00:40.000Z</time>
        <extensions>
          <ns3:TrackPointExtension>
            <ns3:hr>95</ns3:hr>
            <ns3:cad>57</ns3:cad>
          </ns3:TrackPointExtension>
        </extensions>
      </trkpt>
      <trkpt lat="42.4552396126091480255126953125" lon="-6.1546636931598186492919921875">
        <ele>951.4000244140625</ele>
        <time>2025-10-06T08:00:41.000Z</time>
        <extensions>
          <ns3:TrackPointExtension>
            <ns3:hr>95</ns3:hr>
            <ns3:cad>57</ns3:cad>
          </ns3:TrackPointExtension>
        </extensions>
      </trkpt>
      <trkpt lat="42.45522930286824703216552734375" lon="-6.15485991351306438446044921875">
        <ele>951.4000244140625</ele>
        <time>2025-10-06T08:00:52.000Z</time>
        <extensions>
          <ns3:TrackPointExtension>
            <ns3:hr>95</ns3:hr>
            <ns3:cad>57</ns3:cad>
          </ns3:TrackPointExtension>
        </extensions>
      </trkpt>
      <trkpt lat="42.4552154727280139923095703125" lon="-6.15501246415078639984130859375">
        <ele>951.4000244140625</ele>
        <time>2025-10-06T08:01:02.000Z</time>
        <extensions>
          <ns3:TrackPointExtension>
            <ns3:hr>93</ns3:hr>
            <ns3:cad>58</ns3:cad>
          </ns3:TrackPointExtension>
        </extensions>
      </trkpt>
      <trkpt lat="42.45520683936774730682373046875" lon="-6.1551614105701446533203125">
        <ele>951.20001220703125</ele>
        <time>2025-10-06T08:01:10.000Z</time>
        <extensions>
          <ns3:TrackPointExtension>
            <ns3:hr>91</ns3:hr>
            <ns3:cad>59</ns3:cad>
          </ns3:TrackPointExtension>
        </extensions>
      </trkpt>
      <trkpt lat="42.45519259013235569000244140625" lon="-6.15530566312372684478759765625">
        <ele>951.20001220703125</ele>
        <time>2025-10-06T08:01:18.000Z</time>
        <extensions>
          <ns3:TrackPointExtension>
            <ns3:hr>92</ns3:hr>
            <ns3:cad>57</ns3:cad>
          </ns3:TrackPointExtension>
        </extensions>
      </trkpt>
      <trkpt lat="42.455187477171421051025390625" lon="-6.15542485378682613372802734375">
        <ele>951.20001220703125</ele>
        <time>2025-10-06T08:01:25.000Z</time>
        <extensions>
          <ns3:TrackPointExtension>
            <ns3:hr>100</ns3:hr>
            <ns3:cad>58</ns3:cad>
          </ns3:TrackPointExtension>
        </extensions>
      </trkpt>
      <trkpt lat="42.45518672280013561248779296875" lon="-6.15544161759316921234130859375">
        <ele>951.20001220703125</ele>
        <time>2025-10-06T08:01:26.000Z</time>
        <extensions>
          <ns3:TrackPointExtension>
            <ns3:hr>103</ns3:hr>
            <ns3:cad>58</ns3:cad>
          </ns3:TrackPointExtension>
        </extensions>
      </trkpt>
      <trkpt lat="42.45518119074404239654541015625" lon="-6.15549777634441852569580078125">
        <ele>951.4000244140625</ele>
        <time>2025-10-06T08:01:29.000Z</time>
        <extensions>
          <ns3:TrackPointExtension>
            <ns3:hr>105</ns3:hr>
            <ns3:cad>59</ns3:cad>
          </ns3:TrackPointExtension>
        </extensions>
      </trkpt>
      <trkpt lat="42.45517398230731487274169921875" lon="-6.15563808940351009368896484375">
        <ele>951.4000244140625</ele>
        <time>2025-10-06T08:01:37.000Z</time>
        <extensions>
          <ns3:TrackPointExtension>
            <ns3:hr>104</ns3:hr>
            <ns3:cad>59</ns3:cad>
          </ns3:TrackPointExtension>
        </extensions>
      </trkpt>
      <trkpt lat="42.45515830814838409423828125" lon="-6.1557902209460735321044921875">
        <ele>951.5999755859375</ele>
        <time>2025-10-06T08:01:46.000Z</time>
        <extensions>
          <ns3:TrackPointExtension>
            <ns3:hr>105</ns3:hr>
            <ns3:cad>57</ns3:cad>
          </ns3:TrackPointExtension>
        </extensions>
      </trkpt>
      <trkpt lat="42.45512469671666622161865234375" lon="-6.15595207549631595611572265625">
        <ele>951.5999755859375</ele>
        <time>2025-10-06T08:01:55.000Z</time>
        <extensions>
          <ns3:TrackPointExtension>
            <ns3:hr>107</ns3:hr>
            <ns3:cad>59</ns3:cad>
          </ns3:TrackPointExtension>
        </extensions>
      </trkpt>
      <trkpt lat="42.455084212124347686767578125" lon="-6.15608274936676025390625">
        <ele>951.5999755859375</ele>
        <time>2025-10-06T08:02:03.000Z</time>
        <extensions>
          <ns3:TrackPointExtension>
            <ns3:hr>108</ns3:hr>
            <ns3:cad>58</ns3:cad>
          </ns3:TrackPointExtension>
        </extensions>
      </trkpt>
      <trkpt lat="42.455040626227855682373046875" lon="-6.15625751204788684844970703125">
        <ele>952</ele>
        <time>2025-10-06T08:02:14.000Z</time>
        <extensions>
          <ns3:TrackPointExtension>
            <ns3:hr>108</ns3:hr>
            <ns3:cad>57</ns3:cad>
          </ns3:TrackPointExtension>
        </extensions>
      </trkpt>
      <trkpt lat="42.4550357647240161895751953125" lon="-6.1564587615430355072021484375">
        <ele>951.4000244140625</ele>
        <time>2025-10-06T08:02:26.000Z</time>
        <extensions>
          <ns3:TrackPointExtension>
            <ns3:hr>107</ns3:hr>
            <ns3:cad>58</ns3:cad>
          </ns3:TrackPointExtension>
        </extensions>
      </trkpt>
      <trkpt lat="42.45503467507660388946533203125" lon="-6.15670502185821533203125">
        <ele>951.4000244140625</ele>
        <time>2025-10-06T08:02:40.000Z</time>
        <extensions>
          <ns3:TrackPointExtension>
            <ns3:hr>105</ns3:hr>
            <ns3:cad>59</ns3:cad>
          </ns3:TrackPointExtension>
        </extensions>
      </trkpt>
      <trkpt lat="42.4550347588956356048583984375" lon="-6.1567211151123046875">
        <ele>951.20001220703125</ele>
        <time>2025-10-06T08:02:41.000Z</time>
        <extensions>
          <ns3:TrackPointExtension>
            <ns3:hr>104</ns3:hr>
            <ns3:cad>59</ns3:cad>
          </ns3:TrackPointExtension>
        </extensions>
      </trkpt>
      <trkpt lat="42.455044649541378021240234375" lon="-6.1568672955036163330078125">
        <ele>951.20001220703125</ele>
        <time>2025-10-06T08:02:49.000Z</time>
        <extensions>
          <ns3:TrackPointExtension>
            <ns3:hr>104</ns3:hr>
            <ns3:cad>59</ns3:cad>
          </ns3:TrackPointExtension>
        </extensions>
      </trkpt>
      <trkpt lat="42.45505663566291332244873046875" lon="-6.157035939395427703857421875">
        <ele>951.20001220703125</ele>
        <time>2025-10-06T08:02:58.000Z</time>
        <extensions>
          <ns3:TrackPointExtension>
            <ns3:hr>104</ns3:hr>
            <ns3:cad>59</ns3:cad>
          </ns3:TrackPointExtension>
        </extensions>
      </trkpt>
      <trkpt lat="42.455068118870258331298828125" lon="-6.157152615487575531005859375">
        <ele>951.20001220703125</ele>
        <time>2025-10-06T08:03:06.000Z</time>
        <extensions>
          <ns3:TrackPointExtension>
            <ns3:hr>104</ns3:hr>
            <ns3:cad>58</ns3:cad>
          </ns3:TrackPointExtension>
        </extensions>
      </trkpt>
      <trkpt lat="42.45507407002151012420654296875" lon="-6.1573150567710399627685546875">
        <ele>951.20001220703125</ele>
        <time>2025-10-06T08:03:15.000Z</time>
        <extensions>
          <ns3:TrackPointExtension>
            <ns3:hr>103</ns3:hr>
            <ns3:cad>58</ns3:cad>
          </ns3:TrackPointExtension>
        </extensions>
      </trkpt>
      <trkpt lat="42.45507474057376384735107421875" lon="-6.1574739776551723480224609375">
        <ele>951.20001220703125</ele>
        <time>2025-10-06T08:03:25.000Z</time>
        <extensions>
          <ns3:TrackPointExtension>
            <ns3:hr>101</ns3:hr>
            <ns3:cad>58</ns3:cad>
          </ns3:TrackPointExtension>
        </extensions>
      </trkpt>
      <trkpt lat="42.4550900794565677642822265625" lon="-6.1576660908758640289306640625">
        <ele>951.20001220703125</ele>
        <time>2025-10-06T08:03:36.000Z</time>
        <extensions>
          <ns3:TrackPointExtension>
            <ns3:hr>101</ns3:hr>
            <ns3:cad>58</ns3:cad>
          </ns3:TrackPointExtension>
        </extensions>
      </trkpt>
      <trkpt lat="42.45510826818645000457763671875" lon="-6.15778637118637561798095703125">
        <ele>951.5999755859375</ele>
        <time>2025-10-06T08:03:43.000Z</time>
        <extensions>
          <ns3:TrackPointExtension>
            <ns3:hr>104</ns3:hr>
            <ns3:cad>58</ns3:cad>
          </ns3:TrackPointExtension>
        </extensions>
      </trkpt>
      <trkpt lat="42.45511078275740146636962890625" lon="-6.15780279971659183502197265625">
        <ele>951.5999755859375</ele>
        <time>2025-10-06T08:03:44.000Z</time>
        <extensions>
          <ns3:TrackPointExtension>
            <ns3:hr>104</ns3:hr>
            <ns3:cad>58</ns3:cad>
          </ns3:TrackPointExtension>
        </extensions>
      </trkpt>
      <trkpt lat="42.455141209065914154052734375" lon="-6.15798376500606536865234375">
        <ele>951.4000244140625</ele>
        <time>2025-10-06T08:03:55.000Z</time>
        <extensions>
          <ns3:TrackPointExtension>
            <ns3:hr>105</ns3:hr>
            <ns3:cad>59</ns3:cad>
          </ns3:TrackPointExtension>
        </extensions>
      </trkpt>
      <trkpt lat="42.4551705457270145416259765625" lon="-6.1581398360431194305419921875">
        <ele>951.4000244140625</ele>
        <time>2025-10-06T08:04:04.000Z</time>
        <extensions>
          <ns3:TrackPointExtension>
            <ns3:hr>105</ns3:hr>
            <ns3:cad>56</ns3:cad>
          </ns3:TrackPointExtension>
        </extensions>
      </trkpt>
      <trkpt lat="42.455171383917331695556640625" lon="-6.15827201865613460540771484375">
        <ele>951.4000244140625</ele>
        <time>2025-10-06T08:04:12.000Z</time>
        <extensions>
          <ns3:TrackPointExtension>
            <ns3:hr>105</ns3:hr>
            <ns3:cad>57</ns3:cad>
          </ns3:TrackPointExtension>
        </extensions>
      </trkpt>
      <trkpt lat="42.455162666738033294677734375" lon="-6.15837511606514453887939453125">
        <ele>951.5999755859375</ele>
        <time>2025-10-06T08:04:21.000Z</time>
        <extensions>
          <ns3:TrackPointExtension>
            <ns3:hr>105</ns3:hr>
            <ns3:cad>54</ns3:cad>
          </ns3:TrackPointExtension>
        </extensions>
      </trkpt>
      <trkpt lat="42.455071471631526947021484375" lon="-6.1583627946674823760986328125">
        <ele>951.20001220703125</ele>
        <time>2025-10-06T08:04:28.000Z</time>
        <extensions>
          <ns3:TrackPointExtension>
            <ns3:hr>106</ns3:hr>
            <ns3:cad>57</ns3:cad>
          </ns3:TrackPointExtension>
        </extensions>
      </trkpt>
      <trkpt lat="42.45501623488962650299072265625" lon="-6.158298589289188385009765625">
        <ele>951.5999755859375</ele>
        <time>2025-10-06T08:04:34.000Z</time>
        <extensions>
          <ns3:TrackPointExtension>
            <ns3:hr>105</ns3:hr>
            <ns3:cad>57</ns3:cad>
          </ns3:TrackPointExtension>
        </extensions>
      </trkpt>
      <trkpt lat="42.455047667026519775390625" lon="-6.158244274556636810302734375">
        <ele>950.79998779296875</ele>
        <time>2025-10-06T08:05:32.000Z</time>
        <extensions>
          <ns3:TrackPointExtension>
            <ns3:hr>96</ns3:hr>
            <ns3:cad>0</ns3:cad>
          </ns3:TrackPointExtension>
        </extensions>
      </trkpt>
      <trkpt lat="42.4550337530672550201416015625" lon="-6.15824586711823940277099609375">
        <ele>950.79998779296875</ele>
        <time>2025-10-06T08:05:33.000Z</time>
        <extensions>
          <ns3:TrackPointExtension>
            <ns3:hr>96</ns3:hr>
            <ns3:cad>19</ns3:cad>
          </ns3:TrackPointExtension>
        </extensions>
      </trkpt>
      <trkpt lat="42.455011121928691864013671875" lon="-6.15830839611589908599853515625">
        <ele>950.5999755859375</ele>
        <time>2025-10-06T08:05:37.000Z</time>
        <extensions>
          <ns3:TrackPointExtension>
            <ns3:hr>96</ns3:hr>
            <ns3:cad>53</ns3:cad>
          </ns3:TrackPointExtension>
        </extensions>
      </trkpt>
      <trkpt lat="42.4550892412662506103515625" lon="-6.158352233469486236572265625">
        <ele>950.4000244140625</ele>
        <time>2025-10-06T08:05:44.000Z</time>
        <extensions>
          <ns3:TrackPointExtension>
            <ns3:hr>95</ns3:hr>
            <ns3:cad>53</ns3:cad>
          </ns3:TrackPointExtension>
        </extensions>
      </trkpt>
      <trkpt lat="42.455164007842540740966796875" lon="-6.15842356346547603607177734375">
        <ele>950.79998779296875</ele>
        <time>2025-10-06T08:05:53.000Z</time>
        <extensions>
          <ns3:TrackPointExtension>
            <ns3:hr>96</ns3:hr>
            <ns3:cad>55</ns3:cad>
          </ns3:TrackPointExtension>
        </extensions>
      </trkpt>
      <trkpt lat="42.45519057847559452056884765625" lon="-6.1585141718387603759765625">
        <ele>950.79998779296875</ele>
        <time>2025-10-06T08:05:58.000Z</time>
        <extensions>
          <ns3:TrackPointExtension>
            <ns3:hr>99</ns3:hr>
            <ns3:cad>56</ns3:cad>
          </ns3:TrackPointExtension>
        </extensions>
      </trkpt>
      <trkpt lat="42.45521337725222110748291015625" lon="-6.15858248434960842132568359375">
        <ele>951.20001220703125</ele>
        <time>2025-10-06T08:06:02.000Z</time>
        <extensions>
          <ns3:TrackPointExtension>
            <ns3:hr>101</ns3:hr>
            <ns3:cad>56</ns3:cad>
          </ns3:TrackPointExtension>
        </extensions>
      </trkpt>
      <trkpt lat="42.45522125624120235443115234375" lon="-6.15863897837698459625244140625">
        <ele>951.4000244140625</ele>
        <time>2025-10-06T08:06:06.000Z</time>
        <extensions>
          <ns3:TrackPointExtension>
            <ns3:hr>104</ns3:hr>
            <ns3:cad>55</ns3:cad>
          </ns3:TrackPointExtension>
        </extensions>
      </trkpt>
      <trkpt lat="42.4552365951240062713623046875" lon="-6.15871827118098735809326171875">
        <ele>951.5999755859375</ele>
        <time>2025-10-06T08:06:11.000Z</time>
        <extensions>
          <ns3:TrackPointExtension>
            <ns3:hr>106</ns3:hr>
            <ns3:cad>55</ns3:cad>
          </ns3:TrackPointExtension>
        </extensions>
      </trkpt>
      <trkpt lat="42.4552412889897823333740234375" lon="-6.158747859299182891845703125">
        <ele>951.79998779296875</ele>
        <time>2025-10-06T08:06:13.000Z</time>
        <extensions>
          <ns3:TrackPointExtension>
            <ns3:hr>107</ns3:hr>
            <ns3:cad>55</ns3:cad>
          </ns3:TrackPointExtension>
        </extensions>
      </trkpt>
      <trkpt lat="42.455229721963405609130859375" lon="-6.15877828560769557952880859375">
        <ele>948.4000244140625</ele>
        <time>2025-10-06T09:11:39.000Z</time>
        <extensions>
          <ns3:TrackPointExtension>
            <ns3:hr>90</ns3:hr>
            <ns3:cad>0</ns3:cad>
          </ns3:TrackPointExtension>
        </extensions>
      </trkpt>
      <trkpt lat="42.45522846467792987823486328125" lon="-6.15878306329250335693359375">
        <ele>948.4000244140625</ele>
        <time>2025-10-06T09:11:40.000Z</time>
        <extensions>
          <ns3:TrackPointExtension>
            <ns3:hr>90</ns3:hr>
            <ns3:cad>0</ns3:cad>
          </ns3:TrackPointExtension>
        </extensions>
      </trkpt>
      <trkpt lat="42.45523768477141857147216796875" lon="-6.158804185688495635986328125">
        <ele>948.4000244140625</ele>
        <time>2025-10-06T09:11:42.000Z</time>
        <extensions>
          <ns3:TrackPointExtension>
            <ns3:hr>90</ns3:hr>
            <ns3:cad>0</ns3:cad>
          </ns3:TrackPointExtension>
        </extensions>
      </trkpt>
      <trkpt lat="42.4552500061690807342529296875" lon="-6.158857159316539764404296875">
        <ele>948.4000244140625</ele>
        <time>2025-10-06T09:11:49.000Z</time>
        <extensions>
          <ns3:TrackPointExtension>
            <ns3:hr>93</ns3:hr>
            <ns3:cad>0</ns3:cad>
          </ns3:TrackPointExtension>
        </extensions>
      </trkpt>
      <trkpt lat="42.45525243692100048065185546875" lon="-6.1588754318654537200927734375">
        <ele>948.4000244140625</ele>
        <time>2025-10-06T09:11:51.000Z</time>
        <extensions>
          <ns3:TrackPointExtension>
            <ns3:hr>92</ns3:hr>
            <ns3:cad>0</ns3:cad>
          </ns3:TrackPointExtension>
        </extensions>
      </trkpt>
      <trkpt lat="42.4552536942064762115478515625" lon="-6.1589518748223781585693359375">
        <ele>948.79998779296875</ele>
        <time>2025-10-06T09:12:00.000Z</time>
        <extensions>
          <ns3:TrackPointExtension>
            <ns3:hr>92</ns3:hr>
            <ns3:cad>43</ns3:cad>
          </ns3:TrackPointExtension>
        </extensions>
      </trkpt>
      <trkpt lat="42.455273978412151336669921875" lon="-6.1590559780597686767578125">
        <ele>949</ele>
        <time>2025-10-06T09:12:09.000Z</time>
        <extensions>
          <ns3:TrackPointExtension>
            <ns3:hr>91</ns3:hr>
            <ns3:cad>48</ns3:cad>
          </ns3:TrackPointExtension>
        </extensions>
      </trkpt>
      <trkpt lat="42.4552922509610652923583984375" lon="-6.1591533757746219635009765625">
        <ele>949.5999755859375</ele>
        <time>2025-10-06T09:12:15.000Z</time>
        <extensions>
          <ns3:TrackPointExtension>
            <ns3:hr>94</ns3:hr>
            <ns3:cad>50</ns3:cad>
          </ns3:TrackPointExtension>
        </extensions>
      </trkpt>
      <trkpt lat="42.45529686100780963897705078125" lon="-6.15919268690049648284912109375">
        <ele>949.5999755859375</ele>
        <time>2025-10-06T09:12:18.000Z</time>
        <extensions>
          <ns3:TrackPointExtension>
            <ns3:hr>95</ns3:hr>
            <ns3:cad>50</ns3:cad>
          </ns3:TrackPointExtension>
        </extensions>
      </trkpt>
      <trkpt lat="42.45531094260513782501220703125" lon="-6.15926929749548435211181640625">
        <ele>949.5999755859375</ele>
        <time>2025-10-06T09:12:23.000Z</time>
        <extensions>
          <ns3:TrackPointExtension>
            <ns3:hr>98</ns3:hr>
            <ns3:cad>50</ns3:cad>
          </ns3:TrackPointExtension>
        </extensions>
      </trkpt>
      <trkpt lat="42.4553187377750873565673828125" lon="-6.1593461595475673675537109375">
        <ele>949.79998779296875</ele>
        <time>2025-10-06T09:12:29.000Z</time>
        <extensions>
          <ns3:TrackPointExtension>
            <ns3:hr>99</ns3:hr>
            <ns3:cad>53</ns3:cad>
          </ns3:TrackPointExtension>
        </extensions>
      </trkpt>
      <trkpt lat="42.45534027926623821258544921875" lon="-6.15948068909347057342529296875">
        <ele>950.20001220703125</ele>
        <time>2025-10-06T09:12:38.000Z</time>
        <extensions>
          <ns3:TrackPointExtension>
            <ns3:hr>99</ns3:hr>
            <ns3:cad>54</ns3:cad>
          </ns3:TrackPointExtension>
        </extensions>
      </trkpt>
      <trkpt lat="42.45535016991198062896728515625" lon="-6.159563250839710235595703125">
        <ele>950.20001220703125</ele>
        <time>2025-10-06T09:12:44.000Z</time>
        <extensions>
          <ns3:TrackPointExtension>
            <ns3:hr>96</ns3:hr>
            <ns3:cad>53</ns3:cad>
          </ns3:TrackPointExtension>
        </extensions>
      </trkpt>
      <trkpt lat="42.45535352267324924468994140625" lon="-6.159604489803314208984375">
        <ele>950.20001220703125</ele>
        <time>2025-10-06T09:12:47.000Z</time>
        <extensions>
          <ns3:TrackPointExtension>
            <ns3:hr>96</ns3:hr>
            <ns3:cad>54</ns3:cad>
          </ns3:TrackPointExtension>
        </extensions>
      </trkpt>
      <trkpt lat="42.45535989291965961456298828125" lon="-6.1596864648163318634033203125">
        <ele>950.5999755859375</ele>
        <time>2025-10-06T09:12:53.000Z</time>
        <extensions>
          <ns3:TrackPointExtension>
            <ns3:hr>94</ns3:hr>
            <ns3:cad>54</ns3:cad>
          </ns3:TrackPointExtension>
        </extensions>
      </trkpt>
      <trkpt lat="42.45536240749061107635498046875" lon="-6.15970817394554615020751953125">
        <ele>950.5999755859375</ele>
        <time>2025-10-06T09:12:55.000Z</time>
        <extensions>
          <ns3:TrackPointExtension>
            <ns3:hr>94</ns3:hr>
            <ns3:cad>53</ns3:cad>
          </ns3:TrackPointExtension>
        </extensions>
      </trkpt>
      <trkpt lat="42.4553864635527133941650390625" lon="-6.15982585586607456207275390625">
        <ele>950.4000244140625</ele>
        <time>2025-10-06T09:13:02.000Z</time>
        <extensions>
          <ns3:TrackPointExtension>
            <ns3:hr>93</ns3:hr>
            <ns3:cad>53</ns3:cad>
          </ns3:TrackPointExtension>
        </extensions>
      </trkpt>
      <trkpt lat="42.45540046133100986480712890625" lon="-6.15992543287575244903564453125">
        <ele>950.5999755859375</ele>
        <time>2025-10-06T09:13:09.000Z</time>
        <extensions>
          <ns3:TrackPointExtension>
            <ns3:hr>90</ns3:hr>
            <ns3:cad>55</ns3:cad>
          </ns3:TrackPointExtension>
        </extensions>
      </trkpt>
      <trkpt lat="42.45540347881615161895751953125" lon="-6.15994269959628582000732421875">
        <ele>950.5999755859375</ele>
        <time>2025-10-06T09:13:10.000Z</time>
        <extensions>
          <ns3:TrackPointExtension>
            <ns3:hr>90</ns3:hr>
            <ns3:cad>54</ns3:cad>
          </ns3:TrackPointExtension>
        </extensions>
      </trkpt>
      <trkpt lat="42.45541973970830440521240234375" lon="-6.16003808565437793731689453125">
        <ele>950.5999755859375</ele>
        <time>2025-10-06T09:13:16.000Z</time>
        <extensions>
          <ns3:TrackPointExtension>
            <ns3:hr>89</ns3:hr>
            <ns3:cad>53</ns3:cad>
          </ns3:TrackPointExtension>
        </extensions>
      </trkpt>
      <trkpt lat="42.45543331839144229888916015625" lon="-6.1601739563047885894775390625">
        <ele>950.5999755859375</ele>
        <time>2025-10-06T09:13:25.000Z</time>
        <extensions>
          <ns3:TrackPointExtension>
            <ns3:hr>89</ns3:hr>
            <ns3:cad>55</ns3:cad>
          </ns3:TrackPointExtension>
        </extensions>
      </trkpt>
      <trkpt lat="42.45545276440680027008056640625" lon="-6.16032575257122516632080078125">
        <ele>950.79998779296875</ele>
        <time>2025-10-06T09:13:35.000Z</time>
        <extensions>
          <ns3:TrackPointExtension>
            <ns3:hr>89</ns3:hr>
            <ns3:cad>55</ns3:cad>
          </ns3:TrackPointExtension>
        </extensions>
      </trkpt>
      <trkpt lat="42.4554535187780857086181640625" lon="-6.1604384891688823699951171875">
        <ele>951</ele>
        <time>2025-10-06T09:13:43.000Z</time>
        <extensions>
          <ns3:TrackPointExtension>
            <ns3:hr>89</ns3:hr>
            <ns3:cad>55</ns3:cad>
          </ns3:TrackPointExtension>
        </extensions>
      </trkpt>
      <trkpt lat="42.45546382851898670196533203125" lon="-6.1605551652610301971435546875">
        <ele>951</ele>
        <time>2025-10-06T09:13:50.000Z</time>
        <extensions>
          <ns3:TrackPointExtension>
            <ns3:hr>89</ns3:hr>
            <ns3:cad>55</ns3:cad>
          </ns3:TrackPointExtension>
        </extensions>
      </trkpt>
      <trkpt lat="42.45547614991664886474609375" lon="-6.16068516857922077178955078125">
        <ele>951.20001220703125</ele>
        <time>2025-10-06T09:13:59.000Z</time>
        <extensions>
          <ns3:TrackPointExtension>
            <ns3:hr>90</ns3:hr>
            <ns3:cad>55</ns3:cad>
          </ns3:TrackPointExtension>
        </extensions>
      </trkpt>
      <trkpt lat="42.455489225685596466064453125" lon="-6.16081492044031620025634765625">
        <ele>951.20001220703125</ele>
        <time>2025-10-06T09:14:07.000Z</time>
        <extensions>
          <ns3:TrackPointExtension>
            <ns3:hr>90</ns3:hr>
            <ns3:cad>56</ns3:cad>
          </ns3:TrackPointExtension>
        </extensions>
      </trkpt>
      <trkpt lat="42.45550037361681461334228515625" lon="-6.16097509860992431640625">
        <ele>951.4000244140625</ele>
        <time>2025-10-06T09:14:16.000Z</time>
        <extensions>
          <ns3:TrackPointExtension>
            <ns3:hr>89</ns3:hr>
            <ns3:cad>56</ns3:cad>
          </ns3:TrackPointExtension>
        </extensions>
      </trkpt>
      <trkpt lat="42.45552132837474346160888671875" lon="-6.1611150763928890228271484375">
        <ele>951.4000244140625</ele>
        <time>2025-10-06T09:14:26.000Z</time>
        <extensions>
          <ns3:TrackPointExtension>
            <ns3:hr>90</ns3:hr>
            <ns3:cad>56</ns3:cad>
          </ns3:TrackPointExtension>
        </extensions>
      </trkpt>
      <trkpt lat="42.45552099309861660003662109375" lon="-6.16113058291375637054443359375">
        <ele>951.5999755859375</ele>
        <time>2025-10-06T09:14:27.000Z</time>
        <extensions>
          <ns3:TrackPointExtension>
            <ns3:hr>90</ns3:hr>
            <ns3:cad>56</ns3:cad>
          </ns3:TrackPointExtension>
        </extensions>
      </trkpt>
      <trkpt lat="42.455529458820819854736328125" lon="-6.16125782020390033721923828125">
        <ele>951.5999755859375</ele>
        <time>2025-10-06T09:14:35.000Z</time>
        <extensions>
          <ns3:TrackPointExtension>
            <ns3:hr>90</ns3:hr>
            <ns3:cad>56</ns3:cad>
          </ns3:TrackPointExtension>
        </extensions>
      </trkpt>
      <trkpt lat="42.455541193485260009765625" lon="-6.16138346493244171142578125">
        <ele>951.79998779296875</ele>
        <time>2025-10-06T09:14:43.000Z</time>
        <extensions>
          <ns3:TrackPointExtension>
            <ns3:hr>89</ns3:hr>
            <ns3:cad>56</ns3:cad>
          </ns3:TrackPointExtension>
        </extensions>
      </trkpt>
      <trkpt lat="42.4555450491607189178466796875" lon="-6.16152335889637470245361328125">
        <ele>951.79998779296875</ele>
        <time>2025-10-06T09:14:52.000Z</time>
        <extensions>
          <ns3:TrackPointExtension>
            <ns3:hr>88</ns3:hr>
            <ns3:cad>55</ns3:cad>
          </ns3:TrackPointExtension>
        </extensions>
      </trkpt>
      <trkpt lat="42.45556390844285488128662109375" lon="-6.16162930615246295928955078125">
        <ele>952.20001220703125</ele>
        <time>2025-10-06T09:14:59.000Z</time>
        <extensions>
          <ns3:TrackPointExtension>
            <ns3:hr>88</ns3:hr>
            <ns3:cad>56</ns3:cad>
          </ns3:TrackPointExtension>
        </extensions>
      </trkpt>
      <trkpt lat="42.45555795729160308837890625" lon="-6.1617728881537914276123046875">
        <ele>952.20001220703125</ele>
        <time>2025-10-06T09:15:08.000Z</time>
        <extensions>
          <ns3:TrackPointExtension>
            <ns3:hr>89</ns3:hr>
            <ns3:cad>56</ns3:cad>
          </ns3:TrackPointExtension>
        </extensions>
      </trkpt>
      <trkpt lat="42.455572374165058135986328125" lon="-6.16192284040153026580810546875">
        <ele>952.4000244140625</ele>
        <time>2025-10-06T09:15:17.000Z</time>
        <extensions>
          <ns3:TrackPointExtension>
            <ns3:hr>89</ns3:hr>
            <ns3:cad>56</ns3:cad>
          </ns3:TrackPointExtension>
        </extensions>
      </trkpt>
      <trkpt lat="42.45556407608091831207275390625" lon="-6.16204370744526386260986328125">
        <ele>952.20001220703125</ele>
        <time>2025-10-06T09:15:25.000Z</time>
        <extensions>
          <ns3:TrackPointExtension>
            <ns3:hr>90</ns3:hr>
            <ns3:cad>55</ns3:cad>
          </ns3:TrackPointExtension>
        </extensions>
      </trkpt>
      <trkpt lat="42.4555447138845920562744140625" lon="-6.16218536160886287689208984375">
        <ele>952.20001220703125</ele>
        <time>2025-10-06T09:15:34.000Z</time>
        <extensions>
          <ns3:TrackPointExtension>
            <ns3:hr>90</ns3:hr>
            <ns3:cad>55</ns3:cad>
          </ns3:TrackPointExtension>
        </extensions>
      </trkpt>
      <trkpt lat="42.455551922321319580078125" lon="-6.162364482879638671875">
        <ele>952.4000244140625</ele>
        <time>2025-10-06T09:15:45.000Z</time>
        <extensions>
          <ns3:TrackPointExtension>
            <ns3:hr>89</ns3:hr>
            <ns3:cad>56</ns3:cad>
          </ns3:TrackPointExtension>
        </extensions>
      </trkpt>
      <trkpt lat="42.4555648304522037506103515625" lon="-6.16246397607028484344482421875">
        <ele>952.5999755859375</ele>
        <time>2025-10-06T09:15:51.000Z</time>
        <extensions>
          <ns3:TrackPointExtension>
            <ns3:hr>90</ns3:hr>
            <ns3:cad>56</ns3:cad>
          </ns3:TrackPointExtension>
        </extensions>
      </trkpt>
      <trkpt lat="42.455577068030834197998046875" lon="-6.1625104956328868865966796875">
        <ele>952.5999755859375</ele>
        <time>2025-10-06T09:15:54.000Z</time>
        <extensions>
          <ns3:TrackPointExtension>
            <ns3:hr>91</ns3:hr>
            <ns3:cad>56</ns3:cad>
          </ns3:TrackPointExtension>
        </extensions>
      </trkpt>
      <trkpt lat="42.455596514046192169189453125" lon="-6.1626717634499073028564453125">
        <ele>952.5999755859375</ele>
        <time>2025-10-06T09:16:05.000Z</time>
        <extensions>
          <ns3:TrackPointExtension>
            <ns3:hr>91</ns3:hr>
            <ns3:cad>56</ns3:cad>
          </ns3:TrackPointExtension>
        </extensions>
      </trkpt>
      <trkpt lat="42.45562694035470485687255859375" lon="-6.16282624192535877227783203125">
        <ele>952.79998779296875</ele>
        <time>2025-10-06T09:16:15.000Z</time>
        <extensions>
          <ns3:TrackPointExtension>
            <ns3:hr>90</ns3:hr>
            <ns3:cad>56</ns3:cad>
          </ns3:TrackPointExtension>
        </extensions>
      </trkpt>
      <trkpt lat="42.45565409772098064422607421875" lon="-6.16289396770298480987548828125">
        <ele>953</ele>
        <time>2025-10-06T09:16:23.000Z</time>
        <extensions>
          <ns3:TrackPointExtension>
            <ns3:hr>90</ns3:hr>
            <ns3:cad>0</ns3:cad>
          </ns3:TrackPointExtension>
        </extensions>
      </trkpt>
      <trkpt lat="42.45566256344318389892578125" lon="-6.16290084086358547210693359375">
        <ele>953.20001220703125</ele>
        <time>2025-10-06T09:16:34.000Z</time>
        <extensions>
          <ns3:TrackPointExtension>
            <ns3:hr>90</ns3:hr>
            <ns3:cad>0</ns3:cad>
          </ns3:TrackPointExtension>
        </extensions>
      </trkpt>
      <trkpt lat="42.45566784404218196868896484375" lon="-6.162912659347057342529296875">
        <ele>953.20001220703125</ele>
        <time>2025-10-06T09:16:43.000Z</time>
        <extensions>
          <ns3:TrackPointExtension>
            <ns3:hr>90</ns3:hr>
            <ns3:cad>0</ns3:cad>
          </ns3:TrackPointExtension>
        </extensions>
      </trkpt>
      <trkpt lat="42.4556851945817470550537109375" lon="-6.16300695575773715972900390625">
        <ele>952.79998779296875</ele>
        <time>2025-10-06T09:16:51.000Z</time>
        <extensions>
          <ns3:TrackPointExtension>
            <ns3:hr>90</ns3:hr>
            <ns3:cad>56</ns3:cad>
          </ns3:TrackPointExtension>
        </extensions>
      </trkpt>
      <trkpt lat="42.455708496272563934326171875" lon="-6.163163445889949798583984375">
        <ele>952.79998779296875</ele>
        <time>2025-10-06T09:17:01.000Z</time>
        <extensions>
          <ns3:TrackPointExtension>
            <ns3:hr>89</ns3:hr>
            <ns3:cad>55</ns3:cad>
          </ns3:TrackPointExtension>
        </extensions>
      </trkpt>
      <trkpt lat="42.4557410180568695068359375" lon="-6.1632786132395267486572265625">
        <ele>953</ele>
        <time>2025-10-06T09:17:09.000Z</time>
        <extensions>
          <ns3:TrackPointExtension>
            <ns3:hr>90</ns3:hr>
            <ns3:cad>55</ns3:cad>
          </ns3:TrackPointExtension>
        </extensions>
      </trkpt>
      <trkpt lat="42.455801032483577728271484375" lon="-6.16341263987123966217041015625">
        <ele>953.20001220703125</ele>
        <time>2025-10-06T09:17:19.000Z</time>
        <extensions>
          <ns3:TrackPointExtension>
            <ns3:hr>90</ns3:hr>
            <ns3:cad>55</ns3:cad>
          </ns3:TrackPointExtension>
        </extensions>
      </trkpt>
      <trkpt lat="42.45584704913198947906494140625" lon="-6.163583882153034210205078125">
        <ele>953.4000244140625</ele>
        <time>2025-10-06T09:17:31.000Z</time>
        <extensions>
          <ns3:TrackPointExtension>
            <ns3:hr>89</ns3:hr>
            <ns3:cad>55</ns3:cad>
          </ns3:TrackPointExtension>
        </extensions>
      </trkpt>
      <trkpt lat="42.455862052738666534423828125" lon="-6.16368220187723636627197265625">
        <ele>953.5999755859375</ele>
        <time>2025-10-06T09:17:37.000Z</time>
        <extensions>
          <ns3:TrackPointExtension>
            <ns3:hr>90</ns3:hr>
            <ns3:cad>54</ns3:cad>
          </ns3:TrackPointExtension>
        </extensions>
      </trkpt>
      <trkpt lat="42.45587688870728015899658203125" lon="-6.16375110112130641937255859375">
        <ele>953.79998779296875</ele>
        <time>2025-10-06T09:17:42.000Z</time>
        <extensions>
          <ns3:TrackPointExtension>
            <ns3:hr>91</ns3:hr>
            <ns3:cad>53</ns3:cad>
          </ns3:TrackPointExtension>
        </extensions>
      </trkpt>
      <trkpt lat="42.4559121765196323394775390625" lon="-6.1638904921710491180419921875">
        <ele>954</ele>
        <time>2025-10-06T09:17:51.000Z</time>
        <extensions>
          <ns3:TrackPointExtension>
            <ns3:hr>93</ns3:hr>
            <ns3:cad>55</ns3:cad>
          </ns3:TrackPointExtension>
        </extensions>
      </trkpt>
      <trkpt lat="42.455949224531650543212890625" lon="-6.16401881910860538482666015625">
        <ele>954</ele>
        <time>2025-10-06T09:17:59.000Z</time>
        <extensions>
          <ns3:TrackPointExtension>
            <ns3:hr>95</ns3:hr>
            <ns3:cad>55</ns3:cad>
          </ns3:TrackPointExtension>
        </extensions>
      </trkpt>
      <trkpt lat="42.45596288703382015228271484375" lon="-6.16410649381577968597412109375">
        <ele>954.5999755859375</ele>
        <time>2025-10-06T09:18:05.000Z</time>
        <extensions>
          <ns3:TrackPointExtension>
            <ns3:hr>96</ns3:hr>
            <ns3:cad>54</ns3:cad>
          </ns3:TrackPointExtension>
        </extensions>
      </trkpt>
      <trkpt lat="42.45596707798540592193603515625" lon="-6.1641245149075984954833984375">
        <ele>954.5999755859375</ele>
        <time>2025-10-06T09:18:06.000Z</time>
        <extensions>
          <ns3:TrackPointExtension>
            <ns3:hr>96</ns3:hr>
            <ns3:cad>54</ns3:cad>
          </ns3:TrackPointExtension>
        </extensions>
      </trkpt>
      <trkpt lat="42.456002868711948394775390625" lon="-6.164311431348323822021484375">
        <ele>954.5999755859375</ele>
        <time>2025-10-06T09:18:18.000Z</time>
        <extensions>
          <ns3:TrackPointExtension>
            <ns3:hr>97</ns3:hr>
            <ns3:cad>55</ns3:cad>
          </ns3:TrackPointExtension>
        </extensions>
      </trkpt>
      <trkpt lat="42.45603430084884166717529296875" lon="-6.16444746963679790496826171875">
        <ele>955</ele>
        <time>2025-10-06T09:18:27.000Z</time>
        <extensions>
          <ns3:TrackPointExtension>
            <ns3:hr>98</ns3:hr>
            <ns3:cad>53</ns3:cad>
          </ns3:TrackPointExtension>
        </extensions>
      </trkpt>
      <trkpt lat="42.4560754559934139251708984375" lon="-6.164598762989044189453125">
        <ele>955</ele>
        <time>2025-10-06T09:18:37.000Z</time>
        <extensions>
          <ns3:TrackPointExtension>
            <ns3:hr>97</ns3:hr>
            <ns3:cad>55</ns3:cad>
          </ns3:TrackPointExtension>
        </extensions>
      </trkpt>
      <trkpt lat="42.4561073072254657745361328125" lon="-6.16471284069120883941650390625">
        <ele>955.20001220703125</ele>
        <time>2025-10-06T09:18:45.000Z</time>
        <extensions>
          <ns3:TrackPointExtension>
            <ns3:hr>98</ns3:hr>
            <ns3:cad>55</ns3:cad>
          </ns3:TrackPointExtension>
        </extensions>
      </trkpt>
      <trkpt lat="42.4561066366732120513916015625" lon="-6.16484527476131916046142578125">
        <ele>955</ele>
        <time>2025-10-06T09:18:53.000Z</time>
        <extensions>
          <ns3:TrackPointExtension>
            <ns3:hr>97</ns3:hr>
            <ns3:cad>55</ns3:cad>
          </ns3:TrackPointExtension>
        </extensions>
      </trkpt>
      <trkpt lat="42.4561203829944133758544921875" lon="-6.16496555507183074951171875">
        <ele>955</ele>
        <time>2025-10-06T09:19:00.000Z</time>
        <extensions>
          <ns3:TrackPointExtension>
            <ns3:hr>94</ns3:hr>
            <ns3:cad>56</ns3:cad>
          </ns3:TrackPointExtension>
        </extensions>
      </trkpt>
      <trkpt lat="42.4561270885169506072998046875" lon="-6.16499371826648712158203125">
        <ele>955</ele>
        <time>2025-10-06T09:19:02.000Z</time>
        <extensions>
          <ns3:TrackPointExtension>
            <ns3:hr>94</ns3:hr>
            <ns3:cad>56</ns3:cad>
          </ns3:TrackPointExtension>
        </extensions>
      </trkpt>
      <trkpt lat="42.45615097694098949432373046875" lon="-6.1651229672133922576904296875">
        <ele>955.20001220703125</ele>
        <time>2025-10-06T09:19:11.000Z</time>
        <extensions>
          <ns3:TrackPointExtension>
            <ns3:hr>93</ns3:hr>
            <ns3:cad>55</ns3:cad>
          </ns3:TrackPointExtension>
        </extensions>
      </trkpt>
      <trkpt lat="42.45616874657571315765380859375" lon="-6.16524316370487213134765625">
        <ele>955.4000244140625</ele>
        <time>2025-10-06T09:19:18.000Z</time>
        <extensions>
          <ns3:TrackPointExtension>
            <ns3:hr>92</ns3:hr>
            <ns3:cad>55</ns3:cad>
          </ns3:TrackPointExtension>
        </extensions>
      </trkpt>
      <trkpt lat="42.4561770446598529815673828125" lon="-6.16528750397264957427978515625">
        <ele>955.5999755859375</ele>
        <time>2025-10-06T09:19:21.000Z</time>
        <extensions>
          <ns3:TrackPointExtension>
            <ns3:hr>92</ns3:hr>
            <ns3:cad>55</ns3:cad>
          </ns3:TrackPointExtension>
        </extensions>
      </trkpt>
      <trkpt lat="42.4562088958919048309326171875" lon="-6.1654032580554485321044921875">
        <ele>956</ele>
        <time>2025-10-06T09:19:29.000Z</time>
        <extensions>
          <ns3:TrackPointExtension>
            <ns3:hr>93</ns3:hr>
            <ns3:cad>55</ns3:cad>
          </ns3:TrackPointExtension>
        </extensions>
      </trkpt>
      <trkpt lat="42.45623814873397350311279296875" lon="-6.16554114036262035369873046875">
        <ele>956.4000244140625</ele>
        <time>2025-10-06T09:19:38.000Z</time>
        <extensions>
          <ns3:TrackPointExtension>
            <ns3:hr>94</ns3:hr>
            <ns3:cad>53</ns3:cad>
          </ns3:TrackPointExtension>
        </extensions>
      </trkpt>
      <trkpt lat="42.456255666911602020263671875" lon="-6.16562244482338428497314453125">
        <ele>956.5999755859375</ele>
        <time>2025-10-06T09:19:44.000Z</time>
        <extensions>
          <ns3:TrackPointExtension>
            <ns3:hr>96</ns3:hr>
            <ns3:cad>53</ns3:cad>
          </ns3:TrackPointExtension>
        </extensions>
      </trkpt>
      <trkpt lat="42.4562715925276279449462890625" lon="-6.16570458747446537017822265625">
        <ele>957.4000244140625</ele>
        <time>2025-10-06T09:19:50.000Z</time>
        <extensions>
          <ns3:TrackPointExtension>
            <ns3:hr>98</ns3:hr>
            <ns3:cad>51</ns3:cad>
          </ns3:TrackPointExtension>
        </extensions>
      </trkpt>
      <trkpt lat="42.45627771131694316864013671875" lon="-6.16572202183306217193603515625">
        <ele>957.4000244140625</ele>
        <time>2025-10-06T09:19:56.000Z</time>
        <extensions>
          <ns3:TrackPointExtension>
            <ns3:hr>100</ns3:hr>
            <ns3:cad>0</ns3:cad>
          </ns3:TrackPointExtension>
        </extensions>
      </trkpt>
      <trkpt lat="42.45629598386585712432861328125" lon="-6.16585261188447475433349609375">
        <ele>957.20001220703125</ele>
        <time>2025-10-06T09:20:04.000Z</time>
        <extensions>
          <ns3:TrackPointExtension>
            <ns3:hr>100</ns3:hr>
            <ns3:cad>54</ns3:cad>
          </ns3:TrackPointExtension>
        </extensions>
      </trkpt>
      <trkpt lat="42.45632263831794261932373046875" lon="-6.165986470878124237060546875">
        <ele>957</ele>
        <time>2025-10-06T09:20:13.000Z</time>
        <extensions>
          <ns3:TrackPointExtension>
            <ns3:hr>98</ns3:hr>
            <ns3:cad>55</ns3:cad>
          </ns3:TrackPointExtension>
        </extensions>
      </trkpt>
      <trkpt lat="42.4563493765890598297119140625" lon="-6.166113205254077911376953125">
        <ele>957.20001220703125</ele>
        <time>2025-10-06T09:20:21.000Z</time>
        <extensions>
          <ns3:TrackPointExtension>
            <ns3:hr>99</ns3:hr>
            <ns3:cad>56</ns3:cad>
          </ns3:TrackPointExtension>
        </extensions>
      </trkpt>
      <trkpt lat="42.4563740193843841552734375" lon="-6.1662442982196807861328125">
        <ele>957.4000244140625</ele>
        <time>2025-10-06T09:20:29.000Z</time>
        <extensions>
          <ns3:TrackPointExtension>
            <ns3:hr>99</ns3:hr>
            <ns3:cad>55</ns3:cad>
          </ns3:TrackPointExtension>
        </extensions>
      </trkpt>
      <trkpt lat="42.45640846900641918182373046875" lon="-6.16639173589646816253662109375">
        <ele>957.5999755859375</ele>
        <time>2025-10-06T09:20:39.000Z</time>
        <extensions>
          <ns3:TrackPointExtension>
            <ns3:hr>98</ns3:hr>
            <ns3:cad>55</ns3:cad>
          </ns3:TrackPointExtension>
        </extensions>
      </trkpt>
      <trkpt lat="42.456429339945316314697265625" lon="-6.1664724536240100860595703125">
        <ele>957.79998779296875</ele>
        <time>2025-10-06T09:20:44.000Z</time>
        <extensions>
          <ns3:TrackPointExtension>
            <ns3:hr>97</ns3:hr>
            <ns3:cad>55</ns3:cad>
          </ns3:TrackPointExtension>
        </extensions>
      </trkpt>
      <trkpt lat="42.45643646456301212310791015625" lon="-6.1665180511772632598876953125">
        <ele>957.79998779296875</ele>
        <time>2025-10-06T09:20:48.000Z</time>
        <extensions>
          <ns3:TrackPointExtension>
            <ns3:hr>98</ns3:hr>
            <ns3:cad>55</ns3:cad>
          </ns3:TrackPointExtension>
        </extensions>
      </trkpt>
      <trkpt lat="42.45645289309322834014892578125" lon="-6.16662089712917804718017578125">
        <ele>958</ele>
        <time>2025-10-06T09:20:54.000Z</time>
        <extensions>
          <ns3:TrackPointExtension>
            <ns3:hr>99</ns3:hr>
            <ns3:cad>55</ns3:cad>
          </ns3:TrackPointExtension>
        </extensions>
      </trkpt>
      <trkpt lat="42.4564757756888866424560546875" lon="-6.1667614616453647613525390625">
        <ele>958.20001220703125</ele>
        <time>2025-10-06T09:21:03.000Z</time>
        <extensions>
          <ns3:TrackPointExtension>
            <ns3:hr>99</ns3:hr>
            <ns3:cad>55</ns3:cad>
          </ns3:TrackPointExtension>
        </extensions>
      </trkpt>
      <trkpt lat="42.4565119855105876922607421875" lon="-6.16688861511647701263427734375">
        <ele>958.20001220703125</ele>
        <time>2025-10-06T09:21:12.000Z</time>
        <extensions>
          <ns3:TrackPointExtension>
            <ns3:hr>98</ns3:hr>
            <ns3:cad>55</ns3:cad>
          </ns3:TrackPointExtension>
        </extensions>
      </trkpt>
      <trkpt lat="42.4565351195633411407470703125" lon="-6.16700110025703907012939453125">
        <ele>958.4000244140625</ele>
        <time>2025-10-06T09:21:19.000Z</time>
        <extensions>
          <ns3:TrackPointExtension>
            <ns3:hr>95</ns3:hr>
            <ns3:cad>55</ns3:cad>
          </ns3:TrackPointExtension>
        </extensions>
      </trkpt>
      <trkpt lat="42.4565384723246097564697265625" lon="-6.167015768587589263916015625">
        <ele>958.4000244140625</ele>
        <time>2025-10-06T09:21:20.000Z</time>
        <extensions>
          <ns3:TrackPointExtension>
            <ns3:hr>94</ns3:hr>
            <ns3:cad>55</ns3:cad>
          </ns3:TrackPointExtension>
        </extensions>
      </trkpt>
      <trkpt lat="42.456560432910919189453125" lon="-6.16714091040194034576416015625">
        <ele>958.5999755859375</ele>
        <time>2025-10-06T09:21:29.000Z</time>
        <extensions>
          <ns3:TrackPointExtension>
            <ns3:hr>92</ns3:hr>
            <ns3:cad>53</ns3:cad>
          </ns3:TrackPointExtension>
        </extensions>
      </trkpt>
      <trkpt lat="42.45657593943178653717041015625" lon="-6.16725188679993152618408203125">
        <ele>958.5999755859375</ele>
        <time>2025-10-06T09:21:36.000Z</time>
        <extensions>
          <ns3:TrackPointExtension>
            <ns3:hr>92</ns3:hr>
            <ns3:cad>56</ns3:cad>
          </ns3:TrackPointExtension>
        </extensions>
      </trkpt>
      <trkpt lat="42.45660812593996524810791015625" lon="-6.167375184595584869384765625">
        <ele>958.79998779296875</ele>
        <time>2025-10-06T09:21:44.000Z</time>
        <extensions>
          <ns3:TrackPointExtension>
            <ns3:hr>91</ns3:hr>
            <ns3:cad>55</ns3:cad>
          </ns3:TrackPointExtension>
        </extensions>
      </trkpt>
      <trkpt lat="42.45661466382443904876708984375" lon="-6.1674018390476703643798828125">
        <ele>958.79998779296875</ele>
        <time>2025-10-06T09:21:46.000Z</time>
        <extensions>
          <ns3:TrackPointExtension>
            <ns3:hr>91</ns3:hr>
            <ns3:cad>55</ns3:cad>
          </ns3:TrackPointExtension>
        </extensions>
      </trkpt>
      <trkpt lat="42.4566387198865413665771484375" lon="-6.16753351874649524688720703125">
        <ele>958.79998779296875</ele>
        <time>2025-10-06T09:21:54.000Z</time>
        <extensions>
          <ns3:TrackPointExtension>
            <ns3:hr>91</ns3:hr>
            <ns3:cad>55</ns3:cad>
          </ns3:TrackPointExtension>
        </extensions>
      </trkpt>
      <trkpt lat="42.45665908791124820709228515625" lon="-6.167660169303417205810546875">
        <ele>959</ele>
        <time>2025-10-06T09:22:02.000Z</time>
        <extensions>
          <ns3:TrackPointExtension>
            <ns3:hr>93</ns3:hr>
            <ns3:cad>56</ns3:cad>
          </ns3:TrackPointExtension>
        </extensions>
      </trkpt>
      <trkpt lat="42.4566866643726825714111328125" lon="-6.16780693642795085906982421875">
        <ele>959.20001220703125</ele>
        <time>2025-10-06T09:22:11.000Z</time>
        <extensions>
          <ns3:TrackPointExtension>
            <ns3:hr>94</ns3:hr>
            <ns3:cad>56</ns3:cad>
          </ns3:TrackPointExtension>
        </extensions>
      </trkpt>
      <trkpt lat="42.45671893469989299774169921875" lon="-6.1679475009441375732421875">
        <ele>959.20001220703125</ele>
        <time>2025-10-06T09:22:20.000Z</time>
        <extensions>
          <ns3:TrackPointExtension>
            <ns3:hr>93</ns3:hr>
            <ns3:cad>55</ns3:cad>
          </ns3:TrackPointExtension>
        </extensions>
      </trkpt>
      <trkpt lat="42.45674123056232929229736328125" lon="-6.16805319674313068389892578125">
        <ele>959.20001220703125</ele>
        <time>2025-10-06T09:22:28.000Z</time>
        <extensions>
          <ns3:TrackPointExtension>
            <ns3:hr>93</ns3:hr>
            <ns3:cad>56</ns3:cad>
          </ns3:TrackPointExtension>
        </extensions>
      </trkpt>
      <trkpt lat="42.4567580781877040863037109375" lon="-6.16814673878252506256103515625">
        <ele>959.20001220703125</ele>
        <time>2025-10-06T09:22:33.000Z</time>
        <extensions>
          <ns3:TrackPointExtension>
            <ns3:hr>93</ns3:hr>
            <ns3:cad>56</ns3:cad>
          </ns3:TrackPointExtension>
        </extensions>
      </trkpt>
      <trkpt lat="42.456774003803730010986328125" lon="-6.16826643235981464385986328125">
        <ele>959.20001220703125</ele>
        <time>2025-10-06T09:22:41.000Z</time>
        <extensions>
          <ns3:TrackPointExtension>
            <ns3:hr>92</ns3:hr>
            <ns3:cad>56</ns3:cad>
          </ns3:TrackPointExtension>
        </extensions>
      </trkpt>
      <trkpt lat="42.4567983113229274749755859375" lon="-6.16840121336281299591064453125">
        <ele>959.4000244140625</ele>
        <time>2025-10-06T09:22:49.000Z</time>
        <extensions>
          <ns3:TrackPointExtension>
            <ns3:hr>93</ns3:hr>
            <ns3:cad>56</ns3:cad>
          </ns3:TrackPointExtension>
        </extensions>
      </trkpt>
      <trkpt lat="42.45681700296700000762939453125" lon="-6.168499030172824859619140625">
        <ele>959.20001220703125</ele>
        <time>2025-10-06T09:22:57.000Z</time>
        <extensions>
          <ns3:TrackPointExtension>
            <ns3:hr>94</ns3:hr>
            <ns3:cad>56</ns3:cad>
          </ns3:TrackPointExtension>
        </extensions>
      </trkpt>
      <trkpt lat="42.45684198103845119476318359375" lon="-6.16862551309168338775634765625">
        <ele>959</ele>
        <time>2025-10-06T09:23:04.000Z</time>
        <extensions>
          <ns3:TrackPointExtension>
            <ns3:hr>95</ns3:hr>
            <ns3:cad>56</ns3:cad>
          </ns3:TrackPointExtension>
        </extensions>
      </trkpt>
      <trkpt lat="42.45685874484479427337646484375" lon="-6.16873137652873992919921875">
        <ele>959.20001220703125</ele>
        <time>2025-10-06T09:23:12.000Z</time>
        <extensions>
          <ns3:TrackPointExtension>
            <ns3:hr>95</ns3:hr>
            <ns3:cad>54</ns3:cad>
          </ns3:TrackPointExtension>
        </extensions>
      </trkpt>
      <trkpt lat="42.45688355527818202972412109375" lon="-6.16884671151638031005859375">
        <ele>959</ele>
        <time>2025-10-06T09:23:20.000Z</time>
        <extensions>
          <ns3:TrackPointExtension>
            <ns3:hr>95</ns3:hr>
            <ns3:cad>55</ns3:cad>
          </ns3:TrackPointExtension>
        </extensions>
      </trkpt>
      <trkpt lat="42.45690668933093547821044921875" lon="-6.1689612083137035369873046875">
        <ele>959</ele>
        <time>2025-10-06T09:23:26.000Z</time>
        <extensions>
          <ns3:TrackPointExtension>
            <ns3:hr>94</ns3:hr>
            <ns3:cad>55</ns3:cad>
          </ns3:TrackPointExtension>
        </extensions>
      </trkpt>
      <trkpt lat="42.4569292366504669189453125" lon="-6.1690802313387393951416015625">
        <ele>958.79998779296875</ele>
        <time>2025-10-06T09:23:35.000Z</time>
        <extensions>
          <ns3:TrackPointExtension>
            <ns3:hr>93</ns3:hr>
            <ns3:cad>56</ns3:cad>
          </ns3:TrackPointExtension>
        </extensions>
      </trkpt>
      <trkpt lat="42.45695815421640872955322265625" lon="-6.16920336149632930755615234375">
        <ele>958.79998779296875</ele>
        <time>2025-10-06T09:23:42.000Z</time>
        <extensions>
          <ns3:TrackPointExtension>
            <ns3:hr>92</ns3:hr>
            <ns3:cad>56</ns3:cad>
          </ns3:TrackPointExtension>
        </extensions>
      </trkpt>
      <trkpt lat="42.45697558857500553131103515625" lon="-6.16932422854006290435791015625">
        <ele>958.79998779296875</ele>
        <time>2025-10-06T09:23:50.000Z</time>
        <extensions>
          <ns3:TrackPointExtension>
            <ns3:hr>91</ns3:hr>
            <ns3:cad>56</ns3:cad>
          </ns3:TrackPointExtension>
        </extensions>
      </trkpt>
      <trkpt lat="42.4570038355886936187744140625" lon="-6.16947744973003864288330078125">
        <ele>958.79998779296875</ele>
        <time>2025-10-06T09:23:59.000Z</time>
        <extensions>
          <ns3:TrackPointExtension>
            <ns3:hr>89</ns3:hr>
            <ns3:cad>56</ns3:cad>
          </ns3:TrackPointExtension>
        </extensions>
      </trkpt>
      <trkpt lat="42.4570326693356037139892578125" lon="-6.16958859376609325408935546875">
        <ele>958.79998779296875</ele>
        <time>2025-10-06T09:24:07.000Z</time>
        <extensions>
          <ns3:TrackPointExtension>
            <ns3:hr>89</ns3:hr>
            <ns3:cad>56</ns3:cad>
          </ns3:TrackPointExtension>
        </extensions>
      </trkpt>
      <trkpt lat="42.4570615030825138092041015625" lon="-6.16972488351166248321533203125">
        <ele>959</ele>
        <time>2025-10-06T09:24:16.000Z</time>
        <extensions>
          <ns3:TrackPointExtension>
            <ns3:hr>88</ns3:hr>
            <ns3:cad>0</ns3:cad>
          </ns3:TrackPointExtension>
        </extensions>
      </trkpt>
      <trkpt lat="42.457074411213397979736328125" lon="-6.169810630381107330322265625">
        <ele>958.79998779296875</ele>
        <time>2025-10-06T09:24:25.000Z</time>
        <extensions>
          <ns3:TrackPointExtension>
            <ns3:hr>88</ns3:hr>
            <ns3:cad>0</ns3:cad>
          </ns3:TrackPointExtension>
        </extensions>
      </trkpt>
      <trkpt lat="42.45708975009620189666748046875" lon="-6.1698631010949611663818359375">
        <ele>958.5999755859375</ele>
        <time>2025-10-06T09:24:32.000Z</time>
        <extensions>
          <ns3:TrackPointExtension>
            <ns3:hr>87</ns3:hr>
            <ns3:cad>55</ns3:cad>
          </ns3:TrackPointExtension>
        </extensions>
      </trkpt>
      <trkpt lat="42.45712311007082462310791015625" lon="-6.17002512328326702117919921875">
        <ele>959.20001220703125</ele>
        <time>2025-10-06T09:24:43.000Z</time>
        <extensions>
          <ns3:TrackPointExtension>
            <ns3:hr>87</ns3:hr>
            <ns3:cad>54</ns3:cad>
          </ns3:TrackPointExtension>
        </extensions>
      </trkpt>
      <trkpt lat="42.4571493454277515411376953125" lon="-6.1701504327356815338134765625">
        <ele>959.20001220703125</ele>
        <time>2025-10-06T09:24:51.000Z</time>
        <extensions>
          <ns3:TrackPointExtension>
            <ns3:hr>87</ns3:hr>
            <ns3:cad>56</ns3:cad>
          </ns3:TrackPointExtension>
        </extensions>
      </trkpt>
      <trkpt lat="42.4571892432868480682373046875" lon="-6.1703636683523654937744140625">
        <ele>959.4000244140625</ele>
        <time>2025-10-06T09:25:04.000Z</time>
        <extensions>
          <ns3:TrackPointExtension>
            <ns3:hr>91</ns3:hr>
            <ns3:cad>56</ns3:cad>
          </ns3:TrackPointExtension>
        </extensions>
      </trkpt>
      <trkpt lat="42.45721581391990184783935546875" lon="-6.17048746906220912933349609375">
        <ele>959.4000244140625</ele>
        <time>2025-10-06T09:25:12.000Z</time>
        <extensions>
          <ns3:TrackPointExtension>
            <ns3:hr>94</ns3:hr>
            <ns3:cad>57</ns3:cad>
          </ns3:TrackPointExtension>
        </extensions>
      </trkpt>
      <trkpt lat="42.45723123662173748016357421875" lon="-6.170574724674224853515625">
        <ele>959.5999755859375</ele>
        <time>2025-10-06T09:25:17.000Z</time>
        <extensions>
          <ns3:TrackPointExtension>
            <ns3:hr>95</ns3:hr>
            <ns3:cad>57</ns3:cad>
          </ns3:TrackPointExtension>
        </extensions>
      </trkpt>
      <trkpt lat="42.45724582113325595855712890625" lon="-6.17067723535001277923583984375">
        <ele>959.79998779296875</ele>
        <time>2025-10-06T09:25:23.000Z</time>
        <extensions>
          <ns3:TrackPointExtension>
            <ns3:hr>94</ns3:hr>
            <ns3:cad>57</ns3:cad>
          </ns3:TrackPointExtension>
        </extensions>
      </trkpt>
      <trkpt lat="42.4572512693703174591064453125" lon="-6.17071621119976043701171875">
        <ele>959.79998779296875</ele>
        <time>2025-10-06T09:25:25.000Z</time>
        <extensions>
          <ns3:TrackPointExtension>
            <ns3:hr>95</ns3:hr>
            <ns3:cad>57</ns3:cad>
          </ns3:TrackPointExtension>
        </extensions>
      </trkpt>
      <trkpt lat="42.4572733975946903228759765625" lon="-6.170809082686901092529296875">
        <ele>960</ele>
        <time>2025-10-06T09:25:31.000Z</time>
        <extensions>
          <ns3:TrackPointExtension>
            <ns3:hr>95</ns3:hr>
            <ns3:cad>56</ns3:cad>
          </ns3:TrackPointExtension>
        </extensions>
      </trkpt>
      <trkpt lat="42.45730298571288585662841796875" lon="-6.17095358669757843017578125">
        <ele>960</ele>
        <time>2025-10-06T09:25:40.000Z</time>
        <extensions>
          <ns3:TrackPointExtension>
            <ns3:hr>94</ns3:hr>
            <ns3:cad>56</ns3:cad>
          </ns3:TrackPointExtension>
        </extensions>
      </trkpt>
      <trkpt lat="42.4573407880961894989013671875" lon="-6.17114611901342868804931640625">
        <ele>960.20001220703125</ele>
        <time>2025-10-06T09:25:52.000Z</time>
        <extensions>
          <ns3:TrackPointExtension>
            <ns3:hr>95</ns3:hr>
            <ns3:cad>57</ns3:cad>
          </ns3:TrackPointExtension>
        </extensions>
      </trkpt>
      <trkpt lat="42.45737087912857532501220703125" lon="-6.1713202111423015594482421875">
        <ele>960.20001220703125</ele>
        <time>2025-10-06T09:26:02.000Z</time>
        <extensions>
          <ns3:TrackPointExtension>
            <ns3:hr>96</ns3:hr>
            <ns3:cad>57</ns3:cad>
          </ns3:TrackPointExtension>
        </extensions>
      </trkpt>
      <trkpt lat="42.45739585720002651214599609375" lon="-6.17147368378937244415283203125">
        <ele>960.4000244140625</ele>
        <time>2025-10-06T09:26:11.000Z</time>
        <extensions>
          <ns3:TrackPointExtension>
            <ns3:hr>96</ns3:hr>
            <ns3:cad>57</ns3:cad>
          </ns3:TrackPointExtension>
        </extensions>
      </trkpt>
      <trkpt lat="42.4574272893369197845458984375" lon="-6.1716253124177455902099609375">
        <ele>960.5999755859375</ele>
        <time>2025-10-06T09:26:20.000Z</time>
        <extensions>
          <ns3:TrackPointExtension>
            <ns3:hr>95</ns3:hr>
            <ns3:cad>57</ns3:cad>
          </ns3:TrackPointExtension>
        </extensions>
      </trkpt>
      <trkpt lat="42.4574544467031955718994140625" lon="-6.17174006067216396331787109375">
        <ele>960.79998779296875</ele>
        <time>2025-10-06T09:26:27.000Z</time>
        <extensions>
          <ns3:TrackPointExtension>
            <ns3:hr>96</ns3:hr>
            <ns3:cad>57</ns3:cad>
          </ns3:TrackPointExtension>
        </extensions>
      </trkpt>
      <trkpt lat="42.45746341533958911895751953125" lon="-6.17178582586348056793212890625">
        <ele>960.79998779296875</ele>
        <time>2025-10-06T09:26:30.000Z</time>
        <extensions>
          <ns3:TrackPointExtension>
            <ns3:hr>97</ns3:hr>
            <ns3:cad>57</ns3:cad>
          </ns3:TrackPointExtension>
        </extensions>
      </trkpt>
      <trkpt lat="42.45749694295227527618408203125" lon="-6.17194726131856441497802734375">
        <ele>960.79998779296875</ele>
        <time>2025-10-06T09:26:40.000Z</time>
        <extensions>
          <ns3:TrackPointExtension>
            <ns3:hr>95</ns3:hr>
            <ns3:cad>56</ns3:cad>
          </ns3:TrackPointExtension>
        </extensions>
      </trkpt>
      <trkpt lat="42.45751731097698211669921875" lon="-6.17212462238967418670654296875">
        <ele>961.20001220703125</ele>
        <time>2025-10-06T09:26:50.000Z</time>
        <extensions>
          <ns3:TrackPointExtension>
            <ns3:hr>95</ns3:hr>
            <ns3:cad>57</ns3:cad>
          </ns3:TrackPointExtension>
        </extensions>
      </trkpt>
      <trkpt lat="42.45756299234926700592041015625" lon="-6.1723220162093639373779296875">
        <ele>961.4000244140625</ele>
        <time>2025-10-06T09:27:02.000Z</time>
        <extensions>
          <ns3:TrackPointExtension>
            <ns3:hr>96</ns3:hr>
            <ns3:cad>57</ns3:cad>
          </ns3:TrackPointExtension>
        </extensions>
      </trkpt>
      <trkpt lat="42.4575942568480968475341796875" lon="-6.17247632704675197601318359375">
        <ele>961.5999755859375</ele>
        <time>2025-10-06T09:27:11.000Z</time>
        <extensions>
          <ns3:TrackPointExtension>
            <ns3:hr>99</ns3:hr>
            <ns3:cad>57</ns3:cad>
          </ns3:TrackPointExtension>
        </extensions>
      </trkpt>
      <trkpt lat="42.457601130008697509765625" lon="-6.17251002229750156402587890625">
        <ele>961.4000244140625</ele>
        <time>2025-10-06T09:27:13.000Z</time>
        <extensions>
          <ns3:TrackPointExtension>
            <ns3:hr>98</ns3:hr>
            <ns3:cad>57</ns3:cad>
          </ns3:TrackPointExtension>
        </extensions>
      </trkpt>
      <trkpt lat="42.4576180614531040191650390625" lon="-6.17259384132921695709228515625">
        <ele>961.79998779296875</ele>
        <time>2025-10-06T09:27:18.000Z</time>
        <extensions>
          <ns3:TrackPointExtension>
            <ns3:hr>98</ns3:hr>
            <ns3:cad>57</ns3:cad>
          </ns3:TrackPointExtension>
        </extensions>
      </trkpt>
      <trkpt lat="42.45764597319066524505615234375" lon="-6.172700040042400360107421875">
        <ele>961.79998779296875</ele>
        <time>2025-10-06T09:27:25.000Z</time>
        <extensions>
          <ns3:TrackPointExtension>
            <ns3:hr>97</ns3:hr>
            <ns3:cad>57</ns3:cad>
          </ns3:TrackPointExtension>
        </extensions>
      </trkpt>
      <trkpt lat="42.45767061598598957061767578125" lon="-6.172883771359920501708984375">
        <ele>962.20001220703125</ele>
        <time>2025-10-06T09:27:36.000Z</time>
        <extensions>
          <ns3:TrackPointExtension>
            <ns3:hr>96</ns3:hr>
            <ns3:cad>57</ns3:cad>
          </ns3:TrackPointExtension>
        </extensions>
      </trkpt>
      <trkpt lat="42.45770649053156375885009765625" lon="-6.17306926287710666656494140625">
        <ele>962.79998779296875</ele>
        <time>2025-10-06T09:27:47.000Z</time>
        <extensions>
          <ns3:TrackPointExtension>
            <ns3:hr>97</ns3:hr>
            <ns3:cad>57</ns3:cad>
          </ns3:TrackPointExtension>
        </extensions>
      </trkpt>
      <trkpt lat="42.4577159620821475982666015625" lon="-6.1731223203241825103759765625">
        <ele>962.79998779296875</ele>
        <time>2025-10-06T09:27:50.000Z</time>
        <extensions>
          <ns3:TrackPointExtension>
            <ns3:hr>98</ns3:hr>
            <ns3:cad>57</ns3:cad>
          </ns3:TrackPointExtension>
        </extensions>
      </trkpt>
      <trkpt lat="42.45775057934224605560302734375" lon="-6.17326699197292327880859375">
        <ele>963</ele>
        <time>2025-10-06T09:27:59.000Z</time>
        <extensions>
          <ns3:TrackPointExtension>
            <ns3:hr>99</ns3:hr>
            <ns3:cad>57</ns3:cad>
          </ns3:TrackPointExtension>
        </extensions>
      </trkpt>
      <trkpt lat="42.4577947519719600677490234375" lon="-6.1734689958393573760986328125">
        <ele>963.5999755859375</ele>
        <time>2025-10-06T09:28:11.000Z</time>
        <extensions>
          <ns3:TrackPointExtension>
            <ns3:hr>100</ns3:hr>
            <ns3:cad>57</ns3:cad>
          </ns3:TrackPointExtension>
        </extensions>
      </trkpt>
      <trkpt lat="42.45780372060835361480712890625" lon="-6.173522472381591796875">
        <ele>963.79998779296875</ele>
        <time>2025-10-06T09:28:14.000Z</time>
        <extensions>
          <ns3:TrackPointExtension>
            <ns3:hr>100</ns3:hr>
            <ns3:cad>57</ns3:cad>
          </ns3:TrackPointExtension>
        </extensions>
      </trkpt>
      <trkpt lat="42.4578359909355640411376953125" lon="-6.173706538975238800048828125">
        <ele>964.20001220703125</ele>
        <time>2025-10-06T09:28:25.000Z</time>
        <extensions>
          <ns3:TrackPointExtension>
            <ns3:hr>102</ns3:hr>
            <ns3:cad>57</ns3:cad>
          </ns3:TrackPointExtension>
        </extensions>
      </trkpt>
      <trkpt lat="42.457864321768283843994140625" lon="-6.17385665886104106903076171875">
        <ele>964.4000244140625</ele>
        <time>2025-10-06T09:28:34.000Z</time>
        <extensions>
          <ns3:TrackPointExtension>
            <ns3:hr>101</ns3:hr>
            <ns3:cad>56</ns3:cad>
          </ns3:TrackPointExtension>
        </extensions>
      </trkpt>
      <trkpt lat="42.4578916467726230621337890625" lon="-6.173951625823974609375">
        <ele>964.79998779296875</ele>
        <time>2025-10-06T09:28:40.000Z</time>
        <extensions>
          <ns3:TrackPointExtension>
            <ns3:hr>102</ns3:hr>
            <ns3:cad>57</ns3:cad>
          </ns3:TrackPointExtension>
        </extensions>
      </trkpt>
      <trkpt lat="42.45790681801736354827880859375" lon="-6.17404307238757610321044921875">
        <ele>965</ele>
        <time>2025-10-06T09:28:46.000Z</time>
        <extensions>
          <ns3:TrackPointExtension>
            <ns3:hr>103</ns3:hr>
            <ns3:cad>56</ns3:cad>
          </ns3:TrackPointExtension>
        </extensions>
      </trkpt>
      <trkpt lat="42.457944788038730621337890625" lon="-6.1742666177451610565185546875">
        <ele>965.5999755859375</ele>
        <time>2025-10-06T09:28:59.000Z</time>
        <extensions>
          <ns3:TrackPointExtension>
            <ns3:hr>103</ns3:hr>
            <ns3:cad>57</ns3:cad>
          </ns3:TrackPointExtension>
        </extensions>
      </trkpt>
      <trkpt lat="42.4579610489308834075927734375" lon="-6.17435060441493988037109375">
        <ele>966</ele>
        <time>2025-10-06T09:29:04.000Z</time>
        <extensions>
          <ns3:TrackPointExtension>
            <ns3:hr>103</ns3:hr>
            <ns3:cad>57</ns3:cad>
          </ns3:TrackPointExtension>
        </extensions>
      </trkpt>
      <trkpt lat="42.45797689072787761688232421875" lon="-6.17443107068538665771484375">
        <ele>966.20001220703125</ele>
        <time>2025-10-06T09:29:09.000Z</time>
        <extensions>
          <ns3:TrackPointExtension>
            <ns3:hr>103</ns3:hr>
            <ns3:cad>57</ns3:cad>
          </ns3:TrackPointExtension>
        </extensions>
      </trkpt>
      <trkpt lat="42.45801025070250034332275390625" lon="-6.17462695576250553131103515625">
        <ele>966.79998779296875</ele>
        <time>2025-10-06T09:29:20.000Z</time>
        <extensions>
          <ns3:TrackPointExtension>
            <ns3:hr>103</ns3:hr>
            <ns3:cad>57</ns3:cad>
          </ns3:TrackPointExtension>
        </extensions>
      </trkpt>
      <trkpt lat="42.4580234102904796600341796875" lon="-6.17470473982393741607666015625">
        <ele>967</ele>
        <time>2025-10-06T09:29:25.000Z</time>
        <extensions>
          <ns3:TrackPointExtension>
            <ns3:hr>103</ns3:hr>
            <ns3:cad>56</ns3:cad>
          </ns3:TrackPointExtension>
        </extensions>
      </trkpt>
      <trkpt lat="42.45804528705775737762451171875" lon="-6.1748085916042327880859375">
        <ele>967.4000244140625</ele>
        <time>2025-10-06T09:29:31.000Z</time>
        <extensions>
          <ns3:TrackPointExtension>
            <ns3:hr>104</ns3:hr>
            <ns3:cad>56</ns3:cad>
          </ns3:TrackPointExtension>
        </extensions>
      </trkpt>
      <trkpt lat="42.4580797366797924041748046875" lon="-6.17496977560222148895263671875">
        <ele>967.5999755859375</ele>
        <time>2025-10-06T09:29:41.000Z</time>
        <extensions>
          <ns3:TrackPointExtension>
            <ns3:hr>105</ns3:hr>
            <ns3:cad>56</ns3:cad>
          </ns3:TrackPointExtension>
        </extensions>
      </trkpt>
      <trkpt lat="42.4580901302397251129150390625" lon="-6.1750387586653232574462890625">
        <ele>968</ele>
        <time>2025-10-06T09:29:45.000Z</time>
        <extensions>
          <ns3:TrackPointExtension>
            <ns3:hr>105</ns3:hr>
            <ns3:cad>56</ns3:cad>
          </ns3:TrackPointExtension>
        </extensions>
      </trkpt>
      <trkpt lat="42.4581078998744487762451171875" lon="-6.17513942532241344451904296875">
        <ele>968.20001220703125</ele>
        <time>2025-10-06T09:29:51.000Z</time>
        <extensions>
          <ns3:TrackPointExtension>
            <ns3:hr>105</ns3:hr>
            <ns3:cad>57</ns3:cad>
          </ns3:TrackPointExtension>
        </extensions>
      </trkpt>
      <trkpt lat="42.45814234949648380279541015625" lon="-6.175285018980503082275390625">
        <ele>968.5999755859375</ele>
        <time>2025-10-06T09:30:00.000Z</time>
        <extensions>
          <ns3:TrackPointExtension>
            <ns3:hr>106</ns3:hr>
            <ns3:cad>56</ns3:cad>
          </ns3:TrackPointExtension>
        </extensions>
      </trkpt>
      <trkpt lat="42.45816665701568126678466796875" lon="-6.175450645387172698974609375">
        <ele>969</ele>
        <time>2025-10-06T09:30:09.000Z</time>
        <extensions>
          <ns3:TrackPointExtension>
            <ns3:hr>106</ns3:hr>
            <ns3:cad>56</ns3:cad>
          </ns3:TrackPointExtension>
        </extensions>
      </trkpt>
      <trkpt lat="42.4581883661448955535888671875" lon="-6.1755782179534435272216796875">
        <ele>969.4000244140625</ele>
        <time>2025-10-06T09:30:17.000Z</time>
        <extensions>
          <ns3:TrackPointExtension>
            <ns3:hr>107</ns3:hr>
            <ns3:cad>57</ns3:cad>
          </ns3:TrackPointExtension>
        </extensions>
      </trkpt>
      <trkpt lat="42.4582359753549098968505859375" lon="-6.17576354183256626129150390625">
        <ele>969.79998779296875</ele>
        <time>2025-10-06T09:30:28.000Z</time>
        <extensions>
          <ns3:TrackPointExtension>
            <ns3:hr>107</ns3:hr>
            <ns3:cad>57</ns3:cad>
          </ns3:TrackPointExtension>
        </extensions>
      </trkpt>
      <trkpt lat="42.45824980549514293670654296875" lon="-6.17584149353206157684326171875">
        <ele>970</ele>
        <time>2025-10-06T09:30:33.000Z</time>
        <extensions>
          <ns3:TrackPointExtension>
            <ns3:hr>106</ns3:hr>
            <ns3:cad>57</ns3:cad>
          </ns3:TrackPointExtension>
        </extensions>
      </trkpt>
      <trkpt lat="42.4582530744373798370361328125" lon="-6.1758787930011749267578125">
        <ele>970</ele>
        <time>2025-10-06T09:30:35.000Z</time>
        <extensions>
          <ns3:TrackPointExtension>
            <ns3:hr>107</ns3:hr>
            <ns3:cad>57</ns3:cad>
          </ns3:TrackPointExtension>
        </extensions>
      </trkpt>
      <trkpt lat="42.4583025276660919189453125" lon="-6.17612329311668872833251953125">
        <ele>970.20001220703125</ele>
        <time>2025-10-06T09:30:49.000Z</time>
        <extensions>
          <ns3:TrackPointExtension>
            <ns3:hr>108</ns3:hr>
            <ns3:cad>57</ns3:cad>
          </ns3:TrackPointExtension>
        </extensions>
      </trkpt>
      <trkpt lat="42.45831652544438838958740234375" lon="-6.176287829875946044921875">
        <ele>970.4000244140625</ele>
        <time>2025-10-06T09:30:58.000Z</time>
        <extensions>
          <ns3:TrackPointExtension>
            <ns3:hr>108</ns3:hr>
            <ns3:cad>58</ns3:cad>
          </ns3:TrackPointExtension>
        </extensions>
      </trkpt>
      <trkpt lat="42.4583459459245204925537109375" lon="-6.17644499056041240692138671875">
        <ele>970.4000244140625</ele>
        <time>2025-10-06T09:31:07.000Z</time>
        <extensions>
          <ns3:TrackPointExtension>
            <ns3:hr>107</ns3:hr>
            <ns3:cad>58</ns3:cad>
          </ns3:TrackPointExtension>
        </extensions>
      </trkpt>
      <trkpt lat="42.45837830007076263427734375" lon="-6.17659787647426128387451171875">
        <ele>970.20001220703125</ele>
        <time>2025-10-06T09:31:16.000Z</time>
        <extensions>
          <ns3:TrackPointExtension>
            <ns3:hr>107</ns3:hr>
            <ns3:cad>59</ns3:cad>
          </ns3:TrackPointExtension>
        </extensions>
      </trkpt>
      <trkpt lat="42.4584176950156688690185546875" lon="-6.176783703267574310302734375">
        <ele>970.20001220703125</ele>
        <time>2025-10-06T09:31:27.000Z</time>
        <extensions>
          <ns3:TrackPointExtension>
            <ns3:hr>105</ns3:hr>
            <ns3:cad>58</ns3:cad>
          </ns3:TrackPointExtension>
        </extensions>
      </trkpt>
      <trkpt lat="42.4584425054490566253662109375" lon="-6.176982186734676361083984375">
        <ele>970</ele>
        <time>2025-10-06T09:31:38.000Z</time>
        <extensions>
          <ns3:TrackPointExtension>
            <ns3:hr>104</ns3:hr>
            <ns3:cad>58</ns3:cad>
          </ns3:TrackPointExtension>
        </extensions>
      </trkpt>
      <trkpt lat="42.45845851488411426544189453125" lon="-6.17713607847690582275390625">
        <ele>970</ele>
        <time>2025-10-06T09:31:47.000Z</time>
        <extensions>
          <ns3:TrackPointExtension>
            <ns3:hr>104</ns3:hr>
            <ns3:cad>58</ns3:cad>
          </ns3:TrackPointExtension>
        </extensions>
      </trkpt>
      <trkpt lat="42.45848701335489749908447265625" lon="-6.1772737093269824981689453125">
        <ele>970.4000244140625</ele>
        <time>2025-10-06T09:31:55.000Z</time>
        <extensions>
          <ns3:TrackPointExtension>
            <ns3:hr>104</ns3:hr>
            <ns3:cad>58</ns3:cad>
          </ns3:TrackPointExtension>
        </extensions>
      </trkpt>
      <trkpt lat="42.45851500891149044036865234375" lon="-6.17744361050426959991455078125">
        <ele>970.20001220703125</ele>
        <time>2025-10-06T09:32:06.000Z</time>
        <extensions>
          <ns3:TrackPointExtension>
            <ns3:hr>102</ns3:hr>
            <ns3:cad>57</ns3:cad>
          </ns3:TrackPointExtension>
        </extensions>
      </trkpt>
      <trkpt lat="42.45853143744170665740966796875" lon="-6.17760823108255863189697265625">
        <ele>970.20001220703125</ele>
        <time>2025-10-06T09:32:15.000Z</time>
        <extensions>
          <ns3:TrackPointExtension>
            <ns3:hr>102</ns3:hr>
            <ns3:cad>58</ns3:cad>
          </ns3:TrackPointExtension>
        </extensions>
      </trkpt>
      <trkpt lat="42.45855867862701416015625" lon="-6.17777846753597259521484375">
        <ele>970.20001220703125</ele>
        <time>2025-10-06T09:32:25.000Z</time>
        <extensions>
          <ns3:TrackPointExtension>
            <ns3:hr>101</ns3:hr>
            <ns3:cad>57</ns3:cad>
          </ns3:TrackPointExtension>
        </extensions>
      </trkpt>
      <trkpt lat="42.45860016904771327972412109375" lon="-6.17797569371759891510009765625">
        <ele>970.4000244140625</ele>
        <time>2025-10-06T09:32:37.000Z</time>
        <extensions>
          <ns3:TrackPointExtension>
            <ns3:hr>102</ns3:hr>
            <ns3:cad>59</ns3:cad>
          </ns3:TrackPointExtension>
        </extensions>
      </trkpt>
      <trkpt lat="42.45862330310046672821044921875" lon="-6.17809773422777652740478515625">
        <ele>970.4000244140625</ele>
        <time>2025-10-06T09:32:44.000Z</time>
        <extensions>
          <ns3:TrackPointExtension>
            <ns3:hr>102</ns3:hr>
            <ns3:cad>58</ns3:cad>
          </ns3:TrackPointExtension>
        </extensions>
      </trkpt>
      <trkpt lat="42.458650209009647369384765625" lon="-6.17827056907117366790771484375">
        <ele>970.5999755859375</ele>
        <time>2025-10-06T09:32:54.000Z</time>
        <extensions>
          <ns3:TrackPointExtension>
            <ns3:hr>103</ns3:hr>
            <ns3:cad>59</ns3:cad>
          </ns3:TrackPointExtension>
        </extensions>
      </trkpt>
      <trkpt lat="42.45866755954921245574951171875" lon="-6.1784310825169086456298828125">
        <ele>970.5999755859375</ele>
        <time>2025-10-06T09:33:03.000Z</time>
        <extensions>
          <ns3:TrackPointExtension>
            <ns3:hr>101</ns3:hr>
            <ns3:cad>59</ns3:cad>
          </ns3:TrackPointExtension>
        </extensions>
      </trkpt>
      <trkpt lat="42.4586979858577251434326171875" lon="-6.17861120961606502532958984375">
        <ele>970.79998779296875</ele>
        <time>2025-10-06T09:33:13.000Z</time>
        <extensions>
          <ns3:TrackPointExtension>
            <ns3:hr>100</ns3:hr>
            <ns3:cad>59</ns3:cad>
          </ns3:TrackPointExtension>
        </extensions>
      </trkpt>
      <trkpt lat="42.458722628653049468994140625" lon="-6.1788096092641353607177734375">
        <ele>971</ele>
        <time>2025-10-06T09:33:24.000Z</time>
        <extensions>
          <ns3:TrackPointExtension>
            <ns3:hr>100</ns3:hr>
            <ns3:cad>60</ns3:cad>
          </ns3:TrackPointExtension>
        </extensions>
      </trkpt>
      <trkpt lat="42.458726651966571807861328125" lon="-6.17882679216563701629638671875">
        <ele>971</ele>
        <time>2025-10-06T09:33:25.000Z</time>
        <extensions>
          <ns3:TrackPointExtension>
            <ns3:hr>99</ns3:hr>
            <ns3:cad>60</ns3:cad>
          </ns3:TrackPointExtension>
        </extensions>
      </trkpt>
      <trkpt lat="42.45875976048409938812255859375" lon="-6.17897582240402698516845703125">
        <ele>971.4000244140625</ele>
        <time>2025-10-06T09:33:34.000Z</time>
        <extensions>
          <ns3:TrackPointExtension>
            <ns3:hr>101</ns3:hr>
            <ns3:cad>58</ns3:cad>
          </ns3:TrackPointExtension>
        </extensions>
      </trkpt>
      <trkpt lat="42.4587824754416942596435546875" lon="-6.179118566215038299560546875">
        <ele>971.4000244140625</ele>
        <time>2025-10-06T09:33:42.000Z</time>
        <extensions>
          <ns3:TrackPointExtension>
            <ns3:hr>103</ns3:hr>
            <ns3:cad>58</ns3:cad>
          </ns3:TrackPointExtension>
        </extensions>
      </trkpt>
      <trkpt lat="42.45880368165671825408935546875" lon="-6.17930087260901927947998046875">
        <ele>971.5999755859375</ele>
        <time>2025-10-06T09:33:52.000Z</time>
        <extensions>
          <ns3:TrackPointExtension>
            <ns3:hr>103</ns3:hr>
            <ns3:cad>58</ns3:cad>
          </ns3:TrackPointExtension>
        </extensions>
      </trkpt>
      <trkpt lat="42.45883301831781864166259765625" lon="-6.1794654093682765960693359375">
        <ele>971.5999755859375</ele>
        <time>2025-10-06T09:34:02.000Z</time>
        <extensions>
          <ns3:TrackPointExtension>
            <ns3:hr>103</ns3:hr>
            <ns3:cad>59</ns3:cad>
          </ns3:TrackPointExtension>
        </extensions>
      </trkpt>
      <trkpt lat="42.45886252261698246002197265625" lon="-6.17966540157794952392578125">
        <ele>971.79998779296875</ele>
        <time>2025-10-06T09:34:13.000Z</time>
        <extensions>
          <ns3:TrackPointExtension>
            <ns3:hr>104</ns3:hr>
            <ns3:cad>59</ns3:cad>
          </ns3:TrackPointExtension>
        </extensions>
      </trkpt>
      <trkpt lat="42.45888716541230678558349609375" lon="-6.17981753312051296234130859375">
        <ele>972</ele>
        <time>2025-10-06T09:34:22.000Z</time>
        <extensions>
          <ns3:TrackPointExtension>
            <ns3:hr>104</ns3:hr>
            <ns3:cad>58</ns3:cad>
          </ns3:TrackPointExtension>
        </extensions>
      </trkpt>
      <trkpt lat="42.458894290030002593994140625" lon="-6.179849468171596527099609375">
        <ele>972</ele>
        <time>2025-10-06T09:34:24.000Z</time>
        <extensions>
          <ns3:TrackPointExtension>
            <ns3:hr>104</ns3:hr>
            <ns3:cad>59</ns3:cad>
          </ns3:TrackPointExtension>
        </extensions>
      </trkpt>
      <trkpt lat="42.4589276500046253204345703125" lon="-6.18002615869045257568359375">
        <ele>972.4000244140625</ele>
        <time>2025-10-06T09:34:34.000Z</time>
        <extensions>
          <ns3:TrackPointExtension>
            <ns3:hr>104</ns3:hr>
            <ns3:cad>58</ns3:cad>
          </ns3:TrackPointExtension>
        </extensions>
      </trkpt>
      <trkpt lat="42.458945252001285552978515625" lon="-6.18016320280730724334716796875">
        <ele>972.5999755859375</ele>
        <time>2025-10-06T09:34:42.000Z</time>
        <extensions>
          <ns3:TrackPointExtension>
            <ns3:hr>104</ns3:hr>
            <ns3:cad>59</ns3:cad>
          </ns3:TrackPointExtension>
        </extensions>
      </trkpt>
      <trkpt lat="42.45897509157657623291015625" lon="-6.180352382361888885498046875">
        <ele>972.79998779296875</ele>
        <time>2025-10-06T09:34:53.000Z</time>
        <extensions>
          <ns3:TrackPointExtension>
            <ns3:hr>105</ns3:hr>
            <ns3:cad>59</ns3:cad>
          </ns3:TrackPointExtension>
        </extensions>
      </trkpt>
      <trkpt lat="42.45900182984769344329833984375" lon="-6.1805617623031139373779296875">
        <ele>973</ele>
        <time>2025-10-06T09:35:05.000Z</time>
        <extensions>
          <ns3:TrackPointExtension>
            <ns3:hr>105</ns3:hr>
            <ns3:cad>59</ns3:cad>
          </ns3:TrackPointExtension>
        </extensions>
      </trkpt>
      <trkpt lat="42.4590275622904300689697265625" lon="-6.1807537078857421875">
        <ele>973</ele>
        <time>2025-10-06T09:35:16.000Z</time>
        <extensions>
          <ns3:TrackPointExtension>
            <ns3:hr>103</ns3:hr>
            <ns3:cad>58</ns3:cad>
          </ns3:TrackPointExtension>
        </extensions>
      </trkpt>
      <trkpt lat="42.459057904779911041259765625" lon="-6.1809728108346462249755859375">
        <ele>973</ele>
        <time>2025-10-06T09:35:29.000Z</time>
        <extensions>
          <ns3:TrackPointExtension>
            <ns3:hr>103</ns3:hr>
            <ns3:cad>58</ns3:cad>
          </ns3:TrackPointExtension>
        </extensions>
      </trkpt>
      <trkpt lat="42.4590781889855861663818359375" lon="-6.1811484955251216888427734375">
        <ele>973</ele>
        <time>2025-10-06T09:35:39.000Z</time>
        <extensions>
          <ns3:TrackPointExtension>
            <ns3:hr>103</ns3:hr>
            <ns3:cad>59</ns3:cad>
          </ns3:TrackPointExtension>
        </extensions>
      </trkpt>
      <trkpt lat="42.4591083638370037078857421875" lon="-6.1813238449394702911376953125">
        <ele>973.20001220703125</ele>
        <time>2025-10-06T09:35:49.000Z</time>
        <extensions>
          <ns3:TrackPointExtension>
            <ns3:hr>103</ns3:hr>
            <ns3:cad>59</ns3:cad>
          </ns3:TrackPointExtension>
        </extensions>
      </trkpt>
      <trkpt lat="42.45914130471646785736083984375" lon="-6.18151050992310047149658203125">
        <ele>973.5999755859375</ele>
        <time>2025-10-06T09:36:00.000Z</time>
        <extensions>
          <ns3:TrackPointExtension>
            <ns3:hr>103</ns3:hr>
            <ns3:cad>58</ns3:cad>
          </ns3:TrackPointExtension>
        </extensions>
      </trkpt>
      <trkpt lat="42.4591742455959320068359375" lon="-6.18173816241323947906494140625">
        <ele>973.5999755859375</ele>
        <time>2025-10-06T09:36:13.000Z</time>
        <extensions>
          <ns3:TrackPointExtension>
            <ns3:hr>104</ns3:hr>
            <ns3:cad>60</ns3:cad>
          </ns3:TrackPointExtension>
        </extensions>
      </trkpt>
      <trkpt lat="42.4592010676860809326171875" lon="-6.1819327063858509063720703125">
        <ele>973.5999755859375</ele>
        <time>2025-10-06T09:36:24.000Z</time>
        <extensions>
          <ns3:TrackPointExtension>
            <ns3:hr>105</ns3:hr>
            <ns3:cad>60</ns3:cad>
          </ns3:TrackPointExtension>
        </extensions>
      </trkpt>
      <trkpt lat="42.4592354334890842437744140625" lon="-6.182178296148777008056640625">
        <ele>973.4000244140625</ele>
        <time>2025-10-06T09:36:38.000Z</time>
        <extensions>
          <ns3:TrackPointExtension>
            <ns3:hr>105</ns3:hr>
            <ns3:cad>58</ns3:cad>
          </ns3:TrackPointExtension>
        </extensions>
      </trkpt>
      <trkpt lat="42.459272481501102447509765625" lon="-6.1824017576873302459716796875">
        <ele>973.4000244140625</ele>
        <time>2025-10-06T09:36:51.000Z</time>
        <extensions>
          <ns3:TrackPointExtension>
            <ns3:hr>105</ns3:hr>
            <ns3:cad>59</ns3:cad>
          </ns3:TrackPointExtension>
        </extensions>
      </trkpt>
      <trkpt lat="42.45931564830243587493896484375" lon="-6.18262882344424724578857421875">
        <ele>973.4000244140625</ele>
        <time>2025-10-06T09:37:04.000Z</time>
        <extensions>
          <ns3:TrackPointExtension>
            <ns3:hr>102</ns3:hr>
            <ns3:cad>59</ns3:cad>
          </ns3:TrackPointExtension>
        </extensions>
      </trkpt>
      <trkpt lat="42.45931866578757762908935546875" lon="-6.1826455034315586090087890625">
        <ele>973.4000244140625</ele>
        <time>2025-10-06T09:37:05.000Z</time>
        <extensions>
          <ns3:TrackPointExtension>
            <ns3:hr>101</ns3:hr>
            <ns3:cad>59</ns3:cad>
          </ns3:TrackPointExtension>
        </extensions>
      </trkpt>
      <trkpt lat="42.45934783481061458587646484375" lon="-6.18287265300750732421875">
        <ele>973.20001220703125</ele>
        <time>2025-10-06T09:37:18.000Z</time>
        <extensions>
          <ns3:TrackPointExtension>
            <ns3:hr>101</ns3:hr>
            <ns3:cad>60</ns3:cad>
          </ns3:TrackPointExtension>
        </extensions>
      </trkpt>
      <trkpt lat="42.4593829549849033355712890625" lon="-6.18304272182285785675048828125">
        <ele>973.4000244140625</ele>
        <time>2025-10-06T09:37:28.000Z</time>
        <extensions>
          <ns3:TrackPointExtension>
            <ns3:hr>100</ns3:hr>
            <ns3:cad>59</ns3:cad>
          </ns3:TrackPointExtension>
        </extensions>
      </trkpt>
      <trkpt lat="42.4594265408813953399658203125" lon="-6.183221675455570220947265625">
        <ele>973.20001220703125</ele>
        <time>2025-10-06T09:37:39.000Z</time>
        <extensions>
          <ns3:TrackPointExtension>
            <ns3:hr>100</ns3:hr>
            <ns3:cad>60</ns3:cad>
          </ns3:TrackPointExtension>
        </extensions>
      </trkpt>
      <trkpt lat="42.45946652255952358245849609375" lon="-6.18340431712567806243896484375">
        <ele>973.20001220703125</ele>
        <time>2025-10-06T09:37:49.000Z</time>
        <extensions>
          <ns3:TrackPointExtension>
            <ns3:hr>99</ns3:hr>
            <ns3:cad>59</ns3:cad>
          </ns3:TrackPointExtension>
        </extensions>
      </trkpt>
      <trkpt lat="42.45950038544833660125732421875" lon="-6.18354789912700653076171875">
        <ele>973.20001220703125</ele>
        <time>2025-10-06T09:37:58.000Z</time>
        <extensions>
          <ns3:TrackPointExtension>
            <ns3:hr>98</ns3:hr>
            <ns3:cad>58</ns3:cad>
          </ns3:TrackPointExtension>
        </extensions>
      </trkpt>
      <trkpt lat="42.4595693685114383697509765625" lon="-6.18373154662549495697021484375">
        <ele>973.20001220703125</ele>
        <time>2025-10-06T09:38:09.000Z</time>
        <extensions>
          <ns3:TrackPointExtension>
            <ns3:hr>98</ns3:hr>
            <ns3:cad>58</ns3:cad>
          </ns3:TrackPointExtension>
        </extensions>
      </trkpt>
      <trkpt lat="42.45964773930609226226806640625" lon="-6.1839262582361698150634765625">
        <ele>973.4000244140625</ele>
        <time>2025-10-06T09:38:21.000Z</time>
        <extensions>
          <ns3:TrackPointExtension>
            <ns3:hr>99</ns3:hr>
            <ns3:cad>59</ns3:cad>
          </ns3:TrackPointExtension>
        </extensions>
      </trkpt>
      <trkpt lat="42.4597225897014141082763671875" lon="-6.18411258794367313385009765625">
        <ele>973.4000244140625</ele>
        <time>2025-10-06T09:38:33.000Z</time>
        <extensions>
          <ns3:TrackPointExtension>
            <ns3:hr>100</ns3:hr>
            <ns3:cad>59</ns3:cad>
          </ns3:TrackPointExtension>
        </extensions>
      </trkpt>
      <trkpt lat="42.459774054586887359619140625" lon="-6.184214763343334197998046875">
        <ele>973.5999755859375</ele>
        <time>2025-10-06T09:38:40.000Z</time>
        <extensions>
          <ns3:TrackPointExtension>
            <ns3:hr>103</ns3:hr>
            <ns3:cad>60</ns3:cad>
          </ns3:TrackPointExtension>
        </extensions>
      </trkpt>
      <trkpt lat="42.459801547229290008544921875" lon="-6.18427838198840618133544921875">
        <ele>973.4000244140625</ele>
        <time>2025-10-06T09:38:44.000Z</time>
        <extensions>
          <ns3:TrackPointExtension>
            <ns3:hr>103</ns3:hr>
            <ns3:cad>59</ns3:cad>
          </ns3:TrackPointExtension>
        </extensions>
      </trkpt>
      <trkpt lat="42.4598582088947296142578125" lon="-6.18441827595233917236328125">
        <ele>973.5999755859375</ele>
        <time>2025-10-06T09:38:53.000Z</time>
        <extensions>
          <ns3:TrackPointExtension>
            <ns3:hr>103</ns3:hr>
            <ns3:cad>58</ns3:cad>
          </ns3:TrackPointExtension>
        </extensions>
      </trkpt>
      <trkpt lat="42.45991252362728118896484375" lon="-6.184598989784717559814453125">
        <ele>973.5999755859375</ele>
        <time>2025-10-06T09:39:04.000Z</time>
        <extensions>
          <ns3:TrackPointExtension>
            <ns3:hr>103</ns3:hr>
            <ns3:cad>59</ns3:cad>
          </ns3:TrackPointExtension>
        </extensions>
      </trkpt>
      <trkpt lat="42.4599522538483142852783203125" lon="-6.184725053608417510986328125">
        <ele>973.5999755859375</ele>
        <time>2025-10-06T09:39:12.000Z</time>
        <extensions>
          <ns3:TrackPointExtension>
            <ns3:hr>103</ns3:hr>
            <ns3:cad>59</ns3:cad>
          </ns3:TrackPointExtension>
        </extensions>
      </trkpt>
      <trkpt lat="42.45999257080256938934326171875" lon="-6.1849129758775234222412109375">
        <ele>973.5999755859375</ele>
        <time>2025-10-06T09:39:23.000Z</time>
        <extensions>
          <ns3:TrackPointExtension>
            <ns3:hr>103</ns3:hr>
            <ns3:cad>59</ns3:cad>
          </ns3:TrackPointExtension>
        </extensions>
      </trkpt>
      <trkpt lat="42.46004235930740833282470703125" lon="-6.1851195059716701507568359375">
        <ele>973.5999755859375</ele>
        <time>2025-10-06T09:39:35.000Z</time>
        <extensions>
          <ns3:TrackPointExtension>
            <ns3:hr>104</ns3:hr>
            <ns3:cad>59</ns3:cad>
          </ns3:TrackPointExtension>
        </extensions>
      </trkpt>
      <trkpt lat="42.46005979366600513458251953125" lon="-6.18521983735263347625732421875">
        <ele>973.79998779296875</ele>
        <time>2025-10-06T09:39:41.000Z</time>
        <extensions>
          <ns3:TrackPointExtension>
            <ns3:hr>104</ns3:hr>
            <ns3:cad>59</ns3:cad>
          </ns3:TrackPointExtension>
        </extensions>
      </trkpt>
      <trkpt lat="42.4600813351571559906005859375" lon="-6.185370124876499176025390625">
        <ele>973.5999755859375</ele>
        <time>2025-10-06T09:39:50.000Z</time>
        <extensions>
          <ns3:TrackPointExtension>
            <ns3:hr>103</ns3:hr>
            <ns3:cad>59</ns3:cad>
          </ns3:TrackPointExtension>
        </extensions>
      </trkpt>
      <trkpt lat="42.46009298600256443023681640625" lon="-6.1855261959135532379150390625">
        <ele>973.5999755859375</ele>
        <time>2025-10-06T09:39:58.000Z</time>
        <extensions>
          <ns3:TrackPointExtension>
            <ns3:hr>101</ns3:hr>
            <ns3:cad>58</ns3:cad>
          </ns3:TrackPointExtension>
        </extensions>
      </trkpt>
      <trkpt lat="42.46011125855147838592529296875" lon="-6.18573431856930255889892578125">
        <ele>973.79998779296875</ele>
        <time>2025-10-06T09:40:10.000Z</time>
        <extensions>
          <ns3:TrackPointExtension>
            <ns3:hr>102</ns3:hr>
            <ns3:cad>58</ns3:cad>
          </ns3:TrackPointExtension>
        </extensions>
      </trkpt>
      <trkpt lat="42.46014361269772052764892578125" lon="-6.18593749590218067169189453125">
        <ele>974.20001220703125</ele>
        <time>2025-10-06T09:40:22.000Z</time>
        <extensions>
          <ns3:TrackPointExtension>
            <ns3:hr>101</ns3:hr>
            <ns3:cad>57</ns3:cad>
          </ns3:TrackPointExtension>
        </extensions>
      </trkpt>
      <trkpt lat="42.46016389690339565277099609375" lon="-6.18609205819666385650634765625">
        <ele>974.4000244140625</ele>
        <time>2025-10-06T09:40:31.000Z</time>
        <extensions>
          <ns3:TrackPointExtension>
            <ns3:hr>104</ns3:hr>
            <ns3:cad>57</ns3:cad>
          </ns3:TrackPointExtension>
        </extensions>
      </trkpt>
      <trkpt lat="42.46020144782960414886474609375" lon="-6.1862872727215290069580078125">
        <ele>974.5999755859375</ele>
        <time>2025-10-06T09:40:43.000Z</time>
        <extensions>
          <ns3:TrackPointExtension>
            <ns3:hr>106</ns3:hr>
            <ns3:cad>57</ns3:cad>
          </ns3:TrackPointExtension>
        </extensions>
      </trkpt>
      <trkpt lat="42.46022139675915241241455078125" lon="-6.18640922941267490386962890625">
        <ele>974.5999755859375</ele>
        <time>2025-10-06T09:40:50.000Z</time>
        <extensions>
          <ns3:TrackPointExtension>
            <ns3:hr>103</ns3:hr>
            <ns3:cad>57</ns3:cad>
          </ns3:TrackPointExtension>
        </extensions>
      </trkpt>
      <trkpt lat="42.46023598127067089080810546875" lon="-6.1864991672337055206298828125">
        <ele>975</ele>
        <time>2025-10-06T09:40:56.000Z</time>
        <extensions>
          <ns3:TrackPointExtension>
            <ns3:hr>101</ns3:hr>
            <ns3:cad>57</ns3:cad>
          </ns3:TrackPointExtension>
        </extensions>
      </trkpt>
      <trkpt lat="42.46024419553577899932861328125" lon="-6.186575777828693389892578125">
        <ele>975.20001220703125</ele>
        <time>2025-10-06T09:41:00.000Z</time>
        <extensions>
          <ns3:TrackPointExtension>
            <ns3:hr>102</ns3:hr>
            <ns3:cad>57</ns3:cad>
          </ns3:TrackPointExtension>
        </extensions>
      </trkpt>
      <trkpt lat="42.4602551758289337158203125" lon="-6.18667828850448131561279296875">
        <ele>975.4000244140625</ele>
        <time>2025-10-06T09:41:06.000Z</time>
        <extensions>
          <ns3:TrackPointExtension>
            <ns3:hr>104</ns3:hr>
            <ns3:cad>57</ns3:cad>
          </ns3:TrackPointExtension>
        </extensions>
      </trkpt>
      <trkpt lat="42.4602808244526386260986328125" lon="-6.1868277378380298614501953125">
        <ele>975.79998779296875</ele>
        <time>2025-10-06T09:41:15.000Z</time>
        <extensions>
          <ns3:TrackPointExtension>
            <ns3:hr>106</ns3:hr>
            <ns3:cad>57</ns3:cad>
          </ns3:TrackPointExtension>
        </extensions>
      </trkpt>
      <trkpt lat="42.46028845198452472686767578125" lon="-6.18690778501331806182861328125">
        <ele>976.20001220703125</ele>
        <time>2025-10-06T09:41:20.000Z</time>
        <extensions>
          <ns3:TrackPointExtension>
            <ns3:hr>108</ns3:hr>
            <ns3:cad>57</ns3:cad>
          </ns3:TrackPointExtension>
        </extensions>
      </trkpt>
      <trkpt lat="42.46030840091407299041748046875" lon="-6.1870205216109752655029296875">
        <ele>976.4000244140625</ele>
        <time>2025-10-06T09:41:27.000Z</time>
        <extensions>
          <ns3:TrackPointExtension>
            <ns3:hr>109</ns3:hr>
            <ns3:cad>57</ns3:cad>
          </ns3:TrackPointExtension>
        </extensions>
      </trkpt>
      <trkpt lat="42.4603327922523021697998046875" lon="-6.18715035729110240936279296875">
        <ele>976.5999755859375</ele>
        <time>2025-10-06T09:41:35.000Z</time>
        <extensions>
          <ns3:TrackPointExtension>
            <ns3:hr>110</ns3:hr>
            <ns3:cad>57</ns3:cad>
          </ns3:TrackPointExtension>
        </extensions>
      </trkpt>
      <trkpt lat="42.4603517353534698486328125" lon="-6.18729838170111179351806640625">
        <ele>977.20001220703125</ele>
        <time>2025-10-06T09:41:44.000Z</time>
        <extensions>
          <ns3:TrackPointExtension>
            <ns3:hr>111</ns3:hr>
            <ns3:cad>56</ns3:cad>
          </ns3:TrackPointExtension>
        </extensions>
      </trkpt>
      <trkpt lat="42.4603559263050556182861328125" lon="-6.1873319931328296661376953125">
        <ele>977.20001220703125</ele>
        <time>2025-10-06T09:41:46.000Z</time>
        <extensions>
          <ns3:TrackPointExtension>
            <ns3:hr>111</ns3:hr>
            <ns3:cad>57</ns3:cad>
          </ns3:TrackPointExtension>
        </extensions>
      </trkpt>
      <trkpt lat="42.460372857749462127685546875" lon="-6.18748345412313938140869140625">
        <ele>977.79998779296875</ele>
        <time>2025-10-06T09:41:55.000Z</time>
        <extensions>
          <ns3:TrackPointExtension>
            <ns3:hr>111</ns3:hr>
            <ns3:cad>56</ns3:cad>
          </ns3:TrackPointExtension>
        </extensions>
      </trkpt>
      <trkpt lat="42.4603988416492938995361328125" lon="-6.18766316212713718414306640625">
        <ele>978</ele>
        <time>2025-10-06T09:42:05.000Z</time>
        <extensions>
          <ns3:TrackPointExtension>
            <ns3:hr>110</ns3:hr>
            <ns3:cad>57</ns3:cad>
          </ns3:TrackPointExtension>
        </extensions>
      </trkpt>
      <trkpt lat="42.46040110476315021514892578125" lon="-6.18771336972713470458984375">
        <ele>978.20001220703125</ele>
        <time>2025-10-06T09:42:08.000Z</time>
        <extensions>
          <ns3:TrackPointExtension>
            <ns3:hr>110</ns3:hr>
            <ns3:cad>57</ns3:cad>
          </ns3:TrackPointExtension>
        </extensions>
      </trkpt>
      <trkpt lat="42.4604134261608123779296875" lon="-6.1878161318600177764892578125">
        <ele>978.4000244140625</ele>
        <time>2025-10-06T09:42:14.000Z</time>
        <extensions>
          <ns3:TrackPointExtension>
            <ns3:hr>110</ns3:hr>
            <ns3:cad>57</ns3:cad>
          </ns3:TrackPointExtension>
        </extensions>
      </trkpt>
      <trkpt lat="42.46044720523059368133544921875" lon="-6.1880023777484893798828125">
        <ele>978.79998779296875</ele>
        <time>2025-10-06T09:42:25.000Z</time>
        <extensions>
          <ns3:TrackPointExtension>
            <ns3:hr>107</ns3:hr>
            <ns3:cad>57</ns3:cad>
          </ns3:TrackPointExtension>
        </extensions>
      </trkpt>
      <trkpt lat="42.46045625768601894378662109375" lon="-6.18805157952010631561279296875">
        <ele>979</ele>
        <time>2025-10-06T09:42:28.000Z</time>
        <extensions>
          <ns3:TrackPointExtension>
            <ns3:hr>108</ns3:hr>
            <ns3:cad>57</ns3:cad>
          </ns3:TrackPointExtension>
        </extensions>
      </trkpt>
      <trkpt lat="42.460467405617237091064453125" lon="-6.18815232999622821807861328125">
        <ele>979.20001220703125</ele>
        <time>2025-10-06T09:42:34.000Z</time>
        <extensions>
          <ns3:TrackPointExtension>
            <ns3:hr>109</ns3:hr>
            <ns3:cad>57</ns3:cad>
          </ns3:TrackPointExtension>
        </extensions>
      </trkpt>
      <trkpt lat="42.460476122796535491943359375" lon="-6.18822542019188404083251953125">
        <ele>979.4000244140625</ele>
        <time>2025-10-06T09:42:38.000Z</time>
        <extensions>
          <ns3:TrackPointExtension>
            <ns3:hr>111</ns3:hr>
            <ns3:cad>57</ns3:cad>
          </ns3:TrackPointExtension>
        </extensions>
      </trkpt>
      <trkpt lat="42.4605131708085536956787109375" lon="-6.18846061639487743377685546875">
        <ele>979.79998779296875</ele>
        <time>2025-10-06T09:42:52.000Z</time>
        <extensions>
          <ns3:TrackPointExtension>
            <ns3:hr>112</ns3:hr>
            <ns3:cad>58</ns3:cad>
          </ns3:TrackPointExtension>
        </extensions>
      </trkpt>
      <trkpt lat="42.46052498929202556610107421875" lon="-6.1885869316756725311279296875">
        <ele>980.20001220703125</ele>
        <time>2025-10-06T09:42:59.000Z</time>
        <extensions>
          <ns3:TrackPointExtension>
            <ns3:hr>113</ns3:hr>
            <ns3:cad>57</ns3:cad>
          </ns3:TrackPointExtension>
        </extensions>
      </trkpt>
      <trkpt lat="42.46053270064294338226318359375" lon="-6.18862397968769073486328125">
        <ele>980.4000244140625</ele>
        <time>2025-10-06T09:43:01.000Z</time>
        <extensions>
          <ns3:TrackPointExtension>
            <ns3:hr>112</ns3:hr>
            <ns3:cad>57</ns3:cad>
          </ns3:TrackPointExtension>
        </extensions>
      </trkpt>
      <trkpt lat="42.46057343669235706329345703125" lon="-6.18886806070804595947265625">
        <ele>981</ele>
        <time>2025-10-06T09:43:15.000Z</time>
        <extensions>
          <ns3:TrackPointExtension>
            <ns3:hr>112</ns3:hr>
            <ns3:cad>58</ns3:cad>
          </ns3:TrackPointExtension>
        </extensions>
      </trkpt>
      <trkpt lat="42.4605751968920230865478515625" lon="-6.188885830342769622802734375">
        <ele>981</ele>
        <time>2025-10-06T09:43:16.000Z</time>
        <extensions>
          <ns3:TrackPointExtension>
            <ns3:hr>111</ns3:hr>
            <ns3:cad>58</ns3:cad>
          </ns3:TrackPointExtension>
        </extensions>
      </trkpt>
      <trkpt lat="42.46059455908834934234619140625" lon="-6.189077608287334442138671875">
        <ele>981.20001220703125</ele>
        <time>2025-10-06T09:43:27.000Z</time>
        <extensions>
          <ns3:TrackPointExtension>
            <ns3:hr>111</ns3:hr>
            <ns3:cad>57</ns3:cad>
          </ns3:TrackPointExtension>
        </extensions>
      </trkpt>
      <trkpt lat="42.46060210280120372772216796875" lon="-6.18911616504192352294921875">
        <ele>981.20001220703125</ele>
        <time>2025-10-06T09:43:29.000Z</time>
        <extensions>
          <ns3:TrackPointExtension>
            <ns3:hr>111</ns3:hr>
            <ns3:cad>58</ns3:cad>
          </ns3:TrackPointExtension>
        </extensions>
      </trkpt>
      <trkpt lat="42.46062389574944972991943359375" lon="-6.189269386231899261474609375">
        <ele>981.5999755859375</ele>
        <time>2025-10-06T09:43:38.000Z</time>
        <extensions>
          <ns3:TrackPointExtension>
            <ns3:hr>110</ns3:hr>
            <ns3:cad>57</ns3:cad>
          </ns3:TrackPointExtension>
        </extensions>
      </trkpt>
      <trkpt lat="42.4606494605541229248046875" lon="-6.1894251219928264617919921875">
        <ele>982</ele>
        <time>2025-10-06T09:43:47.000Z</time>
        <extensions>
          <ns3:TrackPointExtension>
            <ns3:hr>111</ns3:hr>
            <ns3:cad>57</ns3:cad>
          </ns3:TrackPointExtension>
        </extensions>
      </trkpt>
      <trkpt lat="42.46066697873175144195556640625" lon="-6.1895565502345561981201171875">
        <ele>982</ele>
        <time>2025-10-06T09:43:55.000Z</time>
        <extensions>
          <ns3:TrackPointExtension>
            <ns3:hr>110</ns3:hr>
            <ns3:cad>57</ns3:cad>
          </ns3:TrackPointExtension>
        </extensions>
      </trkpt>
      <trkpt lat="42.46068910695612430572509765625" lon="-6.18970817886292934417724609375">
        <ele>982.4000244140625</ele>
        <time>2025-10-06T09:44:04.000Z</time>
        <extensions>
          <ns3:TrackPointExtension>
            <ns3:hr>109</ns3:hr>
            <ns3:cad>57</ns3:cad>
          </ns3:TrackPointExtension>
        </extensions>
      </trkpt>
      <trkpt lat="42.46069371700286865234375" lon="-6.18974522687494754791259765625">
        <ele>982.4000244140625</ele>
        <time>2025-10-06T09:44:06.000Z</time>
        <extensions>
          <ns3:TrackPointExtension>
            <ns3:hr>110</ns3:hr>
            <ns3:cad>57</ns3:cad>
          </ns3:TrackPointExtension>
        </extensions>
      </trkpt>
      <trkpt lat="42.46071123518049716949462890625" lon="-6.18986047804355621337890625">
        <ele>982.4000244140625</ele>
        <time>2025-10-06T09:44:14.000Z</time>
        <extensions>
          <ns3:TrackPointExtension>
            <ns3:hr>109</ns3:hr>
            <ns3:cad>55</ns3:cad>
          </ns3:TrackPointExtension>
        </extensions>
      </trkpt>
      <trkpt lat="42.46073353104293346405029296875" lon="-6.19001872837543487548828125">
        <ele>982.79998779296875</ele>
        <time>2025-10-06T09:44:25.000Z</time>
        <extensions>
          <ns3:TrackPointExtension>
            <ns3:hr>109</ns3:hr>
            <ns3:cad>55</ns3:cad>
          </ns3:TrackPointExtension>
        </extensions>
      </trkpt>
      <trkpt lat="42.46077259071171283721923828125" lon="-6.19013532064855098724365234375">
        <ele>983</ele>
        <time>2025-10-06T09:44:34.000Z</time>
        <extensions>
          <ns3:TrackPointExtension>
            <ns3:hr>109</ns3:hr>
            <ns3:cad>53</ns3:cad>
          </ns3:TrackPointExtension>
        </extensions>
      </trkpt>
      <trkpt lat="42.46078901924192905426025390625" lon="-6.190238334238529205322265625">
        <ele>983.4000244140625</ele>
        <time>2025-10-06T09:44:40.000Z</time>
        <extensions>
          <ns3:TrackPointExtension>
            <ns3:hr>107</ns3:hr>
            <ns3:cad>53</ns3:cad>
          </ns3:TrackPointExtension>
        </extensions>
      </trkpt>
      <trkpt lat="42.46079404838383197784423828125" lon="-6.19029072113335132598876953125">
        <ele>983.4000244140625</ele>
        <time>2025-10-06T09:44:43.000Z</time>
        <extensions>
          <ns3:TrackPointExtension>
            <ns3:hr>106</ns3:hr>
            <ns3:cad>56</ns3:cad>
          </ns3:TrackPointExtension>
        </extensions>
      </trkpt>
      <trkpt lat="42.4608051963150501251220703125" lon="-6.19044209830462932586669921875">
        <ele>983.4000244140625</ele>
        <time>2025-10-06T09:44:52.000Z</time>
        <extensions>
          <ns3:TrackPointExtension>
            <ns3:hr>105</ns3:hr>
            <ns3:cad>57</ns3:cad>
          </ns3:TrackPointExtension>
        </extensions>
      </trkpt>
      <trkpt lat="42.46083931066095829010009765625" lon="-6.19062960147857666015625">
        <ele>984</ele>
        <time>2025-10-06T09:45:03.000Z</time>
        <extensions>
          <ns3:TrackPointExtension>
            <ns3:hr>105</ns3:hr>
            <ns3:cad>56</ns3:cad>
          </ns3:TrackPointExtension>
        </extensions>
      </trkpt>
      <trkpt lat="42.46086110360920429229736328125" lon="-6.1908161826431751251220703125">
        <ele>984</ele>
        <time>2025-10-06T09:45:14.000Z</time>
        <extensions>
          <ns3:TrackPointExtension>
            <ns3:hr>104</ns3:hr>
            <ns3:cad>55</ns3:cad>
          </ns3:TrackPointExtension>
        </extensions>
      </trkpt>
      <trkpt lat="42.4608893506228923797607421875" lon="-6.19099513627588748931884765625">
        <ele>984.20001220703125</ele>
        <time>2025-10-06T09:45:24.000Z</time>
        <extensions>
          <ns3:TrackPointExtension>
            <ns3:hr>105</ns3:hr>
            <ns3:cad>57</ns3:cad>
          </ns3:TrackPointExtension>
        </extensions>
      </trkpt>
      <trkpt lat="42.46089555323123931884765625" lon="-6.19104333221912384033203125">
        <ele>984.4000244140625</ele>
        <time>2025-10-06T09:45:27.000Z</time>
        <extensions>
          <ns3:TrackPointExtension>
            <ns3:hr>105</ns3:hr>
            <ns3:cad>58</ns3:cad>
          </ns3:TrackPointExtension>
        </extensions>
      </trkpt>
      <trkpt lat="42.46091474778950214385986328125" lon="-6.19114098139107227325439453125">
        <ele>984.5999755859375</ele>
        <time>2025-10-06T09:45:33.000Z</time>
        <extensions>
          <ns3:TrackPointExtension>
            <ns3:hr>106</ns3:hr>
            <ns3:cad>59</ns3:cad>
          </ns3:TrackPointExtension>
        </extensions>
      </trkpt>
      <trkpt lat="42.46093570254743099212646484375" lon="-6.19129336439073085784912109375">
        <ele>984.20001220703125</ele>
        <time>2025-10-06T09:45:42.000Z</time>
        <extensions>
          <ns3:TrackPointExtension>
            <ns3:hr>106</ns3:hr>
            <ns3:cad>58</ns3:cad>
          </ns3:TrackPointExtension>
        </extensions>
      </trkpt>
      <trkpt lat="42.460962273180484771728515625" lon="-6.19143434800207614898681640625">
        <ele>984.20001220703125</ele>
        <time>2025-10-06T09:45:50.000Z</time>
        <extensions>
          <ns3:TrackPointExtension>
            <ns3:hr>106</ns3:hr>
            <ns3:cad>60</ns3:cad>
          </ns3:TrackPointExtension>
        </extensions>
      </trkpt>
      <trkpt lat="42.46098532341420650482177734375" lon="-6.19159092195332050323486328125">
        <ele>984.20001220703125</ele>
        <time>2025-10-06T09:45:58.000Z</time>
        <extensions>
          <ns3:TrackPointExtension>
            <ns3:hr>107</ns3:hr>
            <ns3:cad>60</ns3:cad>
          </ns3:TrackPointExtension>
        </extensions>
      </trkpt>
      <trkpt lat="42.46100510470569133758544921875" lon="-6.19174179621040821075439453125">
        <ele>984</ele>
        <time>2025-10-06T09:46:06.000Z</time>
        <extensions>
          <ns3:TrackPointExtension>
            <ns3:hr>110</ns3:hr>
            <ns3:cad>59</ns3:cad>
          </ns3:TrackPointExtension>
        </extensions>
      </trkpt>
      <trkpt lat="42.46100812219083309173583984375" lon="-6.1917583085596561431884765625">
        <ele>984</ele>
        <time>2025-10-06T09:46:07.000Z</time>
        <extensions>
          <ns3:TrackPointExtension>
            <ns3:hr>110</ns3:hr>
            <ns3:cad>59</ns3:cad>
          </ns3:TrackPointExtension>
        </extensions>
      </trkpt>
      <trkpt lat="42.4610291607677936553955078125" lon="-6.19192787446081638336181640625">
        <ele>984.20001220703125</ele>
        <time>2025-10-06T09:46:17.000Z</time>
        <extensions>
          <ns3:TrackPointExtension>
            <ns3:hr>112</ns3:hr>
            <ns3:cad>59</ns3:cad>
          </ns3:TrackPointExtension>
        </extensions>
      </trkpt>
      <trkpt lat="42.461055815219879150390625" lon="-6.192162819206714630126953125">
        <ele>984</ele>
        <time>2025-10-06T09:46:30.000Z</time>
        <extensions>
          <ns3:TrackPointExtension>
            <ns3:hr>113</ns3:hr>
            <ns3:cad>59</ns3:cad>
          </ns3:TrackPointExtension>
        </extensions>
      </trkpt>
      <trkpt lat="42.46108490042388439178466796875" lon="-6.19236524216830730438232421875">
        <ele>984.20001220703125</ele>
        <time>2025-10-06T09:46:42.000Z</time>
        <extensions>
          <ns3:TrackPointExtension>
            <ns3:hr>113</ns3:hr>
            <ns3:cad>59</ns3:cad>
          </ns3:TrackPointExtension>
        </extensions>
      </trkpt>
      <trkpt lat="42.46109244413673877716064453125" lon="-6.192518882453441619873046875">
        <ele>984.20001220703125</ele>
        <time>2025-10-06T09:46:51.000Z</time>
        <extensions>
          <ns3:TrackPointExtension>
            <ns3:hr>113</ns3:hr>
            <ns3:cad>59</ns3:cad>
          </ns3:TrackPointExtension>
        </extensions>
      </trkpt>
      <trkpt lat="42.46110099367797374725341796875" lon="-6.192678473889827728271484375">
        <ele>984.20001220703125</ele>
        <time>2025-10-06T09:47:00.000Z</time>
        <extensions>
          <ns3:TrackPointExtension>
            <ns3:hr>113</ns3:hr>
            <ns3:cad>59</ns3:cad>
          </ns3:TrackPointExtension>
        </extensions>
      </trkpt>
      <trkpt lat="42.4611029215157032012939453125" lon="-6.192842759191989898681640625">
        <ele>984.4000244140625</ele>
        <time>2025-10-06T09:47:09.000Z</time>
        <extensions>
          <ns3:TrackPointExtension>
            <ns3:hr>116</ns3:hr>
            <ns3:cad>58</ns3:cad>
          </ns3:TrackPointExtension>
        </extensions>
      </trkpt>
      <trkpt lat="42.46110744774341583251953125" lon="-6.19291459210216999053955078125">
        <ele>984.20001220703125</ele>
        <time>2025-10-06T09:47:13.000Z</time>
        <extensions>
          <ns3:TrackPointExtension>
            <ns3:hr>119</ns3:hr>
            <ns3:cad>59</ns3:cad>
          </ns3:TrackPointExtension>
        </extensions>
      </trkpt>
      <trkpt lat="42.4611134827136993408203125" lon="-6.1930695734918117523193359375">
        <ele>984.4000244140625</ele>
        <time>2025-10-06T09:47:22.000Z</time>
        <extensions>
          <ns3:TrackPointExtension>
            <ns3:hr>120</ns3:hr>
            <ns3:cad>58</ns3:cad>
          </ns3:TrackPointExtension>
        </extensions>
      </trkpt>
      <trkpt lat="42.4611089564859867095947265625" lon="-6.19324131868779659271240234375">
        <ele>984.4000244140625</ele>
        <time>2025-10-06T09:47:32.000Z</time>
        <extensions>
          <ns3:TrackPointExtension>
            <ns3:hr>119</ns3:hr>
            <ns3:cad>58</ns3:cad>
          </ns3:TrackPointExtension>
        </extensions>
      </trkpt>
      <trkpt lat="42.46111809276044368743896484375" lon="-6.19340962730348110198974609375">
        <ele>984.4000244140625</ele>
        <time>2025-10-06T09:47:42.000Z</time>
        <extensions>
          <ns3:TrackPointExtension>
            <ns3:hr>120</ns3:hr>
            <ns3:cad>57</ns3:cad>
          </ns3:TrackPointExtension>
        </extensions>
      </trkpt>
      <trkpt lat="42.46112077496945858001708984375" lon="-6.193561591207981109619140625">
        <ele>984.20001220703125</ele>
        <time>2025-10-06T09:47:52.000Z</time>
        <extensions>
          <ns3:TrackPointExtension>
            <ns3:hr>121</ns3:hr>
            <ns3:cad>57</ns3:cad>
          </ns3:TrackPointExtension>
        </extensions>
      </trkpt>
      <trkpt lat="42.461125217378139495849609375" lon="-6.1937280558049678802490234375">
        <ele>984.4000244140625</ele>
        <time>2025-10-06T09:48:03.000Z</time>
        <extensions>
          <ns3:TrackPointExtension>
            <ns3:hr>120</ns3:hr>
            <ns3:cad>55</ns3:cad>
          </ns3:TrackPointExtension>
        </extensions>
      </trkpt>
      <trkpt lat="42.46111591346561908721923828125" lon="-6.19388488121330738067626953125">
        <ele>984.20001220703125</ele>
        <time>2025-10-06T09:48:13.000Z</time>
        <extensions>
          <ns3:TrackPointExtension>
            <ns3:hr>120</ns3:hr>
            <ns3:cad>57</ns3:cad>
          </ns3:TrackPointExtension>
        </extensions>
      </trkpt>
      <trkpt lat="42.46112127788364887237548828125" lon="-6.1940515972673892974853515625">
        <ele>984.20001220703125</ele>
        <time>2025-10-06T09:48:24.000Z</time>
        <extensions>
          <ns3:TrackPointExtension>
            <ns3:hr>118</ns3:hr>
            <ns3:cad>56</ns3:cad>
          </ns3:TrackPointExtension>
        </extensions>
      </trkpt>
      <trkpt lat="42.46112085878849029541015625" lon="-6.1942145414650440216064453125">
        <ele>984.20001220703125</ele>
        <time>2025-10-06T09:48:34.000Z</time>
        <extensions>
          <ns3:TrackPointExtension>
            <ns3:hr>117</ns3:hr>
            <ns3:cad>57</ns3:cad>
          </ns3:TrackPointExtension>
        </extensions>
      </trkpt>
      <trkpt lat="42.46112194843590259552001953125" lon="-6.194384358823299407958984375">
        <ele>984.4000244140625</ele>
        <time>2025-10-06T09:48:44.000Z</time>
        <extensions>
          <ns3:TrackPointExtension>
            <ns3:hr>115</ns3:hr>
            <ns3:cad>57</ns3:cad>
          </ns3:TrackPointExtension>
        </extensions>
      </trkpt>
      <trkpt lat="42.4611183442175388336181640625" lon="-6.19453280232846736907958984375">
        <ele>984.5999755859375</ele>
        <time>2025-10-06T09:48:53.000Z</time>
        <extensions>
          <ns3:TrackPointExtension>
            <ns3:hr>115</ns3:hr>
            <ns3:cad>56</ns3:cad>
          </ns3:TrackPointExtension>
        </extensions>
      </trkpt>
      <trkpt lat="42.46112546883523464202880859375" lon="-6.1947248317301273345947265625">
        <ele>984.5999755859375</ele>
        <time>2025-10-06T09:49:04.000Z</time>
        <extensions>
          <ns3:TrackPointExtension>
            <ns3:hr>116</ns3:hr>
            <ns3:cad>57</ns3:cad>
          </ns3:TrackPointExtension>
        </extensions>
      </trkpt>
      <trkpt lat="42.46110987849533557891845703125" lon="-6.19490629993379116058349609375">
        <ele>984.79998779296875</ele>
        <time>2025-10-06T09:49:15.000Z</time>
        <extensions>
          <ns3:TrackPointExtension>
            <ns3:hr>116</ns3:hr>
            <ns3:cad>57</ns3:cad>
          </ns3:TrackPointExtension>
        </extensions>
      </trkpt>
      <trkpt lat="42.46111390180885791778564453125" lon="-6.195116937160491943359375">
        <ele>985</ele>
        <time>2025-10-06T09:49:27.000Z</time>
        <extensions>
          <ns3:TrackPointExtension>
            <ns3:hr>115</ns3:hr>
            <ns3:cad>58</ns3:cad>
          </ns3:TrackPointExtension>
        </extensions>
      </trkpt>
      <trkpt lat="42.4611082859337329864501953125" lon="-6.19525901041924953460693359375">
        <ele>985.20001220703125</ele>
        <time>2025-10-06T09:49:36.000Z</time>
        <extensions>
          <ns3:TrackPointExtension>
            <ns3:hr>115</ns3:hr>
            <ns3:cad>57</ns3:cad>
          </ns3:TrackPointExtension>
        </extensions>
      </trkpt>
      <trkpt lat="42.4611054360866546630859375" lon="-6.1954268999397754669189453125">
        <ele>985.4000244140625</ele>
        <time>2025-10-06T09:49:46.000Z</time>
        <extensions>
          <ns3:TrackPointExtension>
            <ns3:hr>115</ns3:hr>
            <ns3:cad>57</ns3:cad>
          </ns3:TrackPointExtension>
        </extensions>
      </trkpt>
      <trkpt lat="42.461105100810527801513671875" lon="-6.19547911919653415679931640625">
        <ele>985.4000244140625</ele>
        <time>2025-10-06T09:49:49.000Z</time>
        <extensions>
          <ns3:TrackPointExtension>
            <ns3:hr>115</ns3:hr>
            <ns3:cad>57</ns3:cad>
          </ns3:TrackPointExtension>
        </extensions>
      </trkpt>
      <trkpt lat="42.46110216714441776275634765625" lon="-6.1955796182155609130859375">
        <ele>985.5999755859375</ele>
        <time>2025-10-06T09:49:55.000Z</time>
        <extensions>
          <ns3:TrackPointExtension>
            <ns3:hr>115</ns3:hr>
            <ns3:cad>56</ns3:cad>
          </ns3:TrackPointExtension>
        </extensions>
      </trkpt>
      <trkpt lat="42.461104430258274078369140625" lon="-6.19579075835645198822021484375">
        <ele>986</ele>
        <time>2025-10-06T09:50:08.000Z</time>
        <extensions>
          <ns3:TrackPointExtension>
            <ns3:hr>114</ns3:hr>
            <ns3:cad>56</ns3:cad>
          </ns3:TrackPointExtension>
        </extensions>
      </trkpt>
      <trkpt lat="42.46109663508832454681396484375" lon="-6.19595034979283809661865234375">
        <ele>986</ele>
        <time>2025-10-06T09:50:18.000Z</time>
        <extensions>
          <ns3:TrackPointExtension>
            <ns3:hr>114</ns3:hr>
            <ns3:cad>56</ns3:cad>
          </ns3:TrackPointExtension>
        </extensions>
      </trkpt>
      <trkpt lat="42.46110015548765659332275390625" lon="-6.19608244858682155609130859375">
        <ele>986.4000244140625</ele>
        <time>2025-10-06T09:50:28.000Z</time>
        <extensions>
          <ns3:TrackPointExtension>
            <ns3:hr>111</ns3:hr>
            <ns3:cad>55</ns3:cad>
          </ns3:TrackPointExtension>
        </extensions>
      </trkpt>
      <trkpt lat="42.461099736392498016357421875" lon="-6.1960991285741329193115234375">
        <ele>986.4000244140625</ele>
        <time>2025-10-06T09:50:29.000Z</time>
        <extensions>
          <ns3:TrackPointExtension>
            <ns3:hr>109</ns3:hr>
            <ns3:cad>54</ns3:cad>
          </ns3:TrackPointExtension>
        </extensions>
      </trkpt>
      <trkpt lat="42.46109965257346630096435546875" lon="-6.19611631147563457489013671875">
        <ele>986.4000244140625</ele>
        <time>2025-10-06T09:50:30.000Z</time>
        <extensions>
          <ns3:TrackPointExtension>
            <ns3:hr>108</ns3:hr>
            <ns3:cad>53</ns3:cad>
          </ns3:TrackPointExtension>
        </extensions>
      </trkpt>
      <trkpt lat="42.46108942665159702301025390625" lon="-6.1962627433240413665771484375">
        <ele>986.4000244140625</ele>
        <time>2025-10-06T09:50:40.000Z</time>
        <extensions>
          <ns3:TrackPointExtension>
            <ns3:hr>109</ns3:hr>
            <ns3:cad>55</ns3:cad>
          </ns3:TrackPointExtension>
        </extensions>
      </trkpt>
      <trkpt lat="42.461083643138408660888671875" lon="-6.1964139528572559356689453125">
        <ele>986.79998779296875</ele>
        <time>2025-10-06T09:50:50.000Z</time>
        <extensions>
          <ns3:TrackPointExtension>
            <ns3:hr>109</ns3:hr>
            <ns3:cad>54</ns3:cad>
          </ns3:TrackPointExtension>
        </extensions>
      </trkpt>
      <trkpt lat="42.46108590625226497650146484375" lon="-6.196576394140720367431640625">
        <ele>986.79998779296875</ele>
        <time>2025-10-06T09:51:01.000Z</time>
        <extensions>
          <ns3:TrackPointExtension>
            <ns3:hr>109</ns3:hr>
            <ns3:cad>55</ns3:cad>
          </ns3:TrackPointExtension>
        </extensions>
      </trkpt>
      <trkpt lat="42.46109294705092906951904296875" lon="-6.19674361310899257659912109375">
        <ele>987.4000244140625</ele>
        <time>2025-10-06T09:51:12.000Z</time>
        <extensions>
          <ns3:TrackPointExtension>
            <ns3:hr>107</ns3:hr>
            <ns3:cad>55</ns3:cad>
          </ns3:TrackPointExtension>
        </extensions>
      </trkpt>
      <trkpt lat="42.46109043247997760772705078125" lon="-6.19678854010999202728271484375">
        <ele>987.4000244140625</ele>
        <time>2025-10-06T09:51:15.000Z</time>
        <extensions>
          <ns3:TrackPointExtension>
            <ns3:hr>107</ns3:hr>
            <ns3:cad>55</ns3:cad>
          </ns3:TrackPointExtension>
        </extensions>
      </trkpt>
      <trkpt lat="42.46108842082321643829345703125" lon="-6.1969084851443767547607421875">
        <ele>987.5999755859375</ele>
        <time>2025-10-06T09:51:23.000Z</time>
        <extensions>
          <ns3:TrackPointExtension>
            <ns3:hr>108</ns3:hr>
            <ns3:cad>55</ns3:cad>
          </ns3:TrackPointExtension>
        </extensions>
      </trkpt>
      <trkpt lat="42.46108875609934329986572265625" lon="-6.197074614465236663818359375">
        <ele>987.79998779296875</ele>
        <time>2025-10-06T09:51:33.000Z</time>
        <extensions>
          <ns3:TrackPointExtension>
            <ns3:hr>108</ns3:hr>
            <ns3:cad>55</ns3:cad>
          </ns3:TrackPointExtension>
        </extensions>
      </trkpt>
      <trkpt lat="42.4610854871571063995361328125" lon="-6.1972229741513729095458984375">
        <ele>988</ele>
        <time>2025-10-06T09:51:43.000Z</time>
        <extensions>
          <ns3:TrackPointExtension>
            <ns3:hr>109</ns3:hr>
            <ns3:cad>55</ns3:cad>
          </ns3:TrackPointExtension>
        </extensions>
      </trkpt>
      <trkpt lat="42.46108305640518665313720703125" lon="-6.19740209542214870452880859375">
        <ele>988.20001220703125</ele>
        <time>2025-10-06T09:51:55.000Z</time>
        <extensions>
          <ns3:TrackPointExtension>
            <ns3:hr>109</ns3:hr>
            <ns3:cad>56</ns3:cad>
          </ns3:TrackPointExtension>
        </extensions>
      </trkpt>
      <trkpt lat="42.4610831402242183685302734375" lon="-6.19753696024417877197265625">
        <ele>988.4000244140625</ele>
        <time>2025-10-06T09:52:03.000Z</time>
        <extensions>
          <ns3:TrackPointExtension>
            <ns3:hr>111</ns3:hr>
            <ns3:cad>56</ns3:cad>
          </ns3:TrackPointExtension>
        </extensions>
      </trkpt>
      <trkpt lat="42.461081631481647491455078125" lon="-6.197605021297931671142578125">
        <ele>988.5999755859375</ele>
        <time>2025-10-06T09:52:07.000Z</time>
        <extensions>
          <ns3:TrackPointExtension>
            <ns3:hr>111</ns3:hr>
            <ns3:cad>56</ns3:cad>
          </ns3:TrackPointExtension>
        </extensions>
      </trkpt>
      <trkpt lat="42.46107366867363452911376953125" lon="-6.1977392993867397308349609375">
        <ele>988.79998779296875</ele>
        <time>2025-10-06T09:52:15.000Z</time>
        <extensions>
          <ns3:TrackPointExtension>
            <ns3:hr>113</ns3:hr>
            <ns3:cad>56</ns3:cad>
          </ns3:TrackPointExtension>
        </extensions>
      </trkpt>
      <trkpt lat="42.461074925959110260009765625" lon="-6.19788824580609798431396484375">
        <ele>988.5999755859375</ele>
        <time>2025-10-06T09:52:25.000Z</time>
        <extensions>
          <ns3:TrackPointExtension>
            <ns3:hr>115</ns3:hr>
            <ns3:cad>56</ns3:cad>
          </ns3:TrackPointExtension>
        </extensions>
      </trkpt>
      <trkpt lat="42.46106796897947788238525390625" lon="-6.19802805595099925994873046875">
        <ele>988.79998779296875</ele>
        <time>2025-10-06T09:52:34.000Z</time>
        <extensions>
          <ns3:TrackPointExtension>
            <ns3:hr>114</ns3:hr>
            <ns3:cad>56</ns3:cad>
          </ns3:TrackPointExtension>
        </extensions>
      </trkpt>
      <trkpt lat="42.46106855571269989013671875" lon="-6.19819812476634979248046875">
        <ele>988.79998779296875</ele>
        <time>2025-10-06T09:52:45.000Z</time>
        <extensions>
          <ns3:TrackPointExtension>
            <ns3:hr>112</ns3:hr>
            <ns3:cad>55</ns3:cad>
          </ns3:TrackPointExtension>
        </extensions>
      </trkpt>
      <trkpt lat="42.46107718907296657562255859375" lon="-6.1983863823115825653076171875">
        <ele>989</ele>
        <time>2025-10-06T09:52:57.000Z</time>
        <extensions>
          <ns3:TrackPointExtension>
            <ns3:hr>112</ns3:hr>
            <ns3:cad>56</ns3:cad>
          </ns3:TrackPointExtension>
        </extensions>
      </trkpt>
      <trkpt lat="42.46108188293874263763427734375" lon="-6.19852627627551555633544921875">
        <ele>989</ele>
        <time>2025-10-06T09:53:06.000Z</time>
        <extensions>
          <ns3:TrackPointExtension>
            <ns3:hr>111</ns3:hr>
            <ns3:cad>55</ns3:cad>
          </ns3:TrackPointExtension>
        </extensions>
      </trkpt>
      <trkpt lat="42.46109512634575366973876953125" lon="-6.19869299232959747314453125">
        <ele>989.20001220703125</ele>
        <time>2025-10-06T09:53:16.000Z</time>
        <extensions>
          <ns3:TrackPointExtension>
            <ns3:hr>112</ns3:hr>
            <ns3:cad>57</ns3:cad>
          </ns3:TrackPointExtension>
        </extensions>
      </trkpt>
      <trkpt lat="42.461107783019542694091796875" lon="-6.19884260930120944976806640625">
        <ele>989.20001220703125</ele>
        <time>2025-10-06T09:53:25.000Z</time>
        <extensions>
          <ns3:TrackPointExtension>
            <ns3:hr>111</ns3:hr>
            <ns3:cad>57</ns3:cad>
          </ns3:TrackPointExtension>
        </extensions>
      </trkpt>
      <trkpt lat="42.4611334316432476043701171875" lon="-6.19901376776397228240966796875">
        <ele>989.20001220703125</ele>
        <time>2025-10-06T09:53:35.000Z</time>
        <extensions>
          <ns3:TrackPointExtension>
            <ns3:hr>111</ns3:hr>
            <ns3:cad>57</ns3:cad>
          </ns3:TrackPointExtension>
        </extensions>
      </trkpt>
      <trkpt lat="42.4611555598676204681396484375" lon="-6.1990881152451038360595703125">
        <ele>989.20001220703125</ele>
        <time>2025-10-06T09:53:40.000Z</time>
        <extensions>
          <ns3:TrackPointExtension>
            <ns3:hr>108</ns3:hr>
            <ns3:cad>57</ns3:cad>
          </ns3:TrackPointExtension>
        </extensions>
      </trkpt>
      <trkpt lat="42.46117659844458103179931640625" lon="-6.199170760810375213623046875">
        <ele>989.20001220703125</ele>
        <time>2025-10-06T09:53:45.000Z</time>
        <extensions>
          <ns3:TrackPointExtension>
            <ns3:hr>109</ns3:hr>
            <ns3:cad>57</ns3:cad>
          </ns3:TrackPointExtension>
        </extensions>
      </trkpt>
      <trkpt lat="42.46120509691536426544189453125" lon="-6.19933395646512508392333984375">
        <ele>989.20001220703125</ele>
        <time>2025-10-06T09:53:55.000Z</time>
        <extensions>
          <ns3:TrackPointExtension>
            <ns3:hr>110</ns3:hr>
            <ns3:cad>57</ns3:cad>
          </ns3:TrackPointExtension>
        </extensions>
      </trkpt>
      <trkpt lat="42.46124918572604656219482421875" lon="-6.19947812519967555999755859375">
        <ele>989.20001220703125</ele>
        <time>2025-10-06T09:54:04.000Z</time>
        <extensions>
          <ns3:TrackPointExtension>
            <ns3:hr>110</ns3:hr>
            <ns3:cad>57</ns3:cad>
          </ns3:TrackPointExtension>
        </extensions>
      </trkpt>
      <trkpt lat="42.4612851440906524658203125" lon="-6.1996285803616046905517578125">
        <ele>989</ele>
        <time>2025-10-06T09:54:13.000Z</time>
        <extensions>
          <ns3:TrackPointExtension>
            <ns3:hr>111</ns3:hr>
            <ns3:cad>58</ns3:cad>
          </ns3:TrackPointExtension>
        </extensions>
      </trkpt>
      <trkpt lat="42.46131674386560916900634765625" lon="-6.1998035944998264312744140625">
        <ele>989</ele>
        <time>2025-10-06T09:54:24.000Z</time>
        <extensions>
          <ns3:TrackPointExtension>
            <ns3:hr>111</ns3:hr>
            <ns3:cad>57</ns3:cad>
          </ns3:TrackPointExtension>
        </extensions>
      </trkpt>
      <trkpt lat="42.46135463006794452667236328125" lon="-6.19999260641634464263916015625">
        <ele>989</ele>
        <time>2025-10-06T09:54:35.000Z</time>
        <extensions>
          <ns3:TrackPointExtension>
            <ns3:hr>110</ns3:hr>
            <ns3:cad>57</ns3:cad>
          </ns3:TrackPointExtension>
        </extensions>
      </trkpt>
      <trkpt lat="42.461382709443569183349609375" lon="-6.20014934800565242767333984375">
        <ele>989</ele>
        <time>2025-10-06T09:54:45.000Z</time>
        <extensions>
          <ns3:TrackPointExtension>
            <ns3:hr>111</ns3:hr>
            <ns3:cad>57</ns3:cad>
          </ns3:TrackPointExtension>
        </extensions>
      </trkpt>
      <trkpt lat="42.461418248713016510009765625" lon="-6.200312040746212005615234375">
        <ele>988.79998779296875</ele>
        <time>2025-10-06T09:54:55.000Z</time>
        <extensions>
          <ns3:TrackPointExtension>
            <ns3:hr>112</ns3:hr>
            <ns3:cad>57</ns3:cad>
          </ns3:TrackPointExtension>
        </extensions>
      </trkpt>
      <trkpt lat="42.461437024176120758056640625" lon="-6.20046450756490230560302734375">
        <ele>988.5999755859375</ele>
        <time>2025-10-06T09:55:04.000Z</time>
        <extensions>
          <ns3:TrackPointExtension>
            <ns3:hr>112</ns3:hr>
            <ns3:cad>57</ns3:cad>
          </ns3:TrackPointExtension>
        </extensions>
      </trkpt>
      <trkpt lat="42.46143224649131298065185546875" lon="-6.200610436499118804931640625">
        <ele>988.5999755859375</ele>
        <time>2025-10-06T09:55:13.000Z</time>
        <extensions>
          <ns3:TrackPointExtension>
            <ns3:hr>112</ns3:hr>
            <ns3:cad>57</ns3:cad>
          </ns3:TrackPointExtension>
        </extensions>
      </trkpt>
      <trkpt lat="42.461437694728374481201171875" lon="-6.200754605233669281005859375">
        <ele>988.20001220703125</ele>
        <time>2025-10-06T09:55:22.000Z</time>
        <extensions>
          <ns3:TrackPointExtension>
            <ns3:hr>112</ns3:hr>
            <ns3:cad>58</ns3:cad>
          </ns3:TrackPointExtension>
        </extensions>
      </trkpt>
      <trkpt lat="42.4614460766315460205078125" lon="-6.20091855525970458984375">
        <ele>988.20001220703125</ele>
        <time>2025-10-06T09:55:31.000Z</time>
        <extensions>
          <ns3:TrackPointExtension>
            <ns3:hr>110</ns3:hr>
            <ns3:cad>58</ns3:cad>
          </ns3:TrackPointExtension>
        </extensions>
      </trkpt>
      <trkpt lat="42.46144750155508518218994140625" lon="-6.2010484747588634490966796875">
        <ele>987.79998779296875</ele>
        <time>2025-10-06T09:55:39.000Z</time>
        <extensions>
          <ns3:TrackPointExtension>
            <ns3:hr>110</ns3:hr>
            <ns3:cad>58</ns3:cad>
          </ns3:TrackPointExtension>
        </extensions>
      </trkpt>
      <trkpt lat="42.46144766919314861297607421875" lon="-6.20119993574917316436767578125">
        <ele>988</ele>
        <time>2025-10-06T09:55:48.000Z</time>
        <extensions>
          <ns3:TrackPointExtension>
            <ns3:hr>112</ns3:hr>
            <ns3:cad>57</ns3:cad>
          </ns3:TrackPointExtension>
        </extensions>
      </trkpt>
      <trkpt lat="42.4614621698856353759765625" lon="-6.20138333179056644439697265625">
        <ele>987.79998779296875</ele>
        <time>2025-10-06T09:55:59.000Z</time>
        <extensions>
          <ns3:TrackPointExtension>
            <ns3:hr>112</ns3:hr>
            <ns3:cad>58</ns3:cad>
          </ns3:TrackPointExtension>
        </extensions>
      </trkpt>
      <trkpt lat="42.46148974634706974029541015625" lon="-6.20156672783195972442626953125">
        <ele>987.5999755859375</ele>
        <time>2025-10-06T09:56:10.000Z</time>
        <extensions>
          <ns3:TrackPointExtension>
            <ns3:hr>111</ns3:hr>
            <ns3:cad>58</ns3:cad>
          </ns3:TrackPointExtension>
        </extensions>
      </trkpt>
      <trkpt lat="42.461500056087970733642578125" lon="-6.20165356434881687164306640625">
        <ele>987.5999755859375</ele>
        <time>2025-10-06T09:56:15.000Z</time>
        <extensions>
          <ns3:TrackPointExtension>
            <ns3:hr>111</ns3:hr>
            <ns3:cad>57</ns3:cad>
          </ns3:TrackPointExtension>
        </extensions>
      </trkpt>
      <trkpt lat="42.46152310632169246673583984375" lon="-6.20178516022861003875732421875">
        <ele>987.4000244140625</ele>
        <time>2025-10-06T09:56:23.000Z</time>
        <extensions>
          <ns3:TrackPointExtension>
            <ns3:hr>110</ns3:hr>
            <ns3:cad>58</ns3:cad>
          </ns3:TrackPointExtension>
        </extensions>
      </trkpt>
      <trkpt lat="42.461562417447566986083984375" lon="-6.2019678018987178802490234375">
        <ele>987.20001220703125</ele>
        <time>2025-10-06T09:56:35.000Z</time>
        <extensions>
          <ns3:TrackPointExtension>
            <ns3:hr>109</ns3:hr>
            <ns3:cad>57</ns3:cad>
          </ns3:TrackPointExtension>
        </extensions>
      </trkpt>
      <trkpt lat="42.46158429421484470367431640625" lon="-6.20209730230271816253662109375">
        <ele>987</ele>
        <time>2025-10-06T09:56:43.000Z</time>
        <extensions>
          <ns3:TrackPointExtension>
            <ns3:hr>109</ns3:hr>
            <ns3:cad>57</ns3:cad>
          </ns3:TrackPointExtension>
        </extensions>
      </trkpt>
      <trkpt lat="42.46162067167460918426513671875" lon="-6.2022501043975353240966796875">
        <ele>987</ele>
        <time>2025-10-06T09:56:52.000Z</time>
        <extensions>
          <ns3:TrackPointExtension>
            <ns3:hr>109</ns3:hr>
            <ns3:cad>56</ns3:cad>
          </ns3:TrackPointExtension>
        </extensions>
      </trkpt>
      <trkpt lat="42.461645565927028656005859375" lon="-6.20237071998417377471923828125">
        <ele>987</ele>
        <time>2025-10-06T09:57:00.000Z</time>
        <extensions>
          <ns3:TrackPointExtension>
            <ns3:hr>109</ns3:hr>
            <ns3:cad>57</ns3:cad>
          </ns3:TrackPointExtension>
        </extensions>
      </trkpt>
      <trkpt lat="42.4616866372525691986083984375" lon="-6.202541291713714599609375">
        <ele>986.79998779296875</ele>
        <time>2025-10-06T09:57:11.000Z</time>
        <extensions>
          <ns3:TrackPointExtension>
            <ns3:hr>110</ns3:hr>
            <ns3:cad>57</ns3:cad>
          </ns3:TrackPointExtension>
        </extensions>
      </trkpt>
      <trkpt lat="42.4617027305066585540771484375" lon="-6.20265151374042034149169921875">
        <ele>987</ele>
        <time>2025-10-06T09:57:20.000Z</time>
        <extensions>
          <ns3:TrackPointExtension>
            <ns3:hr>110</ns3:hr>
            <ns3:cad>53</ns3:cad>
          </ns3:TrackPointExtension>
        </extensions>
      </trkpt>
      <trkpt lat="42.46170650236308574676513671875" lon="-6.20268755592405796051025390625">
        <ele>987.20001220703125</ele>
        <time>2025-10-06T09:57:27.000Z</time>
        <extensions>
          <ns3:TrackPointExtension>
            <ns3:hr>109</ns3:hr>
            <ns3:cad>0</ns3:cad>
          </ns3:TrackPointExtension>
        </extensions>
      </trkpt>
      <trkpt lat="42.4617054127156734466552734375" lon="-6.20275293476879596710205078125">
        <ele>987.79998779296875</ele>
        <time>2025-10-06T09:57:33.000Z</time>
        <extensions>
          <ns3:TrackPointExtension>
            <ns3:hr>109</ns3:hr>
            <ns3:cad>53</ns3:cad>
          </ns3:TrackPointExtension>
        </extensions>
      </trkpt>
      <trkpt lat="42.461667023599147796630859375" lon="-6.20291571132838726043701171875">
        <ele>986.4000244140625</ele>
        <time>2025-10-06T09:57:42.000Z</time>
        <extensions>
          <ns3:TrackPointExtension>
            <ns3:hr>109</ns3:hr>
            <ns3:cad>59</ns3:cad>
          </ns3:TrackPointExtension>
        </extensions>
      </trkpt>
      <trkpt lat="42.4616772495210170745849609375" lon="-6.2030141986906528472900390625">
        <ele>986.5999755859375</ele>
        <time>2025-10-06T09:57:49.000Z</time>
        <extensions>
          <ns3:TrackPointExtension>
            <ns3:hr>111</ns3:hr>
            <ns3:cad>56</ns3:cad>
          </ns3:TrackPointExtension>
        </extensions>
      </trkpt>
      <trkpt lat="42.461709268391132354736328125" lon="-6.203155182301998138427734375">
        <ele>985.5999755859375</ele>
        <time>2025-10-06T09:57:58.000Z</time>
        <extensions>
          <ns3:TrackPointExtension>
            <ns3:hr>112</ns3:hr>
            <ns3:cad>56</ns3:cad>
          </ns3:TrackPointExtension>
        </extensions>
      </trkpt>
      <trkpt lat="42.4617369286715984344482421875" lon="-6.20325584895908832550048828125">
        <ele>986.20001220703125</ele>
        <time>2025-10-06T09:58:05.000Z</time>
        <extensions>
          <ns3:TrackPointExtension>
            <ns3:hr>110</ns3:hr>
            <ns3:cad>57</ns3:cad>
          </ns3:TrackPointExtension>
        </extensions>
      </trkpt>
      <trkpt lat="42.4617518484592437744140625" lon="-6.20336271822452545166015625">
        <ele>985.5999755859375</ele>
        <time>2025-10-06T09:58:12.000Z</time>
        <extensions>
          <ns3:TrackPointExtension>
            <ns3:hr>111</ns3:hr>
            <ns3:cad>57</ns3:cad>
          </ns3:TrackPointExtension>
        </extensions>
      </trkpt>
      <trkpt lat="42.4617724679410457611083984375" lon="-6.20348853059113025665283203125">
        <ele>986.20001220703125</ele>
        <time>2025-10-06T09:58:20.000Z</time>
        <extensions>
          <ns3:TrackPointExtension>
            <ns3:hr>111</ns3:hr>
            <ns3:cad>57</ns3:cad>
          </ns3:TrackPointExtension>
        </extensions>
      </trkpt>
      <trkpt lat="42.46180289424955844879150390625" lon="-6.2036155164241790771484375">
        <ele>986</ele>
        <time>2025-10-06T09:58:29.000Z</time>
        <extensions>
          <ns3:TrackPointExtension>
            <ns3:hr>108</ns3:hr>
            <ns3:cad>58</ns3:cad>
          </ns3:TrackPointExtension>
        </extensions>
      </trkpt>
      <trkpt lat="42.46183809824287891387939453125" lon="-6.20375524275004863739013671875">
        <ele>986.20001220703125</ele>
        <time>2025-10-06T09:58:37.000Z</time>
        <extensions>
          <ns3:TrackPointExtension>
            <ns3:hr>106</ns3:hr>
            <ns3:cad>57</ns3:cad>
          </ns3:TrackPointExtension>
        </extensions>
      </trkpt>
      <trkpt lat="42.46186022646725177764892578125" lon="-6.20386705733835697174072265625">
        <ele>986</ele>
        <time>2025-10-06T09:58:44.000Z</time>
        <extensions>
          <ns3:TrackPointExtension>
            <ns3:hr>103</ns3:hr>
            <ns3:cad>57</ns3:cad>
          </ns3:TrackPointExtension>
        </extensions>
      </trkpt>
      <trkpt lat="42.4618881382048130035400390625" lon="-6.20400871150195598602294921875">
        <ele>986.20001220703125</ele>
        <time>2025-10-06T09:58:53.000Z</time>
        <extensions>
          <ns3:TrackPointExtension>
            <ns3:hr>102</ns3:hr>
            <ns3:cad>58</ns3:cad>
          </ns3:TrackPointExtension>
        </extensions>
      </trkpt>
      <trkpt lat="42.46190800331532955169677734375" lon="-6.20412203483283519744873046875">
        <ele>986</ele>
        <time>2025-10-06T09:59:00.000Z</time>
        <extensions>
          <ns3:TrackPointExtension>
            <ns3:hr>105</ns3:hr>
            <ns3:cad>57</ns3:cad>
          </ns3:TrackPointExtension>
        </extensions>
      </trkpt>
      <trkpt lat="42.4619226716458797454833984375" lon="-6.20417383499443531036376953125">
        <ele>986</ele>
        <time>2025-10-06T09:59:03.000Z</time>
        <extensions>
          <ns3:TrackPointExtension>
            <ns3:hr>105</ns3:hr>
            <ns3:cad>57</ns3:cad>
          </ns3:TrackPointExtension>
        </extensions>
      </trkpt>
      <trkpt lat="42.461966760456562042236328125" lon="-6.2043063528835773468017578125">
        <ele>986</ele>
        <time>2025-10-06T09:59:11.000Z</time>
        <extensions>
          <ns3:TrackPointExtension>
            <ns3:hr>105</ns3:hr>
            <ns3:cad>57</ns3:cad>
          </ns3:TrackPointExtension>
        </extensions>
      </trkpt>
      <trkpt lat="42.46203641407191753387451171875" lon="-6.20442730374634265899658203125">
        <ele>986.4000244140625</ele>
        <time>2025-10-06T09:59:21.000Z</time>
        <extensions>
          <ns3:TrackPointExtension>
            <ns3:hr>105</ns3:hr>
            <ns3:cad>57</ns3:cad>
          </ns3:TrackPointExtension>
        </extensions>
      </trkpt>
      <trkpt lat="42.462088130414485931396484375" lon="-6.20449888519942760467529296875">
        <ele>986.5999755859375</ele>
        <time>2025-10-06T09:59:27.000Z</time>
        <extensions>
          <ns3:TrackPointExtension>
            <ns3:hr>106</ns3:hr>
            <ns3:cad>58</ns3:cad>
          </ns3:TrackPointExtension>
        </extensions>
      </trkpt>
      <trkpt lat="42.46214152313768863677978515625" lon="-6.20458270423114299774169921875">
        <ele>986.5999755859375</ele>
        <time>2025-10-06T09:59:33.000Z</time>
        <extensions>
          <ns3:TrackPointExtension>
            <ns3:hr>107</ns3:hr>
            <ns3:cad>55</ns3:cad>
          </ns3:TrackPointExtension>
        </extensions>
      </trkpt>
      <trkpt lat="42.4621970951557159423828125" lon="-6.20466652326285839080810546875">
        <ele>986.79998779296875</ele>
        <time>2025-10-06T09:59:41.000Z</time>
        <extensions>
          <ns3:TrackPointExtension>
            <ns3:hr>107</ns3:hr>
            <ns3:cad>57</ns3:cad>
          </ns3:TrackPointExtension>
        </extensions>
      </trkpt>
      <trkpt lat="42.462279237806797027587890625" lon="-6.2048092670738697052001953125">
        <ele>987</ele>
        <time>2025-10-06T09:59:52.000Z</time>
        <extensions>
          <ns3:TrackPointExtension>
            <ns3:hr>108</ns3:hr>
            <ns3:cad>58</ns3:cad>
          </ns3:TrackPointExtension>
        </extensions>
      </trkpt>
      <trkpt lat="42.46235668659210205078125" lon="-6.20492971502244472503662109375">
        <ele>987.4000244140625</ele>
        <time>2025-10-06T10:00:01.000Z</time>
        <extensions>
          <ns3:TrackPointExtension>
            <ns3:hr>110</ns3:hr>
            <ns3:cad>57</ns3:cad>
          </ns3:TrackPointExtension>
        </extensions>
      </trkpt>
      <trkpt lat="42.46237554587423801422119140625" lon="-6.20497548021376132965087890625">
        <ele>987.4000244140625</ele>
        <time>2025-10-06T10:00:05.000Z</time>
        <extensions>
          <ns3:TrackPointExtension>
            <ns3:hr>109</ns3:hr>
            <ns3:cad>56</ns3:cad>
          </ns3:TrackPointExtension>
        </extensions>
      </trkpt>
      <trkpt lat="42.46240002103149890899658203125" lon="-6.20502644218504428863525390625">
        <ele>987.5999755859375</ele>
        <time>2025-10-06T10:00:09.000Z</time>
        <extensions>
          <ns3:TrackPointExtension>
            <ns3:hr>108</ns3:hr>
            <ns3:cad>57</ns3:cad>
          </ns3:TrackPointExtension>
        </extensions>
      </trkpt>
      <trkpt lat="42.46246506460011005401611328125" lon="-6.2051256000995635986328125">
        <ele>988</ele>
        <time>2025-10-06T10:00:16.000Z</time>
        <extensions>
          <ns3:TrackPointExtension>
            <ns3:hr>108</ns3:hr>
            <ns3:cad>57</ns3:cad>
          </ns3:TrackPointExtension>
        </extensions>
      </trkpt>
      <trkpt lat="42.4625144340097904205322265625" lon="-6.20523766614496707916259765625">
        <ele>987.79998779296875</ele>
        <time>2025-10-06T10:00:23.000Z</time>
        <extensions>
          <ns3:TrackPointExtension>
            <ns3:hr>109</ns3:hr>
            <ns3:cad>57</ns3:cad>
          </ns3:TrackPointExtension>
        </extensions>
      </trkpt>
      <trkpt lat="42.46256883256137371063232421875" lon="-6.2053423561155796051025390625">
        <ele>988</ele>
        <time>2025-10-06T10:00:31.000Z</time>
        <extensions>
          <ns3:TrackPointExtension>
            <ns3:hr>109</ns3:hr>
            <ns3:cad>58</ns3:cad>
          </ns3:TrackPointExtension>
        </extensions>
      </trkpt>
      <trkpt lat="42.46263228356838226318359375" lon="-6.205460540950298309326171875">
        <ele>988.4000244140625</ele>
        <time>2025-10-06T10:00:40.000Z</time>
        <extensions>
          <ns3:TrackPointExtension>
            <ns3:hr>109</ns3:hr>
            <ns3:cad>0</ns3:cad>
          </ns3:TrackPointExtension>
        </extensions>
      </trkpt>
      <trkpt lat="42.4626814015209674835205078125" lon="-6.20559087954461574554443359375">
        <ele>988.20001220703125</ele>
        <time>2025-10-06T10:00:48.000Z</time>
        <extensions>
          <ns3:TrackPointExtension>
            <ns3:hr>109</ns3:hr>
            <ns3:cad>58</ns3:cad>
          </ns3:TrackPointExtension>
        </extensions>
      </trkpt>
      <trkpt lat="42.46271811425685882568359375" lon="-6.20575197972357273101806640625">
        <ele>988.4000244140625</ele>
        <time>2025-10-06T10:00:58.000Z</time>
        <extensions>
          <ns3:TrackPointExtension>
            <ns3:hr>109</ns3:hr>
            <ns3:cad>57</ns3:cad>
          </ns3:TrackPointExtension>
        </extensions>
      </trkpt>
      <trkpt lat="42.46273077093064785003662109375" lon="-6.2057996727526187896728515625">
        <ele>988.5999755859375</ele>
        <time>2025-10-06T10:01:01.000Z</time>
        <extensions>
          <ns3:TrackPointExtension>
            <ns3:hr>109</ns3:hr>
            <ns3:cad>57</ns3:cad>
          </ns3:TrackPointExtension>
        </extensions>
      </trkpt>
      <trkpt lat="42.462745942175388336181640625" lon="-6.2058824859559535980224609375">
        <ele>988.79998779296875</ele>
        <time>2025-10-06T10:01:07.000Z</time>
        <extensions>
          <ns3:TrackPointExtension>
            <ns3:hr>109</ns3:hr>
            <ns3:cad>57</ns3:cad>
          </ns3:TrackPointExtension>
        </extensions>
      </trkpt>
      <trkpt lat="42.46278190053999423980712890625" lon="-6.2060521356761455535888671875">
        <ele>989</ele>
        <time>2025-10-06T10:01:16.000Z</time>
        <extensions>
          <ns3:TrackPointExtension>
            <ns3:hr>108</ns3:hr>
            <ns3:cad>58</ns3:cad>
          </ns3:TrackPointExtension>
        </extensions>
      </trkpt>
      <trkpt lat="42.46280671097338199615478515625" lon="-6.20617677457630634307861328125">
        <ele>989</ele>
        <time>2025-10-06T10:01:24.000Z</time>
        <extensions>
          <ns3:TrackPointExtension>
            <ns3:hr>108</ns3:hr>
            <ns3:cad>0</ns3:cad>
          </ns3:TrackPointExtension>
        </extensions>
      </trkpt>
      <trkpt lat="42.4628037773072719573974609375" lon="-6.206308118999004364013671875">
        <ele>989.20001220703125</ele>
        <time>2025-10-06T10:01:31.000Z</time>
        <extensions>
          <ns3:TrackPointExtension>
            <ns3:hr>109</ns3:hr>
            <ns3:cad>57</ns3:cad>
          </ns3:TrackPointExtension>
        </extensions>
      </trkpt>
      <trkpt lat="42.46278206817805767059326171875" lon="-6.20644851587712764739990234375">
        <ele>989</ele>
        <time>2025-10-06T10:01:40.000Z</time>
        <extensions>
          <ns3:TrackPointExtension>
            <ns3:hr>113</ns3:hr>
            <ns3:cad>58</ns3:cad>
          </ns3:TrackPointExtension>
        </extensions>
      </trkpt>
      <trkpt lat="42.46277980506420135498046875" lon="-6.20646603405475616455078125">
        <ele>989</ele>
        <time>2025-10-06T10:01:41.000Z</time>
        <extensions>
          <ns3:TrackPointExtension>
            <ns3:hr>116</ns3:hr>
            <ns3:cad>58</ns3:cad>
          </ns3:TrackPointExtension>
        </extensions>
      </trkpt>
      <trkpt lat="42.46277452446520328521728515625" lon="-6.206536777317523956298828125">
        <ele>989.20001220703125</ele>
        <time>2025-10-06T10:01:45.000Z</time>
        <extensions>
          <ns3:TrackPointExtension>
            <ns3:hr>119</ns3:hr>
            <ns3:cad>60</ns3:cad>
          </ns3:TrackPointExtension>
        </extensions>
      </trkpt>
      <trkpt lat="42.4627736024558544158935546875" lon="-6.20658815838396549224853515625">
        <ele>989</ele>
        <time>2025-10-06T10:01:48.000Z</time>
        <extensions>
          <ns3:TrackPointExtension>
            <ns3:hr>119</ns3:hr>
            <ns3:cad>58</ns3:cad>
          </ns3:TrackPointExtension>
        </extensions>
      </trkpt>
      <trkpt lat="42.46277603320777416229248046875" lon="-6.20672243647277355194091796875">
        <ele>989</ele>
        <time>2025-10-06T10:01:56.000Z</time>
        <extensions>
          <ns3:TrackPointExtension>
            <ns3:hr>117</ns3:hr>
            <ns3:cad>58</ns3:cad>
          </ns3:TrackPointExtension>
        </extensions>
      </trkpt>
      <trkpt lat="42.46278374455869197845458984375" lon="-6.2068718858063220977783203125">
        <ele>988.79998779296875</ele>
        <time>2025-10-06T10:02:05.000Z</time>
        <extensions>
          <ns3:TrackPointExtension>
            <ns3:hr>115</ns3:hr>
            <ns3:cad>59</ns3:cad>
          </ns3:TrackPointExtension>
        </extensions>
      </trkpt>
      <trkpt lat="42.46279112063348293304443359375" lon="-6.20692603290081024169921875">
        <ele>988.79998779296875</ele>
        <time>2025-10-06T10:02:08.000Z</time>
        <extensions>
          <ns3:TrackPointExtension>
            <ns3:hr>112</ns3:hr>
            <ns3:cad>57</ns3:cad>
          </ns3:TrackPointExtension>
        </extensions>
      </trkpt>
      <trkpt lat="42.46279723942279815673828125" lon="-6.20696299709379673004150390625">
        <ele>988.79998779296875</ele>
        <time>2025-10-06T10:02:10.000Z</time>
        <extensions>
          <ns3:TrackPointExtension>
            <ns3:hr>108</ns3:hr>
            <ns3:cad>57</ns3:cad>
          </ns3:TrackPointExtension>
        </extensions>
      </trkpt>
      <trkpt lat="42.46280838735401630401611328125" lon="-6.20705184526741504669189453125">
        <ele>988.5999755859375</ele>
        <time>2025-10-06T10:02:16.000Z</time>
        <extensions>
          <ns3:TrackPointExtension>
            <ns3:hr>106</ns3:hr>
            <ns3:cad>57</ns3:cad>
          </ns3:TrackPointExtension>
        </extensions>
      </trkpt>
      <trkpt lat="42.46287091635167598724365234375" lon="-6.2071659229695796966552734375">
        <ele>989</ele>
        <time>2025-10-06T10:02:25.000Z</time>
        <extensions>
          <ns3:TrackPointExtension>
            <ns3:hr>106</ns3:hr>
            <ns3:cad>54</ns3:cad>
          </ns3:TrackPointExtension>
        </extensions>
      </trkpt>
      <trkpt lat="42.46292573399841785430908203125" lon="-6.20726223103702068328857421875">
        <ele>989</ele>
        <time>2025-10-06T10:02:32.000Z</time>
        <extensions>
          <ns3:TrackPointExtension>
            <ns3:hr>109</ns3:hr>
            <ns3:cad>57</ns3:cad>
          </ns3:TrackPointExtension>
        </extensions>
      </trkpt>
      <trkpt lat="42.4629419110715389251708984375" lon="-6.2073027156293392181396484375">
        <ele>989.20001220703125</ele>
        <time>2025-10-06T10:02:35.000Z</time>
        <extensions>
          <ns3:TrackPointExtension>
            <ns3:hr>107</ns3:hr>
            <ns3:cad>57</ns3:cad>
          </ns3:TrackPointExtension>
        </extensions>
      </trkpt>
      <trkpt lat="42.46295222081243991851806640625" lon="-6.20736901648342609405517578125">
        <ele>989.5999755859375</ele>
        <time>2025-10-06T10:02:41.000Z</time>
        <extensions>
          <ns3:TrackPointExtension>
            <ns3:hr>107</ns3:hr>
            <ns3:cad>56</ns3:cad>
          </ns3:TrackPointExtension>
        </extensions>
      </trkpt>
      <trkpt lat="42.4629626981914043426513671875" lon="-6.2074106745421886444091796875">
        <ele>989.5999755859375</ele>
        <time>2025-10-06T10:02:43.000Z</time>
        <extensions>
          <ns3:TrackPointExtension>
            <ns3:hr>107</ns3:hr>
            <ns3:cad>56</ns3:cad>
          </ns3:TrackPointExtension>
        </extensions>
      </trkpt>
      <trkpt lat="42.46300569735467433929443359375" lon="-6.20755526237189769744873046875">
        <ele>990</ele>
        <time>2025-10-06T10:02:52.000Z</time>
        <extensions>
          <ns3:TrackPointExtension>
            <ns3:hr>109</ns3:hr>
            <ns3:cad>56</ns3:cad>
          </ns3:TrackPointExtension>
        </extensions>
      </trkpt>
      <trkpt lat="42.46300066821277141571044921875" lon="-6.2076550908386707305908203125">
        <ele>990.20001220703125</ele>
        <time>2025-10-06T10:03:00.000Z</time>
        <extensions>
          <ns3:TrackPointExtension>
            <ns3:hr>111</ns3:hr>
            <ns3:cad>57</ns3:cad>
          </ns3:TrackPointExtension>
        </extensions>
      </trkpt>
      <trkpt lat="42.46301759965717792510986328125" lon="-6.20771418325603008270263671875">
        <ele>990.20001220703125</ele>
        <time>2025-10-06T10:03:06.000Z</time>
        <extensions>
          <ns3:TrackPointExtension>
            <ns3:hr>111</ns3:hr>
            <ns3:cad>45</ns3:cad>
          </ns3:TrackPointExtension>
        </extensions>
      </trkpt>
      <trkpt lat="42.46302522718906402587890625" lon="-6.2078250758349895477294921875">
        <ele>990.20001220703125</ele>
        <time>2025-10-06T10:03:13.000Z</time>
        <extensions>
          <ns3:TrackPointExtension>
            <ns3:hr>110</ns3:hr>
            <ns3:cad>55</ns3:cad>
          </ns3:TrackPointExtension>
        </extensions>
      </trkpt>
      <trkpt lat="42.46302187442779541015625" lon="-6.2079635448753833770751953125">
        <ele>990</ele>
        <time>2025-10-06T10:03:21.000Z</time>
        <extensions>
          <ns3:TrackPointExtension>
            <ns3:hr>109</ns3:hr>
            <ns3:cad>59</ns3:cad>
          </ns3:TrackPointExtension>
        </extensions>
      </trkpt>
      <trkpt lat="42.4630153365433216094970703125" lon="-6.2080352939665317535400390625">
        <ele>989.4000244140625</ele>
        <time>2025-10-06T10:03:27.000Z</time>
        <extensions>
          <ns3:TrackPointExtension>
            <ns3:hr>107</ns3:hr>
            <ns3:cad>56</ns3:cad>
          </ns3:TrackPointExtension>
        </extensions>
      </trkpt>
      <trkpt lat="42.46295238845050334930419921875" lon="-6.20813311077654361724853515625">
        <ele>989.20001220703125</ele>
        <time>2025-10-06T10:03:34.000Z</time>
        <extensions>
          <ns3:TrackPointExtension>
            <ns3:hr>107</ns3:hr>
            <ns3:cad>60</ns3:cad>
          </ns3:TrackPointExtension>
        </extensions>
      </trkpt>
      <trkpt lat="42.4628718383610248565673828125" lon="-6.20824174024164676666259765625">
        <ele>989</ele>
        <time>2025-10-06T10:03:44.000Z</time>
        <extensions>
          <ns3:TrackPointExtension>
            <ns3:hr>107</ns3:hr>
            <ns3:cad>56</ns3:cad>
          </ns3:TrackPointExtension>
        </extensions>
      </trkpt>
      <trkpt lat="42.4628292582929134368896484375" lon="-6.20832304470241069793701171875">
        <ele>989</ele>
        <time>2025-10-06T10:03:51.000Z</time>
        <extensions>
          <ns3:TrackPointExtension>
            <ns3:hr>103</ns3:hr>
            <ns3:cad>55</ns3:cad>
          </ns3:TrackPointExtension>
        </extensions>
      </trkpt>
      <trkpt lat="42.462822385132312774658203125" lon="-6.20833285152912139892578125">
        <ele>989</ele>
        <time>2025-10-06T10:03:52.000Z</time>
        <extensions>
          <ns3:TrackPointExtension>
            <ns3:hr>102</ns3:hr>
            <ns3:cad>55</ns3:cad>
          </ns3:TrackPointExtension>
        </extensions>
      </trkpt>
      <trkpt lat="42.4627796374261379241943359375" lon="-6.208380125463008880615234375">
        <ele>988.5999755859375</ele>
        <time>2025-10-06T10:03:59.000Z</time>
        <extensions>
          <ns3:TrackPointExtension>
            <ns3:hr>101</ns3:hr>
            <ns3:cad>55</ns3:cad>
          </ns3:TrackPointExtension>
        </extensions>
      </trkpt>
      <trkpt lat="42.46276848949491977691650390625" lon="-6.20838071219623088836669921875">
        <ele>988.5999755859375</ele>
        <time>2025-10-06T10:04:00.000Z</time>
        <extensions>
          <ns3:TrackPointExtension>
            <ns3:hr>102</ns3:hr>
            <ns3:cad>56</ns3:cad>
          </ns3:TrackPointExtension>
        </extensions>
      </trkpt>
      <trkpt lat="42.46267863549292087554931640625" lon="-6.20839294977486133575439453125">
        <ele>988.4000244140625</ele>
        <time>2025-10-06T10:04:08.000Z</time>
        <extensions>
          <ns3:TrackPointExtension>
            <ns3:hr>102</ns3:hr>
            <ns3:cad>57</ns3:cad>
          </ns3:TrackPointExtension>
        </extensions>
      </trkpt>
      <trkpt lat="42.4626099877059459686279296875" lon="-6.2083940394222736358642578125">
        <ele>987.79998779296875</ele>
        <time>2025-10-06T10:04:15.000Z</time>
        <extensions>
          <ns3:TrackPointExtension>
            <ns3:hr>101</ns3:hr>
            <ns3:cad>55</ns3:cad>
          </ns3:TrackPointExtension>
        </extensions>
      </trkpt>
      <trkpt lat="42.4625888653099536895751953125" lon="-6.20848515070974826812744140625">
        <ele>987.5999755859375</ele>
        <time>2025-10-06T10:04:20.000Z</time>
        <extensions>
          <ns3:TrackPointExtension>
            <ns3:hr>100</ns3:hr>
            <ns3:cad>54</ns3:cad>
          </ns3:TrackPointExtension>
        </extensions>
      </trkpt>
      <trkpt lat="42.4625902064144611358642578125" lon="-6.2085512839257717132568359375">
        <ele>987.4000244140625</ele>
        <time>2025-10-06T10:04:25.000Z</time>
        <extensions>
          <ns3:TrackPointExtension>
            <ns3:hr>100</ns3:hr>
            <ns3:cad>55</ns3:cad>
          </ns3:TrackPointExtension>
        </extensions>
      </trkpt>
      <trkpt lat="42.46259448118507862091064453125" lon="-6.20860115624964237213134765625">
        <ele>987.4000244140625</ele>
        <time>2025-10-06T10:04:28.000Z</time>
        <extensions>
          <ns3:TrackPointExtension>
            <ns3:hr>99</ns3:hr>
            <ns3:cad>56</ns3:cad>
          </ns3:TrackPointExtension>
        </extensions>
      </trkpt>
      <trkpt lat="42.46260269545018672943115234375" lon="-6.2086957879364490509033203125">
        <ele>987.4000244140625</ele>
        <time>2025-10-06T10:04:35.000Z</time>
        <extensions>
          <ns3:TrackPointExtension>
            <ns3:hr>99</ns3:hr>
            <ns3:cad>54</ns3:cad>
          </ns3:TrackPointExtension>
        </extensions>
      </trkpt>
      <trkpt lat="42.4626069702208042144775390625" lon="-6.20878002606332302093505859375">
        <ele>987.4000244140625</ele>
        <time>2025-10-06T10:04:42.000Z</time>
        <extensions>
          <ns3:TrackPointExtension>
            <ns3:hr>99</ns3:hr>
            <ns3:cad>55</ns3:cad>
          </ns3:TrackPointExtension>
        </extensions>
      </trkpt>
      <trkpt lat="42.46262063272297382354736328125" lon="-6.20891765691339969635009765625">
        <ele>987.20001220703125</ele>
        <time>2025-10-06T10:04:51.000Z</time>
        <extensions>
          <ns3:TrackPointExtension>
            <ns3:hr>99</ns3:hr>
            <ns3:cad>55</ns3:cad>
          </ns3:TrackPointExtension>
        </extensions>
      </trkpt>
      <trkpt lat="42.4626321159303188323974609375" lon="-6.2090344168245792388916015625">
        <ele>987.4000244140625</ele>
        <time>2025-10-06T10:04:59.000Z</time>
        <extensions>
          <ns3:TrackPointExtension>
            <ns3:hr>99</ns3:hr>
            <ns3:cad>57</ns3:cad>
          </ns3:TrackPointExtension>
        </extensions>
      </trkpt>
      <trkpt lat="42.46264435350894927978515625" lon="-6.20917397551238536834716796875">
        <ele>987.4000244140625</ele>
        <time>2025-10-06T10:05:09.000Z</time>
        <extensions>
          <ns3:TrackPointExtension>
            <ns3:hr>100</ns3:hr>
            <ns3:cad>55</ns3:cad>
          </ns3:TrackPointExtension>
        </extensions>
      </trkpt>
      <trkpt lat="42.46267712675034999847412109375" lon="-6.20931529439985752105712890625">
        <ele>987.4000244140625</ele>
        <time>2025-10-06T10:05:18.000Z</time>
        <extensions>
          <ns3:TrackPointExtension>
            <ns3:hr>100</ns3:hr>
            <ns3:cad>57</ns3:cad>
          </ns3:TrackPointExtension>
        </extensions>
      </trkpt>
      <trkpt lat="42.46269556693732738494873046875" lon="-6.20947572402656078338623046875">
        <ele>987.4000244140625</ele>
        <time>2025-10-06T10:05:27.000Z</time>
        <extensions>
          <ns3:TrackPointExtension>
            <ns3:hr>101</ns3:hr>
            <ns3:cad>56</ns3:cad>
          </ns3:TrackPointExtension>
        </extensions>
      </trkpt>
      <trkpt lat="42.46269875206053256988525390625" lon="-6.20958686806261539459228515625">
        <ele>987.79998779296875</ele>
        <time>2025-10-06T10:05:35.000Z</time>
        <extensions>
          <ns3:TrackPointExtension>
            <ns3:hr>102</ns3:hr>
            <ns3:cad>56</ns3:cad>
          </ns3:TrackPointExtension>
        </extensions>
      </trkpt>
      <trkpt lat="42.46270294301211833953857421875" lon="-6.2097267620265483856201171875">
        <ele>987.79998779296875</ele>
        <time>2025-10-06T10:05:43.000Z</time>
        <extensions>
          <ns3:TrackPointExtension>
            <ns3:hr>102</ns3:hr>
            <ns3:cad>56</ns3:cad>
          </ns3:TrackPointExtension>
        </extensions>
      </trkpt>
      <trkpt lat="42.4627303518354892730712890625" lon="-6.20987185277044773101806640625">
        <ele>988</ele>
        <time>2025-10-06T10:05:52.000Z</time>
        <extensions>
          <ns3:TrackPointExtension>
            <ns3:hr>102</ns3:hr>
            <ns3:cad>56</ns3:cad>
          </ns3:TrackPointExtension>
        </extensions>
      </trkpt>
      <trkpt lat="42.46276278980076313018798828125" lon="-6.209981739521026611328125">
        <ele>988.20001220703125</ele>
        <time>2025-10-06T10:06:00.000Z</time>
        <extensions>
          <ns3:TrackPointExtension>
            <ns3:hr>103</ns3:hr>
            <ns3:cad>57</ns3:cad>
          </ns3:TrackPointExtension>
        </extensions>
      </trkpt>
      <trkpt lat="42.46278374455869197845458984375" lon="-6.2101223878562450408935546875">
        <ele>988.4000244140625</ele>
        <time>2025-10-06T10:06:09.000Z</time>
        <extensions>
          <ns3:TrackPointExtension>
            <ns3:hr>103</ns3:hr>
            <ns3:cad>57</ns3:cad>
          </ns3:TrackPointExtension>
        </extensions>
      </trkpt>
      <trkpt lat="42.46278592385351657867431640625" lon="-6.210132949054241180419921875">
        <ele>988.5999755859375</ele>
        <time>2025-10-06T10:06:10.000Z</time>
        <extensions>
          <ns3:TrackPointExtension>
            <ns3:hr>103</ns3:hr>
            <ns3:cad>57</ns3:cad>
          </ns3:TrackPointExtension>
        </extensions>
      </trkpt>
      <trkpt lat="42.46278575621545314788818359375" lon="-6.21020847000181674957275390625">
        <ele>988.4000244140625</ele>
        <time>2025-10-06T10:06:15.000Z</time>
        <extensions>
          <ns3:TrackPointExtension>
            <ns3:hr>103</ns3:hr>
            <ns3:cad>58</ns3:cad>
          </ns3:TrackPointExtension>
        </extensions>
      </trkpt>
      <trkpt lat="42.462788186967372894287109375" lon="-6.2102963961660861968994140625">
        <ele>988.5999755859375</ele>
        <time>2025-10-06T10:06:20.000Z</time>
        <extensions>
          <ns3:TrackPointExtension>
            <ns3:hr>106</ns3:hr>
            <ns3:cad>57</ns3:cad>
          </ns3:TrackPointExtension>
        </extensions>
      </trkpt>
      <trkpt lat="42.46279413811862468719482421875" lon="-6.21037074364721775054931640625">
        <ele>988.5999755859375</ele>
        <time>2025-10-06T10:06:24.000Z</time>
        <extensions>
          <ns3:TrackPointExtension>
            <ns3:hr>109</ns3:hr>
            <ns3:cad>57</ns3:cad>
          </ns3:TrackPointExtension>
        </extensions>
      </trkpt>
      <trkpt lat="42.4627970717847347259521484375" lon="-6.21041231788694858551025390625">
        <ele>988.5999755859375</ele>
        <time>2025-10-06T10:06:26.000Z</time>
        <extensions>
          <ns3:TrackPointExtension>
            <ns3:hr>109</ns3:hr>
            <ns3:cad>57</ns3:cad>
          </ns3:TrackPointExtension>
        </extensions>
      </trkpt>
      <trkpt lat="42.4627925455570220947265625" lon="-6.21055145747959613800048828125">
        <ele>989</ele>
        <time>2025-10-06T10:06:35.000Z</time>
        <extensions>
          <ns3:TrackPointExtension>
            <ns3:hr>109</ns3:hr>
            <ns3:cad>57</ns3:cad>
          </ns3:TrackPointExtension>
        </extensions>
      </trkpt>
      <trkpt lat="42.462815009057521820068359375" lon="-6.21066578663885593414306640625">
        <ele>989.20001220703125</ele>
        <time>2025-10-06T10:06:42.000Z</time>
        <extensions>
          <ns3:TrackPointExtension>
            <ns3:hr>108</ns3:hr>
            <ns3:cad>57</ns3:cad>
          </ns3:TrackPointExtension>
        </extensions>
      </trkpt>
      <trkpt lat="42.46284409426152706146240234375" lon="-6.2107731588184833526611328125">
        <ele>989.4000244140625</ele>
        <time>2025-10-06T10:06:49.000Z</time>
        <extensions>
          <ns3:TrackPointExtension>
            <ns3:hr>106</ns3:hr>
            <ns3:cad>55</ns3:cad>
          </ns3:TrackPointExtension>
        </extensions>
      </trkpt>
      <trkpt lat="42.46285717003047466278076171875" lon="-6.2107912637293338775634765625">
        <ele>989.5999755859375</ele>
        <time>2025-10-06T10:06:51.000Z</time>
        <extensions>
          <ns3:TrackPointExtension>
            <ns3:hr>107</ns3:hr>
            <ns3:cad>53</ns3:cad>
          </ns3:TrackPointExtension>
        </extensions>
      </trkpt>
      <trkpt lat="42.4628859199583530426025390625" lon="-6.21085639111697673797607421875">
        <ele>989.79998779296875</ele>
        <time>2025-10-06T10:06:56.000Z</time>
        <extensions>
          <ns3:TrackPointExtension>
            <ns3:hr>108</ns3:hr>
            <ns3:cad>53</ns3:cad>
          </ns3:TrackPointExtension>
        </extensions>
      </trkpt>
      <trkpt lat="42.46289757080376148223876953125" lon="-6.2109753303229808807373046875">
        <ele>990.4000244140625</ele>
        <time>2025-10-06T10:07:04.000Z</time>
        <extensions>
          <ns3:TrackPointExtension>
            <ns3:hr>111</ns3:hr>
            <ns3:cad>55</ns3:cad>
          </ns3:TrackPointExtension>
        </extensions>
      </trkpt>
      <trkpt lat="42.4628966487944126129150390625" lon="-6.210991926491260528564453125">
        <ele>990.4000244140625</ele>
        <time>2025-10-06T10:07:05.000Z</time>
        <extensions>
          <ns3:TrackPointExtension>
            <ns3:hr>111</ns3:hr>
            <ns3:cad>55</ns3:cad>
          </ns3:TrackPointExtension>
        </extensions>
      </trkpt>
      <trkpt lat="42.462895810604095458984375" lon="-6.211049258708953857421875">
        <ele>990.5999755859375</ele>
        <time>2025-10-06T10:07:10.000Z</time>
        <extensions>
          <ns3:TrackPointExtension>
            <ns3:hr>109</ns3:hr>
            <ns3:cad>54</ns3:cad>
          </ns3:TrackPointExtension>
        </extensions>
      </trkpt>
      <trkpt lat="42.46289706788957118988037109375" lon="-6.21108303777873516082763671875">
        <ele>990.79998779296875</ele>
        <time>2025-10-06T10:07:12.000Z</time>
        <extensions>
          <ns3:TrackPointExtension>
            <ns3:hr>108</ns3:hr>
            <ns3:cad>54</ns3:cad>
          </ns3:TrackPointExtension>
        </extensions>
      </trkpt>
      <trkpt lat="42.462906539440155029296875" lon="-6.211233995854854583740234375">
        <ele>991</ele>
        <time>2025-10-06T10:07:21.000Z</time>
        <extensions>
          <ns3:TrackPointExtension>
            <ns3:hr>109</ns3:hr>
            <ns3:cad>56</ns3:cad>
          </ns3:TrackPointExtension>
        </extensions>
      </trkpt>
      <trkpt lat="42.46291525661945343017578125" lon="-6.21136316098272800445556640625">
        <ele>991</ele>
        <time>2025-10-06T10:07:29.000Z</time>
        <extensions>
          <ns3:TrackPointExtension>
            <ns3:hr>110</ns3:hr>
            <ns3:cad>57</ns3:cad>
          </ns3:TrackPointExtension>
        </extensions>
      </trkpt>
      <trkpt lat="42.46291768737137317657470703125" lon="-6.21151152066886425018310546875">
        <ele>991.20001220703125</ele>
        <time>2025-10-06T10:07:38.000Z</time>
        <extensions>
          <ns3:TrackPointExtension>
            <ns3:hr>109</ns3:hr>
            <ns3:cad>56</ns3:cad>
          </ns3:TrackPointExtension>
        </extensions>
      </trkpt>
      <trkpt lat="42.4629177711904048919677734375" lon="-6.21162668801844120025634765625">
        <ele>991.20001220703125</ele>
        <time>2025-10-06T10:07:46.000Z</time>
        <extensions>
          <ns3:TrackPointExtension>
            <ns3:hr>109</ns3:hr>
            <ns3:cad>56</ns3:cad>
          </ns3:TrackPointExtension>
        </extensions>
      </trkpt>
      <trkpt lat="42.462932355701923370361328125" lon="-6.211746633052825927734375">
        <ele>991</ele>
        <time>2025-10-06T10:07:53.000Z</time>
        <extensions>
          <ns3:TrackPointExtension>
            <ns3:hr>109</ns3:hr>
            <ns3:cad>57</ns3:cad>
          </ns3:TrackPointExtension>
        </extensions>
      </trkpt>
      <trkpt lat="42.462943755090236663818359375" lon="-6.21186842210590839385986328125">
        <ele>991</ele>
        <time>2025-10-06T10:08:01.000Z</time>
        <extensions>
          <ns3:TrackPointExtension>
            <ns3:hr>107</ns3:hr>
            <ns3:cad>56</ns3:cad>
          </ns3:TrackPointExtension>
        </extensions>
      </trkpt>
      <trkpt lat="42.4629647098481655120849609375" lon="-6.21203019283711910247802734375">
        <ele>990.79998779296875</ele>
        <time>2025-10-06T10:08:12.000Z</time>
        <extensions>
          <ns3:TrackPointExtension>
            <ns3:hr>107</ns3:hr>
            <ns3:cad>56</ns3:cad>
          </ns3:TrackPointExtension>
        </extensions>
      </trkpt>
      <trkpt lat="42.46296755969524383544921875" lon="-6.21215927414596080780029296875">
        <ele>990.5999755859375</ele>
        <time>2025-10-06T10:08:20.000Z</time>
        <extensions>
          <ns3:TrackPointExtension>
            <ns3:hr>107</ns3:hr>
            <ns3:cad>57</ns3:cad>
          </ns3:TrackPointExtension>
        </extensions>
      </trkpt>
      <trkpt lat="42.4629767797887325286865234375" lon="-6.21230310760438442230224609375">
        <ele>990.5999755859375</ele>
        <time>2025-10-06T10:08:29.000Z</time>
        <extensions>
          <ns3:TrackPointExtension>
            <ns3:hr>106</ns3:hr>
            <ns3:cad>56</ns3:cad>
          </ns3:TrackPointExtension>
        </extensions>
      </trkpt>
      <trkpt lat="42.4629801325500011444091796875" lon="-6.2124129943549633026123046875">
        <ele>990.5999755859375</ele>
        <time>2025-10-06T10:08:36.000Z</time>
        <extensions>
          <ns3:TrackPointExtension>
            <ns3:hr>107</ns3:hr>
            <ns3:cad>56</ns3:cad>
          </ns3:TrackPointExtension>
        </extensions>
      </trkpt>
      <trkpt lat="42.46298960410058498382568359375" lon="-6.21248893439769744873046875">
        <ele>990.4000244140625</ele>
        <time>2025-10-06T10:08:42.000Z</time>
        <extensions>
          <ns3:TrackPointExtension>
            <ns3:hr>106</ns3:hr>
            <ns3:cad>52</ns3:cad>
          </ns3:TrackPointExtension>
        </extensions>
      </trkpt>
      <trkpt lat="42.4630046077072620391845703125" lon="-6.2126062810420989990234375">
        <ele>989.79998779296875</ele>
        <time>2025-10-06T10:08:51.000Z</time>
        <extensions>
          <ns3:TrackPointExtension>
            <ns3:hr>106</ns3:hr>
            <ns3:cad>57</ns3:cad>
          </ns3:TrackPointExtension>
        </extensions>
      </trkpt>
      <trkpt lat="42.463002093136310577392578125" lon="-6.2126433290541172027587890625">
        <ele>989.5999755859375</ele>
        <time>2025-10-06T10:08:54.000Z</time>
        <extensions>
          <ns3:TrackPointExtension>
            <ns3:hr>106</ns3:hr>
            <ns3:cad>57</ns3:cad>
          </ns3:TrackPointExtension>
        </extensions>
      </trkpt>
      <trkpt lat="42.46300402097404003143310546875" lon="-6.2127177603542804718017578125">
        <ele>989.5999755859375</ele>
        <time>2025-10-06T10:08:59.000Z</time>
        <extensions>
          <ns3:TrackPointExtension>
            <ns3:hr>106</ns3:hr>
            <ns3:cad>56</ns3:cad>
          </ns3:TrackPointExtension>
        </extensions>
      </trkpt>
      <trkpt lat="42.46300687082111835479736328125" lon="-6.212857067584991455078125">
        <ele>989.4000244140625</ele>
        <time>2025-10-06T10:09:08.000Z</time>
        <extensions>
          <ns3:TrackPointExtension>
            <ns3:hr>106</ns3:hr>
            <ns3:cad>56</ns3:cad>
          </ns3:TrackPointExtension>
        </extensions>
      </trkpt>
      <trkpt lat="42.463020868599414825439453125" lon="-6.21296259574592113494873046875">
        <ele>989.79998779296875</ele>
        <time>2025-10-06T10:09:14.000Z</time>
        <extensions>
          <ns3:TrackPointExtension>
            <ns3:hr>105</ns3:hr>
            <ns3:cad>55</ns3:cad>
          </ns3:TrackPointExtension>
        </extensions>
      </trkpt>
      <trkpt lat="42.463036291301250457763671875" lon="-6.2130785174667835235595703125">
        <ele>989.79998779296875</ele>
        <time>2025-10-06T10:09:22.000Z</time>
        <extensions>
          <ns3:TrackPointExtension>
            <ns3:hr>105</ns3:hr>
            <ns3:cad>55</ns3:cad>
          </ns3:TrackPointExtension>
        </extensions>
      </trkpt>
      <trkpt lat="42.46304525993764400482177734375" lon="-6.2132159806787967681884765625">
        <ele>989.79998779296875</ele>
        <time>2025-10-06T10:09:30.000Z</time>
        <extensions>
          <ns3:TrackPointExtension>
            <ns3:hr>104</ns3:hr>
            <ns3:cad>56</ns3:cad>
          </ns3:TrackPointExtension>
        </extensions>
      </trkpt>
      <trkpt lat="42.4630491994321346282958984375" lon="-6.2133168987929821014404296875">
        <ele>989.4000244140625</ele>
        <time>2025-10-06T10:09:38.000Z</time>
        <extensions>
          <ns3:TrackPointExtension>
            <ns3:hr>105</ns3:hr>
            <ns3:cad>56</ns3:cad>
          </ns3:TrackPointExtension>
        </extensions>
      </trkpt>
      <trkpt lat="42.46306437067687511444091796875" lon="-6.2134318985044956207275390625">
        <ele>989.4000244140625</ele>
        <time>2025-10-06T10:09:45.000Z</time>
        <extensions>
          <ns3:TrackPointExtension>
            <ns3:hr>106</ns3:hr>
            <ns3:cad>55</ns3:cad>
          </ns3:TrackPointExtension>
        </extensions>
      </trkpt>
      <trkpt lat="42.46307484805583953857421875" lon="-6.21352585963904857635498046875">
        <ele>989.20001220703125</ele>
        <time>2025-10-06T10:09:52.000Z</time>
        <extensions>
          <ns3:TrackPointExtension>
            <ns3:hr>106</ns3:hr>
            <ns3:cad>55</ns3:cad>
          </ns3:TrackPointExtension>
        </extensions>
      </trkpt>
      <trkpt lat="42.46308046393096446990966796875" lon="-6.2136196531355381011962890625">
        <ele>989.20001220703125</ele>
        <time>2025-10-06T10:09:57.000Z</time>
        <extensions>
          <ns3:TrackPointExtension>
            <ns3:hr>103</ns3:hr>
            <ns3:cad>56</ns3:cad>
          </ns3:TrackPointExtension>
        </extensions>
      </trkpt>
      <trkpt lat="42.4630817212164402008056640625" lon="-6.213651001453399658203125">
        <ele>989.20001220703125</ele>
        <time>2025-10-06T10:09:59.000Z</time>
        <extensions>
          <ns3:TrackPointExtension>
            <ns3:hr>103</ns3:hr>
            <ns3:cad>56</ns3:cad>
          </ns3:TrackPointExtension>
        </extensions>
      </trkpt>
      <trkpt lat="42.4630857445299625396728515625" lon="-6.21369584463536739349365234375">
        <ele>989.20001220703125</ele>
        <time>2025-10-06T10:10:06.000Z</time>
        <extensions>
          <ns3:TrackPointExtension>
            <ns3:hr>103</ns3:hr>
            <ns3:cad>0</ns3:cad>
          </ns3:TrackPointExtension>
        </extensions>
      </trkpt>
      <trkpt lat="42.4630921147763729095458984375" lon="-6.21378804557025432586669921875">
        <ele>989</ele>
        <time>2025-10-06T10:10:12.000Z</time>
        <extensions>
          <ns3:TrackPointExtension>
            <ns3:hr>103</ns3:hr>
            <ns3:cad>55</ns3:cad>
          </ns3:TrackPointExtension>
        </extensions>
      </trkpt>
      <trkpt lat="42.46309923939406871795654296875" lon="-6.21390857733786106109619140625">
        <ele>989</ele>
        <time>2025-10-06T10:10:19.000Z</time>
        <extensions>
          <ns3:TrackPointExtension>
            <ns3:hr>105</ns3:hr>
            <ns3:cad>56</ns3:cad>
          </ns3:TrackPointExtension>
        </extensions>
      </trkpt>
      <trkpt lat="42.46310058049857616424560546875" lon="-6.214014105498790740966796875">
        <ele>988.79998779296875</ele>
        <time>2025-10-06T10:10:26.000Z</time>
        <extensions>
          <ns3:TrackPointExtension>
            <ns3:hr>102</ns3:hr>
            <ns3:cad>57</ns3:cad>
          </ns3:TrackPointExtension>
        </extensions>
      </trkpt>
      <trkpt lat="42.4631078727543354034423828125" lon="-6.2141311168670654296875">
        <ele>989.4000244140625</ele>
        <time>2025-10-06T10:10:33.000Z</time>
        <extensions>
          <ns3:TrackPointExtension>
            <ns3:hr>100</ns3:hr>
            <ns3:cad>57</ns3:cad>
          </ns3:TrackPointExtension>
        </extensions>
      </trkpt>
      <trkpt lat="42.4631162546575069427490234375" lon="-6.21428073383867740631103515625">
        <ele>989.20001220703125</ele>
        <time>2025-10-06T10:10:43.000Z</time>
        <extensions>
          <ns3:TrackPointExtension>
            <ns3:hr>101</ns3:hr>
            <ns3:cad>56</ns3:cad>
          </ns3:TrackPointExtension>
        </extensions>
      </trkpt>
      <trkpt lat="42.46312237344682216644287109375" lon="-6.21435684151947498321533203125">
        <ele>989.4000244140625</ele>
        <time>2025-10-06T10:10:48.000Z</time>
        <extensions>
          <ns3:TrackPointExtension>
            <ns3:hr>104</ns3:hr>
            <ns3:cad>55</ns3:cad>
          </ns3:TrackPointExtension>
        </extensions>
      </trkpt>
      <trkpt lat="42.46312773786485195159912109375" lon="-6.2144100666046142578125">
        <ele>989.5999755859375</ele>
        <time>2025-10-06T10:10:51.000Z</time>
        <extensions>
          <ns3:TrackPointExtension>
            <ns3:hr>105</ns3:hr>
            <ns3:cad>54</ns3:cad>
          </ns3:TrackPointExtension>
        </extensions>
      </trkpt>
      <trkpt lat="42.46312974952161312103271484375" lon="-6.214517690241336822509765625">
        <ele>990</ele>
        <time>2025-10-06T10:10:58.000Z</time>
        <extensions>
          <ns3:TrackPointExtension>
            <ns3:hr>106</ns3:hr>
            <ns3:cad>55</ns3:cad>
          </ns3:TrackPointExtension>
        </extensions>
      </trkpt>
      <trkpt lat="42.46313787996768951416015625" lon="-6.21465146541595458984375">
        <ele>990.4000244140625</ele>
        <time>2025-10-06T10:11:06.000Z</time>
        <extensions>
          <ns3:TrackPointExtension>
            <ns3:hr>109</ns3:hr>
            <ns3:cad>56</ns3:cad>
          </ns3:TrackPointExtension>
        </extensions>
      </trkpt>
      <trkpt lat="42.46314056217670440673828125" lon="-6.2146660499274730682373046875">
        <ele>990.4000244140625</ele>
        <time>2025-10-06T10:11:07.000Z</time>
        <extensions>
          <ns3:TrackPointExtension>
            <ns3:hr>110</ns3:hr>
            <ns3:cad>56</ns3:cad>
          </ns3:TrackPointExtension>
        </extensions>
      </trkpt>
      <trkpt lat="42.46314517222344875335693359375" lon="-6.21469781734049320220947265625">
        <ele>990.5999755859375</ele>
        <time>2025-10-06T10:11:09.000Z</time>
        <extensions>
          <ns3:TrackPointExtension>
            <ns3:hr>111</ns3:hr>
            <ns3:cad>56</ns3:cad>
          </ns3:TrackPointExtension>
        </extensions>
      </trkpt>
      <trkpt lat="42.46315321885049343109130859375" lon="-6.21476956643164157867431640625">
        <ele>990.79998779296875</ele>
        <time>2025-10-06T10:11:14.000Z</time>
        <extensions>
          <ns3:TrackPointExtension>
            <ns3:hr>114</ns3:hr>
            <ns3:cad>53</ns3:cad>
          </ns3:TrackPointExtension>
        </extensions>
      </trkpt>
      <trkpt lat="42.46315388940274715423583984375" lon="-6.21481851674616336822509765625">
        <ele>991</ele>
        <time>2025-10-06T10:11:17.000Z</time>
        <extensions>
          <ns3:TrackPointExtension>
            <ns3:hr>115</ns3:hr>
            <ns3:cad>53</ns3:cad>
          </ns3:TrackPointExtension>
        </extensions>
      </trkpt>
      <trkpt lat="42.46316093020141124725341796875" lon="-6.21492798440158367156982421875">
        <ele>991.4000244140625</ele>
        <time>2025-10-06T10:11:24.000Z</time>
        <extensions>
          <ns3:TrackPointExtension>
            <ns3:hr>116</ns3:hr>
            <ns3:cad>53</ns3:cad>
          </ns3:TrackPointExtension>
        </extensions>
      </trkpt>
      <trkpt lat="42.4631707370281219482421875" lon="-6.2150341831147670745849609375">
        <ele>991.5999755859375</ele>
        <time>2025-10-06T10:11:30.000Z</time>
        <extensions>
          <ns3:TrackPointExtension>
            <ns3:hr>115</ns3:hr>
            <ns3:cad>55</ns3:cad>
          </ns3:TrackPointExtension>
        </extensions>
      </trkpt>
      <trkpt lat="42.46317735873162746429443359375" lon="-6.215101741254329681396484375">
        <ele>991.5999755859375</ele>
        <time>2025-10-06T10:11:34.000Z</time>
        <extensions>
          <ns3:TrackPointExtension>
            <ns3:hr>116</ns3:hr>
            <ns3:cad>54</ns3:cad>
          </ns3:TrackPointExtension>
        </extensions>
      </trkpt>
      <trkpt lat="42.4631957150995731353759765625" lon="-6.2152241170406341552734375">
        <ele>991.79998779296875</ele>
        <time>2025-10-06T10:11:42.000Z</time>
        <extensions>
          <ns3:TrackPointExtension>
            <ns3:hr>115</ns3:hr>
            <ns3:cad>53</ns3:cad>
          </ns3:TrackPointExtension>
        </extensions>
      </trkpt>
      <trkpt lat="42.46321968734264373779296875" lon="-6.21536602266132831573486328125">
        <ele>992.20001220703125</ele>
        <time>2025-10-06T10:11:51.000Z</time>
        <extensions>
          <ns3:TrackPointExtension>
            <ns3:hr>115</ns3:hr>
            <ns3:cad>54</ns3:cad>
          </ns3:TrackPointExtension>
        </extensions>
      </trkpt>
      <trkpt lat="42.46323921717703342437744140625" lon="-6.21551203541457653045654296875">
        <ele>992.5999755859375</ele>
        <time>2025-10-06T10:12:00.000Z</time>
        <extensions>
          <ns3:TrackPointExtension>
            <ns3:hr>116</ns3:hr>
            <ns3:cad>53</ns3:cad>
          </ns3:TrackPointExtension>
        </extensions>
      </trkpt>
      <trkpt lat="42.463244497776031494140625" lon="-6.21552812866866588592529296875">
        <ele>992.5999755859375</ele>
        <time>2025-10-06T10:12:01.000Z</time>
        <extensions>
          <ns3:TrackPointExtension>
            <ns3:hr>115</ns3:hr>
            <ns3:cad>53</ns3:cad>
          </ns3:TrackPointExtension>
        </extensions>
      </trkpt>
      <trkpt lat="42.46326587162911891937255859375" lon="-6.21563591994345188140869140625">
        <ele>992.79998779296875</ele>
        <time>2025-10-06T10:12:08.000Z</time>
        <extensions>
          <ns3:TrackPointExtension>
            <ns3:hr>116</ns3:hr>
            <ns3:cad>55</ns3:cad>
          </ns3:TrackPointExtension>
        </extensions>
      </trkpt>
      <trkpt lat="42.4632996506989002227783203125" lon="-6.2157927453517913818359375">
        <ele>993.20001220703125</ele>
        <time>2025-10-06T10:12:18.000Z</time>
        <extensions>
          <ns3:TrackPointExtension>
            <ns3:hr>117</ns3:hr>
            <ns3:cad>55</ns3:cad>
          </ns3:TrackPointExtension>
        </extensions>
      </trkpt>
      <trkpt lat="42.4633244611322879791259765625" lon="-6.2159377522766590118408203125">
        <ele>993.4000244140625</ele>
        <time>2025-10-06T10:12:27.000Z</time>
        <extensions>
          <ns3:TrackPointExtension>
            <ns3:hr>118</ns3:hr>
            <ns3:cad>55</ns3:cad>
          </ns3:TrackPointExtension>
        </extensions>
      </trkpt>
      <trkpt lat="42.46335153467953205108642578125" lon="-6.21608871035277843475341796875">
        <ele>993.4000244140625</ele>
        <time>2025-10-06T10:12:37.000Z</time>
        <extensions>
          <ns3:TrackPointExtension>
            <ns3:hr>118</ns3:hr>
            <ns3:cad>55</ns3:cad>
          </ns3:TrackPointExtension>
        </extensions>
      </trkpt>
      <trkpt lat="42.463378943502902984619140625" lon="-6.21626422740519046783447265625">
        <ele>993.20001220703125</ele>
        <time>2025-10-06T10:12:48.000Z</time>
        <extensions>
          <ns3:TrackPointExtension>
            <ns3:hr>116</ns3:hr>
            <ns3:cad>57</ns3:cad>
          </ns3:TrackPointExtension>
        </extensions>
      </trkpt>
      <trkpt lat="42.46342496015131473541259765625" lon="-6.2164745293557643890380859375">
        <ele>993.5999755859375</ele>
        <time>2025-10-06T10:13:01.000Z</time>
        <extensions>
          <ns3:TrackPointExtension>
            <ns3:hr>115</ns3:hr>
            <ns3:cad>56</ns3:cad>
          </ns3:TrackPointExtension>
        </extensions>
      </trkpt>
      <trkpt lat="42.463430576026439666748046875" lon="-6.2164899520576000213623046875">
        <ele>993.5999755859375</ele>
        <time>2025-10-06T10:13:02.000Z</time>
        <extensions>
          <ns3:TrackPointExtension>
            <ns3:hr>116</ns3:hr>
            <ns3:cad>56</ns3:cad>
          </ns3:TrackPointExtension>
        </extensions>
      </trkpt>
      <trkpt lat="42.4634649418294429779052734375" lon="-6.2166089750826358795166015625">
        <ele>993.5999755859375</ele>
        <time>2025-10-06T10:13:10.000Z</time>
        <extensions>
          <ns3:TrackPointExtension>
            <ns3:hr>114</ns3:hr>
            <ns3:cad>55</ns3:cad>
          </ns3:TrackPointExtension>
        </extensions>
      </trkpt>
      <trkpt lat="42.463503666222095489501953125" lon="-6.2167288362979888916015625">
        <ele>993.79998779296875</ele>
        <time>2025-10-06T10:13:18.000Z</time>
        <extensions>
          <ns3:TrackPointExtension>
            <ns3:hr>113</ns3:hr>
            <ns3:cad>55</ns3:cad>
          </ns3:TrackPointExtension>
        </extensions>
      </trkpt>
      <trkpt lat="42.46354616247117519378662109375" lon="-6.21685498394072055816650390625">
        <ele>993.5999755859375</ele>
        <time>2025-10-06T10:13:26.000Z</time>
        <extensions>
          <ns3:TrackPointExtension>
            <ns3:hr>112</ns3:hr>
            <ns3:cad>57</ns3:cad>
          </ns3:TrackPointExtension>
        </extensions>
      </trkpt>
      <trkpt lat="42.46360617689788341522216796875" lon="-6.2170237116515636444091796875">
        <ele>993.5999755859375</ele>
        <time>2025-10-06T10:13:37.000Z</time>
        <extensions>
          <ns3:TrackPointExtension>
            <ns3:hr>110</ns3:hr>
            <ns3:cad>56</ns3:cad>
          </ns3:TrackPointExtension>
        </extensions>
      </trkpt>
      <trkpt lat="42.4636624194681644439697265625" lon="-6.21719562448561191558837890625">
        <ele>993.5999755859375</ele>
        <time>2025-10-06T10:13:48.000Z</time>
        <extensions>
          <ns3:TrackPointExtension>
            <ns3:hr>110</ns3:hr>
            <ns3:cad>57</ns3:cad>
          </ns3:TrackPointExtension>
        </extensions>
      </trkpt>
      <trkpt lat="42.46373869478702545166015625" lon="-6.21735513210296630859375">
        <ele>993.79998779296875</ele>
        <time>2025-10-06T10:13:59.000Z</time>
        <extensions>
          <ns3:TrackPointExtension>
            <ns3:hr>109</ns3:hr>
            <ns3:cad>55</ns3:cad>
          </ns3:TrackPointExtension>
        </extensions>
      </trkpt>
      <trkpt lat="42.46381337754428386688232421875" lon="-6.217467449605464935302734375">
        <ele>994.20001220703125</ele>
        <time>2025-10-06T10:14:09.000Z</time>
        <extensions>
          <ns3:TrackPointExtension>
            <ns3:hr>108</ns3:hr>
            <ns3:cad>55</ns3:cad>
          </ns3:TrackPointExtension>
        </extensions>
      </trkpt>
      <trkpt lat="42.46389283798635005950927734375" lon="-6.21758974157273769378662109375">
        <ele>994.5999755859375</ele>
        <time>2025-10-06T10:14:19.000Z</time>
        <extensions>
          <ns3:TrackPointExtension>
            <ns3:hr>106</ns3:hr>
            <ns3:cad>54</ns3:cad>
          </ns3:TrackPointExtension>
        </extensions>
      </trkpt>
      <trkpt lat="42.46390406973659992218017578125" lon="-6.2175993807613849639892578125">
        <ele>994.5999755859375</ele>
        <time>2025-10-06T10:14:20.000Z</time>
        <extensions>
          <ns3:TrackPointExtension>
            <ns3:hr>107</ns3:hr>
            <ns3:cad>55</ns3:cad>
          </ns3:TrackPointExtension>
        </extensions>
      </trkpt>
      <trkpt lat="42.463979087769985198974609375" lon="-6.2176930904388427734375">
        <ele>994.79998779296875</ele>
        <time>2025-10-06T10:14:28.000Z</time>
        <extensions>
          <ns3:TrackPointExtension>
            <ns3:hr>107</ns3:hr>
            <ns3:cad>56</ns3:cad>
          </ns3:TrackPointExtension>
        </extensions>
      </trkpt>
      <trkpt lat="42.4640543572604656219482421875" lon="-6.21777967549860477447509765625">
        <ele>994.79998779296875</ele>
        <time>2025-10-06T10:14:36.000Z</time>
        <extensions>
          <ns3:TrackPointExtension>
            <ns3:hr>107</ns3:hr>
            <ns3:cad>57</ns3:cad>
          </ns3:TrackPointExtension>
        </extensions>
      </trkpt>
      <trkpt lat="42.46414412744343280792236328125" lon="-6.2178977765142917633056640625">
        <ele>994.5999755859375</ele>
        <time>2025-10-06T10:14:46.000Z</time>
        <extensions>
          <ns3:TrackPointExtension>
            <ns3:hr>104</ns3:hr>
            <ns3:cad>57</ns3:cad>
          </ns3:TrackPointExtension>
        </extensions>
      </trkpt>
      <trkpt lat="42.4641549400985240936279296875" lon="-6.2179111875593662261962890625">
        <ele>994.5999755859375</ele>
        <time>2025-10-06T10:14:47.000Z</time>
        <extensions>
          <ns3:TrackPointExtension>
            <ns3:hr>104</ns3:hr>
            <ns3:cad>57</ns3:cad>
          </ns3:TrackPointExtension>
        </extensions>
      </trkpt>
      <trkpt lat="42.46427287347614765167236328125" lon="-6.21804269962012767791748046875">
        <ele>994</ele>
        <time>2025-10-06T10:14:59.000Z</time>
        <extensions>
          <ns3:TrackPointExtension>
            <ns3:hr>107</ns3:hr>
            <ns3:cad>57</ns3:cad>
          </ns3:TrackPointExtension>
        </extensions>
      </trkpt>
      <trkpt lat="42.4643252603709697723388671875" lon="-6.218108497560024261474609375">
        <ele>993.5999755859375</ele>
        <time>2025-10-06T10:15:05.000Z</time>
        <extensions>
          <ns3:TrackPointExtension>
            <ns3:hr>106</ns3:hr>
            <ns3:cad>58</ns3:cad>
          </ns3:TrackPointExtension>
        </extensions>
      </trkpt>
      <trkpt lat="42.46437680907547473907470703125" lon="-6.2181804142892360687255859375">
        <ele>993.4000244140625</ele>
        <time>2025-10-06T10:15:11.000Z</time>
        <extensions>
          <ns3:TrackPointExtension>
            <ns3:hr>107</ns3:hr>
            <ns3:cad>58</ns3:cad>
          </ns3:TrackPointExtension>
        </extensions>
      </trkpt>
      <trkpt lat="42.464446462690830230712890625" lon="-6.2182903848588466644287109375">
        <ele>993.4000244140625</ele>
        <time>2025-10-06T10:15:20.000Z</time>
        <extensions>
          <ns3:TrackPointExtension>
            <ns3:hr>106</ns3:hr>
            <ns3:cad>57</ns3:cad>
          </ns3:TrackPointExtension>
        </extensions>
      </trkpt>
      <trkpt lat="42.4645177088677883148193359375" lon="-6.2184291891753673553466796875">
        <ele>993.20001220703125</ele>
        <time>2025-10-06T10:15:30.000Z</time>
        <extensions>
          <ns3:TrackPointExtension>
            <ns3:hr>106</ns3:hr>
            <ns3:cad>57</ns3:cad>
          </ns3:TrackPointExtension>
        </extensions>
      </trkpt>
      <trkpt lat="42.4645440280437469482421875" lon="-6.2186035327613353729248046875">
        <ele>993.20001220703125</ele>
        <time>2025-10-06T10:15:41.000Z</time>
        <extensions>
          <ns3:TrackPointExtension>
            <ns3:hr>106</ns3:hr>
            <ns3:cad>57</ns3:cad>
          </ns3:TrackPointExtension>
        </extensions>
      </trkpt>
      <trkpt lat="42.46453422121703624725341796875" lon="-6.21877812780439853668212890625">
        <ele>993.20001220703125</ele>
        <time>2025-10-06T10:15:51.000Z</time>
        <extensions>
          <ns3:TrackPointExtension>
            <ns3:hr>105</ns3:hr>
            <ns3:cad>56</ns3:cad>
          </ns3:TrackPointExtension>
        </extensions>
      </trkpt>
      <trkpt lat="42.46451360173523426055908203125" lon="-6.2189357914030551910400390625">
        <ele>993.5999755859375</ele>
        <time>2025-10-06T10:16:01.000Z</time>
        <extensions>
          <ns3:TrackPointExtension>
            <ns3:hr>106</ns3:hr>
            <ns3:cad>55</ns3:cad>
          </ns3:TrackPointExtension>
        </extensions>
      </trkpt>
      <trkpt lat="42.46448158286511898040771484375" lon="-6.219099573791027069091796875">
        <ele>994</ele>
        <time>2025-10-06T10:16:11.000Z</time>
        <extensions>
          <ns3:TrackPointExtension>
            <ns3:hr>106</ns3:hr>
            <ns3:cad>55</ns3:cad>
          </ns3:TrackPointExtension>
        </extensions>
      </trkpt>
      <trkpt lat="42.4644587002694606781005859375" lon="-6.219216920435428619384765625">
        <ele>994.5999755859375</ele>
        <time>2025-10-06T10:16:19.000Z</time>
        <extensions>
          <ns3:TrackPointExtension>
            <ns3:hr>107</ns3:hr>
            <ns3:cad>54</ns3:cad>
          </ns3:TrackPointExtension>
        </extensions>
      </trkpt>
      <trkpt lat="42.46443950571119785308837890625" lon="-6.2193384580314159393310546875">
        <ele>995.20001220703125</ele>
        <time>2025-10-06T10:16:27.000Z</time>
        <extensions>
          <ns3:TrackPointExtension>
            <ns3:hr>110</ns3:hr>
            <ns3:cad>55</ns3:cad>
          </ns3:TrackPointExtension>
        </extensions>
      </trkpt>
      <trkpt lat="42.46443732641637325286865234375" lon="-6.2193528749048709869384765625">
        <ele>995.20001220703125</ele>
        <time>2025-10-06T10:16:28.000Z</time>
        <extensions>
          <ns3:TrackPointExtension>
            <ns3:hr>110</ns3:hr>
            <ns3:cad>55</ns3:cad>
          </ns3:TrackPointExtension>
        </extensions>
      </trkpt>
      <trkpt lat="42.4644298665225505828857421875" lon="-6.21943476609885692596435546875">
        <ele>995.5999755859375</ele>
        <time>2025-10-06T10:16:33.000Z</time>
        <extensions>
          <ns3:TrackPointExtension>
            <ns3:hr>113</ns3:hr>
            <ns3:cad>53</ns3:cad>
          </ns3:TrackPointExtension>
        </extensions>
      </trkpt>
      <trkpt lat="42.46442743577063083648681640625" lon="-6.21944884769618511199951171875">
        <ele>995.5999755859375</ele>
        <time>2025-10-06T10:16:34.000Z</time>
        <extensions>
          <ns3:TrackPointExtension>
            <ns3:hr>113</ns3:hr>
            <ns3:cad>53</ns3:cad>
          </ns3:TrackPointExtension>
        </extensions>
      </trkpt>
      <trkpt lat="42.46441595256328582763671875" lon="-6.21947349049150943756103515625">
        <ele>996</ele>
        <time>2025-10-06T10:16:36.000Z</time>
        <extensions>
          <ns3:TrackPointExtension>
            <ns3:hr>114</ns3:hr>
            <ns3:cad>53</ns3:cad>
          </ns3:TrackPointExtension>
        </extensions>
      </trkpt>
      <trkpt lat="42.4643996916711330413818359375" lon="-6.21954758651554584503173828125">
        <ele>996.5999755859375</ele>
        <time>2025-10-06T10:16:41.000Z</time>
        <extensions>
          <ns3:TrackPointExtension>
            <ns3:hr>117</ns3:hr>
            <ns3:cad>54</ns3:cad>
          </ns3:TrackPointExtension>
        </extensions>
      </trkpt>
      <trkpt lat="42.4643946625292301177978515625" lon="-6.21959368698298931121826171875">
        <ele>996.79998779296875</ele>
        <time>2025-10-06T10:16:44.000Z</time>
        <extensions>
          <ns3:TrackPointExtension>
            <ns3:hr>118</ns3:hr>
            <ns3:cad>54</ns3:cad>
          </ns3:TrackPointExtension>
        </extensions>
      </trkpt>
      <trkpt lat="42.4643790721893310546875" lon="-6.219718493521213531494140625">
        <ele>997.5999755859375</ele>
        <time>2025-10-06T10:16:53.000Z</time>
        <extensions>
          <ns3:TrackPointExtension>
            <ns3:hr>120</ns3:hr>
            <ns3:cad>51</ns3:cad>
          </ns3:TrackPointExtension>
        </extensions>
      </trkpt>
      <trkpt lat="42.46437446214258670806884765625" lon="-6.21973416768014430999755859375">
        <ele>997.79998779296875</ele>
        <time>2025-10-06T10:16:54.000Z</time>
        <extensions>
          <ns3:TrackPointExtension>
            <ns3:hr>120</ns3:hr>
            <ns3:cad>51</ns3:cad>
          </ns3:TrackPointExtension>
        </extensions>
      </trkpt>
      <trkpt lat="42.46435199864208698272705078125" lon="-6.2198668532073497772216796875">
        <ele>998.79998779296875</ele>
        <time>2025-10-06T10:17:03.000Z</time>
        <extensions>
          <ns3:TrackPointExtension>
            <ns3:hr>121</ns3:hr>
            <ns3:cad>52</ns3:cad>
          </ns3:TrackPointExtension>
        </extensions>
      </trkpt>
      <trkpt lat="42.46434931643307209014892578125" lon="-6.21987850405275821685791015625">
        <ele>998.79998779296875</ele>
        <time>2025-10-06T10:17:04.000Z</time>
        <extensions>
          <ns3:TrackPointExtension>
            <ns3:hr>121</ns3:hr>
            <ns3:cad>51</ns3:cad>
          </ns3:TrackPointExtension>
        </extensions>
      </trkpt>
      <trkpt lat="42.46432836167514324188232421875" lon="-6.22003071941435337066650390625">
        <ele>999.5999755859375</ele>
        <time>2025-10-06T10:17:14.000Z</time>
        <extensions>
          <ns3:TrackPointExtension>
            <ns3:hr>121</ns3:hr>
            <ns3:cad>51</ns3:cad>
          </ns3:TrackPointExtension>
        </extensions>
      </trkpt>
      <trkpt lat="42.4643232487142086029052734375" lon="-6.22005837969481945037841796875">
        <ele>999.79998779296875</ele>
        <time>2025-10-06T10:17:16.000Z</time>
        <extensions>
          <ns3:TrackPointExtension>
            <ns3:hr>122</ns3:hr>
            <ns3:cad>51</ns3:cad>
          </ns3:TrackPointExtension>
        </extensions>
      </trkpt>
      <trkpt lat="42.46429483406245708465576171875" lon="-6.22018075548112392425537109375">
        <ele>1000.4000244140625</ele>
        <time>2025-10-06T10:17:24.000Z</time>
        <extensions>
          <ns3:TrackPointExtension>
            <ns3:hr>122</ns3:hr>
            <ns3:cad>53</ns3:cad>
          </ns3:TrackPointExtension>
        </extensions>
      </trkpt>
      <trkpt lat="42.4642763100564479827880859375" lon="-6.22030095197260379791259765625">
        <ele>1000.79998779296875</ele>
        <time>2025-10-06T10:17:32.000Z</time>
        <extensions>
          <ns3:TrackPointExtension>
            <ns3:hr>123</ns3:hr>
            <ns3:cad>54</ns3:cad>
          </ns3:TrackPointExtension>
        </extensions>
      </trkpt>
      <trkpt lat="42.4642753042280673980712890625" lon="-6.2203147821128368377685546875">
        <ele>1000.79998779296875</ele>
        <time>2025-10-06T10:17:33.000Z</time>
        <extensions>
          <ns3:TrackPointExtension>
            <ns3:hr>123</ns3:hr>
            <ns3:cad>53</ns3:cad>
          </ns3:TrackPointExtension>
        </extensions>
      </trkpt>
      <trkpt lat="42.4642605520784854888916015625" lon="-6.22040069662034511566162109375">
        <ele>1001</ele>
        <time>2025-10-06T10:17:39.000Z</time>
        <extensions>
          <ns3:TrackPointExtension>
            <ns3:hr>126</ns3:hr>
            <ns3:cad>54</ns3:cad>
          </ns3:TrackPointExtension>
        </extensions>
      </trkpt>
      <trkpt lat="42.4642374180257320404052734375" lon="-6.2205588631331920623779296875">
        <ele>1001.79998779296875</ele>
        <time>2025-10-06T10:17:49.000Z</time>
        <extensions>
          <ns3:TrackPointExtension>
            <ns3:hr>125</ns3:hr>
            <ns3:cad>54</ns3:cad>
          </ns3:TrackPointExtension>
        </extensions>
      </trkpt>
      <trkpt lat="42.4642297066748142242431640625" lon="-6.2205850146710872650146484375">
        <ele>1002</ele>
        <time>2025-10-06T10:17:51.000Z</time>
        <extensions>
          <ns3:TrackPointExtension>
            <ns3:hr>125</ns3:hr>
            <ns3:cad>54</ns3:cad>
          </ns3:TrackPointExtension>
        </extensions>
      </trkpt>
      <trkpt lat="42.4642082490026950836181640625" lon="-6.2206788919866085052490234375">
        <ele>1002.20001220703125</ele>
        <time>2025-10-06T10:17:57.000Z</time>
        <extensions>
          <ns3:TrackPointExtension>
            <ns3:hr>123</ns3:hr>
            <ns3:cad>54</ns3:cad>
          </ns3:TrackPointExtension>
        </extensions>
      </trkpt>
      <trkpt lat="42.46419131755828857421875" lon="-6.2208073027431964874267578125">
        <ele>1002.5999755859375</ele>
        <time>2025-10-06T10:18:05.000Z</time>
        <extensions>
          <ns3:TrackPointExtension>
            <ns3:hr>123</ns3:hr>
            <ns3:cad>53</ns3:cad>
          </ns3:TrackPointExtension>
        </extensions>
      </trkpt>
      <trkpt lat="42.46417279355227947235107421875" lon="-6.2209011800587177276611328125">
        <ele>1003</ele>
        <time>2025-10-06T10:18:11.000Z</time>
        <extensions>
          <ns3:TrackPointExtension>
            <ns3:hr>122</ns3:hr>
            <ns3:cad>55</ns3:cad>
          </ns3:TrackPointExtension>
        </extensions>
      </trkpt>
      <trkpt lat="42.4641629867255687713623046875" lon="-6.22096580453217029571533203125">
        <ele>1003</ele>
        <time>2025-10-06T10:18:15.000Z</time>
        <extensions>
          <ns3:TrackPointExtension>
            <ns3:hr>121</ns3:hr>
            <ns3:cad>54</ns3:cad>
          </ns3:TrackPointExtension>
        </extensions>
      </trkpt>
      <trkpt lat="42.4641428701579570770263671875" lon="-6.22108583338558673858642578125">
        <ele>1003.5999755859375</ele>
        <time>2025-10-06T10:18:23.000Z</time>
        <extensions>
          <ns3:TrackPointExtension>
            <ns3:hr>120</ns3:hr>
            <ns3:cad>55</ns3:cad>
          </ns3:TrackPointExtension>
        </extensions>
      </trkpt>
      <trkpt lat="42.464113533496856689453125" lon="-6.22124710120260715484619140625">
        <ele>1004</ele>
        <time>2025-10-06T10:18:33.000Z</time>
        <extensions>
          <ns3:TrackPointExtension>
            <ns3:hr>119</ns3:hr>
            <ns3:cad>55</ns3:cad>
          </ns3:TrackPointExtension>
        </extensions>
      </trkpt>
      <trkpt lat="42.4641002900898456573486328125" lon="-6.2213878333568572998046875">
        <ele>1004.5999755859375</ele>
        <time>2025-10-06T10:18:42.000Z</time>
        <extensions>
          <ns3:TrackPointExtension>
            <ns3:hr>117</ns3:hr>
            <ns3:cad>55</ns3:cad>
          </ns3:TrackPointExtension>
        </extensions>
      </trkpt>
      <trkpt lat="42.4640855379402637481689453125" lon="-6.22151984833180904388427734375">
        <ele>1005</ele>
        <time>2025-10-06T10:18:50.000Z</time>
        <extensions>
          <ns3:TrackPointExtension>
            <ns3:hr>118</ns3:hr>
            <ns3:cad>55</ns3:cad>
          </ns3:TrackPointExtension>
        </extensions>
      </trkpt>
      <trkpt lat="42.4640800058841705322265625" lon="-6.221551112830638885498046875">
        <ele>1005</ele>
        <time>2025-10-06T10:18:52.000Z</time>
        <extensions>
          <ns3:TrackPointExtension>
            <ns3:hr>118</ns3:hr>
            <ns3:cad>55</ns3:cad>
          </ns3:TrackPointExtension>
        </extensions>
      </trkpt>
      <trkpt lat="42.4640563689172267913818359375" lon="-6.22164926491677761077880859375">
        <ele>1005.4000244140625</ele>
        <time>2025-10-06T10:18:58.000Z</time>
        <extensions>
          <ns3:TrackPointExtension>
            <ns3:hr>120</ns3:hr>
            <ns3:cad>55</ns3:cad>
          </ns3:TrackPointExtension>
        </extensions>
      </trkpt>
      <trkpt lat="42.46404983103275299072265625" lon="-6.22176644392311573028564453125">
        <ele>1005.5999755859375</ele>
        <time>2025-10-06T10:19:05.000Z</time>
        <extensions>
          <ns3:TrackPointExtension>
            <ns3:hr>121</ns3:hr>
            <ns3:cad>54</ns3:cad>
          </ns3:TrackPointExtension>
        </extensions>
      </trkpt>
      <trkpt lat="42.46404320932924747467041015625" lon="-6.2218644283711910247802734375">
        <ele>1006</ele>
        <time>2025-10-06T10:19:11.000Z</time>
        <extensions>
          <ns3:TrackPointExtension>
            <ns3:hr>120</ns3:hr>
            <ns3:cad>55</ns3:cad>
          </ns3:TrackPointExtension>
        </extensions>
      </trkpt>
      <trkpt lat="42.46404153294861316680908203125" lon="-6.2219242751598358154296875">
        <ele>1006.20001220703125</ele>
        <time>2025-10-06T10:19:15.000Z</time>
        <extensions>
          <ns3:TrackPointExtension>
            <ns3:hr>120</ns3:hr>
            <ns3:cad>55</ns3:cad>
          </ns3:TrackPointExtension>
        </extensions>
      </trkpt>
      <trkpt lat="42.4640426225960254669189453125" lon="-6.22202410362660884857177734375">
        <ele>1007</ele>
        <time>2025-10-06T10:19:21.000Z</time>
        <extensions>
          <ns3:TrackPointExtension>
            <ns3:hr>121</ns3:hr>
            <ns3:cad>55</ns3:cad>
          </ns3:TrackPointExtension>
        </extensions>
      </trkpt>
      <trkpt lat="42.46404086239635944366455078125" lon="-6.22205763123929500579833984375">
        <ele>1007</ele>
        <time>2025-10-06T10:19:23.000Z</time>
        <extensions>
          <ns3:TrackPointExtension>
            <ns3:hr>120</ns3:hr>
            <ns3:cad>55</ns3:cad>
          </ns3:TrackPointExtension>
        </extensions>
      </trkpt>
      <trkpt lat="42.46403650380671024322509765625" lon="-6.2221561186015605926513671875">
        <ele>1007.79998779296875</ele>
        <time>2025-10-06T10:19:29.000Z</time>
        <extensions>
          <ns3:TrackPointExtension>
            <ns3:hr>121</ns3:hr>
            <ns3:cad>55</ns3:cad>
          </ns3:TrackPointExtension>
        </extensions>
      </trkpt>
      <trkpt lat="42.46403776109218597412109375" lon="-6.2222067452967166900634765625">
        <ele>1008.20001220703125</ele>
        <time>2025-10-06T10:19:32.000Z</time>
        <extensions>
          <ns3:TrackPointExtension>
            <ns3:hr>122</ns3:hr>
            <ns3:cad>55</ns3:cad>
          </ns3:TrackPointExtension>
        </extensions>
      </trkpt>
      <trkpt lat="42.46403851546347141265869140625" lon="-6.22230288572609424591064453125">
        <ele>1008.5999755859375</ele>
        <time>2025-10-06T10:19:38.000Z</time>
        <extensions>
          <ns3:TrackPointExtension>
            <ns3:hr>124</ns3:hr>
            <ns3:cad>55</ns3:cad>
          </ns3:TrackPointExtension>
        </extensions>
      </trkpt>
      <trkpt lat="42.4640432931482791900634765625" lon="-6.22245862148702144622802734375">
        <ele>1009.20001220703125</ele>
        <time>2025-10-06T10:19:47.000Z</time>
        <extensions>
          <ns3:TrackPointExtension>
            <ns3:hr>124</ns3:hr>
            <ns3:cad>55</ns3:cad>
          </ns3:TrackPointExtension>
        </extensions>
      </trkpt>
      <trkpt lat="42.46404220350086688995361328125" lon="-6.2224739603698253631591796875">
        <ele>1009.4000244140625</ele>
        <time>2025-10-06T10:19:48.000Z</time>
        <extensions>
          <ns3:TrackPointExtension>
            <ns3:hr>123</ns3:hr>
            <ns3:cad>55</ns3:cad>
          </ns3:TrackPointExtension>
        </extensions>
      </trkpt>
      <trkpt lat="42.4640476517379283905029296875" lon="-6.22258870862424373626708984375">
        <ele>1010.20001220703125</ele>
        <time>2025-10-06T10:19:55.000Z</time>
        <extensions>
          <ns3:TrackPointExtension>
            <ns3:hr>123</ns3:hr>
            <ns3:cad>55</ns3:cad>
          </ns3:TrackPointExtension>
        </extensions>
      </trkpt>
      <trkpt lat="42.46405159123241901397705078125" lon="-6.22266431339085102081298828125">
        <ele>1010.79998779296875</ele>
        <time>2025-10-06T10:20:00.000Z</time>
        <extensions>
          <ns3:TrackPointExtension>
            <ns3:hr>123</ns3:hr>
            <ns3:cad>55</ns3:cad>
          </ns3:TrackPointExtension>
        </extensions>
      </trkpt>
      <trkpt lat="42.46404740028083324432373046875" lon="-6.22282885015010833740234375">
        <ele>1011.20001220703125</ele>
        <time>2025-10-06T10:20:09.000Z</time>
        <extensions>
          <ns3:TrackPointExtension>
            <ns3:hr>124</ns3:hr>
            <ns3:cad>55</ns3:cad>
          </ns3:TrackPointExtension>
        </extensions>
      </trkpt>
      <trkpt lat="42.4640493281185626983642578125" lon="-6.22302289120852947235107421875">
        <ele>1011</ele>
        <time>2025-10-06T10:20:21.000Z</time>
        <extensions>
          <ns3:TrackPointExtension>
            <ns3:hr>122</ns3:hr>
            <ns3:cad>55</ns3:cad>
          </ns3:TrackPointExtension>
        </extensions>
      </trkpt>
      <trkpt lat="42.46405963785946369171142578125" lon="-6.2231237255036830902099609375">
        <ele>1011</ele>
        <time>2025-10-06T10:20:27.000Z</time>
        <extensions>
          <ns3:TrackPointExtension>
            <ns3:hr>119</ns3:hr>
            <ns3:cad>57</ns3:cad>
          </ns3:TrackPointExtension>
        </extensions>
      </trkpt>
      <trkpt lat="42.46405930258333683013916015625" lon="-6.22318784706294536590576171875">
        <ele>1011</ele>
        <time>2025-10-06T10:20:31.000Z</time>
        <extensions>
          <ns3:TrackPointExtension>
            <ns3:hr>118</ns3:hr>
            <ns3:cad>56</ns3:cad>
          </ns3:TrackPointExtension>
        </extensions>
      </trkpt>
      <trkpt lat="42.4640570394694805145263671875" lon="-6.2232742644846439361572265625">
        <ele>1011.20001220703125</ele>
        <time>2025-10-06T10:20:36.000Z</time>
        <extensions>
          <ns3:TrackPointExtension>
            <ns3:hr>118</ns3:hr>
            <ns3:cad>56</ns3:cad>
          </ns3:TrackPointExtension>
        </extensions>
      </trkpt>
      <trkpt lat="42.46405863203108310699462890625" lon="-6.22335649095475673675537109375">
        <ele>1011.4000244140625</ele>
        <time>2025-10-06T10:20:41.000Z</time>
        <extensions>
          <ns3:TrackPointExtension>
            <ns3:hr>117</ns3:hr>
            <ns3:cad>57</ns3:cad>
          </ns3:TrackPointExtension>
        </extensions>
      </trkpt>
      <trkpt lat="42.46407070197165012359619140625" lon="-6.223493032157421112060546875">
        <ele>1011.4000244140625</ele>
        <time>2025-10-06T10:20:49.000Z</time>
        <extensions>
          <ns3:TrackPointExtension>
            <ns3:hr>116</ns3:hr>
            <ns3:cad>57</ns3:cad>
          </ns3:TrackPointExtension>
        </extensions>
      </trkpt>
      <trkpt lat="42.4640801735222339630126953125" lon="-6.22365840710699558258056640625">
        <ele>1011.79998779296875</ele>
        <time>2025-10-06T10:20:59.000Z</time>
        <extensions>
          <ns3:TrackPointExtension>
            <ns3:hr>116</ns3:hr>
            <ns3:cad>56</ns3:cad>
          </ns3:TrackPointExtension>
        </extensions>
      </trkpt>
      <trkpt lat="42.46408780105412006378173828125" lon="-6.22378363274037837982177734375">
        <ele>1011.79998779296875</ele>
        <time>2025-10-06T10:21:07.000Z</time>
        <extensions>
          <ns3:TrackPointExtension>
            <ns3:hr>117</ns3:hr>
            <ns3:cad>56</ns3:cad>
          </ns3:TrackPointExtension>
        </extensions>
      </trkpt>
      <trkpt lat="42.46410272084176540374755859375" lon="-6.22392310760915279388427734375">
        <ele>1011.79998779296875</ele>
        <time>2025-10-06T10:21:15.000Z</time>
        <extensions>
          <ns3:TrackPointExtension>
            <ns3:hr>117</ns3:hr>
            <ns3:cad>57</ns3:cad>
          </ns3:TrackPointExtension>
        </extensions>
      </trkpt>
      <trkpt lat="42.4641244299709796905517578125" lon="-6.22407465241849422454833984375">
        <ele>1012</ele>
        <time>2025-10-06T10:21:25.000Z</time>
        <extensions>
          <ns3:TrackPointExtension>
            <ns3:hr>115</ns3:hr>
            <ns3:cad>57</ns3:cad>
          </ns3:TrackPointExtension>
        </extensions>
      </trkpt>
      <trkpt lat="42.4641378410160541534423828125" lon="-6.224234998226165771484375">
        <ele>1011.79998779296875</ele>
        <time>2025-10-06T10:21:35.000Z</time>
        <extensions>
          <ns3:TrackPointExtension>
            <ns3:hr>114</ns3:hr>
            <ns3:cad>56</ns3:cad>
          </ns3:TrackPointExtension>
        </extensions>
      </trkpt>
      <trkpt lat="42.464156784117221832275390625" lon="-6.22437790967524051666259765625">
        <ele>1011.79998779296875</ele>
        <time>2025-10-06T10:21:44.000Z</time>
        <extensions>
          <ns3:TrackPointExtension>
            <ns3:hr>114</ns3:hr>
            <ns3:cad>57</ns3:cad>
          </ns3:TrackPointExtension>
        </extensions>
      </trkpt>
      <trkpt lat="42.464174889028072357177734375" lon="-6.2245018780231475830078125">
        <ele>1011.20001220703125</ele>
        <time>2025-10-06T10:21:52.000Z</time>
        <extensions>
          <ns3:TrackPointExtension>
            <ns3:hr>112</ns3:hr>
            <ns3:cad>56</ns3:cad>
          </ns3:TrackPointExtension>
        </extensions>
      </trkpt>
      <trkpt lat="42.46421336196362972259521484375" lon="-6.22464227490127086639404296875">
        <ele>1011.5999755859375</ele>
        <time>2025-10-06T10:22:01.000Z</time>
        <extensions>
          <ns3:TrackPointExtension>
            <ns3:hr>111</ns3:hr>
            <ns3:cad>57</ns3:cad>
          </ns3:TrackPointExtension>
        </extensions>
      </trkpt>
      <trkpt lat="42.46426306664943695068359375" lon="-6.22480035759508609771728515625">
        <ele>1011.5999755859375</ele>
        <time>2025-10-06T10:22:12.000Z</time>
        <extensions>
          <ns3:TrackPointExtension>
            <ns3:hr>109</ns3:hr>
            <ns3:cad>0</ns3:cad>
          </ns3:TrackPointExtension>
        </extensions>
      </trkpt>
      <trkpt lat="42.464306652545928955078125" lon="-6.2249283492565155029296875">
        <ele>1011.79998779296875</ele>
        <time>2025-10-06T10:22:20.000Z</time>
        <extensions>
          <ns3:TrackPointExtension>
            <ns3:hr>109</ns3:hr>
            <ns3:cad>55</ns3:cad>
          </ns3:TrackPointExtension>
        </extensions>
      </trkpt>
      <trkpt lat="42.46433875523507595062255859375" lon="-6.22503320686519145965576171875">
        <ele>1011.5999755859375</ele>
        <time>2025-10-06T10:22:27.000Z</time>
        <extensions>
          <ns3:TrackPointExtension>
            <ns3:hr>112</ns3:hr>
            <ns3:cad>56</ns3:cad>
          </ns3:TrackPointExtension>
        </extensions>
      </trkpt>
      <trkpt lat="42.46434797532856464385986328125" lon="-6.22506522573530673980712890625">
        <ele>1011.5999755859375</ele>
        <time>2025-10-06T10:22:29.000Z</time>
        <extensions>
          <ns3:TrackPointExtension>
            <ns3:hr>115</ns3:hr>
            <ns3:cad>56</ns3:cad>
          </ns3:TrackPointExtension>
        </extensions>
      </trkpt>
      <trkpt lat="42.46435903944075107574462890625" lon="-6.22509489767253398895263671875">
        <ele>1011.5999755859375</ele>
        <time>2025-10-06T10:22:31.000Z</time>
        <extensions>
          <ns3:TrackPointExtension>
            <ns3:hr>117</ns3:hr>
            <ns3:cad>55</ns3:cad>
          </ns3:TrackPointExtension>
        </extensions>
      </trkpt>
      <trkpt lat="42.46439960785210132598876953125" lon="-6.225230433046817779541015625">
        <ele>1010.79998779296875</ele>
        <time>2025-10-06T10:22:40.000Z</time>
        <extensions>
          <ns3:TrackPointExtension>
            <ns3:hr>117</ns3:hr>
            <ns3:cad>55</ns3:cad>
          </ns3:TrackPointExtension>
        </extensions>
      </trkpt>
      <trkpt lat="42.4644152820110321044921875" lon="-6.22531316243112087249755859375">
        <ele>1010.20001220703125</ele>
        <time>2025-10-06T10:22:45.000Z</time>
        <extensions>
          <ns3:TrackPointExtension>
            <ns3:hr>116</ns3:hr>
            <ns3:cad>57</ns3:cad>
          </ns3:TrackPointExtension>
        </extensions>
      </trkpt>
      <trkpt lat="42.4644208140671253204345703125" lon="-6.2253536470234394073486328125">
        <ele>1010.20001220703125</ele>
        <time>2025-10-06T10:22:47.000Z</time>
        <extensions>
          <ns3:TrackPointExtension>
            <ns3:hr>116</ns3:hr>
            <ns3:cad>55</ns3:cad>
          </ns3:TrackPointExtension>
        </extensions>
      </trkpt>
      <trkpt lat="42.46441938914358615875244140625" lon="-6.22545205056667327880859375">
        <ele>1009.79998779296875</ele>
        <time>2025-10-06T10:22:54.000Z</time>
        <extensions>
          <ns3:TrackPointExtension>
            <ns3:hr>115</ns3:hr>
            <ns3:cad>0</ns3:cad>
          </ns3:TrackPointExtension>
        </extensions>
      </trkpt>
      <trkpt lat="42.46446247212588787078857421875" lon="-6.22557736001908779144287109375">
        <ele>1009.5999755859375</ele>
        <time>2025-10-06T10:23:03.000Z</time>
        <extensions>
          <ns3:TrackPointExtension>
            <ns3:hr>114</ns3:hr>
            <ns3:cad>55</ns3:cad>
          </ns3:TrackPointExtension>
        </extensions>
      </trkpt>
      <trkpt lat="42.4645301140844821929931640625" lon="-6.2257553078234195709228515625">
        <ele>1010.20001220703125</ele>
        <time>2025-10-06T10:23:15.000Z</time>
        <extensions>
          <ns3:TrackPointExtension>
            <ns3:hr>114</ns3:hr>
            <ns3:cad>55</ns3:cad>
          </ns3:TrackPointExtension>
        </extensions>
      </trkpt>
      <trkpt lat="42.4645696766674518585205078125" lon="-6.22587307356297969818115234375">
        <ele>1010.4000244140625</ele>
        <time>2025-10-06T10:23:24.000Z</time>
        <extensions>
          <ns3:TrackPointExtension>
            <ns3:hr>114</ns3:hr>
            <ns3:cad>55</ns3:cad>
          </ns3:TrackPointExtension>
        </extensions>
      </trkpt>
      <trkpt lat="42.46461820788681507110595703125" lon="-6.22600249014794826507568359375">
        <ele>1010.5999755859375</ele>
        <time>2025-10-06T10:23:33.000Z</time>
        <extensions>
          <ns3:TrackPointExtension>
            <ns3:hr>114</ns3:hr>
            <ns3:cad>55</ns3:cad>
          </ns3:TrackPointExtension>
        </extensions>
      </trkpt>
      <trkpt lat="42.46464838273823261260986328125" lon="-6.226089410483837127685546875">
        <ele>1011.4000244140625</ele>
        <time>2025-10-06T10:23:39.000Z</time>
        <extensions>
          <ns3:TrackPointExtension>
            <ns3:hr>114</ns3:hr>
            <ns3:cad>56</ns3:cad>
          </ns3:TrackPointExtension>
        </extensions>
      </trkpt>
      <trkpt lat="42.4646742828190326690673828125" lon="-6.2261532805860042572021484375">
        <ele>1011.5999755859375</ele>
        <time>2025-10-06T10:23:43.000Z</time>
        <extensions>
          <ns3:TrackPointExtension>
            <ns3:hr>116</ns3:hr>
            <ns3:cad>56</ns3:cad>
          </ns3:TrackPointExtension>
        </extensions>
      </trkpt>
      <trkpt lat="42.464697919785976409912109375" lon="-6.22622779570519924163818359375">
        <ele>1011.79998779296875</ele>
        <time>2025-10-06T10:23:48.000Z</time>
        <extensions>
          <ns3:TrackPointExtension>
            <ns3:hr>119</ns3:hr>
            <ns3:cad>56</ns3:cad>
          </ns3:TrackPointExtension>
        </extensions>
      </trkpt>
      <trkpt lat="42.46470806188881397247314453125" lon="-6.22626685537397861480712890625">
        <ele>1012.4000244140625</ele>
        <time>2025-10-06T10:23:51.000Z</time>
        <extensions>
          <ns3:TrackPointExtension>
            <ns3:hr>120</ns3:hr>
            <ns3:cad>56</ns3:cad>
          </ns3:TrackPointExtension>
        </extensions>
      </trkpt>
      <trkpt lat="42.4647259153425693511962890625" lon="-6.22631496749818325042724609375">
        <ele>1013</ele>
        <time>2025-10-06T10:23:54.000Z</time>
        <extensions>
          <ns3:TrackPointExtension>
            <ns3:hr>121</ns3:hr>
            <ns3:cad>56</ns3:cad>
          </ns3:TrackPointExtension>
        </extensions>
      </trkpt>
      <trkpt lat="42.46474259532988071441650390625" lon="-6.22636458836495876312255859375">
        <ele>1013.4000244140625</ele>
        <time>2025-10-06T10:23:57.000Z</time>
        <extensions>
          <ns3:TrackPointExtension>
            <ns3:hr>122</ns3:hr>
            <ns3:cad>57</ns3:cad>
          </ns3:TrackPointExtension>
        </extensions>
      </trkpt>
      <trkpt lat="42.46476841159164905548095703125" lon="-6.226426698267459869384765625">
        <ele>1014</ele>
        <time>2025-10-06T10:24:02.000Z</time>
        <extensions>
          <ns3:TrackPointExtension>
            <ns3:hr>124</ns3:hr>
            <ns3:cad>55</ns3:cad>
          </ns3:TrackPointExtension>
        </extensions>
      </trkpt>
      <trkpt lat="42.4648150987923145294189453125" lon="-6.22657430358231067657470703125">
        <ele>1014.4000244140625</ele>
        <time>2025-10-06T10:24:11.000Z</time>
        <extensions>
          <ns3:TrackPointExtension>
            <ns3:hr>126</ns3:hr>
            <ns3:cad>55</ns3:cad>
          </ns3:TrackPointExtension>
        </extensions>
      </trkpt>
      <trkpt lat="42.464825324714183807373046875" lon="-6.22660330496728420257568359375">
        <ele>1014.5999755859375</ele>
        <time>2025-10-06T10:24:13.000Z</time>
        <extensions>
          <ns3:TrackPointExtension>
            <ns3:hr>125</ns3:hr>
            <ns3:cad>56</ns3:cad>
          </ns3:TrackPointExtension>
        </extensions>
      </trkpt>
      <trkpt lat="42.464864552021026611328125" lon="-6.2267081625759601593017578125">
        <ele>1015.4000244140625</ele>
        <time>2025-10-06T10:24:21.000Z</time>
        <extensions>
          <ns3:TrackPointExtension>
            <ns3:hr>125</ns3:hr>
            <ns3:cad>55</ns3:cad>
          </ns3:TrackPointExtension>
        </extensions>
      </trkpt>
      <trkpt lat="42.464876286685466766357421875" lon="-6.2267346493899822235107421875">
        <ele>1015.5999755859375</ele>
        <time>2025-10-06T10:24:23.000Z</time>
        <extensions>
          <ns3:TrackPointExtension>
            <ns3:hr>124</ns3:hr>
            <ns3:cad>55</ns3:cad>
          </ns3:TrackPointExtension>
        </extensions>
      </trkpt>
      <trkpt lat="42.46492112986743450164794921875" lon="-6.2268556840717792510986328125">
        <ele>1016.20001220703125</ele>
        <time>2025-10-06T10:24:31.000Z</time>
        <extensions>
          <ns3:TrackPointExtension>
            <ns3:hr>122</ns3:hr>
            <ns3:cad>55</ns3:cad>
          </ns3:TrackPointExtension>
        </extensions>
      </trkpt>
      <trkpt lat="42.46495817787945270538330078125" lon="-6.226966492831707000732421875">
        <ele>1016.5999755859375</ele>
        <time>2025-10-06T10:24:39.000Z</time>
        <extensions>
          <ns3:TrackPointExtension>
            <ns3:hr>121</ns3:hr>
            <ns3:cad>55</ns3:cad>
          </ns3:TrackPointExtension>
        </extensions>
      </trkpt>
      <trkpt lat="42.46496404521167278289794921875" lon="-6.2269814126193523406982421875">
        <ele>1016.79998779296875</ele>
        <time>2025-10-06T10:24:40.000Z</time>
        <extensions>
          <ns3:TrackPointExtension>
            <ns3:hr>121</ns3:hr>
            <ns3:cad>55</ns3:cad>
          </ns3:TrackPointExtension>
        </extensions>
      </trkpt>
      <trkpt lat="42.46502238325774669647216796875" lon="-6.22713924385607242584228515625">
        <ele>1017.5999755859375</ele>
        <time>2025-10-06T10:24:52.000Z</time>
        <extensions>
          <ns3:TrackPointExtension>
            <ns3:hr>121</ns3:hr>
            <ns3:cad>53</ns3:cad>
          </ns3:TrackPointExtension>
        </extensions>
      </trkpt>
      <trkpt lat="42.46507066302001476287841796875" lon="-6.2272633798420429229736328125">
        <ele>1017.4000244140625</ele>
        <time>2025-10-06T10:25:00.000Z</time>
        <extensions>
          <ns3:TrackPointExtension>
            <ns3:hr>118</ns3:hr>
            <ns3:cad>56</ns3:cad>
          </ns3:TrackPointExtension>
        </extensions>
      </trkpt>
      <trkpt lat="42.46508122421801090240478515625" lon="-6.22728802263736724853515625">
        <ele>1017.4000244140625</ele>
        <time>2025-10-06T10:25:02.000Z</time>
        <extensions>
          <ns3:TrackPointExtension>
            <ns3:hr>118</ns3:hr>
            <ns3:cad>56</ns3:cad>
          </ns3:TrackPointExtension>
        </extensions>
      </trkpt>
      <trkpt lat="42.46511466801166534423828125" lon="-6.227384917438030242919921875">
        <ele>1017.5999755859375</ele>
        <time>2025-10-06T10:25:09.000Z</time>
        <extensions>
          <ns3:TrackPointExtension>
            <ns3:hr>115</ns3:hr>
            <ns3:cad>55</ns3:cad>
          </ns3:TrackPointExtension>
        </extensions>
      </trkpt>
      <trkpt lat="42.4651252292096614837646484375" lon="-6.22741316445171833038330078125">
        <ele>1017.5999755859375</ele>
        <time>2025-10-06T10:25:11.000Z</time>
        <extensions>
          <ns3:TrackPointExtension>
            <ns3:hr>115</ns3:hr>
            <ns3:cad>55</ns3:cad>
          </ns3:TrackPointExtension>
        </extensions>
      </trkpt>
      <trkpt lat="42.46513746678829193115234375" lon="-6.227441243827342987060546875">
        <ele>1017.5999755859375</ele>
        <time>2025-10-06T10:25:13.000Z</time>
        <extensions>
          <ns3:TrackPointExtension>
            <ns3:hr>115</ns3:hr>
            <ns3:cad>55</ns3:cad>
          </ns3:TrackPointExtension>
        </extensions>
      </trkpt>
      <trkpt lat="42.46517158113420009613037109375" lon="-6.22753621079027652740478515625">
        <ele>1017.79998779296875</ele>
        <time>2025-10-06T10:25:20.000Z</time>
        <extensions>
          <ns3:TrackPointExtension>
            <ns3:hr>114</ns3:hr>
            <ns3:cad>56</ns3:cad>
          </ns3:TrackPointExtension>
        </extensions>
      </trkpt>
      <trkpt lat="42.4652127362787723541259765625" lon="-6.22765355743467807769775390625">
        <ele>1018</ele>
        <time>2025-10-06T10:25:28.000Z</time>
        <extensions>
          <ns3:TrackPointExtension>
            <ns3:hr>114</ns3:hr>
            <ns3:cad>56</ns3:cad>
          </ns3:TrackPointExtension>
        </extensions>
      </trkpt>
      <trkpt lat="42.4652472697198390960693359375" lon="-6.2277612648904323577880859375">
        <ele>1018</ele>
        <time>2025-10-06T10:25:36.000Z</time>
        <extensions>
          <ns3:TrackPointExtension>
            <ns3:hr>115</ns3:hr>
            <ns3:cad>55</ns3:cad>
          </ns3:TrackPointExtension>
        </extensions>
      </trkpt>
      <trkpt lat="42.4652945436537265777587890625" lon="-6.22787618078291416168212890625">
        <ele>1018.20001220703125</ele>
        <time>2025-10-06T10:25:45.000Z</time>
        <extensions>
          <ns3:TrackPointExtension>
            <ns3:hr>117</ns3:hr>
            <ns3:cad>56</ns3:cad>
          </ns3:TrackPointExtension>
        </extensions>
      </trkpt>
      <trkpt lat="42.46533326804637908935546875" lon="-6.2279745005071163177490234375">
        <ele>1018.20001220703125</ele>
        <time>2025-10-06T10:25:52.000Z</time>
        <extensions>
          <ns3:TrackPointExtension>
            <ns3:hr>116</ns3:hr>
            <ns3:cad>54</ns3:cad>
          </ns3:TrackPointExtension>
        </extensions>
      </trkpt>
      <trkpt lat="42.465375177562236785888671875" lon="-6.2280968762934207916259765625">
        <ele>1018.4000244140625</ele>
        <time>2025-10-06T10:26:00.000Z</time>
        <extensions>
          <ns3:TrackPointExtension>
            <ns3:hr>115</ns3:hr>
            <ns3:cad>56</ns3:cad>
          </ns3:TrackPointExtension>
        </extensions>
      </trkpt>
      <trkpt lat="42.465446256101131439208984375" lon="-6.22826174832880496978759765625">
        <ele>1018.20001220703125</ele>
        <time>2025-10-06T10:26:11.000Z</time>
        <extensions>
          <ns3:TrackPointExtension>
            <ns3:hr>114</ns3:hr>
            <ns3:cad>57</ns3:cad>
          </ns3:TrackPointExtension>
        </extensions>
      </trkpt>
      <trkpt lat="42.46548539958894252777099609375" lon="-6.22838102281093597412109375">
        <ele>1018.20001220703125</ele>
        <time>2025-10-06T10:26:19.000Z</time>
        <extensions>
          <ns3:TrackPointExtension>
            <ns3:hr>114</ns3:hr>
            <ns3:cad>57</ns3:cad>
          </ns3:TrackPointExtension>
        </extensions>
      </trkpt>
      <trkpt lat="42.465505935251712799072265625" lon="-6.22848697006702423095703125">
        <ele>1018.4000244140625</ele>
        <time>2025-10-06T10:26:26.000Z</time>
        <extensions>
          <ns3:TrackPointExtension>
            <ns3:hr>111</ns3:hr>
            <ns3:cad>57</ns3:cad>
          </ns3:TrackPointExtension>
        </extensions>
      </trkpt>
      <trkpt lat="42.46554759331047534942626953125" lon="-6.22859065420925617218017578125">
        <ele>1018.5999755859375</ele>
        <time>2025-10-06T10:26:33.000Z</time>
        <extensions>
          <ns3:TrackPointExtension>
            <ns3:hr>108</ns3:hr>
            <ns3:cad>56</ns3:cad>
          </ns3:TrackPointExtension>
        </extensions>
      </trkpt>
      <trkpt lat="42.4655567295849323272705078125" lon="-6.22861781157553195953369140625">
        <ele>1018.79998779296875</ele>
        <time>2025-10-06T10:26:35.000Z</time>
        <extensions>
          <ns3:TrackPointExtension>
            <ns3:hr>109</ns3:hr>
            <ns3:cad>55</ns3:cad>
          </ns3:TrackPointExtension>
        </extensions>
      </trkpt>
      <trkpt lat="42.46558078564703464508056640625" lon="-6.228698194026947021484375">
        <ele>1018.79998779296875</ele>
        <time>2025-10-06T10:26:41.000Z</time>
        <extensions>
          <ns3:TrackPointExtension>
            <ns3:hr>110</ns3:hr>
            <ns3:cad>53</ns3:cad>
          </ns3:TrackPointExtension>
        </extensions>
      </trkpt>
      <trkpt lat="42.465606518089771270751953125" lon="-6.22876449488103389739990234375">
        <ele>1019.20001220703125</ele>
        <time>2025-10-06T10:26:46.000Z</time>
        <extensions>
          <ns3:TrackPointExtension>
            <ns3:hr>113</ns3:hr>
            <ns3:cad>54</ns3:cad>
          </ns3:TrackPointExtension>
        </extensions>
      </trkpt>
      <trkpt lat="42.46562219224870204925537109375" lon="-6.22881378047168254852294921875">
        <ele>1019.4000244140625</ele>
        <time>2025-10-06T10:26:50.000Z</time>
        <extensions>
          <ns3:TrackPointExtension>
            <ns3:hr>115</ns3:hr>
            <ns3:cad>51</ns3:cad>
          </ns3:TrackPointExtension>
        </extensions>
      </trkpt>
      <trkpt lat="42.46566041372716426849365234375" lon="-6.228912770748138427734375">
        <ele>1019.79998779296875</ele>
        <time>2025-10-06T10:26:57.000Z</time>
        <extensions>
          <ns3:TrackPointExtension>
            <ns3:hr>117</ns3:hr>
            <ns3:cad>53</ns3:cad>
          </ns3:TrackPointExtension>
        </extensions>
      </trkpt>
      <trkpt lat="42.46570064686238765716552734375" lon="-6.22904160059988498687744140625">
        <ele>1020.79998779296875</ele>
        <time>2025-10-06T10:27:07.000Z</time>
        <extensions>
          <ns3:TrackPointExtension>
            <ns3:hr>118</ns3:hr>
            <ns3:cad>52</ns3:cad>
          </ns3:TrackPointExtension>
        </extensions>
      </trkpt>
      <trkpt lat="42.4657461605966091156005859375" lon="-6.22917068190872669219970703125">
        <ele>1021</ele>
        <time>2025-10-06T10:27:17.000Z</time>
        <extensions>
          <ns3:TrackPointExtension>
            <ns3:hr>121</ns3:hr>
            <ns3:cad>0</ns3:cad>
          </ns3:TrackPointExtension>
        </extensions>
      </trkpt>
      <trkpt lat="42.46577591635286808013916015625" lon="-6.2292467057704925537109375">
        <ele>1021.4000244140625</ele>
        <time>2025-10-06T10:27:23.000Z</time>
        <extensions>
          <ns3:TrackPointExtension>
            <ns3:hr>120</ns3:hr>
            <ns3:cad>53</ns3:cad>
          </ns3:TrackPointExtension>
        </extensions>
      </trkpt>
      <trkpt lat="42.46581363491714000701904296875" lon="-6.2293390743434429168701171875">
        <ele>1021.79998779296875</ele>
        <time>2025-10-06T10:27:30.000Z</time>
        <extensions>
          <ns3:TrackPointExtension>
            <ns3:hr>121</ns3:hr>
            <ns3:cad>52</ns3:cad>
          </ns3:TrackPointExtension>
        </extensions>
      </trkpt>
      <trkpt lat="42.46582520194351673126220703125" lon="-6.2293727695941925048828125">
        <ele>1022</ele>
        <time>2025-10-06T10:27:33.000Z</time>
        <extensions>
          <ns3:TrackPointExtension>
            <ns3:hr>121</ns3:hr>
            <ns3:cad>53</ns3:cad>
          </ns3:TrackPointExtension>
        </extensions>
      </trkpt>
      <trkpt lat="42.46584582142531871795654296875" lon="-6.229441501200199127197265625">
        <ele>1022.20001220703125</ele>
        <time>2025-10-06T10:27:38.000Z</time>
        <extensions>
          <ns3:TrackPointExtension>
            <ns3:hr>124</ns3:hr>
            <ns3:cad>54</ns3:cad>
          </ns3:TrackPointExtension>
        </extensions>
      </trkpt>
      <trkpt lat="42.46586224995553493499755859375" lon="-6.229484081268310546875">
        <ele>1022.4000244140625</ele>
        <time>2025-10-06T10:27:41.000Z</time>
        <extensions>
          <ns3:TrackPointExtension>
            <ns3:hr>125</ns3:hr>
            <ns3:cad>54</ns3:cad>
          </ns3:TrackPointExtension>
        </extensions>
      </trkpt>
      <trkpt lat="42.46591069735586643218994140625" lon="-6.22958307154476642608642578125">
        <ele>1022.79998779296875</ele>
        <time>2025-10-06T10:27:49.000Z</time>
        <extensions>
          <ns3:TrackPointExtension>
            <ns3:hr>124</ns3:hr>
            <ns3:cad>55</ns3:cad>
          </ns3:TrackPointExtension>
        </extensions>
      </trkpt>
      <trkpt lat="42.46591706760227680206298828125" lon="-6.22959832660853862762451171875">
        <ele>1022.79998779296875</ele>
        <time>2025-10-06T10:27:50.000Z</time>
        <extensions>
          <ns3:TrackPointExtension>
            <ns3:hr>124</ns3:hr>
            <ns3:cad>55</ns3:cad>
          </ns3:TrackPointExtension>
        </extensions>
      </trkpt>
      <trkpt lat="42.46595151722431182861328125" lon="-6.229695640504360198974609375">
        <ele>1023</ele>
        <time>2025-10-06T10:27:57.000Z</time>
        <extensions>
          <ns3:TrackPointExtension>
            <ns3:hr>123</ns3:hr>
            <ns3:cad>55</ns3:cad>
          </ns3:TrackPointExtension>
        </extensions>
      </trkpt>
      <trkpt lat="42.46599669568240642547607421875" lon="-6.22984542511403560638427734375">
        <ele>1023.5999755859375</ele>
        <time>2025-10-06T10:28:07.000Z</time>
        <extensions>
          <ns3:TrackPointExtension>
            <ns3:hr>122</ns3:hr>
            <ns3:cad>55</ns3:cad>
          </ns3:TrackPointExtension>
        </extensions>
      </trkpt>
      <trkpt lat="42.46602527797222137451171875" lon="-6.22991248033940792083740234375">
        <ele>1023.79998779296875</ele>
        <time>2025-10-06T10:28:12.000Z</time>
        <extensions>
          <ns3:TrackPointExtension>
            <ns3:hr>123</ns3:hr>
            <ns3:cad>55</ns3:cad>
          </ns3:TrackPointExtension>
        </extensions>
      </trkpt>
      <trkpt lat="42.46604681946337223052978515625" lon="-6.2299811281263828277587890625">
        <ele>1024.199951171875</ele>
        <time>2025-10-06T10:28:17.000Z</time>
        <extensions>
          <ns3:TrackPointExtension>
            <ns3:hr>122</ns3:hr>
            <ns3:cad>54</ns3:cad>
          </ns3:TrackPointExtension>
        </extensions>
      </trkpt>
      <trkpt lat="42.466099373996257781982421875" lon="-6.23010677285492420196533203125">
        <ele>1024.800048828125</ele>
        <time>2025-10-06T10:28:27.000Z</time>
        <extensions>
          <ns3:TrackPointExtension>
            <ns3:hr>120</ns3:hr>
            <ns3:cad>53</ns3:cad>
          </ns3:TrackPointExtension>
        </extensions>
      </trkpt>
      <trkpt lat="42.4661039002239704132080078125" lon="-6.2301212735474109649658203125">
        <ele>1024.800048828125</ele>
        <time>2025-10-06T10:28:28.000Z</time>
        <extensions>
          <ns3:TrackPointExtension>
            <ns3:hr>120</ns3:hr>
            <ns3:cad>53</ns3:cad>
          </ns3:TrackPointExtension>
        </extensions>
      </trkpt>
      <trkpt lat="42.46615192852914333343505859375" lon="-6.23027524910867214202880859375">
        <ele>1025</ele>
        <time>2025-10-06T10:28:39.000Z</time>
        <extensions>
          <ns3:TrackPointExtension>
            <ns3:hr>119</ns3:hr>
            <ns3:cad>53</ns3:cad>
          </ns3:TrackPointExtension>
        </extensions>
      </trkpt>
      <trkpt lat="42.466203309595584869384765625" lon="-6.23041120357811450958251953125">
        <ele>1025.4000244140625</ele>
        <time>2025-10-06T10:28:49.000Z</time>
        <extensions>
          <ns3:TrackPointExtension>
            <ns3:hr>120</ns3:hr>
            <ns3:cad>54</ns3:cad>
          </ns3:TrackPointExtension>
        </extensions>
      </trkpt>
      <trkpt lat="42.46621613390743732452392578125" lon="-6.2304582260549068450927734375">
        <ele>1026</ele>
        <time>2025-10-06T10:28:53.000Z</time>
        <extensions>
          <ns3:TrackPointExtension>
            <ns3:hr>120</ns3:hr>
            <ns3:cad>53</ns3:cad>
          </ns3:TrackPointExtension>
        </extensions>
      </trkpt>
      <trkpt lat="42.466262988746166229248046875" lon="-6.23056970536708831787109375">
        <ele>1026.199951171875</ele>
        <time>2025-10-06T10:29:01.000Z</time>
        <extensions>
          <ns3:TrackPointExtension>
            <ns3:hr>121</ns3:hr>
            <ns3:cad>55</ns3:cad>
          </ns3:TrackPointExtension>
        </extensions>
      </trkpt>
      <trkpt lat="42.4662802554666996002197265625" lon="-6.230618990957736968994140625">
        <ele>1026.4000244140625</ele>
        <time>2025-10-06T10:29:05.000Z</time>
        <extensions>
          <ns3:TrackPointExtension>
            <ns3:hr>118</ns3:hr>
            <ns3:cad>55</ns3:cad>
          </ns3:TrackPointExtension>
        </extensions>
      </trkpt>
      <trkpt lat="42.46629140339791774749755859375" lon="-6.2306533567607402801513671875">
        <ele>1026.4000244140625</ele>
        <time>2025-10-06T10:29:07.000Z</time>
        <extensions>
          <ns3:TrackPointExtension>
            <ns3:hr>117</ns3:hr>
            <ns3:cad>55</ns3:cad>
          </ns3:TrackPointExtension>
        </extensions>
      </trkpt>
      <trkpt lat="42.4663509987294673919677734375" lon="-6.230795346200466156005859375">
        <ele>1026.4000244140625</ele>
        <time>2025-10-06T10:29:18.000Z</time>
        <extensions>
          <ns3:TrackPointExtension>
            <ns3:hr>117</ns3:hr>
            <ns3:cad>54</ns3:cad>
          </ns3:TrackPointExtension>
        </extensions>
      </trkpt>
      <trkpt lat="42.46640481054782867431640625" lon="-6.2309356592595577239990234375">
        <ele>1026.800048828125</ele>
        <time>2025-10-06T10:29:28.000Z</time>
        <extensions>
          <ns3:TrackPointExtension>
            <ns3:hr>115</ns3:hr>
            <ns3:cad>54</ns3:cad>
          </ns3:TrackPointExtension>
        </extensions>
      </trkpt>
      <trkpt lat="42.46644831262528896331787109375" lon="-6.2310670875012874603271484375">
        <ele>1026.800048828125</ele>
        <time>2025-10-06T10:29:37.000Z</time>
        <extensions>
          <ns3:TrackPointExtension>
            <ns3:hr>113</ns3:hr>
            <ns3:cad>57</ns3:cad>
          </ns3:TrackPointExtension>
        </extensions>
      </trkpt>
      <trkpt lat="42.46652173809707164764404296875" lon="-6.23124939389526844024658203125">
        <ele>1026.800048828125</ele>
        <time>2025-10-06T10:29:50.000Z</time>
        <extensions>
          <ns3:TrackPointExtension>
            <ns3:hr>113</ns3:hr>
            <ns3:cad>56</ns3:cad>
          </ns3:TrackPointExtension>
        </extensions>
      </trkpt>
      <trkpt lat="42.466548644006252288818359375" lon="-6.23134477995336055755615234375">
        <ele>1027</ele>
        <time>2025-10-06T10:29:56.000Z</time>
        <extensions>
          <ns3:TrackPointExtension>
            <ns3:hr>113</ns3:hr>
            <ns3:cad>56</ns3:cad>
          </ns3:TrackPointExtension>
        </extensions>
      </trkpt>
      <trkpt lat="42.46657303534448146820068359375" lon="-6.23140093870460987091064453125">
        <ele>1027.199951171875</ele>
        <time>2025-10-06T10:30:00.000Z</time>
        <extensions>
          <ns3:TrackPointExtension>
            <ns3:hr>113</ns3:hr>
            <ns3:cad>57</ns3:cad>
          </ns3:TrackPointExtension>
        </extensions>
      </trkpt>
      <trkpt lat="42.46661293320357799530029296875" lon="-6.231514848768711090087890625">
        <ele>1027.199951171875</ele>
        <time>2025-10-06T10:30:08.000Z</time>
        <extensions>
          <ns3:TrackPointExtension>
            <ns3:hr>115</ns3:hr>
            <ns3:cad>55</ns3:cad>
          </ns3:TrackPointExtension>
        </extensions>
      </trkpt>
      <trkpt lat="42.46666456572711467742919921875" lon="-6.23165993951261043548583984375">
        <ele>1027.5999755859375</ele>
        <time>2025-10-06T10:30:18.000Z</time>
        <extensions>
          <ns3:TrackPointExtension>
            <ns3:hr>117</ns3:hr>
            <ns3:cad>56</ns3:cad>
          </ns3:TrackPointExtension>
        </extensions>
      </trkpt>
      <trkpt lat="42.46670613996684551239013671875" lon="-6.23179254122078418731689453125">
        <ele>1028.199951171875</ele>
        <time>2025-10-06T10:30:27.000Z</time>
        <extensions>
          <ns3:TrackPointExtension>
            <ns3:hr>118</ns3:hr>
            <ns3:cad>55</ns3:cad>
          </ns3:TrackPointExtension>
        </extensions>
      </trkpt>
      <trkpt lat="42.46671594679355621337890625" lon="-6.23181693255901336669921875">
        <ele>1028.199951171875</ele>
        <time>2025-10-06T10:30:29.000Z</time>
        <extensions>
          <ns3:TrackPointExtension>
            <ns3:hr>118</ns3:hr>
            <ns3:cad>55</ns3:cad>
          </ns3:TrackPointExtension>
        </extensions>
      </trkpt>
      <trkpt lat="42.4667620472609996795654296875" lon="-6.23192212544381618499755859375">
        <ele>1028.5999755859375</ele>
        <time>2025-10-06T10:30:37.000Z</time>
        <extensions>
          <ns3:TrackPointExtension>
            <ns3:hr>118</ns3:hr>
            <ns3:cad>53</ns3:cad>
          </ns3:TrackPointExtension>
        </extensions>
      </trkpt>
      <trkpt lat="42.46680638752877712249755859375" lon="-6.23204198665916919708251953125">
        <ele>1029</ele>
        <time>2025-10-06T10:30:45.000Z</time>
        <extensions>
          <ns3:TrackPointExtension>
            <ns3:hr>121</ns3:hr>
            <ns3:cad>56</ns3:cad>
          </ns3:TrackPointExtension>
        </extensions>
      </trkpt>
      <trkpt lat="42.4668193794786930084228515625" lon="-6.2320960499346256256103515625">
        <ele>1029.199951171875</ele>
        <time>2025-10-06T10:30:49.000Z</time>
        <extensions>
          <ns3:TrackPointExtension>
            <ns3:hr>121</ns3:hr>
            <ns3:cad>55</ns3:cad>
          </ns3:TrackPointExtension>
        </extensions>
      </trkpt>
      <trkpt lat="42.4668468721210956573486328125" lon="-6.23216453008353710174560546875">
        <ele>1029.4000244140625</ele>
        <time>2025-10-06T10:30:54.000Z</time>
        <extensions>
          <ns3:TrackPointExtension>
            <ns3:hr>121</ns3:hr>
            <ns3:cad>53</ns3:cad>
          </ns3:TrackPointExtension>
        </extensions>
      </trkpt>
      <trkpt lat="42.46688760817050933837890625" lon="-6.2322941981256008148193359375">
        <ele>1029.800048828125</ele>
        <time>2025-10-06T10:31:03.000Z</time>
        <extensions>
          <ns3:TrackPointExtension>
            <ns3:hr>121</ns3:hr>
            <ns3:cad>54</ns3:cad>
          </ns3:TrackPointExtension>
        </extensions>
      </trkpt>
      <trkpt lat="42.46693111024796962738037109375" lon="-6.23240492306649684906005859375">
        <ele>1030</ele>
        <time>2025-10-06T10:31:11.000Z</time>
        <extensions>
          <ns3:TrackPointExtension>
            <ns3:hr>121</ns3:hr>
            <ns3:cad>54</ns3:cad>
          </ns3:TrackPointExtension>
        </extensions>
      </trkpt>
      <trkpt lat="42.46694468893110752105712890625" lon="-6.2324490956962108612060546875">
        <ele>1030.199951171875</ele>
        <time>2025-10-06T10:31:14.000Z</time>
        <extensions>
          <ns3:TrackPointExtension>
            <ns3:hr>120</ns3:hr>
            <ns3:cad>55</ns3:cad>
          </ns3:TrackPointExtension>
        </extensions>
      </trkpt>
      <trkpt lat="42.4669977463781833648681640625" lon="-6.2325882352888584136962890625">
        <ele>1030.5999755859375</ele>
        <time>2025-10-06T10:31:24.000Z</time>
        <extensions>
          <ns3:TrackPointExtension>
            <ns3:hr>122</ns3:hr>
            <ns3:cad>57</ns3:cad>
          </ns3:TrackPointExtension>
        </extensions>
      </trkpt>
      <trkpt lat="42.46704543940722942352294921875" lon="-6.23270809650421142578125">
        <ele>1031.199951171875</ele>
        <time>2025-10-06T10:31:33.000Z</time>
        <extensions>
          <ns3:TrackPointExtension>
            <ns3:hr>122</ns3:hr>
            <ns3:cad>54</ns3:cad>
          </ns3:TrackPointExtension>
        </extensions>
      </trkpt>
      <trkpt lat="42.46705398894846439361572265625" lon="-6.23273667879402637481689453125">
        <ele>1031.4000244140625</ele>
        <time>2025-10-06T10:31:35.000Z</time>
        <extensions>
          <ns3:TrackPointExtension>
            <ns3:hr>122</ns3:hr>
            <ns3:cad>53</ns3:cad>
          </ns3:TrackPointExtension>
        </extensions>
      </trkpt>
      <trkpt lat="42.46708340942859649658203125" lon="-6.2328202463686466217041015625">
        <ele>1031.5999755859375</ele>
        <time>2025-10-06T10:31:41.000Z</time>
        <extensions>
          <ns3:TrackPointExtension>
            <ns3:hr>122</ns3:hr>
            <ns3:cad>54</ns3:cad>
          </ns3:TrackPointExtension>
        </extensions>
      </trkpt>
      <trkpt lat="42.46713571250438690185546875" lon="-6.2329717911779880523681640625">
        <ele>1032.4000244140625</ele>
        <time>2025-10-06T10:31:51.000Z</time>
        <extensions>
          <ns3:TrackPointExtension>
            <ns3:hr>124</ns3:hr>
            <ns3:cad>55</ns3:cad>
          </ns3:TrackPointExtension>
        </extensions>
      </trkpt>
      <trkpt lat="42.46716278605163097381591796875" lon="-6.2330663390457630157470703125">
        <ele>1032.5999755859375</ele>
        <time>2025-10-06T10:31:58.000Z</time>
        <extensions>
          <ns3:TrackPointExtension>
            <ns3:hr>124</ns3:hr>
            <ns3:cad>55</ns3:cad>
          </ns3:TrackPointExtension>
        </extensions>
      </trkpt>
      <trkpt lat="42.46720947325229644775390625" lon="-6.23316851444542407989501953125">
        <ele>1033.199951171875</ele>
        <time>2025-10-06T10:32:06.000Z</time>
        <extensions>
          <ns3:TrackPointExtension>
            <ns3:hr>124</ns3:hr>
            <ns3:cad>54</ns3:cad>
          </ns3:TrackPointExtension>
        </extensions>
      </trkpt>
      <trkpt lat="42.46726068668067455291748046875" lon="-6.23331905342638492584228515625">
        <ele>1033.4000244140625</ele>
        <time>2025-10-06T10:32:16.000Z</time>
        <extensions>
          <ns3:TrackPointExtension>
            <ns3:hr>124</ns3:hr>
            <ns3:cad>56</ns3:cad>
          </ns3:TrackPointExtension>
        </extensions>
      </trkpt>
      <trkpt lat="42.467273510992527008056640625" lon="-6.23334721662104129791259765625">
        <ele>1033.4000244140625</ele>
        <time>2025-10-06T10:32:18.000Z</time>
        <extensions>
          <ns3:TrackPointExtension>
            <ns3:hr>124</ns3:hr>
            <ns3:cad>55</ns3:cad>
          </ns3:TrackPointExtension>
        </extensions>
      </trkpt>
      <trkpt lat="42.46729656122624874114990234375" lon="-6.2334281019866466522216796875">
        <ele>1033.4000244140625</ele>
        <time>2025-10-06T10:32:24.000Z</time>
        <extensions>
          <ns3:TrackPointExtension>
            <ns3:hr>124</ns3:hr>
            <ns3:cad>55</ns3:cad>
          </ns3:TrackPointExtension>
        </extensions>
      </trkpt>
      <trkpt lat="42.4673415720462799072265625" lon="-6.23356782831251621246337890625">
        <ele>1033.4000244140625</ele>
        <time>2025-10-06T10:32:34.000Z</time>
        <extensions>
          <ns3:TrackPointExtension>
            <ns3:hr>123</ns3:hr>
            <ns3:cad>55</ns3:cad>
          </ns3:TrackPointExtension>
        </extensions>
      </trkpt>
      <trkpt lat="42.4674020893871784210205078125" lon="-6.233735382556915283203125">
        <ele>1033.5999755859375</ele>
        <time>2025-10-06T10:32:46.000Z</time>
        <extensions>
          <ns3:TrackPointExtension>
            <ns3:hr>123</ns3:hr>
            <ns3:cad>56</ns3:cad>
          </ns3:TrackPointExtension>
        </extensions>
      </trkpt>
      <trkpt lat="42.4674381315708160400390625" lon="-6.23382984660565853118896484375">
        <ele>1033.199951171875</ele>
        <time>2025-10-06T10:32:53.000Z</time>
        <extensions>
          <ns3:TrackPointExtension>
            <ns3:hr>122</ns3:hr>
            <ns3:cad>55</ns3:cad>
          </ns3:TrackPointExtension>
        </extensions>
      </trkpt>
      <trkpt lat="42.46749336831271648406982421875" lon="-6.23396898619830608367919921875">
        <ele>1033.199951171875</ele>
        <time>2025-10-06T10:33:03.000Z</time>
        <extensions>
          <ns3:TrackPointExtension>
            <ns3:hr>121</ns3:hr>
            <ns3:cad>56</ns3:cad>
          </ns3:TrackPointExtension>
        </extensions>
      </trkpt>
      <trkpt lat="42.46752538718283176422119140625" lon="-6.23408348299562931060791015625">
        <ele>1033.199951171875</ele>
        <time>2025-10-06T10:33:10.000Z</time>
        <extensions>
          <ns3:TrackPointExtension>
            <ns3:hr>118</ns3:hr>
            <ns3:cad>57</ns3:cad>
          </ns3:TrackPointExtension>
        </extensions>
      </trkpt>
      <trkpt lat="42.46754265390336513519287109375" lon="-6.234121620655059814453125">
        <ele>1033.199951171875</ele>
        <time>2025-10-06T10:33:13.000Z</time>
        <extensions>
          <ns3:TrackPointExtension>
            <ns3:hr>117</ns3:hr>
            <ns3:cad>57</ns3:cad>
          </ns3:TrackPointExtension>
        </extensions>
      </trkpt>
      <trkpt lat="42.4675936996936798095703125" lon="-6.234266124665737152099609375">
        <ele>1033.199951171875</ele>
        <time>2025-10-06T10:33:23.000Z</time>
        <extensions>
          <ns3:TrackPointExtension>
            <ns3:hr>116</ns3:hr>
            <ns3:cad>55</ns3:cad>
          </ns3:TrackPointExtension>
        </extensions>
      </trkpt>
      <trkpt lat="42.46765262447297573089599609375" lon="-6.2344124726951122283935546875">
        <ele>1033.199951171875</ele>
        <time>2025-10-06T10:33:33.000Z</time>
        <extensions>
          <ns3:TrackPointExtension>
            <ns3:hr>116</ns3:hr>
            <ns3:cad>57</ns3:cad>
          </ns3:TrackPointExtension>
        </extensions>
      </trkpt>
      <trkpt lat="42.46769654564559459686279296875" lon="-6.23456208966672420501708984375">
        <ele>1033</ele>
        <time>2025-10-06T10:33:43.000Z</time>
        <extensions>
          <ns3:TrackPointExtension>
            <ns3:hr>118</ns3:hr>
            <ns3:cad>57</ns3:cad>
          </ns3:TrackPointExtension>
        </extensions>
      </trkpt>
      <trkpt lat="42.467742227017879486083984375" lon="-6.23469762504100799560546875">
        <ele>1033.199951171875</ele>
        <time>2025-10-06T10:33:53.000Z</time>
        <extensions>
          <ns3:TrackPointExtension>
            <ns3:hr>115</ns3:hr>
            <ns3:cad>55</ns3:cad>
          </ns3:TrackPointExtension>
        </extensions>
      </trkpt>
      <trkpt lat="42.46775756590068340301513671875" lon="-6.23473995365202426910400390625">
        <ele>1033.199951171875</ele>
        <time>2025-10-06T10:33:56.000Z</time>
        <extensions>
          <ns3:TrackPointExtension>
            <ns3:hr>115</ns3:hr>
            <ns3:cad>55</ns3:cad>
          </ns3:TrackPointExtension>
        </extensions>
      </trkpt>
      <trkpt lat="42.46780400164425373077392578125" lon="-6.234860233962535858154296875">
        <ele>1033.4000244140625</ele>
        <time>2025-10-06T10:34:05.000Z</time>
        <extensions>
          <ns3:TrackPointExtension>
            <ns3:hr>117</ns3:hr>
            <ns3:cad>55</ns3:cad>
          </ns3:TrackPointExtension>
        </extensions>
      </trkpt>
      <trkpt lat="42.46785177849233150482177734375" lon="-6.2350199930369853973388671875">
        <ele>1033.800048828125</ele>
        <time>2025-10-06T10:34:17.000Z</time>
        <extensions>
          <ns3:TrackPointExtension>
            <ns3:hr>116</ns3:hr>
            <ns3:cad>52</ns3:cad>
          </ns3:TrackPointExtension>
        </extensions>
      </trkpt>
      <trkpt lat="42.46789804659783840179443359375" lon="-6.2351480685174465179443359375">
        <ele>1034.199951171875</ele>
        <time>2025-10-06T10:34:26.000Z</time>
        <extensions>
          <ns3:TrackPointExtension>
            <ns3:hr>117</ns3:hr>
            <ns3:cad>55</ns3:cad>
          </ns3:TrackPointExtension>
        </extensions>
      </trkpt>
      <trkpt lat="42.46793325059115886688232421875" lon="-6.2352345697581768035888671875">
        <ele>1034.4000244140625</ele>
        <time>2025-10-06T10:34:32.000Z</time>
        <extensions>
          <ns3:TrackPointExtension>
            <ns3:hr>118</ns3:hr>
            <ns3:cad>54</ns3:cad>
          </ns3:TrackPointExtension>
        </extensions>
      </trkpt>
      <trkpt lat="42.46794615872204303741455078125" lon="-6.2352751381695270538330078125">
        <ele>1034.5999755859375</ele>
        <time>2025-10-06T10:34:35.000Z</time>
        <extensions>
          <ns3:TrackPointExtension>
            <ns3:hr>120</ns3:hr>
            <ns3:cad>55</ns3:cad>
          </ns3:TrackPointExtension>
        </extensions>
      </trkpt>
      <trkpt lat="42.46798731386661529541015625" lon="-6.23539390973746776580810546875">
        <ele>1035.5999755859375</ele>
        <time>2025-10-06T10:34:44.000Z</time>
        <extensions>
          <ns3:TrackPointExtension>
            <ns3:hr>122</ns3:hr>
            <ns3:cad>52</ns3:cad>
          </ns3:TrackPointExtension>
        </extensions>
      </trkpt>
      <trkpt lat="42.46799628250300884246826171875" lon="-6.23542559333145618438720703125">
        <ele>1035.5999755859375</ele>
        <time>2025-10-06T10:34:46.000Z</time>
        <extensions>
          <ns3:TrackPointExtension>
            <ns3:hr>122</ns3:hr>
            <ns3:cad>53</ns3:cad>
          </ns3:TrackPointExtension>
        </extensions>
      </trkpt>
      <trkpt lat="42.46804372407495975494384765625" lon="-6.23554277233779430389404296875">
        <ele>1036.199951171875</ele>
        <time>2025-10-06T10:34:55.000Z</time>
        <extensions>
          <ns3:TrackPointExtension>
            <ns3:hr>123</ns3:hr>
            <ns3:cad>53</ns3:cad>
          </ns3:TrackPointExtension>
        </extensions>
      </trkpt>
      <trkpt lat="42.4680900759994983673095703125" lon="-6.23566464520990848541259765625">
        <ele>1036.5999755859375</ele>
        <time>2025-10-06T10:35:04.000Z</time>
        <extensions>
          <ns3:TrackPointExtension>
            <ns3:hr>124</ns3:hr>
            <ns3:cad>53</ns3:cad>
          </ns3:TrackPointExtension>
        </extensions>
      </trkpt>
      <trkpt lat="42.46809368021786212921142578125" lon="-6.23567998409271240234375">
        <ele>1036.5999755859375</ele>
        <time>2025-10-06T10:35:05.000Z</time>
        <extensions>
          <ns3:TrackPointExtension>
            <ns3:hr>125</ns3:hr>
            <ns3:cad>53</ns3:cad>
          </ns3:TrackPointExtension>
        </extensions>
      </trkpt>
      <trkpt lat="42.468133158981800079345703125" lon="-6.235811412334442138671875">
        <ele>1037.199951171875</ele>
        <time>2025-10-06T10:35:14.000Z</time>
        <extensions>
          <ns3:TrackPointExtension>
            <ns3:hr>125</ns3:hr>
            <ns3:cad>55</ns3:cad>
          </ns3:TrackPointExtension>
        </extensions>
      </trkpt>
      <trkpt lat="42.46817649342119693756103515625" lon="-6.23591400682926177978515625">
        <ele>1037.5999755859375</ele>
        <time>2025-10-06T10:35:22.000Z</time>
        <extensions>
          <ns3:TrackPointExtension>
            <ns3:hr>124</ns3:hr>
            <ns3:cad>55</ns3:cad>
          </ns3:TrackPointExtension>
        </extensions>
      </trkpt>
      <trkpt lat="42.46818319894373416900634765625" lon="-6.23593018390238285064697265625">
        <ele>1037.800048828125</ele>
        <time>2025-10-06T10:35:23.000Z</time>
        <extensions>
          <ns3:TrackPointExtension>
            <ns3:hr>124</ns3:hr>
            <ns3:cad>55</ns3:cad>
          </ns3:TrackPointExtension>
        </extensions>
      </trkpt>
      <trkpt lat="42.46821622364223003387451171875" lon="-6.23603202402591705322265625">
        <ele>1037.800048828125</ele>
        <time>2025-10-06T10:35:30.000Z</time>
        <extensions>
          <ns3:TrackPointExtension>
            <ns3:hr>126</ns3:hr>
            <ns3:cad>54</ns3:cad>
          </ns3:TrackPointExtension>
        </extensions>
      </trkpt>
      <trkpt lat="42.46825980953872203826904296875" lon="-6.2361431680619716644287109375">
        <ele>1038.199951171875</ele>
        <time>2025-10-06T10:35:38.000Z</time>
        <extensions>
          <ns3:TrackPointExtension>
            <ns3:hr>127</ns3:hr>
            <ns3:cad>53</ns3:cad>
          </ns3:TrackPointExtension>
        </extensions>
      </trkpt>
      <trkpt lat="42.46832468546926975250244140625" lon="-6.2363098002970218658447265625">
        <ele>1038.199951171875</ele>
        <time>2025-10-06T10:35:50.000Z</time>
        <extensions>
          <ns3:TrackPointExtension>
            <ns3:hr>125</ns3:hr>
            <ns3:cad>57</ns3:cad>
          </ns3:TrackPointExtension>
        </extensions>
      </trkpt>
      <trkpt lat="42.46836693026125431060791015625" lon="-6.23645455576479434967041015625">
        <ele>1038.5999755859375</ele>
        <time>2025-10-06T10:36:00.000Z</time>
        <extensions>
          <ns3:TrackPointExtension>
            <ns3:hr>125</ns3:hr>
            <ns3:cad>55</ns3:cad>
          </ns3:TrackPointExtension>
        </extensions>
      </trkpt>
      <trkpt lat="42.46836944483220577239990234375" lon="-6.2364672124385833740234375">
        <ele>1038.5999755859375</ele>
        <time>2025-10-06T10:36:01.000Z</time>
        <extensions>
          <ns3:TrackPointExtension>
            <ns3:hr>124</ns3:hr>
            <ns3:cad>55</ns3:cad>
          </ns3:TrackPointExtension>
        </extensions>
      </trkpt>
      <trkpt lat="42.46840280480682849884033203125" lon="-6.23656452633440494537353515625">
        <ele>1038.5999755859375</ele>
        <time>2025-10-06T10:36:08.000Z</time>
        <extensions>
          <ns3:TrackPointExtension>
            <ns3:hr>126</ns3:hr>
            <ns3:cad>55</ns3:cad>
          </ns3:TrackPointExtension>
        </extensions>
      </trkpt>
      <trkpt lat="42.46845074929296970367431640625" lon="-6.23667935840785503387451171875">
        <ele>1039.199951171875</ele>
        <time>2025-10-06T10:36:17.000Z</time>
        <extensions>
          <ns3:TrackPointExtension>
            <ns3:hr>124</ns3:hr>
            <ns3:cad>55</ns3:cad>
          </ns3:TrackPointExtension>
        </extensions>
      </trkpt>
      <trkpt lat="42.46848746202886104583740234375" lon="-6.2367728166282176971435546875">
        <ele>1039</ele>
        <time>2025-10-06T10:36:24.000Z</time>
        <extensions>
          <ns3:TrackPointExtension>
            <ns3:hr>121</ns3:hr>
            <ns3:cad>53</ns3:cad>
          </ns3:TrackPointExtension>
        </extensions>
      </trkpt>
      <trkpt lat="42.4685074947774410247802734375" lon="-6.2368341721594333648681640625">
        <ele>1039.199951171875</ele>
        <time>2025-10-06T10:36:28.000Z</time>
        <extensions>
          <ns3:TrackPointExtension>
            <ns3:hr>122</ns3:hr>
            <ns3:cad>52</ns3:cad>
          </ns3:TrackPointExtension>
        </extensions>
      </trkpt>
      <trkpt lat="42.46855334378778934478759765625" lon="-6.23695193789899349212646484375">
        <ele>1039.4000244140625</ele>
        <time>2025-10-06T10:36:37.000Z</time>
        <extensions>
          <ns3:TrackPointExtension>
            <ns3:hr>122</ns3:hr>
            <ns3:cad>55</ns3:cad>
          </ns3:TrackPointExtension>
        </extensions>
      </trkpt>
      <trkpt lat="42.4686100892722606658935546875" lon="-6.2371037341654300689697265625">
        <ele>1039.5999755859375</ele>
        <time>2025-10-06T10:36:47.000Z</time>
        <extensions>
          <ns3:TrackPointExtension>
            <ns3:hr>123</ns3:hr>
            <ns3:cad>56</ns3:cad>
          </ns3:TrackPointExtension>
        </extensions>
      </trkpt>
      <trkpt lat="42.4686191417276859283447265625" lon="-6.23714421875774860382080078125">
        <ele>1039.800048828125</ele>
        <time>2025-10-06T10:36:50.000Z</time>
        <extensions>
          <ns3:TrackPointExtension>
            <ns3:hr>123</ns3:hr>
            <ns3:cad>55</ns3:cad>
          </ns3:TrackPointExtension>
        </extensions>
      </trkpt>
      <trkpt lat="42.46865828521549701690673828125" lon="-6.23722602613270282745361328125">
        <ele>1040</ele>
        <time>2025-10-06T10:36:56.000Z</time>
        <extensions>
          <ns3:TrackPointExtension>
            <ns3:hr>122</ns3:hr>
            <ns3:cad>55</ns3:cad>
          </ns3:TrackPointExtension>
        </extensions>
      </trkpt>
      <trkpt lat="42.4687136895954608917236328125" lon="-6.2373605556786060333251953125">
        <ele>1039.800048828125</ele>
        <time>2025-10-06T10:37:05.000Z</time>
        <extensions>
          <ns3:TrackPointExtension>
            <ns3:hr>121</ns3:hr>
            <ns3:cad>55</ns3:cad>
          </ns3:TrackPointExtension>
        </extensions>
      </trkpt>
      <trkpt lat="42.4687693454325199127197265625" lon="-6.2375020422041416168212890625">
        <ele>1040</ele>
        <time>2025-10-06T10:37:15.000Z</time>
        <extensions>
          <ns3:TrackPointExtension>
            <ns3:hr>121</ns3:hr>
            <ns3:cad>55</ns3:cad>
          </ns3:TrackPointExtension>
        </extensions>
      </trkpt>
      <trkpt lat="42.46885039843618869781494140625" lon="-6.23762802220880985260009765625">
        <ele>1040.4000244140625</ele>
        <time>2025-10-06T10:37:26.000Z</time>
        <extensions>
          <ns3:TrackPointExtension>
            <ns3:hr>119</ns3:hr>
            <ns3:cad>55</ns3:cad>
          </ns3:TrackPointExtension>
        </extensions>
      </trkpt>
      <trkpt lat="42.46893002651631832122802734375" lon="-6.2377182953059673309326171875">
        <ele>1040.5999755859375</ele>
        <time>2025-10-06T10:37:34.000Z</time>
        <extensions>
          <ns3:TrackPointExtension>
            <ns3:hr>119</ns3:hr>
            <ns3:cad>53</ns3:cad>
          </ns3:TrackPointExtension>
        </extensions>
      </trkpt>
      <trkpt lat="42.46897310949862003326416015625" lon="-6.23783589340746402740478515625">
        <ele>1040.5999755859375</ele>
        <time>2025-10-06T10:37:42.000Z</time>
        <extensions>
          <ns3:TrackPointExtension>
            <ns3:hr>120</ns3:hr>
            <ns3:cad>56</ns3:cad>
          </ns3:TrackPointExtension>
        </extensions>
      </trkpt>
      <trkpt lat="42.46900898404419422149658203125" lon="-6.23795743100345134735107421875">
        <ele>1040.5999755859375</ele>
        <time>2025-10-06T10:37:50.000Z</time>
        <extensions>
          <ns3:TrackPointExtension>
            <ns3:hr>118</ns3:hr>
            <ns3:cad>55</ns3:cad>
          </ns3:TrackPointExtension>
        </extensions>
      </trkpt>
      <trkpt lat="42.46905080974102020263671875" lon="-6.2380602769553661346435546875">
        <ele>1040.800048828125</ele>
        <time>2025-10-06T10:37:58.000Z</time>
        <extensions>
          <ns3:TrackPointExtension>
            <ns3:hr>119</ns3:hr>
            <ns3:cad>53</ns3:cad>
          </ns3:TrackPointExtension>
        </extensions>
      </trkpt>
      <trkpt lat="42.46905491687357425689697265625" lon="-6.23807159252464771270751953125">
        <ele>1040.800048828125</ele>
        <time>2025-10-06T10:37:59.000Z</time>
        <extensions>
          <ns3:TrackPointExtension>
            <ns3:hr>119</ns3:hr>
            <ns3:cad>55</ns3:cad>
          </ns3:TrackPointExtension>
        </extensions>
      </trkpt>
      <trkpt lat="42.46910286135971546173095703125" lon="-6.2381838262081146240234375">
        <ele>1040.800048828125</ele>
        <time>2025-10-06T10:38:08.000Z</time>
        <extensions>
          <ns3:TrackPointExtension>
            <ns3:hr>119</ns3:hr>
            <ns3:cad>53</ns3:cad>
          </ns3:TrackPointExtension>
        </extensions>
      </trkpt>
      <trkpt lat="42.469170503318309783935546875" lon="-6.2383090518414974212646484375">
        <ele>1041.199951171875</ele>
        <time>2025-10-06T10:38:18.000Z</time>
        <extensions>
          <ns3:TrackPointExtension>
            <ns3:hr>119</ns3:hr>
            <ns3:cad>53</ns3:cad>
          </ns3:TrackPointExtension>
        </extensions>
      </trkpt>
      <trkpt lat="42.4692209623754024505615234375" lon="-6.23841692693531513214111328125">
        <ele>1041.4000244140625</ele>
        <time>2025-10-06T10:38:26.000Z</time>
        <extensions>
          <ns3:TrackPointExtension>
            <ns3:hr>119</ns3:hr>
            <ns3:cad>54</ns3:cad>
          </ns3:TrackPointExtension>
        </extensions>
      </trkpt>
      <trkpt lat="42.46927385218441486358642578125" lon="-6.23853913508355617523193359375">
        <ele>1041.199951171875</ele>
        <time>2025-10-06T10:38:35.000Z</time>
        <extensions>
          <ns3:TrackPointExtension>
            <ns3:hr>118</ns3:hr>
            <ns3:cad>55</ns3:cad>
          </ns3:TrackPointExtension>
        </extensions>
      </trkpt>
      <trkpt lat="42.46931970119476318359375" lon="-6.2386500276625156402587890625">
        <ele>1041</ele>
        <time>2025-10-06T10:38:43.000Z</time>
        <extensions>
          <ns3:TrackPointExtension>
            <ns3:hr>119</ns3:hr>
            <ns3:cad>55</ns3:cad>
          </ns3:TrackPointExtension>
        </extensions>
      </trkpt>
      <trkpt lat="42.46934073977172374725341796875" lon="-6.23871020972728729248046875">
        <ele>1041.199951171875</ele>
        <time>2025-10-06T10:38:47.000Z</time>
        <extensions>
          <ns3:TrackPointExtension>
            <ns3:hr>116</ns3:hr>
            <ns3:cad>55</ns3:cad>
          </ns3:TrackPointExtension>
        </extensions>
      </trkpt>
      <trkpt lat="42.4693715013563632965087890625" lon="-6.2387975491583347320556640625">
        <ele>1041</ele>
        <time>2025-10-06T10:38:53.000Z</time>
        <extensions>
          <ns3:TrackPointExtension>
            <ns3:hr>116</ns3:hr>
            <ns3:cad>53</ns3:cad>
          </ns3:TrackPointExtension>
        </extensions>
      </trkpt>
      <trkpt lat="42.46943260543048381805419921875" lon="-6.23894155025482177734375">
        <ele>1041.199951171875</ele>
        <time>2025-10-06T10:39:03.000Z</time>
        <extensions>
          <ns3:TrackPointExtension>
            <ns3:hr>117</ns3:hr>
            <ns3:cad>55</ns3:cad>
          </ns3:TrackPointExtension>
        </extensions>
      </trkpt>
      <trkpt lat="42.46947233565151691436767578125" lon="-6.23905898071825504302978515625">
        <ele>1041.4000244140625</ele>
        <time>2025-10-06T10:39:11.000Z</time>
        <extensions>
          <ns3:TrackPointExtension>
            <ns3:hr>118</ns3:hr>
            <ns3:cad>55</ns3:cad>
          </ns3:TrackPointExtension>
        </extensions>
      </trkpt>
      <trkpt lat="42.4695087969303131103515625" lon="-6.23917046003043651580810546875">
        <ele>1041.4000244140625</ele>
        <time>2025-10-06T10:39:19.000Z</time>
        <extensions>
          <ns3:TrackPointExtension>
            <ns3:hr>116</ns3:hr>
            <ns3:cad>55</ns3:cad>
          </ns3:TrackPointExtension>
        </extensions>
      </trkpt>
      <trkpt lat="42.46953436173498630523681640625" lon="-6.2392548657953739166259765625">
        <ele>1041.800048828125</ele>
        <time>2025-10-06T10:39:24.000Z</time>
        <extensions>
          <ns3:TrackPointExtension>
            <ns3:hr>117</ns3:hr>
            <ns3:cad>55</ns3:cad>
          </ns3:TrackPointExtension>
        </extensions>
      </trkpt>
      <trkpt lat="42.46955464594066143035888671875" lon="-6.2393142096698284149169921875">
        <ele>1041.800048828125</ele>
        <time>2025-10-06T10:39:28.000Z</time>
        <extensions>
          <ns3:TrackPointExtension>
            <ns3:hr>118</ns3:hr>
            <ns3:cad>53</ns3:cad>
          </ns3:TrackPointExtension>
        </extensions>
      </trkpt>
      <trkpt lat="42.46959806419909000396728515625" lon="-6.23941470868885517120361328125">
        <ele>1042</ele>
        <time>2025-10-06T10:39:36.000Z</time>
        <extensions>
          <ns3:TrackPointExtension>
            <ns3:hr>118</ns3:hr>
            <ns3:cad>53</ns3:cad>
          </ns3:TrackPointExtension>
        </extensions>
      </trkpt>
      <trkpt lat="42.46963410638272762298583984375" lon="-6.2395043112337589263916015625">
        <ele>1042.4000244140625</ele>
        <time>2025-10-06T10:39:43.000Z</time>
        <extensions>
          <ns3:TrackPointExtension>
            <ns3:hr>117</ns3:hr>
            <ns3:cad>51</ns3:cad>
          </ns3:TrackPointExtension>
        </extensions>
      </trkpt>
      <trkpt lat="42.46968305669724941253662109375" lon="-6.2396293692290782928466796875">
        <ele>1042.4000244140625</ele>
        <time>2025-10-06T10:39:53.000Z</time>
        <extensions>
          <ns3:TrackPointExtension>
            <ns3:hr>117</ns3:hr>
            <ns3:cad>53</ns3:cad>
          </ns3:TrackPointExtension>
        </extensions>
      </trkpt>
      <trkpt lat="42.46974256820976734161376953125" lon="-6.23979457654058933258056640625">
        <ele>1042.4000244140625</ele>
        <time>2025-10-06T10:40:05.000Z</time>
        <extensions>
          <ns3:TrackPointExtension>
            <ns3:hr>116</ns3:hr>
            <ns3:cad>53</ns3:cad>
          </ns3:TrackPointExtension>
        </extensions>
      </trkpt>
      <trkpt lat="42.46978699229657649993896484375" lon="-6.23989976942539215087890625">
        <ele>1042.5999755859375</ele>
        <time>2025-10-06T10:40:13.000Z</time>
        <extensions>
          <ns3:TrackPointExtension>
            <ns3:hr>116</ns3:hr>
            <ns3:cad>55</ns3:cad>
          </ns3:TrackPointExtension>
        </extensions>
      </trkpt>
      <trkpt lat="42.4698318354785442352294921875" lon="-6.2400313653051853179931640625">
        <ele>1042.5999755859375</ele>
        <time>2025-10-06T10:40:22.000Z</time>
        <extensions>
          <ns3:TrackPointExtension>
            <ns3:hr>116</ns3:hr>
            <ns3:cad>55</ns3:cad>
          </ns3:TrackPointExtension>
        </extensions>
      </trkpt>
      <trkpt lat="42.46989947743713855743408203125" lon="-6.2401849217712879180908203125">
        <ele>1042.5999755859375</ele>
        <time>2025-10-06T10:40:33.000Z</time>
        <extensions>
          <ns3:TrackPointExtension>
            <ns3:hr>115</ns3:hr>
            <ns3:cad>56</ns3:cad>
          </ns3:TrackPointExtension>
        </extensions>
      </trkpt>
      <trkpt lat="42.469951696693897247314453125" lon="-6.24032716266810894012451171875">
        <ele>1042.800048828125</ele>
        <time>2025-10-06T10:40:42.000Z</time>
        <extensions>
          <ns3:TrackPointExtension>
            <ns3:hr>115</ns3:hr>
            <ns3:cad>57</ns3:cad>
          </ns3:TrackPointExtension>
        </extensions>
      </trkpt>
      <trkpt lat="42.46999084018170833587646484375" lon="-6.240405701100826263427734375">
        <ele>1042.800048828125</ele>
        <time>2025-10-06T10:40:48.000Z</time>
        <extensions>
          <ns3:TrackPointExtension>
            <ns3:hr>117</ns3:hr>
            <ns3:cad>55</ns3:cad>
          </ns3:TrackPointExtension>
        </extensions>
      </trkpt>
      <trkpt lat="42.47000928036868572235107421875" lon="-6.24044157564640045166015625">
        <ele>1042.800048828125</ele>
        <time>2025-10-06T10:40:51.000Z</time>
        <extensions>
          <ns3:TrackPointExtension>
            <ns3:hr>116</ns3:hr>
            <ns3:cad>55</ns3:cad>
          </ns3:TrackPointExtension>
        </extensions>
      </trkpt>
      <trkpt lat="42.4700571410357952117919921875" lon="-6.2405530549585819244384765625">
        <ele>1043</ele>
        <time>2025-10-06T10:40:59.000Z</time>
        <extensions>
          <ns3:TrackPointExtension>
            <ns3:hr>115</ns3:hr>
            <ns3:cad>55</ns3:cad>
          </ns3:TrackPointExtension>
        </extensions>
      </trkpt>
      <trkpt lat="42.470111958682537078857421875" lon="-6.240693368017673492431640625">
        <ele>1043.199951171875</ele>
        <time>2025-10-06T10:41:10.000Z</time>
        <extensions>
          <ns3:TrackPointExtension>
            <ns3:hr>116</ns3:hr>
            <ns3:cad>57</ns3:cad>
          </ns3:TrackPointExtension>
        </extensions>
      </trkpt>
      <trkpt lat="42.470166273415088653564453125" lon="-6.24083711765706539154052734375">
        <ele>1043.199951171875</ele>
        <time>2025-10-06T10:41:20.000Z</time>
        <extensions>
          <ns3:TrackPointExtension>
            <ns3:hr>114</ns3:hr>
            <ns3:cad>56</ns3:cad>
          </ns3:TrackPointExtension>
        </extensions>
      </trkpt>
      <trkpt lat="42.4702133797109127044677734375" lon="-6.24096100218594074249267578125">
        <ele>1043</ele>
        <time>2025-10-06T10:41:28.000Z</time>
        <extensions>
          <ns3:TrackPointExtension>
            <ns3:hr>115</ns3:hr>
            <ns3:cad>56</ns3:cad>
          </ns3:TrackPointExtension>
        </extensions>
      </trkpt>
      <trkpt lat="42.4702465720474720001220703125" lon="-6.241070218384265899658203125">
        <ele>1043</ele>
        <time>2025-10-06T10:41:36.000Z</time>
        <extensions>
          <ns3:TrackPointExtension>
            <ns3:hr>114</ns3:hr>
            <ns3:cad>56</ns3:cad>
          </ns3:TrackPointExtension>
        </extensions>
      </trkpt>
      <trkpt lat="42.47028202749788761138916015625" lon="-6.24117289669811725616455078125">
        <ele>1043</ele>
        <time>2025-10-06T10:41:44.000Z</time>
        <extensions>
          <ns3:TrackPointExtension>
            <ns3:hr>114</ns3:hr>
            <ns3:cad>55</ns3:cad>
          </ns3:TrackPointExtension>
        </extensions>
      </trkpt>
      <trkpt lat="42.47033701278269290924072265625" lon="-6.241297535598278045654296875">
        <ele>1043.199951171875</ele>
        <time>2025-10-06T10:41:52.000Z</time>
        <extensions>
          <ns3:TrackPointExtension>
            <ns3:hr>114</ns3:hr>
            <ns3:cad>56</ns3:cad>
          </ns3:TrackPointExtension>
        </extensions>
      </trkpt>
      <trkpt lat="42.4703783355653285980224609375" lon="-6.24140474013984203338623046875">
        <ele>1043.199951171875</ele>
        <time>2025-10-06T10:42:00.000Z</time>
        <extensions>
          <ns3:TrackPointExtension>
            <ns3:hr>114</ns3:hr>
            <ns3:cad>55</ns3:cad>
          </ns3:TrackPointExtension>
        </extensions>
      </trkpt>
      <trkpt lat="42.47042418457567691802978515625" lon="-6.241524517536163330078125">
        <ele>1043</ele>
        <time>2025-10-06T10:42:09.000Z</time>
        <extensions>
          <ns3:TrackPointExtension>
            <ns3:hr>115</ns3:hr>
            <ns3:cad>55</ns3:cad>
          </ns3:TrackPointExtension>
        </extensions>
      </trkpt>
      <trkpt lat="42.470470704138278961181640625" lon="-6.2416323088109493255615234375">
        <ele>1043.4000244140625</ele>
        <time>2025-10-06T10:42:17.000Z</time>
        <extensions>
          <ns3:TrackPointExtension>
            <ns3:hr>114</ns3:hr>
            <ns3:cad>56</ns3:cad>
          </ns3:TrackPointExtension>
        </extensions>
      </trkpt>
      <trkpt lat="42.47051705606281757354736328125" lon="-6.2417449615895748138427734375">
        <ele>1043.4000244140625</ele>
        <time>2025-10-06T10:42:25.000Z</time>
        <extensions>
          <ns3:TrackPointExtension>
            <ns3:hr>116</ns3:hr>
            <ns3:cad>0</ns3:cad>
          </ns3:TrackPointExtension>
        </extensions>
      </trkpt>
      <trkpt lat="42.47056298889219760894775390625" lon="-6.24188167043030261993408203125">
        <ele>1043.199951171875</ele>
        <time>2025-10-06T10:42:35.000Z</time>
        <extensions>
          <ns3:TrackPointExtension>
            <ns3:hr>114</ns3:hr>
            <ns3:cad>56</ns3:cad>
          </ns3:TrackPointExtension>
        </extensions>
      </trkpt>
      <trkpt lat="42.47061747126281261444091796875" lon="-6.24201913364231586456298828125">
        <ele>1043</ele>
        <time>2025-10-06T10:42:45.000Z</time>
        <extensions>
          <ns3:TrackPointExtension>
            <ns3:hr>114</ns3:hr>
            <ns3:cad>57</ns3:cad>
          </ns3:TrackPointExtension>
        </extensions>
      </trkpt>
      <trkpt lat="42.47067363001406192779541015625" lon="-6.24215877614915370941162109375">
        <ele>1043.199951171875</ele>
        <time>2025-10-06T10:42:55.000Z</time>
        <extensions>
          <ns3:TrackPointExtension>
            <ns3:hr>111</ns3:hr>
            <ns3:cad>55</ns3:cad>
          </ns3:TrackPointExtension>
        </extensions>
      </trkpt>
      <trkpt lat="42.47071486897766590118408203125" lon="-6.24229271896183490753173828125">
        <ele>1043.4000244140625</ele>
        <time>2025-10-06T10:43:04.000Z</time>
        <extensions>
          <ns3:TrackPointExtension>
            <ns3:hr>111</ns3:hr>
            <ns3:cad>57</ns3:cad>
          </ns3:TrackPointExtension>
        </extensions>
      </trkpt>
      <trkpt lat="42.47075258754193782806396484375" lon="-6.24240470118820667266845703125">
        <ele>1043.5999755859375</ele>
        <time>2025-10-06T10:43:12.000Z</time>
        <extensions>
          <ns3:TrackPointExtension>
            <ns3:hr>111</ns3:hr>
            <ns3:cad>55</ns3:cad>
          </ns3:TrackPointExtension>
        </extensions>
      </trkpt>
      <trkpt lat="42.470795921981334686279296875" lon="-6.24249975197017192840576171875">
        <ele>1043.800048828125</ele>
        <time>2025-10-06T10:43:19.000Z</time>
        <extensions>
          <ns3:TrackPointExtension>
            <ns3:hr>113</ns3:hr>
            <ns3:cad>54</ns3:cad>
          </ns3:TrackPointExtension>
        </extensions>
      </trkpt>
      <trkpt lat="42.47080606408417224884033203125" lon="-6.2425268255174160003662109375">
        <ele>1044</ele>
        <time>2025-10-06T10:43:21.000Z</time>
        <extensions>
          <ns3:TrackPointExtension>
            <ns3:hr>113</ns3:hr>
            <ns3:cad>55</ns3:cad>
          </ns3:TrackPointExtension>
        </extensions>
      </trkpt>
      <trkpt lat="42.47085400857031345367431640625" lon="-6.24264978803694248199462890625">
        <ele>1043.800048828125</ele>
        <time>2025-10-06T10:43:30.000Z</time>
        <extensions>
          <ns3:TrackPointExtension>
            <ns3:hr>114</ns3:hr>
            <ns3:cad>57</ns3:cad>
          </ns3:TrackPointExtension>
        </extensions>
      </trkpt>
      <trkpt lat="42.4708973430097103118896484375" lon="-6.2427457608282566070556640625">
        <ele>1043.800048828125</ele>
        <time>2025-10-06T10:43:37.000Z</time>
        <extensions>
          <ns3:TrackPointExtension>
            <ns3:hr>112</ns3:hr>
            <ns3:cad>56</ns3:cad>
          </ns3:TrackPointExtension>
        </extensions>
      </trkpt>
      <trkpt lat="42.4709345586597919464111328125" lon="-6.24284676276147365570068359375">
        <ele>1043.5999755859375</ele>
        <time>2025-10-06T10:43:44.000Z</time>
        <extensions>
          <ns3:TrackPointExtension>
            <ns3:hr>113</ns3:hr>
            <ns3:cad>55</ns3:cad>
          </ns3:TrackPointExtension>
        </extensions>
      </trkpt>
      <trkpt lat="42.47097906656563282012939453125" lon="-6.24297383241355419158935546875">
        <ele>1043.800048828125</ele>
        <time>2025-10-06T10:43:53.000Z</time>
        <extensions>
          <ns3:TrackPointExtension>
            <ns3:hr>114</ns3:hr>
            <ns3:cad>57</ns3:cad>
          </ns3:TrackPointExtension>
        </extensions>
      </trkpt>
      <trkpt lat="42.471037991344928741455078125" lon="-6.2431262992322444915771484375">
        <ele>1043.800048828125</ele>
        <time>2025-10-06T10:44:04.000Z</time>
        <extensions>
          <ns3:TrackPointExtension>
            <ns3:hr>112</ns3:hr>
            <ns3:cad>55</ns3:cad>
          </ns3:TrackPointExtension>
        </extensions>
      </trkpt>
      <trkpt lat="42.47110806405544281005859375" lon="-6.24329988844692707061767578125">
        <ele>1044</ele>
        <time>2025-10-06T10:44:16.000Z</time>
        <extensions>
          <ns3:TrackPointExtension>
            <ns3:hr>113</ns3:hr>
            <ns3:cad>57</ns3:cad>
          </ns3:TrackPointExtension>
        </extensions>
      </trkpt>
      <trkpt lat="42.47117218561470508575439453125" lon="-6.24343718402087688446044921875">
        <ele>1044.199951171875</ele>
        <time>2025-10-06T10:44:26.000Z</time>
        <extensions>
          <ns3:TrackPointExtension>
            <ns3:hr>113</ns3:hr>
            <ns3:cad>56</ns3:cad>
          </ns3:TrackPointExtension>
        </extensions>
      </trkpt>
      <trkpt lat="42.4712151847779750823974609375" lon="-6.24357179738581180572509765625">
        <ele>1044.4000244140625</ele>
        <time>2025-10-06T10:44:35.000Z</time>
        <extensions>
          <ns3:TrackPointExtension>
            <ns3:hr>113</ns3:hr>
            <ns3:cad>57</ns3:cad>
          </ns3:TrackPointExtension>
        </extensions>
      </trkpt>
      <trkpt lat="42.4712762050330638885498046875" lon="-6.2437247671186923980712890625">
        <ele>1044.5999755859375</ele>
        <time>2025-10-06T10:44:46.000Z</time>
        <extensions>
          <ns3:TrackPointExtension>
            <ns3:hr>114</ns3:hr>
            <ns3:cad>55</ns3:cad>
          </ns3:TrackPointExtension>
        </extensions>
      </trkpt>
      <trkpt lat="42.47129590250551700592041015625" lon="-6.24378754757344722747802734375">
        <ele>1045</ele>
        <time>2025-10-06T10:44:50.000Z</time>
        <extensions>
          <ns3:TrackPointExtension>
            <ns3:hr>113</ns3:hr>
            <ns3:cad>55</ns3:cad>
          </ns3:TrackPointExtension>
        </extensions>
      </trkpt>
      <trkpt lat="42.4713318608701229095458984375" lon="-6.24385963194072246551513671875">
        <ele>1045</ele>
        <time>2025-10-06T10:44:55.000Z</time>
        <extensions>
          <ns3:TrackPointExtension>
            <ns3:hr>114</ns3:hr>
            <ns3:cad>55</ns3:cad>
          </ns3:TrackPointExtension>
        </extensions>
      </trkpt>
      <trkpt lat="42.47139397077262401580810546875" lon="-6.243989467620849609375">
        <ele>1045.4000244140625</ele>
        <time>2025-10-06T10:45:04.000Z</time>
        <extensions>
          <ns3:TrackPointExtension>
            <ns3:hr>115</ns3:hr>
            <ns3:cad>55</ns3:cad>
          </ns3:TrackPointExtension>
        </extensions>
      </trkpt>
      <trkpt lat="42.4714533984661102294921875" lon="-6.2441197223961353302001953125">
        <ele>1045.5999755859375</ele>
        <time>2025-10-06T10:45:14.000Z</time>
        <extensions>
          <ns3:TrackPointExtension>
            <ns3:hr>115</ns3:hr>
            <ns3:cad>57</ns3:cad>
          </ns3:TrackPointExtension>
        </extensions>
      </trkpt>
      <trkpt lat="42.47149086557328701019287109375" lon="-6.244178898632526397705078125">
        <ele>1045.800048828125</ele>
        <time>2025-10-06T10:45:19.000Z</time>
        <extensions>
          <ns3:TrackPointExtension>
            <ns3:hr>118</ns3:hr>
            <ns3:cad>57</ns3:cad>
          </ns3:TrackPointExtension>
        </extensions>
      </trkpt>
      <trkpt lat="42.4715444259345531463623046875" lon="-6.24425073154270648956298828125">
        <ele>1045.5999755859375</ele>
        <time>2025-10-06T10:45:25.000Z</time>
        <extensions>
          <ns3:TrackPointExtension>
            <ns3:hr>118</ns3:hr>
            <ns3:cad>56</ns3:cad>
          </ns3:TrackPointExtension>
        </extensions>
      </trkpt>
      <trkpt lat="42.4716017581522464752197265625" lon="-6.24441116116940975189208984375">
        <ele>1045.4000244140625</ele>
        <time>2025-10-06T10:45:35.000Z</time>
        <extensions>
          <ns3:TrackPointExtension>
            <ns3:hr>117</ns3:hr>
            <ns3:cad>57</ns3:cad>
          </ns3:TrackPointExtension>
        </extensions>
      </trkpt>
      <trkpt lat="42.47162983752787113189697265625" lon="-6.24456756748259067535400390625">
        <ele>1045.5999755859375</ele>
        <time>2025-10-06T10:45:45.000Z</time>
        <extensions>
          <ns3:TrackPointExtension>
            <ns3:hr>117</ns3:hr>
            <ns3:cad>56</ns3:cad>
          </ns3:TrackPointExtension>
        </extensions>
      </trkpt>
      <trkpt lat="42.47167132794857025146484375" lon="-6.24471307732164859771728515625">
        <ele>1045.5999755859375</ele>
        <time>2025-10-06T10:45:54.000Z</time>
        <extensions>
          <ns3:TrackPointExtension>
            <ns3:hr>116</ns3:hr>
            <ns3:cad>56</ns3:cad>
          </ns3:TrackPointExtension>
        </extensions>
      </trkpt>
      <trkpt lat="42.47169538401067256927490234375" lon="-6.24480125494301319122314453125">
        <ele>1046</ele>
        <time>2025-10-06T10:46:00.000Z</time>
        <extensions>
          <ns3:TrackPointExtension>
            <ns3:hr>117</ns3:hr>
            <ns3:cad>56</ns3:cad>
          </ns3:TrackPointExtension>
        </extensions>
      </trkpt>
      <trkpt lat="42.47170343063771724700927734375" lon="-6.24482857994735240936279296875">
        <ele>1046</ele>
        <time>2025-10-06T10:46:02.000Z</time>
        <extensions>
          <ns3:TrackPointExtension>
            <ns3:hr>116</ns3:hr>
            <ns3:cad>56</ns3:cad>
          </ns3:TrackPointExtension>
        </extensions>
      </trkpt>
      <trkpt lat="42.471752129495143890380859375" lon="-6.24494827352464199066162109375">
        <ele>1045.800048828125</ele>
        <time>2025-10-06T10:46:10.000Z</time>
        <extensions>
          <ns3:TrackPointExtension>
            <ns3:hr>113</ns3:hr>
            <ns3:cad>57</ns3:cad>
          </ns3:TrackPointExtension>
        </extensions>
      </trkpt>
      <trkpt lat="42.4717831425368785858154296875" lon="-6.24500937759876251220703125">
        <ele>1045.800048828125</ele>
        <time>2025-10-06T10:46:14.000Z</time>
        <extensions>
          <ns3:TrackPointExtension>
            <ns3:hr>110</ns3:hr>
            <ns3:cad>57</ns3:cad>
          </ns3:TrackPointExtension>
        </extensions>
      </trkpt>
      <trkpt lat="42.47180351056158542633056640625" lon="-6.24508380889892578125">
        <ele>1045.5999755859375</ele>
        <time>2025-10-06T10:46:19.000Z</time>
        <extensions>
          <ns3:TrackPointExtension>
            <ns3:hr>109</ns3:hr>
            <ns3:cad>57</ns3:cad>
          </ns3:TrackPointExtension>
        </extensions>
      </trkpt>
      <trkpt lat="42.47183586470782756805419921875" lon="-6.24519319273531436920166015625">
        <ele>1045.800048828125</ele>
        <time>2025-10-06T10:46:26.000Z</time>
        <extensions>
          <ns3:TrackPointExtension>
            <ns3:hr>110</ns3:hr>
            <ns3:cad>56</ns3:cad>
          </ns3:TrackPointExtension>
        </extensions>
      </trkpt>
      <trkpt lat="42.47188682667911052703857421875" lon="-6.245357729494571685791015625">
        <ele>1045.800048828125</ele>
        <time>2025-10-06T10:46:36.000Z</time>
        <extensions>
          <ns3:TrackPointExtension>
            <ns3:hr>111</ns3:hr>
            <ns3:cad>57</ns3:cad>
          </ns3:TrackPointExtension>
        </extensions>
      </trkpt>
      <trkpt lat="42.47191783972084522247314453125" lon="-6.2454633414745330810546875">
        <ele>1045.800048828125</ele>
        <time>2025-10-06T10:46:44.000Z</time>
        <extensions>
          <ns3:TrackPointExtension>
            <ns3:hr>114</ns3:hr>
            <ns3:cad>58</ns3:cad>
          </ns3:TrackPointExtension>
        </extensions>
      </trkpt>
      <trkpt lat="42.471923120319843292236328125" lon="-6.245477087795734405517578125">
        <ele>1045.800048828125</ele>
        <time>2025-10-06T10:46:45.000Z</time>
        <extensions>
          <ns3:TrackPointExtension>
            <ns3:hr>115</ns3:hr>
            <ns3:cad>58</ns3:cad>
          </ns3:TrackPointExtension>
        </extensions>
      </trkpt>
      <trkpt lat="42.471955306828022003173828125" lon="-6.24560608528554439544677734375">
        <ele>1045.4000244140625</ele>
        <time>2025-10-06T10:46:53.000Z</time>
        <extensions>
          <ns3:TrackPointExtension>
            <ns3:hr>116</ns3:hr>
            <ns3:cad>56</ns3:cad>
          </ns3:TrackPointExtension>
        </extensions>
      </trkpt>
      <trkpt lat="42.47199394740164279937744140625" lon="-6.24575746245682239532470703125">
        <ele>1045.199951171875</ele>
        <time>2025-10-06T10:47:03.000Z</time>
        <extensions>
          <ns3:TrackPointExtension>
            <ns3:hr>114</ns3:hr>
            <ns3:cad>56</ns3:cad>
          </ns3:TrackPointExtension>
        </extensions>
      </trkpt>
      <trkpt lat="42.4720362760126590728759765625" lon="-6.2459597177803516387939453125">
        <ele>1045</ele>
        <time>2025-10-06T10:47:16.000Z</time>
        <extensions>
          <ns3:TrackPointExtension>
            <ns3:hr>114</ns3:hr>
            <ns3:cad>57</ns3:cad>
          </ns3:TrackPointExtension>
        </extensions>
      </trkpt>
      <trkpt lat="42.4720651097595691680908203125" lon="-6.246075220406055450439453125">
        <ele>1044.5999755859375</ele>
        <time>2025-10-06T10:47:24.000Z</time>
        <extensions>
          <ns3:TrackPointExtension>
            <ns3:hr>112</ns3:hr>
            <ns3:cad>57</ns3:cad>
          </ns3:TrackPointExtension>
        </extensions>
      </trkpt>
      <trkpt lat="42.47210358269512653350830078125" lon="-6.246207989752292633056640625">
        <ele>1044.5999755859375</ele>
        <time>2025-10-06T10:47:33.000Z</time>
        <extensions>
          <ns3:TrackPointExtension>
            <ns3:hr>110</ns3:hr>
            <ns3:cad>56</ns3:cad>
          </ns3:TrackPointExtension>
        </extensions>
      </trkpt>
      <trkpt lat="42.47214138507843017578125" lon="-6.2463415972888469696044921875">
        <ele>1044.4000244140625</ele>
        <time>2025-10-06T10:47:42.000Z</time>
        <extensions>
          <ns3:TrackPointExtension>
            <ns3:hr>109</ns3:hr>
            <ns3:cad>56</ns3:cad>
          </ns3:TrackPointExtension>
        </extensions>
      </trkpt>
      <trkpt lat="42.472177930176258087158203125" lon="-6.24649104662239551544189453125">
        <ele>1044.199951171875</ele>
        <time>2025-10-06T10:47:52.000Z</time>
        <extensions>
          <ns3:TrackPointExtension>
            <ns3:hr>108</ns3:hr>
            <ns3:cad>57</ns3:cad>
          </ns3:TrackPointExtension>
        </extensions>
      </trkpt>
      <trkpt lat="42.47219997458159923553466796875" lon="-6.24660118483006954193115234375">
        <ele>1044</ele>
        <time>2025-10-06T10:48:00.000Z</time>
        <extensions>
          <ns3:TrackPointExtension>
            <ns3:hr>107</ns3:hr>
            <ns3:cad>56</ns3:cad>
          </ns3:TrackPointExtension>
        </extensions>
      </trkpt>
      <trkpt lat="42.4722247011959552764892578125" lon="-6.24668768607079982757568359375">
        <ele>1043.800048828125</ele>
        <time>2025-10-06T10:48:06.000Z</time>
        <extensions>
          <ns3:TrackPointExtension>
            <ns3:hr>107</ns3:hr>
            <ns3:cad>54</ns3:cad>
          </ns3:TrackPointExtension>
        </extensions>
      </trkpt>
      <trkpt lat="42.47224305756390094757080078125" lon="-6.24673940241336822509765625">
        <ele>1043.800048828125</ele>
        <time>2025-10-06T10:48:09.000Z</time>
        <extensions>
          <ns3:TrackPointExtension>
            <ns3:hr>108</ns3:hr>
            <ns3:cad>59</ns3:cad>
          </ns3:TrackPointExtension>
        </extensions>
      </trkpt>
      <trkpt lat="42.4722672812640666961669921875" lon="-6.2468446791172027587890625">
        <ele>1043.800048828125</ele>
        <time>2025-10-06T10:48:16.000Z</time>
        <extensions>
          <ns3:TrackPointExtension>
            <ns3:hr>108</ns3:hr>
            <ns3:cad>57</ns3:cad>
          </ns3:TrackPointExtension>
        </extensions>
      </trkpt>
      <trkpt lat="42.47230223380029201507568359375" lon="-6.24696278013288974761962890625">
        <ele>1044</ele>
        <time>2025-10-06T10:48:24.000Z</time>
        <extensions>
          <ns3:TrackPointExtension>
            <ns3:hr>108</ns3:hr>
            <ns3:cad>57</ns3:cad>
          </ns3:TrackPointExtension>
        </extensions>
      </trkpt>
      <trkpt lat="42.4723279662430286407470703125" lon="-6.24708674848079681396484375">
        <ele>1043.800048828125</ele>
        <time>2025-10-06T10:48:32.000Z</time>
        <extensions>
          <ns3:TrackPointExtension>
            <ns3:hr>107</ns3:hr>
            <ns3:cad>0</ns3:cad>
          </ns3:TrackPointExtension>
        </extensions>
      </trkpt>
      <trkpt lat="42.47236602008342742919921875" lon="-6.2472431547939777374267578125">
        <ele>1044</ele>
        <time>2025-10-06T10:48:42.000Z</time>
        <extensions>
          <ns3:TrackPointExtension>
            <ns3:hr>108</ns3:hr>
            <ns3:cad>56</ns3:cad>
          </ns3:TrackPointExtension>
        </extensions>
      </trkpt>
      <trkpt lat="42.47240616939961910247802734375" lon="-6.24739042483270168304443359375">
        <ele>1043.5999755859375</ele>
        <time>2025-10-06T10:48:51.000Z</time>
        <extensions>
          <ns3:TrackPointExtension>
            <ns3:hr>111</ns3:hr>
            <ns3:cad>57</ns3:cad>
          </ns3:TrackPointExtension>
        </extensions>
      </trkpt>
      <trkpt lat="42.47246685437858104705810546875" lon="-6.24751665629446506500244140625">
        <ele>1043.4000244140625</ele>
        <time>2025-10-06T10:49:00.000Z</time>
        <extensions>
          <ns3:TrackPointExtension>
            <ns3:hr>111</ns3:hr>
            <ns3:cad>56</ns3:cad>
          </ns3:TrackPointExtension>
        </extensions>
      </trkpt>
      <trkpt lat="42.47251010499894618988037109375" lon="-6.2476159818470478057861328125">
        <ele>1043.4000244140625</ele>
        <time>2025-10-06T10:49:08.000Z</time>
        <extensions>
          <ns3:TrackPointExtension>
            <ns3:hr>110</ns3:hr>
            <ns3:cad>55</ns3:cad>
          </ns3:TrackPointExtension>
        </extensions>
      </trkpt>
      <trkpt lat="42.47254447080194950103759765625" lon="-6.24768362380564212799072265625">
        <ele>1043.5999755859375</ele>
        <time>2025-10-06T10:49:16.000Z</time>
        <extensions>
          <ns3:TrackPointExtension>
            <ns3:hr>110</ns3:hr>
            <ns3:cad>55</ns3:cad>
          </ns3:TrackPointExtension>
        </extensions>
      </trkpt>
      <trkpt lat="42.4725531041622161865234375" lon="-6.2477112002670764923095703125">
        <ele>1044</ele>
        <time>2025-10-06T10:49:20.000Z</time>
        <extensions>
          <ns3:TrackPointExtension>
            <ns3:hr>110</ns3:hr>
            <ns3:cad>55</ns3:cad>
          </ns3:TrackPointExtension>
        </extensions>
      </trkpt>
      <trkpt lat="42.4725479073822498321533203125" lon="-6.24772955663502216339111328125">
        <ele>1044.199951171875</ele>
        <time>2025-10-06T10:49:23.000Z</time>
        <extensions>
          <ns3:TrackPointExtension>
            <ns3:hr>110</ns3:hr>
            <ns3:cad>0</ns3:cad>
          </ns3:TrackPointExtension>
        </extensions>
      </trkpt>
      <trkpt lat="42.47255017049610614776611328125" lon="-6.24783516861498355865478515625">
        <ele>1044.4000244140625</ele>
        <time>2025-10-06T10:49:30.000Z</time>
        <extensions>
          <ns3:TrackPointExtension>
            <ns3:hr>111</ns3:hr>
            <ns3:cad>0</ns3:cad>
          </ns3:TrackPointExtension>
        </extensions>
      </trkpt>
      <trkpt lat="42.47255972586572170257568359375" lon="-6.24790959991514682769775390625">
        <ele>1045</ele>
        <time>2025-10-06T10:49:35.000Z</time>
        <extensions>
          <ns3:TrackPointExtension>
            <ns3:hr>113</ns3:hr>
            <ns3:cad>51</ns3:cad>
          </ns3:TrackPointExtension>
        </extensions>
      </trkpt>
      <trkpt lat="42.4725697003304958343505859375" lon="-6.24794916249811649322509765625">
        <ele>1045</ele>
        <time>2025-10-06T10:49:38.000Z</time>
        <extensions>
          <ns3:TrackPointExtension>
            <ns3:hr>114</ns3:hr>
            <ns3:cad>52</ns3:cad>
          </ns3:TrackPointExtension>
        </extensions>
      </trkpt>
      <trkpt lat="42.4725774116814136505126953125" lon="-6.24805930070579051971435546875">
        <ele>1045</ele>
        <time>2025-10-06T10:49:45.000Z</time>
        <extensions>
          <ns3:TrackPointExtension>
            <ns3:hr>117</ns3:hr>
            <ns3:cad>53</ns3:cad>
          </ns3:TrackPointExtension>
        </extensions>
      </trkpt>
      <trkpt lat="42.47258864343166351318359375" lon="-6.24808696098625659942626953125">
        <ele>1045.199951171875</ele>
        <time>2025-10-06T10:49:47.000Z</time>
        <extensions>
          <ns3:TrackPointExtension>
            <ns3:hr>118</ns3:hr>
            <ns3:cad>53</ns3:cad>
          </ns3:TrackPointExtension>
        </extensions>
      </trkpt>
      <trkpt lat="42.47261202894151210784912109375" lon="-6.24820296652615070343017578125">
        <ele>1045.4000244140625</ele>
        <time>2025-10-06T10:49:55.000Z</time>
        <extensions>
          <ns3:TrackPointExtension>
            <ns3:hr>118</ns3:hr>
            <ns3:cad>53</ns3:cad>
          </ns3:TrackPointExtension>
        </extensions>
      </trkpt>
      <trkpt lat="42.47262963093817234039306640625" lon="-6.2483415193855762481689453125">
        <ele>1045.4000244140625</ele>
        <time>2025-10-06T10:50:04.000Z</time>
        <extensions>
          <ns3:TrackPointExtension>
            <ns3:hr>119</ns3:hr>
            <ns3:cad>55</ns3:cad>
          </ns3:TrackPointExtension>
        </extensions>
      </trkpt>
      <trkpt lat="42.472653687000274658203125" lon="-6.248465068638324737548828125">
        <ele>1045.4000244140625</ele>
        <time>2025-10-06T10:50:12.000Z</time>
        <extensions>
          <ns3:TrackPointExtension>
            <ns3:hr>118</ns3:hr>
            <ns3:cad>56</ns3:cad>
          </ns3:TrackPointExtension>
        </extensions>
      </trkpt>
      <trkpt lat="42.47268478386104106903076171875" lon="-6.24857814051210880279541015625">
        <ele>1046</ele>
        <time>2025-10-06T10:50:19.000Z</time>
        <extensions>
          <ns3:TrackPointExtension>
            <ns3:hr>118</ns3:hr>
            <ns3:cad>57</ns3:cad>
          </ns3:TrackPointExtension>
        </extensions>
      </trkpt>
      <trkpt lat="42.472693584859371185302734375" lon="-6.2486057169735431671142578125">
        <ele>1046.5999755859375</ele>
        <time>2025-10-06T10:50:21.000Z</time>
        <extensions>
          <ns3:TrackPointExtension>
            <ns3:hr>117</ns3:hr>
            <ns3:cad>57</ns3:cad>
          </ns3:TrackPointExtension>
        </extensions>
      </trkpt>
      <trkpt lat="42.47271093539893627166748046875" lon="-6.24869070947170257568359375">
        <ele>1045.5999755859375</ele>
        <time>2025-10-06T10:50:27.000Z</time>
        <extensions>
          <ns3:TrackPointExtension>
            <ns3:hr>114</ns3:hr>
            <ns3:cad>57</ns3:cad>
          </ns3:TrackPointExtension>
        </extensions>
      </trkpt>
      <trkpt lat="42.4727145396173000335693359375" lon="-6.2487049587070941925048828125">
        <ele>1045.5999755859375</ele>
        <time>2025-10-06T10:50:29.000Z</time>
        <extensions>
          <ns3:TrackPointExtension>
            <ns3:hr>114</ns3:hr>
            <ns3:cad>0</ns3:cad>
          </ns3:TrackPointExtension>
        </extensions>
      </trkpt>
      <trkpt lat="42.47274010442197322845458984375" lon="-6.24879891984164714813232421875">
        <ele>1045.4000244140625</ele>
        <time>2025-10-06T10:50:35.000Z</time>
        <extensions>
          <ns3:TrackPointExtension>
            <ns3:hr>114</ns3:hr>
            <ns3:cad>57</ns3:cad>
          </ns3:TrackPointExtension>
        </extensions>
      </trkpt>
      <trkpt lat="42.47277505695819854736328125" lon="-6.24896370805799961090087890625">
        <ele>1045.4000244140625</ele>
        <time>2025-10-06T10:50:45.000Z</time>
        <extensions>
          <ns3:TrackPointExtension>
            <ns3:hr>112</ns3:hr>
            <ns3:cad>58</ns3:cad>
          </ns3:TrackPointExtension>
        </extensions>
      </trkpt>
      <trkpt lat="42.472808249294757843017578125" lon="-6.249094717204570770263671875">
        <ele>1045.4000244140625</ele>
        <time>2025-10-06T10:50:53.000Z</time>
        <extensions>
          <ns3:TrackPointExtension>
            <ns3:hr>111</ns3:hr>
            <ns3:cad>57</ns3:cad>
          </ns3:TrackPointExtension>
        </extensions>
      </trkpt>
      <trkpt lat="42.4728422798216342926025390625" lon="-6.2492573261260986328125">
        <ele>1045.4000244140625</ele>
        <time>2025-10-06T10:51:03.000Z</time>
        <extensions>
          <ns3:TrackPointExtension>
            <ns3:hr>112</ns3:hr>
            <ns3:cad>0</ns3:cad>
          </ns3:TrackPointExtension>
        </extensions>
      </trkpt>
      <trkpt lat="42.472863905131816864013671875" lon="-6.24937090091407299041748046875">
        <ele>1045.5999755859375</ele>
        <time>2025-10-06T10:51:10.000Z</time>
        <extensions>
          <ns3:TrackPointExtension>
            <ns3:hr>111</ns3:hr>
            <ns3:cad>57</ns3:cad>
          </ns3:TrackPointExtension>
        </extensions>
      </trkpt>
      <trkpt lat="42.472902126610279083251953125" lon="-6.2495163269340991973876953125">
        <ele>1045.4000244140625</ele>
        <time>2025-10-06T10:51:19.000Z</time>
        <extensions>
          <ns3:TrackPointExtension>
            <ns3:hr>110</ns3:hr>
            <ns3:cad>59</ns3:cad>
          </ns3:TrackPointExtension>
        </extensions>
      </trkpt>
      <trkpt lat="42.47293867170810699462890625" lon="-6.24967834912240505218505859375">
        <ele>1045.4000244140625</ele>
        <time>2025-10-06T10:51:29.000Z</time>
        <extensions>
          <ns3:TrackPointExtension>
            <ns3:hr>113</ns3:hr>
            <ns3:cad>57</ns3:cad>
          </ns3:TrackPointExtension>
        </extensions>
      </trkpt>
      <trkpt lat="42.47298049740493297576904296875" lon="-6.249829642474651336669921875">
        <ele>1045.5999755859375</ele>
        <time>2025-10-06T10:51:39.000Z</time>
        <extensions>
          <ns3:TrackPointExtension>
            <ns3:hr>113</ns3:hr>
            <ns3:cad>56</ns3:cad>
          </ns3:TrackPointExtension>
        </extensions>
      </trkpt>
      <trkpt lat="42.4730276875197887420654296875" lon="-6.25000993721187114715576171875">
        <ele>1045.800048828125</ele>
        <time>2025-10-06T10:51:50.000Z</time>
        <extensions>
          <ns3:TrackPointExtension>
            <ns3:hr>113</ns3:hr>
            <ns3:cad>58</ns3:cad>
          </ns3:TrackPointExtension>
        </extensions>
      </trkpt>
      <trkpt lat="42.47307085432112216949462890625" lon="-6.25018646009266376495361328125">
        <ele>1046</ele>
        <time>2025-10-06T10:52:01.000Z</time>
        <extensions>
          <ns3:TrackPointExtension>
            <ns3:hr>114</ns3:hr>
            <ns3:cad>56</ns3:cad>
          </ns3:TrackPointExtension>
        </extensions>
      </trkpt>
      <trkpt lat="42.47311075218021869659423828125" lon="-6.2503219954669475555419921875">
        <ele>1046</ele>
        <time>2025-10-06T10:52:10.000Z</time>
        <extensions>
          <ns3:TrackPointExtension>
            <ns3:hr>114</ns3:hr>
            <ns3:cad>56</ns3:cad>
          </ns3:TrackPointExtension>
        </extensions>
      </trkpt>
      <trkpt lat="42.47314930893480777740478515625" lon="-6.2504577822983264923095703125">
        <ele>1046.199951171875</ele>
        <time>2025-10-06T10:52:19.000Z</time>
        <extensions>
          <ns3:TrackPointExtension>
            <ns3:hr>114</ns3:hr>
            <ns3:cad>56</ns3:cad>
          </ns3:TrackPointExtension>
        </extensions>
      </trkpt>
      <trkpt lat="42.47317445464432239532470703125" lon="-6.250539086759090423583984375">
        <ele>1046.4000244140625</ele>
        <time>2025-10-06T10:52:26.000Z</time>
        <extensions>
          <ns3:TrackPointExtension>
            <ns3:hr>114</ns3:hr>
            <ns3:cad>54</ns3:cad>
          </ns3:TrackPointExtension>
        </extensions>
      </trkpt>
      <trkpt lat="42.47321535833179950714111328125" lon="-6.2506198883056640625">
        <ele>1047</ele>
        <time>2025-10-06T10:52:33.000Z</time>
        <extensions>
          <ns3:TrackPointExtension>
            <ns3:hr>114</ns3:hr>
            <ns3:cad>0</ns3:cad>
          </ns3:TrackPointExtension>
        </extensions>
      </trkpt>
      <trkpt lat="42.47326212935149669647216796875" lon="-6.25075508840382099151611328125">
        <ele>1047.5999755859375</ele>
        <time>2025-10-06T10:52:41.000Z</time>
        <extensions>
          <ns3:TrackPointExtension>
            <ns3:hr>115</ns3:hr>
            <ns3:cad>55</ns3:cad>
          </ns3:TrackPointExtension>
        </extensions>
      </trkpt>
      <trkpt lat="42.47332113794982433319091796875" lon="-6.25088450498878955841064453125">
        <ele>1048</ele>
        <time>2025-10-06T10:52:50.000Z</time>
        <extensions>
          <ns3:TrackPointExtension>
            <ns3:hr>116</ns3:hr>
            <ns3:cad>55</ns3:cad>
          </ns3:TrackPointExtension>
        </extensions>
      </trkpt>
      <trkpt lat="42.4733793921768665313720703125" lon="-6.2510181963443756103515625">
        <ele>1048</ele>
        <time>2025-10-06T10:53:00.000Z</time>
        <extensions>
          <ns3:TrackPointExtension>
            <ns3:hr>115</ns3:hr>
            <ns3:cad>53</ns3:cad>
          </ns3:TrackPointExtension>
        </extensions>
      </trkpt>
      <trkpt lat="42.473423145711421966552734375" lon="-6.2511343695223331451416015625">
        <ele>1047.800048828125</ele>
        <time>2025-10-06T10:53:08.000Z</time>
        <extensions>
          <ns3:TrackPointExtension>
            <ns3:hr>118</ns3:hr>
            <ns3:cad>57</ns3:cad>
          </ns3:TrackPointExtension>
        </extensions>
      </trkpt>
      <trkpt lat="42.4734907038509845733642578125" lon="-6.25126034952700138092041015625">
        <ele>1047.4000244140625</ele>
        <time>2025-10-06T10:53:18.000Z</time>
        <extensions>
          <ns3:TrackPointExtension>
            <ns3:hr>117</ns3:hr>
            <ns3:cad>57</ns3:cad>
          </ns3:TrackPointExtension>
        </extensions>
      </trkpt>
      <trkpt lat="42.473544515669345855712890625" lon="-6.2513881735503673553466796875">
        <ele>1047.199951171875</ele>
        <time>2025-10-06T10:53:27.000Z</time>
        <extensions>
          <ns3:TrackPointExtension>
            <ns3:hr>116</ns3:hr>
            <ns3:cad>56</ns3:cad>
          </ns3:TrackPointExtension>
        </extensions>
      </trkpt>
      <trkpt lat="42.4736040271818637847900390625" lon="-6.2515001557767391204833984375">
        <ele>1046.5999755859375</ele>
        <time>2025-10-06T10:53:36.000Z</time>
        <extensions>
          <ns3:TrackPointExtension>
            <ns3:hr>115</ns3:hr>
            <ns3:cad>57</ns3:cad>
          </ns3:TrackPointExtension>
        </extensions>
      </trkpt>
      <trkpt lat="42.47366999275982379913330078125" lon="-6.25161875970661640167236328125">
        <ele>1046.5999755859375</ele>
        <time>2025-10-06T10:53:45.000Z</time>
        <extensions>
          <ns3:TrackPointExtension>
            <ns3:hr>111</ns3:hr>
            <ns3:cad>57</ns3:cad>
          </ns3:TrackPointExtension>
        </extensions>
      </trkpt>
      <trkpt lat="42.47368457727134227752685546875" lon="-6.25164591707289218902587890625">
        <ele>1046.4000244140625</ele>
        <time>2025-10-06T10:53:47.000Z</time>
        <extensions>
          <ns3:TrackPointExtension>
            <ns3:hr>110</ns3:hr>
            <ns3:cad>55</ns3:cad>
          </ns3:TrackPointExtension>
        </extensions>
      </trkpt>
      <trkpt lat="42.47373620979487895965576171875" lon="-6.251754462718963623046875">
        <ele>1046.4000244140625</ele>
        <time>2025-10-06T10:53:55.000Z</time>
        <extensions>
          <ns3:TrackPointExtension>
            <ns3:hr>110</ns3:hr>
            <ns3:cad>55</ns3:cad>
          </ns3:TrackPointExtension>
        </extensions>
      </trkpt>
      <trkpt lat="42.4737988226115703582763671875" lon="-6.25187105499207973480224609375">
        <ele>1046.4000244140625</ele>
        <time>2025-10-06T10:54:04.000Z</time>
        <extensions>
          <ns3:TrackPointExtension>
            <ns3:hr>110</ns3:hr>
            <ns3:cad>56</ns3:cad>
          </ns3:TrackPointExtension>
        </extensions>
      </trkpt>
      <trkpt lat="42.473857663571834564208984375" lon="-6.25197566114366054534912109375">
        <ele>1046.199951171875</ele>
        <time>2025-10-06T10:54:12.000Z</time>
        <extensions>
          <ns3:TrackPointExtension>
            <ns3:hr>110</ns3:hr>
            <ns3:cad>55</ns3:cad>
          </ns3:TrackPointExtension>
        </extensions>
      </trkpt>
      <trkpt lat="42.47391742654144763946533203125" lon="-6.25208127312362194061279296875">
        <ele>1046.199951171875</ele>
        <time>2025-10-06T10:54:21.000Z</time>
        <extensions>
          <ns3:TrackPointExtension>
            <ns3:hr>108</ns3:hr>
            <ns3:cad>0</ns3:cad>
          </ns3:TrackPointExtension>
        </extensions>
      </trkpt>
      <trkpt lat="42.4739969708025455474853515625" lon="-6.2522266991436481475830078125">
        <ele>1046.199951171875</ele>
        <time>2025-10-06T10:54:32.000Z</time>
        <extensions>
          <ns3:TrackPointExtension>
            <ns3:hr>108</ns3:hr>
            <ns3:cad>55</ns3:cad>
          </ns3:TrackPointExtension>
        </extensions>
      </trkpt>
      <trkpt lat="42.474059164524078369140625" lon="-6.2523460574448108673095703125">
        <ele>1046.199951171875</ele>
        <time>2025-10-06T10:54:41.000Z</time>
        <extensions>
          <ns3:TrackPointExtension>
            <ns3:hr>110</ns3:hr>
            <ns3:cad>56</ns3:cad>
          </ns3:TrackPointExtension>
        </extensions>
      </trkpt>
      <trkpt lat="42.4741146527230739593505859375" lon="-6.252472959458827972412109375">
        <ele>1046.199951171875</ele>
        <time>2025-10-06T10:54:51.000Z</time>
        <extensions>
          <ns3:TrackPointExtension>
            <ns3:hr>110</ns3:hr>
            <ns3:cad>56</ns3:cad>
          </ns3:TrackPointExtension>
        </extensions>
      </trkpt>
      <trkpt lat="42.4741615913808345794677734375" lon="-6.2525613047182559967041015625">
        <ele>1046.5999755859375</ele>
        <time>2025-10-06T10:54:58.000Z</time>
        <extensions>
          <ns3:TrackPointExtension>
            <ns3:hr>109</ns3:hr>
            <ns3:cad>54</ns3:cad>
          </ns3:TrackPointExtension>
        </extensions>
      </trkpt>
      <trkpt lat="42.47421314008533954620361328125" lon="-6.2526699341833591461181640625">
        <ele>1046.800048828125</ele>
        <time>2025-10-06T10:55:06.000Z</time>
        <extensions>
          <ns3:TrackPointExtension>
            <ns3:hr>110</ns3:hr>
            <ns3:cad>55</ns3:cad>
          </ns3:TrackPointExtension>
        </extensions>
      </trkpt>
      <trkpt lat="42.47418447397649288177490234375" lon="-6.25277479179203510284423828125">
        <ele>1046.800048828125</ele>
        <time>2025-10-06T10:55:13.000Z</time>
        <extensions>
          <ns3:TrackPointExtension>
            <ns3:hr>112</ns3:hr>
            <ns3:cad>55</ns3:cad>
          </ns3:TrackPointExtension>
        </extensions>
      </trkpt>
      <trkpt lat="42.47413518838584423065185546875" lon="-6.252888701856136322021484375">
        <ele>1046</ele>
        <time>2025-10-06T10:55:22.000Z</time>
        <extensions>
          <ns3:TrackPointExtension>
            <ns3:hr>113</ns3:hr>
            <ns3:cad>56</ns3:cad>
          </ns3:TrackPointExtension>
        </extensions>
      </trkpt>
      <trkpt lat="42.4741337634623050689697265625" lon="-6.25290286727249622344970703125">
        <ele>1046</ele>
        <time>2025-10-06T10:55:23.000Z</time>
        <extensions>
          <ns3:TrackPointExtension>
            <ns3:hr>113</ns3:hr>
            <ns3:cad>56</ns3:cad>
          </ns3:TrackPointExtension>
        </extensions>
      </trkpt>
      <trkpt lat="42.47415228746831417083740234375" lon="-6.2530357204377651214599609375">
        <ele>1046.199951171875</ele>
        <time>2025-10-06T10:55:31.000Z</time>
        <extensions>
          <ns3:TrackPointExtension>
            <ns3:hr>112</ns3:hr>
            <ns3:cad>56</ns3:cad>
          </ns3:TrackPointExtension>
        </extensions>
      </trkpt>
      <trkpt lat="42.4741733260452747344970703125" lon="-6.2531232275068759918212890625">
        <ele>1046.199951171875</ele>
        <time>2025-10-06T10:55:38.000Z</time>
        <extensions>
          <ns3:TrackPointExtension>
            <ns3:hr>112</ns3:hr>
            <ns3:cad>53</ns3:cad>
          </ns3:TrackPointExtension>
        </extensions>
      </trkpt>
      <trkpt lat="42.47418011538684368133544921875" lon="-6.25323663465678691864013671875">
        <ele>1045.800048828125</ele>
        <time>2025-10-06T10:55:46.000Z</time>
        <extensions>
          <ns3:TrackPointExtension>
            <ns3:hr>112</ns3:hr>
            <ns3:cad>54</ns3:cad>
          </ns3:TrackPointExtension>
        </extensions>
      </trkpt>
      <trkpt lat="42.4741719849407672882080078125" lon="-6.2533582560718059539794921875">
        <ele>1045.4000244140625</ele>
        <time>2025-10-06T10:55:53.000Z</time>
        <extensions>
          <ns3:TrackPointExtension>
            <ns3:hr>111</ns3:hr>
            <ns3:cad>53</ns3:cad>
          </ns3:TrackPointExtension>
        </extensions>
      </trkpt>
      <trkpt lat="42.4741770140826702117919921875" lon="-6.25344090163707733154296875">
        <ele>1045.5999755859375</ele>
        <time>2025-10-06T10:55:59.000Z</time>
        <extensions>
          <ns3:TrackPointExtension>
            <ns3:hr>108</ns3:hr>
            <ns3:cad>0</ns3:cad>
          </ns3:TrackPointExtension>
        </extensions>
      </trkpt>
      <trkpt lat="42.47417123056948184967041015625" lon="-6.2534725852310657501220703125">
        <ele>1045.199951171875</ele>
        <time>2025-10-06T10:56:01.000Z</time>
        <extensions>
          <ns3:TrackPointExtension>
            <ns3:hr>108</ns3:hr>
            <ns3:cad>0</ns3:cad>
          </ns3:TrackPointExtension>
        </extensions>
      </trkpt>
      <trkpt lat="42.47416938655078411102294921875" lon="-6.2534893490374088287353515625">
        <ele>1044.800048828125</ele>
        <time>2025-10-06T10:56:02.000Z</time>
        <extensions>
          <ns3:TrackPointExtension>
            <ns3:hr>108</ns3:hr>
            <ns3:cad>0</ns3:cad>
          </ns3:TrackPointExtension>
        </extensions>
      </trkpt>
      <trkpt lat="42.47415128163993358612060546875" lon="-6.25363544560968875885009765625">
        <ele>1044.800048828125</ele>
        <time>2025-10-06T10:56:11.000Z</time>
        <extensions>
          <ns3:TrackPointExtension>
            <ns3:hr>107</ns3:hr>
            <ns3:cad>55</ns3:cad>
          </ns3:TrackPointExtension>
        </extensions>
      </trkpt>
      <trkpt lat="42.47414524666965007781982421875" lon="-6.25378162600100040435791015625">
        <ele>1045.5999755859375</ele>
        <time>2025-10-06T10:56:20.000Z</time>
        <extensions>
          <ns3:TrackPointExtension>
            <ns3:hr>106</ns3:hr>
            <ns3:cad>57</ns3:cad>
          </ns3:TrackPointExtension>
        </extensions>
      </trkpt>
      <trkpt lat="42.47413736768066883087158203125" lon="-6.25383309088647365570068359375">
        <ele>1045.800048828125</ele>
        <time>2025-10-06T10:56:23.000Z</time>
        <extensions>
          <ns3:TrackPointExtension>
            <ns3:hr>106</ns3:hr>
            <ns3:cad>59</ns3:cad>
          </ns3:TrackPointExtension>
        </extensions>
      </trkpt>
      <trkpt lat="42.47414206154644489288330078125" lon="-6.25395764596760272979736328125">
        <ele>1045.5999755859375</ele>
        <time>2025-10-06T10:56:30.000Z</time>
        <extensions>
          <ns3:TrackPointExtension>
            <ns3:hr>108</ns3:hr>
            <ns3:cad>56</ns3:cad>
          </ns3:TrackPointExtension>
        </extensions>
      </trkpt>
      <trkpt lat="42.4741404689848423004150390625" lon="-6.2540371902287006378173828125">
        <ele>1045.5999755859375</ele>
        <time>2025-10-06T10:56:35.000Z</time>
        <extensions>
          <ns3:TrackPointExtension>
            <ns3:hr>111</ns3:hr>
            <ns3:cad>57</ns3:cad>
          </ns3:TrackPointExtension>
        </extensions>
      </trkpt>
      <trkpt lat="42.47414759360253810882568359375" lon="-6.2541241943836212158203125">
        <ele>1045.800048828125</ele>
        <time>2025-10-06T10:56:40.000Z</time>
        <extensions>
          <ns3:TrackPointExtension>
            <ns3:hr>112</ns3:hr>
            <ns3:cad>56</ns3:cad>
          </ns3:TrackPointExtension>
        </extensions>
      </trkpt>
      <trkpt lat="42.47416234575212001800537109375" lon="-6.25428319908678531646728515625">
        <ele>1045.4000244140625</ele>
        <time>2025-10-06T10:56:49.000Z</time>
        <extensions>
          <ns3:TrackPointExtension>
            <ns3:hr>112</ns3:hr>
            <ns3:cad>57</ns3:cad>
          </ns3:TrackPointExtension>
        </extensions>
      </trkpt>
      <trkpt lat="42.47422923333942890167236328125" lon="-6.254399456083774566650390625">
        <ele>1045</ele>
        <time>2025-10-06T10:56:58.000Z</time>
        <extensions>
          <ns3:TrackPointExtension>
            <ns3:hr>110</ns3:hr>
            <ns3:cad>62</ns3:cad>
          </ns3:TrackPointExtension>
        </extensions>
      </trkpt>
      <trkpt lat="42.47423929162323474884033203125" lon="-6.25440926291048526763916015625">
        <ele>1044.800048828125</ele>
        <time>2025-10-06T10:56:59.000Z</time>
        <extensions>
          <ns3:TrackPointExtension>
            <ns3:hr>110</ns3:hr>
            <ns3:cad>62</ns3:cad>
          </ns3:TrackPointExtension>
        </extensions>
      </trkpt>
      <trkpt lat="42.4743394553661346435546875" lon="-6.25450733117759227752685546875">
        <ele>1044.4000244140625</ele>
        <time>2025-10-06T10:57:09.000Z</time>
        <extensions>
          <ns3:TrackPointExtension>
            <ns3:hr>112</ns3:hr>
            <ns3:cad>55</ns3:cad>
          </ns3:TrackPointExtension>
        </extensions>
      </trkpt>
      <trkpt lat="42.4744221009314060211181640625" lon="-6.2545897252857685089111328125">
        <ele>1045.800048828125</ele>
        <time>2025-10-06T10:57:18.000Z</time>
        <extensions>
          <ns3:TrackPointExtension>
            <ns3:hr>110</ns3:hr>
            <ns3:cad>54</ns3:cad>
          </ns3:TrackPointExtension>
        </extensions>
      </trkpt>
      <trkpt lat="42.47443073429167270660400390625" lon="-6.2545989453792572021484375">
        <ele>1045.800048828125</ele>
        <time>2025-10-06T10:57:19.000Z</time>
        <extensions>
          <ns3:TrackPointExtension>
            <ns3:hr>110</ns3:hr>
            <ns3:cad>54</ns3:cad>
          </ns3:TrackPointExtension>
        </extensions>
      </trkpt>
      <trkpt lat="42.47447700239717960357666015625" lon="-6.25467128120362758636474609375">
        <ele>1047</ele>
        <time>2025-10-06T10:57:26.000Z</time>
        <extensions>
          <ns3:TrackPointExtension>
            <ns3:hr>113</ns3:hr>
            <ns3:cad>52</ns3:cad>
          </ns3:TrackPointExtension>
        </extensions>
      </trkpt>
      <trkpt lat="42.47447851113975048065185546875" lon="-6.2546862848103046417236328125">
        <ele>1047</ele>
        <time>2025-10-06T10:57:27.000Z</time>
        <extensions>
          <ns3:TrackPointExtension>
            <ns3:hr>114</ns3:hr>
            <ns3:cad>52</ns3:cad>
          </ns3:TrackPointExtension>
        </extensions>
      </trkpt>
      <trkpt lat="42.47449326328933238983154296875" lon="-6.2547298707067966461181640625">
        <ele>1048.199951171875</ele>
        <time>2025-10-06T10:57:31.000Z</time>
        <extensions>
          <ns3:TrackPointExtension>
            <ns3:hr>117</ns3:hr>
            <ns3:cad>49</ns3:cad>
          </ns3:TrackPointExtension>
        </extensions>
      </trkpt>
      <trkpt lat="42.47451907955110073089599609375" lon="-6.25477689318358898162841796875">
        <ele>1049</ele>
        <time>2025-10-06T10:57:35.000Z</time>
        <extensions>
          <ns3:TrackPointExtension>
            <ns3:hr>119</ns3:hr>
            <ns3:cad>47</ns3:cad>
          </ns3:TrackPointExtension>
        </extensions>
      </trkpt>
      <trkpt lat="42.47452628798782825469970703125" lon="-6.2547868676483631134033203125">
        <ele>1049.199951171875</ele>
        <time>2025-10-06T10:57:36.000Z</time>
        <extensions>
          <ns3:TrackPointExtension>
            <ns3:hr>120</ns3:hr>
            <ns3:cad>47</ns3:cad>
          </ns3:TrackPointExtension>
        </extensions>
      </trkpt>
      <trkpt lat="42.47458613477647304534912109375" lon="-6.25484311021864414215087890625">
        <ele>1050</ele>
        <time>2025-10-06T10:57:42.000Z</time>
        <extensions>
          <ns3:TrackPointExtension>
            <ns3:hr>123</ns3:hr>
            <ns3:cad>51</ns3:cad>
          </ns3:TrackPointExtension>
        </extensions>
      </trkpt>
      <trkpt lat="42.47459535486996173858642578125" lon="-6.2548512406647205352783203125">
        <ele>1050.199951171875</ele>
        <time>2025-10-06T10:57:43.000Z</time>
        <extensions>
          <ns3:TrackPointExtension>
            <ns3:hr>125</ns3:hr>
            <ns3:cad>51</ns3:cad>
          </ns3:TrackPointExtension>
        </extensions>
      </trkpt>
      <trkpt lat="42.47460474260151386260986328125" lon="-6.254858784377574920654296875">
        <ele>1050.199951171875</ele>
        <time>2025-10-06T10:57:44.000Z</time>
        <extensions>
          <ns3:TrackPointExtension>
            <ns3:hr>128</ns3:hr>
            <ns3:cad>51</ns3:cad>
          </ns3:TrackPointExtension>
        </extensions>
      </trkpt>
      <trkpt lat="42.47466190718114376068115234375" lon="-6.2549132667481899261474609375">
        <ele>1051.199951171875</ele>
        <time>2025-10-06T10:57:50.000Z</time>
        <extensions>
          <ns3:TrackPointExtension>
            <ns3:hr>129</ns3:hr>
            <ns3:cad>51</ns3:cad>
          </ns3:TrackPointExtension>
        </extensions>
      </trkpt>
      <trkpt lat="42.47466760687530040740966796875" lon="-6.25492022372782230377197265625">
        <ele>1051.199951171875</ele>
        <time>2025-10-06T10:57:51.000Z</time>
        <extensions>
          <ns3:TrackPointExtension>
            <ns3:hr>129</ns3:hr>
            <ns3:cad>51</ns3:cad>
          </ns3:TrackPointExtension>
        </extensions>
      </trkpt>
      <trkpt lat="42.47472510673105716705322265625" lon="-6.2549964152276515960693359375">
        <ele>1052.199951171875</ele>
        <time>2025-10-06T10:57:58.000Z</time>
        <extensions>
          <ns3:TrackPointExtension>
            <ns3:hr>130</ns3:hr>
            <ns3:cad>53</ns3:cad>
          </ns3:TrackPointExtension>
        </extensions>
      </trkpt>
      <trkpt lat="42.4747900664806365966796875" lon="-6.25512105412781238555908203125">
        <ele>1053.199951171875</ele>
        <time>2025-10-06T10:58:07.000Z</time>
        <extensions>
          <ns3:TrackPointExtension>
            <ns3:hr>129</ns3:hr>
            <ns3:cad>53</ns3:cad>
          </ns3:TrackPointExtension>
        </extensions>
      </trkpt>
      <trkpt lat="42.4748442135751247406005859375" lon="-6.25522716902196407318115234375">
        <ele>1054.199951171875</ele>
        <time>2025-10-06T10:58:15.000Z</time>
        <extensions>
          <ns3:TrackPointExtension>
            <ns3:hr>130</ns3:hr>
            <ns3:cad>0</ns3:cad>
          </ns3:TrackPointExtension>
        </extensions>
      </trkpt>
      <trkpt lat="42.47485502623021602630615234375" lon="-6.2552461959421634674072265625">
        <ele>1054.4000244140625</ele>
        <time>2025-10-06T10:58:17.000Z</time>
        <extensions>
          <ns3:TrackPointExtension>
            <ns3:hr>134</ns3:hr>
            <ns3:cad>0</ns3:cad>
          </ns3:TrackPointExtension>
        </extensions>
      </trkpt>
      <trkpt lat="42.47486877255141735076904296875" lon="-6.25526656396687030792236328125">
        <ele>1054.5999755859375</ele>
        <time>2025-10-06T10:58:19.000Z</time>
        <extensions>
          <ns3:TrackPointExtension>
            <ns3:hr>137</ns3:hr>
            <ns3:cad>0</ns3:cad>
          </ns3:TrackPointExtension>
        </extensions>
      </trkpt>
      <trkpt lat="42.4748961813747882843017578125" lon="-6.255305372178554534912109375">
        <ele>1054.800048828125</ele>
        <time>2025-10-06T10:58:22.000Z</time>
        <extensions>
          <ns3:TrackPointExtension>
            <ns3:hr>136</ns3:hr>
            <ns3:cad>53</ns3:cad>
          </ns3:TrackPointExtension>
        </extensions>
      </trkpt>
      <trkpt lat="42.47492124326527118682861328125" lon="-6.2553347088396549224853515625">
        <ele>1055.4000244140625</ele>
        <time>2025-10-06T10:58:27.000Z</time>
        <extensions>
          <ns3:TrackPointExtension>
            <ns3:hr>137</ns3:hr>
            <ns3:cad>0</ns3:cad>
          </ns3:TrackPointExtension>
        </extensions>
      </trkpt>
      <trkpt lat="42.4749132804572582244873046875" lon="-6.2553286738693714141845703125">
        <ele>1055.5999755859375</ele>
        <time>2025-10-06T10:58:39.000Z</time>
        <extensions>
          <ns3:TrackPointExtension>
            <ns3:hr>138</ns3:hr>
            <ns3:cad>0</ns3:cad>
          </ns3:TrackPointExtension>
        </extensions>
      </trkpt>
      <trkpt lat="42.47494135983288288116455078125" lon="-6.255422718822956085205078125">
        <ele>1056</ele>
        <time>2025-10-06T10:58:47.000Z</time>
        <extensions>
          <ns3:TrackPointExtension>
            <ns3:hr>138</ns3:hr>
            <ns3:cad>107</ns3:cad>
          </ns3:TrackPointExtension>
        </extensions>
      </trkpt>
      <trkpt lat="42.47496164403855800628662109375" lon="-6.25547594390809535980224609375">
        <ele>1056.4000244140625</ele>
        <time>2025-10-06T10:58:51.000Z</time>
        <extensions>
          <ns3:TrackPointExtension>
            <ns3:hr>137</ns3:hr>
            <ns3:cad>53</ns3:cad>
          </ns3:TrackPointExtension>
        </extensions>
      </trkpt>
      <trkpt lat="42.47497715055942535400390625" lon="-6.25555959530174732208251953125">
        <ele>1057.199951171875</ele>
        <time>2025-10-06T10:58:57.000Z</time>
        <extensions>
          <ns3:TrackPointExtension>
            <ns3:hr>134</ns3:hr>
            <ns3:cad>53</ns3:cad>
          </ns3:TrackPointExtension>
        </extensions>
      </trkpt>
      <trkpt lat="42.47497958131134510040283203125" lon="-6.2555754370987415313720703125">
        <ele>1057.199951171875</ele>
        <time>2025-10-06T10:58:58.000Z</time>
        <extensions>
          <ns3:TrackPointExtension>
            <ns3:hr>133</ns3:hr>
            <ns3:cad>53</ns3:cad>
          </ns3:TrackPointExtension>
        </extensions>
      </trkpt>
      <trkpt lat="42.47498326934874057769775390625" lon="-6.25558893196284770965576171875">
        <ele>1057.199951171875</ele>
        <time>2025-10-06T10:58:59.000Z</time>
        <extensions>
          <ns3:TrackPointExtension>
            <ns3:hr>130</ns3:hr>
            <ns3:cad>53</ns3:cad>
          </ns3:TrackPointExtension>
        </extensions>
      </trkpt>
      <trkpt lat="42.47499131597578525543212890625" lon="-6.25561349093914031982421875">
        <ele>1057.199951171875</ele>
        <time>2025-10-06T10:59:01.000Z</time>
        <extensions>
          <ns3:TrackPointExtension>
            <ns3:hr>126</ns3:hr>
            <ns3:cad>53</ns3:cad>
          </ns3:TrackPointExtension>
        </extensions>
      </trkpt>
      <trkpt lat="42.474997937679290771484375" lon="-6.25563704408705234527587890625">
        <ele>1057.5999755859375</ele>
        <time>2025-10-06T10:59:03.000Z</time>
        <extensions>
          <ns3:TrackPointExtension>
            <ns3:hr>126</ns3:hr>
            <ns3:cad>53</ns3:cad>
          </ns3:TrackPointExtension>
        </extensions>
      </trkpt>
      <trkpt lat="42.47501210309565067291259765625" lon="-6.25568079762160778045654296875">
        <ele>1058</ele>
        <time>2025-10-06T10:59:07.000Z</time>
        <extensions>
          <ns3:TrackPointExtension>
            <ns3:hr>126</ns3:hr>
            <ns3:cad>53</ns3:cad>
          </ns3:TrackPointExtension>
        </extensions>
      </trkpt>
      <trkpt lat="42.475045882165431976318359375" lon="-6.25577903352677822113037109375">
        <ele>1058.5999755859375</ele>
        <time>2025-10-06T10:59:14.000Z</time>
        <extensions>
          <ns3:TrackPointExtension>
            <ns3:hr>125</ns3:hr>
            <ns3:cad>54</ns3:cad>
          </ns3:TrackPointExtension>
        </extensions>
      </trkpt>
      <trkpt lat="42.47505937702953815460205078125" lon="-6.25581088475883007049560546875">
        <ele>1058.800048828125</ele>
        <time>2025-10-06T10:59:16.000Z</time>
        <extensions>
          <ns3:TrackPointExtension>
            <ns3:hr>126</ns3:hr>
            <ns3:cad>54</ns3:cad>
          </ns3:TrackPointExtension>
        </extensions>
      </trkpt>
      <trkpt lat="42.47510028071701526641845703125" lon="-6.25593879260122776031494140625">
        <ele>1059.4000244140625</ele>
        <time>2025-10-06T10:59:25.000Z</time>
        <extensions>
          <ns3:TrackPointExtension>
            <ns3:hr>125</ns3:hr>
            <ns3:cad>53</ns3:cad>
          </ns3:TrackPointExtension>
        </extensions>
      </trkpt>
      <trkpt lat="42.47510732151567935943603515625" lon="-6.25596611760556697845458984375">
        <ele>1059.5999755859375</ele>
        <time>2025-10-06T10:59:27.000Z</time>
        <extensions>
          <ns3:TrackPointExtension>
            <ns3:hr>125</ns3:hr>
            <ns3:cad>53</ns3:cad>
          </ns3:TrackPointExtension>
        </extensions>
      </trkpt>
      <trkpt lat="42.47512609697878360748291015625" lon="-6.256069131195545196533203125">
        <ele>1060.199951171875</ele>
        <time>2025-10-06T10:59:34.000Z</time>
        <extensions>
          <ns3:TrackPointExtension>
            <ns3:hr>125</ns3:hr>
            <ns3:cad>52</ns3:cad>
          </ns3:TrackPointExtension>
        </extensions>
      </trkpt>
      <trkpt lat="42.47513917274773120880126953125" lon="-6.25614549033343791961669921875">
        <ele>1060.800048828125</ele>
        <time>2025-10-06T10:59:39.000Z</time>
        <extensions>
          <ns3:TrackPointExtension>
            <ns3:hr>124</ns3:hr>
            <ns3:cad>52</ns3:cad>
          </ns3:TrackPointExtension>
        </extensions>
      </trkpt>
      <trkpt lat="42.4751419387757778167724609375" lon="-6.25617432408034801483154296875">
        <ele>1060.800048828125</ele>
        <time>2025-10-06T10:59:41.000Z</time>
        <extensions>
          <ns3:TrackPointExtension>
            <ns3:hr>124</ns3:hr>
            <ns3:cad>53</ns3:cad>
          </ns3:TrackPointExtension>
        </extensions>
      </trkpt>
      <trkpt lat="42.4751436151564121246337890625" lon="-6.256299130618572235107421875">
        <ele>1061.5999755859375</ele>
        <time>2025-10-06T10:59:49.000Z</time>
        <extensions>
          <ns3:TrackPointExtension>
            <ns3:hr>123</ns3:hr>
            <ns3:cad>52</ns3:cad>
          </ns3:TrackPointExtension>
        </extensions>
      </trkpt>
      <trkpt lat="42.4751436151564121246337890625" lon="-6.2563130445778369903564453125">
        <ele>1061.800048828125</ele>
        <time>2025-10-06T10:59:50.000Z</time>
        <extensions>
          <ns3:TrackPointExtension>
            <ns3:hr>123</ns3:hr>
            <ns3:cad>52</ns3:cad>
          </ns3:TrackPointExtension>
        </extensions>
      </trkpt>
      <trkpt lat="42.475155852735042572021484375" lon="-6.2564102746546268463134765625">
        <ele>1062.4000244140625</ele>
        <time>2025-10-06T10:59:57.000Z</time>
        <extensions>
          <ns3:TrackPointExtension>
            <ns3:hr>124</ns3:hr>
            <ns3:cad>53</ns3:cad>
          </ns3:TrackPointExtension>
        </extensions>
      </trkpt>
      <trkpt lat="42.4751744605600833892822265625" lon="-6.25652083195745944976806640625">
        <ele>1063</ele>
        <time>2025-10-06T11:00:04.000Z</time>
        <extensions>
          <ns3:TrackPointExtension>
            <ns3:hr>124</ns3:hr>
            <ns3:cad>52</ns3:cad>
          </ns3:TrackPointExtension>
        </extensions>
      </trkpt>
      <trkpt lat="42.4751768074929714202880859375" lon="-6.25653793103992938995361328125">
        <ele>1063</ele>
        <time>2025-10-06T11:00:05.000Z</time>
        <extensions>
          <ns3:TrackPointExtension>
            <ns3:hr>124</ns3:hr>
            <ns3:cad>52</ns3:cad>
          </ns3:TrackPointExtension>
        </extensions>
      </trkpt>
      <trkpt lat="42.4751950800418853759765625" lon="-6.25664890743792057037353515625">
        <ele>1063.5999755859375</ele>
        <time>2025-10-06T11:00:13.000Z</time>
        <extensions>
          <ns3:TrackPointExtension>
            <ns3:hr>125</ns3:hr>
            <ns3:cad>51</ns3:cad>
          </ns3:TrackPointExtension>
        </extensions>
      </trkpt>
      <trkpt lat="42.475203461945056915283203125" lon="-6.2566714547574520111083984375">
        <ele>1064</ele>
        <time>2025-10-06T11:00:15.000Z</time>
        <extensions>
          <ns3:TrackPointExtension>
            <ns3:hr>126</ns3:hr>
            <ns3:cad>50</ns3:cad>
          </ns3:TrackPointExtension>
        </extensions>
      </trkpt>
      <trkpt lat="42.47521720826625823974609375" lon="-6.256694756448268890380859375">
        <ele>1064.199951171875</ele>
        <time>2025-10-06T11:00:17.000Z</time>
        <extensions>
          <ns3:TrackPointExtension>
            <ns3:hr>129</ns3:hr>
            <ns3:cad>51</ns3:cad>
          </ns3:TrackPointExtension>
        </extensions>
      </trkpt>
      <trkpt lat="42.4752374924719333648681640625" lon="-6.2567240931093692779541015625">
        <ele>1064.5999755859375</ele>
        <time>2025-10-06T11:00:20.000Z</time>
        <extensions>
          <ns3:TrackPointExtension>
            <ns3:hr>132</ns3:hr>
            <ns3:cad>50</ns3:cad>
          </ns3:TrackPointExtension>
        </extensions>
      </trkpt>
      <trkpt lat="42.47525920160114765167236328125" lon="-6.2567666731774806976318359375">
        <ele>1065</ele>
        <time>2025-10-06T11:00:23.000Z</time>
        <extensions>
          <ns3:TrackPointExtension>
            <ns3:hr>132</ns3:hr>
            <ns3:cad>50</ns3:cad>
          </ns3:TrackPointExtension>
        </extensions>
      </trkpt>
      <trkpt lat="42.47527613304555416107177734375" lon="-6.25682559795677661895751953125">
        <ele>1065.4000244140625</ele>
        <time>2025-10-06T11:00:28.000Z</time>
        <extensions>
          <ns3:TrackPointExtension>
            <ns3:hr>132</ns3:hr>
            <ns3:cad>51</ns3:cad>
          </ns3:TrackPointExtension>
        </extensions>
      </trkpt>
      <trkpt lat="42.47527881525456905364990234375" lon="-6.25692768953740596771240234375">
        <ele>1066</ele>
        <time>2025-10-06T11:00:35.000Z</time>
        <extensions>
          <ns3:TrackPointExtension>
            <ns3:hr>132</ns3:hr>
            <ns3:cad>50</ns3:cad>
          </ns3:TrackPointExtension>
        </extensions>
      </trkpt>
      <trkpt lat="42.4752783961594104766845703125" lon="-6.25694260932505130767822265625">
        <ele>1066.199951171875</ele>
        <time>2025-10-06T11:00:36.000Z</time>
        <extensions>
          <ns3:TrackPointExtension>
            <ns3:hr>131</ns3:hr>
            <ns3:cad>50</ns3:cad>
          </ns3:TrackPointExtension>
        </extensions>
      </trkpt>
      <trkpt lat="42.475294657051563262939453125" lon="-6.25703011639416217803955078125">
        <ele>1066.800048828125</ele>
        <time>2025-10-06T11:00:43.000Z</time>
        <extensions>
          <ns3:TrackPointExtension>
            <ns3:hr>132</ns3:hr>
            <ns3:cad>0</ns3:cad>
          </ns3:TrackPointExtension>
        </extensions>
      </trkpt>
      <trkpt lat="42.47531033121049404144287109375" lon="-6.25706448219716548919677734375">
        <ele>1067.199951171875</ele>
        <time>2025-10-06T11:00:46.000Z</time>
        <extensions>
          <ns3:TrackPointExtension>
            <ns3:hr>132</ns3:hr>
            <ns3:cad>49</ns3:cad>
          </ns3:TrackPointExtension>
        </extensions>
      </trkpt>
      <trkpt lat="42.47533396817743778228759765625" lon="-6.2571163661777973175048828125">
        <ele>1067.800048828125</ele>
        <time>2025-10-06T11:00:51.000Z</time>
        <extensions>
          <ns3:TrackPointExtension>
            <ns3:hr>133</ns3:hr>
            <ns3:cad>0</ns3:cad>
          </ns3:TrackPointExtension>
        </extensions>
      </trkpt>
      <trkpt lat="42.47536447830498218536376953125" lon="-6.25716741196811199188232421875">
        <ele>1068.199951171875</ele>
        <time>2025-10-06T11:00:56.000Z</time>
        <extensions>
          <ns3:TrackPointExtension>
            <ns3:hr>134</ns3:hr>
            <ns3:cad>47</ns3:cad>
          </ns3:TrackPointExtension>
        </extensions>
      </trkpt>
      <trkpt lat="42.47538895346224308013916015625" lon="-6.25720135867595672607421875">
        <ele>1068.800048828125</ele>
        <time>2025-10-06T11:01:00.000Z</time>
        <extensions>
          <ns3:TrackPointExtension>
            <ns3:hr>135</ns3:hr>
            <ns3:cad>48</ns3:cad>
          </ns3:TrackPointExtension>
        </extensions>
      </trkpt>
      <trkpt lat="42.4754071421921253204345703125" lon="-6.25722474418580532073974609375">
        <ele>1069.199951171875</ele>
        <time>2025-10-06T11:01:03.000Z</time>
        <extensions>
          <ns3:TrackPointExtension>
            <ns3:hr>134</ns3:hr>
            <ns3:cad>47</ns3:cad>
          </ns3:TrackPointExtension>
        </extensions>
      </trkpt>
      <trkpt lat="42.4754353053867816925048828125" lon="-6.25726128928363323211669921875">
        <ele>1069.800048828125</ele>
        <time>2025-10-06T11:01:07.000Z</time>
        <extensions>
          <ns3:TrackPointExtension>
            <ns3:hr>135</ns3:hr>
            <ns3:cad>47</ns3:cad>
          </ns3:TrackPointExtension>
        </extensions>
      </trkpt>
      <trkpt lat="42.47545248828828334808349609375" lon="-6.25729230232536792755126953125">
        <ele>1070.199951171875</ele>
        <time>2025-10-06T11:01:10.000Z</time>
        <extensions>
          <ns3:TrackPointExtension>
            <ns3:hr>139</ns3:hr>
            <ns3:cad>0</ns3:cad>
          </ns3:TrackPointExtension>
        </extensions>
      </trkpt>
      <trkpt lat="42.47545802034437656402587890625" lon="-6.2573051266372203826904296875">
        <ele>1070.4000244140625</ele>
        <time>2025-10-06T11:01:11.000Z</time>
        <extensions>
          <ns3:TrackPointExtension>
            <ns3:hr>140</ns3:hr>
            <ns3:cad>0</ns3:cad>
          </ns3:TrackPointExtension>
        </extensions>
      </trkpt>
      <trkpt lat="42.4754852615296840667724609375" lon="-6.257369332015514373779296875">
        <ele>1071.199951171875</ele>
        <time>2025-10-06T11:01:17.000Z</time>
        <extensions>
          <ns3:TrackPointExtension>
            <ns3:hr>140</ns3:hr>
            <ns3:cad>51</ns3:cad>
          </ns3:TrackPointExtension>
        </extensions>
      </trkpt>
      <trkpt lat="42.4755251593887805938720703125" lon="-6.25744451768696308135986328125">
        <ele>1071.4000244140625</ele>
        <time>2025-10-06T11:01:24.000Z</time>
        <extensions>
          <ns3:TrackPointExtension>
            <ns3:hr>141</ns3:hr>
            <ns3:cad>50</ns3:cad>
          </ns3:TrackPointExtension>
        </extensions>
      </trkpt>
      <trkpt lat="42.47553932480514049530029296875" lon="-6.25746823847293853759765625">
        <ele>1071.5999755859375</ele>
        <time>2025-10-06T11:01:26.000Z</time>
        <extensions>
          <ns3:TrackPointExtension>
            <ns3:hr>140</ns3:hr>
            <ns3:cad>50</ns3:cad>
          </ns3:TrackPointExtension>
        </extensions>
      </trkpt>
      <trkpt lat="42.47557285241782665252685546875" lon="-6.2575522251427173614501953125">
        <ele>1072</ele>
        <time>2025-10-06T11:01:33.000Z</time>
        <extensions>
          <ns3:TrackPointExtension>
            <ns3:hr>140</ns3:hr>
            <ns3:cad>50</ns3:cad>
          </ns3:TrackPointExtension>
        </extensions>
      </trkpt>
      <trkpt lat="42.47559447772800922393798828125" lon="-6.25759690068662166595458984375">
        <ele>1072.4000244140625</ele>
        <time>2025-10-06T11:01:37.000Z</time>
        <extensions>
          <ns3:TrackPointExtension>
            <ns3:hr>139</ns3:hr>
            <ns3:cad>50</ns3:cad>
          </ns3:TrackPointExtension>
        </extensions>
      </trkpt>
      <trkpt lat="42.47561694122850894927978515625" lon="-6.25763763673603534698486328125">
        <ele>1072.5999755859375</ele>
        <time>2025-10-06T11:01:40.000Z</time>
        <extensions>
          <ns3:TrackPointExtension>
            <ns3:hr>138</ns3:hr>
            <ns3:cad>51</ns3:cad>
          </ns3:TrackPointExtension>
        </extensions>
      </trkpt>
      <trkpt lat="42.475672848522663116455078125" lon="-6.25772128812968730926513671875">
        <ele>1073</ele>
        <time>2025-10-06T11:01:47.000Z</time>
        <extensions>
          <ns3:TrackPointExtension>
            <ns3:hr>136</ns3:hr>
            <ns3:cad>53</ns3:cad>
          </ns3:TrackPointExtension>
        </extensions>
      </trkpt>
      <trkpt lat="42.475728504359722137451171875" lon="-6.2578229606151580810546875">
        <ele>1073.4000244140625</ele>
        <time>2025-10-06T11:01:55.000Z</time>
        <extensions>
          <ns3:TrackPointExtension>
            <ns3:hr>135</ns3:hr>
            <ns3:cad>53</ns3:cad>
          </ns3:TrackPointExtension>
        </extensions>
      </trkpt>
      <trkpt lat="42.47573512606322765350341796875" lon="-6.2578368745744228363037109375">
        <ele>1073.5999755859375</ele>
        <time>2025-10-06T11:01:56.000Z</time>
        <extensions>
          <ns3:TrackPointExtension>
            <ns3:hr>135</ns3:hr>
            <ns3:cad>53</ns3:cad>
          </ns3:TrackPointExtension>
        </extensions>
      </trkpt>
      <trkpt lat="42.4757719226181507110595703125" lon="-6.2579253874719142913818359375">
        <ele>1073.800048828125</ele>
        <time>2025-10-06T11:02:04.000Z</time>
        <extensions>
          <ns3:TrackPointExtension>
            <ns3:hr>135</ns3:hr>
            <ns3:cad>49</ns3:cad>
          </ns3:TrackPointExtension>
        </extensions>
      </trkpt>
      <trkpt lat="42.47580972500145435333251953125" lon="-6.25803150236606597900390625">
        <ele>1074.4000244140625</ele>
        <time>2025-10-06T11:02:13.000Z</time>
        <extensions>
          <ns3:TrackPointExtension>
            <ns3:hr>134</ns3:hr>
            <ns3:cad>48</ns3:cad>
          </ns3:TrackPointExtension>
        </extensions>
      </trkpt>
      <trkpt lat="42.47585297562181949615478515625" lon="-6.25811330974102020263671875">
        <ele>1075.199951171875</ele>
        <time>2025-10-06T11:02:22.000Z</time>
        <extensions>
          <ns3:TrackPointExtension>
            <ns3:hr>135</ns3:hr>
            <ns3:cad>45</ns3:cad>
          </ns3:TrackPointExtension>
        </extensions>
      </trkpt>
      <trkpt lat="42.4758634530007839202880859375" lon="-6.2581386230885982513427734375">
        <ele>1075.5999755859375</ele>
        <time>2025-10-06T11:02:24.000Z</time>
        <extensions>
          <ns3:TrackPointExtension>
            <ns3:hr>136</ns3:hr>
            <ns3:cad>45</ns3:cad>
          </ns3:TrackPointExtension>
        </extensions>
      </trkpt>
      <trkpt lat="42.47589656151831150054931640625" lon="-6.258208192884922027587890625">
        <ele>1076.4000244140625</ele>
        <time>2025-10-06T11:02:30.000Z</time>
        <extensions>
          <ns3:TrackPointExtension>
            <ns3:hr>137</ns3:hr>
            <ns3:cad>48</ns3:cad>
          </ns3:TrackPointExtension>
        </extensions>
      </trkpt>
      <trkpt lat="42.4759251438081264495849609375" lon="-6.2582824565470218658447265625">
        <ele>1076.5999755859375</ele>
        <time>2025-10-06T11:02:35.000Z</time>
        <extensions>
          <ns3:TrackPointExtension>
            <ns3:hr>138</ns3:hr>
            <ns3:cad>48</ns3:cad>
          </ns3:TrackPointExtension>
        </extensions>
      </trkpt>
      <trkpt lat="42.47593444772064685821533203125" lon="-6.25832210294902324676513671875">
        <ele>1077</ele>
        <time>2025-10-06T11:02:38.000Z</time>
        <extensions>
          <ns3:TrackPointExtension>
            <ns3:hr>138</ns3:hr>
            <ns3:cad>50</ns3:cad>
          </ns3:TrackPointExtension>
        </extensions>
      </trkpt>
      <trkpt lat="42.475960515439510345458984375" lon="-6.25837004743516445159912109375">
        <ele>1077</ele>
        <time>2025-10-06T11:02:42.000Z</time>
        <extensions>
          <ns3:TrackPointExtension>
            <ns3:hr>135</ns3:hr>
            <ns3:cad>50</ns3:cad>
          </ns3:TrackPointExtension>
        </extensions>
      </trkpt>
      <trkpt lat="42.4759911932051181793212890625" lon="-6.2583991326391696929931640625">
        <ele>1077.199951171875</ele>
        <time>2025-10-06T11:02:46.000Z</time>
        <extensions>
          <ns3:TrackPointExtension>
            <ns3:hr>134</ns3:hr>
            <ns3:cad>51</ns3:cad>
          </ns3:TrackPointExtension>
        </extensions>
      </trkpt>
      <trkpt lat="42.4760471843183040618896484375" lon="-6.2584762461483478546142578125">
        <ele>1077.5999755859375</ele>
        <time>2025-10-06T11:02:53.000Z</time>
        <extensions>
          <ns3:TrackPointExtension>
            <ns3:hr>133</ns3:hr>
            <ns3:cad>52</ns3:cad>
          </ns3:TrackPointExtension>
        </extensions>
      </trkpt>
      <trkpt lat="42.4760662950575351715087890625" lon="-6.25849678181111812591552734375">
        <ele>1077.5999755859375</ele>
        <time>2025-10-06T11:02:55.000Z</time>
        <extensions>
          <ns3:TrackPointExtension>
            <ns3:hr>133</ns3:hr>
            <ns3:cad>52</ns3:cad>
          </ns3:TrackPointExtension>
        </extensions>
      </trkpt>
      <trkpt lat="42.47611264698207378387451171875" lon="-6.2585563771426677703857421875">
        <ele>1077.800048828125</ele>
        <time>2025-10-06T11:03:01.000Z</time>
        <extensions>
          <ns3:TrackPointExtension>
            <ns3:hr>134</ns3:hr>
            <ns3:cad>51</ns3:cad>
          </ns3:TrackPointExtension>
        </extensions>
      </trkpt>
      <trkpt lat="42.4761792831122875213623046875" lon="-6.25865452922880649566650390625">
        <ele>1078.4000244140625</ele>
        <time>2025-10-06T11:03:10.000Z</time>
        <extensions>
          <ns3:TrackPointExtension>
            <ns3:hr>134</ns3:hr>
            <ns3:cad>51</ns3:cad>
          </ns3:TrackPointExtension>
        </extensions>
      </trkpt>
      <trkpt lat="42.4762007407844066619873046875" lon="-6.2586878053843975067138671875">
        <ele>1078.800048828125</ele>
        <time>2025-10-06T11:03:13.000Z</time>
        <extensions>
          <ns3:TrackPointExtension>
            <ns3:hr>135</ns3:hr>
            <ns3:cad>51</ns3:cad>
          </ns3:TrackPointExtension>
        </extensions>
      </trkpt>
      <trkpt lat="42.47623820789158344268798828125" lon="-6.2587215006351470947265625">
        <ele>1079.199951171875</ele>
        <time>2025-10-06T11:03:18.000Z</time>
        <extensions>
          <ns3:TrackPointExtension>
            <ns3:hr>134</ns3:hr>
            <ns3:cad>49</ns3:cad>
          </ns3:TrackPointExtension>
        </extensions>
      </trkpt>
      <trkpt lat="42.4762949533760547637939453125" lon="-6.25878042541444301605224609375">
        <ele>1079.800048828125</ele>
        <time>2025-10-06T11:03:26.000Z</time>
        <extensions>
          <ns3:TrackPointExtension>
            <ns3:hr>137</ns3:hr>
            <ns3:cad>0</ns3:cad>
          </ns3:TrackPointExtension>
        </extensions>
      </trkpt>
      <trkpt lat="42.476300485432147979736328125" lon="-6.25878863967955112457275390625">
        <ele>1080</ele>
        <time>2025-10-06T11:03:27.000Z</time>
        <extensions>
          <ns3:TrackPointExtension>
            <ns3:hr>136</ns3:hr>
            <ns3:cad>0</ns3:cad>
          </ns3:TrackPointExtension>
        </extensions>
      </trkpt>
      <trkpt lat="42.47637583874166011810302734375" lon="-6.258881092071533203125">
        <ele>1080.5999755859375</ele>
        <time>2025-10-06T11:03:36.000Z</time>
        <extensions>
          <ns3:TrackPointExtension>
            <ns3:hr>138</ns3:hr>
            <ns3:cad>50</ns3:cad>
          </ns3:TrackPointExtension>
        </extensions>
      </trkpt>
      <trkpt lat="42.47641481459140777587890625" lon="-6.25893582589924335479736328125">
        <ele>1080.800048828125</ele>
        <time>2025-10-06T11:03:42.000Z</time>
        <extensions>
          <ns3:TrackPointExtension>
            <ns3:hr>137</ns3:hr>
            <ns3:cad>51</ns3:cad>
          </ns3:TrackPointExtension>
        </extensions>
      </trkpt>
      <trkpt lat="42.4764599092304706573486328125" lon="-6.25900782644748687744140625">
        <ele>1081.4000244140625</ele>
        <time>2025-10-06T11:03:49.000Z</time>
        <extensions>
          <ns3:TrackPointExtension>
            <ns3:hr>134</ns3:hr>
            <ns3:cad>52</ns3:cad>
          </ns3:TrackPointExtension>
        </extensions>
      </trkpt>
      <trkpt lat="42.47651179321110248565673828125" lon="-6.25913254916667938232421875">
        <ele>1081.800048828125</ele>
        <time>2025-10-06T11:03:58.000Z</time>
        <extensions>
          <ns3:TrackPointExtension>
            <ns3:hr>133</ns3:hr>
            <ns3:cad>54</ns3:cad>
          </ns3:TrackPointExtension>
        </extensions>
      </trkpt>
      <trkpt lat="42.4765388667583465576171875" lon="-6.25919499434530735015869140625">
        <ele>1082</ele>
        <time>2025-10-06T11:04:02.000Z</time>
        <extensions>
          <ns3:TrackPointExtension>
            <ns3:hr>133</ns3:hr>
            <ns3:cad>53</ns3:cad>
          </ns3:TrackPointExtension>
        </extensions>
      </trkpt>
      <trkpt lat="42.4765708856284618377685546875" lon="-6.25924495048820972442626953125">
        <ele>1082.199951171875</ele>
        <time>2025-10-06T11:04:07.000Z</time>
        <extensions>
          <ns3:TrackPointExtension>
            <ns3:hr>132</ns3:hr>
            <ns3:cad>53</ns3:cad>
          </ns3:TrackPointExtension>
        </extensions>
      </trkpt>
      <trkpt lat="42.4766396172344684600830078125" lon="-6.25932659022510051727294921875">
        <ele>1082.800048828125</ele>
        <time>2025-10-06T11:04:16.000Z</time>
        <extensions>
          <ns3:TrackPointExtension>
            <ns3:hr>132</ns3:hr>
            <ns3:cad>51</ns3:cad>
          </ns3:TrackPointExtension>
        </extensions>
      </trkpt>
      <trkpt lat="42.476648502051830291748046875" lon="-6.25933430157601833343505859375">
        <ele>1083</ele>
        <time>2025-10-06T11:04:17.000Z</time>
        <extensions>
          <ns3:TrackPointExtension>
            <ns3:hr>132</ns3:hr>
            <ns3:cad>51</ns3:cad>
          </ns3:TrackPointExtension>
        </extensions>
      </trkpt>
      <trkpt lat="42.47671614401042461395263671875" lon="-6.2594136781990528106689453125">
        <ele>1083.5999755859375</ele>
        <time>2025-10-06T11:04:25.000Z</time>
        <extensions>
          <ns3:TrackPointExtension>
            <ns3:hr>131</ns3:hr>
            <ns3:cad>0</ns3:cad>
          </ns3:TrackPointExtension>
        </extensions>
      </trkpt>
      <trkpt lat="42.4767646752297878265380859375" lon="-6.25947654247283935546875">
        <ele>1084</ele>
        <time>2025-10-06T11:04:32.000Z</time>
        <extensions>
          <ns3:TrackPointExtension>
            <ns3:hr>131</ns3:hr>
            <ns3:cad>50</ns3:cad>
          </ns3:TrackPointExtension>
        </extensions>
      </trkpt>
      <trkpt lat="42.47678018175065517425537109375" lon="-6.259491629898548126220703125">
        <ele>1084.199951171875</ele>
        <time>2025-10-06T11:04:34.000Z</time>
        <extensions>
          <ns3:TrackPointExtension>
            <ns3:hr>131</ns3:hr>
            <ns3:cad>53</ns3:cad>
          </ns3:TrackPointExtension>
        </extensions>
      </trkpt>
      <trkpt lat="42.4768481589853763580322265625" lon="-6.25958777032792568206787109375">
        <ele>1085</ele>
        <time>2025-10-06T11:04:43.000Z</time>
        <extensions>
          <ns3:TrackPointExtension>
            <ns3:hr>132</ns3:hr>
            <ns3:cad>52</ns3:cad>
          </ns3:TrackPointExtension>
        </extensions>
      </trkpt>
      <trkpt lat="42.476855032145977020263671875" lon="-6.259600259363651275634765625">
        <ele>1085</ele>
        <time>2025-10-06T11:04:44.000Z</time>
        <extensions>
          <ns3:TrackPointExtension>
            <ns3:hr>132</ns3:hr>
            <ns3:cad>54</ns3:cad>
          </ns3:TrackPointExtension>
        </extensions>
      </trkpt>
      <trkpt lat="42.47693658806383609771728515625" lon="-6.2597291730344295501708984375">
        <ele>1085.199951171875</ele>
        <time>2025-10-06T11:04:55.000Z</time>
        <extensions>
          <ns3:TrackPointExtension>
            <ns3:hr>133</ns3:hr>
            <ns3:cad>54</ns3:cad>
          </ns3:TrackPointExtension>
        </extensions>
      </trkpt>
      <trkpt lat="42.47701990418136119842529296875" lon="-6.25986672006547451019287109375">
        <ele>1085</ele>
        <time>2025-10-06T11:05:06.000Z</time>
        <extensions>
          <ns3:TrackPointExtension>
            <ns3:hr>131</ns3:hr>
            <ns3:cad>56</ns3:cad>
          </ns3:TrackPointExtension>
        </extensions>
      </trkpt>
      <trkpt lat="42.477078326046466827392578125" lon="-6.259960345923900604248046875">
        <ele>1085.800048828125</ele>
        <time>2025-10-06T11:05:14.000Z</time>
        <extensions>
          <ns3:TrackPointExtension>
            <ns3:hr>129</ns3:hr>
            <ns3:cad>54</ns3:cad>
          </ns3:TrackPointExtension>
        </extensions>
      </trkpt>
      <trkpt lat="42.477142699062824249267578125" lon="-6.26007760874927043914794921875">
        <ele>1086</ele>
        <time>2025-10-06T11:05:23.000Z</time>
        <extensions>
          <ns3:TrackPointExtension>
            <ns3:hr>130</ns3:hr>
            <ns3:cad>53</ns3:cad>
          </ns3:TrackPointExtension>
        </extensions>
      </trkpt>
      <trkpt lat="42.47714865021407604217529296875" lon="-6.26009303145110607147216796875">
        <ele>1086.199951171875</ele>
        <time>2025-10-06T11:05:24.000Z</time>
        <extensions>
          <ns3:TrackPointExtension>
            <ns3:hr>129</ns3:hr>
            <ns3:cad>53</ns3:cad>
          </ns3:TrackPointExtension>
        </extensions>
      </trkpt>
      <trkpt lat="42.47720246203243732452392578125" lon="-6.2602039240300655364990234375">
        <ele>1086.199951171875</ele>
        <time>2025-10-06T11:05:32.000Z</time>
        <extensions>
          <ns3:TrackPointExtension>
            <ns3:hr>129</ns3:hr>
            <ns3:cad>55</ns3:cad>
          </ns3:TrackPointExtension>
        </extensions>
      </trkpt>
      <trkpt lat="42.47728929854929447174072265625" lon="-6.26031381078064441680908203125">
        <ele>1086.199951171875</ele>
        <time>2025-10-06T11:05:42.000Z</time>
        <extensions>
          <ns3:TrackPointExtension>
            <ns3:hr>129</ns3:hr>
            <ns3:cad>0</ns3:cad>
          </ns3:TrackPointExtension>
        </extensions>
      </trkpt>
      <trkpt lat="42.4773557670414447784423828125" lon="-6.26038371585309505462646484375">
        <ele>1086</ele>
        <time>2025-10-06T11:05:49.000Z</time>
        <extensions>
          <ns3:TrackPointExtension>
            <ns3:hr>126</ns3:hr>
            <ns3:cad>54</ns3:cad>
          </ns3:TrackPointExtension>
        </extensions>
      </trkpt>
      <trkpt lat="42.4773735366761684417724609375" lon="-6.26040752045810222625732421875">
        <ele>1086</ele>
        <time>2025-10-06T11:05:51.000Z</time>
        <extensions>
          <ns3:TrackPointExtension>
            <ns3:hr>125</ns3:hr>
            <ns3:cad>54</ns3:cad>
          </ns3:TrackPointExtension>
        </extensions>
      </trkpt>
      <trkpt lat="42.477454841136932373046875" lon="-6.26051380299031734466552734375">
        <ele>1085.800048828125</ele>
        <time>2025-10-06T11:06:01.000Z</time>
        <extensions>
          <ns3:TrackPointExtension>
            <ns3:hr>123</ns3:hr>
            <ns3:cad>55</ns3:cad>
          </ns3:TrackPointExtension>
        </extensions>
      </trkpt>
      <trkpt lat="42.47752348892390727996826171875" lon="-6.260606758296489715576171875">
        <ele>1086</ele>
        <time>2025-10-06T11:06:09.000Z</time>
        <extensions>
          <ns3:TrackPointExtension>
            <ns3:hr>121</ns3:hr>
            <ns3:cad>55</ns3:cad>
          </ns3:TrackPointExtension>
        </extensions>
      </trkpt>
      <trkpt lat="42.47760898433625698089599609375" lon="-6.2606951035559177398681640625">
        <ele>1085.800048828125</ele>
        <time>2025-10-06T11:06:18.000Z</time>
        <extensions>
          <ns3:TrackPointExtension>
            <ns3:hr>121</ns3:hr>
            <ns3:cad>57</ns3:cad>
          </ns3:TrackPointExtension>
        </extensions>
      </trkpt>
      <trkpt lat="42.47767637483775615692138671875" lon="-6.26078034751117229461669921875">
        <ele>1085.5999755859375</ele>
        <time>2025-10-06T11:06:26.000Z</time>
        <extensions>
          <ns3:TrackPointExtension>
            <ns3:hr>120</ns3:hr>
            <ns3:cad>56</ns3:cad>
          </ns3:TrackPointExtension>
        </extensions>
      </trkpt>
      <trkpt lat="42.47774527408182621002197265625" lon="-6.2608738057315349578857421875">
        <ele>1085.5999755859375</ele>
        <time>2025-10-06T11:06:34.000Z</time>
        <extensions>
          <ns3:TrackPointExtension>
            <ns3:hr>121</ns3:hr>
            <ns3:cad>56</ns3:cad>
          </ns3:TrackPointExtension>
        </extensions>
      </trkpt>
      <trkpt lat="42.47780813835561275482177734375" lon="-6.2609817646443843841552734375">
        <ele>1085.4000244140625</ele>
        <time>2025-10-06T11:06:43.000Z</time>
        <extensions>
          <ns3:TrackPointExtension>
            <ns3:hr>120</ns3:hr>
            <ns3:cad>56</ns3:cad>
          </ns3:TrackPointExtension>
        </extensions>
      </trkpt>
      <trkpt lat="42.4778690747916698455810546875" lon="-6.26110799610614776611328125">
        <ele>1085.199951171875</ele>
        <time>2025-10-06T11:06:53.000Z</time>
        <extensions>
          <ns3:TrackPointExtension>
            <ns3:hr>120</ns3:hr>
            <ns3:cad>56</ns3:cad>
          </ns3:TrackPointExtension>
        </extensions>
      </trkpt>
      <trkpt lat="42.477873601019382476806640625" lon="-6.26112266443669795989990234375">
        <ele>1085</ele>
        <time>2025-10-06T11:06:54.000Z</time>
        <extensions>
          <ns3:TrackPointExtension>
            <ns3:hr>121</ns3:hr>
            <ns3:cad>56</ns3:cad>
          </ns3:TrackPointExtension>
        </extensions>
      </trkpt>
      <trkpt lat="42.4779129959642887115478515625" lon="-6.26125627197325229644775390625">
        <ele>1085</ele>
        <time>2025-10-06T11:07:02.000Z</time>
        <extensions>
          <ns3:TrackPointExtension>
            <ns3:hr>122</ns3:hr>
            <ns3:cad>55</ns3:cad>
          </ns3:TrackPointExtension>
        </extensions>
      </trkpt>
      <trkpt lat="42.47794769704341888427734375" lon="-6.26137889921665191650390625">
        <ele>1084.800048828125</ele>
        <time>2025-10-06T11:07:11.000Z</time>
        <extensions>
          <ns3:TrackPointExtension>
            <ns3:hr>121</ns3:hr>
            <ns3:cad>56</ns3:cad>
          </ns3:TrackPointExtension>
        </extensions>
      </trkpt>
      <trkpt lat="42.47795482166111469268798828125" lon="-6.26141510903835296630859375">
        <ele>1084.800048828125</ele>
        <time>2025-10-06T11:07:13.000Z</time>
        <extensions>
          <ns3:TrackPointExtension>
            <ns3:hr>118</ns3:hr>
            <ns3:cad>57</ns3:cad>
          </ns3:TrackPointExtension>
        </extensions>
      </trkpt>
      <trkpt lat="42.4779652990400791168212890625" lon="-6.26149297691881656646728515625">
        <ele>1085</ele>
        <time>2025-10-06T11:07:18.000Z</time>
        <extensions>
          <ns3:TrackPointExtension>
            <ns3:hr>117</ns3:hr>
            <ns3:cad>56</ns3:cad>
          </ns3:TrackPointExtension>
        </extensions>
      </trkpt>
      <trkpt lat="42.47799907810986042022705078125" lon="-6.2616124190390110015869140625">
        <ele>1085</ele>
        <time>2025-10-06T11:07:26.000Z</time>
        <extensions>
          <ns3:TrackPointExtension>
            <ns3:hr>116</ns3:hr>
            <ns3:cad>56</ns3:cad>
          </ns3:TrackPointExtension>
        </extensions>
      </trkpt>
      <trkpt lat="42.47801877558231353759765625" lon="-6.26173965632915496826171875">
        <ele>1084.5999755859375</ele>
        <time>2025-10-06T11:07:34.000Z</time>
        <extensions>
          <ns3:TrackPointExtension>
            <ns3:hr>116</ns3:hr>
            <ns3:cad>56</ns3:cad>
          </ns3:TrackPointExtension>
        </extensions>
      </trkpt>
      <trkpt lat="42.47803880833089351654052734375" lon="-6.261912323534488677978515625">
        <ele>1084.4000244140625</ele>
        <time>2025-10-06T11:07:43.000Z</time>
        <extensions>
          <ns3:TrackPointExtension>
            <ns3:hr>117</ns3:hr>
            <ns3:cad>57</ns3:cad>
          </ns3:TrackPointExtension>
        </extensions>
      </trkpt>
      <trkpt lat="42.47803545556962490081787109375" lon="-6.26204567961394786834716796875">
        <ele>1084.4000244140625</ele>
        <time>2025-10-06T11:07:52.000Z</time>
        <extensions>
          <ns3:TrackPointExtension>
            <ns3:hr>118</ns3:hr>
            <ns3:cad>57</ns3:cad>
          </ns3:TrackPointExtension>
        </extensions>
      </trkpt>
      <trkpt lat="42.47804065234959125518798828125" lon="-6.26215699128806591033935546875">
        <ele>1084.199951171875</ele>
        <time>2025-10-06T11:07:59.000Z</time>
        <extensions>
          <ns3:TrackPointExtension>
            <ns3:hr>118</ns3:hr>
            <ns3:cad>57</ns3:cad>
          </ns3:TrackPointExtension>
        </extensions>
      </trkpt>
      <trkpt lat="42.47804224491119384765625" lon="-6.26225254498422145843505859375">
        <ele>1084</ele>
        <time>2025-10-06T11:08:05.000Z</time>
        <extensions>
          <ns3:TrackPointExtension>
            <ns3:hr>119</ns3:hr>
            <ns3:cad>57</ns3:cad>
          </ns3:TrackPointExtension>
        </extensions>
      </trkpt>
      <trkpt lat="42.47804350219666957855224609375" lon="-6.26228607259690761566162109375">
        <ele>1084</ele>
        <time>2025-10-06T11:08:07.000Z</time>
        <extensions>
          <ns3:TrackPointExtension>
            <ns3:hr>118</ns3:hr>
            <ns3:cad>57</ns3:cad>
          </ns3:TrackPointExtension>
        </extensions>
      </trkpt>
      <trkpt lat="42.4780474416911602020263671875" lon="-6.26237408258020877838134765625">
        <ele>1084</ele>
        <time>2025-10-06T11:08:12.000Z</time>
        <extensions>
          <ns3:TrackPointExtension>
            <ns3:hr>115</ns3:hr>
            <ns3:cad>56</ns3:cad>
          </ns3:TrackPointExtension>
        </extensions>
      </trkpt>
      <trkpt lat="42.47806982137262821197509765625" lon="-6.26245404593646526336669921875">
        <ele>1083.5999755859375</ele>
        <time>2025-10-06T11:08:17.000Z</time>
        <extensions>
          <ns3:TrackPointExtension>
            <ns3:hr>113</ns3:hr>
            <ns3:cad>55</ns3:cad>
          </ns3:TrackPointExtension>
        </extensions>
      </trkpt>
      <trkpt lat="42.47808046638965606689453125" lon="-6.2625770084559917449951171875">
        <ele>1083.5999755859375</ele>
        <time>2025-10-06T11:08:25.000Z</time>
        <extensions>
          <ns3:TrackPointExtension>
            <ns3:hr>112</ns3:hr>
            <ns3:cad>57</ns3:cad>
          </ns3:TrackPointExtension>
        </extensions>
      </trkpt>
      <trkpt lat="42.47811038978397846221923828125" lon="-6.2627422995865345001220703125">
        <ele>1083.199951171875</ele>
        <time>2025-10-06T11:08:35.000Z</time>
        <extensions>
          <ns3:TrackPointExtension>
            <ns3:hr>112</ns3:hr>
            <ns3:cad>57</ns3:cad>
          </ns3:TrackPointExtension>
        </extensions>
      </trkpt>
      <trkpt lat="42.47812799178063869476318359375" lon="-6.26284179277718067169189453125">
        <ele>1083</ele>
        <time>2025-10-06T11:08:42.000Z</time>
        <extensions>
          <ns3:TrackPointExtension>
            <ns3:hr>112</ns3:hr>
            <ns3:cad>56</ns3:cad>
          </ns3:TrackPointExtension>
        </extensions>
      </trkpt>
      <trkpt lat="42.47813184745609760284423828125" lon="-6.26285788603127002716064453125">
        <ele>1083</ele>
        <time>2025-10-06T11:08:43.000Z</time>
        <extensions>
          <ns3:TrackPointExtension>
            <ns3:hr>112</ns3:hr>
            <ns3:cad>56</ns3:cad>
          </ns3:TrackPointExtension>
        </extensions>
      </trkpt>
      <trkpt lat="42.4781775288283824920654296875" lon="-6.26301714219152927398681640625">
        <ele>1082.800048828125</ele>
        <time>2025-10-06T11:08:52.000Z</time>
        <extensions>
          <ns3:TrackPointExtension>
            <ns3:hr>111</ns3:hr>
            <ns3:cad>55</ns3:cad>
          </ns3:TrackPointExtension>
        </extensions>
      </trkpt>
      <trkpt lat="42.478186078369617462158203125" lon="-6.26310314051806926727294921875">
        <ele>1082.800048828125</ele>
        <time>2025-10-06T11:08:59.000Z</time>
        <extensions>
          <ns3:TrackPointExtension>
            <ns3:hr>110</ns3:hr>
            <ns3:cad>55</ns3:cad>
          </ns3:TrackPointExtension>
        </extensions>
      </trkpt>
      <trkpt lat="42.47820292599499225616455078125" lon="-6.2631820142269134521484375">
        <ele>1082.4000244140625</ele>
        <time>2025-10-06T11:09:05.000Z</time>
        <extensions>
          <ns3:TrackPointExtension>
            <ns3:hr>110</ns3:hr>
            <ns3:cad>0</ns3:cad>
          </ns3:TrackPointExtension>
        </extensions>
      </trkpt>
      <trkpt lat="42.47823025099933147430419921875" lon="-6.26329592429101467132568359375">
        <ele>1082.4000244140625</ele>
        <time>2025-10-06T11:09:12.000Z</time>
        <extensions>
          <ns3:TrackPointExtension>
            <ns3:hr>111</ns3:hr>
            <ns3:cad>57</ns3:cad>
          </ns3:TrackPointExtension>
        </extensions>
      </trkpt>
      <trkpt lat="42.47823762707412242889404296875" lon="-6.26344713382422924041748046875">
        <ele>1082.4000244140625</ele>
        <time>2025-10-06T11:09:22.000Z</time>
        <extensions>
          <ns3:TrackPointExtension>
            <ns3:hr>110</ns3:hr>
            <ns3:cad>57</ns3:cad>
          </ns3:TrackPointExtension>
        </extensions>
      </trkpt>
      <trkpt lat="42.47824248857796192169189453125" lon="-6.26358099281787872314453125">
        <ele>1082</ele>
        <time>2025-10-06T11:09:29.000Z</time>
        <extensions>
          <ns3:TrackPointExtension>
            <ns3:hr>110</ns3:hr>
            <ns3:cad>57</ns3:cad>
          </ns3:TrackPointExtension>
        </extensions>
      </trkpt>
      <trkpt lat="42.47824869118630886077880859375" lon="-6.26360789872705936431884765625">
        <ele>1082</ele>
        <time>2025-10-06T11:09:31.000Z</time>
        <extensions>
          <ns3:TrackPointExtension>
            <ns3:hr>110</ns3:hr>
            <ns3:cad>57</ns3:cad>
          </ns3:TrackPointExtension>
        </extensions>
      </trkpt>
      <trkpt lat="42.47826880775392055511474609375" lon="-6.26379280351102352142333984375">
        <ele>1081.800048828125</ele>
        <time>2025-10-06T11:09:42.000Z</time>
        <extensions>
          <ns3:TrackPointExtension>
            <ns3:hr>111</ns3:hr>
            <ns3:cad>57</ns3:cad>
          </ns3:TrackPointExtension>
        </extensions>
      </trkpt>
      <trkpt lat="42.4783126451075077056884765625" lon="-6.26399681903421878814697265625">
        <ele>1081.199951171875</ele>
        <time>2025-10-06T11:09:55.000Z</time>
        <extensions>
          <ns3:TrackPointExtension>
            <ns3:hr>111</ns3:hr>
            <ns3:cad>59</ns3:cad>
          </ns3:TrackPointExtension>
        </extensions>
      </trkpt>
      <trkpt lat="42.4783225357532501220703125" lon="-6.264038644731044769287109375">
        <ele>1081</ele>
        <time>2025-10-06T11:09:58.000Z</time>
        <extensions>
          <ns3:TrackPointExtension>
            <ns3:hr>110</ns3:hr>
            <ns3:cad>55</ns3:cad>
          </ns3:TrackPointExtension>
        </extensions>
      </trkpt>
      <trkpt lat="42.4783468432724475860595703125" lon="-6.264167390763759613037109375">
        <ele>1080.800048828125</ele>
        <time>2025-10-06T11:10:06.000Z</time>
        <extensions>
          <ns3:TrackPointExtension>
            <ns3:hr>110</ns3:hr>
            <ns3:cad>57</ns3:cad>
          </ns3:TrackPointExtension>
        </extensions>
      </trkpt>
      <trkpt lat="42.47834893874824047088623046875" lon="-6.26431834883987903594970703125">
        <ele>1080.5999755859375</ele>
        <time>2025-10-06T11:10:14.000Z</time>
        <extensions>
          <ns3:TrackPointExtension>
            <ns3:hr>110</ns3:hr>
            <ns3:cad>57</ns3:cad>
          </ns3:TrackPointExtension>
        </extensions>
      </trkpt>
      <trkpt lat="42.47836385853588581085205078125" lon="-6.2644488550722599029541015625">
        <ele>1080.4000244140625</ele>
        <time>2025-10-06T11:10:22.000Z</time>
        <extensions>
          <ns3:TrackPointExtension>
            <ns3:hr>110</ns3:hr>
            <ns3:cad>57</ns3:cad>
          </ns3:TrackPointExtension>
        </extensions>
      </trkpt>
      <trkpt lat="42.4783780239522457122802734375" lon="-6.2645963765680789947509765625">
        <ele>1080.4000244140625</ele>
        <time>2025-10-06T11:10:31.000Z</time>
        <extensions>
          <ns3:TrackPointExtension>
            <ns3:hr>107</ns3:hr>
            <ns3:cad>57</ns3:cad>
          </ns3:TrackPointExtension>
        </extensions>
      </trkpt>
      <trkpt lat="42.47838414274156093597412109375" lon="-6.2646302394568920135498046875">
        <ele>1080.199951171875</ele>
        <time>2025-10-06T11:10:33.000Z</time>
        <extensions>
          <ns3:TrackPointExtension>
            <ns3:hr>108</ns3:hr>
            <ns3:cad>57</ns3:cad>
          </ns3:TrackPointExtension>
        </extensions>
      </trkpt>
      <trkpt lat="42.47839562594890594482421875" lon="-6.2647633440792560577392578125">
        <ele>1080.199951171875</ele>
        <time>2025-10-06T11:10:41.000Z</time>
        <extensions>
          <ns3:TrackPointExtension>
            <ns3:hr>108</ns3:hr>
            <ns3:cad>57</ns3:cad>
          </ns3:TrackPointExtension>
        </extensions>
      </trkpt>
      <trkpt lat="42.478398978710174560546875" lon="-6.26484590582549571990966796875">
        <ele>1080</ele>
        <time>2025-10-06T11:10:46.000Z</time>
        <extensions>
          <ns3:TrackPointExtension>
            <ns3:hr>110</ns3:hr>
            <ns3:cad>57</ns3:cad>
          </ns3:TrackPointExtension>
        </extensions>
      </trkpt>
      <trkpt lat="42.4784018285572528839111328125" lon="-6.2648810259997844696044921875">
        <ele>1079.800048828125</ele>
        <time>2025-10-06T11:10:48.000Z</time>
        <extensions>
          <ns3:TrackPointExtension>
            <ns3:hr>111</ns3:hr>
            <ns3:cad>56</ns3:cad>
          </ns3:TrackPointExtension>
        </extensions>
      </trkpt>
      <trkpt lat="42.4784078635275363922119140625" lon="-6.2649440579116344451904296875">
        <ele>1079.800048828125</ele>
        <time>2025-10-06T11:10:52.000Z</time>
        <extensions>
          <ns3:TrackPointExtension>
            <ns3:hr>108</ns3:hr>
            <ns3:cad>57</ns3:cad>
          </ns3:TrackPointExtension>
        </extensions>
      </trkpt>
      <trkpt lat="42.47843896038830280303955078125" lon="-6.26505813561379909515380859375">
        <ele>1080</ele>
        <time>2025-10-06T11:10:59.000Z</time>
        <extensions>
          <ns3:TrackPointExtension>
            <ns3:hr>109</ns3:hr>
            <ns3:cad>57</ns3:cad>
          </ns3:TrackPointExtension>
        </extensions>
      </trkpt>
      <trkpt lat="42.47848355211317539215087890625" lon="-6.26518604345619678497314453125">
        <ele>1080</ele>
        <time>2025-10-06T11:11:08.000Z</time>
        <extensions>
          <ns3:TrackPointExtension>
            <ns3:hr>109</ns3:hr>
            <ns3:cad>57</ns3:cad>
          </ns3:TrackPointExtension>
        </extensions>
      </trkpt>
      <trkpt lat="42.47849486768245697021484375" lon="-6.2653292901813983917236328125">
        <ele>1079.5999755859375</ele>
        <time>2025-10-06T11:11:16.000Z</time>
        <extensions>
          <ns3:TrackPointExtension>
            <ns3:hr>109</ns3:hr>
            <ns3:cad>57</ns3:cad>
          </ns3:TrackPointExtension>
        </extensions>
      </trkpt>
      <trkpt lat="42.47851573862135410308837890625" lon="-6.2654377520084381103515625">
        <ele>1079.5999755859375</ele>
        <time>2025-10-06T11:11:23.000Z</time>
        <extensions>
          <ns3:TrackPointExtension>
            <ns3:hr>110</ns3:hr>
            <ns3:cad>57</ns3:cad>
          </ns3:TrackPointExtension>
        </extensions>
      </trkpt>
      <trkpt lat="42.478556893765926361083984375" lon="-6.265612430870532989501953125">
        <ele>1079.4000244140625</ele>
        <time>2025-10-06T11:11:34.000Z</time>
        <extensions>
          <ns3:TrackPointExtension>
            <ns3:hr>111</ns3:hr>
            <ns3:cad>57</ns3:cad>
          </ns3:TrackPointExtension>
        </extensions>
      </trkpt>
      <trkpt lat="42.47852898202836513519287109375" lon="-6.2657638080418109893798828125">
        <ele>1079.5999755859375</ele>
        <time>2025-10-06T11:11:43.000Z</time>
        <extensions>
          <ns3:TrackPointExtension>
            <ns3:hr>111</ns3:hr>
            <ns3:cad>58</ns3:cad>
          </ns3:TrackPointExtension>
        </extensions>
      </trkpt>
      <trkpt lat="42.4784982204437255859375" lon="-6.26590923406183719635009765625">
        <ele>1079</ele>
        <time>2025-10-06T11:11:51.000Z</time>
        <extensions>
          <ns3:TrackPointExtension>
            <ns3:hr>111</ns3:hr>
            <ns3:cad>59</ns3:cad>
          </ns3:TrackPointExtension>
        </extensions>
      </trkpt>
      <trkpt lat="42.4785074405372142791748046875" lon="-6.2660216353833675384521484375">
        <ele>1079</ele>
        <time>2025-10-06T11:11:57.000Z</time>
        <extensions>
          <ns3:TrackPointExtension>
            <ns3:hr>111</ns3:hr>
            <ns3:cad>58</ns3:cad>
          </ns3:TrackPointExtension>
        </extensions>
      </trkpt>
      <trkpt lat="42.47851406224071979522705078125" lon="-6.26607703976333141326904296875">
        <ele>1079</ele>
        <time>2025-10-06T11:12:00.000Z</time>
        <extensions>
          <ns3:TrackPointExtension>
            <ns3:hr>112</ns3:hr>
            <ns3:cad>58</ns3:cad>
          </ns3:TrackPointExtension>
        </extensions>
      </trkpt>
      <trkpt lat="42.47854658402502536773681640625" lon="-6.26626865006983280181884765625">
        <ele>1079</ele>
        <time>2025-10-06T11:12:12.000Z</time>
        <extensions>
          <ns3:TrackPointExtension>
            <ns3:hr>110</ns3:hr>
            <ns3:cad>57</ns3:cad>
          </ns3:TrackPointExtension>
        </extensions>
      </trkpt>
      <trkpt lat="42.47856385074555873870849609375" lon="-6.26641751267015933990478515625">
        <ele>1079</ele>
        <time>2025-10-06T11:12:22.000Z</time>
        <extensions>
          <ns3:TrackPointExtension>
            <ns3:hr>111</ns3:hr>
            <ns3:cad>0</ns3:cad>
          </ns3:TrackPointExtension>
        </extensions>
      </trkpt>
      <trkpt lat="42.4785996414721012115478515625" lon="-6.2665882520377635955810546875">
        <ele>1078.800048828125</ele>
        <time>2025-10-06T11:12:33.000Z</time>
        <extensions>
          <ns3:TrackPointExtension>
            <ns3:hr>111</ns3:hr>
            <ns3:cad>55</ns3:cad>
          </ns3:TrackPointExtension>
        </extensions>
      </trkpt>
      <trkpt lat="42.4786117114126682281494140625" lon="-6.266721189022064208984375">
        <ele>1078.800048828125</ele>
        <time>2025-10-06T11:12:42.000Z</time>
        <extensions>
          <ns3:TrackPointExtension>
            <ns3:hr>113</ns3:hr>
            <ns3:cad>55</ns3:cad>
          </ns3:TrackPointExtension>
        </extensions>
      </trkpt>
      <trkpt lat="42.47863375581800937652587890625" lon="-6.26691087149083614349365234375">
        <ele>1079</ele>
        <time>2025-10-06T11:12:53.000Z</time>
        <extensions>
          <ns3:TrackPointExtension>
            <ns3:hr>115</ns3:hr>
            <ns3:cad>57</ns3:cad>
          </ns3:TrackPointExtension>
        </extensions>
      </trkpt>
      <trkpt lat="42.47866929508745670318603515625" lon="-6.26711103133857250213623046875">
        <ele>1079</ele>
        <time>2025-10-06T11:13:05.000Z</time>
        <extensions>
          <ns3:TrackPointExtension>
            <ns3:hr>115</ns3:hr>
            <ns3:cad>56</ns3:cad>
          </ns3:TrackPointExtension>
        </extensions>
      </trkpt>
      <trkpt lat="42.478691674768924713134765625" lon="-6.267259307205677032470703125">
        <ele>1079.199951171875</ele>
        <time>2025-10-06T11:13:14.000Z</time>
        <extensions>
          <ns3:TrackPointExtension>
            <ns3:hr>116</ns3:hr>
            <ns3:cad>57</ns3:cad>
          </ns3:TrackPointExtension>
        </extensions>
      </trkpt>
      <trkpt lat="42.47868572361767292022705078125" lon="-6.267456449568271636962890625">
        <ele>1079.199951171875</ele>
        <time>2025-10-06T11:13:26.000Z</time>
        <extensions>
          <ns3:TrackPointExtension>
            <ns3:hr>114</ns3:hr>
            <ns3:cad>56</ns3:cad>
          </ns3:TrackPointExtension>
        </extensions>
      </trkpt>
      <trkpt lat="42.47868505306541919708251953125" lon="-6.26762467436492443084716796875">
        <ele>1079.199951171875</ele>
        <time>2025-10-06T11:13:36.000Z</time>
        <extensions>
          <ns3:TrackPointExtension>
            <ns3:hr>112</ns3:hr>
            <ns3:cad>57</ns3:cad>
          </ns3:TrackPointExtension>
        </extensions>
      </trkpt>
      <trkpt lat="42.47871908359229564666748046875" lon="-6.267764903604984283447265625">
        <ele>1079.5999755859375</ele>
        <time>2025-10-06T11:13:45.000Z</time>
        <extensions>
          <ns3:TrackPointExtension>
            <ns3:hr>112</ns3:hr>
            <ns3:cad>0</ns3:cad>
          </ns3:TrackPointExtension>
        </extensions>
      </trkpt>
      <trkpt lat="42.47873132117092609405517578125" lon="-6.267911083996295928955078125">
        <ele>1079.4000244140625</ele>
        <time>2025-10-06T11:13:54.000Z</time>
        <extensions>
          <ns3:TrackPointExtension>
            <ns3:hr>111</ns3:hr>
            <ns3:cad>57</ns3:cad>
          </ns3:TrackPointExtension>
        </extensions>
      </trkpt>
      <trkpt lat="42.47875512577593326568603515625" lon="-6.2680232338607311248779296875">
        <ele>1079.5999755859375</ele>
        <time>2025-10-06T11:14:01.000Z</time>
        <extensions>
          <ns3:TrackPointExtension>
            <ns3:hr>113</ns3:hr>
            <ns3:cad>57</ns3:cad>
          </ns3:TrackPointExtension>
        </extensions>
      </trkpt>
      <trkpt lat="42.47876040637493133544921875" lon="-6.26813898794353008270263671875">
        <ele>1079.5999755859375</ele>
        <time>2025-10-06T11:14:08.000Z</time>
        <extensions>
          <ns3:TrackPointExtension>
            <ns3:hr>112</ns3:hr>
            <ns3:cad>56</ns3:cad>
          </ns3:TrackPointExtension>
        </extensions>
      </trkpt>
      <trkpt lat="42.47878915630280971527099609375" lon="-6.26828935928642749786376953125">
        <ele>1079.4000244140625</ele>
        <time>2025-10-06T11:14:18.000Z</time>
        <extensions>
          <ns3:TrackPointExtension>
            <ns3:hr>111</ns3:hr>
            <ns3:cad>0</ns3:cad>
          </ns3:TrackPointExtension>
        </extensions>
      </trkpt>
      <trkpt lat="42.47881379909813404083251953125" lon="-6.268453560769557952880859375">
        <ele>1079.800048828125</ele>
        <time>2025-10-06T11:14:28.000Z</time>
        <extensions>
          <ns3:TrackPointExtension>
            <ns3:hr>112</ns3:hr>
            <ns3:cad>56</ns3:cad>
          </ns3:TrackPointExtension>
        </extensions>
      </trkpt>
      <trkpt lat="42.4788323231041431427001953125" lon="-6.26857853494584560394287109375">
        <ele>1079.4000244140625</ele>
        <time>2025-10-06T11:14:36.000Z</time>
        <extensions>
          <ns3:TrackPointExtension>
            <ns3:hr>112</ns3:hr>
            <ns3:cad>57</ns3:cad>
          </ns3:TrackPointExtension>
        </extensions>
      </trkpt>
      <trkpt lat="42.478857971727848052978515625" lon="-6.2687407247722148895263671875">
        <ele>1079</ele>
        <time>2025-10-06T11:14:46.000Z</time>
        <extensions>
          <ns3:TrackPointExtension>
            <ns3:hr>110</ns3:hr>
            <ns3:cad>57</ns3:cad>
          </ns3:TrackPointExtension>
        </extensions>
      </trkpt>
      <trkpt lat="42.47888739220798015594482421875" lon="-6.268920600414276123046875">
        <ele>1079.800048828125</ele>
        <time>2025-10-06T11:14:57.000Z</time>
        <extensions>
          <ns3:TrackPointExtension>
            <ns3:hr>110</ns3:hr>
            <ns3:cad>57</ns3:cad>
          </ns3:TrackPointExtension>
        </extensions>
      </trkpt>
      <trkpt lat="42.47890097089111804962158203125" lon="-6.26901640556752681732177734375">
        <ele>1077.4000244140625</ele>
        <time>2025-10-06T11:15:03.000Z</time>
        <extensions>
          <ns3:TrackPointExtension>
            <ns3:hr>110</ns3:hr>
            <ns3:cad>57</ns3:cad>
          </ns3:TrackPointExtension>
        </extensions>
      </trkpt>
      <trkpt lat="42.4789127893745899200439453125" lon="-6.269113384187221527099609375">
        <ele>1076.5999755859375</ele>
        <time>2025-10-06T11:15:09.000Z</time>
        <extensions>
          <ns3:TrackPointExtension>
            <ns3:hr>111</ns3:hr>
            <ns3:cad>57</ns3:cad>
          </ns3:TrackPointExtension>
        </extensions>
      </trkpt>
      <trkpt lat="42.4789305590093135833740234375" lon="-6.26926601864397525787353515625">
        <ele>1076.5999755859375</ele>
        <time>2025-10-06T11:15:18.000Z</time>
        <extensions>
          <ns3:TrackPointExtension>
            <ns3:hr>113</ns3:hr>
            <ns3:cad>57</ns3:cad>
          </ns3:TrackPointExtension>
        </extensions>
      </trkpt>
      <trkpt lat="42.47895729728043079376220703125" lon="-6.2694786675274372100830078125">
        <ele>1077.199951171875</ele>
        <time>2025-10-06T11:15:31.000Z</time>
        <extensions>
          <ns3:TrackPointExtension>
            <ns3:hr>113</ns3:hr>
            <ns3:cad>57</ns3:cad>
          </ns3:TrackPointExtension>
        </extensions>
      </trkpt>
      <trkpt lat="42.4789877235889434814453125" lon="-6.26971428282558917999267578125">
        <ele>1078</ele>
        <time>2025-10-06T11:15:45.000Z</time>
        <extensions>
          <ns3:TrackPointExtension>
            <ns3:hr>116</ns3:hr>
            <ns3:cad>57</ns3:cad>
          </ns3:TrackPointExtension>
        </extensions>
      </trkpt>
      <trkpt lat="42.47900473885238170623779296875" lon="-6.26984386704862117767333984375">
        <ele>1078.5999755859375</ele>
        <time>2025-10-06T11:15:53.000Z</time>
        <extensions>
          <ns3:TrackPointExtension>
            <ns3:hr>116</ns3:hr>
            <ns3:cad>56</ns3:cad>
          </ns3:TrackPointExtension>
        </extensions>
      </trkpt>
      <trkpt lat="42.47900985181331634521484375" lon="-6.26989181153476238250732421875">
        <ele>1078.5999755859375</ele>
        <time>2025-10-06T11:15:56.000Z</time>
        <extensions>
          <ns3:TrackPointExtension>
            <ns3:hr>117</ns3:hr>
            <ns3:cad>56</ns3:cad>
          </ns3:TrackPointExtension>
        </extensions>
      </trkpt>
      <trkpt lat="42.4790425412356853485107421875" lon="-6.27007923088967800140380859375">
        <ele>1079</ele>
        <time>2025-10-06T11:16:07.000Z</time>
        <extensions>
          <ns3:TrackPointExtension>
            <ns3:hr>119</ns3:hr>
            <ns3:cad>57</ns3:cad>
          </ns3:TrackPointExtension>
        </extensions>
      </trkpt>
      <trkpt lat="42.47906207107007503509521484375" lon="-6.27023831941187381744384765625">
        <ele>1079.5999755859375</ele>
        <time>2025-10-06T11:16:17.000Z</time>
        <extensions>
          <ns3:TrackPointExtension>
            <ns3:hr>119</ns3:hr>
            <ns3:cad>57</ns3:cad>
          </ns3:TrackPointExtension>
        </extensions>
      </trkpt>
      <trkpt lat="42.47906441800296306610107421875" lon="-6.270256005227565765380859375">
        <ele>1079.5999755859375</ele>
        <time>2025-10-06T11:16:18.000Z</time>
        <extensions>
          <ns3:TrackPointExtension>
            <ns3:hr>118</ns3:hr>
            <ns3:cad>57</ns3:cad>
          </ns3:TrackPointExtension>
        </extensions>
      </trkpt>
      <trkpt lat="42.4790914915502071380615234375" lon="-6.27047158777713775634765625">
        <ele>1080.199951171875</ele>
        <time>2025-10-06T11:16:31.000Z</time>
        <extensions>
          <ns3:TrackPointExtension>
            <ns3:hr>118</ns3:hr>
            <ns3:cad>56</ns3:cad>
          </ns3:TrackPointExtension>
        </extensions>
      </trkpt>
      <trkpt lat="42.4791049025952816009521484375" lon="-6.2706179358065128326416015625">
        <ele>1080.5999755859375</ele>
        <time>2025-10-06T11:16:40.000Z</time>
        <extensions>
          <ns3:TrackPointExtension>
            <ns3:hr>118</ns3:hr>
            <ns3:cad>57</ns3:cad>
          </ns3:TrackPointExtension>
        </extensions>
      </trkpt>
      <trkpt lat="42.479107081890106201171875" lon="-6.2706558220088481903076171875">
        <ele>1080.5999755859375</ele>
        <time>2025-10-06T11:16:42.000Z</time>
        <extensions>
          <ns3:TrackPointExtension>
            <ns3:hr>117</ns3:hr>
            <ns3:cad>56</ns3:cad>
          </ns3:TrackPointExtension>
        </extensions>
      </trkpt>
      <trkpt lat="42.47912024147808551788330078125" lon="-6.270759589970111846923828125">
        <ele>1081</ele>
        <time>2025-10-06T11:16:49.000Z</time>
        <extensions>
          <ns3:TrackPointExtension>
            <ns3:hr>117</ns3:hr>
            <ns3:cad>55</ns3:cad>
          </ns3:TrackPointExtension>
        </extensions>
      </trkpt>
      <trkpt lat="42.47911420650780200958251953125" lon="-6.27092094160616397857666015625">
        <ele>1081.5999755859375</ele>
        <time>2025-10-06T11:16:59.000Z</time>
        <extensions>
          <ns3:TrackPointExtension>
            <ns3:hr>116</ns3:hr>
            <ns3:cad>55</ns3:cad>
          </ns3:TrackPointExtension>
        </extensions>
      </trkpt>
      <trkpt lat="42.47910900972783565521240234375" lon="-6.27094902098178863525390625">
        <ele>1081.5999755859375</ele>
        <time>2025-10-06T11:17:01.000Z</time>
        <extensions>
          <ns3:TrackPointExtension>
            <ns3:hr>116</ns3:hr>
            <ns3:cad>56</ns3:cad>
          </ns3:TrackPointExtension>
        </extensions>
      </trkpt>
      <trkpt lat="42.479082606732845306396484375" lon="-6.27118513919413089752197265625">
        <ele>1082.199951171875</ele>
        <time>2025-10-06T11:17:15.000Z</time>
        <extensions>
          <ns3:TrackPointExtension>
            <ns3:hr>114</ns3:hr>
            <ns3:cad>56</ns3:cad>
          </ns3:TrackPointExtension>
        </extensions>
      </trkpt>
      <trkpt lat="42.47906995005905628204345703125" lon="-6.27127759158611297607421875">
        <ele>1082.5999755859375</ele>
        <time>2025-10-06T11:17:21.000Z</time>
        <extensions>
          <ns3:TrackPointExtension>
            <ns3:hr>114</ns3:hr>
            <ns3:cad>57</ns3:cad>
          </ns3:TrackPointExtension>
        </extensions>
      </trkpt>
      <trkpt lat="42.479042708873748779296875" lon="-6.27139686606824398040771484375">
        <ele>1083.199951171875</ele>
        <time>2025-10-06T11:17:28.000Z</time>
        <extensions>
          <ns3:TrackPointExtension>
            <ns3:hr>115</ns3:hr>
            <ns3:cad>57</ns3:cad>
          </ns3:TrackPointExtension>
        </extensions>
      </trkpt>
      <trkpt lat="42.479023598134517669677734375" lon="-6.27157104201614856719970703125">
        <ele>1083.5999755859375</ele>
        <time>2025-10-06T11:17:39.000Z</time>
        <extensions>
          <ns3:TrackPointExtension>
            <ns3:hr>116</ns3:hr>
            <ns3:cad>56</ns3:cad>
          </ns3:TrackPointExtension>
        </extensions>
      </trkpt>
      <trkpt lat="42.47902200557291507720947265625" lon="-6.27158763818442821502685546875">
        <ele>1083.800048828125</ele>
        <time>2025-10-06T11:17:40.000Z</time>
        <extensions>
          <ns3:TrackPointExtension>
            <ns3:hr>116</ns3:hr>
            <ns3:cad>56</ns3:cad>
          </ns3:TrackPointExtension>
        </extensions>
      </trkpt>
      <trkpt lat="42.47899300418794155120849609375" lon="-6.27179232425987720489501953125">
        <ele>1084.4000244140625</ele>
        <time>2025-10-06T11:17:52.000Z</time>
        <extensions>
          <ns3:TrackPointExtension>
            <ns3:hr>116</ns3:hr>
            <ns3:cad>56</ns3:cad>
          </ns3:TrackPointExtension>
        </extensions>
      </trkpt>
      <trkpt lat="42.47898730449378490447998046875" lon="-6.2718242593109607696533203125">
        <ele>1084.800048828125</ele>
        <time>2025-10-06T11:17:54.000Z</time>
        <extensions>
          <ns3:TrackPointExtension>
            <ns3:hr>115</ns3:hr>
            <ns3:cad>56</ns3:cad>
          </ns3:TrackPointExtension>
        </extensions>
      </trkpt>
      <trkpt lat="42.47900239191949367523193359375" lon="-6.27193741500377655029296875">
        <ele>1085</ele>
        <time>2025-10-06T11:18:01.000Z</time>
        <extensions>
          <ns3:TrackPointExtension>
            <ns3:hr>116</ns3:hr>
            <ns3:cad>55</ns3:cad>
          </ns3:TrackPointExtension>
        </extensions>
      </trkpt>
      <trkpt lat="42.4790127016603946685791015625" lon="-6.2720381654798984527587890625">
        <ele>1085.4000244140625</ele>
        <time>2025-10-06T11:18:08.000Z</time>
        <extensions>
          <ns3:TrackPointExtension>
            <ns3:hr>116</ns3:hr>
            <ns3:cad>56</ns3:cad>
          </ns3:TrackPointExtension>
        </extensions>
      </trkpt>
      <trkpt lat="42.478997446596622467041015625" lon="-6.2721739523112773895263671875">
        <ele>1085.5999755859375</ele>
        <time>2025-10-06T11:18:16.000Z</time>
        <extensions>
          <ns3:TrackPointExtension>
            <ns3:hr>118</ns3:hr>
            <ns3:cad>54</ns3:cad>
          </ns3:TrackPointExtension>
        </extensions>
      </trkpt>
      <trkpt lat="42.47899216599762439727783203125" lon="-6.27226942218840122222900390625">
        <ele>1085.800048828125</ele>
        <time>2025-10-06T11:18:22.000Z</time>
        <extensions>
          <ns3:TrackPointExtension>
            <ns3:hr>119</ns3:hr>
            <ns3:cad>54</ns3:cad>
          </ns3:TrackPointExtension>
        </extensions>
      </trkpt>
      <trkpt lat="42.478986047208309173583984375" lon="-6.2723362259566783905029296875">
        <ele>1086</ele>
        <time>2025-10-06T11:18:26.000Z</time>
        <extensions>
          <ns3:TrackPointExtension>
            <ns3:hr>119</ns3:hr>
            <ns3:cad>55</ns3:cad>
          </ns3:TrackPointExtension>
        </extensions>
      </trkpt>
      <trkpt lat="42.47896551154553890228271484375" lon="-6.27249933779239654541015625">
        <ele>1086.4000244140625</ele>
        <time>2025-10-06T11:18:36.000Z</time>
        <extensions>
          <ns3:TrackPointExtension>
            <ns3:hr>119</ns3:hr>
            <ns3:cad>55</ns3:cad>
          </ns3:TrackPointExtension>
        </extensions>
      </trkpt>
      <trkpt lat="42.47894807718694210052490234375" lon="-6.2726299278438091278076171875">
        <ele>1086.4000244140625</ele>
        <time>2025-10-06T11:18:44.000Z</time>
        <extensions>
          <ns3:TrackPointExtension>
            <ns3:hr>119</ns3:hr>
            <ns3:cad>0</ns3:cad>
          </ns3:TrackPointExtension>
        </extensions>
      </trkpt>
      <trkpt lat="42.478949837386608123779296875" lon="-6.27270142547786235809326171875">
        <ele>1086.800048828125</ele>
        <time>2025-10-06T11:18:48.000Z</time>
        <extensions>
          <ns3:TrackPointExtension>
            <ns3:hr>119</ns3:hr>
            <ns3:cad>0</ns3:cad>
          </ns3:TrackPointExtension>
        </extensions>
      </trkpt>
      <trkpt lat="42.47895360924303531646728515625" lon="-6.2727794609963893890380859375">
        <ele>1087</ele>
        <time>2025-10-06T11:18:53.000Z</time>
        <extensions>
          <ns3:TrackPointExtension>
            <ns3:hr>121</ns3:hr>
            <ns3:cad>53</ns3:cad>
          </ns3:TrackPointExtension>
        </extensions>
      </trkpt>
      <trkpt lat="42.478994764387607574462890625" lon="-6.2729345262050628662109375">
        <ele>1087.5999755859375</ele>
        <time>2025-10-06T11:19:03.000Z</time>
        <extensions>
          <ns3:TrackPointExtension>
            <ns3:hr>120</ns3:hr>
            <ns3:cad>55</ns3:cad>
          </ns3:TrackPointExtension>
        </extensions>
      </trkpt>
      <trkpt lat="42.4790391884744167327880859375" lon="-6.2730627693235874176025390625">
        <ele>1087.800048828125</ele>
        <time>2025-10-06T11:19:12.000Z</time>
        <extensions>
          <ns3:TrackPointExtension>
            <ns3:hr>122</ns3:hr>
            <ns3:cad>53</ns3:cad>
          </ns3:TrackPointExtension>
        </extensions>
      </trkpt>
      <trkpt lat="42.47904363088309764862060546875" lon="-6.27307844348251819610595703125">
        <ele>1088</ele>
        <time>2025-10-06T11:19:13.000Z</time>
        <extensions>
          <ns3:TrackPointExtension>
            <ns3:hr>121</ns3:hr>
            <ns3:cad>53</ns3:cad>
          </ns3:TrackPointExtension>
        </extensions>
      </trkpt>
      <trkpt lat="42.47910347767174243927001953125" lon="-6.27325111068785190582275390625">
        <ele>1088.800048828125</ele>
        <time>2025-10-06T11:19:25.000Z</time>
        <extensions>
          <ns3:TrackPointExtension>
            <ns3:hr>122</ns3:hr>
            <ns3:cad>53</ns3:cad>
          </ns3:TrackPointExtension>
        </extensions>
      </trkpt>
      <trkpt lat="42.4791364185512065887451171875" lon="-6.2733655236661434173583984375">
        <ele>1089.800048828125</ele>
        <time>2025-10-06T11:19:33.000Z</time>
        <extensions>
          <ns3:TrackPointExtension>
            <ns3:hr>123</ns3:hr>
            <ns3:cad>52</ns3:cad>
          </ns3:TrackPointExtension>
        </extensions>
      </trkpt>
      <trkpt lat="42.47915125451982021331787109375" lon="-6.27342746593058109283447265625">
        <ele>1090.199951171875</ele>
        <time>2025-10-06T11:19:37.000Z</time>
        <extensions>
          <ns3:TrackPointExtension>
            <ns3:hr>123</ns3:hr>
            <ns3:cad>52</ns3:cad>
          </ns3:TrackPointExtension>
        </extensions>
      </trkpt>
      <trkpt lat="42.479179166257381439208984375" lon="-6.273535676300525665283203125">
        <ele>1091</ele>
        <time>2025-10-06T11:19:44.000Z</time>
        <extensions>
          <ns3:TrackPointExtension>
            <ns3:hr>123</ns3:hr>
            <ns3:cad>52</ns3:cad>
          </ns3:TrackPointExtension>
        </extensions>
      </trkpt>
      <trkpt lat="42.4791927449405193328857421875" lon="-6.27358295023441314697265625">
        <ele>1091.199951171875</ele>
        <time>2025-10-06T11:19:47.000Z</time>
        <extensions>
          <ns3:TrackPointExtension>
            <ns3:hr>122</ns3:hr>
            <ns3:cad>53</ns3:cad>
          </ns3:TrackPointExtension>
        </extensions>
      </trkpt>
      <trkpt lat="42.47921914793550968170166015625" lon="-6.27367758192121982574462890625">
        <ele>1091.5999755859375</ele>
        <time>2025-10-06T11:19:54.000Z</time>
        <extensions>
          <ns3:TrackPointExtension>
            <ns3:hr>122</ns3:hr>
            <ns3:cad>52</ns3:cad>
          </ns3:TrackPointExtension>
        </extensions>
      </trkpt>
      <trkpt lat="42.4792450480163097381591796875" lon="-6.27375335432589054107666015625">
        <ele>1092</ele>
        <time>2025-10-06T11:19:59.000Z</time>
        <extensions>
          <ns3:TrackPointExtension>
            <ns3:hr>123</ns3:hr>
            <ns3:cad>52</ns3:cad>
          </ns3:TrackPointExtension>
        </extensions>
      </trkpt>
      <trkpt lat="42.479263655841350555419921875" lon="-6.27380012534558773040771484375">
        <ele>1092.4000244140625</ele>
        <time>2025-10-06T11:20:02.000Z</time>
        <extensions>
          <ns3:TrackPointExtension>
            <ns3:hr>123</ns3:hr>
            <ns3:cad>53</ns3:cad>
          </ns3:TrackPointExtension>
        </extensions>
      </trkpt>
      <trkpt lat="42.4792923219501972198486328125" lon="-6.2738791666924953460693359375">
        <ele>1093</ele>
        <time>2025-10-06T11:20:08.000Z</time>
        <extensions>
          <ns3:TrackPointExtension>
            <ns3:hr>125</ns3:hr>
            <ns3:cad>53</ns3:cad>
          </ns3:TrackPointExtension>
        </extensions>
      </trkpt>
      <trkpt lat="42.4793015420436859130859375" lon="-6.27393205650150775909423828125">
        <ele>1093.4000244140625</ele>
        <time>2025-10-06T11:20:11.000Z</time>
        <extensions>
          <ns3:TrackPointExtension>
            <ns3:hr>126</ns3:hr>
            <ns3:cad>53</ns3:cad>
          </ns3:TrackPointExtension>
        </extensions>
      </trkpt>
      <trkpt lat="42.479338087141513824462890625" lon="-6.27405141480267047882080078125">
        <ele>1094.199951171875</ele>
        <time>2025-10-06T11:20:19.000Z</time>
        <extensions>
          <ns3:TrackPointExtension>
            <ns3:hr>127</ns3:hr>
            <ns3:cad>53</ns3:cad>
          </ns3:TrackPointExtension>
        </extensions>
      </trkpt>
      <trkpt lat="42.47937371022999286651611328125" lon="-6.27417932264506816864013671875">
        <ele>1094.800048828125</ele>
        <time>2025-10-06T11:20:28.000Z</time>
        <extensions>
          <ns3:TrackPointExtension>
            <ns3:hr>127</ns3:hr>
            <ns3:cad>53</ns3:cad>
          </ns3:TrackPointExtension>
        </extensions>
      </trkpt>
      <trkpt lat="42.4794026277959346771240234375" lon="-6.2742687575519084930419921875">
        <ele>1095.199951171875</ele>
        <time>2025-10-06T11:20:34.000Z</time>
        <extensions>
          <ns3:TrackPointExtension>
            <ns3:hr>127</ns3:hr>
            <ns3:cad>52</ns3:cad>
          </ns3:TrackPointExtension>
        </extensions>
      </trkpt>
      <trkpt lat="42.47941612266004085540771484375" lon="-6.274311840534210205078125">
        <ele>1096</ele>
        <time>2025-10-06T11:20:37.000Z</time>
        <extensions>
          <ns3:TrackPointExtension>
            <ns3:hr>127</ns3:hr>
            <ns3:cad>52</ns3:cad>
          </ns3:TrackPointExtension>
        </extensions>
      </trkpt>
      <trkpt lat="42.47942886315286159515380859375" lon="-6.27434545196592807769775390625">
        <ele>1096.4000244140625</ele>
        <time>2025-10-06T11:20:39.000Z</time>
        <extensions>
          <ns3:TrackPointExtension>
            <ns3:hr>128</ns3:hr>
            <ns3:cad>53</ns3:cad>
          </ns3:TrackPointExtension>
        </extensions>
      </trkpt>
      <trkpt lat="42.4794549308717250823974609375" lon="-6.2744548358023166656494140625">
        <ele>1097.4000244140625</ele>
        <time>2025-10-06T11:20:46.000Z</time>
        <extensions>
          <ns3:TrackPointExtension>
            <ns3:hr>129</ns3:hr>
            <ns3:cad>53</ns3:cad>
          </ns3:TrackPointExtension>
        </extensions>
      </trkpt>
      <trkpt lat="42.47945719398558139801025390625" lon="-6.27446782775223255157470703125">
        <ele>1097.5999755859375</ele>
        <time>2025-10-06T11:20:47.000Z</time>
        <extensions>
          <ns3:TrackPointExtension>
            <ns3:hr>129</ns3:hr>
            <ns3:cad>53</ns3:cad>
          </ns3:TrackPointExtension>
        </extensions>
      </trkpt>
      <trkpt lat="42.47948971576988697052001953125" lon="-6.27461954019963741302490234375">
        <ele>1097.800048828125</ele>
        <time>2025-10-06T11:20:57.000Z</time>
        <extensions>
          <ns3:TrackPointExtension>
            <ns3:hr>129</ns3:hr>
            <ns3:cad>54</ns3:cad>
          </ns3:TrackPointExtension>
        </extensions>
      </trkpt>
      <trkpt lat="42.47952391393482685089111328125" lon="-6.27475968562066555023193359375">
        <ele>1097</ele>
        <time>2025-10-06T11:21:06.000Z</time>
        <extensions>
          <ns3:TrackPointExtension>
            <ns3:hr>128</ns3:hr>
            <ns3:cad>53</ns3:cad>
          </ns3:TrackPointExtension>
        </extensions>
      </trkpt>
      <trkpt lat="42.479537911713123321533203125" lon="-6.27483948133885860443115234375">
        <ele>1097.5999755859375</ele>
        <time>2025-10-06T11:21:11.000Z</time>
        <extensions>
          <ns3:TrackPointExtension>
            <ns3:hr>125</ns3:hr>
            <ns3:cad>54</ns3:cad>
          </ns3:TrackPointExtension>
        </extensions>
      </trkpt>
      <trkpt lat="42.47954537160694599151611328125" lon="-6.27488792873919010162353515625">
        <ele>1098</ele>
        <time>2025-10-06T11:21:14.000Z</time>
        <extensions>
          <ns3:TrackPointExtension>
            <ns3:hr>124</ns3:hr>
            <ns3:cad>55</ns3:cad>
          </ns3:TrackPointExtension>
        </extensions>
      </trkpt>
      <trkpt lat="42.47958024032413959503173828125" lon="-6.27501927316188812255859375">
        <ele>1098</ele>
        <time>2025-10-06T11:21:23.000Z</time>
        <extensions>
          <ns3:TrackPointExtension>
            <ns3:hr>123</ns3:hr>
            <ns3:cad>54</ns3:cad>
          </ns3:TrackPointExtension>
        </extensions>
      </trkpt>
      <trkpt lat="42.47960530221462249755859375" lon="-6.27517609857022762298583984375">
        <ele>1098.199951171875</ele>
        <time>2025-10-06T11:21:33.000Z</time>
        <extensions>
          <ns3:TrackPointExtension>
            <ns3:hr>123</ns3:hr>
            <ns3:cad>54</ns3:cad>
          </ns3:TrackPointExtension>
        </extensions>
      </trkpt>
      <trkpt lat="42.47962131164968013763427734375" lon="-6.2752331793308258056640625">
        <ele>1098.5999755859375</ele>
        <time>2025-10-06T11:21:37.000Z</time>
        <extensions>
          <ns3:TrackPointExtension>
            <ns3:hr>124</ns3:hr>
            <ns3:cad>53</ns3:cad>
          </ns3:TrackPointExtension>
        </extensions>
      </trkpt>
      <trkpt lat="42.47963790781795978546142578125" lon="-6.275309622287750244140625">
        <ele>1098.5999755859375</ele>
        <time>2025-10-06T11:21:42.000Z</time>
        <extensions>
          <ns3:TrackPointExtension>
            <ns3:hr>124</ns3:hr>
            <ns3:cad>52</ns3:cad>
          </ns3:TrackPointExtension>
        </extensions>
      </trkpt>
      <trkpt lat="42.47965785674750804901123046875" lon="-6.2754241190850734710693359375">
        <ele>1099.5999755859375</ele>
        <time>2025-10-06T11:21:50.000Z</time>
        <extensions>
          <ns3:TrackPointExtension>
            <ns3:hr>124</ns3:hr>
            <ns3:cad>53</ns3:cad>
          </ns3:TrackPointExtension>
        </extensions>
      </trkpt>
      <trkpt lat="42.47966288588941097259521484375" lon="-6.27545907162129878997802734375">
        <ele>1099.800048828125</ele>
        <time>2025-10-06T11:21:52.000Z</time>
        <extensions>
          <ns3:TrackPointExtension>
            <ns3:hr>123</ns3:hr>
            <ns3:cad>52</ns3:cad>
          </ns3:TrackPointExtension>
        </extensions>
      </trkpt>
      <trkpt lat="42.4797013588249683380126953125" lon="-6.2756081856787204742431640625">
        <ele>1099</ele>
        <time>2025-10-06T11:22:02.000Z</time>
        <extensions>
          <ns3:TrackPointExtension>
            <ns3:hr>125</ns3:hr>
            <ns3:cad>0</ns3:cad>
          </ns3:TrackPointExtension>
        </extensions>
      </trkpt>
      <trkpt lat="42.47972122393548488616943359375" lon="-6.275757886469364166259765625">
        <ele>1099.4000244140625</ele>
        <time>2025-10-06T11:22:12.000Z</time>
        <extensions>
          <ns3:TrackPointExtension>
            <ns3:hr>124</ns3:hr>
            <ns3:cad>53</ns3:cad>
          </ns3:TrackPointExtension>
        </extensions>
      </trkpt>
      <trkpt lat="42.4797419272363185882568359375" lon="-6.27589627169072628021240234375">
        <ele>1099.800048828125</ele>
        <time>2025-10-06T11:22:20.000Z</time>
        <extensions>
          <ns3:TrackPointExtension>
            <ns3:hr>124</ns3:hr>
            <ns3:cad>53</ns3:cad>
          </ns3:TrackPointExtension>
        </extensions>
      </trkpt>
      <trkpt lat="42.47975022532045841217041015625" lon="-6.2760432064533233642578125">
        <ele>1100</ele>
        <time>2025-10-06T11:22:29.000Z</time>
        <extensions>
          <ns3:TrackPointExtension>
            <ns3:hr>122</ns3:hr>
            <ns3:cad>53</ns3:cad>
          </ns3:TrackPointExtension>
        </extensions>
      </trkpt>
      <trkpt lat="42.47976732440292835235595703125" lon="-6.276149488985538482666015625">
        <ele>1100</ele>
        <time>2025-10-06T11:22:36.000Z</time>
        <extensions>
          <ns3:TrackPointExtension>
            <ns3:hr>122</ns3:hr>
            <ns3:cad>53</ns3:cad>
          </ns3:TrackPointExtension>
        </extensions>
      </trkpt>
      <trkpt lat="42.47978157363831996917724609375" lon="-6.27622853033244609832763671875">
        <ele>1100.800048828125</ele>
        <time>2025-10-06T11:22:41.000Z</time>
        <extensions>
          <ns3:TrackPointExtension>
            <ns3:hr>121</ns3:hr>
            <ns3:cad>53</ns3:cad>
          </ns3:TrackPointExtension>
        </extensions>
      </trkpt>
      <trkpt lat="42.47978878207504749298095703125" lon="-6.2762552686035633087158203125">
        <ele>1100.800048828125</ele>
        <time>2025-10-06T11:22:43.000Z</time>
        <extensions>
          <ns3:TrackPointExtension>
            <ns3:hr>122</ns3:hr>
            <ns3:cad>54</ns3:cad>
          </ns3:TrackPointExtension>
        </extensions>
      </trkpt>
      <trkpt lat="42.4798057973384857177734375" lon="-6.27634889446198940277099609375">
        <ele>1102</ele>
        <time>2025-10-06T11:22:49.000Z</time>
        <extensions>
          <ns3:TrackPointExtension>
            <ns3:hr>122</ns3:hr>
            <ns3:cad>53</ns3:cad>
          </ns3:TrackPointExtension>
        </extensions>
      </trkpt>
      <trkpt lat="42.47981308959424495697021484375" lon="-6.27639734186232089996337890625">
        <ele>1102.199951171875</ele>
        <time>2025-10-06T11:22:52.000Z</time>
        <extensions>
          <ns3:TrackPointExtension>
            <ns3:hr>122</ns3:hr>
            <ns3:cad>55</ns3:cad>
          </ns3:TrackPointExtension>
        </extensions>
      </trkpt>
      <trkpt lat="42.47983337379992008209228515625" lon="-6.27654318697750568389892578125">
        <ele>1102.5999755859375</ele>
        <time>2025-10-06T11:23:01.000Z</time>
        <extensions>
          <ns3:TrackPointExtension>
            <ns3:hr>122</ns3:hr>
            <ns3:cad>53</ns3:cad>
          </ns3:TrackPointExtension>
        </extensions>
      </trkpt>
      <trkpt lat="42.47988022863864898681640625" lon="-6.2766616232693195343017578125">
        <ele>1102.800048828125</ele>
        <time>2025-10-06T11:23:09.000Z</time>
        <extensions>
          <ns3:TrackPointExtension>
            <ns3:hr>121</ns3:hr>
            <ns3:cad>56</ns3:cad>
          </ns3:TrackPointExtension>
        </extensions>
      </trkpt>
      <trkpt lat="42.47988970018923282623291015625" lon="-6.2767226435244083404541015625">
        <ele>1103</ele>
        <time>2025-10-06T11:23:13.000Z</time>
        <extensions>
          <ns3:TrackPointExtension>
            <ns3:hr>121</ns3:hr>
            <ns3:cad>55</ns3:cad>
          </ns3:TrackPointExtension>
        </extensions>
      </trkpt>
      <trkpt lat="42.4799028597772121429443359375" lon="-6.27679045312106609344482421875">
        <ele>1103.4000244140625</ele>
        <time>2025-10-06T11:23:17.000Z</time>
        <extensions>
          <ns3:TrackPointExtension>
            <ns3:hr>120</ns3:hr>
            <ns3:cad>56</ns3:cad>
          </ns3:TrackPointExtension>
        </extensions>
      </trkpt>
      <trkpt lat="42.47993127442896366119384765625" lon="-6.2769251503050327301025390625">
        <ele>1103.800048828125</ele>
        <time>2025-10-06T11:23:25.000Z</time>
        <extensions>
          <ns3:TrackPointExtension>
            <ns3:hr>120</ns3:hr>
            <ns3:cad>56</ns3:cad>
          </ns3:TrackPointExtension>
        </extensions>
      </trkpt>
      <trkpt lat="42.47994904406368732452392578125" lon="-6.277058087289333343505859375">
        <ele>1104</ele>
        <time>2025-10-06T11:23:33.000Z</time>
        <extensions>
          <ns3:TrackPointExtension>
            <ns3:hr>119</ns3:hr>
            <ns3:cad>57</ns3:cad>
          </ns3:TrackPointExtension>
        </extensions>
      </trkpt>
      <trkpt lat="42.47996270656585693359375" lon="-6.2771080434322357177734375">
        <ele>1104.199951171875</ele>
        <time>2025-10-06T11:23:36.000Z</time>
        <extensions>
          <ns3:TrackPointExtension>
            <ns3:hr>120</ns3:hr>
            <ns3:cad>55</ns3:cad>
          </ns3:TrackPointExtension>
        </extensions>
      </trkpt>
      <trkpt lat="42.4799881875514984130859375" lon="-6.27725489437580108642578125">
        <ele>1105</ele>
        <time>2025-10-06T11:23:45.000Z</time>
        <extensions>
          <ns3:TrackPointExtension>
            <ns3:hr>120</ns3:hr>
            <ns3:cad>57</ns3:cad>
          </ns3:TrackPointExtension>
        </extensions>
      </trkpt>
      <trkpt lat="42.4799907021224498748779296875" lon="-6.27726855687797069549560546875">
        <ele>1105.199951171875</ele>
        <time>2025-10-06T11:23:46.000Z</time>
        <extensions>
          <ns3:TrackPointExtension>
            <ns3:hr>120</ns3:hr>
            <ns3:cad>57</ns3:cad>
          </ns3:TrackPointExtension>
        </extensions>
      </trkpt>
      <trkpt lat="42.48001459054648876190185546875" lon="-6.277407109737396240234375">
        <ele>1105</ele>
        <time>2025-10-06T11:23:55.000Z</time>
        <extensions>
          <ns3:TrackPointExtension>
            <ns3:hr>121</ns3:hr>
            <ns3:cad>56</ns3:cad>
          </ns3:TrackPointExtension>
        </extensions>
      </trkpt>
      <trkpt lat="42.48005700297653675079345703125" lon="-6.277624703943729400634765625">
        <ele>1105.199951171875</ele>
        <time>2025-10-06T11:24:09.000Z</time>
        <extensions>
          <ns3:TrackPointExtension>
            <ns3:hr>119</ns3:hr>
            <ns3:cad>56</ns3:cad>
          </ns3:TrackPointExtension>
        </extensions>
      </trkpt>
      <trkpt lat="42.480082400143146514892578125" lon="-6.27777398563921451568603515625">
        <ele>1105.4000244140625</ele>
        <time>2025-10-06T11:24:19.000Z</time>
        <extensions>
          <ns3:TrackPointExtension>
            <ns3:hr>118</ns3:hr>
            <ns3:cad>56</ns3:cad>
          </ns3:TrackPointExtension>
        </extensions>
      </trkpt>
      <trkpt lat="42.4801211245357990264892578125" lon="-6.27796702086925506591796875">
        <ele>1105.4000244140625</ele>
        <time>2025-10-06T11:24:31.000Z</time>
        <extensions>
          <ns3:TrackPointExtension>
            <ns3:hr>120</ns3:hr>
            <ns3:cad>57</ns3:cad>
          </ns3:TrackPointExtension>
        </extensions>
      </trkpt>
      <trkpt lat="42.4801556579768657684326171875" lon="-6.27813524566590785980224609375">
        <ele>1105.4000244140625</ele>
        <time>2025-10-06T11:24:42.000Z</time>
        <extensions>
          <ns3:TrackPointExtension>
            <ns3:hr>120</ns3:hr>
            <ns3:cad>57</ns3:cad>
          </ns3:TrackPointExtension>
        </extensions>
      </trkpt>
      <trkpt lat="42.48019983060657978057861328125" lon="-6.278310008347034454345703125">
        <ele>1105.199951171875</ele>
        <time>2025-10-06T11:24:53.000Z</time>
        <extensions>
          <ns3:TrackPointExtension>
            <ns3:hr>119</ns3:hr>
            <ns3:cad>57</ns3:cad>
          </ns3:TrackPointExtension>
        </extensions>
      </trkpt>
      <trkpt lat="42.4802361242473125457763671875" lon="-6.27851360477507114410400390625">
        <ele>1104.5999755859375</ele>
        <time>2025-10-06T11:25:06.000Z</time>
        <extensions>
          <ns3:TrackPointExtension>
            <ns3:hr>118</ns3:hr>
            <ns3:cad>58</ns3:cad>
          </ns3:TrackPointExtension>
        </extensions>
      </trkpt>
      <trkpt lat="42.48027208261191844940185546875" lon="-6.278609745204448699951171875">
        <ele>1104.199951171875</ele>
        <time>2025-10-06T11:25:12.000Z</time>
        <extensions>
          <ns3:TrackPointExtension>
            <ns3:hr>118</ns3:hr>
            <ns3:cad>57</ns3:cad>
          </ns3:TrackPointExtension>
        </extensions>
      </trkpt>
      <trkpt lat="42.4803112260997295379638671875" lon="-6.278678812086582183837890625">
        <ele>1104.199951171875</ele>
        <time>2025-10-06T11:25:17.000Z</time>
        <extensions>
          <ns3:TrackPointExtension>
            <ns3:hr>117</ns3:hr>
            <ns3:cad>58</ns3:cad>
          </ns3:TrackPointExtension>
        </extensions>
      </trkpt>
      <trkpt lat="42.48035858385264873504638671875" lon="-6.2787795625627040863037109375">
        <ele>1104.199951171875</ele>
        <time>2025-10-06T11:25:25.000Z</time>
        <extensions>
          <ns3:TrackPointExtension>
            <ns3:hr>114</ns3:hr>
            <ns3:cad>55</ns3:cad>
          </ns3:TrackPointExtension>
        </extensions>
      </trkpt>
      <trkpt lat="42.48039462603628635406494140625" lon="-6.27885374240577220916748046875">
        <ele>1104.5999755859375</ele>
        <time>2025-10-06T11:25:30.000Z</time>
        <extensions>
          <ns3:TrackPointExtension>
            <ns3:hr>114</ns3:hr>
            <ns3:cad>55</ns3:cad>
          </ns3:TrackPointExtension>
        </extensions>
      </trkpt>
      <trkpt lat="42.4804778583347797393798828125" lon="-6.27903110347688198089599609375">
        <ele>1105</ele>
        <time>2025-10-06T11:25:43.000Z</time>
        <extensions>
          <ns3:TrackPointExtension>
            <ns3:hr>113</ns3:hr>
            <ns3:cad>56</ns3:cad>
          </ns3:TrackPointExtension>
        </extensions>
      </trkpt>
      <trkpt lat="42.48053066432476043701171875" lon="-6.2791141681373119354248046875">
        <ele>1105.199951171875</ele>
        <time>2025-10-06T11:25:50.000Z</time>
        <extensions>
          <ns3:TrackPointExtension>
            <ns3:hr>112</ns3:hr>
            <ns3:cad>56</ns3:cad>
          </ns3:TrackPointExtension>
        </extensions>
      </trkpt>
      <trkpt lat="42.48056628741323947906494140625" lon="-6.2791738472878932952880859375">
        <ele>1105.4000244140625</ele>
        <time>2025-10-06T11:25:55.000Z</time>
        <extensions>
          <ns3:TrackPointExtension>
            <ns3:hr>110</ns3:hr>
            <ns3:cad>55</ns3:cad>
          </ns3:TrackPointExtension>
        </extensions>
      </trkpt>
      <trkpt lat="42.4806508608162403106689453125" lon="-6.27932866103947162628173828125">
        <ele>1105.800048828125</ele>
        <time>2025-10-06T11:26:07.000Z</time>
        <extensions>
          <ns3:TrackPointExtension>
            <ns3:hr>111</ns3:hr>
            <ns3:cad>56</ns3:cad>
          </ns3:TrackPointExtension>
        </extensions>
      </trkpt>
      <trkpt lat="42.48071397654712200164794921875" lon="-6.27944466657936573028564453125">
        <ele>1106.4000244140625</ele>
        <time>2025-10-06T11:26:16.000Z</time>
        <extensions>
          <ns3:TrackPointExtension>
            <ns3:hr>112</ns3:hr>
            <ns3:cad>57</ns3:cad>
          </ns3:TrackPointExtension>
        </extensions>
      </trkpt>
      <trkpt lat="42.48071967624127864837646484375" lon="-6.27946964465081691741943359375">
        <ele>1106.5999755859375</ele>
        <time>2025-10-06T11:26:18.000Z</time>
        <extensions>
          <ns3:TrackPointExtension>
            <ns3:hr>111</ns3:hr>
            <ns3:cad>58</ns3:cad>
          </ns3:TrackPointExtension>
        </extensions>
      </trkpt>
      <trkpt lat="42.4807698838412761688232421875" lon="-6.27962118946015834808349609375">
        <ele>1106.5999755859375</ele>
        <time>2025-10-06T11:26:29.000Z</time>
        <extensions>
          <ns3:TrackPointExtension>
            <ns3:hr>114</ns3:hr>
            <ns3:cad>56</ns3:cad>
          </ns3:TrackPointExtension>
        </extensions>
      </trkpt>
      <trkpt lat="42.48081623576581478118896484375" lon="-6.2797696329653263092041015625">
        <ele>1107.199951171875</ele>
        <time>2025-10-06T11:26:39.000Z</time>
        <extensions>
          <ns3:TrackPointExtension>
            <ns3:hr>111</ns3:hr>
            <ns3:cad>55</ns3:cad>
          </ns3:TrackPointExtension>
        </extensions>
      </trkpt>
      <trkpt lat="42.48081992380321025848388671875" lon="-6.279783882200717926025390625">
        <ele>1107.199951171875</ele>
        <time>2025-10-06T11:26:40.000Z</time>
        <extensions>
          <ns3:TrackPointExtension>
            <ns3:hr>112</ns3:hr>
            <ns3:cad>55</ns3:cad>
          </ns3:TrackPointExtension>
        </extensions>
      </trkpt>
      <trkpt lat="42.48082646168768405914306640625" lon="-6.2798011489212512969970703125">
        <ele>1107.4000244140625</ele>
        <time>2025-10-06T11:26:41.000Z</time>
        <extensions>
          <ns3:TrackPointExtension>
            <ns3:hr>113</ns3:hr>
            <ns3:cad>54</ns3:cad>
          </ns3:TrackPointExtension>
        </extensions>
      </trkpt>
      <trkpt lat="42.48087155632674694061279296875" lon="-6.27993366681039333343505859375">
        <ele>1108.199951171875</ele>
        <time>2025-10-06T11:26:50.000Z</time>
        <extensions>
          <ns3:TrackPointExtension>
            <ns3:hr>115</ns3:hr>
            <ns3:cad>55</ns3:cad>
          </ns3:TrackPointExtension>
        </extensions>
      </trkpt>
      <trkpt lat="42.48093090020120143890380859375" lon="-6.2800757400691509246826171875">
        <ele>1108.199951171875</ele>
        <time>2025-10-06T11:27:00.000Z</time>
        <extensions>
          <ns3:TrackPointExtension>
            <ns3:hr>116</ns3:hr>
            <ns3:cad>56</ns3:cad>
          </ns3:TrackPointExtension>
        </extensions>
      </trkpt>
      <trkpt lat="42.48094548471271991729736328125" lon="-6.28011220134794712066650390625">
        <ele>1108.4000244140625</ele>
        <time>2025-10-06T11:27:03.000Z</time>
        <extensions>
          <ns3:TrackPointExtension>
            <ns3:hr>115</ns3:hr>
            <ns3:cad>55</ns3:cad>
          </ns3:TrackPointExtension>
        </extensions>
      </trkpt>
      <trkpt lat="42.48100340366363525390625" lon="-6.28021345473825931549072265625">
        <ele>1108.5999755859375</ele>
        <time>2025-10-06T11:27:11.000Z</time>
        <extensions>
          <ns3:TrackPointExtension>
            <ns3:hr>115</ns3:hr>
            <ns3:cad>56</ns3:cad>
          </ns3:TrackPointExtension>
        </extensions>
      </trkpt>
      <trkpt lat="42.481049336493015289306640625" lon="-6.2803027220070362091064453125">
        <ele>1109.199951171875</ele>
        <time>2025-10-06T11:27:19.000Z</time>
        <extensions>
          <ns3:TrackPointExtension>
            <ns3:hr>116</ns3:hr>
            <ns3:cad>56</ns3:cad>
          </ns3:TrackPointExtension>
        </extensions>
      </trkpt>
      <trkpt lat="42.481084875762462615966796875" lon="-6.28036013804376125335693359375">
        <ele>1109.4000244140625</ele>
        <time>2025-10-06T11:27:24.000Z</time>
        <extensions>
          <ns3:TrackPointExtension>
            <ns3:hr>117</ns3:hr>
            <ns3:cad>56</ns3:cad>
          </ns3:TrackPointExtension>
        </extensions>
      </trkpt>
      <trkpt lat="42.48112075030803680419921875" lon="-6.2804529257118701934814453125">
        <ele>1109.5999755859375</ele>
        <time>2025-10-06T11:27:30.000Z</time>
        <extensions>
          <ns3:TrackPointExtension>
            <ns3:hr>118</ns3:hr>
            <ns3:cad>55</ns3:cad>
          </ns3:TrackPointExtension>
        </extensions>
      </trkpt>
      <trkpt lat="42.4811769090592861175537109375" lon="-6.2805612199008464813232421875">
        <ele>1110</ele>
        <time>2025-10-06T11:27:39.000Z</time>
        <extensions>
          <ns3:TrackPointExtension>
            <ns3:hr>117</ns3:hr>
            <ns3:cad>54</ns3:cad>
          </ns3:TrackPointExtension>
        </extensions>
      </trkpt>
      <trkpt lat="42.48121655546128749847412109375" lon="-6.280620731413364410400390625">
        <ele>1110.4000244140625</ele>
        <time>2025-10-06T11:27:45.000Z</time>
        <extensions>
          <ns3:TrackPointExtension>
            <ns3:hr>118</ns3:hr>
            <ns3:cad>54</ns3:cad>
          </ns3:TrackPointExtension>
        </extensions>
      </trkpt>
      <trkpt lat="42.48122795484960079193115234375" lon="-6.280648224055767059326171875">
        <ele>1110.5999755859375</ele>
        <time>2025-10-06T11:27:47.000Z</time>
        <extensions>
          <ns3:TrackPointExtension>
            <ns3:hr>118</ns3:hr>
            <ns3:cad>53</ns3:cad>
          </ns3:TrackPointExtension>
        </extensions>
      </trkpt>
      <trkpt lat="42.4813090078532695770263671875" lon="-6.2808148562908172607421875">
        <ele>1111</ele>
        <time>2025-10-06T11:27:59.000Z</time>
        <extensions>
          <ns3:TrackPointExtension>
            <ns3:hr>120</ns3:hr>
            <ns3:cad>55</ns3:cad>
          </ns3:TrackPointExtension>
        </extensions>
      </trkpt>
      <trkpt lat="42.48138469643890857696533203125" lon="-6.2809491343796253204345703125">
        <ele>1111.4000244140625</ele>
        <time>2025-10-06T11:28:09.000Z</time>
        <extensions>
          <ns3:TrackPointExtension>
            <ns3:hr>118</ns3:hr>
            <ns3:cad>56</ns3:cad>
          </ns3:TrackPointExtension>
        </extensions>
      </trkpt>
      <trkpt lat="42.48139810748398303985595703125" lon="-6.2809799797832965850830078125">
        <ele>1111.5999755859375</ele>
        <time>2025-10-06T11:28:11.000Z</time>
        <extensions>
          <ns3:TrackPointExtension>
            <ns3:hr>118</ns3:hr>
            <ns3:cad>56</ns3:cad>
          </ns3:TrackPointExtension>
        </extensions>
      </trkpt>
      <trkpt lat="42.481463067233562469482421875" lon="-6.28110528923571109771728515625">
        <ele>1111.800048828125</ele>
        <time>2025-10-06T11:28:21.000Z</time>
        <extensions>
          <ns3:TrackPointExtension>
            <ns3:hr>120</ns3:hr>
            <ns3:cad>57</ns3:cad>
          </ns3:TrackPointExtension>
        </extensions>
      </trkpt>
      <trkpt lat="42.48152199201285839080810546875" lon="-6.28122347407042980194091796875">
        <ele>1112.4000244140625</ele>
        <time>2025-10-06T11:28:30.000Z</time>
        <extensions>
          <ns3:TrackPointExtension>
            <ns3:hr>120</ns3:hr>
            <ns3:cad>56</ns3:cad>
          </ns3:TrackPointExtension>
        </extensions>
      </trkpt>
      <trkpt lat="42.48153272084891796112060546875" lon="-6.28125004470348358154296875">
        <ele>1112.5999755859375</ele>
        <time>2025-10-06T11:28:32.000Z</time>
        <extensions>
          <ns3:TrackPointExtension>
            <ns3:hr>120</ns3:hr>
            <ns3:cad>56</ns3:cad>
          </ns3:TrackPointExtension>
        </extensions>
      </trkpt>
      <trkpt lat="42.4815597943961620330810546875" lon="-6.2814228795468807220458984375">
        <ele>1113.199951171875</ele>
        <time>2025-10-06T11:28:42.000Z</time>
        <extensions>
          <ns3:TrackPointExtension>
            <ns3:hr>120</ns3:hr>
            <ns3:cad>56</ns3:cad>
          </ns3:TrackPointExtension>
        </extensions>
      </trkpt>
      <trkpt lat="42.4815554358065128326416015625" lon="-6.281490437686443328857421875">
        <ele>1113.5999755859375</ele>
        <time>2025-10-06T11:28:46.000Z</time>
        <extensions>
          <ns3:TrackPointExtension>
            <ns3:hr>120</ns3:hr>
            <ns3:cad>56</ns3:cad>
          </ns3:TrackPointExtension>
        </extensions>
      </trkpt>
      <trkpt lat="42.48157211579382419586181640625" lon="-6.28158523701131343841552734375">
        <ele>1114</ele>
        <time>2025-10-06T11:28:52.000Z</time>
        <extensions>
          <ns3:TrackPointExtension>
            <ns3:hr>119</ns3:hr>
            <ns3:cad>56</ns3:cad>
          </ns3:TrackPointExtension>
        </extensions>
      </trkpt>
      <trkpt lat="42.481597177684307098388671875" lon="-6.28167651593685150146484375">
        <ele>1114.5999755859375</ele>
        <time>2025-10-06T11:28:58.000Z</time>
        <extensions>
          <ns3:TrackPointExtension>
            <ns3:hr>119</ns3:hr>
            <ns3:cad>55</ns3:cad>
          </ns3:TrackPointExtension>
        </extensions>
      </trkpt>
      <trkpt lat="42.481634728610515594482421875" lon="-6.2817561440169811248779296875">
        <ele>1115.199951171875</ele>
        <time>2025-10-06T11:29:04.000Z</time>
        <extensions>
          <ns3:TrackPointExtension>
            <ns3:hr>119</ns3:hr>
            <ns3:cad>54</ns3:cad>
          </ns3:TrackPointExtension>
        </extensions>
      </trkpt>
      <trkpt lat="42.48165509663522243499755859375" lon="-6.28179210238158702850341796875">
        <ele>1115.4000244140625</ele>
        <time>2025-10-06T11:29:07.000Z</time>
        <extensions>
          <ns3:TrackPointExtension>
            <ns3:hr>122</ns3:hr>
            <ns3:cad>53</ns3:cad>
          </ns3:TrackPointExtension>
        </extensions>
      </trkpt>
      <trkpt lat="42.48166750185191631317138671875" lon="-6.28181657753884792327880859375">
        <ele>1115.5999755859375</ele>
        <time>2025-10-06T11:29:09.000Z</time>
        <extensions>
          <ns3:TrackPointExtension>
            <ns3:hr>122</ns3:hr>
            <ns3:cad>53</ns3:cad>
          </ns3:TrackPointExtension>
        </extensions>
      </trkpt>
      <trkpt lat="42.481693066656589508056640625" lon="-6.28189134411513805389404296875">
        <ele>1116</ele>
        <time>2025-10-06T11:29:14.000Z</time>
        <extensions>
          <ns3:TrackPointExtension>
            <ns3:hr>124</ns3:hr>
            <ns3:cad>54</ns3:cad>
          </ns3:TrackPointExtension>
        </extensions>
      </trkpt>
      <trkpt lat="42.481707818806171417236328125" lon="-6.28197315149009227752685546875">
        <ele>1116.800048828125</ele>
        <time>2025-10-06T11:29:20.000Z</time>
        <extensions>
          <ns3:TrackPointExtension>
            <ns3:hr>126</ns3:hr>
            <ns3:cad>54</ns3:cad>
          </ns3:TrackPointExtension>
        </extensions>
      </trkpt>
      <trkpt lat="42.48171913437545299530029296875" lon="-6.28202277235686779022216796875">
        <ele>1117</ele>
        <time>2025-10-06T11:29:24.000Z</time>
        <extensions>
          <ns3:TrackPointExtension>
            <ns3:hr>127</ns3:hr>
            <ns3:cad>53</ns3:cad>
          </ns3:TrackPointExtension>
        </extensions>
      </trkpt>
      <trkpt lat="42.4817669950425624847412109375" lon="-6.28212167881429195404052734375">
        <ele>1117.800048828125</ele>
        <time>2025-10-06T11:29:32.000Z</time>
        <extensions>
          <ns3:TrackPointExtension>
            <ns3:hr>128</ns3:hr>
            <ns3:cad>53</ns3:cad>
          </ns3:TrackPointExtension>
        </extensions>
      </trkpt>
      <trkpt lat="42.4817852675914764404296875" lon="-6.28215822391211986541748046875">
        <ele>1118</ele>
        <time>2025-10-06T11:29:35.000Z</time>
        <extensions>
          <ns3:TrackPointExtension>
            <ns3:hr>128</ns3:hr>
            <ns3:cad>53</ns3:cad>
          </ns3:TrackPointExtension>
        </extensions>
      </trkpt>
      <trkpt lat="42.48181804083287715911865234375" lon="-6.28225478343665599822998046875">
        <ele>1118.800048828125</ele>
        <time>2025-10-06T11:29:42.000Z</time>
        <extensions>
          <ns3:TrackPointExtension>
            <ns3:hr>126</ns3:hr>
            <ns3:cad>53</ns3:cad>
          </ns3:TrackPointExtension>
        </extensions>
      </trkpt>
      <trkpt lat="42.48182726092636585235595703125" lon="-6.282289065420627593994140625">
        <ele>1119</ele>
        <time>2025-10-06T11:29:44.000Z</time>
        <extensions>
          <ns3:TrackPointExtension>
            <ns3:hr>127</ns3:hr>
            <ns3:cad>53</ns3:cad>
          </ns3:TrackPointExtension>
        </extensions>
      </trkpt>
      <trkpt lat="42.48185676522552967071533203125" lon="-6.28242644481360912322998046875">
        <ele>1119.800048828125</ele>
        <time>2025-10-06T11:29:53.000Z</time>
        <extensions>
          <ns3:TrackPointExtension>
            <ns3:hr>127</ns3:hr>
            <ns3:cad>53</ns3:cad>
          </ns3:TrackPointExtension>
        </extensions>
      </trkpt>
      <trkpt lat="42.48186246491968631744384765625" lon="-6.28246265463531017303466796875">
        <ele>1120</ele>
        <time>2025-10-06T11:29:55.000Z</time>
        <extensions>
          <ns3:TrackPointExtension>
            <ns3:hr>126</ns3:hr>
            <ns3:cad>53</ns3:cad>
          </ns3:TrackPointExtension>
        </extensions>
      </trkpt>
      <trkpt lat="42.48188358731567859649658203125" lon="-6.2825795821845531463623046875">
        <ele>1120.800048828125</ele>
        <time>2025-10-06T11:30:03.000Z</time>
        <extensions>
          <ns3:TrackPointExtension>
            <ns3:hr>127</ns3:hr>
            <ns3:cad>54</ns3:cad>
          </ns3:TrackPointExtension>
        </extensions>
      </trkpt>
      <trkpt lat="42.4818880297243595123291015625" lon="-6.28259307704865932464599609375">
        <ele>1120.800048828125</ele>
        <time>2025-10-06T11:30:04.000Z</time>
        <extensions>
          <ns3:TrackPointExtension>
            <ns3:hr>126</ns3:hr>
            <ns3:cad>54</ns3:cad>
          </ns3:TrackPointExtension>
        </extensions>
      </trkpt>
      <trkpt lat="42.48192683793604373931884765625" lon="-6.28271109424531459808349609375">
        <ele>1121.800048828125</ele>
        <time>2025-10-06T11:30:12.000Z</time>
        <extensions>
          <ns3:TrackPointExtension>
            <ns3:hr>128</ns3:hr>
            <ns3:cad>53</ns3:cad>
          </ns3:TrackPointExtension>
        </extensions>
      </trkpt>
      <trkpt lat="42.48193538747727870941162109375" lon="-6.282742358744144439697265625">
        <ele>1122</ele>
        <time>2025-10-06T11:30:14.000Z</time>
        <extensions>
          <ns3:TrackPointExtension>
            <ns3:hr>129</ns3:hr>
            <ns3:cad>53</ns3:cad>
          </ns3:TrackPointExtension>
        </extensions>
      </trkpt>
      <trkpt lat="42.4819730222225189208984375" lon="-6.28285802900791168212890625">
        <ele>1122.5999755859375</ele>
        <time>2025-10-06T11:30:23.000Z</time>
        <extensions>
          <ns3:TrackPointExtension>
            <ns3:hr>130</ns3:hr>
            <ns3:cad>53</ns3:cad>
          </ns3:TrackPointExtension>
        </extensions>
      </trkpt>
      <trkpt lat="42.48198308050632476806640625" lon="-6.282917372882366180419921875">
        <ele>1122.800048828125</ele>
        <time>2025-10-06T11:30:27.000Z</time>
        <extensions>
          <ns3:TrackPointExtension>
            <ns3:hr>130</ns3:hr>
            <ns3:cad>53</ns3:cad>
          </ns3:TrackPointExtension>
        </extensions>
      </trkpt>
      <trkpt lat="42.4819953180849552154541015625" lon="-6.28296841867268085479736328125">
        <ele>1123</ele>
        <time>2025-10-06T11:30:31.000Z</time>
        <extensions>
          <ns3:TrackPointExtension>
            <ns3:hr>130</ns3:hr>
            <ns3:cad>52</ns3:cad>
          </ns3:TrackPointExtension>
        </extensions>
      </trkpt>
      <trkpt lat="42.4820389039814472198486328125" lon="-6.28311409614980220794677734375">
        <ele>1123.5999755859375</ele>
        <time>2025-10-06T11:30:41.000Z</time>
        <extensions>
          <ns3:TrackPointExtension>
            <ns3:hr>130</ns3:hr>
            <ns3:cad>54</ns3:cad>
          </ns3:TrackPointExtension>
        </extensions>
      </trkpt>
      <trkpt lat="42.4820620380342006683349609375" lon="-6.28317318856716156005859375">
        <ele>1123.800048828125</ele>
        <time>2025-10-06T11:30:45.000Z</time>
        <extensions>
          <ns3:TrackPointExtension>
            <ns3:hr>129</ns3:hr>
            <ns3:cad>55</ns3:cad>
          </ns3:TrackPointExtension>
        </extensions>
      </trkpt>
      <trkpt lat="42.4820744432508945465087890625" lon="-6.28320747055113315582275390625">
        <ele>1124</ele>
        <time>2025-10-06T11:30:48.000Z</time>
        <extensions>
          <ns3:TrackPointExtension>
            <ns3:hr>129</ns3:hr>
            <ns3:cad>54</ns3:cad>
          </ns3:TrackPointExtension>
        </extensions>
      </trkpt>
      <trkpt lat="42.48211157508194446563720703125" lon="-6.2833413295447826385498046875">
        <ele>1124.5999755859375</ele>
        <time>2025-10-06T11:30:57.000Z</time>
        <extensions>
          <ns3:TrackPointExtension>
            <ns3:hr>128</ns3:hr>
            <ns3:cad>53</ns3:cad>
          </ns3:TrackPointExtension>
        </extensions>
      </trkpt>
      <trkpt lat="42.482118196785449981689453125" lon="-6.28337108530104160308837890625">
        <ele>1124.800048828125</ele>
        <time>2025-10-06T11:30:59.000Z</time>
        <extensions>
          <ns3:TrackPointExtension>
            <ns3:hr>127</ns3:hr>
            <ns3:cad>54</ns3:cad>
          </ns3:TrackPointExtension>
        </extensions>
      </trkpt>
      <trkpt lat="42.4821441806852817535400390625" lon="-6.28346127457916736602783203125">
        <ele>1125.4000244140625</ele>
        <time>2025-10-06T11:31:06.000Z</time>
        <extensions>
          <ns3:TrackPointExtension>
            <ns3:hr>127</ns3:hr>
            <ns3:cad>53</ns3:cad>
          </ns3:TrackPointExtension>
        </extensions>
      </trkpt>
      <trkpt lat="42.482157759368419647216796875" lon="-6.28353059291839599609375">
        <ele>1125.800048828125</ele>
        <time>2025-10-06T11:31:11.000Z</time>
        <extensions>
          <ns3:TrackPointExtension>
            <ns3:hr>126</ns3:hr>
            <ns3:cad>53</ns3:cad>
          </ns3:TrackPointExtension>
        </extensions>
      </trkpt>
      <trkpt lat="42.48216035775840282440185546875" lon="-6.28356219269335269927978515625">
        <ele>1126</ele>
        <time>2025-10-06T11:31:13.000Z</time>
        <extensions>
          <ns3:TrackPointExtension>
            <ns3:hr>127</ns3:hr>
            <ns3:cad>53</ns3:cad>
          </ns3:TrackPointExtension>
        </extensions>
      </trkpt>
      <trkpt lat="42.482167147099971771240234375" lon="-6.28367702476680278778076171875">
        <ele>1126.5999755859375</ele>
        <time>2025-10-06T11:31:21.000Z</time>
        <extensions>
          <ns3:TrackPointExtension>
            <ns3:hr>127</ns3:hr>
            <ns3:cad>53</ns3:cad>
          </ns3:TrackPointExtension>
        </extensions>
      </trkpt>
      <trkpt lat="42.48218131251633167266845703125" lon="-6.28373938612639904022216796875">
        <ele>1126.800048828125</ele>
        <time>2025-10-06T11:31:25.000Z</time>
        <extensions>
          <ns3:TrackPointExtension>
            <ns3:hr>127</ns3:hr>
            <ns3:cad>54</ns3:cad>
          </ns3:TrackPointExtension>
        </extensions>
      </trkpt>
      <trkpt lat="42.48219405300915241241455078125" lon="-6.28380560316145420074462890625">
        <ele>1127.199951171875</ele>
        <time>2025-10-06T11:31:30.000Z</time>
        <extensions>
          <ns3:TrackPointExtension>
            <ns3:hr>126</ns3:hr>
            <ns3:cad>53</ns3:cad>
          </ns3:TrackPointExtension>
        </extensions>
      </trkpt>
      <trkpt lat="42.4822306819260120391845703125" lon="-6.28394172526895999908447265625">
        <ele>1127.800048828125</ele>
        <time>2025-10-06T11:31:39.000Z</time>
        <extensions>
          <ns3:TrackPointExtension>
            <ns3:hr>127</ns3:hr>
            <ns3:cad>53</ns3:cad>
          </ns3:TrackPointExtension>
        </extensions>
      </trkpt>
      <trkpt lat="42.48223512433469295501708984375" lon="-6.283955387771129608154296875">
        <ele>1128</ele>
        <time>2025-10-06T11:31:40.000Z</time>
        <extensions>
          <ns3:TrackPointExtension>
            <ns3:hr>127</ns3:hr>
            <ns3:cad>54</ns3:cad>
          </ns3:TrackPointExtension>
        </extensions>
      </trkpt>
      <trkpt lat="42.48226228170096874237060546875" lon="-6.28408086486160755157470703125">
        <ele>1128.5999755859375</ele>
        <time>2025-10-06T11:31:49.000Z</time>
        <extensions>
          <ns3:TrackPointExtension>
            <ns3:hr>128</ns3:hr>
            <ns3:cad>52</ns3:cad>
          </ns3:TrackPointExtension>
        </extensions>
      </trkpt>
      <trkpt lat="42.48227544128894805908203125" lon="-6.2841030769050121307373046875">
        <ele>1128.5999755859375</ele>
        <time>2025-10-06T11:31:54.000Z</time>
        <extensions>
          <ns3:TrackPointExtension>
            <ns3:hr>129</ns3:hr>
            <ns3:cad>0</ns3:cad>
          </ns3:TrackPointExtension>
        </extensions>
      </trkpt>
      <trkpt lat="42.48227401636540889739990234375" lon="-6.28408287651836872100830078125">
        <ele>1128.5999755859375</ele>
        <time>2025-10-06T11:31:57.000Z</time>
        <extensions>
          <ns3:TrackPointExtension>
            <ns3:hr>129</ns3:hr>
            <ns3:cad>0</ns3:cad>
          </ns3:TrackPointExtension>
        </extensions>
      </trkpt>
      <trkpt lat="42.48227686621248722076416015625" lon="-6.28408513963222503662109375">
        <ele>1128.4000244140625</ele>
        <time>2025-10-06T11:32:02.000Z</time>
        <extensions>
          <ns3:TrackPointExtension>
            <ns3:hr>128</ns3:hr>
            <ns3:cad>0</ns3:cad>
          </ns3:TrackPointExtension>
        </extensions>
      </trkpt>
      <trkpt lat="42.482279799878597259521484375" lon="-6.28413341939449310302734375">
        <ele>1128.5999755859375</ele>
        <time>2025-10-06T11:32:08.000Z</time>
        <extensions>
          <ns3:TrackPointExtension>
            <ns3:hr>130</ns3:hr>
            <ns3:cad>0</ns3:cad>
          </ns3:TrackPointExtension>
        </extensions>
      </trkpt>
      <trkpt lat="42.48227820731699466705322265625" lon="-6.284145154058933258056640625">
        <ele>1128.5999755859375</ele>
        <time>2025-10-06T11:32:17.000Z</time>
        <extensions>
          <ns3:TrackPointExtension>
            <ns3:hr>129</ns3:hr>
            <ns3:cad>0</ns3:cad>
          </ns3:TrackPointExtension>
        </extensions>
      </trkpt>
      <trkpt lat="42.48228239826858043670654296875" lon="-6.28420986235141754150390625">
        <ele>1128.800048828125</ele>
        <time>2025-10-06T11:32:23.000Z</time>
        <extensions>
          <ns3:TrackPointExtension>
            <ns3:hr>130</ns3:hr>
            <ns3:cad>0</ns3:cad>
          </ns3:TrackPointExtension>
        </extensions>
      </trkpt>
      <trkpt lat="42.48229245655238628387451171875" lon="-6.284298039972782135009765625">
        <ele>1129</ele>
        <time>2025-10-06T11:32:28.000Z</time>
        <extensions>
          <ns3:TrackPointExtension>
            <ns3:hr>129</ns3:hr>
            <ns3:cad>56</ns3:cad>
          </ns3:TrackPointExtension>
        </extensions>
      </trkpt>
      <trkpt lat="42.48229899443686008453369140625" lon="-6.2843297235667705535888671875">
        <ele>1129.199951171875</ele>
        <time>2025-10-06T11:32:30.000Z</time>
        <extensions>
          <ns3:TrackPointExtension>
            <ns3:hr>128</ns3:hr>
            <ns3:cad>56</ns3:cad>
          </ns3:TrackPointExtension>
        </extensions>
      </trkpt>
      <trkpt lat="42.48230402357876300811767578125" lon="-6.284407675266265869140625">
        <ele>1129.5999755859375</ele>
        <time>2025-10-06T11:32:34.000Z</time>
        <extensions>
          <ns3:TrackPointExtension>
            <ns3:hr>125</ns3:hr>
            <ns3:cad>56</ns3:cad>
          </ns3:TrackPointExtension>
        </extensions>
      </trkpt>
      <trkpt lat="42.48231626115739345550537109375" lon="-6.2844921648502349853515625">
        <ele>1130</ele>
        <time>2025-10-06T11:32:39.000Z</time>
        <extensions>
          <ns3:TrackPointExtension>
            <ns3:hr>125</ns3:hr>
            <ns3:cad>56</ns3:cad>
          </ns3:TrackPointExtension>
        </extensions>
      </trkpt>
      <trkpt lat="42.482324056327342987060546875" lon="-6.28452393226325511932373046875">
        <ele>1130</ele>
        <time>2025-10-06T11:32:41.000Z</time>
        <extensions>
          <ns3:TrackPointExtension>
            <ns3:hr>126</ns3:hr>
            <ns3:cad>56</ns3:cad>
          </ns3:TrackPointExtension>
        </extensions>
      </trkpt>
      <trkpt lat="42.48230469413101673126220703125" lon="-6.28462384454905986785888671875">
        <ele>1130.800048828125</ele>
        <time>2025-10-06T11:32:48.000Z</time>
        <extensions>
          <ns3:TrackPointExtension>
            <ns3:hr>125</ns3:hr>
            <ns3:cad>55</ns3:cad>
          </ns3:TrackPointExtension>
        </extensions>
      </trkpt>
      <trkpt lat="42.48223529197275638580322265625" lon="-6.28469106741249561309814453125">
        <ele>1131</ele>
        <time>2025-10-06T11:32:55.000Z</time>
        <extensions>
          <ns3:TrackPointExtension>
            <ns3:hr>125</ns3:hr>
            <ns3:cad>55</ns3:cad>
          </ns3:TrackPointExtension>
        </extensions>
      </trkpt>
      <trkpt lat="42.482185252010822296142578125" lon="-6.28476650454103946685791015625">
        <ele>1131.4000244140625</ele>
        <time>2025-10-06T11:33:02.000Z</time>
        <extensions>
          <ns3:TrackPointExtension>
            <ns3:hr>123</ns3:hr>
            <ns3:cad>53</ns3:cad>
          </ns3:TrackPointExtension>
        </extensions>
      </trkpt>
      <trkpt lat="42.482177875936031341552734375" lon="-6.2847686000168323516845703125">
        <ele>1131.4000244140625</ele>
        <time>2025-10-06T11:33:05.000Z</time>
        <extensions>
          <ns3:TrackPointExtension>
            <ns3:hr>124</ns3:hr>
            <ns3:cad>0</ns3:cad>
          </ns3:TrackPointExtension>
        </extensions>
      </trkpt>
    </trkseg>
  </trk>
</gpx>
