<?xml version="1.0" encoding="UTF-8"?>
<gpx creator="Garmin Connect" version="1.1"
  xsi:schemaLocation="http://www.topografix.com/GPX/1/1 http://www.topografix.com/GPX/11.xsd"
  xmlns:ns3="http://www.garmin.com/xmlschemas/TrackPointExtension/v1"
  xmlns="http://www.topografix.com/GPX/1/1"
  xmlns:xsi="http://www.w3.org/2001/XMLSchema-instance" xmlns:ns2="http://www.garmin.com/xmlschemas/GpxExtensions/v3">
  <metadata>
    <link href="connect.garmin.com">
      <text>Garmin Connect</text>
    </link>
    <time>2025-10-21T08:20:50.000Z</time>
  </metadata>
  <trk>
    <name>Day 2 Negreira -&gt; Vilaserío</name>
    <desc></desc>
    <type>hiking</type>
    <trkseg>
      <trkpt lat="42.90976331569254398345947265625" lon="-8.7349447421729564666748046875">
        <ele>174</ele>
        <time>2025-10-21T08:21:04.000Z</time>
        <extensions>
          <ns3:TrackPointExtension>
            <ns3:hr>106</ns3:hr>
            <ns3:cad>57</ns3:cad>
          </ns3:TrackPointExtension>
        </extensions>
      </trkpt>
      <trkpt lat="42.90971436537802219390869140625" lon="-8.73505965806543827056884765625">
        <ele>174</ele>
        <time>2025-10-21T08:21:09.000Z</time>
        <extensions>
          <ns3:TrackPointExtension>
            <ns3:hr>109</ns3:hr>
            <ns3:cad>55</ns3:cad>
          </ns3:TrackPointExtension>
        </extensions>
      </trkpt>
      <trkpt lat="42.909719310700893402099609375" lon="-8.7350969575345516204833984375">
        <ele>174.1999969482421875</ele>
        <time>2025-10-21T08:21:11.000Z</time>
        <extensions>
          <ns3:TrackPointExtension>
            <ns3:hr>108</ns3:hr>
            <ns3:cad>56</ns3:cad>
          </ns3:TrackPointExtension>
        </extensions>
      </trkpt>
      <trkpt lat="42.9096866212785243988037109375" lon="-8.735208101570606231689453125">
        <ele>175</ele>
        <time>2025-10-21T08:21:18.000Z</time>
        <extensions>
          <ns3:TrackPointExtension>
            <ns3:hr>105</ns3:hr>
            <ns3:cad>56</ns3:cad>
          </ns3:TrackPointExtension>
        </extensions>
      </trkpt>
      <trkpt lat="42.90967849083244800567626953125" lon="-8.735225535929203033447265625">
        <ele>175</ele>
        <time>2025-10-21T08:21:19.000Z</time>
        <extensions>
          <ns3:TrackPointExtension>
            <ns3:hr>105</ns3:hr>
            <ns3:cad>56</ns3:cad>
          </ns3:TrackPointExtension>
        </extensions>
      </trkpt>
      <trkpt lat="42.90967145003378391265869140625" lon="-8.73524104245007038116455078125">
        <ele>175.1999969482421875</ele>
        <time>2025-10-21T08:21:20.000Z</time>
        <extensions>
          <ns3:TrackPointExtension>
            <ns3:hr>104</ns3:hr>
            <ns3:cad>55</ns3:cad>
          </ns3:TrackPointExtension>
        </extensions>
      </trkpt>
      <trkpt lat="42.9096351563930511474609375" lon="-8.7353490851819515228271484375">
        <ele>176.1999969482421875</ele>
        <time>2025-10-21T08:21:27.000Z</time>
        <extensions>
          <ns3:TrackPointExtension>
            <ns3:hr>105</ns3:hr>
            <ns3:cad>55</ns3:cad>
          </ns3:TrackPointExtension>
        </extensions>
      </trkpt>
      <trkpt lat="42.9096286185085773468017578125" lon="-8.73536442406475543975830078125">
        <ele>176.1999969482421875</ele>
        <time>2025-10-21T08:21:28.000Z</time>
        <extensions>
          <ns3:TrackPointExtension>
            <ns3:hr>105</ns3:hr>
            <ns3:cad>55</ns3:cad>
          </ns3:TrackPointExtension>
        </extensions>
      </trkpt>
      <trkpt lat="42.90951906703412532806396484375" lon="-8.73554111458361148834228515625">
        <ele>177.1999969482421875</ele>
        <time>2025-10-21T08:21:37.000Z</time>
        <extensions>
          <ns3:TrackPointExtension>
            <ns3:hr>107</ns3:hr>
            <ns3:cad>56</ns3:cad>
          </ns3:TrackPointExtension>
        </extensions>
      </trkpt>
      <trkpt lat="42.909486629068851470947265625" lon="-8.7355760671198368072509765625">
        <ele>177.399993896484375</ele>
        <time>2025-10-21T08:21:39.000Z</time>
        <extensions>
          <ns3:TrackPointExtension>
            <ns3:hr>109</ns3:hr>
            <ns3:cad>56</ns3:cad>
          </ns3:TrackPointExtension>
        </extensions>
      </trkpt>
      <trkpt lat="42.9093483276665210723876953125" lon="-8.73564052395522594451904296875">
        <ele>177.600006103515625</ele>
        <time>2025-10-21T08:21:47.000Z</time>
        <extensions>
          <ns3:TrackPointExtension>
            <ns3:hr>111</ns3:hr>
            <ns3:cad>57</ns3:cad>
          </ns3:TrackPointExtension>
        </extensions>
      </trkpt>
      <trkpt lat="42.909199297428131103515625" lon="-8.7356934137642383575439453125">
        <ele>177.1999969482421875</ele>
        <time>2025-10-21T08:21:53.000Z</time>
        <extensions>
          <ns3:TrackPointExtension>
            <ns3:hr>112</ns3:hr>
            <ns3:cad>57</ns3:cad>
          </ns3:TrackPointExtension>
        </extensions>
      </trkpt>
      <trkpt lat="42.90917423553764820098876953125" lon="-8.73573490418493747711181640625">
        <ele>177.399993896484375</ele>
        <time>2025-10-21T08:21:54.000Z</time>
        <extensions>
          <ns3:TrackPointExtension>
            <ns3:hr>112</ns3:hr>
            <ns3:cad>57</ns3:cad>
          </ns3:TrackPointExtension>
        </extensions>
      </trkpt>
      <trkpt lat="42.9091991297900676727294921875" lon="-8.735785447061061859130859375">
        <ele>178.1999969482421875</ele>
        <time>2025-10-21T08:22:01.000Z</time>
        <extensions>
          <ns3:TrackPointExtension>
            <ns3:hr>112</ns3:hr>
            <ns3:cad>55</ns3:cad>
          </ns3:TrackPointExtension>
        </extensions>
      </trkpt>
      <trkpt lat="42.90920265018939971923828125" lon="-8.73579357750713825225830078125">
        <ele>178.1999969482421875</ele>
        <time>2025-10-21T08:22:02.000Z</time>
        <extensions>
          <ns3:TrackPointExtension>
            <ns3:hr>112</ns3:hr>
            <ns3:cad>54</ns3:cad>
          </ns3:TrackPointExtension>
        </extensions>
      </trkpt>
      <trkpt lat="42.909205667674541473388671875" lon="-8.7358690984547138214111328125">
        <ele>179</ele>
        <time>2025-10-21T08:22:10.000Z</time>
        <extensions>
          <ns3:TrackPointExtension>
            <ns3:hr>112</ns3:hr>
            <ns3:cad>55</ns3:cad>
          </ns3:TrackPointExtension>
        </extensions>
      </trkpt>
      <trkpt lat="42.9092152230441570281982421875" lon="-8.73592634685337543487548828125">
        <ele>179.399993896484375</ele>
        <time>2025-10-21T08:22:14.000Z</time>
        <extensions>
          <ns3:TrackPointExtension>
            <ns3:hr>112</ns3:hr>
            <ns3:cad>55</ns3:cad>
          </ns3:TrackPointExtension>
        </extensions>
      </trkpt>
      <trkpt lat="42.9092423804104328155517578125" lon="-8.7359830923378467559814453125">
        <ele>179.8000030517578125</ele>
        <time>2025-10-21T08:22:19.000Z</time>
        <extensions>
          <ns3:TrackPointExtension>
            <ns3:hr>112</ns3:hr>
            <ns3:cad>55</ns3:cad>
          </ns3:TrackPointExtension>
        </extensions>
      </trkpt>
      <trkpt lat="42.90931303985416889190673828125" lon="-8.7360994331538677215576171875">
        <ele>180.399993896484375</ele>
        <time>2025-10-21T08:22:25.000Z</time>
        <extensions>
          <ns3:TrackPointExtension>
            <ns3:hr>113</ns3:hr>
            <ns3:cad>56</ns3:cad>
          </ns3:TrackPointExtension>
        </extensions>
      </trkpt>
      <trkpt lat="42.90932209230959415435791015625" lon="-8.7361215613782405853271484375">
        <ele>180.600006103515625</ele>
        <time>2025-10-21T08:22:26.000Z</time>
        <extensions>
          <ns3:TrackPointExtension>
            <ns3:hr>114</ns3:hr>
            <ns3:cad>56</ns3:cad>
          </ns3:TrackPointExtension>
        </extensions>
      </trkpt>
      <trkpt lat="42.90939216502010822296142578125" lon="-8.73628475703299045562744140625">
        <ele>181.399993896484375</ele>
        <time>2025-10-21T08:22:34.000Z</time>
        <extensions>
          <ns3:TrackPointExtension>
            <ns3:hr>115</ns3:hr>
            <ns3:cad>55</ns3:cad>
          </ns3:TrackPointExtension>
        </extensions>
      </trkpt>
      <trkpt lat="42.90944094769656658172607421875" lon="-8.73639338649809360504150390625">
        <ele>181.1999969482421875</ele>
        <time>2025-10-21T08:22:41.000Z</time>
        <extensions>
          <ns3:TrackPointExtension>
            <ns3:hr>117</ns3:hr>
            <ns3:cad>56</ns3:cad>
          </ns3:TrackPointExtension>
        </extensions>
      </trkpt>
      <trkpt lat="42.909430302679538726806640625" lon="-8.73642775230109691619873046875">
        <ele>180.8000030517578125</ele>
        <time>2025-10-21T08:22:46.000Z</time>
        <extensions>
          <ns3:TrackPointExtension>
            <ns3:hr>118</ns3:hr>
            <ns3:cad>58</ns3:cad>
          </ns3:TrackPointExtension>
        </extensions>
      </trkpt>
      <trkpt lat="42.90942569263279438018798828125" lon="-8.73643848113715648651123046875">
        <ele>180.600006103515625</ele>
        <time>2025-10-21T08:22:48.000Z</time>
        <extensions>
          <ns3:TrackPointExtension>
            <ns3:hr>118</ns3:hr>
            <ns3:cad>58</ns3:cad>
          </ns3:TrackPointExtension>
        </extensions>
      </trkpt>
      <trkpt lat="42.90940742008388042449951171875" lon="-8.736491538584232330322265625">
        <ele>180.399993896484375</ele>
        <time>2025-10-21T08:22:54.000Z</time>
        <extensions>
          <ns3:TrackPointExtension>
            <ns3:hr>116</ns3:hr>
            <ns3:cad>58</ns3:cad>
          </ns3:TrackPointExtension>
        </extensions>
      </trkpt>
      <trkpt lat="42.90940515697002410888671875" lon="-8.7364952266216278076171875">
        <ele>180.399993896484375</ele>
        <time>2025-10-21T08:22:55.000Z</time>
        <extensions>
          <ns3:TrackPointExtension>
            <ns3:hr>116</ns3:hr>
            <ns3:cad>58</ns3:cad>
          </ns3:TrackPointExtension>
        </extensions>
      </trkpt>
      <trkpt lat="42.90937137790024280548095703125" lon="-8.73651190660893917083740234375">
        <ele>180.1999969482421875</ele>
        <time>2025-10-21T08:22:58.000Z</time>
        <extensions>
          <ns3:TrackPointExtension>
            <ns3:hr>115</ns3:hr>
            <ns3:cad>57</ns3:cad>
          </ns3:TrackPointExtension>
        </extensions>
      </trkpt>
      <trkpt lat="42.90931588970124721527099609375" lon="-8.73656270094215869903564453125">
        <ele>180</ele>
        <time>2025-10-21T08:23:04.000Z</time>
        <extensions>
          <ns3:TrackPointExtension>
            <ns3:hr>114</ns3:hr>
            <ns3:cad>58</ns3:cad>
          </ns3:TrackPointExtension>
        </extensions>
      </trkpt>
      <trkpt lat="42.90930323302745819091796875" lon="-8.73659220524132251739501953125">
        <ele>179.8000030517578125</ele>
        <time>2025-10-21T08:23:05.000Z</time>
        <extensions>
          <ns3:TrackPointExtension>
            <ns3:hr>114</ns3:hr>
            <ns3:cad>57</ns3:cad>
          </ns3:TrackPointExtension>
        </extensions>
      </trkpt>
      <trkpt lat="42.90925495326519012451171875" lon="-8.73665280640125274658203125">
        <ele>179.399993896484375</ele>
        <time>2025-10-21T08:23:10.000Z</time>
        <extensions>
          <ns3:TrackPointExtension>
            <ns3:hr>113</ns3:hr>
            <ns3:cad>57</ns3:cad>
          </ns3:TrackPointExtension>
        </extensions>
      </trkpt>
      <trkpt lat="42.909245230257511138916015625" lon="-8.7366714142262935638427734375">
        <ele>179.1999969482421875</ele>
        <time>2025-10-21T08:23:12.000Z</time>
        <extensions>
          <ns3:TrackPointExtension>
            <ns3:hr>114</ns3:hr>
            <ns3:cad>58</ns3:cad>
          </ns3:TrackPointExtension>
        </extensions>
      </trkpt>
      <trkpt lat="42.9092185758054256439208984375" lon="-8.73672966845333576202392578125">
        <ele>178.8000030517578125</ele>
        <time>2025-10-21T08:23:19.000Z</time>
        <extensions>
          <ns3:TrackPointExtension>
            <ns3:hr>113</ns3:hr>
            <ns3:cad>57</ns3:cad>
          </ns3:TrackPointExtension>
        </extensions>
      </trkpt>
      <trkpt lat="42.90919435210525989532470703125" lon="-8.7367884255945682525634765625">
        <ele>178.8000030517578125</ele>
        <time>2025-10-21T08:23:21.000Z</time>
        <extensions>
          <ns3:TrackPointExtension>
            <ns3:hr>113</ns3:hr>
            <ns3:cad>57</ns3:cad>
          </ns3:TrackPointExtension>
        </extensions>
      </trkpt>
      <trkpt lat="42.90919384919106960296630859375" lon="-8.7368331849575042724609375">
        <ele>178.600006103515625</ele>
        <time>2025-10-21T08:23:26.000Z</time>
        <extensions>
          <ns3:TrackPointExtension>
            <ns3:hr>114</ns3:hr>
            <ns3:cad>58</ns3:cad>
          </ns3:TrackPointExtension>
        </extensions>
      </trkpt>
      <trkpt lat="42.9091934300959110260009765625" lon="-8.736845590174198150634765625">
        <ele>178.399993896484375</ele>
        <time>2025-10-21T08:23:31.000Z</time>
        <extensions>
          <ns3:TrackPointExtension>
            <ns3:hr>114</ns3:hr>
            <ns3:cad>57</ns3:cad>
          </ns3:TrackPointExtension>
        </extensions>
      </trkpt>
      <trkpt lat="42.90918580256402492523193359375" lon="-8.73688641004264354705810546875">
        <ele>178.1999969482421875</ele>
        <time>2025-10-21T08:23:34.000Z</time>
        <extensions>
          <ns3:TrackPointExtension>
            <ns3:hr>114</ns3:hr>
            <ns3:cad>57</ns3:cad>
          </ns3:TrackPointExtension>
        </extensions>
      </trkpt>
      <trkpt lat="42.90917641483247280120849609375" lon="-8.7369141541421413421630859375">
        <ele>178</ele>
        <time>2025-10-21T08:23:37.000Z</time>
        <extensions>
          <ns3:TrackPointExtension>
            <ns3:hr>113</ns3:hr>
            <ns3:cad>58</ns3:cad>
          </ns3:TrackPointExtension>
        </extensions>
      </trkpt>
      <trkpt lat="42.90913836099207401275634765625" lon="-8.73695849440991878509521484375">
        <ele>177.600006103515625</ele>
        <time>2025-10-21T08:23:42.000Z</time>
        <extensions>
          <ns3:TrackPointExtension>
            <ns3:hr>112</ns3:hr>
            <ns3:cad>57</ns3:cad>
          </ns3:TrackPointExtension>
        </extensions>
      </trkpt>
      <trkpt lat="42.90911472402513027191162109375" lon="-8.7369818799197673797607421875">
        <ele>177.399993896484375</ele>
        <time>2025-10-21T08:23:44.000Z</time>
        <extensions>
          <ns3:TrackPointExtension>
            <ns3:hr>112</ns3:hr>
            <ns3:cad>58</ns3:cad>
          </ns3:TrackPointExtension>
        </extensions>
      </trkpt>
      <trkpt lat="42.90910332463681697845458984375" lon="-8.73699604533612728118896484375">
        <ele>177.399993896484375</ele>
        <time>2025-10-21T08:23:45.000Z</time>
        <extensions>
          <ns3:TrackPointExtension>
            <ns3:hr>112</ns3:hr>
            <ns3:cad>58</ns3:cad>
          </ns3:TrackPointExtension>
        </extensions>
      </trkpt>
      <trkpt lat="42.909093014895915985107421875" lon="-8.73699973337352275848388671875">
        <ele>177.1999969482421875</ele>
        <time>2025-10-21T08:23:46.000Z</time>
        <extensions>
          <ns3:TrackPointExtension>
            <ns3:hr>112</ns3:hr>
            <ns3:cad>59</ns3:cad>
          </ns3:TrackPointExtension>
        </extensions>
      </trkpt>
      <trkpt lat="42.909031324088573455810546875" lon="-8.7370405532419681549072265625">
        <ele>176.8000030517578125</ele>
        <time>2025-10-21T08:23:52.000Z</time>
        <extensions>
          <ns3:TrackPointExtension>
            <ns3:hr>112</ns3:hr>
            <ns3:cad>58</ns3:cad>
          </ns3:TrackPointExtension>
        </extensions>
      </trkpt>
      <trkpt lat="42.908925712108612060546875" lon="-8.7371282279491424560546875">
        <ele>176.399993896484375</ele>
        <time>2025-10-21T08:23:59.000Z</time>
        <extensions>
          <ns3:TrackPointExtension>
            <ns3:hr>108</ns3:hr>
            <ns3:cad>57</ns3:cad>
          </ns3:TrackPointExtension>
        </extensions>
      </trkpt>
      <trkpt lat="42.908888161182403564453125" lon="-8.7371605820953845977783203125">
        <ele>176.1999969482421875</ele>
        <time>2025-10-21T08:24:01.000Z</time>
        <extensions>
          <ns3:TrackPointExtension>
            <ns3:hr>104</ns3:hr>
            <ns3:cad>57</ns3:cad>
          </ns3:TrackPointExtension>
        </extensions>
      </trkpt>
      <trkpt lat="42.90887433104217052459716796875" lon="-8.73717323876917362213134765625">
        <ele>176.1999969482421875</ele>
        <time>2025-10-21T08:24:02.000Z</time>
        <extensions>
          <ns3:TrackPointExtension>
            <ns3:hr>101</ns3:hr>
            <ns3:cad>57</ns3:cad>
          </ns3:TrackPointExtension>
        </extensions>
      </trkpt>
      <trkpt lat="42.90885840542614459991455078125" lon="-8.737185895442962646484375">
        <ele>176.1999969482421875</ele>
        <time>2025-10-21T08:24:03.000Z</time>
        <extensions>
          <ns3:TrackPointExtension>
            <ns3:hr>97</ns3:hr>
            <ns3:cad>57</ns3:cad>
          </ns3:TrackPointExtension>
        </extensions>
      </trkpt>
      <trkpt lat="42.90884683839976787567138671875" lon="-8.73719637282192707061767578125">
        <ele>176</ele>
        <time>2025-10-21T08:24:04.000Z</time>
        <extensions>
          <ns3:TrackPointExtension>
            <ns3:hr>94</ns3:hr>
            <ns3:cad>57</ns3:cad>
          </ns3:TrackPointExtension>
        </extensions>
      </trkpt>
      <trkpt lat="42.90883325971662998199462890625" lon="-8.737211711704730987548828125">
        <ele>175.8000030517578125</ele>
        <time>2025-10-21T08:24:05.000Z</time>
        <extensions>
          <ns3:TrackPointExtension>
            <ns3:hr>91</ns3:hr>
            <ns3:cad>57</ns3:cad>
          </ns3:TrackPointExtension>
        </extensions>
      </trkpt>
      <trkpt lat="42.90882311761379241943359375" lon="-8.73722487129271030426025390625">
        <ele>175.8000030517578125</ele>
        <time>2025-10-21T08:24:06.000Z</time>
        <extensions>
          <ns3:TrackPointExtension>
            <ns3:hr>91</ns3:hr>
            <ns3:cad>57</ns3:cad>
          </ns3:TrackPointExtension>
        </extensions>
      </trkpt>
      <trkpt lat="42.90873385034501552581787109375" lon="-8.7373181618750095367431640625">
        <ele>175.399993896484375</ele>
        <time>2025-10-21T08:24:11.000Z</time>
        <extensions>
          <ns3:TrackPointExtension>
            <ns3:hr>90</ns3:hr>
            <ns3:cad>59</ns3:cad>
          </ns3:TrackPointExtension>
        </extensions>
      </trkpt>
      <trkpt lat="42.90866796858608722686767578125" lon="-8.73737121932208538055419921875">
        <ele>175.1999969482421875</ele>
        <time>2025-10-21T08:24:14.000Z</time>
        <extensions>
          <ns3:TrackPointExtension>
            <ns3:hr>91</ns3:hr>
            <ns3:cad>59</ns3:cad>
          </ns3:TrackPointExtension>
        </extensions>
      </trkpt>
      <trkpt lat="42.9085946269333362579345703125" lon="-8.73746476136147975921630859375">
        <ele>174.8000030517578125</ele>
        <time>2025-10-21T08:24:19.000Z</time>
        <extensions>
          <ns3:TrackPointExtension>
            <ns3:hr>90</ns3:hr>
            <ns3:cad>59</ns3:cad>
          </ns3:TrackPointExtension>
        </extensions>
      </trkpt>
      <trkpt lat="42.908547185361385345458984375" lon="-8.73753567226231098175048828125">
        <ele>174.399993896484375</ele>
        <time>2025-10-21T08:24:27.000Z</time>
        <extensions>
          <ns3:TrackPointExtension>
            <ns3:hr>90</ns3:hr>
            <ns3:cad>59</ns3:cad>
          </ns3:TrackPointExtension>
        </extensions>
      </trkpt>
      <trkpt lat="42.90853117592632770538330078125" lon="-8.7375826947391033172607421875">
        <ele>174.1999969482421875</ele>
        <time>2025-10-21T08:24:29.000Z</time>
        <extensions>
          <ns3:TrackPointExtension>
            <ns3:hr>91</ns3:hr>
            <ns3:cad>57</ns3:cad>
          </ns3:TrackPointExtension>
        </extensions>
      </trkpt>
      <trkpt lat="42.9084863327443599700927734375" lon="-8.7376386858522891998291015625">
        <ele>174</ele>
        <time>2025-10-21T08:24:36.000Z</time>
        <extensions>
          <ns3:TrackPointExtension>
            <ns3:hr>91</ns3:hr>
            <ns3:cad>58</ns3:cad>
          </ns3:TrackPointExtension>
        </extensions>
      </trkpt>
      <trkpt lat="42.90839932858943939208984375" lon="-8.7377164699137210845947265625">
        <ele>173.600006103515625</ele>
        <time>2025-10-21T08:24:45.000Z</time>
        <extensions>
          <ns3:TrackPointExtension>
            <ns3:hr>88</ns3:hr>
            <ns3:cad>58</ns3:cad>
          </ns3:TrackPointExtension>
        </extensions>
      </trkpt>
      <trkpt lat="42.9083227179944515228271484375" lon="-8.73781160451471805572509765625">
        <ele>173.1999969482421875</ele>
        <time>2025-10-21T08:24:53.000Z</time>
        <extensions>
          <ns3:TrackPointExtension>
            <ns3:hr>88</ns3:hr>
            <ns3:cad>57</ns3:cad>
          </ns3:TrackPointExtension>
        </extensions>
      </trkpt>
      <trkpt lat="42.90829463861882686614990234375" lon="-8.73783297836780548095703125">
        <ele>173</ele>
        <time>2025-10-21T08:24:55.000Z</time>
        <extensions>
          <ns3:TrackPointExtension>
            <ns3:hr>89</ns3:hr>
            <ns3:cad>57</ns3:cad>
          </ns3:TrackPointExtension>
        </extensions>
      </trkpt>
      <trkpt lat="42.90820419788360595703125" lon="-8.7379357405006885528564453125">
        <ele>172.1999969482421875</ele>
        <time>2025-10-21T08:25:03.000Z</time>
        <extensions>
          <ns3:TrackPointExtension>
            <ns3:hr>89</ns3:hr>
            <ns3:cad>59</ns3:cad>
          </ns3:TrackPointExtension>
        </extensions>
      </trkpt>
      <trkpt lat="42.90818332694470882415771484375" lon="-8.73796516098082065582275390625">
        <ele>172</ele>
        <time>2025-10-21T08:25:05.000Z</time>
        <extensions>
          <ns3:TrackPointExtension>
            <ns3:hr>89</ns3:hr>
            <ns3:cad>59</ns3:cad>
          </ns3:TrackPointExtension>
        </extensions>
      </trkpt>
      <trkpt lat="42.9076481424272060394287109375" lon="-8.7388426624238491058349609375">
        <ele>167.8000030517578125</ele>
        <time>2025-10-21T08:26:14.000Z</time>
        <extensions>
          <ns3:TrackPointExtension>
            <ns3:hr>91</ns3:hr>
            <ns3:cad>59</ns3:cad>
          </ns3:TrackPointExtension>
        </extensions>
      </trkpt>
      <trkpt lat="42.90759726427495479583740234375" lon="-8.7389915250241756439208984375">
        <ele>167.1999969482421875</ele>
        <time>2025-10-21T08:26:23.000Z</time>
        <extensions>
          <ns3:TrackPointExtension>
            <ns3:hr>90</ns3:hr>
            <ns3:cad>59</ns3:cad>
          </ns3:TrackPointExtension>
        </extensions>
      </trkpt>
      <trkpt lat="42.90754378773272037506103515625" lon="-8.73907660134136676788330078125">
        <ele>166.8000030517578125</ele>
        <time>2025-10-21T08:26:29.000Z</time>
        <extensions>
          <ns3:TrackPointExtension>
            <ns3:hr>90</ns3:hr>
            <ns3:cad>59</ns3:cad>
          </ns3:TrackPointExtension>
        </extensions>
      </trkpt>
      <trkpt lat="42.90753473527729511260986328125" lon="-8.739088587462902069091796875">
        <ele>166.8000030517578125</ele>
        <time>2025-10-21T08:26:30.000Z</time>
        <extensions>
          <ns3:TrackPointExtension>
            <ns3:hr>90</ns3:hr>
            <ns3:cad>59</ns3:cad>
          </ns3:TrackPointExtension>
        </extensions>
      </trkpt>
      <trkpt lat="42.90744069032371044158935546875" lon="-8.73921959660947322845458984375">
        <ele>165.8000030517578125</ele>
        <time>2025-10-21T08:26:40.000Z</time>
        <extensions>
          <ns3:TrackPointExtension>
            <ns3:hr>89</ns3:hr>
            <ns3:cad>59</ns3:cad>
          </ns3:TrackPointExtension>
        </extensions>
      </trkpt>
      <trkpt lat="42.907373718917369842529296875" lon="-8.73932428658008575439453125">
        <ele>164.8000030517578125</ele>
        <time>2025-10-21T08:26:49.000Z</time>
        <extensions>
          <ns3:TrackPointExtension>
            <ns3:hr>90</ns3:hr>
            <ns3:cad>57</ns3:cad>
          </ns3:TrackPointExtension>
        </extensions>
      </trkpt>
      <trkpt lat="42.9073608107864856719970703125" lon="-8.739337362349033355712890625">
        <ele>164.600006103515625</ele>
        <time>2025-10-21T08:26:50.000Z</time>
        <extensions>
          <ns3:TrackPointExtension>
            <ns3:hr>90</ns3:hr>
            <ns3:cad>57</ns3:cad>
          </ns3:TrackPointExtension>
        </extensions>
      </trkpt>
      <trkpt lat="42.90728847496211528778076171875" lon="-8.7394572235643863677978515625">
        <ele>163.8000030517578125</ele>
        <time>2025-10-21T08:26:59.000Z</time>
        <extensions>
          <ns3:TrackPointExtension>
            <ns3:hr>90</ns3:hr>
            <ns3:cad>59</ns3:cad>
          </ns3:TrackPointExtension>
        </extensions>
      </trkpt>
      <trkpt lat="42.90726743638515472412109375" lon="-8.7394964508712291717529296875">
        <ele>163.600006103515625</ele>
        <time>2025-10-21T08:27:02.000Z</time>
        <extensions>
          <ns3:TrackPointExtension>
            <ns3:hr>89</ns3:hr>
            <ns3:cad>58</ns3:cad>
          </ns3:TrackPointExtension>
        </extensions>
      </trkpt>
      <trkpt lat="42.90721588768064975738525390625" lon="-8.73954833485186100006103515625">
        <ele>163.1999969482421875</ele>
        <time>2025-10-21T08:27:08.000Z</time>
        <extensions>
          <ns3:TrackPointExtension>
            <ns3:hr>89</ns3:hr>
            <ns3:cad>58</ns3:cad>
          </ns3:TrackPointExtension>
        </extensions>
      </trkpt>
      <trkpt lat="42.90713659487664699554443359375" lon="-8.73961371369659900665283203125">
        <ele>163.1999969482421875</ele>
        <time>2025-10-21T08:27:15.000Z</time>
        <extensions>
          <ns3:TrackPointExtension>
            <ns3:hr>89</ns3:hr>
            <ns3:cad>56</ns3:cad>
          </ns3:TrackPointExtension>
        </extensions>
      </trkpt>
      <trkpt lat="42.907076664268970489501953125" lon="-8.73971932567656040191650390625">
        <ele>163.1999969482421875</ele>
        <time>2025-10-21T08:27:23.000Z</time>
        <extensions>
          <ns3:TrackPointExtension>
            <ns3:hr>90</ns3:hr>
            <ns3:cad>57</ns3:cad>
          </ns3:TrackPointExtension>
        </extensions>
      </trkpt>
      <trkpt lat="42.90707238949835300445556640625" lon="-8.739724270999431610107421875">
        <ele>163.399993896484375</ele>
        <time>2025-10-21T08:27:24.000Z</time>
        <extensions>
          <ns3:TrackPointExtension>
            <ns3:hr>90</ns3:hr>
            <ns3:cad>57</ns3:cad>
          </ns3:TrackPointExtension>
        </extensions>
      </trkpt>
      <trkpt lat="42.9070419631898403167724609375" lon="-8.739723600447177886962890625">
        <ele>163</ele>
        <time>2025-10-21T08:28:22.000Z</time>
        <extensions>
          <ns3:TrackPointExtension>
            <ns3:hr>89</ns3:hr>
            <ns3:cad>0</ns3:cad>
          </ns3:TrackPointExtension>
        </extensions>
      </trkpt>
      <trkpt lat="42.9070241935551166534423828125" lon="-8.73975385911762714385986328125">
        <ele>163</ele>
        <time>2025-10-21T08:28:25.000Z</time>
        <extensions>
          <ns3:TrackPointExtension>
            <ns3:hr>89</ns3:hr>
            <ns3:cad>0</ns3:cad>
          </ns3:TrackPointExtension>
        </extensions>
      </trkpt>
      <trkpt lat="42.907002232968807220458984375" lon="-8.73979903757572174072265625">
        <ele>162.399993896484375</ele>
        <time>2025-10-21T08:28:29.000Z</time>
        <extensions>
          <ns3:TrackPointExtension>
            <ns3:hr>89</ns3:hr>
            <ns3:cad>53</ns3:cad>
          </ns3:TrackPointExtension>
        </extensions>
      </trkpt>
      <trkpt lat="42.90699175558984279632568359375" lon="-8.73979392461478710174560546875">
        <ele>162.399993896484375</ele>
        <time>2025-10-21T08:28:31.000Z</time>
        <extensions>
          <ns3:TrackPointExtension>
            <ns3:hr>88</ns3:hr>
            <ns3:cad>56</ns3:cad>
          </ns3:TrackPointExtension>
        </extensions>
      </trkpt>
      <trkpt lat="42.9069583117961883544921875" lon="-8.73978990130126476287841796875">
        <ele>162.600006103515625</ele>
        <time>2025-10-21T08:28:35.000Z</time>
        <extensions>
          <ns3:TrackPointExtension>
            <ns3:hr>87</ns3:hr>
            <ns3:cad>56</ns3:cad>
          </ns3:TrackPointExtension>
        </extensions>
      </trkpt>
      <trkpt lat="42.906946241855621337890625" lon="-8.739793002605438232421875">
        <ele>162.600006103515625</ele>
        <time>2025-10-21T08:28:36.000Z</time>
        <extensions>
          <ns3:TrackPointExtension>
            <ns3:hr>87</ns3:hr>
            <ns3:cad>56</ns3:cad>
          </ns3:TrackPointExtension>
        </extensions>
      </trkpt>
      <trkpt lat="42.9068931005895137786865234375" lon="-8.73988562263548374176025390625">
        <ele>162.1999969482421875</ele>
        <time>2025-10-21T08:28:43.000Z</time>
        <extensions>
          <ns3:TrackPointExtension>
            <ns3:hr>87</ns3:hr>
            <ns3:cad>56</ns3:cad>
          </ns3:TrackPointExtension>
        </extensions>
      </trkpt>
      <trkpt lat="42.9068005643784999847412109375" lon="-8.7399738840758800506591796875">
        <ele>162.1999969482421875</ele>
        <time>2025-10-21T08:28:53.000Z</time>
        <extensions>
          <ns3:TrackPointExtension>
            <ns3:hr>88</ns3:hr>
            <ns3:cad>57</ns3:cad>
          </ns3:TrackPointExtension>
        </extensions>
      </trkpt>
      <trkpt lat="42.90669537149369716644287109375" lon="-8.7400399334728717803955078125">
        <ele>162.1999969482421875</ele>
        <time>2025-10-21T08:29:02.000Z</time>
        <extensions>
          <ns3:TrackPointExtension>
            <ns3:hr>89</ns3:hr>
            <ns3:cad>57</ns3:cad>
          </ns3:TrackPointExtension>
        </extensions>
      </trkpt>
      <trkpt lat="42.906599901616573333740234375" lon="-8.74013858847320079803466796875">
        <ele>162</ele>
        <time>2025-10-21T08:29:12.000Z</time>
        <extensions>
          <ns3:TrackPointExtension>
            <ns3:hr>90</ns3:hr>
            <ns3:cad>56</ns3:cad>
          </ns3:TrackPointExtension>
        </extensions>
      </trkpt>
      <trkpt lat="42.90651096962392330169677734375" lon="-8.74019843526184558868408203125">
        <ele>162.8000030517578125</ele>
        <time>2025-10-21T08:29:21.000Z</time>
        <extensions>
          <ns3:TrackPointExtension>
            <ns3:hr>91</ns3:hr>
            <ns3:cad>55</ns3:cad>
          </ns3:TrackPointExtension>
        </extensions>
      </trkpt>
      <trkpt lat="42.906414158642292022705078125" lon="-8.7402870319783687591552734375">
        <ele>163.600006103515625</ele>
        <time>2025-10-21T08:29:31.000Z</time>
        <extensions>
          <ns3:TrackPointExtension>
            <ns3:hr>93</ns3:hr>
            <ns3:cad>55</ns3:cad>
          </ns3:TrackPointExtension>
        </extensions>
      </trkpt>
      <trkpt lat="42.90638842619955539703369140625" lon="-8.7403265945613384246826171875">
        <ele>163.8000030517578125</ele>
        <time>2025-10-21T08:29:36.000Z</time>
        <extensions>
          <ns3:TrackPointExtension>
            <ns3:hr>96</ns3:hr>
            <ns3:cad>54</ns3:cad>
          </ns3:TrackPointExtension>
        </extensions>
      </trkpt>
      <trkpt lat="42.9063442535698413848876953125" lon="-8.74040245078504085540771484375">
        <ele>163.8000030517578125</ele>
        <time>2025-10-21T08:29:42.000Z</time>
        <extensions>
          <ns3:TrackPointExtension>
            <ns3:hr>99</ns3:hr>
            <ns3:cad>57</ns3:cad>
          </ns3:TrackPointExtension>
        </extensions>
      </trkpt>
      <trkpt lat="42.906337715685367584228515625" lon="-8.74043128453195095062255859375">
        <ele>164</ele>
        <time>2025-10-21T08:29:44.000Z</time>
        <extensions>
          <ns3:TrackPointExtension>
            <ns3:hr>100</ns3:hr>
            <ns3:cad>56</ns3:cad>
          </ns3:TrackPointExtension>
        </extensions>
      </trkpt>
      <trkpt lat="42.90631500072777271270751953125" lon="-8.74050672166049480438232421875">
        <ele>164.600006103515625</ele>
        <time>2025-10-21T08:29:50.000Z</time>
        <extensions>
          <ns3:TrackPointExtension>
            <ns3:hr>101</ns3:hr>
            <ns3:cad>52</ns3:cad>
          </ns3:TrackPointExtension>
        </extensions>
      </trkpt>
      <trkpt lat="42.90629019029438495635986328125" lon="-8.7405341304838657379150390625">
        <ele>165</ele>
        <time>2025-10-21T08:29:53.000Z</time>
        <extensions>
          <ns3:TrackPointExtension>
            <ns3:hr>101</ns3:hr>
            <ns3:cad>52</ns3:cad>
          </ns3:TrackPointExtension>
        </extensions>
      </trkpt>
      <trkpt lat="42.9062597639858722686767578125" lon="-8.7405545823276042938232421875">
        <ele>165.600006103515625</ele>
        <time>2025-10-21T08:29:56.000Z</time>
        <extensions>
          <ns3:TrackPointExtension>
            <ns3:hr>102</ns3:hr>
            <ns3:cad>52</ns3:cad>
          </ns3:TrackPointExtension>
        </extensions>
      </trkpt>
      <trkpt lat="42.906200587749481201171875" lon="-8.74056640081107616424560546875">
        <ele>166.600006103515625</ele>
        <time>2025-10-21T08:30:01.000Z</time>
        <extensions>
          <ns3:TrackPointExtension>
            <ns3:hr>103</ns3:hr>
            <ns3:cad>52</ns3:cad>
          </ns3:TrackPointExtension>
        </extensions>
      </trkpt>
      <trkpt lat="42.90618759579956531524658203125" lon="-8.74056019820272922515869140625">
        <ele>166.8000030517578125</ele>
        <time>2025-10-21T08:30:02.000Z</time>
        <extensions>
          <ns3:TrackPointExtension>
            <ns3:hr>104</ns3:hr>
            <ns3:cad>52</ns3:cad>
          </ns3:TrackPointExtension>
        </extensions>
      </trkpt>
      <trkpt lat="42.90611836127936840057373046875" lon="-8.74050638638436794281005859375">
        <ele>167.8000030517578125</ele>
        <time>2025-10-21T08:30:08.000Z</time>
        <extensions>
          <ns3:TrackPointExtension>
            <ns3:hr>106</ns3:hr>
            <ns3:cad>53</ns3:cad>
          </ns3:TrackPointExtension>
        </extensions>
      </trkpt>
      <trkpt lat="42.906098663806915283203125" lon="-8.74049096368253231048583984375">
        <ele>168</ele>
        <time>2025-10-21T08:30:10.000Z</time>
        <extensions>
          <ns3:TrackPointExtension>
            <ns3:hr>106</ns3:hr>
            <ns3:cad>54</ns3:cad>
          </ns3:TrackPointExtension>
        </extensions>
      </trkpt>
      <trkpt lat="42.90605063550174236297607421875" lon="-8.74045542441308498382568359375">
        <ele>168.8000030517578125</ele>
        <time>2025-10-21T08:30:15.000Z</time>
        <extensions>
          <ns3:TrackPointExtension>
            <ns3:hr>108</ns3:hr>
            <ns3:cad>55</ns3:cad>
          </ns3:TrackPointExtension>
        </extensions>
      </trkpt>
      <trkpt lat="42.905991375446319580078125" lon="-8.74041250906884670257568359375">
        <ele>169.600006103515625</ele>
        <time>2025-10-21T08:30:21.000Z</time>
        <extensions>
          <ns3:TrackPointExtension>
            <ns3:hr>110</ns3:hr>
            <ns3:cad>55</ns3:cad>
          </ns3:TrackPointExtension>
        </extensions>
      </trkpt>
      <trkpt lat="42.90596731938421726226806640625" lon="-8.74039289541542530059814453125">
        <ele>169.8000030517578125</ele>
        <time>2025-10-21T08:30:23.000Z</time>
        <extensions>
          <ns3:TrackPointExtension>
            <ns3:hr>110</ns3:hr>
            <ns3:cad>53</ns3:cad>
          </ns3:TrackPointExtension>
        </extensions>
      </trkpt>
      <trkpt lat="42.905902862548828125" lon="-8.74033774249255657196044921875">
        <ele>170.399993896484375</ele>
        <time>2025-10-21T08:30:30.000Z</time>
        <extensions>
          <ns3:TrackPointExtension>
            <ns3:hr>111</ns3:hr>
            <ns3:cad>53</ns3:cad>
          </ns3:TrackPointExtension>
        </extensions>
      </trkpt>
      <trkpt lat="42.905863635241985321044921875" lon="-8.7403108365833759307861328125">
        <ele>170.8000030517578125</ele>
        <time>2025-10-21T08:30:34.000Z</time>
        <extensions>
          <ns3:TrackPointExtension>
            <ns3:hr>111</ns3:hr>
            <ns3:cad>53</ns3:cad>
          </ns3:TrackPointExtension>
        </extensions>
      </trkpt>
      <trkpt lat="42.90578358806669712066650390625" lon="-8.740270771086215972900390625">
        <ele>171.600006103515625</ele>
        <time>2025-10-21T08:30:42.000Z</time>
        <extensions>
          <ns3:TrackPointExtension>
            <ns3:hr>111</ns3:hr>
            <ns3:cad>53</ns3:cad>
          </ns3:TrackPointExtension>
        </extensions>
      </trkpt>
      <trkpt lat="42.905738912522792816162109375" lon="-8.7402669154107570648193359375">
        <ele>172</ele>
        <time>2025-10-21T08:30:46.000Z</time>
        <extensions>
          <ns3:TrackPointExtension>
            <ns3:hr>111</ns3:hr>
            <ns3:cad>51</ns3:cad>
          </ns3:TrackPointExtension>
        </extensions>
      </trkpt>
      <trkpt lat="42.9056998528540134429931640625" lon="-8.74027202837169170379638671875">
        <ele>172.399993896484375</ele>
        <time>2025-10-21T08:30:50.000Z</time>
        <extensions>
          <ns3:TrackPointExtension>
            <ns3:hr>110</ns3:hr>
            <ns3:cad>53</ns3:cad>
          </ns3:TrackPointExtension>
        </extensions>
      </trkpt>
      <trkpt lat="42.90563237853348255157470703125" lon="-8.74026649631559848785400390625">
        <ele>173</ele>
        <time>2025-10-21T08:30:55.000Z</time>
        <extensions>
          <ns3:TrackPointExtension>
            <ns3:hr>110</ns3:hr>
            <ns3:cad>52</ns3:cad>
          </ns3:TrackPointExtension>
        </extensions>
      </trkpt>
      <trkpt lat="42.90556599386036396026611328125" lon="-8.74028862453997135162353515625">
        <ele>173.600006103515625</ele>
        <time>2025-10-21T08:31:01.000Z</time>
        <extensions>
          <ns3:TrackPointExtension>
            <ns3:hr>109</ns3:hr>
            <ns3:cad>51</ns3:cad>
          </ns3:TrackPointExtension>
        </extensions>
      </trkpt>
      <trkpt lat="42.90554621256887912750244140625" lon="-8.74030086211860179901123046875">
        <ele>174</ele>
        <time>2025-10-21T08:31:03.000Z</time>
        <extensions>
          <ns3:TrackPointExtension>
            <ns3:hr>109</ns3:hr>
            <ns3:cad>51</ns3:cad>
          </ns3:TrackPointExtension>
        </extensions>
      </trkpt>
      <trkpt lat="42.90551603771746158599853515625" lon="-8.7403138540685176849365234375">
        <ele>174.399993896484375</ele>
        <time>2025-10-21T08:31:06.000Z</time>
        <extensions>
          <ns3:TrackPointExtension>
            <ns3:hr>115</ns3:hr>
            <ns3:cad>52</ns3:cad>
          </ns3:TrackPointExtension>
        </extensions>
      </trkpt>
      <trkpt lat="42.9054799117147922515869140625" lon="-8.74033891595900058746337890625">
        <ele>175</ele>
        <time>2025-10-21T08:31:10.000Z</time>
        <extensions>
          <ns3:TrackPointExtension>
            <ns3:hr>118</ns3:hr>
            <ns3:cad>52</ns3:cad>
          </ns3:TrackPointExtension>
        </extensions>
      </trkpt>
      <trkpt lat="42.90546960197389125823974609375" lon="-8.74034696258604526519775390625">
        <ele>175</ele>
        <time>2025-10-21T08:31:11.000Z</time>
        <extensions>
          <ns3:TrackPointExtension>
            <ns3:hr>117</ns3:hr>
            <ns3:cad>52</ns3:cad>
          </ns3:TrackPointExtension>
        </extensions>
      </trkpt>
      <trkpt lat="42.9054589569568634033203125" lon="-8.74035551212728023529052734375">
        <ele>175.1999969482421875</ele>
        <time>2025-10-21T08:31:12.000Z</time>
        <extensions>
          <ns3:TrackPointExtension>
            <ns3:hr>118</ns3:hr>
            <ns3:cad>52</ns3:cad>
          </ns3:TrackPointExtension>
        </extensions>
      </trkpt>
      <trkpt lat="42.90537823922932147979736328125" lon="-8.74044871889054775238037109375">
        <ele>176.1999969482421875</ele>
        <time>2025-10-21T08:31:22.000Z</time>
        <extensions>
          <ns3:TrackPointExtension>
            <ns3:hr>118</ns3:hr>
            <ns3:cad>53</ns3:cad>
          </ns3:TrackPointExtension>
        </extensions>
      </trkpt>
      <trkpt lat="42.9053689353168010711669921875" lon="-8.740464560687541961669921875">
        <ele>176.1999969482421875</ele>
        <time>2025-10-21T08:31:23.000Z</time>
        <extensions>
          <ns3:TrackPointExtension>
            <ns3:hr>118</ns3:hr>
            <ns3:cad>53</ns3:cad>
          </ns3:TrackPointExtension>
        </extensions>
      </trkpt>
      <trkpt lat="42.9053002037107944488525390625" lon="-8.7405359745025634765625">
        <ele>177.1999969482421875</ele>
        <time>2025-10-21T08:31:30.000Z</time>
        <extensions>
          <ns3:TrackPointExtension>
            <ns3:hr>119</ns3:hr>
            <ns3:cad>53</ns3:cad>
          </ns3:TrackPointExtension>
        </extensions>
      </trkpt>
      <trkpt lat="42.9052700288593769073486328125" lon="-8.74056346714496612548828125">
        <ele>177.600006103515625</ele>
        <time>2025-10-21T08:31:34.000Z</time>
        <extensions>
          <ns3:TrackPointExtension>
            <ns3:hr>119</ns3:hr>
            <ns3:cad>53</ns3:cad>
          </ns3:TrackPointExtension>
        </extensions>
      </trkpt>
      <trkpt lat="42.90518461726605892181396484375" lon="-8.74066446907818317413330078125">
        <ele>178.1999969482421875</ele>
        <time>2025-10-21T08:31:44.000Z</time>
        <extensions>
          <ns3:TrackPointExtension>
            <ns3:hr>118</ns3:hr>
            <ns3:cad>52</ns3:cad>
          </ns3:TrackPointExtension>
        </extensions>
      </trkpt>
      <trkpt lat="42.90517724119126796722412109375" lon="-8.740675784647464752197265625">
        <ele>178.399993896484375</ele>
        <time>2025-10-21T08:31:45.000Z</time>
        <extensions>
          <ns3:TrackPointExtension>
            <ns3:hr>118</ns3:hr>
            <ns3:cad>52</ns3:cad>
          </ns3:TrackPointExtension>
        </extensions>
      </trkpt>
      <trkpt lat="42.90509258396923542022705078125" lon="-8.74079187400639057159423828125">
        <ele>179.399993896484375</ele>
        <time>2025-10-21T08:31:55.000Z</time>
        <extensions>
          <ns3:TrackPointExtension>
            <ns3:hr>117</ns3:hr>
            <ns3:cad>53</ns3:cad>
          </ns3:TrackPointExtension>
        </extensions>
      </trkpt>
      <trkpt lat="42.9050849564373493194580078125" lon="-8.740802519023418426513671875">
        <ele>179.399993896484375</ele>
        <time>2025-10-21T08:31:56.000Z</time>
        <extensions>
          <ns3:TrackPointExtension>
            <ns3:hr>118</ns3:hr>
            <ns3:cad>53</ns3:cad>
          </ns3:TrackPointExtension>
        </extensions>
      </trkpt>
      <trkpt lat="42.90503122843801975250244140625" lon="-8.740853480994701385498046875">
        <ele>180.399993896484375</ele>
        <time>2025-10-21T08:32:02.000Z</time>
        <extensions>
          <ns3:TrackPointExtension>
            <ns3:hr>119</ns3:hr>
            <ns3:cad>53</ns3:cad>
          </ns3:TrackPointExtension>
        </extensions>
      </trkpt>
      <trkpt lat="42.90499803610146045684814453125" lon="-8.74089748598635196685791015625">
        <ele>181</ele>
        <time>2025-10-21T08:32:06.000Z</time>
        <extensions>
          <ns3:TrackPointExtension>
            <ns3:hr>118</ns3:hr>
            <ns3:cad>53</ns3:cad>
          </ns3:TrackPointExtension>
        </extensions>
      </trkpt>
      <trkpt lat="42.904949001967906951904296875" lon="-8.74096303246915340423583984375">
        <ele>181.399993896484375</ele>
        <time>2025-10-21T08:32:12.000Z</time>
        <extensions>
          <ns3:TrackPointExtension>
            <ns3:hr>117</ns3:hr>
            <ns3:cad>53</ns3:cad>
          </ns3:TrackPointExtension>
        </extensions>
      </trkpt>
      <trkpt lat="42.90493181906640529632568359375" lon="-8.7409770302474498748779296875">
        <ele>181.600006103515625</ele>
        <time>2025-10-21T08:32:14.000Z</time>
        <extensions>
          <ns3:TrackPointExtension>
            <ns3:hr>116</ns3:hr>
            <ns3:cad>53</ns3:cad>
          </ns3:TrackPointExtension>
        </extensions>
      </trkpt>
      <trkpt lat="42.90485336445271968841552734375" lon="-8.7410383857786655426025390625">
        <ele>181.600006103515625</ele>
        <time>2025-10-21T08:32:21.000Z</time>
        <extensions>
          <ns3:TrackPointExtension>
            <ns3:hr>115</ns3:hr>
            <ns3:cad>54</ns3:cad>
          </ns3:TrackPointExtension>
        </extensions>
      </trkpt>
      <trkpt lat="42.90476904250681400299072265625" lon="-8.74108775518834590911865234375">
        <ele>182.399993896484375</ele>
        <time>2025-10-21T08:32:29.000Z</time>
        <extensions>
          <ns3:TrackPointExtension>
            <ns3:hr>113</ns3:hr>
            <ns3:cad>53</ns3:cad>
          </ns3:TrackPointExtension>
        </extensions>
      </trkpt>
      <trkpt lat="42.90475420653820037841796875" lon="-8.7410963885486125946044921875">
        <ele>182.399993896484375</ele>
        <time>2025-10-21T08:32:31.000Z</time>
        <extensions>
          <ns3:TrackPointExtension>
            <ns3:hr>113</ns3:hr>
            <ns3:cad>53</ns3:cad>
          </ns3:TrackPointExtension>
        </extensions>
      </trkpt>
      <trkpt lat="42.90469863452017307281494140625" lon="-8.7411865778267383575439453125">
        <ele>182.8000030517578125</ele>
        <time>2025-10-21T08:32:37.000Z</time>
        <extensions>
          <ns3:TrackPointExtension>
            <ns3:hr>113</ns3:hr>
            <ns3:cad>54</ns3:cad>
          </ns3:TrackPointExtension>
        </extensions>
      </trkpt>
      <trkpt lat="42.9046554677188396453857421875" lon="-8.74123401939868927001953125">
        <ele>183.600006103515625</ele>
        <time>2025-10-21T08:32:42.000Z</time>
        <extensions>
          <ns3:TrackPointExtension>
            <ns3:hr>113</ns3:hr>
            <ns3:cad>55</ns3:cad>
          </ns3:TrackPointExtension>
        </extensions>
      </trkpt>
      <trkpt lat="42.90463761426508426666259765625" lon="-8.7412583269178867340087890625">
        <ele>184</ele>
        <time>2025-10-21T08:32:44.000Z</time>
        <extensions>
          <ns3:TrackPointExtension>
            <ns3:hr>112</ns3:hr>
            <ns3:cad>53</ns3:cad>
          </ns3:TrackPointExtension>
        </extensions>
      </trkpt>
      <trkpt lat="42.9045847244560718536376953125" lon="-8.74129730276763439178466796875">
        <ele>184.600006103515625</ele>
        <time>2025-10-21T08:32:49.000Z</time>
        <extensions>
          <ns3:TrackPointExtension>
            <ns3:hr>109</ns3:hr>
            <ns3:cad>53</ns3:cad>
          </ns3:TrackPointExtension>
        </extensions>
      </trkpt>
      <trkpt lat="42.9045763425529003143310546875" lon="-8.7412985600531101226806640625">
        <ele>184.8000030517578125</ele>
        <time>2025-10-21T08:32:50.000Z</time>
        <extensions>
          <ns3:TrackPointExtension>
            <ns3:hr>108</ns3:hr>
            <ns3:cad>53</ns3:cad>
          </ns3:TrackPointExtension>
        </extensions>
      </trkpt>
      <trkpt lat="42.90455899201333522796630859375" lon="-8.741314820945262908935546875">
        <ele>185</ele>
        <time>2025-10-21T08:32:52.000Z</time>
        <extensions>
          <ns3:TrackPointExtension>
            <ns3:hr>107</ns3:hr>
            <ns3:cad>53</ns3:cad>
          </ns3:TrackPointExtension>
        </extensions>
      </trkpt>
      <trkpt lat="42.9045188426971435546875" lon="-8.741371147334575653076171875">
        <ele>185.8000030517578125</ele>
        <time>2025-10-21T08:32:58.000Z</time>
        <extensions>
          <ns3:TrackPointExtension>
            <ns3:hr>108</ns3:hr>
            <ns3:cad>52</ns3:cad>
          </ns3:TrackPointExtension>
        </extensions>
      </trkpt>
      <trkpt lat="42.904505431652069091796875" lon="-8.7413991428911685943603515625">
        <ele>186.1999969482421875</ele>
        <time>2025-10-21T08:33:00.000Z</time>
        <extensions>
          <ns3:TrackPointExtension>
            <ns3:hr>108</ns3:hr>
            <ns3:cad>53</ns3:cad>
          </ns3:TrackPointExtension>
        </extensions>
      </trkpt>
      <trkpt lat="42.90447131730616092681884765625" lon="-8.74146577902138233184814453125">
        <ele>186.8000030517578125</ele>
        <time>2025-10-21T08:33:06.000Z</time>
        <extensions>
          <ns3:TrackPointExtension>
            <ns3:hr>108</ns3:hr>
            <ns3:cad>53</ns3:cad>
          </ns3:TrackPointExtension>
        </extensions>
      </trkpt>
      <trkpt lat="42.90446075610816478729248046875" lon="-8.7414960376918315887451171875">
        <ele>187.1999969482421875</ele>
        <time>2025-10-21T08:33:08.000Z</time>
        <extensions>
          <ns3:TrackPointExtension>
            <ns3:hr>108</ns3:hr>
            <ns3:cad>52</ns3:cad>
          </ns3:TrackPointExtension>
        </extensions>
      </trkpt>
      <trkpt lat="42.90442974306643009185791015625" lon="-8.7416053377091884613037109375">
        <ele>188</ele>
        <time>2025-10-21T08:33:16.000Z</time>
        <extensions>
          <ns3:TrackPointExtension>
            <ns3:hr>109</ns3:hr>
            <ns3:cad>53</ns3:cad>
          </ns3:TrackPointExtension>
        </extensions>
      </trkpt>
      <trkpt lat="42.9043962992727756500244140625" lon="-8.7416643463075160980224609375">
        <ele>188.8000030517578125</ele>
        <time>2025-10-21T08:33:21.000Z</time>
        <extensions>
          <ns3:TrackPointExtension>
            <ns3:hr>112</ns3:hr>
            <ns3:cad>52</ns3:cad>
          </ns3:TrackPointExtension>
        </extensions>
      </trkpt>
      <trkpt lat="42.904381044209003448486328125" lon="-8.7416844628751277923583984375">
        <ele>189</ele>
        <time>2025-10-21T08:33:23.000Z</time>
        <extensions>
          <ns3:TrackPointExtension>
            <ns3:hr>114</ns3:hr>
            <ns3:cad>52</ns3:cad>
          </ns3:TrackPointExtension>
        </extensions>
      </trkpt>
      <trkpt lat="42.90437190793454647064208984375" lon="-8.741695024073123931884765625">
        <ele>189.1999969482421875</ele>
        <time>2025-10-21T08:33:24.000Z</time>
        <extensions>
          <ns3:TrackPointExtension>
            <ns3:hr>116</ns3:hr>
            <ns3:cad>52</ns3:cad>
          </ns3:TrackPointExtension>
        </extensions>
      </trkpt>
      <trkpt lat="42.90434810332953929901123046875" lon="-8.74172511510550975799560546875">
        <ele>189.600006103515625</ele>
        <time>2025-10-21T08:33:27.000Z</time>
        <extensions>
          <ns3:TrackPointExtension>
            <ns3:hr>119</ns3:hr>
            <ns3:cad>51</ns3:cad>
          </ns3:TrackPointExtension>
        </extensions>
      </trkpt>
      <trkpt lat="42.90433108806610107421875" lon="-8.74176451005041599273681640625">
        <ele>190</ele>
        <time>2025-10-21T08:33:30.000Z</time>
        <extensions>
          <ns3:TrackPointExtension>
            <ns3:hr>122</ns3:hr>
            <ns3:cad>53</ns3:cad>
          </ns3:TrackPointExtension>
        </extensions>
      </trkpt>
      <trkpt lat="42.9043248854577541351318359375" lon="-8.741780854761600494384765625">
        <ele>190</ele>
        <time>2025-10-21T08:33:31.000Z</time>
        <extensions>
          <ns3:TrackPointExtension>
            <ns3:hr>122</ns3:hr>
            <ns3:cad>53</ns3:cad>
          </ns3:TrackPointExtension>
        </extensions>
      </trkpt>
      <trkpt lat="42.90431968867778778076171875" lon="-8.7417947687208652496337890625">
        <ele>190.1999969482421875</ele>
        <time>2025-10-21T08:33:32.000Z</time>
        <extensions>
          <ns3:TrackPointExtension>
            <ns3:hr>122</ns3:hr>
            <ns3:cad>52</ns3:cad>
          </ns3:TrackPointExtension>
        </extensions>
      </trkpt>
      <trkpt lat="42.9042933695018291473388671875" lon="-8.741888813674449920654296875">
        <ele>191.1999969482421875</ele>
        <time>2025-10-21T08:33:39.000Z</time>
        <extensions>
          <ns3:TrackPointExtension>
            <ns3:hr>123</ns3:hr>
            <ns3:cad>51</ns3:cad>
          </ns3:TrackPointExtension>
        </extensions>
      </trkpt>
      <trkpt lat="42.9042709060013294219970703125" lon="-8.7419801764190196990966796875">
        <ele>192.1999969482421875</ele>
        <time>2025-10-21T08:33:46.000Z</time>
        <extensions>
          <ns3:TrackPointExtension>
            <ns3:hr>124</ns3:hr>
            <ns3:cad>51</ns3:cad>
          </ns3:TrackPointExtension>
        </extensions>
      </trkpt>
      <trkpt lat="42.90426746942102909088134765625" lon="-8.74199450947344303131103515625">
        <ele>192.399993896484375</ele>
        <time>2025-10-21T08:33:47.000Z</time>
        <extensions>
          <ns3:TrackPointExtension>
            <ns3:hr>124</ns3:hr>
            <ns3:cad>51</ns3:cad>
          </ns3:TrackPointExtension>
        </extensions>
      </trkpt>
      <trkpt lat="42.9042546451091766357421875" lon="-8.74208637513220310211181640625">
        <ele>193.1999969482421875</ele>
        <time>2025-10-21T08:33:53.000Z</time>
        <extensions>
          <ns3:TrackPointExtension>
            <ns3:hr>126</ns3:hr>
            <ns3:cad>51</ns3:cad>
          </ns3:TrackPointExtension>
        </extensions>
      </trkpt>
      <trkpt lat="42.904247604310512542724609375" lon="-8.7421357445418834686279296875">
        <ele>193.600006103515625</ele>
        <time>2025-10-21T08:33:56.000Z</time>
        <extensions>
          <ns3:TrackPointExtension>
            <ns3:hr>126</ns3:hr>
            <ns3:cad>52</ns3:cad>
          </ns3:TrackPointExtension>
        </extensions>
      </trkpt>
      <trkpt lat="42.904236204922199249267578125" lon="-8.742193244397640228271484375">
        <ele>194.399993896484375</ele>
        <time>2025-10-21T08:34:01.000Z</time>
        <extensions>
          <ns3:TrackPointExtension>
            <ns3:hr>127</ns3:hr>
            <ns3:cad>51</ns3:cad>
          </ns3:TrackPointExtension>
        </extensions>
      </trkpt>
      <trkpt lat="42.90423159487545490264892578125" lon="-8.7422299571335315704345703125">
        <ele>194.8000030517578125</ele>
        <time>2025-10-21T08:34:04.000Z</time>
        <extensions>
          <ns3:TrackPointExtension>
            <ns3:hr>126</ns3:hr>
            <ns3:cad>52</ns3:cad>
          </ns3:TrackPointExtension>
        </extensions>
      </trkpt>
      <trkpt lat="42.90422539226710796356201171875" lon="-8.7422809191048145294189453125">
        <ele>195.399993896484375</ele>
        <time>2025-10-21T08:34:08.000Z</time>
        <extensions>
          <ns3:TrackPointExtension>
            <ns3:hr>126</ns3:hr>
            <ns3:cad>51</ns3:cad>
          </ns3:TrackPointExtension>
        </extensions>
      </trkpt>
      <trkpt lat="42.90421642363071441650390625" lon="-8.742352165281772613525390625">
        <ele>196.1999969482421875</ele>
        <time>2025-10-21T08:34:13.000Z</time>
        <extensions>
          <ns3:TrackPointExtension>
            <ns3:hr>126</ns3:hr>
            <ns3:cad>51</ns3:cad>
          </ns3:TrackPointExtension>
        </extensions>
      </trkpt>
      <trkpt lat="42.904217429459095001220703125" lon="-8.74236767180263996124267578125">
        <ele>196.399993896484375</ele>
        <time>2025-10-21T08:34:14.000Z</time>
        <extensions>
          <ns3:TrackPointExtension>
            <ns3:hr>126</ns3:hr>
            <ns3:cad>52</ns3:cad>
          </ns3:TrackPointExtension>
        </extensions>
      </trkpt>
      <trkpt lat="42.904205024242401123046875" lon="-8.74246942810714244842529296875">
        <ele>197.399993896484375</ele>
        <time>2025-10-21T08:34:21.000Z</time>
        <extensions>
          <ns3:TrackPointExtension>
            <ns3:hr>126</ns3:hr>
            <ns3:cad>51</ns3:cad>
          </ns3:TrackPointExtension>
        </extensions>
      </trkpt>
      <trkpt lat="42.9042025096714496612548828125" lon="-8.74247764237225055694580078125">
        <ele>197.399993896484375</ele>
        <time>2025-10-21T08:34:22.000Z</time>
        <extensions>
          <ns3:TrackPointExtension>
            <ns3:hr>126</ns3:hr>
            <ns3:cad>52</ns3:cad>
          </ns3:TrackPointExtension>
        </extensions>
      </trkpt>
      <trkpt lat="42.90417711250483989715576171875" lon="-8.74255509115755558013916015625">
        <ele>198.399993896484375</ele>
        <time>2025-10-21T08:34:28.000Z</time>
        <extensions>
          <ns3:TrackPointExtension>
            <ns3:hr>126</ns3:hr>
            <ns3:cad>52</ns3:cad>
          </ns3:TrackPointExtension>
        </extensions>
      </trkpt>
      <trkpt lat="42.9041713289916515350341796875" lon="-8.74256917275488376617431640625">
        <ele>198.399993896484375</ele>
        <time>2025-10-21T08:34:29.000Z</time>
        <extensions>
          <ns3:TrackPointExtension>
            <ns3:hr>126</ns3:hr>
            <ns3:cad>52</ns3:cad>
          </ns3:TrackPointExtension>
        </extensions>
      </trkpt>
      <trkpt lat="42.9041535593569278717041015625" lon="-8.7426503933966159820556640625">
        <ele>199.600006103515625</ele>
        <time>2025-10-21T08:34:34.000Z</time>
        <extensions>
          <ns3:TrackPointExtension>
            <ns3:hr>125</ns3:hr>
            <ns3:cad>53</ns3:cad>
          </ns3:TrackPointExtension>
        </extensions>
      </trkpt>
      <trkpt lat="42.9041448421776294708251953125" lon="-8.7426815740764141082763671875">
        <ele>200</ele>
        <time>2025-10-21T08:34:36.000Z</time>
        <extensions>
          <ns3:TrackPointExtension>
            <ns3:hr>125</ns3:hr>
            <ns3:cad>52</ns3:cad>
          </ns3:TrackPointExtension>
        </extensions>
      </trkpt>
      <trkpt lat="42.90408038534224033355712890625" lon="-8.74274468980729579925537109375">
        <ele>200.1999969482421875</ele>
        <time>2025-10-21T08:34:43.000Z</time>
        <extensions>
          <ns3:TrackPointExtension>
            <ns3:hr>125</ns3:hr>
            <ns3:cad>52</ns3:cad>
          </ns3:TrackPointExtension>
        </extensions>
      </trkpt>
      <trkpt lat="42.90404886938631534576416015625" lon="-8.74278626404702663421630859375">
        <ele>200.600006103515625</ele>
        <time>2025-10-21T08:34:47.000Z</time>
        <extensions>
          <ns3:TrackPointExtension>
            <ns3:hr>125</ns3:hr>
            <ns3:cad>53</ns3:cad>
          </ns3:TrackPointExtension>
        </extensions>
      </trkpt>
      <trkpt lat="42.90403210557997226715087890625" lon="-8.74283974058926105499267578125">
        <ele>201</ele>
        <time>2025-10-21T08:34:51.000Z</time>
        <extensions>
          <ns3:TrackPointExtension>
            <ns3:hr>125</ns3:hr>
            <ns3:cad>53</ns3:cad>
          </ns3:TrackPointExtension>
        </extensions>
      </trkpt>
      <trkpt lat="42.90400863625109195709228515625" lon="-8.74294501729309558868408203125">
        <ele>201.1999969482421875</ele>
        <time>2025-10-21T08:34:59.000Z</time>
        <extensions>
          <ns3:TrackPointExtension>
            <ns3:hr>123</ns3:hr>
            <ns3:cad>53</ns3:cad>
          </ns3:TrackPointExtension>
        </extensions>
      </trkpt>
      <trkpt lat="42.90399237535893917083740234375" lon="-8.7430212087929248809814453125">
        <ele>201.8000030517578125</ele>
        <time>2025-10-21T08:35:03.000Z</time>
        <extensions>
          <ns3:TrackPointExtension>
            <ns3:hr>123</ns3:hr>
            <ns3:cad>54</ns3:cad>
          </ns3:TrackPointExtension>
        </extensions>
      </trkpt>
      <trkpt lat="42.90399371646344661712646484375" lon="-8.74308214522898197174072265625">
        <ele>202</ele>
        <time>2025-10-21T08:35:07.000Z</time>
        <extensions>
          <ns3:TrackPointExtension>
            <ns3:hr>123</ns3:hr>
            <ns3:cad>53</ns3:cad>
          </ns3:TrackPointExtension>
        </extensions>
      </trkpt>
      <trkpt lat="42.9040285013616085052490234375" lon="-8.7432002462446689605712890625">
        <ele>202.600006103515625</ele>
        <time>2025-10-21T08:35:14.000Z</time>
        <extensions>
          <ns3:TrackPointExtension>
            <ns3:hr>122</ns3:hr>
            <ns3:cad>54</ns3:cad>
          </ns3:TrackPointExtension>
        </extensions>
      </trkpt>
      <trkpt lat="42.90404585190117359161376953125" lon="-8.74322078190743923187255859375">
        <ele>202.8000030517578125</ele>
        <time>2025-10-21T08:35:16.000Z</time>
        <extensions>
          <ns3:TrackPointExtension>
            <ns3:hr>122</ns3:hr>
            <ns3:cad>55</ns3:cad>
          </ns3:TrackPointExtension>
        </extensions>
      </trkpt>
      <trkpt lat="42.90409580804407596588134765625" lon="-8.74327576719224452972412109375">
        <ele>202.600006103515625</ele>
        <time>2025-10-21T08:35:22.000Z</time>
        <extensions>
          <ns3:TrackPointExtension>
            <ns3:hr>122</ns3:hr>
            <ns3:cad>53</ns3:cad>
          </ns3:TrackPointExtension>
        </extensions>
      </trkpt>
      <trkpt lat="42.90413796901702880859375" lon="-8.74331139028072357177734375">
        <ele>203</ele>
        <time>2025-10-21T08:35:26.000Z</time>
        <extensions>
          <ns3:TrackPointExtension>
            <ns3:hr>121</ns3:hr>
            <ns3:cad>53</ns3:cad>
          </ns3:TrackPointExtension>
        </extensions>
      </trkpt>
      <trkpt lat="42.9042018391191959381103515625" lon="-8.7433685548603534698486328125">
        <ele>203.399993896484375</ele>
        <time>2025-10-21T08:35:32.000Z</time>
        <extensions>
          <ns3:TrackPointExtension>
            <ns3:hr>120</ns3:hr>
            <ns3:cad>55</ns3:cad>
          </ns3:TrackPointExtension>
        </extensions>
      </trkpt>
      <trkpt lat="42.90425405837595462799072265625" lon="-8.7434077821671962738037109375">
        <ele>204</ele>
        <time>2025-10-21T08:35:38.000Z</time>
        <extensions>
          <ns3:TrackPointExtension>
            <ns3:hr>118</ns3:hr>
            <ns3:cad>54</ns3:cad>
          </ns3:TrackPointExtension>
        </extensions>
      </trkpt>
      <trkpt lat="42.90427702479064464569091796875" lon="-8.74342211522161960601806640625">
        <ele>204</ele>
        <time>2025-10-21T08:35:40.000Z</time>
        <extensions>
          <ns3:TrackPointExtension>
            <ns3:hr>118</ns3:hr>
            <ns3:cad>54</ns3:cad>
          </ns3:TrackPointExtension>
        </extensions>
      </trkpt>
      <trkpt lat="42.904388420283794403076171875" lon="-8.74344390816986560821533203125">
        <ele>204</ele>
        <time>2025-10-21T08:35:48.000Z</time>
        <extensions>
          <ns3:TrackPointExtension>
            <ns3:hr>117</ns3:hr>
            <ns3:cad>56</ns3:cad>
          </ns3:TrackPointExtension>
        </extensions>
      </trkpt>
      <trkpt lat="42.9044972173869609832763671875" lon="-8.743491433560848236083984375">
        <ele>203</ele>
        <time>2025-10-21T08:35:57.000Z</time>
        <extensions>
          <ns3:TrackPointExtension>
            <ns3:hr>116</ns3:hr>
            <ns3:cad>56</ns3:cad>
          </ns3:TrackPointExtension>
        </extensions>
      </trkpt>
      <trkpt lat="42.9045639373362064361572265625" lon="-8.7435923516750335693359375">
        <ele>202.600006103515625</ele>
        <time>2025-10-21T08:36:05.000Z</time>
        <extensions>
          <ns3:TrackPointExtension>
            <ns3:hr>115</ns3:hr>
            <ns3:cad>56</ns3:cad>
          </ns3:TrackPointExtension>
        </extensions>
      </trkpt>
      <trkpt lat="42.9046055115759372711181640625" lon="-8.74371078796684741973876953125">
        <ele>202.600006103515625</ele>
        <time>2025-10-21T08:36:13.000Z</time>
        <extensions>
          <ns3:TrackPointExtension>
            <ns3:hr>114</ns3:hr>
            <ns3:cad>55</ns3:cad>
          </ns3:TrackPointExtension>
        </extensions>
      </trkpt>
      <trkpt lat="42.90462302975356578826904296875" lon="-8.74379343353211879730224609375">
        <ele>203</ele>
        <time>2025-10-21T08:36:19.000Z</time>
        <extensions>
          <ns3:TrackPointExtension>
            <ns3:hr>113</ns3:hr>
            <ns3:cad>53</ns3:cad>
          </ns3:TrackPointExtension>
        </extensions>
      </trkpt>
      <trkpt lat="42.9046708904206752777099609375" lon="-8.7438798509538173675537109375">
        <ele>203.399993896484375</ele>
        <time>2025-10-21T08:36:25.000Z</time>
        <extensions>
          <ns3:TrackPointExtension>
            <ns3:hr>113</ns3:hr>
            <ns3:cad>55</ns3:cad>
          </ns3:TrackPointExtension>
        </extensions>
      </trkpt>
      <trkpt lat="42.9047141410410404205322265625" lon="-8.74397615902125835418701171875">
        <ele>203.8000030517578125</ele>
        <time>2025-10-21T08:36:33.000Z</time>
        <extensions>
          <ns3:TrackPointExtension>
            <ns3:hr>114</ns3:hr>
            <ns3:cad>56</ns3:cad>
          </ns3:TrackPointExtension>
        </extensions>
      </trkpt>
      <trkpt lat="42.90471305139362812042236328125" lon="-8.74399074353277683258056640625">
        <ele>204</ele>
        <time>2025-10-21T08:36:34.000Z</time>
        <extensions>
          <ns3:TrackPointExtension>
            <ns3:hr>114</ns3:hr>
            <ns3:cad>55</ns3:cad>
          </ns3:TrackPointExtension>
        </extensions>
      </trkpt>
      <trkpt lat="42.9047161526978015899658203125" lon="-8.74400968663394451141357421875">
        <ele>204</ele>
        <time>2025-10-21T08:36:35.000Z</time>
        <extensions>
          <ns3:TrackPointExtension>
            <ns3:hr>114</ns3:hr>
            <ns3:cad>55</ns3:cad>
          </ns3:TrackPointExtension>
        </extensions>
      </trkpt>
      <trkpt lat="42.9047282226383686065673828125" lon="-8.744033239781856536865234375">
        <ele>204.1999969482421875</ele>
        <time>2025-10-21T08:36:37.000Z</time>
        <extensions>
          <ns3:TrackPointExtension>
            <ns3:hr>114</ns3:hr>
            <ns3:cad>55</ns3:cad>
          </ns3:TrackPointExtension>
        </extensions>
      </trkpt>
      <trkpt lat="42.90474875830113887786865234375" lon="-8.7440672703087329864501953125">
        <ele>204.399993896484375</ele>
        <time>2025-10-21T08:36:39.000Z</time>
        <extensions>
          <ns3:TrackPointExtension>
            <ns3:hr>114</ns3:hr>
            <ns3:cad>56</ns3:cad>
          </ns3:TrackPointExtension>
        </extensions>
      </trkpt>
      <trkpt lat="42.90481455624103546142578125" lon="-8.74413306824862957000732421875">
        <ele>204.8000030517578125</ele>
        <time>2025-10-21T08:36:46.000Z</time>
        <extensions>
          <ns3:TrackPointExtension>
            <ns3:hr>116</ns3:hr>
            <ns3:cad>54</ns3:cad>
          </ns3:TrackPointExtension>
        </extensions>
      </trkpt>
      <trkpt lat="42.90487314574420452117919921875" lon="-8.7442349083721637725830078125">
        <ele>203.600006103515625</ele>
        <time>2025-10-21T08:36:54.000Z</time>
        <extensions>
          <ns3:TrackPointExtension>
            <ns3:hr>114</ns3:hr>
            <ns3:cad>57</ns3:cad>
          </ns3:TrackPointExtension>
        </extensions>
      </trkpt>
      <trkpt lat="42.904906086623668670654296875" lon="-8.74430674128234386444091796875">
        <ele>202.8000030517578125</ele>
        <time>2025-10-21T08:37:00.000Z</time>
        <extensions>
          <ns3:TrackPointExtension>
            <ns3:hr>113</ns3:hr>
            <ns3:cad>57</ns3:cad>
          </ns3:TrackPointExtension>
        </extensions>
      </trkpt>
      <trkpt lat="42.9049186594784259796142578125" lon="-8.7443532608449459075927734375">
        <ele>202.399993896484375</ele>
        <time>2025-10-21T08:37:03.000Z</time>
        <extensions>
          <ns3:TrackPointExtension>
            <ns3:hr>113</ns3:hr>
            <ns3:cad>57</ns3:cad>
          </ns3:TrackPointExtension>
        </extensions>
      </trkpt>
      <trkpt lat="42.9049350880086421966552734375" lon="-8.74440028332173824310302734375">
        <ele>201.8000030517578125</ele>
        <time>2025-10-21T08:37:06.000Z</time>
        <extensions>
          <ns3:TrackPointExtension>
            <ns3:hr>113</ns3:hr>
            <ns3:cad>57</ns3:cad>
          </ns3:TrackPointExtension>
        </extensions>
      </trkpt>
      <trkpt lat="42.9049672745168209075927734375" lon="-8.74449650757014751434326171875">
        <ele>201.1999969482421875</ele>
        <time>2025-10-21T08:37:12.000Z</time>
        <extensions>
          <ns3:TrackPointExtension>
            <ns3:hr>112</ns3:hr>
            <ns3:cad>57</ns3:cad>
          </ns3:TrackPointExtension>
        </extensions>
      </trkpt>
      <trkpt lat="42.90501211769878864288330078125" lon="-8.744581080973148345947265625">
        <ele>200.600006103515625</ele>
        <time>2025-10-21T08:37:18.000Z</time>
        <extensions>
          <ns3:TrackPointExtension>
            <ns3:hr>111</ns3:hr>
            <ns3:cad>57</ns3:cad>
          </ns3:TrackPointExtension>
        </extensions>
      </trkpt>
      <trkpt lat="42.90503106079995632171630859375" lon="-8.74460756778717041015625">
        <ele>200.600006103515625</ele>
        <time>2025-10-21T08:37:20.000Z</time>
        <extensions>
          <ns3:TrackPointExtension>
            <ns3:hr>111</ns3:hr>
            <ns3:cad>56</ns3:cad>
          </ns3:TrackPointExtension>
        </extensions>
      </trkpt>
      <trkpt lat="42.90506961755454540252685546875" lon="-8.7446757964789867401123046875">
        <ele>200</ele>
        <time>2025-10-21T08:37:26.000Z</time>
        <extensions>
          <ns3:TrackPointExtension>
            <ns3:hr>108</ns3:hr>
            <ns3:cad>57</ns3:cad>
          </ns3:TrackPointExtension>
        </extensions>
      </trkpt>
      <trkpt lat="42.90509392507374286651611328125" lon="-8.7447146885097026824951171875">
        <ele>199.8000030517578125</ele>
        <time>2025-10-21T08:37:29.000Z</time>
        <extensions>
          <ns3:TrackPointExtension>
            <ns3:hr>105</ns3:hr>
            <ns3:cad>57</ns3:cad>
          </ns3:TrackPointExtension>
        </extensions>
      </trkpt>
      <trkpt lat="42.90510146878659725189208984375" lon="-8.74473036266863346099853515625">
        <ele>199.600006103515625</ele>
        <time>2025-10-21T08:37:30.000Z</time>
        <extensions>
          <ns3:TrackPointExtension>
            <ns3:hr>103</ns3:hr>
            <ns3:cad>57</ns3:cad>
          </ns3:TrackPointExtension>
        </extensions>
      </trkpt>
      <trkpt lat="42.90511152707040309906005859375" lon="-8.7447643093764781951904296875">
        <ele>199.399993896484375</ele>
        <time>2025-10-21T08:37:32.000Z</time>
        <extensions>
          <ns3:TrackPointExtension>
            <ns3:hr>100</ns3:hr>
            <ns3:cad>57</ns3:cad>
          </ns3:TrackPointExtension>
        </extensions>
      </trkpt>
      <trkpt lat="42.905136086046695709228515625" lon="-8.74482876621186733245849609375">
        <ele>199.1999969482421875</ele>
        <time>2025-10-21T08:37:36.000Z</time>
        <extensions>
          <ns3:TrackPointExtension>
            <ns3:hr>99</ns3:hr>
            <ns3:cad>56</ns3:cad>
          </ns3:TrackPointExtension>
        </extensions>
      </trkpt>
      <trkpt lat="42.90518344379961490631103515625" lon="-8.74493270181119441986083984375">
        <ele>198.8000030517578125</ele>
        <time>2025-10-21T08:37:45.000Z</time>
        <extensions>
          <ns3:TrackPointExtension>
            <ns3:hr>99</ns3:hr>
            <ns3:cad>57</ns3:cad>
          </ns3:TrackPointExtension>
        </extensions>
      </trkpt>
      <trkpt lat="42.90522552095353603363037109375" lon="-8.7450150959193706512451171875">
        <ele>199</ele>
        <time>2025-10-21T08:37:51.000Z</time>
        <extensions>
          <ns3:TrackPointExtension>
            <ns3:hr>98</ns3:hr>
            <ns3:cad>56</ns3:cad>
          </ns3:TrackPointExtension>
        </extensions>
      </trkpt>
      <trkpt lat="42.9052606411278247833251953125" lon="-8.74509933404624462127685546875">
        <ele>198.600006103515625</ele>
        <time>2025-10-21T08:37:57.000Z</time>
        <extensions>
          <ns3:TrackPointExtension>
            <ns3:hr>98</ns3:hr>
            <ns3:cad>56</ns3:cad>
          </ns3:TrackPointExtension>
        </extensions>
      </trkpt>
      <trkpt lat="42.90526608936488628387451171875" lon="-8.74511475674808025360107421875">
        <ele>198.600006103515625</ele>
        <time>2025-10-21T08:37:58.000Z</time>
        <extensions>
          <ns3:TrackPointExtension>
            <ns3:hr>98</ns3:hr>
            <ns3:cad>57</ns3:cad>
          </ns3:TrackPointExtension>
        </extensions>
      </trkpt>
      <trkpt lat="42.905315458774566650390625" lon="-8.745224811136722564697265625">
        <ele>198.1999969482421875</ele>
        <time>2025-10-21T08:38:06.000Z</time>
        <extensions>
          <ns3:TrackPointExtension>
            <ns3:hr>98</ns3:hr>
            <ns3:cad>56</ns3:cad>
          </ns3:TrackPointExtension>
        </extensions>
      </trkpt>
      <trkpt lat="42.9054054804146289825439453125" lon="-8.74530754052102565765380859375">
        <ele>198.8000030517578125</ele>
        <time>2025-10-21T08:38:15.000Z</time>
        <extensions>
          <ns3:TrackPointExtension>
            <ns3:hr>100</ns3:hr>
            <ns3:cad>55</ns3:cad>
          </ns3:TrackPointExtension>
        </extensions>
      </trkpt>
      <trkpt lat="42.90548888035118579864501953125" lon="-8.74536864459514617919921875">
        <ele>199</ele>
        <time>2025-10-21T08:38:22.000Z</time>
        <extensions>
          <ns3:TrackPointExtension>
            <ns3:hr>100</ns3:hr>
            <ns3:cad>55</ns3:cad>
          </ns3:TrackPointExtension>
        </extensions>
      </trkpt>
      <trkpt lat="42.90559264831244945526123046875" lon="-8.74542958103120326995849609375">
        <ele>198.8000030517578125</ele>
        <time>2025-10-21T08:38:31.000Z</time>
        <extensions>
          <ns3:TrackPointExtension>
            <ns3:hr>102</ns3:hr>
            <ns3:cad>56</ns3:cad>
          </ns3:TrackPointExtension>
        </extensions>
      </trkpt>
      <trkpt lat="42.905673198401927947998046875" lon="-8.7454913556575775146484375">
        <ele>198.8000030517578125</ele>
        <time>2025-10-21T08:38:38.000Z</time>
        <extensions>
          <ns3:TrackPointExtension>
            <ns3:hr>103</ns3:hr>
            <ns3:cad>57</ns3:cad>
          </ns3:TrackPointExtension>
        </extensions>
      </trkpt>
      <trkpt lat="42.905785851180553436279296875" lon="-8.745561428368091583251953125">
        <ele>198.600006103515625</ele>
        <time>2025-10-21T08:38:48.000Z</time>
        <extensions>
          <ns3:TrackPointExtension>
            <ns3:hr>104</ns3:hr>
            <ns3:cad>57</ns3:cad>
          </ns3:TrackPointExtension>
        </extensions>
      </trkpt>
      <trkpt lat="42.90591686032712459564208984375" lon="-8.74567709863185882568359375">
        <ele>198.600006103515625</ele>
        <time>2025-10-21T08:39:00.000Z</time>
        <extensions>
          <ns3:TrackPointExtension>
            <ns3:hr>104</ns3:hr>
            <ns3:cad>57</ns3:cad>
          </ns3:TrackPointExtension>
        </extensions>
      </trkpt>
      <trkpt lat="42.90602984838187694549560546875" lon="-8.74577474780380725860595703125">
        <ele>198.1999969482421875</ele>
        <time>2025-10-21T08:39:12.000Z</time>
        <extensions>
          <ns3:TrackPointExtension>
            <ns3:hr>103</ns3:hr>
            <ns3:cad>57</ns3:cad>
          </ns3:TrackPointExtension>
        </extensions>
      </trkpt>
      <trkpt lat="42.9061048664152622222900390625" lon="-8.74587700702250003814697265625">
        <ele>197.600006103515625</ele>
        <time>2025-10-21T08:39:22.000Z</time>
        <extensions>
          <ns3:TrackPointExtension>
            <ns3:hr>102</ns3:hr>
            <ns3:cad>57</ns3:cad>
          </ns3:TrackPointExtension>
        </extensions>
      </trkpt>
      <trkpt lat="42.90611132048070430755615234375" lon="-8.74589033424854278564453125">
        <ele>197.399993896484375</ele>
        <time>2025-10-21T08:39:23.000Z</time>
        <extensions>
          <ns3:TrackPointExtension>
            <ns3:hr>102</ns3:hr>
            <ns3:cad>57</ns3:cad>
          </ns3:TrackPointExtension>
        </extensions>
      </trkpt>
      <trkpt lat="42.9061625339090824127197265625" lon="-8.74601011164486408233642578125">
        <ele>196.399993896484375</ele>
        <time>2025-10-21T08:39:31.000Z</time>
        <extensions>
          <ns3:TrackPointExtension>
            <ns3:hr>101</ns3:hr>
            <ns3:cad>57</ns3:cad>
          </ns3:TrackPointExtension>
        </extensions>
      </trkpt>
      <trkpt lat="42.90617200545966625213623046875" lon="-8.7460373528301715850830078125">
        <ele>196.1999969482421875</ele>
        <time>2025-10-21T08:39:33.000Z</time>
        <extensions>
          <ns3:TrackPointExtension>
            <ns3:hr>101</ns3:hr>
            <ns3:cad>58</ns3:cad>
          </ns3:TrackPointExtension>
        </extensions>
      </trkpt>
      <trkpt lat="42.9062114842236042022705078125" lon="-8.74610130675137042999267578125">
        <ele>195.399993896484375</ele>
        <time>2025-10-21T08:39:38.000Z</time>
        <extensions>
          <ns3:TrackPointExtension>
            <ns3:hr>101</ns3:hr>
            <ns3:cad>58</ns3:cad>
          </ns3:TrackPointExtension>
        </extensions>
      </trkpt>
      <trkpt lat="42.906236462295055389404296875" lon="-8.74614338390529155731201171875">
        <ele>194.600006103515625</ele>
        <time>2025-10-21T08:39:42.000Z</time>
        <extensions>
          <ns3:TrackPointExtension>
            <ns3:hr>99</ns3:hr>
            <ns3:cad>57</ns3:cad>
          </ns3:TrackPointExtension>
        </extensions>
      </trkpt>
      <trkpt lat="42.9062528908252716064453125" lon="-8.74618629924952983856201171875">
        <ele>194.1999969482421875</ele>
        <time>2025-10-21T08:39:45.000Z</time>
        <extensions>
          <ns3:TrackPointExtension>
            <ns3:hr>99</ns3:hr>
            <ns3:cad>58</ns3:cad>
          </ns3:TrackPointExtension>
        </extensions>
      </trkpt>
      <trkpt lat="42.90629002265632152557373046875" lon="-8.7462475709617137908935546875">
        <ele>193.600006103515625</ele>
        <time>2025-10-21T08:39:49.000Z</time>
        <extensions>
          <ns3:TrackPointExtension>
            <ns3:hr>99</ns3:hr>
            <ns3:cad>57</ns3:cad>
          </ns3:TrackPointExtension>
        </extensions>
      </trkpt>
      <trkpt lat="42.90631667710840702056884765625" lon="-8.74630699865520000457763671875">
        <ele>193.1999969482421875</ele>
        <time>2025-10-21T08:39:53.000Z</time>
        <extensions>
          <ns3:TrackPointExtension>
            <ns3:hr>98</ns3:hr>
            <ns3:cad>57</ns3:cad>
          </ns3:TrackPointExtension>
        </extensions>
      </trkpt>
      <trkpt lat="42.9063278250396251678466796875" lon="-8.746314458549022674560546875">
        <ele>193</ele>
        <time>2025-10-21T08:39:54.000Z</time>
        <extensions>
          <ns3:TrackPointExtension>
            <ns3:hr>98</ns3:hr>
            <ns3:cad>57</ns3:cad>
          </ns3:TrackPointExtension>
        </extensions>
      </trkpt>
      <trkpt lat="42.9063898511230945587158203125" lon="-8.74636969529092311859130859375">
        <ele>192.1999969482421875</ele>
        <time>2025-10-21T08:40:01.000Z</time>
        <extensions>
          <ns3:TrackPointExtension>
            <ns3:hr>98</ns3:hr>
            <ns3:cad>57</ns3:cad>
          </ns3:TrackPointExtension>
        </extensions>
      </trkpt>
      <trkpt lat="42.90642664767801761627197265625" lon="-8.746482096612453460693359375">
        <ele>193.8000030517578125</ele>
        <time>2025-10-21T08:40:10.000Z</time>
        <extensions>
          <ns3:TrackPointExtension>
            <ns3:hr>96</ns3:hr>
            <ns3:cad>49</ns3:cad>
          </ns3:TrackPointExtension>
        </extensions>
      </trkpt>
      <trkpt lat="42.90645179338753223419189453125" lon="-8.74658360145986080169677734375">
        <ele>194.1999969482421875</ele>
        <time>2025-10-21T08:40:18.000Z</time>
        <extensions>
          <ns3:TrackPointExtension>
            <ns3:hr>97</ns3:hr>
            <ns3:cad>48</ns3:cad>
          </ns3:TrackPointExtension>
        </extensions>
      </trkpt>
      <trkpt lat="42.90645263157784938812255859375" lon="-8.74661545269191265106201171875">
        <ele>194.600006103515625</ele>
        <time>2025-10-21T08:40:22.000Z</time>
        <extensions>
          <ns3:TrackPointExtension>
            <ns3:hr>100</ns3:hr>
            <ns3:cad>49</ns3:cad>
          </ns3:TrackPointExtension>
        </extensions>
      </trkpt>
      <trkpt lat="42.90646285749971866607666015625" lon="-8.746666498482227325439453125">
        <ele>194.8000030517578125</ele>
        <time>2025-10-21T08:40:26.000Z</time>
        <extensions>
          <ns3:TrackPointExtension>
            <ns3:hr>103</ns3:hr>
            <ns3:cad>49</ns3:cad>
          </ns3:TrackPointExtension>
        </extensions>
      </trkpt>
      <trkpt lat="42.90646872483193874359130859375" lon="-8.74673523008823394775390625">
        <ele>195.1999969482421875</ele>
        <time>2025-10-21T08:40:30.000Z</time>
        <extensions>
          <ns3:TrackPointExtension>
            <ns3:hr>106</ns3:hr>
            <ns3:cad>48</ns3:cad>
          </ns3:TrackPointExtension>
        </extensions>
      </trkpt>
      <trkpt lat="42.9064699821174144744873046875" lon="-8.74677286483347415924072265625">
        <ele>195.399993896484375</ele>
        <time>2025-10-21T08:40:32.000Z</time>
        <extensions>
          <ns3:TrackPointExtension>
            <ns3:hr>107</ns3:hr>
            <ns3:cad>48</ns3:cad>
          </ns3:TrackPointExtension>
        </extensions>
      </trkpt>
      <trkpt lat="42.90647643618285655975341796875" lon="-8.74684846960008144378662109375">
        <ele>195.8000030517578125</ele>
        <time>2025-10-21T08:40:37.000Z</time>
        <extensions>
          <ns3:TrackPointExtension>
            <ns3:hr>110</ns3:hr>
            <ns3:cad>50</ns3:cad>
          </ns3:TrackPointExtension>
        </extensions>
      </trkpt>
      <trkpt lat="42.9064803756773471832275390625" lon="-8.74686271883547306060791015625">
        <ele>196</ele>
        <time>2025-10-21T08:40:38.000Z</time>
        <extensions>
          <ns3:TrackPointExtension>
            <ns3:hr>110</ns3:hr>
            <ns3:cad>50</ns3:cad>
          </ns3:TrackPointExtension>
        </extensions>
      </trkpt>
      <trkpt lat="42.9064957983791828155517578125" lon="-8.74693027697503566741943359375">
        <ele>196.399993896484375</ele>
        <time>2025-10-21T08:40:43.000Z</time>
        <extensions>
          <ns3:TrackPointExtension>
            <ns3:hr>112</ns3:hr>
            <ns3:cad>49</ns3:cad>
          </ns3:TrackPointExtension>
        </extensions>
      </trkpt>
      <trkpt lat="42.9065061919391155242919921875" lon="-8.74695374630391597747802734375">
        <ele>196.600006103515625</ele>
        <time>2025-10-21T08:40:45.000Z</time>
        <extensions>
          <ns3:TrackPointExtension>
            <ns3:hr>112</ns3:hr>
            <ns3:cad>49</ns3:cad>
          </ns3:TrackPointExtension>
        </extensions>
      </trkpt>
      <trkpt lat="42.9065532982349395751953125" lon="-8.747072853147983551025390625">
        <ele>196.8000030517578125</ele>
        <time>2025-10-21T08:40:54.000Z</time>
        <extensions>
          <ns3:TrackPointExtension>
            <ns3:hr>114</ns3:hr>
            <ns3:cad>51</ns3:cad>
          </ns3:TrackPointExtension>
        </extensions>
      </trkpt>
      <trkpt lat="42.90660903789103031158447265625" lon="-8.74717251397669315338134765625">
        <ele>196.8000030517578125</ele>
        <time>2025-10-21T08:41:02.000Z</time>
        <extensions>
          <ns3:TrackPointExtension>
            <ns3:hr>114</ns3:hr>
            <ns3:cad>52</ns3:cad>
          </ns3:TrackPointExtension>
        </extensions>
      </trkpt>
      <trkpt lat="42.9066500253975391387939453125" lon="-8.747243843972682952880859375">
        <ele>196.8000030517578125</ele>
        <time>2025-10-21T08:41:09.000Z</time>
        <extensions>
          <ns3:TrackPointExtension>
            <ns3:hr>114</ns3:hr>
            <ns3:cad>51</ns3:cad>
          </ns3:TrackPointExtension>
        </extensions>
      </trkpt>
      <trkpt lat="42.9066798649728298187255859375" lon="-8.74730813317000865936279296875">
        <ele>197</ele>
        <time>2025-10-21T08:41:15.000Z</time>
        <extensions>
          <ns3:TrackPointExtension>
            <ns3:hr>112</ns3:hr>
            <ns3:cad>52</ns3:cad>
          </ns3:TrackPointExtension>
        </extensions>
      </trkpt>
      <trkpt lat="42.906735353171825408935546875" lon="-8.74739664606750011444091796875">
        <ele>197</ele>
        <time>2025-10-21T08:41:22.000Z</time>
        <extensions>
          <ns3:TrackPointExtension>
            <ns3:hr>111</ns3:hr>
            <ns3:cad>51</ns3:cad>
          </ns3:TrackPointExtension>
        </extensions>
      </trkpt>
      <trkpt lat="42.9067851416766643524169921875" lon="-8.747451715171337127685546875">
        <ele>197.1999969482421875</ele>
        <time>2025-10-21T08:41:29.000Z</time>
        <extensions>
          <ns3:TrackPointExtension>
            <ns3:hr>111</ns3:hr>
            <ns3:cad>50</ns3:cad>
          </ns3:TrackPointExtension>
        </extensions>
      </trkpt>
      <trkpt lat="42.9068092815577983856201171875" lon="-8.74747895635664463043212890625">
        <ele>197.399993896484375</ele>
        <time>2025-10-21T08:41:31.000Z</time>
        <extensions>
          <ns3:TrackPointExtension>
            <ns3:hr>112</ns3:hr>
            <ns3:cad>51</ns3:cad>
          </ns3:TrackPointExtension>
        </extensions>
      </trkpt>
      <trkpt lat="42.90683652274310588836669921875" lon="-8.7475028447806835174560546875">
        <ele>197.600006103515625</ele>
        <time>2025-10-21T08:41:34.000Z</time>
        <extensions>
          <ns3:TrackPointExtension>
            <ns3:hr>111</ns3:hr>
            <ns3:cad>51</ns3:cad>
          </ns3:TrackPointExtension>
        </extensions>
      </trkpt>
      <trkpt lat="42.906908355653285980224609375" lon="-8.74756193719804286956787109375">
        <ele>197.8000030517578125</ele>
        <time>2025-10-21T08:41:42.000Z</time>
        <extensions>
          <ns3:TrackPointExtension>
            <ns3:hr>111</ns3:hr>
            <ns3:cad>50</ns3:cad>
          </ns3:TrackPointExtension>
        </extensions>
      </trkpt>
      <trkpt lat="42.9069832898676395416259765625" lon="-8.74760233797132968902587890625">
        <ele>198.1999969482421875</ele>
        <time>2025-10-21T08:41:49.000Z</time>
        <extensions>
          <ns3:TrackPointExtension>
            <ns3:hr>112</ns3:hr>
            <ns3:cad>49</ns3:cad>
          </ns3:TrackPointExtension>
        </extensions>
      </trkpt>
      <trkpt lat="42.906999550759792327880859375" lon="-8.7476121447980403900146484375">
        <ele>198.399993896484375</ele>
        <time>2025-10-21T08:41:51.000Z</time>
        <extensions>
          <ns3:TrackPointExtension>
            <ns3:hr>112</ns3:hr>
            <ns3:cad>50</ns3:cad>
          </ns3:TrackPointExtension>
        </extensions>
      </trkpt>
      <trkpt lat="42.90707029402256011962890625" lon="-8.7476532161235809326171875">
        <ele>199</ele>
        <time>2025-10-21T08:41:59.000Z</time>
        <extensions>
          <ns3:TrackPointExtension>
            <ns3:hr>113</ns3:hr>
            <ns3:cad>48</ns3:cad>
          </ns3:TrackPointExtension>
        </extensions>
      </trkpt>
      <trkpt lat="42.907146401703357696533203125" lon="-8.74770040623843669891357421875">
        <ele>199.399993896484375</ele>
        <time>2025-10-21T08:42:07.000Z</time>
        <extensions>
          <ns3:TrackPointExtension>
            <ns3:hr>115</ns3:hr>
            <ns3:cad>50</ns3:cad>
          </ns3:TrackPointExtension>
        </extensions>
      </trkpt>
      <trkpt lat="42.90716995485126972198486328125" lon="-8.747713565826416015625">
        <ele>199.600006103515625</ele>
        <time>2025-10-21T08:42:09.000Z</time>
        <extensions>
          <ns3:TrackPointExtension>
            <ns3:hr>115</ns3:hr>
            <ns3:cad>50</ns3:cad>
          </ns3:TrackPointExtension>
        </extensions>
      </trkpt>
      <trkpt lat="42.90722175501286983489990234375" lon="-8.74775187112390995025634765625">
        <ele>200</ele>
        <time>2025-10-21T08:42:15.000Z</time>
        <extensions>
          <ns3:TrackPointExtension>
            <ns3:hr>115</ns3:hr>
            <ns3:cad>49</ns3:cad>
          </ns3:TrackPointExtension>
        </extensions>
      </trkpt>
      <trkpt lat="42.907264418900012969970703125" lon="-8.74779897741973400115966796875">
        <ele>200.600006103515625</ele>
        <time>2025-10-21T08:42:21.000Z</time>
        <extensions>
          <ns3:TrackPointExtension>
            <ns3:hr>116</ns3:hr>
            <ns3:cad>47</ns3:cad>
          </ns3:TrackPointExtension>
        </extensions>
      </trkpt>
      <trkpt lat="42.90731328539550304412841796875" lon="-8.7478756718337535858154296875">
        <ele>201.8000030517578125</ele>
        <time>2025-10-21T08:42:29.000Z</time>
        <extensions>
          <ns3:TrackPointExtension>
            <ns3:hr>118</ns3:hr>
            <ns3:cad>47</ns3:cad>
          </ns3:TrackPointExtension>
        </extensions>
      </trkpt>
      <trkpt lat="42.90732082910835742950439453125" lon="-8.7478892505168914794921875">
        <ele>201.8000030517578125</ele>
        <time>2025-10-21T08:42:30.000Z</time>
        <extensions>
          <ns3:TrackPointExtension>
            <ns3:hr>118</ns3:hr>
            <ns3:cad>48</ns3:cad>
          </ns3:TrackPointExtension>
        </extensions>
      </trkpt>
      <trkpt lat="42.90735888294875621795654296875" lon="-8.7479755841195583343505859375">
        <ele>202.399993896484375</ele>
        <time>2025-10-21T08:42:37.000Z</time>
        <extensions>
          <ns3:TrackPointExtension>
            <ns3:hr>118</ns3:hr>
            <ns3:cad>47</ns3:cad>
          </ns3:TrackPointExtension>
        </extensions>
      </trkpt>
      <trkpt lat="42.90738738141953945159912109375" lon="-8.7480158172547817230224609375">
        <ele>202.8000030517578125</ele>
        <time>2025-10-21T08:42:43.000Z</time>
        <extensions>
          <ns3:TrackPointExtension>
            <ns3:hr>118</ns3:hr>
            <ns3:cad>0</ns3:cad>
          </ns3:TrackPointExtension>
        </extensions>
      </trkpt>
      <trkpt lat="42.90741227567195892333984375" lon="-8.7481164000928401947021484375">
        <ele>203.399993896484375</ele>
        <time>2025-10-21T08:42:51.000Z</time>
        <extensions>
          <ns3:TrackPointExtension>
            <ns3:hr>120</ns3:hr>
            <ns3:cad>49</ns3:cad>
          </ns3:TrackPointExtension>
        </extensions>
      </trkpt>
      <trkpt lat="42.9074258543550968170166015625" lon="-8.7482042424380779266357421875">
        <ele>203.1999969482421875</ele>
        <time>2025-10-21T08:42:58.000Z</time>
        <extensions>
          <ns3:TrackPointExtension>
            <ns3:hr>119</ns3:hr>
            <ns3:cad>48</ns3:cad>
          </ns3:TrackPointExtension>
        </extensions>
      </trkpt>
      <trkpt lat="42.90742644108831882476806640625" lon="-8.74828982166945934295654296875">
        <ele>203.399993896484375</ele>
        <time>2025-10-21T08:43:06.000Z</time>
        <extensions>
          <ns3:TrackPointExtension>
            <ns3:hr>118</ns3:hr>
            <ns3:cad>48</ns3:cad>
          </ns3:TrackPointExtension>
        </extensions>
      </trkpt>
      <trkpt lat="42.9074268601834774017333984375" lon="-8.748339526355266571044921875">
        <ele>203.8000030517578125</ele>
        <time>2025-10-21T08:43:10.000Z</time>
        <extensions>
          <ns3:TrackPointExtension>
            <ns3:hr>117</ns3:hr>
            <ns3:cad>44</ns3:cad>
          </ns3:TrackPointExtension>
        </extensions>
      </trkpt>
      <trkpt lat="42.90742174722254276275634765625" lon="-8.74836928211152553558349609375">
        <ele>204.399993896484375</ele>
        <time>2025-10-21T08:43:13.000Z</time>
        <extensions>
          <ns3:TrackPointExtension>
            <ns3:hr>116</ns3:hr>
            <ns3:cad>43</ns3:cad>
          </ns3:TrackPointExtension>
        </extensions>
      </trkpt>
      <trkpt lat="42.90741764008998870849609375" lon="-8.748468942940235137939453125">
        <ele>204.8000030517578125</ele>
        <time>2025-10-21T08:43:19.000Z</time>
        <extensions>
          <ns3:TrackPointExtension>
            <ns3:hr>116</ns3:hr>
            <ns3:cad>48</ns3:cad>
          </ns3:TrackPointExtension>
        </extensions>
      </trkpt>
      <trkpt lat="42.90741772390902042388916015625" lon="-8.74851713888347148895263671875">
        <ele>204.8000030517578125</ele>
        <time>2025-10-21T08:43:23.000Z</time>
        <extensions>
          <ns3:TrackPointExtension>
            <ns3:hr>119</ns3:hr>
            <ns3:cad>49</ns3:cad>
          </ns3:TrackPointExtension>
        </extensions>
      </trkpt>
      <trkpt lat="42.9074154607951641082763671875" lon="-8.7485616467893123626708984375">
        <ele>204.8000030517578125</ele>
        <time>2025-10-21T08:43:26.000Z</time>
        <extensions>
          <ns3:TrackPointExtension>
            <ns3:hr>120</ns3:hr>
            <ns3:cad>50</ns3:cad>
          </ns3:TrackPointExtension>
        </extensions>
      </trkpt>
      <trkpt lat="42.90740934200584888458251953125" lon="-8.74858838506042957305908203125">
        <ele>205</ele>
        <time>2025-10-21T08:43:28.000Z</time>
        <extensions>
          <ns3:TrackPointExtension>
            <ns3:hr>121</ns3:hr>
            <ns3:cad>51</ns3:cad>
          </ns3:TrackPointExtension>
        </extensions>
      </trkpt>
      <trkpt lat="42.90741604752838611602783203125" lon="-8.74864219687879085540771484375">
        <ele>205</ele>
        <time>2025-10-21T08:43:32.000Z</time>
        <extensions>
          <ns3:TrackPointExtension>
            <ns3:hr>120</ns3:hr>
            <ns3:cad>48</ns3:cad>
          </ns3:TrackPointExtension>
        </extensions>
      </trkpt>
      <trkpt lat="42.90741235949099063873291015625" lon="-8.74876524321734905242919921875">
        <ele>205.399993896484375</ele>
        <time>2025-10-21T08:43:40.000Z</time>
        <extensions>
          <ns3:TrackPointExtension>
            <ns3:hr>120</ns3:hr>
            <ns3:cad>47</ns3:cad>
          </ns3:TrackPointExtension>
        </extensions>
      </trkpt>
      <trkpt lat="42.9074060730636119842529296875" lon="-8.74881067313253879547119140625">
        <ele>206</ele>
        <time>2025-10-21T08:43:44.000Z</time>
        <extensions>
          <ns3:TrackPointExtension>
            <ns3:hr>119</ns3:hr>
            <ns3:cad>47</ns3:cad>
          </ns3:TrackPointExtension>
        </extensions>
      </trkpt>
      <trkpt lat="42.907402217388153076171875" lon="-8.74884269200265407562255859375">
        <ele>206.1999969482421875</ele>
        <time>2025-10-21T08:43:46.000Z</time>
        <extensions>
          <ns3:TrackPointExtension>
            <ns3:hr>118</ns3:hr>
            <ns3:cad>47</ns3:cad>
          </ns3:TrackPointExtension>
        </extensions>
      </trkpt>
      <trkpt lat="42.90737296454608440399169921875" lon="-8.748955428600311279296875">
        <ele>206.399993896484375</ele>
        <time>2025-10-21T08:43:54.000Z</time>
        <extensions>
          <ns3:TrackPointExtension>
            <ns3:hr>119</ns3:hr>
            <ns3:cad>48</ns3:cad>
          </ns3:TrackPointExtension>
        </extensions>
      </trkpt>
      <trkpt lat="42.9073507525026798248291015625" lon="-8.74901376664638519287109375">
        <ele>206.399993896484375</ele>
        <time>2025-10-21T08:43:59.000Z</time>
        <extensions>
          <ns3:TrackPointExtension>
            <ns3:hr>118</ns3:hr>
            <ns3:cad>49</ns3:cad>
          </ns3:TrackPointExtension>
        </extensions>
      </trkpt>
      <trkpt lat="42.9073413647711277008056640625" lon="-8.749094903469085693359375">
        <ele>206.8000030517578125</ele>
        <time>2025-10-21T08:44:05.000Z</time>
        <extensions>
          <ns3:TrackPointExtension>
            <ns3:hr>117</ns3:hr>
            <ns3:cad>50</ns3:cad>
          </ns3:TrackPointExtension>
        </extensions>
      </trkpt>
      <trkpt lat="42.9073396883904933929443359375" lon="-8.7491155229508876800537109375">
        <ele>207</ele>
        <time>2025-10-21T08:44:06.000Z</time>
        <extensions>
          <ns3:TrackPointExtension>
            <ns3:hr>116</ns3:hr>
            <ns3:cad>50</ns3:cad>
          </ns3:TrackPointExtension>
        </extensions>
      </trkpt>
      <trkpt lat="42.9073289595544338226318359375" lon="-8.74919607304036617279052734375">
        <ele>207.399993896484375</ele>
        <time>2025-10-21T08:44:11.000Z</time>
        <extensions>
          <ns3:TrackPointExtension>
            <ns3:hr>115</ns3:hr>
            <ns3:cad>49</ns3:cad>
          </ns3:TrackPointExtension>
        </extensions>
      </trkpt>
      <trkpt lat="42.90732133202254772186279296875" lon="-8.74931274913251399993896484375">
        <ele>208</ele>
        <time>2025-10-21T08:44:20.000Z</time>
        <extensions>
          <ns3:TrackPointExtension>
            <ns3:hr>117</ns3:hr>
            <ns3:cad>51</ns3:cad>
          </ns3:TrackPointExtension>
        </extensions>
      </trkpt>
      <trkpt lat="42.90732854045927524566650390625" lon="-8.74932414852082729339599609375">
        <ele>208</ele>
        <time>2025-10-21T08:44:21.000Z</time>
        <extensions>
          <ns3:TrackPointExtension>
            <ns3:hr>117</ns3:hr>
            <ns3:cad>51</ns3:cad>
          </ns3:TrackPointExtension>
        </extensions>
      </trkpt>
      <trkpt lat="42.90740213356912136077880859375" lon="-8.749403022229671478271484375">
        <ele>208.1999969482421875</ele>
        <time>2025-10-21T08:44:28.000Z</time>
        <extensions>
          <ns3:TrackPointExtension>
            <ns3:hr>118</ns3:hr>
            <ns3:cad>50</ns3:cad>
          </ns3:TrackPointExtension>
        </extensions>
      </trkpt>
      <trkpt lat="42.90747798979282379150390625" lon="-8.74945272691547870635986328125">
        <ele>208.600006103515625</ele>
        <time>2025-10-21T08:44:36.000Z</time>
        <extensions>
          <ns3:TrackPointExtension>
            <ns3:hr>118</ns3:hr>
            <ns3:cad>48</ns3:cad>
          </ns3:TrackPointExtension>
        </extensions>
      </trkpt>
      <trkpt lat="42.90753808803856372833251953125" lon="-8.7495024316012859344482421875">
        <ele>209</ele>
        <time>2025-10-21T08:44:44.000Z</time>
        <extensions>
          <ns3:TrackPointExtension>
            <ns3:hr>118</ns3:hr>
            <ns3:cad>46</ns3:cad>
          </ns3:TrackPointExtension>
        </extensions>
      </trkpt>
      <trkpt lat="42.9075472243130207061767578125" lon="-8.74951223842799663543701171875">
        <ele>209.1999969482421875</ele>
        <time>2025-10-21T08:44:45.000Z</time>
        <extensions>
          <ns3:TrackPointExtension>
            <ns3:hr>118</ns3:hr>
            <ns3:cad>46</ns3:cad>
          </ns3:TrackPointExtension>
        </extensions>
      </trkpt>
      <trkpt lat="42.90760145522654056549072265625" lon="-8.7495388090610504150390625">
        <ele>209.600006103515625</ele>
        <time>2025-10-21T08:44:51.000Z</time>
        <extensions>
          <ns3:TrackPointExtension>
            <ns3:hr>117</ns3:hr>
            <ns3:cad>0</ns3:cad>
          </ns3:TrackPointExtension>
        </extensions>
      </trkpt>
      <trkpt lat="42.90764302946627140045166015625" lon="-8.749563954770565032958984375">
        <ele>210.1999969482421875</ele>
        <time>2025-10-21T08:44:56.000Z</time>
        <extensions>
          <ns3:TrackPointExtension>
            <ns3:hr>117</ns3:hr>
            <ns3:cad>47</ns3:cad>
          </ns3:TrackPointExtension>
        </extensions>
      </trkpt>
      <trkpt lat="42.90767513215541839599609375" lon="-8.7495855800807476043701171875">
        <ele>210.600006103515625</ele>
        <time>2025-10-21T08:45:00.000Z</time>
        <extensions>
          <ns3:TrackPointExtension>
            <ns3:hr>116</ns3:hr>
            <ns3:cad>0</ns3:cad>
          </ns3:TrackPointExtension>
        </extensions>
      </trkpt>
      <trkpt lat="42.90771000087261199951171875" lon="-8.74963603913784027099609375">
        <ele>211.1999969482421875</ele>
        <time>2025-10-21T08:45:05.000Z</time>
        <extensions>
          <ns3:TrackPointExtension>
            <ns3:hr>117</ns3:hr>
            <ns3:cad>44</ns3:cad>
          </ns3:TrackPointExtension>
        </extensions>
      </trkpt>
      <trkpt lat="42.9077202267944812774658203125" lon="-8.74966026283800601959228515625">
        <ele>211.399993896484375</ele>
        <time>2025-10-21T08:45:07.000Z</time>
        <extensions>
          <ns3:TrackPointExtension>
            <ns3:hr>117</ns3:hr>
            <ns3:cad>0</ns3:cad>
          </ns3:TrackPointExtension>
        </extensions>
      </trkpt>
      <trkpt lat="42.90778300724923610687255859375" lon="-8.74972631223499774932861328125">
        <ele>211.399993896484375</ele>
        <time>2025-10-21T08:45:14.000Z</time>
        <extensions>
          <ns3:TrackPointExtension>
            <ns3:hr>118</ns3:hr>
            <ns3:cad>0</ns3:cad>
          </ns3:TrackPointExtension>
        </extensions>
      </trkpt>
      <trkpt lat="42.9078496433794498443603515625" lon="-8.7497699819505214691162109375">
        <ele>211.1999969482421875</ele>
        <time>2025-10-21T08:45:21.000Z</time>
        <extensions>
          <ns3:TrackPointExtension>
            <ns3:hr>118</ns3:hr>
            <ns3:cad>49</ns3:cad>
          </ns3:TrackPointExtension>
        </extensions>
      </trkpt>
      <trkpt lat="42.90791125036776065826416015625" lon="-8.74983360059559345245361328125">
        <ele>211.1999969482421875</ele>
        <time>2025-10-21T08:45:28.000Z</time>
        <extensions>
          <ns3:TrackPointExtension>
            <ns3:hr>117</ns3:hr>
            <ns3:cad>51</ns3:cad>
          </ns3:TrackPointExtension>
        </extensions>
      </trkpt>
      <trkpt lat="42.90797310881316661834716796875" lon="-8.74988908879458904266357421875">
        <ele>211.1999969482421875</ele>
        <time>2025-10-21T08:45:36.000Z</time>
        <extensions>
          <ns3:TrackPointExtension>
            <ns3:hr>116</ns3:hr>
            <ns3:cad>50</ns3:cad>
          </ns3:TrackPointExtension>
        </extensions>
      </trkpt>
      <trkpt lat="42.9080392420291900634765625" lon="-8.749938122928142547607421875">
        <ele>211</ele>
        <time>2025-10-21T08:45:42.000Z</time>
        <extensions>
          <ns3:TrackPointExtension>
            <ns3:hr>118</ns3:hr>
            <ns3:cad>51</ns3:cad>
          </ns3:TrackPointExtension>
        </extensions>
      </trkpt>
      <trkpt lat="42.9081108234822750091552734375" lon="-8.749987743794918060302734375">
        <ele>211</ele>
        <time>2025-10-21T08:45:50.000Z</time>
        <extensions>
          <ns3:TrackPointExtension>
            <ns3:hr>116</ns3:hr>
            <ns3:cad>50</ns3:cad>
          </ns3:TrackPointExtension>
        </extensions>
      </trkpt>
      <trkpt lat="42.90817796252667903900146484375" lon="-8.75003032386302947998046875">
        <ele>211.1999969482421875</ele>
        <time>2025-10-21T08:45:57.000Z</time>
        <extensions>
          <ns3:TrackPointExtension>
            <ns3:hr>114</ns3:hr>
            <ns3:cad>50</ns3:cad>
          </ns3:TrackPointExtension>
        </extensions>
      </trkpt>
      <trkpt lat="42.9082399047911167144775390625" lon="-8.75007919035851955413818359375">
        <ele>211.1999969482421875</ele>
        <time>2025-10-21T08:46:04.000Z</time>
        <extensions>
          <ns3:TrackPointExtension>
            <ns3:hr>114</ns3:hr>
            <ns3:cad>50</ns3:cad>
          </ns3:TrackPointExtension>
        </extensions>
      </trkpt>
      <trkpt lat="42.90829111821949481964111328125" lon="-8.7501082755625247955322265625">
        <ele>211.399993896484375</ele>
        <time>2025-10-21T08:46:10.000Z</time>
        <extensions>
          <ns3:TrackPointExtension>
            <ns3:hr>114</ns3:hr>
            <ns3:cad>50</ns3:cad>
          </ns3:TrackPointExtension>
        </extensions>
      </trkpt>
      <trkpt lat="42.90837560780346393585205078125" lon="-8.75016502104699611663818359375">
        <ele>211.600006103515625</ele>
        <time>2025-10-21T08:46:18.000Z</time>
        <extensions>
          <ns3:TrackPointExtension>
            <ns3:hr>115</ns3:hr>
            <ns3:cad>50</ns3:cad>
          </ns3:TrackPointExtension>
        </extensions>
      </trkpt>
      <trkpt lat="42.9084615223109722137451171875" lon="-8.75023660250008106231689453125">
        <ele>211.8000030517578125</ele>
        <time>2025-10-21T08:46:27.000Z</time>
        <extensions>
          <ns3:TrackPointExtension>
            <ns3:hr>113</ns3:hr>
            <ns3:cad>48</ns3:cad>
          </ns3:TrackPointExtension>
        </extensions>
      </trkpt>
      <trkpt lat="42.90851810015738010406494140625" lon="-8.750296197831630706787109375">
        <ele>212</ele>
        <time>2025-10-21T08:46:34.000Z</time>
        <extensions>
          <ns3:TrackPointExtension>
            <ns3:hr>114</ns3:hr>
            <ns3:cad>0</ns3:cad>
          </ns3:TrackPointExtension>
        </extensions>
      </trkpt>
      <trkpt lat="42.9085832275450229644775390625" lon="-8.7503443099558353424072265625">
        <ele>212.1999969482421875</ele>
        <time>2025-10-21T08:46:41.000Z</time>
        <extensions>
          <ns3:TrackPointExtension>
            <ns3:hr>115</ns3:hr>
            <ns3:cad>48</ns3:cad>
          </ns3:TrackPointExtension>
        </extensions>
      </trkpt>
      <trkpt lat="42.90864609181880950927734375" lon="-8.75038395635783672332763671875">
        <ele>212.1999969482421875</ele>
        <time>2025-10-21T08:46:48.000Z</time>
        <extensions>
          <ns3:TrackPointExtension>
            <ns3:hr>114</ns3:hr>
            <ns3:cad>49</ns3:cad>
          </ns3:TrackPointExtension>
        </extensions>
      </trkpt>
      <trkpt lat="42.90865723975002765655517578125" lon="-8.7503885664045810699462890625">
        <ele>212.399993896484375</ele>
        <time>2025-10-21T08:46:49.000Z</time>
        <extensions>
          <ns3:TrackPointExtension>
            <ns3:hr>114</ns3:hr>
            <ns3:cad>49</ns3:cad>
          </ns3:TrackPointExtension>
        </extensions>
      </trkpt>
      <trkpt lat="42.90870937518775463104248046875" lon="-8.7504241056740283966064453125">
        <ele>212.600006103515625</ele>
        <time>2025-10-21T08:46:56.000Z</time>
        <extensions>
          <ns3:TrackPointExtension>
            <ns3:hr>114</ns3:hr>
            <ns3:cad>0</ns3:cad>
          </ns3:TrackPointExtension>
        </extensions>
      </trkpt>
      <trkpt lat="42.90877073071897029876708984375" lon="-8.750473894178867340087890625">
        <ele>213.399993896484375</ele>
        <time>2025-10-21T08:47:03.000Z</time>
        <extensions>
          <ns3:TrackPointExtension>
            <ns3:hr>113</ns3:hr>
            <ns3:cad>0</ns3:cad>
          </ns3:TrackPointExtension>
        </extensions>
      </trkpt>
      <trkpt lat="42.90881247259676456451416015625" lon="-8.75053131021559238433837890625">
        <ele>214</ele>
        <time>2025-10-21T08:47:10.000Z</time>
        <extensions>
          <ns3:TrackPointExtension>
            <ns3:hr>114</ns3:hr>
            <ns3:cad>47</ns3:cad>
          </ns3:TrackPointExtension>
        </extensions>
      </trkpt>
      <trkpt lat="42.90882973931729793548583984375" lon="-8.75055997632443904876708984375">
        <ele>214.399993896484375</ele>
        <time>2025-10-21T08:47:13.000Z</time>
        <extensions>
          <ns3:TrackPointExtension>
            <ns3:hr>114</ns3:hr>
            <ns3:cad>46</ns3:cad>
          </ns3:TrackPointExtension>
        </extensions>
      </trkpt>
      <trkpt lat="42.9088484309613704681396484375" lon="-8.750585205852985382080078125">
        <ele>214.8000030517578125</ele>
        <time>2025-10-21T08:47:16.000Z</time>
        <extensions>
          <ns3:TrackPointExtension>
            <ns3:hr>115</ns3:hr>
            <ns3:cad>46</ns3:cad>
          </ns3:TrackPointExtension>
        </extensions>
      </trkpt>
      <trkpt lat="42.9088760912418365478515625" lon="-8.75065519474446773529052734375">
        <ele>215.399993896484375</ele>
        <time>2025-10-21T08:47:23.000Z</time>
        <extensions>
          <ns3:TrackPointExtension>
            <ns3:hr>115</ns3:hr>
            <ns3:cad>46</ns3:cad>
          </ns3:TrackPointExtension>
        </extensions>
      </trkpt>
      <trkpt lat="42.908919341862201690673828125" lon="-8.7507404386997222900390625">
        <ele>216.399993896484375</ele>
        <time>2025-10-21T08:47:31.000Z</time>
        <extensions>
          <ns3:TrackPointExtension>
            <ns3:hr>117</ns3:hr>
            <ns3:cad>45</ns3:cad>
          </ns3:TrackPointExtension>
        </extensions>
      </trkpt>
      <trkpt lat="42.90892680175602436065673828125" lon="-8.75075309537351131439208984375">
        <ele>216.399993896484375</ele>
        <time>2025-10-21T08:47:32.000Z</time>
        <extensions>
          <ns3:TrackPointExtension>
            <ns3:hr>117</ns3:hr>
            <ns3:cad>45</ns3:cad>
          </ns3:TrackPointExtension>
        </extensions>
      </trkpt>
      <trkpt lat="42.9089646041393280029296875" lon="-8.7508535943925380706787109375">
        <ele>216</ele>
        <time>2025-10-21T08:47:40.000Z</time>
        <extensions>
          <ns3:TrackPointExtension>
            <ns3:hr>117</ns3:hr>
            <ns3:cad>47</ns3:cad>
          </ns3:TrackPointExtension>
        </extensions>
      </trkpt>
      <trkpt lat="42.90898245759308338165283203125" lon="-8.7509343959391117095947265625">
        <ele>216</ele>
        <time>2025-10-21T08:47:47.000Z</time>
        <extensions>
          <ns3:TrackPointExtension>
            <ns3:hr>117</ns3:hr>
            <ns3:cad>0</ns3:cad>
          </ns3:TrackPointExtension>
        </extensions>
      </trkpt>
      <trkpt lat="42.9089915938675403594970703125" lon="-8.75101142562925815582275390625">
        <ele>216</ele>
        <time>2025-10-21T08:47:54.000Z</time>
        <extensions>
          <ns3:TrackPointExtension>
            <ns3:hr>116</ns3:hr>
            <ns3:cad>47</ns3:cad>
          </ns3:TrackPointExtension>
        </extensions>
      </trkpt>
      <trkpt lat="42.909008525311946868896484375" lon="-8.75111527740955352783203125">
        <ele>216.1999969482421875</ele>
        <time>2025-10-21T08:48:02.000Z</time>
        <extensions>
          <ns3:TrackPointExtension>
            <ns3:hr>116</ns3:hr>
            <ns3:cad>0</ns3:cad>
          </ns3:TrackPointExtension>
        </extensions>
      </trkpt>
      <trkpt lat="42.90905110538005828857421875" lon="-8.751224577426910400390625">
        <ele>216</ele>
        <time>2025-10-21T08:48:10.000Z</time>
        <extensions>
          <ns3:TrackPointExtension>
            <ns3:hr>114</ns3:hr>
            <ns3:cad>50</ns3:cad>
          </ns3:TrackPointExtension>
        </extensions>
      </trkpt>
      <trkpt lat="42.909092009067535400390625" lon="-8.75128048472106456756591796875">
        <ele>216.1999969482421875</ele>
        <time>2025-10-21T08:48:16.000Z</time>
        <extensions>
          <ns3:TrackPointExtension>
            <ns3:hr>112</ns3:hr>
            <ns3:cad>48</ns3:cad>
          </ns3:TrackPointExtension>
        </extensions>
      </trkpt>
      <trkpt lat="42.90914833545684814453125" lon="-8.75131669454276561737060546875">
        <ele>216.600006103515625</ele>
        <time>2025-10-21T08:48:22.000Z</time>
        <extensions>
          <ns3:TrackPointExtension>
            <ns3:hr>111</ns3:hr>
            <ns3:cad>48</ns3:cad>
          </ns3:TrackPointExtension>
        </extensions>
      </trkpt>
      <trkpt lat="42.90921698324382305145263671875" lon="-8.75136145390570163726806640625">
        <ele>216.8000030517578125</ele>
        <time>2025-10-21T08:48:28.000Z</time>
        <extensions>
          <ns3:TrackPointExtension>
            <ns3:hr>111</ns3:hr>
            <ns3:cad>49</ns3:cad>
          </ns3:TrackPointExtension>
        </extensions>
      </trkpt>
      <trkpt lat="42.909272722899913787841796875" lon="-8.7514051236212253570556640625">
        <ele>217.1999969482421875</ele>
        <time>2025-10-21T08:48:35.000Z</time>
        <extensions>
          <ns3:TrackPointExtension>
            <ns3:hr>111</ns3:hr>
            <ns3:cad>48</ns3:cad>
          </ns3:TrackPointExtension>
        </extensions>
      </trkpt>
      <trkpt lat="42.909292168915271759033203125" lon="-8.7514175288379192352294921875">
        <ele>217.600006103515625</ele>
        <time>2025-10-21T08:48:37.000Z</time>
        <extensions>
          <ns3:TrackPointExtension>
            <ns3:hr>110</ns3:hr>
            <ns3:cad>48</ns3:cad>
          </ns3:TrackPointExtension>
        </extensions>
      </trkpt>
      <trkpt lat="42.90933114476501941680908203125" lon="-8.75142775475978851318359375">
        <ele>217.8000030517578125</ele>
        <time>2025-10-21T08:48:41.000Z</time>
        <extensions>
          <ns3:TrackPointExtension>
            <ns3:hr>107</ns3:hr>
            <ns3:cad>0</ns3:cad>
          </ns3:TrackPointExtension>
        </extensions>
      </trkpt>
      <trkpt lat="42.90935629047453403472900390625" lon="-8.7514299340546131134033203125">
        <ele>217.8000030517578125</ele>
        <time>2025-10-21T08:48:43.000Z</time>
        <extensions>
          <ns3:TrackPointExtension>
            <ns3:hr>104</ns3:hr>
            <ns3:cad>0</ns3:cad>
          </ns3:TrackPointExtension>
        </extensions>
      </trkpt>
      <trkpt lat="42.90939451195299625396728515625" lon="-8.7514322809875011444091796875">
        <ele>218</ele>
        <time>2025-10-21T08:48:47.000Z</time>
        <extensions>
          <ns3:TrackPointExtension>
            <ns3:hr>102</ns3:hr>
            <ns3:cad>47</ns3:cad>
          </ns3:TrackPointExtension>
        </extensions>
      </trkpt>
      <trkpt lat="42.9094442166388034820556640625" lon="-8.75143152661621570587158203125">
        <ele>218.600006103515625</ele>
        <time>2025-10-21T08:48:53.000Z</time>
        <extensions>
          <ns3:TrackPointExtension>
            <ns3:hr>101</ns3:hr>
            <ns3:cad>48</ns3:cad>
          </ns3:TrackPointExtension>
        </extensions>
      </trkpt>
      <trkpt lat="42.9094609804451465606689453125" lon="-8.7514329515397548675537109375">
        <ele>218.600006103515625</ele>
        <time>2025-10-21T08:48:55.000Z</time>
        <extensions>
          <ns3:TrackPointExtension>
            <ns3:hr>102</ns3:hr>
            <ns3:cad>0</ns3:cad>
          </ns3:TrackPointExtension>
        </extensions>
      </trkpt>
      <trkpt lat="42.90956114418804645538330078125" lon="-8.7514527328312397003173828125">
        <ele>219.399993896484375</ele>
        <time>2025-10-21T08:49:04.000Z</time>
        <extensions>
          <ns3:TrackPointExtension>
            <ns3:hr>102</ns3:hr>
            <ns3:cad>47</ns3:cad>
          </ns3:TrackPointExtension>
        </extensions>
      </trkpt>
      <trkpt lat="42.90959827601909637451171875" lon="-8.75146304257214069366455078125">
        <ele>219.600006103515625</ele>
        <time>2025-10-21T08:49:08.000Z</time>
        <extensions>
          <ns3:TrackPointExtension>
            <ns3:hr>103</ns3:hr>
            <ns3:cad>51</ns3:cad>
          </ns3:TrackPointExtension>
        </extensions>
      </trkpt>
      <trkpt lat="42.90964119136333465576171875" lon="-8.75147008337080478668212890625">
        <ele>220</ele>
        <time>2025-10-21T08:49:12.000Z</time>
        <extensions>
          <ns3:TrackPointExtension>
            <ns3:hr>102</ns3:hr>
            <ns3:cad>0</ns3:cad>
          </ns3:TrackPointExtension>
        </extensions>
      </trkpt>
      <trkpt lat="42.90968771092593669891357421875" lon="-8.7514604441821575164794921875">
        <ele>220.600006103515625</ele>
        <time>2025-10-21T08:49:17.000Z</time>
        <extensions>
          <ns3:TrackPointExtension>
            <ns3:hr>103</ns3:hr>
            <ns3:cad>49</ns3:cad>
          </ns3:TrackPointExtension>
        </extensions>
      </trkpt>
      <trkpt lat="42.90971721522510051727294921875" lon="-8.75144996680319309234619140625">
        <ele>220.8000030517578125</ele>
        <time>2025-10-21T08:49:21.000Z</time>
        <extensions>
          <ns3:TrackPointExtension>
            <ns3:hr>103</ns3:hr>
            <ns3:cad>0</ns3:cad>
          </ns3:TrackPointExtension>
        </extensions>
      </trkpt>
      <trkpt lat="42.909758202731609344482421875" lon="-8.75145080499351024627685546875">
        <ele>221.1999969482421875</ele>
        <time>2025-10-21T08:49:25.000Z</time>
        <extensions>
          <ns3:TrackPointExtension>
            <ns3:hr>104</ns3:hr>
            <ns3:cad>0</ns3:cad>
          </ns3:TrackPointExtension>
        </extensions>
      </trkpt>
      <trkpt lat="42.9098282754421234130859375" lon="-8.75148315913975238800048828125">
        <ele>221.8000030517578125</ele>
        <time>2025-10-21T08:49:33.000Z</time>
        <extensions>
          <ns3:TrackPointExtension>
            <ns3:hr>104</ns3:hr>
            <ns3:cad>0</ns3:cad>
          </ns3:TrackPointExtension>
        </extensions>
      </trkpt>
      <trkpt lat="42.90989273227751255035400390625" lon="-8.75153772532939910888671875">
        <ele>222</ele>
        <time>2025-10-21T08:49:40.000Z</time>
        <extensions>
          <ns3:TrackPointExtension>
            <ns3:hr>105</ns3:hr>
            <ns3:cad>48</ns3:cad>
          </ns3:TrackPointExtension>
        </extensions>
      </trkpt>
      <trkpt lat="42.90993581525981426239013671875" lon="-8.75159665010869503021240234375">
        <ele>222.1999969482421875</ele>
        <time>2025-10-21T08:49:47.000Z</time>
        <extensions>
          <ns3:TrackPointExtension>
            <ns3:hr>105</ns3:hr>
            <ns3:cad>51</ns3:cad>
          </ns3:TrackPointExtension>
        </extensions>
      </trkpt>
      <trkpt lat="42.9100094921886920928955078125" lon="-8.7516445107758045196533203125">
        <ele>222.600006103515625</ele>
        <time>2025-10-21T08:49:55.000Z</time>
        <extensions>
          <ns3:TrackPointExtension>
            <ns3:hr>107</ns3:hr>
            <ns3:cad>0</ns3:cad>
          </ns3:TrackPointExtension>
        </extensions>
      </trkpt>
      <trkpt lat="42.910068668425083160400390625" lon="-8.75168482773005962371826171875">
        <ele>222.399993896484375</ele>
        <time>2025-10-21T08:50:04.000Z</time>
        <extensions>
          <ns3:TrackPointExtension>
            <ns3:hr>106</ns3:hr>
            <ns3:cad>0</ns3:cad>
          </ns3:TrackPointExtension>
        </extensions>
      </trkpt>
      <trkpt lat="42.91012541390955448150634765625" lon="-8.7517541460692882537841796875">
        <ele>222.399993896484375</ele>
        <time>2025-10-21T08:50:13.000Z</time>
        <extensions>
          <ns3:TrackPointExtension>
            <ns3:hr>104</ns3:hr>
            <ns3:cad>45</ns3:cad>
          </ns3:TrackPointExtension>
        </extensions>
      </trkpt>
      <trkpt lat="42.9101536609232425689697265625" lon="-8.75178189016878604888916015625">
        <ele>222.8000030517578125</ele>
        <time>2025-10-21T08:50:17.000Z</time>
        <extensions>
          <ns3:TrackPointExtension>
            <ns3:hr>104</ns3:hr>
            <ns3:cad>48</ns3:cad>
          </ns3:TrackPointExtension>
        </extensions>
      </trkpt>
      <trkpt lat="42.91018174029886722564697265625" lon="-8.7518000788986682891845703125">
        <ele>223</ele>
        <time>2025-10-21T08:50:20.000Z</time>
        <extensions>
          <ns3:TrackPointExtension>
            <ns3:hr>103</ns3:hr>
            <ns3:cad>50</ns3:cad>
          </ns3:TrackPointExtension>
        </extensions>
      </trkpt>
      <trkpt lat="42.910249717533588409423828125" lon="-8.751825392246246337890625">
        <ele>223.399993896484375</ele>
        <time>2025-10-21T08:50:27.000Z</time>
        <extensions>
          <ns3:TrackPointExtension>
            <ns3:hr>104</ns3:hr>
            <ns3:cad>50</ns3:cad>
          </ns3:TrackPointExtension>
        </extensions>
      </trkpt>
      <trkpt lat="42.91033898480236530303955078125" lon="-8.7519100494682788848876953125">
        <ele>223.600006103515625</ele>
        <time>2025-10-21T08:50:35.000Z</time>
        <extensions>
          <ns3:TrackPointExtension>
            <ns3:hr>103</ns3:hr>
            <ns3:cad>50</ns3:cad>
          </ns3:TrackPointExtension>
        </extensions>
      </trkpt>
      <trkpt lat="42.91035692207515239715576171875" lon="-8.75192773528397083282470703125">
        <ele>223.8000030517578125</ele>
        <time>2025-10-21T08:50:37.000Z</time>
        <extensions>
          <ns3:TrackPointExtension>
            <ns3:hr>104</ns3:hr>
            <ns3:cad>51</ns3:cad>
          </ns3:TrackPointExtension>
        </extensions>
      </trkpt>
      <trkpt lat="42.91040251962840557098388671875" lon="-8.751962184906005859375">
        <ele>224</ele>
        <time>2025-10-21T08:50:42.000Z</time>
        <extensions>
          <ns3:TrackPointExtension>
            <ns3:hr>105</ns3:hr>
            <ns3:cad>49</ns3:cad>
          </ns3:TrackPointExtension>
        </extensions>
      </trkpt>
      <trkpt lat="42.91047594510018825531005859375" lon="-8.752005435526371002197265625">
        <ele>224.399993896484375</ele>
        <time>2025-10-21T08:50:50.000Z</time>
        <extensions>
          <ns3:TrackPointExtension>
            <ns3:hr>106</ns3:hr>
            <ns3:cad>50</ns3:cad>
          </ns3:TrackPointExtension>
        </extensions>
      </trkpt>
      <trkpt lat="42.91051751933991909027099609375" lon="-8.75202932395040988922119140625">
        <ele>224.8000030517578125</ele>
        <time>2025-10-21T08:50:55.000Z</time>
        <extensions>
          <ns3:TrackPointExtension>
            <ns3:hr>107</ns3:hr>
            <ns3:cad>49</ns3:cad>
          </ns3:TrackPointExtension>
        </extensions>
      </trkpt>
      <trkpt lat="42.91054249741137027740478515625" lon="-8.75204122625291347503662109375">
        <ele>225</ele>
        <time>2025-10-21T08:50:58.000Z</time>
        <extensions>
          <ns3:TrackPointExtension>
            <ns3:hr>107</ns3:hr>
            <ns3:cad>50</ns3:cad>
          </ns3:TrackPointExtension>
        </extensions>
      </trkpt>
      <trkpt lat="42.91060016490519046783447265625" lon="-8.75209562480449676513671875">
        <ele>225.600006103515625</ele>
        <time>2025-10-21T08:51:05.000Z</time>
        <extensions>
          <ns3:TrackPointExtension>
            <ns3:hr>109</ns3:hr>
            <ns3:cad>50</ns3:cad>
          </ns3:TrackPointExtension>
        </extensions>
      </trkpt>
      <trkpt lat="42.9106543958187103271484375" lon="-8.7521450780332088470458984375">
        <ele>225.600006103515625</ele>
        <time>2025-10-21T08:51:11.000Z</time>
        <extensions>
          <ns3:TrackPointExtension>
            <ns3:hr>112</ns3:hr>
            <ns3:cad>49</ns3:cad>
          </ns3:TrackPointExtension>
        </extensions>
      </trkpt>
      <trkpt lat="42.91068197228014469146728515625" lon="-8.75217081047594547271728515625">
        <ele>225.600006103515625</ele>
        <time>2025-10-21T08:51:14.000Z</time>
        <extensions>
          <ns3:TrackPointExtension>
            <ns3:hr>111</ns3:hr>
            <ns3:cad>49</ns3:cad>
          </ns3:TrackPointExtension>
        </extensions>
      </trkpt>
      <trkpt lat="42.9107249714434146881103515625" lon="-8.75220534391701221466064453125">
        <ele>226</ele>
        <time>2025-10-21T08:51:19.000Z</time>
        <extensions>
          <ns3:TrackPointExtension>
            <ns3:hr>111</ns3:hr>
            <ns3:cad>53</ns3:cad>
          </ns3:TrackPointExtension>
        </extensions>
      </trkpt>
      <trkpt lat="42.9107625223696231842041015625" lon="-8.752224706113338470458984375">
        <ele>226.1999969482421875</ele>
        <time>2025-10-21T08:51:23.000Z</time>
        <extensions>
          <ns3:TrackPointExtension>
            <ns3:hr>111</ns3:hr>
            <ns3:cad>52</ns3:cad>
          </ns3:TrackPointExtension>
        </extensions>
      </trkpt>
      <trkpt lat="42.910824380815029144287109375" lon="-8.75229184515774250030517578125">
        <ele>226.1999969482421875</ele>
        <time>2025-10-21T08:51:30.000Z</time>
        <extensions>
          <ns3:TrackPointExtension>
            <ns3:hr>110</ns3:hr>
            <ns3:cad>53</ns3:cad>
          </ns3:TrackPointExtension>
        </extensions>
      </trkpt>
      <trkpt lat="42.91087475605309009552001953125" lon="-8.75238907523453235626220703125">
        <ele>225.8000030517578125</ele>
        <time>2025-10-21T08:51:38.000Z</time>
        <extensions>
          <ns3:TrackPointExtension>
            <ns3:hr>110</ns3:hr>
            <ns3:cad>54</ns3:cad>
          </ns3:TrackPointExtension>
        </extensions>
      </trkpt>
      <trkpt lat="42.91090560145676136016845703125" lon="-8.75247423537075519561767578125">
        <ele>226</ele>
        <time>2025-10-21T08:51:45.000Z</time>
        <extensions>
          <ns3:TrackPointExtension>
            <ns3:hr>110</ns3:hr>
            <ns3:cad>53</ns3:cad>
          </ns3:TrackPointExtension>
        </extensions>
      </trkpt>
      <trkpt lat="42.9109469242393970489501953125" lon="-8.75258110463619232177734375">
        <ele>226.1999969482421875</ele>
        <time>2025-10-21T08:51:53.000Z</time>
        <extensions>
          <ns3:TrackPointExtension>
            <ns3:hr>109</ns3:hr>
            <ns3:cad>52</ns3:cad>
          </ns3:TrackPointExtension>
        </extensions>
      </trkpt>
      <trkpt lat="42.91095388121902942657470703125" lon="-8.75265997834503650665283203125">
        <ele>226.399993896484375</ele>
        <time>2025-10-21T08:51:59.000Z</time>
        <extensions>
          <ns3:TrackPointExtension>
            <ns3:hr>106</ns3:hr>
            <ns3:cad>50</ns3:cad>
          </ns3:TrackPointExtension>
        </extensions>
      </trkpt>
      <trkpt lat="42.910965196788311004638671875" lon="-8.75276609323918819427490234375">
        <ele>226.8000030517578125</ele>
        <time>2025-10-21T08:52:07.000Z</time>
        <extensions>
          <ns3:TrackPointExtension>
            <ns3:hr>105</ns3:hr>
            <ns3:cad>52</ns3:cad>
          </ns3:TrackPointExtension>
        </extensions>
      </trkpt>
      <trkpt lat="42.91097349487245082855224609375" lon="-8.75284588895738124847412109375">
        <ele>226.600006103515625</ele>
        <time>2025-10-21T08:52:12.000Z</time>
        <extensions>
          <ns3:TrackPointExtension>
            <ns3:hr>105</ns3:hr>
            <ns3:cad>52</ns3:cad>
          </ns3:TrackPointExtension>
        </extensions>
      </trkpt>
      <trkpt lat="42.910974584519863128662109375" lon="-8.752944879233837127685546875">
        <ele>227</ele>
        <time>2025-10-21T08:52:19.000Z</time>
        <extensions>
          <ns3:TrackPointExtension>
            <ns3:hr>104</ns3:hr>
            <ns3:cad>52</ns3:cad>
          </ns3:TrackPointExtension>
        </extensions>
      </trkpt>
      <trkpt lat="42.91097248904407024383544921875" lon="-8.75296021811664104461669921875">
        <ele>227</ele>
        <time>2025-10-21T08:52:20.000Z</time>
        <extensions>
          <ns3:TrackPointExtension>
            <ns3:hr>104</ns3:hr>
            <ns3:cad>52</ns3:cad>
          </ns3:TrackPointExtension>
        </extensions>
      </trkpt>
      <trkpt lat="42.910962514579296112060546875" lon="-8.7530633993446826934814453125">
        <ele>227</ele>
        <time>2025-10-21T08:52:26.000Z</time>
        <extensions>
          <ns3:TrackPointExtension>
            <ns3:hr>103</ns3:hr>
            <ns3:cad>52</ns3:cad>
          </ns3:TrackPointExtension>
        </extensions>
      </trkpt>
      <trkpt lat="42.91094734333455562591552734375" lon="-8.75321385450661182403564453125">
        <ele>226.1999969482421875</ele>
        <time>2025-10-21T08:52:36.000Z</time>
        <extensions>
          <ns3:TrackPointExtension>
            <ns3:hr>102</ns3:hr>
            <ns3:cad>56</ns3:cad>
          </ns3:TrackPointExtension>
        </extensions>
      </trkpt>
      <trkpt lat="42.91094214655458927154541015625" lon="-8.75326766632497310638427734375">
        <ele>226</ele>
        <time>2025-10-21T08:52:40.000Z</time>
        <extensions>
          <ns3:TrackPointExtension>
            <ns3:hr>102</ns3:hr>
            <ns3:cad>55</ns3:cad>
          </ns3:TrackPointExtension>
        </extensions>
      </trkpt>
      <trkpt lat="42.91094080545008182525634765625" lon="-8.75332080759108066558837890625">
        <ele>225.600006103515625</ele>
        <time>2025-10-21T08:52:44.000Z</time>
        <extensions>
          <ns3:TrackPointExtension>
            <ns3:hr>103</ns3:hr>
            <ns3:cad>53</ns3:cad>
          </ns3:TrackPointExtension>
        </extensions>
      </trkpt>
      <trkpt lat="42.91094700805842876434326171875" lon="-8.7534073926508426666259765625">
        <ele>224.8000030517578125</ele>
        <time>2025-10-21T08:52:50.000Z</time>
        <extensions>
          <ns3:TrackPointExtension>
            <ns3:hr>102</ns3:hr>
            <ns3:cad>0</ns3:cad>
          </ns3:TrackPointExtension>
        </extensions>
      </trkpt>
      <trkpt lat="42.91094616986811161041259765625" lon="-8.75342273153364658355712890625">
        <ele>224.600006103515625</ele>
        <time>2025-10-21T08:52:52.000Z</time>
        <extensions>
          <ns3:TrackPointExtension>
            <ns3:hr>101</ns3:hr>
            <ns3:cad>53</ns3:cad>
          </ns3:TrackPointExtension>
        </extensions>
      </trkpt>
      <trkpt lat="42.91094684042036533355712890625" lon="-8.753525912761688232421875">
        <ele>224.600006103515625</ele>
        <time>2025-10-21T08:52:59.000Z</time>
        <extensions>
          <ns3:TrackPointExtension>
            <ns3:hr>101</ns3:hr>
            <ns3:cad>55</ns3:cad>
          </ns3:TrackPointExtension>
        </extensions>
      </trkpt>
      <trkpt lat="42.91092655621469020843505859375" lon="-8.7536357156932353973388671875">
        <ele>224.1999969482421875</ele>
        <time>2025-10-21T08:53:07.000Z</time>
        <extensions>
          <ns3:TrackPointExtension>
            <ns3:hr>101</ns3:hr>
            <ns3:cad>53</ns3:cad>
          </ns3:TrackPointExtension>
        </extensions>
      </trkpt>
      <trkpt lat="42.9108899272978305816650390625" lon="-8.753768317401409149169921875">
        <ele>224.600006103515625</ele>
        <time>2025-10-21T08:53:16.000Z</time>
        <extensions>
          <ns3:TrackPointExtension>
            <ns3:hr>101</ns3:hr>
            <ns3:cad>51</ns3:cad>
          </ns3:TrackPointExtension>
        </extensions>
      </trkpt>
      <trkpt lat="42.91086033917963504791259765625" lon="-8.75384702347218990325927734375">
        <ele>224.399993896484375</ele>
        <time>2025-10-21T08:53:24.000Z</time>
        <extensions>
          <ns3:TrackPointExtension>
            <ns3:hr>98</ns3:hr>
            <ns3:cad>50</ns3:cad>
          </ns3:TrackPointExtension>
        </extensions>
      </trkpt>
      <trkpt lat="42.9108501970767974853515625" lon="-8.75387518666684627532958984375">
        <ele>224.399993896484375</ele>
        <time>2025-10-21T08:53:26.000Z</time>
        <extensions>
          <ns3:TrackPointExtension>
            <ns3:hr>98</ns3:hr>
            <ns3:cad>50</ns3:cad>
          </ns3:TrackPointExtension>
        </extensions>
      </trkpt>
      <trkpt lat="42.91080384515225887298583984375" lon="-8.75399622134864330291748046875">
        <ele>224.600006103515625</ele>
        <time>2025-10-21T08:53:35.000Z</time>
        <extensions>
          <ns3:TrackPointExtension>
            <ns3:hr>97</ns3:hr>
            <ns3:cad>51</ns3:cad>
          </ns3:TrackPointExtension>
        </extensions>
      </trkpt>
      <trkpt lat="42.91077869944274425506591796875" lon="-8.75414407812058925628662109375">
        <ele>225</ele>
        <time>2025-10-21T08:53:44.000Z</time>
        <extensions>
          <ns3:TrackPointExtension>
            <ns3:hr>96</ns3:hr>
            <ns3:cad>53</ns3:cad>
          </ns3:TrackPointExtension>
        </extensions>
      </trkpt>
      <trkpt lat="42.9107437469065189361572265625" lon="-8.7542734108865261077880859375">
        <ele>225.399993896484375</ele>
        <time>2025-10-21T08:53:53.000Z</time>
        <extensions>
          <ns3:TrackPointExtension>
            <ns3:hr>97</ns3:hr>
            <ns3:cad>52</ns3:cad>
          </ns3:TrackPointExtension>
        </extensions>
      </trkpt>
      <trkpt lat="42.91071407496929168701171875" lon="-8.754419423639774322509765625">
        <ele>225.600006103515625</ele>
        <time>2025-10-21T08:54:03.000Z</time>
        <extensions>
          <ns3:TrackPointExtension>
            <ns3:hr>98</ns3:hr>
            <ns3:cad>52</ns3:cad>
          </ns3:TrackPointExtension>
        </extensions>
      </trkpt>
      <trkpt lat="42.9106991551816463470458984375" lon="-8.7545089423656463623046875">
        <ele>225.8000030517578125</ele>
        <time>2025-10-21T08:54:10.000Z</time>
        <extensions>
          <ns3:TrackPointExtension>
            <ns3:hr>98</ns3:hr>
            <ns3:cad>53</ns3:cad>
          </ns3:TrackPointExtension>
        </extensions>
      </trkpt>
      <trkpt lat="42.9106917791068553924560546875" lon="-8.75455831177532672882080078125">
        <ele>225.8000030517578125</ele>
        <time>2025-10-21T08:54:13.000Z</time>
        <extensions>
          <ns3:TrackPointExtension>
            <ns3:hr>99</ns3:hr>
            <ns3:cad>51</ns3:cad>
          </ns3:TrackPointExtension>
        </extensions>
      </trkpt>
      <trkpt lat="42.91067593730986118316650390625" lon="-8.7546559609472751617431640625">
        <ele>226.399993896484375</ele>
        <time>2025-10-21T08:54:21.000Z</time>
        <extensions>
          <ns3:TrackPointExtension>
            <ns3:hr>99</ns3:hr>
            <ns3:cad>52</ns3:cad>
          </ns3:TrackPointExtension>
        </extensions>
      </trkpt>
      <trkpt lat="42.91065984405577182769775390625" lon="-8.7547786720097064971923828125">
        <ele>226.600006103515625</ele>
        <time>2025-10-21T08:54:29.000Z</time>
        <extensions>
          <ns3:TrackPointExtension>
            <ns3:hr>100</ns3:hr>
            <ns3:cad>53</ns3:cad>
          </ns3:TrackPointExtension>
        </extensions>
      </trkpt>
      <trkpt lat="42.9106490314006805419921875" lon="-8.75484614633023738861083984375">
        <ele>227</ele>
        <time>2025-10-21T08:54:34.000Z</time>
        <extensions>
          <ns3:TrackPointExtension>
            <ns3:hr>100</ns3:hr>
            <ns3:cad>52</ns3:cad>
          </ns3:TrackPointExtension>
        </extensions>
      </trkpt>
      <trkpt lat="42.91064140386879444122314453125" lon="-8.754923678934574127197265625">
        <ele>227.1999969482421875</ele>
        <time>2025-10-21T08:54:39.000Z</time>
        <extensions>
          <ns3:TrackPointExtension>
            <ns3:hr>100</ns3:hr>
            <ns3:cad>53</ns3:cad>
          </ns3:TrackPointExtension>
        </extensions>
      </trkpt>
      <trkpt lat="42.910621203482151031494140625" lon="-8.7550613097846508026123046875">
        <ele>227</ele>
        <time>2025-10-21T08:54:47.000Z</time>
        <extensions>
          <ns3:TrackPointExtension>
            <ns3:hr>102</ns3:hr>
            <ns3:cad>53</ns3:cad>
          </ns3:TrackPointExtension>
        </extensions>
      </trkpt>
      <trkpt lat="42.91059278883039951324462890625" lon="-8.75515225343406200408935546875">
        <ele>227.399993896484375</ele>
        <time>2025-10-21T08:54:54.000Z</time>
        <extensions>
          <ns3:TrackPointExtension>
            <ns3:hr>102</ns3:hr>
            <ns3:cad>51</ns3:cad>
          </ns3:TrackPointExtension>
        </extensions>
      </trkpt>
      <trkpt lat="42.91056429035961627960205078125" lon="-8.7552514113485813140869140625">
        <ele>228</ele>
        <time>2025-10-21T08:55:01.000Z</time>
        <extensions>
          <ns3:TrackPointExtension>
            <ns3:hr>103</ns3:hr>
            <ns3:cad>52</ns3:cad>
          </ns3:TrackPointExtension>
        </extensions>
      </trkpt>
      <trkpt lat="42.91056328453123569488525390625" lon="-8.7552624754607677459716796875">
        <ele>228</ele>
        <time>2025-10-21T08:55:02.000Z</time>
        <extensions>
          <ns3:TrackPointExtension>
            <ns3:hr>103</ns3:hr>
            <ns3:cad>52</ns3:cad>
          </ns3:TrackPointExtension>
        </extensions>
      </trkpt>
      <trkpt lat="42.91054333560168743133544921875" lon="-8.7553570233285427093505859375">
        <ele>228.399993896484375</ele>
        <time>2025-10-21T08:55:09.000Z</time>
        <extensions>
          <ns3:TrackPointExtension>
            <ns3:hr>102</ns3:hr>
            <ns3:cad>50</ns3:cad>
          </ns3:TrackPointExtension>
        </extensions>
      </trkpt>
      <trkpt lat="42.91052204556763172149658203125" lon="-8.75549959950149059295654296875">
        <ele>229</ele>
        <time>2025-10-21T08:55:18.000Z</time>
        <extensions>
          <ns3:TrackPointExtension>
            <ns3:hr>105</ns3:hr>
            <ns3:cad>52</ns3:cad>
          </ns3:TrackPointExtension>
        </extensions>
      </trkpt>
      <trkpt lat="42.9105194471776485443115234375" lon="-8.75551904551684856414794921875">
        <ele>229</ele>
        <time>2025-10-21T08:55:19.000Z</time>
        <extensions>
          <ns3:TrackPointExtension>
            <ns3:hr>105</ns3:hr>
            <ns3:cad>53</ns3:cad>
          </ns3:TrackPointExtension>
        </extensions>
      </trkpt>
      <trkpt lat="42.9105030186474323272705078125" lon="-8.75564460642635822296142578125">
        <ele>229</ele>
        <time>2025-10-21T08:55:27.000Z</time>
        <extensions>
          <ns3:TrackPointExtension>
            <ns3:hr>105</ns3:hr>
            <ns3:cad>54</ns3:cad>
          </ns3:TrackPointExtension>
        </extensions>
      </trkpt>
      <trkpt lat="42.91049220599234104156494140625" lon="-8.755800426006317138671875">
        <ele>229.399993896484375</ele>
        <time>2025-10-21T08:55:37.000Z</time>
        <extensions>
          <ns3:TrackPointExtension>
            <ns3:hr>107</ns3:hr>
            <ns3:cad>55</ns3:cad>
          </ns3:TrackPointExtension>
        </extensions>
      </trkpt>
      <trkpt lat="42.91049069724977016448974609375" lon="-8.75592556782066822052001953125">
        <ele>229.600006103515625</ele>
        <time>2025-10-21T08:55:45.000Z</time>
        <extensions>
          <ns3:TrackPointExtension>
            <ns3:hr>108</ns3:hr>
            <ns3:cad>54</ns3:cad>
          </ns3:TrackPointExtension>
        </extensions>
      </trkpt>
      <trkpt lat="42.91048608720302581787109375" lon="-8.75610510818660259246826171875">
        <ele>230</ele>
        <time>2025-10-21T08:55:57.000Z</time>
        <extensions>
          <ns3:TrackPointExtension>
            <ns3:hr>107</ns3:hr>
            <ns3:cad>54</ns3:cad>
          </ns3:TrackPointExtension>
        </extensions>
      </trkpt>
      <trkpt lat="42.9104842431843280792236328125" lon="-8.75612203963100910186767578125">
        <ele>230.1999969482421875</ele>
        <time>2025-10-21T08:55:58.000Z</time>
        <extensions>
          <ns3:TrackPointExtension>
            <ns3:hr>108</ns3:hr>
            <ns3:cad>55</ns3:cad>
          </ns3:TrackPointExtension>
        </extensions>
      </trkpt>
      <trkpt lat="42.910489775240421295166015625" lon="-8.756281547248363494873046875">
        <ele>230</ele>
        <time>2025-10-21T08:56:08.000Z</time>
        <extensions>
          <ns3:TrackPointExtension>
            <ns3:hr>108</ns3:hr>
            <ns3:cad>56</ns3:cad>
          </ns3:TrackPointExtension>
        </extensions>
      </trkpt>
      <trkpt lat="42.91049354709684848785400390625" lon="-8.75643334351480007171630859375">
        <ele>230.600006103515625</ele>
        <time>2025-10-21T08:56:18.000Z</time>
        <extensions>
          <ns3:TrackPointExtension>
            <ns3:hr>107</ns3:hr>
            <ns3:cad>55</ns3:cad>
          </ns3:TrackPointExtension>
        </extensions>
      </trkpt>
      <trkpt lat="42.91049203835427761077880859375" lon="-8.75663517974317073822021484375">
        <ele>230.600006103515625</ele>
        <time>2025-10-21T08:56:30.000Z</time>
        <extensions>
          <ns3:TrackPointExtension>
            <ns3:hr>106</ns3:hr>
            <ns3:cad>56</ns3:cad>
          </ns3:TrackPointExtension>
        </extensions>
      </trkpt>
      <trkpt lat="42.9104912839829921722412109375" lon="-8.75676627270877361297607421875">
        <ele>231.1999969482421875</ele>
        <time>2025-10-21T08:56:38.000Z</time>
        <extensions>
          <ns3:TrackPointExtension>
            <ns3:hr>105</ns3:hr>
            <ns3:cad>56</ns3:cad>
          </ns3:TrackPointExtension>
        </extensions>
      </trkpt>
      <trkpt lat="42.91049019433557987213134765625" lon="-8.75678052194416522979736328125">
        <ele>231.1999969482421875</ele>
        <time>2025-10-21T08:56:39.000Z</time>
        <extensions>
          <ns3:TrackPointExtension>
            <ns3:hr>105</ns3:hr>
            <ns3:cad>56</ns3:cad>
          </ns3:TrackPointExtension>
        </extensions>
      </trkpt>
      <trkpt lat="42.910470329225063323974609375" lon="-8.75695486553013324737548828125">
        <ele>231</ele>
        <time>2025-10-21T08:56:50.000Z</time>
        <extensions>
          <ns3:TrackPointExtension>
            <ns3:hr>104</ns3:hr>
            <ns3:cad>56</ns3:cad>
          </ns3:TrackPointExtension>
        </extensions>
      </trkpt>
      <trkpt lat="42.91046873666346073150634765625" lon="-8.7571302987635135650634765625">
        <ele>231.600006103515625</ele>
        <time>2025-10-21T08:57:01.000Z</time>
        <extensions>
          <ns3:TrackPointExtension>
            <ns3:hr>104</ns3:hr>
            <ns3:cad>55</ns3:cad>
          </ns3:TrackPointExtension>
        </extensions>
      </trkpt>
      <trkpt lat="42.91047007776796817779541015625" lon="-8.7572600506246089935302734375">
        <ele>232.1999969482421875</ele>
        <time>2025-10-21T08:57:09.000Z</time>
        <extensions>
          <ns3:TrackPointExtension>
            <ns3:hr>104</ns3:hr>
            <ns3:cad>55</ns3:cad>
          </ns3:TrackPointExtension>
        </extensions>
      </trkpt>
      <trkpt lat="42.91046907193958759307861328125" lon="-8.75727555714547634124755859375">
        <ele>232.1999969482421875</ele>
        <time>2025-10-21T08:57:10.000Z</time>
        <extensions>
          <ns3:TrackPointExtension>
            <ns3:hr>104</ns3:hr>
            <ns3:cad>55</ns3:cad>
          </ns3:TrackPointExtension>
        </extensions>
      </trkpt>
      <trkpt lat="42.91046421043574810028076171875" lon="-8.75747756101191043853759765625">
        <ele>232.1999969482421875</ele>
        <time>2025-10-21T08:57:22.000Z</time>
        <extensions>
          <ns3:TrackPointExtension>
            <ns3:hr>103</ns3:hr>
            <ns3:cad>56</ns3:cad>
          </ns3:TrackPointExtension>
        </extensions>
      </trkpt>
      <trkpt lat="42.91046571917831897735595703125" lon="-8.75764050520956516265869140625">
        <ele>233</ele>
        <time>2025-10-21T08:57:33.000Z</time>
        <extensions>
          <ns3:TrackPointExtension>
            <ns3:hr>103</ns3:hr>
            <ns3:cad>56</ns3:cad>
          </ns3:TrackPointExtension>
        </extensions>
      </trkpt>
      <trkpt lat="42.9104698263108730316162109375" lon="-8.75771007500588893890380859375">
        <ele>233.1999969482421875</ele>
        <time>2025-10-21T08:57:37.000Z</time>
        <extensions>
          <ns3:TrackPointExtension>
            <ns3:hr>104</ns3:hr>
            <ns3:cad>56</ns3:cad>
          </ns3:TrackPointExtension>
        </extensions>
      </trkpt>
      <trkpt lat="42.91046286933124065399169921875" lon="-8.7578402459621429443359375">
        <ele>233</ele>
        <time>2025-10-21T08:57:46.000Z</time>
        <extensions>
          <ns3:TrackPointExtension>
            <ns3:hr>102</ns3:hr>
            <ns3:cad>56</ns3:cad>
          </ns3:TrackPointExtension>
        </extensions>
      </trkpt>
      <trkpt lat="42.91044292040169239044189453125" lon="-8.75806085765361785888671875">
        <ele>233</ele>
        <time>2025-10-21T08:58:00.000Z</time>
        <extensions>
          <ns3:TrackPointExtension>
            <ns3:hr>103</ns3:hr>
            <ns3:cad>55</ns3:cad>
          </ns3:TrackPointExtension>
        </extensions>
      </trkpt>
      <trkpt lat="42.91044744662940502166748046875" lon="-8.75825238414108753204345703125">
        <ele>233.600006103515625</ele>
        <time>2025-10-21T08:58:12.000Z</time>
        <extensions>
          <ns3:TrackPointExtension>
            <ns3:hr>102</ns3:hr>
            <ns3:cad>56</ns3:cad>
          </ns3:TrackPointExtension>
        </extensions>
      </trkpt>
      <trkpt lat="42.910445518791675567626953125" lon="-8.75835992395877838134765625">
        <ele>234.1999969482421875</ele>
        <time>2025-10-21T08:58:19.000Z</time>
        <extensions>
          <ns3:TrackPointExtension>
            <ns3:hr>104</ns3:hr>
            <ns3:cad>55</ns3:cad>
          </ns3:TrackPointExtension>
        </extensions>
      </trkpt>
      <trkpt lat="42.9104413278400897979736328125" lon="-8.758406527340412139892578125">
        <ele>234.399993896484375</ele>
        <time>2025-10-21T08:58:22.000Z</time>
        <extensions>
          <ns3:TrackPointExtension>
            <ns3:hr>105</ns3:hr>
            <ns3:cad>55</ns3:cad>
          </ns3:TrackPointExtension>
        </extensions>
      </trkpt>
      <trkpt lat="42.91041928343474864959716796875" lon="-8.7585957907140254974365234375">
        <ele>234.399993896484375</ele>
        <time>2025-10-21T08:58:34.000Z</time>
        <extensions>
          <ns3:TrackPointExtension>
            <ns3:hr>106</ns3:hr>
            <ns3:cad>54</ns3:cad>
          </ns3:TrackPointExtension>
        </extensions>
      </trkpt>
      <trkpt lat="42.9104108177125453948974609375" lon="-8.7587356008589267730712890625">
        <ele>235.399993896484375</ele>
        <time>2025-10-21T08:58:44.000Z</time>
        <extensions>
          <ns3:TrackPointExtension>
            <ns3:hr>107</ns3:hr>
            <ns3:cad>54</ns3:cad>
          </ns3:TrackPointExtension>
        </extensions>
      </trkpt>
      <trkpt lat="42.9104156792163848876953125" lon="-8.75887985341250896453857421875">
        <ele>234.8000030517578125</ele>
        <time>2025-10-21T08:58:54.000Z</time>
        <extensions>
          <ns3:TrackPointExtension>
            <ns3:hr>109</ns3:hr>
            <ns3:cad>54</ns3:cad>
          </ns3:TrackPointExtension>
        </extensions>
      </trkpt>
      <trkpt lat="42.91041660122573375701904296875" lon="-8.75903324224054813385009765625">
        <ele>236.1999969482421875</ele>
        <time>2025-10-21T08:59:04.000Z</time>
        <extensions>
          <ns3:TrackPointExtension>
            <ns3:hr>109</ns3:hr>
            <ns3:cad>55</ns3:cad>
          </ns3:TrackPointExtension>
        </extensions>
      </trkpt>
      <trkpt lat="42.91041341610252857208251953125" lon="-8.75906207598745822906494140625">
        <ele>236.399993896484375</ele>
        <time>2025-10-21T08:59:06.000Z</time>
        <extensions>
          <ns3:TrackPointExtension>
            <ns3:hr>109</ns3:hr>
            <ns3:cad>54</ns3:cad>
          </ns3:TrackPointExtension>
        </extensions>
      </trkpt>
      <trkpt lat="42.9104067943990230560302734375" lon="-8.75923030078411102294921875">
        <ele>236.399993896484375</ele>
        <time>2025-10-21T08:59:17.000Z</time>
        <extensions>
          <ns3:TrackPointExtension>
            <ns3:hr>110</ns3:hr>
            <ns3:cad>54</ns3:cad>
          </ns3:TrackPointExtension>
        </extensions>
      </trkpt>
      <trkpt lat="42.9104051180183887481689453125" lon="-8.75941269099712371826171875">
        <ele>236.8000030517578125</ele>
        <time>2025-10-21T08:59:29.000Z</time>
        <extensions>
          <ns3:TrackPointExtension>
            <ns3:hr>111</ns3:hr>
            <ns3:cad>55</ns3:cad>
          </ns3:TrackPointExtension>
        </extensions>
      </trkpt>
      <trkpt lat="42.91040151380002498626708984375" lon="-8.75958628021180629730224609375">
        <ele>237.600006103515625</ele>
        <time>2025-10-21T08:59:40.000Z</time>
        <extensions>
          <ns3:TrackPointExtension>
            <ns3:hr>109</ns3:hr>
            <ns3:cad>54</ns3:cad>
          </ns3:TrackPointExtension>
        </extensions>
      </trkpt>
      <trkpt lat="42.9104010947048664093017578125" lon="-8.7596170417964458465576171875">
        <ele>237.8000030517578125</ele>
        <time>2025-10-21T08:59:42.000Z</time>
        <extensions>
          <ns3:TrackPointExtension>
            <ns3:hr>108</ns3:hr>
            <ns3:cad>54</ns3:cad>
          </ns3:TrackPointExtension>
        </extensions>
      </trkpt>
      <trkpt lat="42.91043579578399658203125" lon="-8.759743273258209228515625">
        <ele>238</ele>
        <time>2025-10-21T08:59:51.000Z</time>
        <extensions>
          <ns3:TrackPointExtension>
            <ns3:hr>108</ns3:hr>
            <ns3:cad>55</ns3:cad>
          </ns3:TrackPointExtension>
        </extensions>
      </trkpt>
      <trkpt lat="42.9104604385793209075927734375" lon="-8.75982977449893951416015625">
        <ele>238.600006103515625</ele>
        <time>2025-10-21T08:59:57.000Z</time>
        <extensions>
          <ns3:TrackPointExtension>
            <ns3:hr>109</ns3:hr>
            <ns3:cad>55</ns3:cad>
          </ns3:TrackPointExtension>
        </extensions>
      </trkpt>
      <trkpt lat="42.91047460399568080902099609375" lon="-8.75990596599876880645751953125">
        <ele>238.8000030517578125</ele>
        <time>2025-10-21T09:00:02.000Z</time>
        <extensions>
          <ns3:TrackPointExtension>
            <ns3:hr>108</ns3:hr>
            <ns3:cad>55</ns3:cad>
          </ns3:TrackPointExtension>
        </extensions>
      </trkpt>
      <trkpt lat="42.910465635359287261962890625" lon="-8.76008885912597179412841796875">
        <ele>239.600006103515625</ele>
        <time>2025-10-21T09:00:13.000Z</time>
        <extensions>
          <ns3:TrackPointExtension>
            <ns3:hr>108</ns3:hr>
            <ns3:cad>56</ns3:cad>
          </ns3:TrackPointExtension>
        </extensions>
      </trkpt>
      <trkpt lat="42.9104621149599552154541015625" lon="-8.7601025216281414031982421875">
        <ele>239.600006103515625</ele>
        <time>2025-10-21T09:00:14.000Z</time>
        <extensions>
          <ns3:TrackPointExtension>
            <ns3:hr>109</ns3:hr>
            <ns3:cad>56</ns3:cad>
          </ns3:TrackPointExtension>
        </extensions>
      </trkpt>
      <trkpt lat="42.91045465506613254547119140625" lon="-8.76020335592329502105712890625">
        <ele>239.8000030517578125</ele>
        <time>2025-10-21T09:00:22.000Z</time>
        <extensions>
          <ns3:TrackPointExtension>
            <ns3:hr>109</ns3:hr>
            <ns3:cad>50</ns3:cad>
          </ns3:TrackPointExtension>
        </extensions>
      </trkpt>
      <trkpt lat="42.91045197285711765289306640625" lon="-8.7603137455880641937255859375">
        <ele>240</ele>
        <time>2025-10-21T09:00:31.000Z</time>
        <extensions>
          <ns3:TrackPointExtension>
            <ns3:hr>109</ns3:hr>
            <ns3:cad>53</ns3:cad>
          </ns3:TrackPointExtension>
        </extensions>
      </trkpt>
      <trkpt lat="42.910452224314212799072265625" lon="-8.76043218187987804412841796875">
        <ele>240.600006103515625</ele>
        <time>2025-10-21T09:00:40.000Z</time>
        <extensions>
          <ns3:TrackPointExtension>
            <ns3:hr>111</ns3:hr>
            <ns3:cad>51</ns3:cad>
          </ns3:TrackPointExtension>
        </extensions>
      </trkpt>
      <trkpt lat="42.9104493744671344757080078125" lon="-8.76044332981109619140625">
        <ele>240.600006103515625</ele>
        <time>2025-10-21T09:00:41.000Z</time>
        <extensions>
          <ns3:TrackPointExtension>
            <ns3:hr>111</ns3:hr>
            <ns3:cad>51</ns3:cad>
          </ns3:TrackPointExtension>
        </extensions>
      </trkpt>
      <trkpt lat="42.91044727899134159088134765625" lon="-8.76052354462444782257080078125">
        <ele>241.1999969482421875</ele>
        <time>2025-10-21T09:00:47.000Z</time>
        <extensions>
          <ns3:TrackPointExtension>
            <ns3:hr>113</ns3:hr>
            <ns3:cad>51</ns3:cad>
          </ns3:TrackPointExtension>
        </extensions>
      </trkpt>
      <trkpt lat="42.910442836582660675048828125" lon="-8.76066553406417369842529296875">
        <ele>241.1999969482421875</ele>
        <time>2025-10-21T09:00:57.000Z</time>
        <extensions>
          <ns3:TrackPointExtension>
            <ns3:hr>113</ns3:hr>
            <ns3:cad>51</ns3:cad>
          </ns3:TrackPointExtension>
        </extensions>
      </trkpt>
      <trkpt lat="42.9104389809072017669677734375" lon="-8.76081858761608600616455078125">
        <ele>241</ele>
        <time>2025-10-21T09:01:07.000Z</time>
        <extensions>
          <ns3:TrackPointExtension>
            <ns3:hr>114</ns3:hr>
            <ns3:cad>54</ns3:cad>
          </ns3:TrackPointExtension>
        </extensions>
      </trkpt>
      <trkpt lat="42.91043889708817005157470703125" lon="-8.76089201308786869049072265625">
        <ele>241.600006103515625</ele>
        <time>2025-10-21T09:01:12.000Z</time>
        <extensions>
          <ns3:TrackPointExtension>
            <ns3:hr>113</ns3:hr>
            <ns3:cad>53</ns3:cad>
          </ns3:TrackPointExtension>
        </extensions>
      </trkpt>
      <trkpt lat="42.9104352928698062896728515625" lon="-8.760953955352306365966796875">
        <ele>242.399993896484375</ele>
        <time>2025-10-21T09:01:16.000Z</time>
        <extensions>
          <ns3:TrackPointExtension>
            <ns3:hr>113</ns3:hr>
            <ns3:cad>54</ns3:cad>
          </ns3:TrackPointExtension>
        </extensions>
      </trkpt>
      <trkpt lat="42.91043017990887165069580078125" lon="-8.76103333197534084320068359375">
        <ele>242.8000030517578125</ele>
        <time>2025-10-21T09:01:21.000Z</time>
        <extensions>
          <ns3:TrackPointExtension>
            <ns3:hr>112</ns3:hr>
            <ns3:cad>54</ns3:cad>
          </ns3:TrackPointExtension>
        </extensions>
      </trkpt>
      <trkpt lat="42.9104269109666347503662109375" lon="-8.761111199855804443359375">
        <ele>242.8000030517578125</ele>
        <time>2025-10-21T09:01:26.000Z</time>
        <extensions>
          <ns3:TrackPointExtension>
            <ns3:hr>112</ns3:hr>
            <ns3:cad>55</ns3:cad>
          </ns3:TrackPointExtension>
        </extensions>
      </trkpt>
      <trkpt lat="42.9104265756905078887939453125" lon="-8.76128328032791614532470703125">
        <ele>243.600006103515625</ele>
        <time>2025-10-21T09:01:37.000Z</time>
        <extensions>
          <ns3:TrackPointExtension>
            <ns3:hr>114</ns3:hr>
            <ns3:cad>54</ns3:cad>
          </ns3:TrackPointExtension>
        </extensions>
      </trkpt>
      <trkpt lat="42.91042598895728588104248046875" lon="-8.76133189536631107330322265625">
        <ele>243.8000030517578125</ele>
        <time>2025-10-21T09:01:40.000Z</time>
        <extensions>
          <ns3:TrackPointExtension>
            <ns3:hr>114</ns3:hr>
            <ns3:cad>54</ns3:cad>
          </ns3:TrackPointExtension>
        </extensions>
      </trkpt>
      <trkpt lat="42.91042297147214412689208984375" lon="-8.76144857145845890045166015625">
        <ele>244.399993896484375</ele>
        <time>2025-10-21T09:01:48.000Z</time>
        <extensions>
          <ns3:TrackPointExtension>
            <ns3:hr>111</ns3:hr>
            <ns3:cad>53</ns3:cad>
          </ns3:TrackPointExtension>
        </extensions>
      </trkpt>
      <trkpt lat="42.91042129509150981903076171875" lon="-8.7615443766117095947265625">
        <ele>245</ele>
        <time>2025-10-21T09:01:54.000Z</time>
        <extensions>
          <ns3:TrackPointExtension>
            <ns3:hr>110</ns3:hr>
            <ns3:cad>54</ns3:cad>
          </ns3:TrackPointExtension>
        </extensions>
      </trkpt>
      <trkpt lat="42.91041710413992404937744140625" lon="-8.7616330571472644805908203125">
        <ele>244.600006103515625</ele>
        <time>2025-10-21T09:02:00.000Z</time>
        <extensions>
          <ns3:TrackPointExtension>
            <ns3:hr>110</ns3:hr>
            <ns3:cad>54</ns3:cad>
          </ns3:TrackPointExtension>
        </extensions>
      </trkpt>
      <trkpt lat="42.9104098118841648101806640625" lon="-8.7618174590170383453369140625">
        <ele>245.1999969482421875</ele>
        <time>2025-10-21T09:02:12.000Z</time>
        <extensions>
          <ns3:TrackPointExtension>
            <ns3:hr>109</ns3:hr>
            <ns3:cad>53</ns3:cad>
          </ns3:TrackPointExtension>
        </extensions>
      </trkpt>
      <trkpt lat="42.910409308969974517822265625" lon="-8.7618647329509258270263671875">
        <ele>246</ele>
        <time>2025-10-21T09:02:15.000Z</time>
        <extensions>
          <ns3:TrackPointExtension>
            <ns3:hr>109</ns3:hr>
            <ns3:cad>54</ns3:cad>
          </ns3:TrackPointExtension>
        </extensions>
      </trkpt>
      <trkpt lat="42.91040536947548389434814453125" lon="-8.761961460113525390625">
        <ele>246.399993896484375</ele>
        <time>2025-10-21T09:02:22.000Z</time>
        <extensions>
          <ns3:TrackPointExtension>
            <ns3:hr>109</ns3:hr>
            <ns3:cad>53</ns3:cad>
          </ns3:TrackPointExtension>
        </extensions>
      </trkpt>
      <trkpt lat="42.91040184907615184783935546875" lon="-8.76208056695759296417236328125">
        <ele>247</ele>
        <time>2025-10-21T09:02:30.000Z</time>
        <extensions>
          <ns3:TrackPointExtension>
            <ns3:hr>110</ns3:hr>
            <ns3:cad>52</ns3:cad>
          </ns3:TrackPointExtension>
        </extensions>
      </trkpt>
      <trkpt lat="42.91040436364710330963134765625" lon="-8.76213856972754001617431640625">
        <ele>247.600006103515625</ele>
        <time>2025-10-21T09:02:34.000Z</time>
        <extensions>
          <ns3:TrackPointExtension>
            <ns3:hr>111</ns3:hr>
            <ns3:cad>53</ns3:cad>
          </ns3:TrackPointExtension>
        </extensions>
      </trkpt>
      <trkpt lat="42.91039698757231235504150390625" lon="-8.76230034045875072479248046875">
        <ele>247.8000030517578125</ele>
        <time>2025-10-21T09:02:44.000Z</time>
        <extensions>
          <ns3:TrackPointExtension>
            <ns3:hr>112</ns3:hr>
            <ns3:cad>53</ns3:cad>
          </ns3:TrackPointExtension>
        </extensions>
      </trkpt>
      <trkpt lat="42.9104014299809932708740234375" lon="-8.7623582594096660614013671875">
        <ele>248.1999969482421875</ele>
        <time>2025-10-21T09:02:48.000Z</time>
        <extensions>
          <ns3:TrackPointExtension>
            <ns3:hr>112</ns3:hr>
            <ns3:cad>53</ns3:cad>
          </ns3:TrackPointExtension>
        </extensions>
      </trkpt>
      <trkpt lat="42.91040352545678615570068359375" lon="-8.76240469515323638916015625">
        <ele>248.600006103515625</ele>
        <time>2025-10-21T09:02:51.000Z</time>
        <extensions>
          <ns3:TrackPointExtension>
            <ns3:hr>112</ns3:hr>
            <ns3:cad>53</ns3:cad>
          </ns3:TrackPointExtension>
        </extensions>
      </trkpt>
      <trkpt lat="42.91041173972189426422119140625" lon="-8.762473762035369873046875">
        <ele>249.1999969482421875</ele>
        <time>2025-10-21T09:02:56.000Z</time>
        <extensions>
          <ns3:TrackPointExtension>
            <ns3:hr>113</ns3:hr>
            <ns3:cad>53</ns3:cad>
          </ns3:TrackPointExtension>
        </extensions>
      </trkpt>
      <trkpt lat="42.91040872223675251007080078125" lon="-8.7625433318316936492919921875">
        <ele>249.600006103515625</ele>
        <time>2025-10-21T09:03:01.000Z</time>
        <extensions>
          <ns3:TrackPointExtension>
            <ns3:hr>114</ns3:hr>
            <ns3:cad>52</ns3:cad>
          </ns3:TrackPointExtension>
        </extensions>
      </trkpt>
      <trkpt lat="42.91041542775928974151611328125" lon="-8.7626073695719242095947265625">
        <ele>249.600006103515625</ele>
        <time>2025-10-21T09:03:08.000Z</time>
        <extensions>
          <ns3:TrackPointExtension>
            <ns3:hr>116</ns3:hr>
            <ns3:cad>0</ns3:cad>
          </ns3:TrackPointExtension>
        </extensions>
      </trkpt>
      <trkpt lat="42.91041743941605091094970703125" lon="-8.7626962177455425262451171875">
        <ele>250.1999969482421875</ele>
        <time>2025-10-21T09:03:15.000Z</time>
        <extensions>
          <ns3:TrackPointExtension>
            <ns3:hr>115</ns3:hr>
            <ns3:cad>51</ns3:cad>
          </ns3:TrackPointExtension>
        </extensions>
      </trkpt>
      <trkpt lat="42.91041676886379718780517578125" lon="-8.7627092935144901275634765625">
        <ele>250.399993896484375</ele>
        <time>2025-10-21T09:03:16.000Z</time>
        <extensions>
          <ns3:TrackPointExtension>
            <ns3:hr>115</ns3:hr>
            <ns3:cad>51</ns3:cad>
          </ns3:TrackPointExtension>
        </extensions>
      </trkpt>
      <trkpt lat="42.91041634976863861083984375" lon="-8.76276184804737567901611328125">
        <ele>251.600006103515625</ele>
        <time>2025-10-21T09:03:20.000Z</time>
        <extensions>
          <ns3:TrackPointExtension>
            <ns3:hr>115</ns3:hr>
            <ns3:cad>52</ns3:cad>
          </ns3:TrackPointExtension>
        </extensions>
      </trkpt>
      <trkpt lat="42.9104198701679706573486328125" lon="-8.7628216110169887542724609375">
        <ele>252.1999969482421875</ele>
        <time>2025-10-21T09:03:25.000Z</time>
        <extensions>
          <ns3:TrackPointExtension>
            <ns3:hr>116</ns3:hr>
            <ns3:cad>50</ns3:cad>
          </ns3:TrackPointExtension>
        </extensions>
      </trkpt>
      <trkpt lat="42.91042573750019073486328125" lon="-8.7629590742290019989013671875">
        <ele>252.8000030517578125</ele>
        <time>2025-10-21T09:03:35.000Z</time>
        <extensions>
          <ns3:TrackPointExtension>
            <ns3:hr>117</ns3:hr>
            <ns3:cad>51</ns3:cad>
          </ns3:TrackPointExtension>
        </extensions>
      </trkpt>
      <trkpt lat="42.9104463569819927215576171875" lon="-8.76310952939093112945556640625">
        <ele>253.8000030517578125</ele>
        <time>2025-10-21T09:03:46.000Z</time>
        <extensions>
          <ns3:TrackPointExtension>
            <ns3:hr>116</ns3:hr>
            <ns3:cad>50</ns3:cad>
          </ns3:TrackPointExtension>
        </extensions>
      </trkpt>
      <trkpt lat="42.91046437807381153106689453125" lon="-8.76325495541095733642578125">
        <ele>254.8000030517578125</ele>
        <time>2025-10-21T09:03:57.000Z</time>
        <extensions>
          <ns3:TrackPointExtension>
            <ns3:hr>116</ns3:hr>
            <ns3:cad>51</ns3:cad>
          </ns3:TrackPointExtension>
        </extensions>
      </trkpt>
      <trkpt lat="42.9104678146541118621826171875" lon="-8.76326476223766803741455078125">
        <ele>254.8000030517578125</ele>
        <time>2025-10-21T09:03:58.000Z</time>
        <extensions>
          <ns3:TrackPointExtension>
            <ns3:hr>117</ns3:hr>
            <ns3:cad>51</ns3:cad>
          </ns3:TrackPointExtension>
        </extensions>
      </trkpt>
      <trkpt lat="42.910486422479152679443359375" lon="-8.7633275426924228668212890625">
        <ele>255.600006103515625</ele>
        <time>2025-10-21T09:04:04.000Z</time>
        <extensions>
          <ns3:TrackPointExtension>
            <ns3:hr>116</ns3:hr>
            <ns3:cad>50</ns3:cad>
          </ns3:TrackPointExtension>
        </extensions>
      </trkpt>
      <trkpt lat="42.9104943014681339263916015625" lon="-8.76335796900093555450439453125">
        <ele>256</ele>
        <time>2025-10-21T09:04:06.000Z</time>
        <extensions>
          <ns3:TrackPointExtension>
            <ns3:hr>116</ns3:hr>
            <ns3:cad>50</ns3:cad>
          </ns3:TrackPointExtension>
        </extensions>
      </trkpt>
      <trkpt lat="42.910501174628734588623046875" lon="-8.76343776471912860870361328125">
        <ele>257</ele>
        <time>2025-10-21T09:04:11.000Z</time>
        <extensions>
          <ns3:TrackPointExtension>
            <ns3:hr>117</ns3:hr>
            <ns3:cad>51</ns3:cad>
          </ns3:TrackPointExtension>
        </extensions>
      </trkpt>
      <trkpt lat="42.91050142608582973480224609375" lon="-8.76346643082797527313232421875">
        <ele>257</ele>
        <time>2025-10-21T09:04:13.000Z</time>
        <extensions>
          <ns3:TrackPointExtension>
            <ns3:hr>117</ns3:hr>
            <ns3:cad>51</ns3:cad>
          </ns3:TrackPointExtension>
        </extensions>
      </trkpt>
      <trkpt lat="42.91054635308682918548583984375" lon="-8.76359970308840274810791015625">
        <ele>257.399993896484375</ele>
        <time>2025-10-21T09:04:22.000Z</time>
        <extensions>
          <ns3:TrackPointExtension>
            <ns3:hr>116</ns3:hr>
            <ns3:cad>51</ns3:cad>
          </ns3:TrackPointExtension>
        </extensions>
      </trkpt>
      <trkpt lat="42.91064391843974590301513671875" lon="-8.76361143775284290313720703125">
        <ele>257.79998779296875</ele>
        <time>2025-10-21T09:04:30.000Z</time>
        <extensions>
          <ns3:TrackPointExtension>
            <ns3:hr>115</ns3:hr>
            <ns3:cad>53</ns3:cad>
          </ns3:TrackPointExtension>
        </extensions>
      </trkpt>
      <trkpt lat="42.9106612689793109893798828125" lon="-8.7636058218777179718017578125">
        <ele>258</ele>
        <time>2025-10-21T09:04:33.000Z</time>
        <extensions>
          <ns3:TrackPointExtension>
            <ns3:hr>115</ns3:hr>
            <ns3:cad>0</ns3:cad>
          </ns3:TrackPointExtension>
        </extensions>
      </trkpt>
      <trkpt lat="42.910666801035404205322265625" lon="-8.76360506750643253326416015625">
        <ele>258.399993896484375</ele>
        <time>2025-10-21T09:04:37.000Z</time>
        <extensions>
          <ns3:TrackPointExtension>
            <ns3:hr>115</ns3:hr>
            <ns3:cad>0</ns3:cad>
          </ns3:TrackPointExtension>
        </extensions>
      </trkpt>
      <trkpt lat="42.91068398393690586090087890625" lon="-8.7636155448853969573974609375">
        <ele>257.79998779296875</ele>
        <time>2025-10-21T09:04:45.000Z</time>
        <extensions>
          <ns3:TrackPointExtension>
            <ns3:hr>117</ns3:hr>
            <ns3:cad>48</ns3:cad>
          </ns3:TrackPointExtension>
        </extensions>
      </trkpt>
      <trkpt lat="42.910748608410358428955078125" lon="-8.76364597119390964508056640625">
        <ele>258</ele>
        <time>2025-10-21T09:04:53.000Z</time>
        <extensions>
          <ns3:TrackPointExtension>
            <ns3:hr>113</ns3:hr>
            <ns3:cad>49</ns3:cad>
          </ns3:TrackPointExtension>
        </extensions>
      </trkpt>
      <trkpt lat="42.91077576577663421630859375" lon="-8.76365418545901775360107421875">
        <ele>258</ele>
        <time>2025-10-21T09:04:56.000Z</time>
        <extensions>
          <ns3:TrackPointExtension>
            <ns3:hr>110</ns3:hr>
            <ns3:cad>50</ns3:cad>
          </ns3:TrackPointExtension>
        </extensions>
      </trkpt>
      <trkpt lat="42.91078859008848667144775390625" lon="-8.76365728676319122314453125">
        <ele>258</ele>
        <time>2025-10-21T09:04:57.000Z</time>
        <extensions>
          <ns3:TrackPointExtension>
            <ns3:hr>110</ns3:hr>
            <ns3:cad>50</ns3:cad>
          </ns3:TrackPointExtension>
        </extensions>
      </trkpt>
      <trkpt lat="42.91093125008046627044677734375" lon="-8.76368402503430843353271484375">
        <ele>257.600006103515625</ele>
        <time>2025-10-21T09:05:10.000Z</time>
        <extensions>
          <ns3:TrackPointExtension>
            <ns3:hr>109</ns3:hr>
            <ns3:cad>54</ns3:cad>
          </ns3:TrackPointExtension>
        </extensions>
      </trkpt>
      <trkpt lat="42.91097223758697509765625" lon="-8.7637017108500003814697265625">
        <ele>257.600006103515625</ele>
        <time>2025-10-21T09:05:15.000Z</time>
        <extensions>
          <ns3:TrackPointExtension>
            <ns3:hr>106</ns3:hr>
            <ns3:cad>52</ns3:cad>
          </ns3:TrackPointExtension>
        </extensions>
      </trkpt>
      <trkpt lat="42.9110082797706127166748046875" lon="-8.76372434198856353759765625">
        <ele>257.600006103515625</ele>
        <time>2025-10-21T09:05:18.000Z</time>
        <extensions>
          <ns3:TrackPointExtension>
            <ns3:hr>103</ns3:hr>
            <ns3:cad>53</ns3:cad>
          </ns3:TrackPointExtension>
        </extensions>
      </trkpt>
      <trkpt lat="42.91101791895925998687744140625" lon="-8.76373280771076679229736328125">
        <ele>257.600006103515625</ele>
        <time>2025-10-21T09:05:19.000Z</time>
        <extensions>
          <ns3:TrackPointExtension>
            <ns3:hr>103</ns3:hr>
            <ns3:cad>53</ns3:cad>
          </ns3:TrackPointExtension>
        </extensions>
      </trkpt>
      <trkpt lat="42.91103619150817394256591796875" lon="-8.7637506611645221710205078125">
        <ele>257.600006103515625</ele>
        <time>2025-10-21T09:05:21.000Z</time>
        <extensions>
          <ns3:TrackPointExtension>
            <ns3:hr>100</ns3:hr>
            <ns3:cad>51</ns3:cad>
          </ns3:TrackPointExtension>
        </extensions>
      </trkpt>
      <trkpt lat="42.911099307239055633544921875" lon="-8.76382165588438510894775390625">
        <ele>257.79998779296875</ele>
        <time>2025-10-21T09:05:29.000Z</time>
        <extensions>
          <ns3:TrackPointExtension>
            <ns3:hr>98</ns3:hr>
            <ns3:cad>53</ns3:cad>
          </ns3:TrackPointExtension>
        </extensions>
      </trkpt>
      <trkpt lat="42.91116736829280853271484375" lon="-8.76390480436384677886962890625">
        <ele>258</ele>
        <time>2025-10-21T09:05:38.000Z</time>
        <extensions>
          <ns3:TrackPointExtension>
            <ns3:hr>98</ns3:hr>
            <ns3:cad>53</ns3:cad>
          </ns3:TrackPointExtension>
        </extensions>
      </trkpt>
      <trkpt lat="42.91125060059130191802978515625" lon="-8.764012344181537628173828125">
        <ele>258.399993896484375</ele>
        <time>2025-10-21T09:05:48.000Z</time>
        <extensions>
          <ns3:TrackPointExtension>
            <ns3:hr>99</ns3:hr>
            <ns3:cad>53</ns3:cad>
          </ns3:TrackPointExtension>
        </extensions>
      </trkpt>
      <trkpt lat="42.91133760474622249603271484375" lon="-8.7640842609107494354248046875">
        <ele>259</ele>
        <time>2025-10-21T09:05:57.000Z</time>
        <extensions>
          <ns3:TrackPointExtension>
            <ns3:hr>100</ns3:hr>
            <ns3:cad>53</ns3:cad>
          </ns3:TrackPointExtension>
        </extensions>
      </trkpt>
      <trkpt lat="42.91134648956358432769775390625" lon="-8.76408736221492290496826171875">
        <ele>259.20001220703125</ele>
        <time>2025-10-21T09:05:58.000Z</time>
        <extensions>
          <ns3:TrackPointExtension>
            <ns3:hr>100</ns3:hr>
            <ns3:cad>53</ns3:cad>
          </ns3:TrackPointExtension>
        </extensions>
      </trkpt>
      <trkpt lat="42.9114515148103237152099609375" lon="-8.764153160154819488525390625">
        <ele>259</ele>
        <time>2025-10-21T09:06:09.000Z</time>
        <extensions>
          <ns3:TrackPointExtension>
            <ns3:hr>100</ns3:hr>
            <ns3:cad>54</ns3:cad>
          </ns3:TrackPointExtension>
        </extensions>
      </trkpt>
      <trkpt lat="42.9115490801632404327392578125" lon="-8.76421258784830570220947265625">
        <ele>258.79998779296875</ele>
        <time>2025-10-21T09:06:19.000Z</time>
        <extensions>
          <ns3:TrackPointExtension>
            <ns3:hr>100</ns3:hr>
            <ns3:cad>55</ns3:cad>
          </ns3:TrackPointExtension>
        </extensions>
      </trkpt>
      <trkpt lat="42.91161261498928070068359375" lon="-8.76423806883394718170166015625">
        <ele>258.399993896484375</ele>
        <time>2025-10-21T09:06:27.000Z</time>
        <extensions>
          <ns3:TrackPointExtension>
            <ns3:hr>99</ns3:hr>
            <ns3:cad>53</ns3:cad>
          </ns3:TrackPointExtension>
        </extensions>
      </trkpt>
      <trkpt lat="42.91165594942867755889892578125" lon="-8.76424745656549930572509765625">
        <ele>258</ele>
        <time>2025-10-21T09:06:32.000Z</time>
        <extensions>
          <ns3:TrackPointExtension>
            <ns3:hr>98</ns3:hr>
            <ns3:cad>52</ns3:cad>
          </ns3:TrackPointExtension>
        </extensions>
      </trkpt>
      <trkpt lat="42.9116798378527164459228515625" lon="-8.76425676047801971435546875">
        <ele>258</ele>
        <time>2025-10-21T09:06:34.000Z</time>
        <extensions>
          <ns3:TrackPointExtension>
            <ns3:hr>98</ns3:hr>
            <ns3:cad>51</ns3:cad>
          </ns3:TrackPointExtension>
        </extensions>
      </trkpt>
      <trkpt lat="42.91169852949678897857666015625" lon="-8.76426019705832004547119140625">
        <ele>258.399993896484375</ele>
        <time>2025-10-21T09:06:40.000Z</time>
        <extensions>
          <ns3:TrackPointExtension>
            <ns3:hr>96</ns3:hr>
            <ns3:cad>0</ns3:cad>
          </ns3:TrackPointExtension>
        </extensions>
      </trkpt>
      <trkpt lat="42.9116924107074737548828125" lon="-8.76426422037184238433837890625">
        <ele>258.20001220703125</ele>
        <time>2025-10-21T09:06:42.000Z</time>
        <extensions>
          <ns3:TrackPointExtension>
            <ns3:hr>95</ns3:hr>
            <ns3:cad>0</ns3:cad>
          </ns3:TrackPointExtension>
        </extensions>
      </trkpt>
      <trkpt lat="42.91171261109411716461181640625" lon="-8.76430847682058811187744140625">
        <ele>257.79998779296875</ele>
        <time>2025-10-21T09:06:47.000Z</time>
        <extensions>
          <ns3:TrackPointExtension>
            <ns3:hr>95</ns3:hr>
            <ns3:cad>0</ns3:cad>
          </ns3:TrackPointExtension>
        </extensions>
      </trkpt>
      <trkpt lat="42.9118250124156475067138671875" lon="-8.76436295919120311737060546875">
        <ele>257.79998779296875</ele>
        <time>2025-10-21T09:06:57.000Z</time>
        <extensions>
          <ns3:TrackPointExtension>
            <ns3:hr>93</ns3:hr>
            <ns3:cad>53</ns3:cad>
          </ns3:TrackPointExtension>
        </extensions>
      </trkpt>
      <trkpt lat="42.91185803711414337158203125" lon="-8.76437469385564327239990234375">
        <ele>257.600006103515625</ele>
        <time>2025-10-21T09:07:05.000Z</time>
        <extensions>
          <ns3:TrackPointExtension>
            <ns3:hr>92</ns3:hr>
            <ns3:cad>0</ns3:cad>
          </ns3:TrackPointExtension>
        </extensions>
      </trkpt>
      <trkpt lat="42.9118533432483673095703125" lon="-8.76437637023627758026123046875">
        <ele>257.20001220703125</ele>
        <time>2025-10-21T09:07:16.000Z</time>
        <extensions>
          <ns3:TrackPointExtension>
            <ns3:hr>91</ns3:hr>
            <ns3:cad>0</ns3:cad>
          </ns3:TrackPointExtension>
        </extensions>
      </trkpt>
      <trkpt lat="42.91186247952282428741455078125" lon="-8.76438776962459087371826171875">
        <ele>257</ele>
        <time>2025-10-21T09:07:19.000Z</time>
        <extensions>
          <ns3:TrackPointExtension>
            <ns3:hr>92</ns3:hr>
            <ns3:cad>0</ns3:cad>
          </ns3:TrackPointExtension>
        </extensions>
      </trkpt>
      <trkpt lat="42.9119017906486988067626953125" lon="-8.7643927149474620819091796875">
        <ele>256.79998779296875</ele>
        <time>2025-10-21T09:07:24.000Z</time>
        <extensions>
          <ns3:TrackPointExtension>
            <ns3:hr>92</ns3:hr>
            <ns3:cad>0</ns3:cad>
          </ns3:TrackPointExtension>
        </extensions>
      </trkpt>
      <trkpt lat="42.9119986854493618011474609375" lon="-8.76442515291273593902587890625">
        <ele>257</ele>
        <time>2025-10-21T09:07:32.000Z</time>
        <extensions>
          <ns3:TrackPointExtension>
            <ns3:hr>92</ns3:hr>
            <ns3:cad>55</ns3:cad>
          </ns3:TrackPointExtension>
        </extensions>
      </trkpt>
      <trkpt lat="42.91207638569176197052001953125" lon="-8.76446002162992954254150390625">
        <ele>256.600006103515625</ele>
        <time>2025-10-21T09:07:42.000Z</time>
        <extensions>
          <ns3:TrackPointExtension>
            <ns3:hr>94</ns3:hr>
            <ns3:cad>55</ns3:cad>
          </ns3:TrackPointExtension>
        </extensions>
      </trkpt>
      <trkpt lat="42.91212868876755237579345703125" lon="-8.76456814818084239959716796875">
        <ele>256.79998779296875</ele>
        <time>2025-10-21T09:07:52.000Z</time>
        <extensions>
          <ns3:TrackPointExtension>
            <ns3:hr>96</ns3:hr>
            <ns3:cad>54</ns3:cad>
          </ns3:TrackPointExtension>
        </extensions>
      </trkpt>
      <trkpt lat="42.91218794882297515869140625" lon="-8.764733858406543731689453125">
        <ele>257.600006103515625</ele>
        <time>2025-10-21T09:08:04.000Z</time>
        <extensions>
          <ns3:TrackPointExtension>
            <ns3:hr>97</ns3:hr>
            <ns3:cad>54</ns3:cad>
          </ns3:TrackPointExtension>
        </extensions>
      </trkpt>
      <trkpt lat="42.91225098073482513427734375" lon="-8.76481038518249988555908203125">
        <ele>257.399993896484375</ele>
        <time>2025-10-21T09:08:12.000Z</time>
        <extensions>
          <ns3:TrackPointExtension>
            <ns3:hr>100</ns3:hr>
            <ns3:cad>55</ns3:cad>
          </ns3:TrackPointExtension>
        </extensions>
      </trkpt>
      <trkpt lat="42.91225927881896495819091796875" lon="-8.7648138217628002166748046875">
        <ele>257.399993896484375</ele>
        <time>2025-10-21T09:08:13.000Z</time>
        <extensions>
          <ns3:TrackPointExtension>
            <ns3:hr>100</ns3:hr>
            <ns3:cad>55</ns3:cad>
          </ns3:TrackPointExtension>
        </extensions>
      </trkpt>
      <trkpt lat="42.9122940637171268463134765625" lon="-8.764827735722064971923828125">
        <ele>258</ele>
        <time>2025-10-21T09:08:18.000Z</time>
        <extensions>
          <ns3:TrackPointExtension>
            <ns3:hr>101</ns3:hr>
            <ns3:cad>54</ns3:cad>
          </ns3:TrackPointExtension>
        </extensions>
      </trkpt>
      <trkpt lat="42.9123165272176265716552734375" lon="-8.7648258917033672332763671875">
        <ele>258.20001220703125</ele>
        <time>2025-10-21T09:08:20.000Z</time>
        <extensions>
          <ns3:TrackPointExtension>
            <ns3:hr>100</ns3:hr>
            <ns3:cad>54</ns3:cad>
          </ns3:TrackPointExtension>
        </extensions>
      </trkpt>
      <trkpt lat="42.91241903789341449737548828125" lon="-8.7648689746856689453125">
        <ele>258</ele>
        <time>2025-10-21T09:08:29.000Z</time>
        <extensions>
          <ns3:TrackPointExtension>
            <ns3:hr>99</ns3:hr>
            <ns3:cad>54</ns3:cad>
          </ns3:TrackPointExtension>
        </extensions>
      </trkpt>
      <trkpt lat="42.91249296627938747406005859375" lon="-8.7649556435644626617431640625">
        <ele>257.600006103515625</ele>
        <time>2025-10-21T09:08:38.000Z</time>
        <extensions>
          <ns3:TrackPointExtension>
            <ns3:hr>97</ns3:hr>
            <ns3:cad>53</ns3:cad>
          </ns3:TrackPointExtension>
        </extensions>
      </trkpt>
      <trkpt lat="42.91250738315284252166748046875" lon="-8.7649854831397533416748046875">
        <ele>256.79998779296875</ele>
        <time>2025-10-21T09:08:41.000Z</time>
        <extensions>
          <ns3:TrackPointExtension>
            <ns3:hr>93</ns3:hr>
            <ns3:cad>52</ns3:cad>
          </ns3:TrackPointExtension>
        </extensions>
      </trkpt>
      <trkpt lat="42.9125036112964153289794921875" lon="-8.76505446620285511016845703125">
        <ele>257.399993896484375</ele>
        <time>2025-10-21T09:08:47.000Z</time>
        <extensions>
          <ns3:TrackPointExtension>
            <ns3:hr>90</ns3:hr>
            <ns3:cad>50</ns3:cad>
          </ns3:TrackPointExtension>
        </extensions>
      </trkpt>
      <trkpt lat="42.9124995879828929901123046875" lon="-8.765084557235240936279296875">
        <ele>258.20001220703125</ele>
        <time>2025-10-21T09:08:49.000Z</time>
        <extensions>
          <ns3:TrackPointExtension>
            <ns3:hr>90</ns3:hr>
            <ns3:cad>50</ns3:cad>
          </ns3:TrackPointExtension>
        </extensions>
      </trkpt>
      <trkpt lat="42.912490032613277435302734375" lon="-8.7651866488158702850341796875">
        <ele>259.20001220703125</ele>
        <time>2025-10-21T09:08:56.000Z</time>
        <extensions>
          <ns3:TrackPointExtension>
            <ns3:hr>91</ns3:hr>
            <ns3:cad>50</ns3:cad>
          </ns3:TrackPointExtension>
        </extensions>
      </trkpt>
      <trkpt lat="42.91248676367104053497314453125" lon="-8.76521036960184574127197265625">
        <ele>259.399993896484375</ele>
        <time>2025-10-21T09:08:58.000Z</time>
        <extensions>
          <ns3:TrackPointExtension>
            <ns3:hr>91</ns3:hr>
            <ns3:cad>50</ns3:cad>
          </ns3:TrackPointExtension>
        </extensions>
      </trkpt>
      <trkpt lat="42.91249011643230915069580078125" lon="-8.7652513571083545684814453125">
        <ele>259.79998779296875</ele>
        <time>2025-10-21T09:09:03.000Z</time>
        <extensions>
          <ns3:TrackPointExtension>
            <ns3:hr>94</ns3:hr>
            <ns3:cad>48</ns3:cad>
          </ns3:TrackPointExtension>
        </extensions>
      </trkpt>
      <trkpt lat="42.912496067583560943603515625" lon="-8.76529871486127376556396484375">
        <ele>260</ele>
        <time>2025-10-21T09:09:07.000Z</time>
        <extensions>
          <ns3:TrackPointExtension>
            <ns3:hr>97</ns3:hr>
            <ns3:cad>48</ns3:cad>
          </ns3:TrackPointExtension>
        </extensions>
      </trkpt>
      <trkpt lat="42.91249849833548069000244140625" lon="-8.76531514339148998260498046875">
        <ele>260.20001220703125</ele>
        <time>2025-10-21T09:09:08.000Z</time>
        <extensions>
          <ns3:TrackPointExtension>
            <ns3:hr>97</ns3:hr>
            <ns3:cad>48</ns3:cad>
          </ns3:TrackPointExtension>
        </extensions>
      </trkpt>
      <trkpt lat="42.91250855661928653717041015625" lon="-8.76536962576210498809814453125">
        <ele>260.79998779296875</ele>
        <time>2025-10-21T09:09:12.000Z</time>
        <extensions>
          <ns3:TrackPointExtension>
            <ns3:hr>100</ns3:hr>
            <ns3:cad>50</ns3:cad>
          </ns3:TrackPointExtension>
        </extensions>
      </trkpt>
      <trkpt lat="42.912519536912441253662109375" lon="-8.765413798391819000244140625">
        <ele>260.600006103515625</ele>
        <time>2025-10-21T09:09:15.000Z</time>
        <extensions>
          <ns3:TrackPointExtension>
            <ns3:hr>100</ns3:hr>
            <ns3:cad>50</ns3:cad>
          </ns3:TrackPointExtension>
        </extensions>
      </trkpt>
      <trkpt lat="42.912540994584560394287109375" lon="-8.7654790095984935760498046875">
        <ele>261.20001220703125</ele>
        <time>2025-10-21T09:09:20.000Z</time>
        <extensions>
          <ns3:TrackPointExtension>
            <ns3:hr>101</ns3:hr>
            <ns3:cad>51</ns3:cad>
          </ns3:TrackPointExtension>
        </extensions>
      </trkpt>
      <trkpt lat="42.91256077587604522705078125" lon="-8.7655366770923137664794921875">
        <ele>261.399993896484375</ele>
        <time>2025-10-21T09:09:24.000Z</time>
        <extensions>
          <ns3:TrackPointExtension>
            <ns3:hr>102</ns3:hr>
            <ns3:cad>50</ns3:cad>
          </ns3:TrackPointExtension>
        </extensions>
      </trkpt>
      <trkpt lat="42.91260243393480777740478515625" lon="-8.76564773730933666229248046875">
        <ele>262</ele>
        <time>2025-10-21T09:09:33.000Z</time>
        <extensions>
          <ns3:TrackPointExtension>
            <ns3:hr>104</ns3:hr>
            <ns3:cad>51</ns3:cad>
          </ns3:TrackPointExtension>
        </extensions>
      </trkpt>
      <trkpt lat="42.9126258194446563720703125" lon="-8.76570305787026882171630859375">
        <ele>262.20001220703125</ele>
        <time>2025-10-21T09:09:37.000Z</time>
        <extensions>
          <ns3:TrackPointExtension>
            <ns3:hr>105</ns3:hr>
            <ns3:cad>51</ns3:cad>
          </ns3:TrackPointExtension>
        </extensions>
      </trkpt>
      <trkpt lat="42.91267686523497104644775390625" lon="-8.76578788273036479949951171875">
        <ele>262.600006103515625</ele>
        <time>2025-10-21T09:09:45.000Z</time>
        <extensions>
          <ns3:TrackPointExtension>
            <ns3:hr>104</ns3:hr>
            <ns3:cad>53</ns3:cad>
          </ns3:TrackPointExtension>
        </extensions>
      </trkpt>
      <trkpt lat="42.912716679275035858154296875" lon="-8.76592450775206089019775390625">
        <ele>262.79998779296875</ele>
        <time>2025-10-21T09:09:55.000Z</time>
        <extensions>
          <ns3:TrackPointExtension>
            <ns3:hr>104</ns3:hr>
            <ns3:cad>53</ns3:cad>
          </ns3:TrackPointExtension>
        </extensions>
      </trkpt>
      <trkpt lat="42.9127733409404754638671875" lon="-8.766084350645542144775390625">
        <ele>263</ele>
        <time>2025-10-21T09:10:07.000Z</time>
        <extensions>
          <ns3:TrackPointExtension>
            <ns3:hr>103</ns3:hr>
            <ns3:cad>53</ns3:cad>
          </ns3:TrackPointExtension>
        </extensions>
      </trkpt>
      <trkpt lat="42.9127942956984043121337890625" lon="-8.76613170839846134185791015625">
        <ele>263.20001220703125</ele>
        <time>2025-10-21T09:10:11.000Z</time>
        <extensions>
          <ns3:TrackPointExtension>
            <ns3:hr>103</ns3:hr>
            <ns3:cad>53</ns3:cad>
          </ns3:TrackPointExtension>
        </extensions>
      </trkpt>
      <trkpt lat="42.91283846832811832427978515625" lon="-8.7662409245967864990234375">
        <ele>263.79998779296875</ele>
        <time>2025-10-21T09:10:20.000Z</time>
        <extensions>
          <ns3:TrackPointExtension>
            <ns3:hr>103</ns3:hr>
            <ns3:cad>50</ns3:cad>
          </ns3:TrackPointExtension>
        </extensions>
      </trkpt>
      <trkpt lat="42.91287283413112163543701171875" lon="-8.76630906946957111358642578125">
        <ele>264.399993896484375</ele>
        <time>2025-10-21T09:10:26.000Z</time>
        <extensions>
          <ns3:TrackPointExtension>
            <ns3:hr>104</ns3:hr>
            <ns3:cad>51</ns3:cad>
          </ns3:TrackPointExtension>
        </extensions>
      </trkpt>
      <trkpt lat="42.91289596818387508392333984375" lon="-8.76634762622416019439697265625">
        <ele>264.79998779296875</ele>
        <time>2025-10-21T09:10:30.000Z</time>
        <extensions>
          <ns3:TrackPointExtension>
            <ns3:hr>105</ns3:hr>
            <ns3:cad>51</ns3:cad>
          </ns3:TrackPointExtension>
        </extensions>
      </trkpt>
      <trkpt lat="42.91292664594948291778564453125" lon="-8.7663896195590496063232421875">
        <ele>265.399993896484375</ele>
        <time>2025-10-21T09:10:34.000Z</time>
        <extensions>
          <ns3:TrackPointExtension>
            <ns3:hr>105</ns3:hr>
            <ns3:cad>51</ns3:cad>
          </ns3:TrackPointExtension>
        </extensions>
      </trkpt>
      <trkpt lat="42.91298012249171733856201171875" lon="-8.766452483832836151123046875">
        <ele>266.20001220703125</ele>
        <time>2025-10-21T09:10:40.000Z</time>
        <extensions>
          <ns3:TrackPointExtension>
            <ns3:hr>105</ns3:hr>
            <ns3:cad>52</ns3:cad>
          </ns3:TrackPointExtension>
        </extensions>
      </trkpt>
      <trkpt lat="42.91307576000690460205078125" lon="-8.76648508943617343902587890625">
        <ele>266.20001220703125</ele>
        <time>2025-10-21T09:10:49.000Z</time>
        <extensions>
          <ns3:TrackPointExtension>
            <ns3:hr>104</ns3:hr>
            <ns3:cad>51</ns3:cad>
          </ns3:TrackPointExtension>
        </extensions>
      </trkpt>
      <trkpt lat="42.913093864917755126953125" lon="-8.7664878554642200469970703125">
        <ele>266.399993896484375</ele>
        <time>2025-10-21T09:10:51.000Z</time>
        <extensions>
          <ns3:TrackPointExtension>
            <ns3:hr>103</ns3:hr>
            <ns3:cad>51</ns3:cad>
          </ns3:TrackPointExtension>
        </extensions>
      </trkpt>
      <trkpt lat="42.9130978882312774658203125" lon="-8.7664851732552051544189453125">
        <ele>266.399993896484375</ele>
        <time>2025-10-21T09:10:56.000Z</time>
        <extensions>
          <ns3:TrackPointExtension>
            <ns3:hr>102</ns3:hr>
            <ns3:cad>0</ns3:cad>
          </ns3:TrackPointExtension>
        </extensions>
      </trkpt>
      <trkpt lat="42.91308992542326450347900390625" lon="-8.766484670341014862060546875">
        <ele>266.20001220703125</ele>
        <time>2025-10-21T09:10:57.000Z</time>
        <extensions>
          <ns3:TrackPointExtension>
            <ns3:hr>102</ns3:hr>
            <ns3:cad>0</ns3:cad>
          </ns3:TrackPointExtension>
        </extensions>
      </trkpt>
      <trkpt lat="42.9130692221224308013916015625" lon="-8.766446448862552642822265625">
        <ele>265.79998779296875</ele>
        <time>2025-10-21T09:11:03.000Z</time>
        <extensions>
          <ns3:TrackPointExtension>
            <ns3:hr>102</ns3:hr>
            <ns3:cad>49</ns3:cad>
          </ns3:TrackPointExtension>
        </extensions>
      </trkpt>
      <trkpt lat="42.91307232342660427093505859375" lon="-8.76644519157707691192626953125">
        <ele>266</ele>
        <time>2025-10-21T09:11:04.000Z</time>
        <extensions>
          <ns3:TrackPointExtension>
            <ns3:hr>102</ns3:hr>
            <ns3:cad>49</ns3:cad>
          </ns3:TrackPointExtension>
        </extensions>
      </trkpt>
      <trkpt lat="42.91311758570373058319091796875" lon="-8.76645080745220184326171875">
        <ele>265.399993896484375</ele>
        <time>2025-10-21T09:21:53.000Z</time>
        <extensions>
          <ns3:TrackPointExtension>
            <ns3:hr>90</ns3:hr>
            <ns3:cad>0</ns3:cad>
          </ns3:TrackPointExtension>
        </extensions>
      </trkpt>
      <trkpt lat="42.9130898416042327880859375" lon="-8.76645407639443874359130859375">
        <ele>265.600006103515625</ele>
        <time>2025-10-21T09:21:56.000Z</time>
        <extensions>
          <ns3:TrackPointExtension>
            <ns3:hr>88</ns3:hr>
            <ns3:cad>0</ns3:cad>
          </ns3:TrackPointExtension>
        </extensions>
      </trkpt>
      <trkpt lat="42.913096211850643157958984375" lon="-8.76648240722715854644775390625">
        <ele>266</ele>
        <time>2025-10-21T09:22:01.000Z</time>
        <extensions>
          <ns3:TrackPointExtension>
            <ns3:hr>88</ns3:hr>
            <ns3:cad>46</ns3:cad>
          </ns3:TrackPointExtension>
        </extensions>
      </trkpt>
      <trkpt lat="42.913164608180522918701171875" lon="-8.76651576720178127288818359375">
        <ele>265.79998779296875</ele>
        <time>2025-10-21T09:22:09.000Z</time>
        <extensions>
          <ns3:TrackPointExtension>
            <ns3:hr>88</ns3:hr>
            <ns3:cad>44</ns3:cad>
          </ns3:TrackPointExtension>
        </extensions>
      </trkpt>
      <trkpt lat="42.9132398776710033416748046875" lon="-8.7665361352264881134033203125">
        <ele>266.600006103515625</ele>
        <time>2025-10-21T09:22:18.000Z</time>
        <extensions>
          <ns3:TrackPointExtension>
            <ns3:hr>89</ns3:hr>
            <ns3:cad>47</ns3:cad>
          </ns3:TrackPointExtension>
        </extensions>
      </trkpt>
      <trkpt lat="42.9132670350372791290283203125" lon="-8.7665493786334991455078125">
        <ele>266.79998779296875</ele>
        <time>2025-10-21T09:22:21.000Z</time>
        <extensions>
          <ns3:TrackPointExtension>
            <ns3:hr>92</ns3:hr>
            <ns3:cad>49</ns3:cad>
          </ns3:TrackPointExtension>
        </extensions>
      </trkpt>
      <trkpt lat="42.913286648690700531005859375" lon="-8.76655801199376583099365234375">
        <ele>266.79998779296875</ele>
        <time>2025-10-21T09:22:23.000Z</time>
        <extensions>
          <ns3:TrackPointExtension>
            <ns3:hr>95</ns3:hr>
            <ns3:cad>51</ns3:cad>
          </ns3:TrackPointExtension>
        </extensions>
      </trkpt>
      <trkpt lat="42.913308441638946533203125" lon="-8.76656924374401569366455078125">
        <ele>266.79998779296875</ele>
        <time>2025-10-21T09:22:26.000Z</time>
        <extensions>
          <ns3:TrackPointExtension>
            <ns3:hr>97</ns3:hr>
            <ns3:cad>52</ns3:cad>
          </ns3:TrackPointExtension>
        </extensions>
      </trkpt>
      <trkpt lat="42.9133580625057220458984375" lon="-8.76659975387156009674072265625">
        <ele>266.79998779296875</ele>
        <time>2025-10-21T09:22:33.000Z</time>
        <extensions>
          <ns3:TrackPointExtension>
            <ns3:hr>97</ns3:hr>
            <ns3:cad>50</ns3:cad>
          </ns3:TrackPointExtension>
        </extensions>
      </trkpt>
      <trkpt lat="42.91339972056448459625244140625" lon="-8.766661696135997772216796875">
        <ele>267</ele>
        <time>2025-10-21T09:22:40.000Z</time>
        <extensions>
          <ns3:TrackPointExtension>
            <ns3:hr>98</ns3:hr>
            <ns3:cad>0</ns3:cad>
          </ns3:TrackPointExtension>
        </extensions>
      </trkpt>
      <trkpt lat="42.91342101059854030609130859375" lon="-8.76669497229158878326416015625">
        <ele>267.399993896484375</ele>
        <time>2025-10-21T09:22:47.000Z</time>
        <extensions>
          <ns3:TrackPointExtension>
            <ns3:hr>99</ns3:hr>
            <ns3:cad>0</ns3:cad>
          </ns3:TrackPointExtension>
        </extensions>
      </trkpt>
      <trkpt lat="42.9134571366012096405029296875" lon="-8.7667862512171268463134765625">
        <ele>268</ele>
        <time>2025-10-21T09:22:55.000Z</time>
        <extensions>
          <ns3:TrackPointExtension>
            <ns3:hr>99</ns3:hr>
            <ns3:cad>47</ns3:cad>
          </ns3:TrackPointExtension>
        </extensions>
      </trkpt>
      <trkpt lat="42.91348270140588283538818359375" lon="-8.7668633647263050079345703125">
        <ele>268.399993896484375</ele>
        <time>2025-10-21T09:23:02.000Z</time>
        <extensions>
          <ns3:TrackPointExtension>
            <ns3:hr>99</ns3:hr>
            <ns3:cad>47</ns3:cad>
          </ns3:TrackPointExtension>
        </extensions>
      </trkpt>
      <trkpt lat="42.91348739527165889739990234375" lon="-8.76687183044850826263427734375">
        <ele>268.600006103515625</ele>
        <time>2025-10-21T09:23:03.000Z</time>
        <extensions>
          <ns3:TrackPointExtension>
            <ns3:hr>98</ns3:hr>
            <ns3:cad>47</ns3:cad>
          </ns3:TrackPointExtension>
        </extensions>
      </trkpt>
      <trkpt lat="42.91351052932441234588623046875" lon="-8.7669220380485057830810546875">
        <ele>269.20001220703125</ele>
        <time>2025-10-21T09:23:08.000Z</time>
        <extensions>
          <ns3:TrackPointExtension>
            <ns3:hr>99</ns3:hr>
            <ns3:cad>0</ns3:cad>
          </ns3:TrackPointExtension>
        </extensions>
      </trkpt>
      <trkpt lat="42.913520000874996185302734375" lon="-8.766948021948337554931640625">
        <ele>269.600006103515625</ele>
        <time>2025-10-21T09:23:12.000Z</time>
        <extensions>
          <ns3:TrackPointExtension>
            <ns3:hr>100</ns3:hr>
            <ns3:cad>0</ns3:cad>
          </ns3:TrackPointExtension>
        </extensions>
      </trkpt>
      <trkpt lat="42.9135439731180667877197265625" lon="-8.76699529588222503662109375">
        <ele>270</ele>
        <time>2025-10-21T09:23:17.000Z</time>
        <extensions>
          <ns3:TrackPointExtension>
            <ns3:hr>102</ns3:hr>
            <ns3:cad>0</ns3:cad>
          </ns3:TrackPointExtension>
        </extensions>
      </trkpt>
      <trkpt lat="42.91355612687766551971435546875" lon="-8.76703326590359210968017578125">
        <ele>270.600006103515625</ele>
        <time>2025-10-21T09:23:22.000Z</time>
        <extensions>
          <ns3:TrackPointExtension>
            <ns3:hr>104</ns3:hr>
            <ns3:cad>45</ns3:cad>
          </ns3:TrackPointExtension>
        </extensions>
      </trkpt>
      <trkpt lat="42.913559563457965850830078125" lon="-8.7670517899096012115478515625">
        <ele>270.79998779296875</ele>
        <time>2025-10-21T09:23:24.000Z</time>
        <extensions>
          <ns3:TrackPointExtension>
            <ns3:hr>105</ns3:hr>
            <ns3:cad>0</ns3:cad>
          </ns3:TrackPointExtension>
        </extensions>
      </trkpt>
      <trkpt lat="42.9135738126933574676513671875" lon="-8.76712647266685962677001953125">
        <ele>271.20001220703125</ele>
        <time>2025-10-21T09:23:30.000Z</time>
        <extensions>
          <ns3:TrackPointExtension>
            <ns3:hr>105</ns3:hr>
            <ns3:cad>44</ns3:cad>
          </ns3:TrackPointExtension>
        </extensions>
      </trkpt>
      <trkpt lat="42.91359736584126949310302734375" lon="-8.76724348403513431549072265625">
        <ele>271.600006103515625</ele>
        <time>2025-10-21T09:23:39.000Z</time>
        <extensions>
          <ns3:TrackPointExtension>
            <ns3:hr>105</ns3:hr>
            <ns3:cad>49</ns3:cad>
          </ns3:TrackPointExtension>
        </extensions>
      </trkpt>
      <trkpt lat="42.913601137697696685791015625" lon="-8.76725907437503337860107421875">
        <ele>271.600006103515625</ele>
        <time>2025-10-21T09:23:40.000Z</time>
        <extensions>
          <ns3:TrackPointExtension>
            <ns3:hr>104</ns3:hr>
            <ns3:cad>49</ns3:cad>
          </ns3:TrackPointExtension>
        </extensions>
      </trkpt>
      <trkpt lat="42.91361815296113491058349609375" lon="-8.7673625908792018890380859375">
        <ele>271.399993896484375</ele>
        <time>2025-10-21T09:23:48.000Z</time>
        <extensions>
          <ns3:TrackPointExtension>
            <ns3:hr>105</ns3:hr>
            <ns3:cad>0</ns3:cad>
          </ns3:TrackPointExtension>
        </extensions>
      </trkpt>
      <trkpt lat="42.913621254265308380126953125" lon="-8.76747214235365390777587890625">
        <ele>271.600006103515625</ele>
        <time>2025-10-21T09:23:56.000Z</time>
        <extensions>
          <ns3:TrackPointExtension>
            <ns3:hr>105</ns3:hr>
            <ns3:cad>47</ns3:cad>
          </ns3:TrackPointExtension>
        </extensions>
      </trkpt>
      <trkpt lat="42.9136368446052074432373046875" lon="-8.76761530525982379913330078125">
        <ele>272.399993896484375</ele>
        <time>2025-10-21T09:24:06.000Z</time>
        <extensions>
          <ns3:TrackPointExtension>
            <ns3:hr>105</ns3:hr>
            <ns3:cad>50</ns3:cad>
          </ns3:TrackPointExtension>
        </extensions>
      </trkpt>
      <trkpt lat="42.91364497505128383636474609375" lon="-8.76765050925314426422119140625">
        <ele>272.600006103515625</ele>
        <time>2025-10-21T09:24:09.000Z</time>
        <extensions>
          <ns3:TrackPointExtension>
            <ns3:hr>105</ns3:hr>
            <ns3:cad>51</ns3:cad>
          </ns3:TrackPointExtension>
        </extensions>
      </trkpt>
      <trkpt lat="42.91365553624927997589111328125" lon="-8.7677099369466304779052734375">
        <ele>272.79998779296875</ele>
        <time>2025-10-21T09:24:14.000Z</time>
        <extensions>
          <ns3:TrackPointExtension>
            <ns3:hr>107</ns3:hr>
            <ns3:cad>49</ns3:cad>
          </ns3:TrackPointExtension>
        </extensions>
      </trkpt>
      <trkpt lat="42.9136743955314159393310546875" lon="-8.76782082952558994293212890625">
        <ele>272.79998779296875</ele>
        <time>2025-10-21T09:24:23.000Z</time>
        <extensions>
          <ns3:TrackPointExtension>
            <ns3:hr>109</ns3:hr>
            <ns3:cad>48</ns3:cad>
          </ns3:TrackPointExtension>
        </extensions>
      </trkpt>
      <trkpt lat="42.9136878065764904022216796875" lon="-8.767919652163982391357421875">
        <ele>273.20001220703125</ele>
        <time>2025-10-21T09:24:30.000Z</time>
        <extensions>
          <ns3:TrackPointExtension>
            <ns3:hr>109</ns3:hr>
            <ns3:cad>49</ns3:cad>
          </ns3:TrackPointExtension>
        </extensions>
      </trkpt>
      <trkpt lat="42.913696356117725372314453125" lon="-8.7679588794708251953125">
        <ele>273.79998779296875</ele>
        <time>2025-10-21T09:24:33.000Z</time>
        <extensions>
          <ns3:TrackPointExtension>
            <ns3:hr>108</ns3:hr>
            <ns3:cad>49</ns3:cad>
          </ns3:TrackPointExtension>
        </extensions>
      </trkpt>
      <trkpt lat="42.91370901279151439666748046875" lon="-8.76806675456464290618896484375">
        <ele>274.20001220703125</ele>
        <time>2025-10-21T09:24:41.000Z</time>
        <extensions>
          <ns3:TrackPointExtension>
            <ns3:hr>108</ns3:hr>
            <ns3:cad>47</ns3:cad>
          </ns3:TrackPointExtension>
        </extensions>
      </trkpt>
      <trkpt lat="42.9137253575026988983154296875" lon="-8.7681799940764904022216796875">
        <ele>274.600006103515625</ele>
        <time>2025-10-21T09:24:49.000Z</time>
        <extensions>
          <ns3:TrackPointExtension>
            <ns3:hr>110</ns3:hr>
            <ns3:cad>49</ns3:cad>
          </ns3:TrackPointExtension>
        </extensions>
      </trkpt>
      <trkpt lat="42.91372862644493579864501953125" lon="-8.7682001106441020965576171875">
        <ele>274.79998779296875</ele>
        <time>2025-10-21T09:24:51.000Z</time>
        <extensions>
          <ns3:TrackPointExtension>
            <ns3:hr>111</ns3:hr>
            <ns3:cad>49</ns3:cad>
          </ns3:TrackPointExtension>
        </extensions>
      </trkpt>
      <trkpt lat="42.91373558342456817626953125" lon="-8.76827077008783817291259765625">
        <ele>275.20001220703125</ele>
        <time>2025-10-21T09:24:56.000Z</time>
        <extensions>
          <ns3:TrackPointExtension>
            <ns3:hr>110</ns3:hr>
            <ns3:cad>47</ns3:cad>
          </ns3:TrackPointExtension>
        </extensions>
      </trkpt>
      <trkpt lat="42.91374421678483486175537109375" lon="-8.76836414448916912078857421875">
        <ele>275.79998779296875</ele>
        <time>2025-10-21T09:25:04.000Z</time>
        <extensions>
          <ns3:TrackPointExtension>
            <ns3:hr>111</ns3:hr>
            <ns3:cad>48</ns3:cad>
          </ns3:TrackPointExtension>
        </extensions>
      </trkpt>
      <trkpt lat="42.91374497115612030029296875" lon="-8.76839683391153812408447265625">
        <ele>275.79998779296875</ele>
        <time>2025-10-21T09:25:06.000Z</time>
        <extensions>
          <ns3:TrackPointExtension>
            <ns3:hr>111</ns3:hr>
            <ns3:cad>45</ns3:cad>
          </ns3:TrackPointExtension>
        </extensions>
      </trkpt>
      <trkpt lat="42.91376232169568538665771484375" lon="-8.7684750370681285858154296875">
        <ele>277</ele>
        <time>2025-10-21T09:25:12.000Z</time>
        <extensions>
          <ns3:TrackPointExtension>
            <ns3:hr>110</ns3:hr>
            <ns3:cad>45</ns3:cad>
          </ns3:TrackPointExtension>
        </extensions>
      </trkpt>
      <trkpt lat="42.91380129754543304443359375" lon="-8.76854351721704006195068359375">
        <ele>277.399993896484375</ele>
        <time>2025-10-21T09:25:20.000Z</time>
        <extensions>
          <ns3:TrackPointExtension>
            <ns3:hr>113</ns3:hr>
            <ns3:cad>44</ns3:cad>
          </ns3:TrackPointExtension>
        </extensions>
      </trkpt>
      <trkpt lat="42.91381730698049068450927734375" lon="-8.76855893991887569427490234375">
        <ele>277.20001220703125</ele>
        <time>2025-10-21T09:25:22.000Z</time>
        <extensions>
          <ns3:TrackPointExtension>
            <ns3:hr>113</ns3:hr>
            <ns3:cad>45</ns3:cad>
          </ns3:TrackPointExtension>
        </extensions>
      </trkpt>
      <trkpt lat="42.91387195698916912078857421875" lon="-8.7686114944517612457275390625">
        <ele>277.20001220703125</ele>
        <time>2025-10-21T09:25:29.000Z</time>
        <extensions>
          <ns3:TrackPointExtension>
            <ns3:hr>115</ns3:hr>
            <ns3:cad>47</ns3:cad>
          </ns3:TrackPointExtension>
        </extensions>
      </trkpt>
      <trkpt lat="42.9139248467981815338134765625" lon="-8.768688105046749114990234375">
        <ele>278.20001220703125</ele>
        <time>2025-10-21T09:25:37.000Z</time>
        <extensions>
          <ns3:TrackPointExtension>
            <ns3:hr>114</ns3:hr>
            <ns3:cad>47</ns3:cad>
          </ns3:TrackPointExtension>
        </extensions>
      </trkpt>
      <trkpt lat="42.91394102387130260467529296875" lon="-8.76871082000434398651123046875">
        <ele>278.399993896484375</ele>
        <time>2025-10-21T09:25:39.000Z</time>
        <extensions>
          <ns3:TrackPointExtension>
            <ns3:hr>114</ns3:hr>
            <ns3:cad>47</ns3:cad>
          </ns3:TrackPointExtension>
        </extensions>
      </trkpt>
      <trkpt lat="42.9140093363821506500244140625" lon="-8.76879950053989887237548828125">
        <ele>278.79998779296875</ele>
        <time>2025-10-21T09:25:48.000Z</time>
        <extensions>
          <ns3:TrackPointExtension>
            <ns3:hr>113</ns3:hr>
            <ns3:cad>49</ns3:cad>
          </ns3:TrackPointExtension>
        </extensions>
      </trkpt>
      <trkpt lat="42.914053089916706085205078125" lon="-8.76885029487311840057373046875">
        <ele>278.79998779296875</ele>
        <time>2025-10-21T09:25:54.000Z</time>
        <extensions>
          <ns3:TrackPointExtension>
            <ns3:hr>112</ns3:hr>
            <ns3:cad>49</ns3:cad>
          </ns3:TrackPointExtension>
        </extensions>
      </trkpt>
      <trkpt lat="42.91408318094909191131591796875" lon="-8.76889086328446865081787109375">
        <ele>279.399993896484375</ele>
        <time>2025-10-21T09:25:58.000Z</time>
        <extensions>
          <ns3:TrackPointExtension>
            <ns3:hr>111</ns3:hr>
            <ns3:cad>0</ns3:cad>
          </ns3:TrackPointExtension>
        </extensions>
      </trkpt>
      <trkpt lat="42.91410262696444988250732421875" lon="-8.76892606727778911590576171875">
        <ele>279.79998779296875</ele>
        <time>2025-10-21T09:26:01.000Z</time>
        <extensions>
          <ns3:TrackPointExtension>
            <ns3:hr>112</ns3:hr>
            <ns3:cad>0</ns3:cad>
          </ns3:TrackPointExtension>
        </extensions>
      </trkpt>
      <trkpt lat="42.9141695983707904815673828125" lon="-8.76901541836559772491455078125">
        <ele>280</ele>
        <time>2025-10-21T09:26:11.000Z</time>
        <extensions>
          <ns3:TrackPointExtension>
            <ns3:hr>114</ns3:hr>
            <ns3:cad>52</ns3:cad>
          </ns3:TrackPointExtension>
        </extensions>
      </trkpt>
      <trkpt lat="42.9142299480736255645751953125" lon="-8.7690812163054943084716796875">
        <ele>279.600006103515625</ele>
        <time>2025-10-21T09:26:18.000Z</time>
        <extensions>
          <ns3:TrackPointExtension>
            <ns3:hr>114</ns3:hr>
            <ns3:cad>50</ns3:cad>
          </ns3:TrackPointExtension>
        </extensions>
      </trkpt>
      <trkpt lat="42.9143050499260425567626953125" lon="-8.7691693939268589019775390625">
        <ele>279.79998779296875</ele>
        <time>2025-10-21T09:26:26.000Z</time>
        <extensions>
          <ns3:TrackPointExtension>
            <ns3:hr>111</ns3:hr>
            <ns3:cad>51</ns3:cad>
          </ns3:TrackPointExtension>
        </extensions>
      </trkpt>
      <trkpt lat="42.91431301273405551910400390625" lon="-8.7691767700016498565673828125">
        <ele>279.600006103515625</ele>
        <time>2025-10-21T09:26:27.000Z</time>
        <extensions>
          <ns3:TrackPointExtension>
            <ns3:hr>111</ns3:hr>
            <ns3:cad>51</ns3:cad>
          </ns3:TrackPointExtension>
        </extensions>
      </trkpt>
      <trkpt lat="42.91437721811234951019287109375" lon="-8.769211471080780029296875">
        <ele>279.399993896484375</ele>
        <time>2025-10-21T09:26:33.000Z</time>
        <extensions>
          <ns3:TrackPointExtension>
            <ns3:hr>109</ns3:hr>
            <ns3:cad>52</ns3:cad>
          </ns3:TrackPointExtension>
        </extensions>
      </trkpt>
      <trkpt lat="42.91445684619247913360595703125" lon="-8.76927441917359828948974609375">
        <ele>279.20001220703125</ele>
        <time>2025-10-21T09:26:41.000Z</time>
        <extensions>
          <ns3:TrackPointExtension>
            <ns3:hr>107</ns3:hr>
            <ns3:cad>51</ns3:cad>
          </ns3:TrackPointExtension>
        </extensions>
      </trkpt>
      <trkpt lat="42.91452473960816860198974609375" lon="-8.76929403282701969146728515625">
        <ele>279.20001220703125</ele>
        <time>2025-10-21T09:26:49.000Z</time>
        <extensions>
          <ns3:TrackPointExtension>
            <ns3:hr>106</ns3:hr>
            <ns3:cad>49</ns3:cad>
          </ns3:TrackPointExtension>
        </extensions>
      </trkpt>
      <trkpt lat="42.9145759530365467071533203125" lon="-8.76933309249579906463623046875">
        <ele>279.20001220703125</ele>
        <time>2025-10-21T09:26:55.000Z</time>
        <extensions>
          <ns3:TrackPointExtension>
            <ns3:hr>105</ns3:hr>
            <ns3:cad>51</ns3:cad>
          </ns3:TrackPointExtension>
        </extensions>
      </trkpt>
      <trkpt lat="42.91464275680482387542724609375" lon="-8.76937466673552989959716796875">
        <ele>279.399993896484375</ele>
        <time>2025-10-21T09:27:02.000Z</time>
        <extensions>
          <ns3:TrackPointExtension>
            <ns3:hr>103</ns3:hr>
            <ns3:cad>0</ns3:cad>
          </ns3:TrackPointExtension>
        </extensions>
      </trkpt>
      <trkpt lat="42.914719283580780029296875" lon="-8.7694072723388671875">
        <ele>280.20001220703125</ele>
        <time>2025-10-21T09:27:10.000Z</time>
        <extensions>
          <ns3:TrackPointExtension>
            <ns3:hr>102</ns3:hr>
            <ns3:cad>51</ns3:cad>
          </ns3:TrackPointExtension>
        </extensions>
      </trkpt>
      <trkpt lat="42.91477435268461704254150390625" lon="-8.7694352678954601287841796875">
        <ele>280.399993896484375</ele>
        <time>2025-10-21T09:27:15.000Z</time>
        <extensions>
          <ns3:TrackPointExtension>
            <ns3:hr>100</ns3:hr>
            <ns3:cad>0</ns3:cad>
          </ns3:TrackPointExtension>
        </extensions>
      </trkpt>
      <trkpt lat="42.9147848300635814666748046875" lon="-8.769440464675426483154296875">
        <ele>280.20001220703125</ele>
        <time>2025-10-21T09:27:16.000Z</time>
        <extensions>
          <ns3:TrackPointExtension>
            <ns3:hr>100</ns3:hr>
            <ns3:cad>52</ns3:cad>
          </ns3:TrackPointExtension>
        </extensions>
      </trkpt>
      <trkpt lat="42.91485808789730072021484375" lon="-8.7694701366126537322998046875">
        <ele>280.20001220703125</ele>
        <time>2025-10-21T09:27:23.000Z</time>
        <extensions>
          <ns3:TrackPointExtension>
            <ns3:hr>97</ns3:hr>
            <ns3:cad>51</ns3:cad>
          </ns3:TrackPointExtension>
        </extensions>
      </trkpt>
      <trkpt lat="42.91492111980915069580078125" lon="-8.76948614604771137237548828125">
        <ele>280.399993896484375</ele>
        <time>2025-10-21T09:27:29.000Z</time>
        <extensions>
          <ns3:TrackPointExtension>
            <ns3:hr>96</ns3:hr>
            <ns3:cad>0</ns3:cad>
          </ns3:TrackPointExtension>
        </extensions>
      </trkpt>
      <trkpt lat="42.9149920307099819183349609375" lon="-8.76950475387275218963623046875">
        <ele>280.20001220703125</ele>
        <time>2025-10-21T09:27:37.000Z</time>
        <extensions>
          <ns3:TrackPointExtension>
            <ns3:hr>97</ns3:hr>
            <ns3:cad>48</ns3:cad>
          </ns3:TrackPointExtension>
        </extensions>
      </trkpt>
      <trkpt lat="42.91506034322082996368408203125" lon="-8.76956543885171413421630859375">
        <ele>280.20001220703125</ele>
        <time>2025-10-21T09:27:45.000Z</time>
        <extensions>
          <ns3:TrackPointExtension>
            <ns3:hr>96</ns3:hr>
            <ns3:cad>48</ns3:cad>
          </ns3:TrackPointExtension>
        </extensions>
      </trkpt>
      <trkpt lat="42.915117256343364715576171875" lon="-8.7696407921612262725830078125">
        <ele>280.399993896484375</ele>
        <time>2025-10-21T09:27:53.000Z</time>
        <extensions>
          <ns3:TrackPointExtension>
            <ns3:hr>95</ns3:hr>
            <ns3:cad>49</ns3:cad>
          </ns3:TrackPointExtension>
        </extensions>
      </trkpt>
      <trkpt lat="42.91515036486089229583740234375" lon="-8.76972888596355915069580078125">
        <ele>280.600006103515625</ele>
        <time>2025-10-21T09:28:01.000Z</time>
        <extensions>
          <ns3:TrackPointExtension>
            <ns3:hr>94</ns3:hr>
            <ns3:cad>0</ns3:cad>
          </ns3:TrackPointExtension>
        </extensions>
      </trkpt>
      <trkpt lat="42.91517970152199268341064453125" lon="-8.76983441412448883056640625">
        <ele>281.399993896484375</ele>
        <time>2025-10-21T09:28:10.000Z</time>
        <extensions>
          <ns3:TrackPointExtension>
            <ns3:hr>93</ns3:hr>
            <ns3:cad>50</ns3:cad>
          </ns3:TrackPointExtension>
        </extensions>
      </trkpt>
      <trkpt lat="42.91518188081681728363037109375" lon="-8.7698426283895969390869140625">
        <ele>281.399993896484375</ele>
        <time>2025-10-21T09:28:11.000Z</time>
        <extensions>
          <ns3:TrackPointExtension>
            <ns3:hr>94</ns3:hr>
            <ns3:cad>50</ns3:cad>
          </ns3:TrackPointExtension>
        </extensions>
      </trkpt>
      <trkpt lat="42.91521172039210796356201171875" lon="-8.769918568432331085205078125">
        <ele>281.600006103515625</ele>
        <time>2025-10-21T09:28:18.000Z</time>
        <extensions>
          <ns3:TrackPointExtension>
            <ns3:hr>96</ns3:hr>
            <ns3:cad>49</ns3:cad>
          </ns3:TrackPointExtension>
        </extensions>
      </trkpt>
      <trkpt lat="42.91525061242282390594482421875" lon="-8.7700119428336620330810546875">
        <ele>281.399993896484375</ele>
        <time>2025-10-21T09:28:26.000Z</time>
        <extensions>
          <ns3:TrackPointExtension>
            <ns3:hr>95</ns3:hr>
            <ns3:cad>48</ns3:cad>
          </ns3:TrackPointExtension>
        </extensions>
      </trkpt>
      <trkpt lat="42.91528011672198772430419921875" lon="-8.77009802497923374176025390625">
        <ele>281.79998779296875</ele>
        <time>2025-10-21T09:28:34.000Z</time>
        <extensions>
          <ns3:TrackPointExtension>
            <ns3:hr>98</ns3:hr>
            <ns3:cad>0</ns3:cad>
          </ns3:TrackPointExtension>
        </extensions>
      </trkpt>
      <trkpt lat="42.91529419831931591033935546875" lon="-8.770174048840999603271484375">
        <ele>282</ele>
        <time>2025-10-21T09:28:41.000Z</time>
        <extensions>
          <ns3:TrackPointExtension>
            <ns3:hr>99</ns3:hr>
            <ns3:cad>0</ns3:cad>
          </ns3:TrackPointExtension>
        </extensions>
      </trkpt>
      <trkpt lat="42.91530199348926544189453125" lon="-8.77025225199759006500244140625">
        <ele>282</ele>
        <time>2025-10-21T09:28:47.000Z</time>
        <extensions>
          <ns3:TrackPointExtension>
            <ns3:hr>100</ns3:hr>
            <ns3:cad>54</ns3:cad>
          </ns3:TrackPointExtension>
        </extensions>
      </trkpt>
      <trkpt lat="42.91530869901180267333984375" lon="-8.77031209878623485565185546875">
        <ele>282.600006103515625</ele>
        <time>2025-10-21T09:28:51.000Z</time>
        <extensions>
          <ns3:TrackPointExtension>
            <ns3:hr>100</ns3:hr>
            <ns3:cad>0</ns3:cad>
          </ns3:TrackPointExtension>
        </extensions>
      </trkpt>
      <trkpt lat="42.91531364433467388153076171875" lon="-8.77034948207437992095947265625">
        <ele>282.79998779296875</ele>
        <time>2025-10-21T09:28:54.000Z</time>
        <extensions>
          <ns3:TrackPointExtension>
            <ns3:hr>101</ns3:hr>
            <ns3:cad>0</ns3:cad>
          </ns3:TrackPointExtension>
        </extensions>
      </trkpt>
      <trkpt lat="42.9153216071426868438720703125" lon="-8.7704494781792163848876953125">
        <ele>283.20001220703125</ele>
        <time>2025-10-21T09:29:01.000Z</time>
        <extensions>
          <ns3:TrackPointExtension>
            <ns3:hr>101</ns3:hr>
            <ns3:cad>0</ns3:cad>
          </ns3:TrackPointExtension>
        </extensions>
      </trkpt>
      <trkpt lat="42.91533359326422214508056640625" lon="-8.77051996998488903045654296875">
        <ele>283.399993896484375</ele>
        <time>2025-10-21T09:29:06.000Z</time>
        <extensions>
          <ns3:TrackPointExtension>
            <ns3:hr>104</ns3:hr>
            <ns3:cad>50</ns3:cad>
          </ns3:TrackPointExtension>
        </extensions>
      </trkpt>
      <trkpt lat="42.91533879004418849945068359375" lon="-8.7705497257411479949951171875">
        <ele>283.20001220703125</ele>
        <time>2025-10-21T09:29:08.000Z</time>
        <extensions>
          <ns3:TrackPointExtension>
            <ns3:hr>105</ns3:hr>
            <ns3:cad>50</ns3:cad>
          </ns3:TrackPointExtension>
        </extensions>
      </trkpt>
      <trkpt lat="42.91537080891430377960205078125" lon="-8.77066547982394695281982421875">
        <ele>283</ele>
        <time>2025-10-21T09:29:16.000Z</time>
        <extensions>
          <ns3:TrackPointExtension>
            <ns3:hr>104</ns3:hr>
            <ns3:cad>53</ns3:cad>
          </ns3:TrackPointExtension>
        </extensions>
      </trkpt>
      <trkpt lat="42.91539243422448635101318359375" lon="-8.7707632966339588165283203125">
        <ele>283.20001220703125</ele>
        <time>2025-10-21T09:29:23.000Z</time>
        <extensions>
          <ns3:TrackPointExtension>
            <ns3:hr>103</ns3:hr>
            <ns3:cad>54</ns3:cad>
          </ns3:TrackPointExtension>
        </extensions>
      </trkpt>
      <trkpt lat="42.9154091142117977142333984375" lon="-8.770859353244304656982421875">
        <ele>283.399993896484375</ele>
        <time>2025-10-21T09:29:30.000Z</time>
        <extensions>
          <ns3:TrackPointExtension>
            <ns3:hr>103</ns3:hr>
            <ns3:cad>53</ns3:cad>
          </ns3:TrackPointExtension>
        </extensions>
      </trkpt>
      <trkpt lat="42.91542847640812397003173828125" lon="-8.77092900685966014862060546875">
        <ele>283.399993896484375</ele>
        <time>2025-10-21T09:29:36.000Z</time>
        <extensions>
          <ns3:TrackPointExtension>
            <ns3:hr>100</ns3:hr>
            <ns3:cad>0</ns3:cad>
          </ns3:TrackPointExtension>
        </extensions>
      </trkpt>
      <trkpt lat="42.9154309071600437164306640625" lon="-8.770944513380527496337890625">
        <ele>283.399993896484375</ele>
        <time>2025-10-21T09:29:37.000Z</time>
        <extensions>
          <ns3:TrackPointExtension>
            <ns3:hr>99</ns3:hr>
            <ns3:cad>53</ns3:cad>
          </ns3:TrackPointExtension>
        </extensions>
      </trkpt>
      <trkpt lat="42.915464602410793304443359375" lon="-8.77104367129504680633544921875">
        <ele>283.399993896484375</ele>
        <time>2025-10-21T09:29:45.000Z</time>
        <extensions>
          <ns3:TrackPointExtension>
            <ns3:hr>97</ns3:hr>
            <ns3:cad>55</ns3:cad>
          </ns3:TrackPointExtension>
        </extensions>
      </trkpt>
      <trkpt lat="42.91546267457306385040283203125" lon="-8.7710764445364475250244140625">
        <ele>283.600006103515625</ele>
        <time>2025-10-21T09:29:47.000Z</time>
        <extensions>
          <ns3:TrackPointExtension>
            <ns3:hr>97</ns3:hr>
            <ns3:cad>55</ns3:cad>
          </ns3:TrackPointExtension>
        </extensions>
      </trkpt>
      <trkpt lat="42.91547910310328006744384765625" lon="-8.77116654999554157257080078125">
        <ele>283.20001220703125</ele>
        <time>2025-10-21T09:29:53.000Z</time>
        <extensions>
          <ns3:TrackPointExtension>
            <ns3:hr>97</ns3:hr>
            <ns3:cad>53</ns3:cad>
          </ns3:TrackPointExtension>
        </extensions>
      </trkpt>
      <trkpt lat="42.91549771092832088470458984375" lon="-8.7712688930332660675048828125">
        <ele>283.20001220703125</ele>
        <time>2025-10-21T09:30:01.000Z</time>
        <extensions>
          <ns3:TrackPointExtension>
            <ns3:hr>96</ns3:hr>
            <ns3:cad>53</ns3:cad>
          </ns3:TrackPointExtension>
        </extensions>
      </trkpt>
      <trkpt lat="42.915520258247852325439453125" lon="-8.77137023024260997772216796875">
        <ele>283.20001220703125</ele>
        <time>2025-10-21T09:30:10.000Z</time>
        <extensions>
          <ns3:TrackPointExtension>
            <ns3:hr>95</ns3:hr>
            <ns3:cad>0</ns3:cad>
          </ns3:TrackPointExtension>
        </extensions>
      </trkpt>
      <trkpt lat="42.9155479185283184051513671875" lon="-8.7714658677577972412109375">
        <ele>283</ele>
        <time>2025-10-21T09:30:19.000Z</time>
        <extensions>
          <ns3:TrackPointExtension>
            <ns3:hr>93</ns3:hr>
            <ns3:cad>0</ns3:cad>
          </ns3:TrackPointExtension>
        </extensions>
      </trkpt>
      <trkpt lat="42.9155821166932582855224609375" lon="-8.7715528719127178192138671875">
        <ele>282.79998779296875</ele>
        <time>2025-10-21T09:30:27.000Z</time>
        <extensions>
          <ns3:TrackPointExtension>
            <ns3:hr>93</ns3:hr>
            <ns3:cad>0</ns3:cad>
          </ns3:TrackPointExtension>
        </extensions>
      </trkpt>
      <trkpt lat="42.91562360711395740509033203125" lon="-8.77161531709134578704833984375">
        <ele>283</ele>
        <time>2025-10-21T09:30:35.000Z</time>
        <extensions>
          <ns3:TrackPointExtension>
            <ns3:hr>93</ns3:hr>
            <ns3:cad>48</ns3:cad>
          </ns3:TrackPointExtension>
        </extensions>
      </trkpt>
      <trkpt lat="42.91566702537238597869873046875" lon="-8.771710284054279327392578125">
        <ele>283.20001220703125</ele>
        <time>2025-10-21T09:30:44.000Z</time>
        <extensions>
          <ns3:TrackPointExtension>
            <ns3:hr>93</ns3:hr>
            <ns3:cad>50</ns3:cad>
          </ns3:TrackPointExtension>
        </extensions>
      </trkpt>
      <trkpt lat="42.91570357047021389007568359375" lon="-8.77181380055844783782958984375">
        <ele>283.20001220703125</ele>
        <time>2025-10-21T09:30:53.000Z</time>
        <extensions>
          <ns3:TrackPointExtension>
            <ns3:hr>93</ns3:hr>
            <ns3:cad>51</ns3:cad>
          </ns3:TrackPointExtension>
        </extensions>
      </trkpt>
      <trkpt lat="42.91573776863515377044677734375" lon="-8.77190105617046356201171875">
        <ele>283.79998779296875</ele>
        <time>2025-10-21T09:31:01.000Z</time>
        <extensions>
          <ns3:TrackPointExtension>
            <ns3:hr>92</ns3:hr>
            <ns3:cad>51</ns3:cad>
          </ns3:TrackPointExtension>
        </extensions>
      </trkpt>
      <trkpt lat="42.9157759062945842742919921875" lon="-8.77198780886828899383544921875">
        <ele>283.79998779296875</ele>
        <time>2025-10-21T09:31:09.000Z</time>
        <extensions>
          <ns3:TrackPointExtension>
            <ns3:hr>95</ns3:hr>
            <ns3:cad>52</ns3:cad>
          </ns3:TrackPointExtension>
        </extensions>
      </trkpt>
      <trkpt lat="42.915781773626804351806640625" lon="-8.77200272865593433380126953125">
        <ele>283.79998779296875</ele>
        <time>2025-10-21T09:31:10.000Z</time>
        <extensions>
          <ns3:TrackPointExtension>
            <ns3:hr>95</ns3:hr>
            <ns3:cad>52</ns3:cad>
          </ns3:TrackPointExtension>
        </extensions>
      </trkpt>
      <trkpt lat="42.915833406150341033935546875" lon="-8.77211286686360836029052734375">
        <ele>283.600006103515625</ele>
        <time>2025-10-21T09:31:19.000Z</time>
        <extensions>
          <ns3:TrackPointExtension>
            <ns3:hr>95</ns3:hr>
            <ns3:cad>51</ns3:cad>
          </ns3:TrackPointExtension>
        </extensions>
      </trkpt>
      <trkpt lat="42.9158748127520084381103515625" lon="-8.77219668589532375335693359375">
        <ele>283</ele>
        <time>2025-10-21T09:31:26.000Z</time>
        <extensions>
          <ns3:TrackPointExtension>
            <ns3:hr>96</ns3:hr>
            <ns3:cad>53</ns3:cad>
          </ns3:TrackPointExtension>
        </extensions>
      </trkpt>
      <trkpt lat="42.915907166898250579833984375" lon="-8.77224974334239959716796875">
        <ele>283.20001220703125</ele>
        <time>2025-10-21T09:31:31.000Z</time>
        <extensions>
          <ns3:TrackPointExtension>
            <ns3:hr>99</ns3:hr>
            <ns3:cad>53</ns3:cad>
          </ns3:TrackPointExtension>
        </extensions>
      </trkpt>
      <trkpt lat="42.91592015884816646575927734375" lon="-8.7722758948802947998046875">
        <ele>283.20001220703125</ele>
        <time>2025-10-21T09:31:33.000Z</time>
        <extensions>
          <ns3:TrackPointExtension>
            <ns3:hr>103</ns3:hr>
            <ns3:cad>53</ns3:cad>
          </ns3:TrackPointExtension>
        </extensions>
      </trkpt>
      <trkpt lat="42.91592636145651340484619140625" lon="-8.77228687517344951629638671875">
        <ele>283.20001220703125</ele>
        <time>2025-10-21T09:31:34.000Z</time>
        <extensions>
          <ns3:TrackPointExtension>
            <ns3:hr>103</ns3:hr>
            <ns3:cad>53</ns3:cad>
          </ns3:TrackPointExtension>
        </extensions>
      </trkpt>
      <trkpt lat="42.91598193347454071044921875" lon="-8.77234688960015773773193359375">
        <ele>283.399993896484375</ele>
        <time>2025-10-21T09:31:41.000Z</time>
        <extensions>
          <ns3:TrackPointExtension>
            <ns3:hr>103</ns3:hr>
            <ns3:cad>0</ns3:cad>
          </ns3:TrackPointExtension>
        </extensions>
      </trkpt>
      <trkpt lat="42.91604697704315185546875" lon="-8.7724225781857967376708984375">
        <ele>283.600006103515625</ele>
        <time>2025-10-21T09:31:49.000Z</time>
        <extensions>
          <ns3:TrackPointExtension>
            <ns3:hr>104</ns3:hr>
            <ns3:cad>52</ns3:cad>
          </ns3:TrackPointExtension>
        </extensions>
      </trkpt>
      <trkpt lat="42.9161041416227817535400390625" lon="-8.77249759621918201446533203125">
        <ele>283.399993896484375</ele>
        <time>2025-10-21T09:31:57.000Z</time>
        <extensions>
          <ns3:TrackPointExtension>
            <ns3:hr>103</ns3:hr>
            <ns3:cad>0</ns3:cad>
          </ns3:TrackPointExtension>
        </extensions>
      </trkpt>
      <trkpt lat="42.9161463864147663116455078125" lon="-8.7725637294352054595947265625">
        <ele>283.600006103515625</ele>
        <time>2025-10-21T09:32:04.000Z</time>
        <extensions>
          <ns3:TrackPointExtension>
            <ns3:hr>101</ns3:hr>
            <ns3:cad>51</ns3:cad>
          </ns3:TrackPointExtension>
        </extensions>
      </trkpt>
      <trkpt lat="42.916178070008754730224609375" lon="-8.7726163677871227264404296875">
        <ele>283.600006103515625</ele>
        <time>2025-10-21T09:32:09.000Z</time>
        <extensions>
          <ns3:TrackPointExtension>
            <ns3:hr>98</ns3:hr>
            <ns3:cad>51</ns3:cad>
          </ns3:TrackPointExtension>
        </extensions>
      </trkpt>
      <trkpt lat="42.91618846356868743896484375" lon="-8.772627599537372589111328125">
        <ele>283.600006103515625</ele>
        <time>2025-10-21T09:32:10.000Z</time>
        <extensions>
          <ns3:TrackPointExtension>
            <ns3:hr>98</ns3:hr>
            <ns3:cad>51</ns3:cad>
          </ns3:TrackPointExtension>
        </extensions>
      </trkpt>
      <trkpt lat="42.91625040583312511444091796875" lon="-8.772707395255565643310546875">
        <ele>283.79998779296875</ele>
        <time>2025-10-21T09:32:17.000Z</time>
        <extensions>
          <ns3:TrackPointExtension>
            <ns3:hr>96</ns3:hr>
            <ns3:cad>51</ns3:cad>
          </ns3:TrackPointExtension>
        </extensions>
      </trkpt>
      <trkpt lat="42.91628192178905010223388671875" lon="-8.77277436666190624237060546875">
        <ele>284</ele>
        <time>2025-10-21T09:32:23.000Z</time>
        <extensions>
          <ns3:TrackPointExtension>
            <ns3:hr>96</ns3:hr>
            <ns3:cad>50</ns3:cad>
          </ns3:TrackPointExtension>
        </extensions>
      </trkpt>
      <trkpt lat="42.91633254848420619964599609375" lon="-8.77285801805555820465087890625">
        <ele>284.20001220703125</ele>
        <time>2025-10-21T09:32:31.000Z</time>
        <extensions>
          <ns3:TrackPointExtension>
            <ns3:hr>96</ns3:hr>
            <ns3:cad>50</ns3:cad>
          </ns3:TrackPointExtension>
        </extensions>
      </trkpt>
      <trkpt lat="42.91635467670857906341552734375" lon="-8.77292574383318424224853515625">
        <ele>284</ele>
        <time>2025-10-21T09:32:36.000Z</time>
        <extensions>
          <ns3:TrackPointExtension>
            <ns3:hr>93</ns3:hr>
            <ns3:cad>53</ns3:cad>
          </ns3:TrackPointExtension>
        </extensions>
      </trkpt>
      <trkpt lat="42.91637211106717586517333984375" lon="-8.7729697488248348236083984375">
        <ele>283.79998779296875</ele>
        <time>2025-10-21T09:32:39.000Z</time>
        <extensions>
          <ns3:TrackPointExtension>
            <ns3:hr>93</ns3:hr>
            <ns3:cad>53</ns3:cad>
          </ns3:TrackPointExtension>
        </extensions>
      </trkpt>
      <trkpt lat="42.916416116058826446533203125" lon="-8.7730800546705722808837890625">
        <ele>284.399993896484375</ele>
        <time>2025-10-21T09:32:47.000Z</time>
        <extensions>
          <ns3:TrackPointExtension>
            <ns3:hr>92</ns3:hr>
            <ns3:cad>52</ns3:cad>
          </ns3:TrackPointExtension>
        </extensions>
      </trkpt>
      <trkpt lat="42.91644997894763946533203125" lon="-8.773125149309635162353515625">
        <ele>284.600006103515625</ele>
        <time>2025-10-21T09:32:52.000Z</time>
        <extensions>
          <ns3:TrackPointExtension>
            <ns3:hr>93</ns3:hr>
            <ns3:cad>53</ns3:cad>
          </ns3:TrackPointExtension>
        </extensions>
      </trkpt>
      <trkpt lat="42.9164930619299411773681640625" lon="-8.7731568329036235809326171875">
        <ele>284.600006103515625</ele>
        <time>2025-10-21T09:32:56.000Z</time>
        <extensions>
          <ns3:TrackPointExtension>
            <ns3:hr>93</ns3:hr>
            <ns3:cad>52</ns3:cad>
          </ns3:TrackPointExtension>
        </extensions>
      </trkpt>
      <trkpt lat="42.91654410772025585174560546875" lon="-8.77317703329026699066162109375">
        <ele>285</ele>
        <time>2025-10-21T09:33:02.000Z</time>
        <extensions>
          <ns3:TrackPointExtension>
            <ns3:hr>95</ns3:hr>
            <ns3:cad>0</ns3:cad>
          </ns3:TrackPointExtension>
        </extensions>
      </trkpt>
      <trkpt lat="42.9165638051927089691162109375" lon="-8.77317988313734531402587890625">
        <ele>285</ele>
        <time>2025-10-21T09:33:09.000Z</time>
        <extensions>
          <ns3:TrackPointExtension>
            <ns3:hr>96</ns3:hr>
            <ns3:cad>0</ns3:cad>
          </ns3:TrackPointExtension>
        </extensions>
      </trkpt>
      <trkpt lat="42.91656397283077239990234375" lon="-8.7731836549937725067138671875">
        <ele>284.600006103515625</ele>
        <time>2025-10-21T09:33:20.000Z</time>
        <extensions>
          <ns3:TrackPointExtension>
            <ns3:hr>95</ns3:hr>
            <ns3:cad>0</ns3:cad>
          </ns3:TrackPointExtension>
        </extensions>
      </trkpt>
      <trkpt lat="42.9165721870958805084228515625" lon="-8.77318725921213626861572265625">
        <ele>285</ele>
        <time>2025-10-21T09:33:28.000Z</time>
        <extensions>
          <ns3:TrackPointExtension>
            <ns3:hr>92</ns3:hr>
            <ns3:cad>0</ns3:cad>
          </ns3:TrackPointExtension>
        </extensions>
      </trkpt>
      <trkpt lat="42.916574366390705108642578125" lon="-8.77318851649761199951171875">
        <ele>285</ele>
        <time>2025-10-21T09:33:29.000Z</time>
        <extensions>
          <ns3:TrackPointExtension>
            <ns3:hr>92</ns3:hr>
            <ns3:cad>0</ns3:cad>
          </ns3:TrackPointExtension>
        </extensions>
      </trkpt>
      <trkpt lat="42.91659104637801647186279296875" lon="-8.77320720814168453216552734375">
        <ele>284.79998779296875</ele>
        <time>2025-10-21T09:33:38.000Z</time>
        <extensions>
          <ns3:TrackPointExtension>
            <ns3:hr>90</ns3:hr>
            <ns3:cad>0</ns3:cad>
          </ns3:TrackPointExtension>
        </extensions>
      </trkpt>
      <trkpt lat="42.91670051403343677520751953125" lon="-8.7732590921223163604736328125">
        <ele>284.600006103515625</ele>
        <time>2025-10-21T09:33:49.000Z</time>
        <extensions>
          <ns3:TrackPointExtension>
            <ns3:hr>90</ns3:hr>
            <ns3:cad>50</ns3:cad>
          </ns3:TrackPointExtension>
        </extensions>
      </trkpt>
      <trkpt lat="42.916795313358306884765625" lon="-8.77331315539777278900146484375">
        <ele>284.79998779296875</ele>
        <time>2025-10-21T09:33:59.000Z</time>
        <extensions>
          <ns3:TrackPointExtension>
            <ns3:hr>93</ns3:hr>
            <ns3:cad>53</ns3:cad>
          </ns3:TrackPointExtension>
        </extensions>
      </trkpt>
      <trkpt lat="42.91681081987917423248291015625" lon="-8.77331835217773914337158203125">
        <ele>285</ele>
        <time>2025-10-21T09:34:01.000Z</time>
        <extensions>
          <ns3:TrackPointExtension>
            <ns3:hr>93</ns3:hr>
            <ns3:cad>53</ns3:cad>
          </ns3:TrackPointExtension>
        </extensions>
      </trkpt>
      <trkpt lat="42.916911654174327850341796875" lon="-8.7733667157590389251708984375">
        <ele>285</ele>
        <time>2025-10-21T09:34:10.000Z</time>
        <extensions>
          <ns3:TrackPointExtension>
            <ns3:hr>95</ns3:hr>
            <ns3:cad>51</ns3:cad>
          </ns3:TrackPointExtension>
        </extensions>
      </trkpt>
      <trkpt lat="42.9169865883886814117431640625" lon="-8.7734265625476837158203125">
        <ele>285.399993896484375</ele>
        <time>2025-10-21T09:34:19.000Z</time>
        <extensions>
          <ns3:TrackPointExtension>
            <ns3:hr>93</ns3:hr>
            <ns3:cad>50</ns3:cad>
          </ns3:TrackPointExtension>
        </extensions>
      </trkpt>
      <trkpt lat="42.91701466776430606842041015625" lon="-8.77344475127756595611572265625">
        <ele>285.600006103515625</ele>
        <time>2025-10-21T09:34:22.000Z</time>
        <extensions>
          <ns3:TrackPointExtension>
            <ns3:hr>93</ns3:hr>
            <ns3:cad>50</ns3:cad>
          </ns3:TrackPointExtension>
        </extensions>
      </trkpt>
      <trkpt lat="42.917045764625072479248046875" lon="-8.77346956171095371246337890625">
        <ele>286</ele>
        <time>2025-10-21T09:34:26.000Z</time>
        <extensions>
          <ns3:TrackPointExtension>
            <ns3:hr>94</ns3:hr>
            <ns3:cad>50</ns3:cad>
          </ns3:TrackPointExtension>
        </extensions>
      </trkpt>
      <trkpt lat="42.91713888756930828094482421875" lon="-8.77352857030928134918212890625">
        <ele>286.600006103515625</ele>
        <time>2025-10-21T09:34:36.000Z</time>
        <extensions>
          <ns3:TrackPointExtension>
            <ns3:hr>96</ns3:hr>
            <ns3:cad>0</ns3:cad>
          </ns3:TrackPointExtension>
        </extensions>
      </trkpt>
      <trkpt lat="42.917214073240756988525390625" lon="-8.7735675461590290069580078125">
        <ele>287</ele>
        <time>2025-10-21T09:34:43.000Z</time>
        <extensions>
          <ns3:TrackPointExtension>
            <ns3:hr>97</ns3:hr>
            <ns3:cad>50</ns3:cad>
          </ns3:TrackPointExtension>
        </extensions>
      </trkpt>
      <trkpt lat="42.917284481227397918701171875" lon="-8.773604929447174072265625">
        <ele>287.20001220703125</ele>
        <time>2025-10-21T09:34:50.000Z</time>
        <extensions>
          <ns3:TrackPointExtension>
            <ns3:hr>98</ns3:hr>
            <ns3:cad>50</ns3:cad>
          </ns3:TrackPointExtension>
        </extensions>
      </trkpt>
      <trkpt lat="42.91737324558198451995849609375" lon="-8.7736537121236324310302734375">
        <ele>287.20001220703125</ele>
        <time>2025-10-21T09:34:58.000Z</time>
        <extensions>
          <ns3:TrackPointExtension>
            <ns3:hr>98</ns3:hr>
            <ns3:cad>51</ns3:cad>
          </ns3:TrackPointExtension>
        </extensions>
      </trkpt>
      <trkpt lat="42.917440719902515411376953125" lon="-8.7736822105944156646728515625">
        <ele>287.399993896484375</ele>
        <time>2025-10-21T09:35:05.000Z</time>
        <extensions>
          <ns3:TrackPointExtension>
            <ns3:hr>98</ns3:hr>
            <ns3:cad>52</ns3:cad>
          </ns3:TrackPointExtension>
        </extensions>
      </trkpt>
      <trkpt lat="42.9175216890871524810791015625" lon="-8.7737563066184520721435546875">
        <ele>287.600006103515625</ele>
        <time>2025-10-21T09:35:13.000Z</time>
        <extensions>
          <ns3:TrackPointExtension>
            <ns3:hr>97</ns3:hr>
            <ns3:cad>52</ns3:cad>
          </ns3:TrackPointExtension>
        </extensions>
      </trkpt>
      <trkpt lat="42.91757742874324321746826171875" lon="-8.773829899728298187255859375">
        <ele>287.600006103515625</ele>
        <time>2025-10-21T09:35:20.000Z</time>
        <extensions>
          <ns3:TrackPointExtension>
            <ns3:hr>97</ns3:hr>
            <ns3:cad>0</ns3:cad>
          </ns3:TrackPointExtension>
        </extensions>
      </trkpt>
      <trkpt lat="42.9175984673202037811279296875" lon="-8.77386485226452350616455078125">
        <ele>287.79998779296875</ele>
        <time>2025-10-21T09:35:23.000Z</time>
        <extensions>
          <ns3:TrackPointExtension>
            <ns3:hr>96</ns3:hr>
            <ns3:cad>50</ns3:cad>
          </ns3:TrackPointExtension>
        </extensions>
      </trkpt>
      <trkpt lat="42.9176316596567630767822265625" lon="-8.7739692069590091705322265625">
        <ele>288.600006103515625</ele>
        <time>2025-10-21T09:35:31.000Z</time>
        <extensions>
          <ns3:TrackPointExtension>
            <ns3:hr>96</ns3:hr>
            <ns3:cad>51</ns3:cad>
          </ns3:TrackPointExtension>
        </extensions>
      </trkpt>
      <trkpt lat="42.91762839071452617645263671875" lon="-8.77399695105850696563720703125">
        <ele>288.600006103515625</ele>
        <time>2025-10-21T09:35:33.000Z</time>
        <extensions>
          <ns3:TrackPointExtension>
            <ns3:hr>97</ns3:hr>
            <ns3:cad>50</ns3:cad>
          </ns3:TrackPointExtension>
        </extensions>
      </trkpt>
      <trkpt lat="42.9176028259098529815673828125" lon="-8.77407632768154144287109375">
        <ele>288.600006103515625</ele>
        <time>2025-10-21T09:35:39.000Z</time>
        <extensions>
          <ns3:TrackPointExtension>
            <ns3:hr>97</ns3:hr>
            <ns3:cad>50</ns3:cad>
          </ns3:TrackPointExtension>
        </extensions>
      </trkpt>
      <trkpt lat="42.91756552644073963165283203125" lon="-8.77418822608888149261474609375">
        <ele>288.79998779296875</ele>
        <time>2025-10-21T09:35:48.000Z</time>
        <extensions>
          <ns3:TrackPointExtension>
            <ns3:hr>97</ns3:hr>
            <ns3:cad>51</ns3:cad>
          </ns3:TrackPointExtension>
        </extensions>
      </trkpt>
      <trkpt lat="42.9175565578043460845947265625" lon="-8.7743272818624973297119140625">
        <ele>289</ele>
        <time>2025-10-21T09:35:58.000Z</time>
        <extensions>
          <ns3:TrackPointExtension>
            <ns3:hr>97</ns3:hr>
            <ns3:cad>50</ns3:cad>
          </ns3:TrackPointExtension>
        </extensions>
      </trkpt>
      <trkpt lat="42.917519509792327880859375" lon="-8.77442878670990467071533203125">
        <ele>289.600006103515625</ele>
        <time>2025-10-21T09:36:06.000Z</time>
        <extensions>
          <ns3:TrackPointExtension>
            <ns3:hr>97</ns3:hr>
            <ns3:cad>52</ns3:cad>
          </ns3:TrackPointExtension>
        </extensions>
      </trkpt>
      <trkpt lat="42.917452789843082427978515625" lon="-8.7745318002998828887939453125">
        <ele>289.399993896484375</ele>
        <time>2025-10-21T09:36:15.000Z</time>
        <extensions>
          <ns3:TrackPointExtension>
            <ns3:hr>98</ns3:hr>
            <ns3:cad>51</ns3:cad>
          </ns3:TrackPointExtension>
        </extensions>
      </trkpt>
      <trkpt lat="42.9174123890697956085205078125" lon="-8.77468787133693695068359375">
        <ele>289.399993896484375</ele>
        <time>2025-10-21T09:36:25.000Z</time>
        <extensions>
          <ns3:TrackPointExtension>
            <ns3:hr>98</ns3:hr>
            <ns3:cad>53</ns3:cad>
          </ns3:TrackPointExtension>
        </extensions>
      </trkpt>
      <trkpt lat="42.9174345172941684722900390625" lon="-8.77481686882674694061279296875">
        <ele>289.399993896484375</ele>
        <time>2025-10-21T09:36:33.000Z</time>
        <extensions>
          <ns3:TrackPointExtension>
            <ns3:hr>98</ns3:hr>
            <ns3:cad>53</ns3:cad>
          </ns3:TrackPointExtension>
        </extensions>
      </trkpt>
      <trkpt lat="42.9174482636153697967529296875" lon="-8.77490504644811153411865234375">
        <ele>289</ele>
        <time>2025-10-21T09:36:39.000Z</time>
        <extensions>
          <ns3:TrackPointExtension>
            <ns3:hr>95</ns3:hr>
            <ns3:cad>0</ns3:cad>
          </ns3:TrackPointExtension>
        </extensions>
      </trkpt>
      <trkpt lat="42.91745941154658794403076171875" lon="-8.77493807114660739898681640625">
        <ele>289</ele>
        <time>2025-10-21T09:36:41.000Z</time>
        <extensions>
          <ns3:TrackPointExtension>
            <ns3:hr>95</ns3:hr>
            <ns3:cad>48</ns3:cad>
          </ns3:TrackPointExtension>
        </extensions>
      </trkpt>
      <trkpt lat="42.91748690418899059295654296875" lon="-8.7750625424087047576904296875">
        <ele>289</ele>
        <time>2025-10-21T09:36:49.000Z</time>
        <extensions>
          <ns3:TrackPointExtension>
            <ns3:hr>95</ns3:hr>
            <ns3:cad>52</ns3:cad>
          </ns3:TrackPointExtension>
        </extensions>
      </trkpt>
      <trkpt lat="42.9174858145415782928466796875" lon="-8.7751701660454273223876953125">
        <ele>288.79998779296875</ele>
        <time>2025-10-21T09:36:56.000Z</time>
        <extensions>
          <ns3:TrackPointExtension>
            <ns3:hr>96</ns3:hr>
            <ns3:cad>0</ns3:cad>
          </ns3:TrackPointExtension>
        </extensions>
      </trkpt>
      <trkpt lat="42.9174586571753025054931640625" lon="-8.77524635754525661468505859375">
        <ele>288.20001220703125</ele>
        <time>2025-10-21T09:37:03.000Z</time>
        <extensions>
          <ns3:TrackPointExtension>
            <ns3:hr>97</ns3:hr>
            <ns3:cad>54</ns3:cad>
          </ns3:TrackPointExtension>
        </extensions>
      </trkpt>
      <trkpt lat="42.9174162447452545166015625" lon="-8.77530612051486968994140625">
        <ele>287.600006103515625</ele>
        <time>2025-10-21T09:37:08.000Z</time>
        <extensions>
          <ns3:TrackPointExtension>
            <ns3:hr>98</ns3:hr>
            <ns3:cad>0</ns3:cad>
          </ns3:TrackPointExtension>
        </extensions>
      </trkpt>
      <trkpt lat="42.91738070547580718994140625" lon="-8.77535599283874034881591796875">
        <ele>287.399993896484375</ele>
        <time>2025-10-21T09:37:12.000Z</time>
        <extensions>
          <ns3:TrackPointExtension>
            <ns3:hr>99</ns3:hr>
            <ns3:cad>52</ns3:cad>
          </ns3:TrackPointExtension>
        </extensions>
      </trkpt>
      <trkpt lat="42.9173255525529384613037109375" lon="-8.7754471041262149810791015625">
        <ele>286.600006103515625</ele>
        <time>2025-10-21T09:37:20.000Z</time>
        <extensions>
          <ns3:TrackPointExtension>
            <ns3:hr>98</ns3:hr>
            <ns3:cad>51</ns3:cad>
          </ns3:TrackPointExtension>
        </extensions>
      </trkpt>
      <trkpt lat="42.9172591678798198699951171875" lon="-8.77554307691752910614013671875">
        <ele>285.600006103515625</ele>
        <time>2025-10-21T09:37:28.000Z</time>
        <extensions>
          <ns3:TrackPointExtension>
            <ns3:hr>96</ns3:hr>
            <ns3:cad>53</ns3:cad>
          </ns3:TrackPointExtension>
        </extensions>
      </trkpt>
      <trkpt lat="42.9172353632748126983642578125" lon="-8.7755696475505828857421875">
        <ele>285.600006103515625</ele>
        <time>2025-10-21T09:37:31.000Z</time>
        <extensions>
          <ns3:TrackPointExtension>
            <ns3:hr>96</ns3:hr>
            <ns3:cad>54</ns3:cad>
          </ns3:TrackPointExtension>
        </extensions>
      </trkpt>
      <trkpt lat="42.91717023588716983795166015625" lon="-8.77562798559665679931640625">
        <ele>285.20001220703125</ele>
        <time>2025-10-21T09:37:39.000Z</time>
        <extensions>
          <ns3:TrackPointExtension>
            <ns3:hr>95</ns3:hr>
            <ns3:cad>53</ns3:cad>
          </ns3:TrackPointExtension>
        </extensions>
      </trkpt>
      <trkpt lat="42.9170916974544525146484375" lon="-8.77572563476860523223876953125">
        <ele>284.600006103515625</ele>
        <time>2025-10-21T09:37:49.000Z</time>
        <extensions>
          <ns3:TrackPointExtension>
            <ns3:hr>95</ns3:hr>
            <ns3:cad>53</ns3:cad>
          </ns3:TrackPointExtension>
        </extensions>
      </trkpt>
      <trkpt lat="42.9170482791960239410400390625" lon="-8.775799982249736785888671875">
        <ele>284.600006103515625</ele>
        <time>2025-10-21T09:37:55.000Z</time>
        <extensions>
          <ns3:TrackPointExtension>
            <ns3:hr>94</ns3:hr>
            <ns3:cad>52</ns3:cad>
          </ns3:TrackPointExtension>
        </extensions>
      </trkpt>
      <trkpt lat="42.91701014153659343719482421875" lon="-8.77588547766208648681640625">
        <ele>284.399993896484375</ele>
        <time>2025-10-21T09:38:02.000Z</time>
        <extensions>
          <ns3:TrackPointExtension>
            <ns3:hr>93</ns3:hr>
            <ns3:cad>52</ns3:cad>
          </ns3:TrackPointExtension>
        </extensions>
      </trkpt>
      <trkpt lat="42.916955240070819854736328125" lon="-8.7760056741535663604736328125">
        <ele>283.600006103515625</ele>
        <time>2025-10-21T09:38:10.000Z</time>
        <extensions>
          <ns3:TrackPointExtension>
            <ns3:hr>93</ns3:hr>
            <ns3:cad>55</ns3:cad>
          </ns3:TrackPointExtension>
        </extensions>
      </trkpt>
      <trkpt lat="42.91694811545312404632568359375" lon="-8.7760727293789386749267578125">
        <ele>283.600006103515625</ele>
        <time>2025-10-21T09:38:15.000Z</time>
        <extensions>
          <ns3:TrackPointExtension>
            <ns3:hr>93</ns3:hr>
            <ns3:cad>53</ns3:cad>
          </ns3:TrackPointExtension>
        </extensions>
      </trkpt>
      <trkpt lat="42.91694392450153827667236328125" lon="-8.77610013820230960845947265625">
        <ele>283.399993896484375</ele>
        <time>2025-10-21T09:38:17.000Z</time>
        <extensions>
          <ns3:TrackPointExtension>
            <ns3:hr>93</ns3:hr>
            <ns3:cad>50</ns3:cad>
          </ns3:TrackPointExtension>
        </extensions>
      </trkpt>
      <trkpt lat="42.91693185456097126007080078125" lon="-8.77611941657960414886474609375">
        <ele>283.20001220703125</ele>
        <time>2025-10-21T09:38:23.000Z</time>
        <extensions>
          <ns3:TrackPointExtension>
            <ns3:hr>93</ns3:hr>
            <ns3:cad>0</ns3:cad>
          </ns3:TrackPointExtension>
        </extensions>
      </trkpt>
      <trkpt lat="42.916918694972991943359375" lon="-8.77620256505906581878662109375">
        <ele>282.79998779296875</ele>
        <time>2025-10-21T09:38:31.000Z</time>
        <extensions>
          <ns3:TrackPointExtension>
            <ns3:hr>91</ns3:hr>
            <ns3:cad>0</ns3:cad>
          </ns3:TrackPointExtension>
        </extensions>
      </trkpt>
      <trkpt lat="42.91691928170621395111083984375" lon="-8.776225112378597259521484375">
        <ele>282.399993896484375</ele>
        <time>2025-10-21T09:38:33.000Z</time>
        <extensions>
          <ns3:TrackPointExtension>
            <ns3:hr>90</ns3:hr>
            <ns3:cad>50</ns3:cad>
          </ns3:TrackPointExtension>
        </extensions>
      </trkpt>
      <trkpt lat="42.9169222153723239898681640625" lon="-8.77630046568810939788818359375">
        <ele>282</ele>
        <time>2025-10-21T09:38:39.000Z</time>
        <extensions>
          <ns3:TrackPointExtension>
            <ns3:hr>90</ns3:hr>
            <ns3:cad>49</ns3:cad>
          </ns3:TrackPointExtension>
        </extensions>
      </trkpt>
      <trkpt lat="42.91693537496030330657958984375" lon="-8.7764059938490390777587890625">
        <ele>281.79998779296875</ele>
        <time>2025-10-21T09:38:47.000Z</time>
        <extensions>
          <ns3:TrackPointExtension>
            <ns3:hr>89</ns3:hr>
            <ns3:cad>51</ns3:cad>
          </ns3:TrackPointExtension>
        </extensions>
      </trkpt>
      <trkpt lat="42.9169389791786670684814453125" lon="-8.77652090974152088165283203125">
        <ele>281.399993896484375</ele>
        <time>2025-10-21T09:38:57.000Z</time>
        <extensions>
          <ns3:TrackPointExtension>
            <ns3:hr>89</ns3:hr>
            <ns3:cad>52</ns3:cad>
          </ns3:TrackPointExtension>
        </extensions>
      </trkpt>
      <trkpt lat="42.91693135164678096771240234375" lon="-8.77654639072716236114501953125">
        <ele>281.20001220703125</ele>
        <time>2025-10-21T09:38:59.000Z</time>
        <extensions>
          <ns3:TrackPointExtension>
            <ns3:hr>89</ns3:hr>
            <ns3:cad>53</ns3:cad>
          </ns3:TrackPointExtension>
        </extensions>
      </trkpt>
      <trkpt lat="42.91689547710120677947998046875" lon="-8.77666977234184741973876953125">
        <ele>280.399993896484375</ele>
        <time>2025-10-21T09:39:08.000Z</time>
        <extensions>
          <ns3:TrackPointExtension>
            <ns3:hr>89</ns3:hr>
            <ns3:cad>54</ns3:cad>
          </ns3:TrackPointExtension>
        </extensions>
      </trkpt>
      <trkpt lat="42.91688759811222553253173828125" lon="-8.7766956724226474761962890625">
        <ele>280.20001220703125</ele>
        <time>2025-10-21T09:39:09.000Z</time>
        <extensions>
          <ns3:TrackPointExtension>
            <ns3:hr>89</ns3:hr>
            <ns3:cad>54</ns3:cad>
          </ns3:TrackPointExtension>
        </extensions>
      </trkpt>
      <trkpt lat="42.9168387316167354583740234375" lon="-8.77677722834050655364990234375">
        <ele>279.20001220703125</ele>
        <time>2025-10-21T09:39:15.000Z</time>
        <extensions>
          <ns3:TrackPointExtension>
            <ns3:hr>86</ns3:hr>
            <ns3:cad>54</ns3:cad>
          </ns3:TrackPointExtension>
        </extensions>
      </trkpt>
      <trkpt lat="42.9168330319225788116455078125" lon="-8.7767882086336612701416015625">
        <ele>279.20001220703125</ele>
        <time>2025-10-21T09:39:16.000Z</time>
        <extensions>
          <ns3:TrackPointExtension>
            <ns3:hr>86</ns3:hr>
            <ns3:cad>55</ns3:cad>
          </ns3:TrackPointExtension>
        </extensions>
      </trkpt>
      <trkpt lat="42.91680478490889072418212890625" lon="-8.77687060274183750152587890625">
        <ele>278.600006103515625</ele>
        <time>2025-10-21T09:39:23.000Z</time>
        <extensions>
          <ns3:TrackPointExtension>
            <ns3:hr>87</ns3:hr>
            <ns3:cad>54</ns3:cad>
          </ns3:TrackPointExtension>
        </extensions>
      </trkpt>
      <trkpt lat="42.91675432585179805755615234375" lon="-8.77694671042263507843017578125">
        <ele>278.20001220703125</ele>
        <time>2025-10-21T09:39:30.000Z</time>
        <extensions>
          <ns3:TrackPointExtension>
            <ns3:hr>87</ns3:hr>
            <ns3:cad>53</ns3:cad>
          </ns3:TrackPointExtension>
        </extensions>
      </trkpt>
      <trkpt lat="42.916729934513568878173828125" lon="-8.776964060962200164794921875">
        <ele>278.20001220703125</ele>
        <time>2025-10-21T09:39:32.000Z</time>
        <extensions>
          <ns3:TrackPointExtension>
            <ns3:hr>88</ns3:hr>
            <ns3:cad>53</ns3:cad>
          </ns3:TrackPointExtension>
        </extensions>
      </trkpt>
      <trkpt lat="42.916672267019748687744140625" lon="-8.77699951641261577606201171875">
        <ele>278</ele>
        <time>2025-10-21T09:39:37.000Z</time>
        <extensions>
          <ns3:TrackPointExtension>
            <ns3:hr>88</ns3:hr>
            <ns3:cad>53</ns3:cad>
          </ns3:TrackPointExtension>
        </extensions>
      </trkpt>
      <trkpt lat="42.916603870689868927001953125" lon="-8.7770839221775531768798828125">
        <ele>278</ele>
        <time>2025-10-21T09:39:45.000Z</time>
        <extensions>
          <ns3:TrackPointExtension>
            <ns3:hr>88</ns3:hr>
            <ns3:cad>54</ns3:cad>
          </ns3:TrackPointExtension>
        </extensions>
      </trkpt>
      <trkpt lat="42.9165805689990520477294921875" lon="-8.7771824933588504791259765625">
        <ele>277.600006103515625</ele>
        <time>2025-10-21T09:39:51.000Z</time>
        <extensions>
          <ns3:TrackPointExtension>
            <ns3:hr>89</ns3:hr>
            <ns3:cad>52</ns3:cad>
          </ns3:TrackPointExtension>
        </extensions>
      </trkpt>
      <trkpt lat="42.916591800749301910400390625" lon="-8.7773031927645206451416015625">
        <ele>277.399993896484375</ele>
        <time>2025-10-21T09:39:59.000Z</time>
        <extensions>
          <ns3:TrackPointExtension>
            <ns3:hr>87</ns3:hr>
            <ns3:cad>53</ns3:cad>
          </ns3:TrackPointExtension>
        </extensions>
      </trkpt>
      <trkpt lat="42.91662507690489292144775390625" lon="-8.7774128280580043792724609375">
        <ele>277.20001220703125</ele>
        <time>2025-10-21T09:40:07.000Z</time>
        <extensions>
          <ns3:TrackPointExtension>
            <ns3:hr>88</ns3:hr>
            <ns3:cad>54</ns3:cad>
          </ns3:TrackPointExtension>
        </extensions>
      </trkpt>
      <trkpt lat="42.91663102805614471435546875" lon="-8.777435459196567535400390625">
        <ele>277</ele>
        <time>2025-10-21T09:40:09.000Z</time>
        <extensions>
          <ns3:TrackPointExtension>
            <ns3:hr>88</ns3:hr>
            <ns3:cad>55</ns3:cad>
          </ns3:TrackPointExtension>
        </extensions>
      </trkpt>
      <trkpt lat="42.91664301417768001556396484375" lon="-8.7775201164186000823974609375">
        <ele>276.79998779296875</ele>
        <time>2025-10-21T09:40:14.000Z</time>
        <extensions>
          <ns3:TrackPointExtension>
            <ns3:hr>91</ns3:hr>
            <ns3:cad>54</ns3:cad>
          </ns3:TrackPointExtension>
        </extensions>
      </trkpt>
      <trkpt lat="42.916653156280517578125" lon="-8.777631260454654693603515625">
        <ele>276</ele>
        <time>2025-10-21T09:40:21.000Z</time>
        <extensions>
          <ns3:TrackPointExtension>
            <ns3:hr>93</ns3:hr>
            <ns3:cad>54</ns3:cad>
          </ns3:TrackPointExtension>
        </extensions>
      </trkpt>
      <trkpt lat="42.9166571795940399169921875" lon="-8.7776471860706806182861328125">
        <ele>276</ele>
        <time>2025-10-21T09:40:22.000Z</time>
        <extensions>
          <ns3:TrackPointExtension>
            <ns3:hr>93</ns3:hr>
            <ns3:cad>54</ns3:cad>
          </ns3:TrackPointExtension>
        </extensions>
      </trkpt>
      <trkpt lat="42.91668525896966457366943359375" lon="-8.7777521274983882904052734375">
        <ele>276.20001220703125</ele>
        <time>2025-10-21T09:40:30.000Z</time>
        <extensions>
          <ns3:TrackPointExtension>
            <ns3:hr>92</ns3:hr>
            <ns3:cad>54</ns3:cad>
          </ns3:TrackPointExtension>
        </extensions>
      </trkpt>
      <trkpt lat="42.91670168749988079071044921875" lon="-8.77788363955914974212646484375">
        <ele>276</ele>
        <time>2025-10-21T09:40:39.000Z</time>
        <extensions>
          <ns3:TrackPointExtension>
            <ns3:hr>93</ns3:hr>
            <ns3:cad>53</ns3:cad>
          </ns3:TrackPointExtension>
        </extensions>
      </trkpt>
      <trkpt lat="42.916739992797374725341796875" lon="-8.77798455767333507537841796875">
        <ele>275.399993896484375</ele>
        <time>2025-10-21T09:40:46.000Z</time>
        <extensions>
          <ns3:TrackPointExtension>
            <ns3:hr>94</ns3:hr>
            <ns3:cad>54</ns3:cad>
          </ns3:TrackPointExtension>
        </extensions>
      </trkpt>
      <trkpt lat="42.9168045334517955780029296875" lon="-8.7779621779918670654296875">
        <ele>275.600006103515625</ele>
        <time>2025-10-21T09:40:52.000Z</time>
        <extensions>
          <ns3:TrackPointExtension>
            <ns3:hr>94</ns3:hr>
            <ns3:cad>54</ns3:cad>
          </ns3:TrackPointExtension>
        </extensions>
      </trkpt>
      <trkpt lat="42.916881144046783447265625" lon="-8.77792823128402233123779296875">
        <ele>275.600006103515625</ele>
        <time>2025-10-21T09:41:00.000Z</time>
        <extensions>
          <ns3:TrackPointExtension>
            <ns3:hr>94</ns3:hr>
            <ns3:cad>54</ns3:cad>
          </ns3:TrackPointExtension>
        </extensions>
      </trkpt>
      <trkpt lat="42.91695423424243927001953125" lon="-8.77789235673844814300537109375">
        <ele>275.399993896484375</ele>
        <time>2025-10-21T09:41:07.000Z</time>
        <extensions>
          <ns3:TrackPointExtension>
            <ns3:hr>93</ns3:hr>
            <ns3:cad>54</ns3:cad>
          </ns3:TrackPointExtension>
        </extensions>
      </trkpt>
      <trkpt lat="42.9169775359332561492919921875" lon="-8.7778745032846927642822265625">
        <ele>275</ele>
        <time>2025-10-21T09:41:10.000Z</time>
        <extensions>
          <ns3:TrackPointExtension>
            <ns3:hr>92</ns3:hr>
            <ns3:cad>0</ns3:cad>
          </ns3:TrackPointExtension>
        </extensions>
      </trkpt>
      <trkpt lat="42.917004525661468505859375" lon="-8.77786033786833286285400390625">
        <ele>274.600006103515625</ele>
        <time>2025-10-21T09:41:13.000Z</time>
        <extensions>
          <ns3:TrackPointExtension>
            <ns3:hr>91</ns3:hr>
            <ns3:cad>0</ns3:cad>
          </ns3:TrackPointExtension>
        </extensions>
      </trkpt>
      <trkpt lat="42.9170801304280757904052734375" lon="-8.7778322584927082061767578125">
        <ele>274.600006103515625</ele>
        <time>2025-10-21T09:41:21.000Z</time>
        <extensions>
          <ns3:TrackPointExtension>
            <ns3:hr>90</ns3:hr>
            <ns3:cad>0</ns3:cad>
          </ns3:TrackPointExtension>
        </extensions>
      </trkpt>
      <trkpt lat="42.91717174462974071502685546875" lon="-8.77780049107968807220458984375">
        <ele>274.20001220703125</ele>
        <time>2025-10-21T09:41:29.000Z</time>
        <extensions>
          <ns3:TrackPointExtension>
            <ns3:hr>90</ns3:hr>
            <ns3:cad>51</ns3:cad>
          </ns3:TrackPointExtension>
        </extensions>
      </trkpt>
      <trkpt lat="42.9172484390437602996826171875" lon="-8.777756989002227783203125">
        <ele>274.20001220703125</ele>
        <time>2025-10-21T09:41:37.000Z</time>
        <extensions>
          <ns3:TrackPointExtension>
            <ns3:hr>87</ns3:hr>
            <ns3:cad>54</ns3:cad>
          </ns3:TrackPointExtension>
        </extensions>
      </trkpt>
      <trkpt lat="42.9172752611339092254638671875" lon="-8.7777457572519779205322265625">
        <ele>274</ele>
        <time>2025-10-21T09:41:40.000Z</time>
        <extensions>
          <ns3:TrackPointExtension>
            <ns3:hr>86</ns3:hr>
            <ns3:cad>55</ns3:cad>
          </ns3:TrackPointExtension>
        </extensions>
      </trkpt>
      <trkpt lat="42.9173299111425876617431640625" lon="-8.77771415747702121734619140625">
        <ele>273.79998779296875</ele>
        <time>2025-10-21T09:41:45.000Z</time>
        <extensions>
          <ns3:TrackPointExtension>
            <ns3:hr>86</ns3:hr>
            <ns3:cad>54</ns3:cad>
          </ns3:TrackPointExtension>
        </extensions>
      </trkpt>
      <trkpt lat="42.9173912666738033294677734375" lon="-8.77768130041658878326416015625">
        <ele>273.79998779296875</ele>
        <time>2025-10-21T09:41:51.000Z</time>
        <extensions>
          <ns3:TrackPointExtension>
            <ns3:hr>89</ns3:hr>
            <ns3:cad>54</ns3:cad>
          </ns3:TrackPointExtension>
        </extensions>
      </trkpt>
      <trkpt lat="42.9174036718904972076416015625" lon="-8.777676522731781005859375">
        <ele>273.79998779296875</ele>
        <time>2025-10-21T09:41:52.000Z</time>
        <extensions>
          <ns3:TrackPointExtension>
            <ns3:hr>89</ns3:hr>
            <ns3:cad>54</ns3:cad>
          </ns3:TrackPointExtension>
        </extensions>
      </trkpt>
      <trkpt lat="42.91749997995793819427490234375" lon="-8.77761927433311939239501953125">
        <ele>274</ele>
        <time>2025-10-21T09:42:01.000Z</time>
        <extensions>
          <ns3:TrackPointExtension>
            <ns3:hr>89</ns3:hr>
            <ns3:cad>55</ns3:cad>
          </ns3:TrackPointExtension>
        </extensions>
      </trkpt>
      <trkpt lat="42.91752344928681850433349609375" lon="-8.7776233814656734466552734375">
        <ele>274.399993896484375</ele>
        <time>2025-10-21T09:42:04.000Z</time>
        <extensions>
          <ns3:TrackPointExtension>
            <ns3:hr>90</ns3:hr>
            <ns3:cad>54</ns3:cad>
          </ns3:TrackPointExtension>
        </extensions>
      </trkpt>
      <trkpt lat="42.917566113173961639404296875" lon="-8.77760284580290317535400390625">
        <ele>274</ele>
        <time>2025-10-21T09:42:08.000Z</time>
        <extensions>
          <ns3:TrackPointExtension>
            <ns3:hr>90</ns3:hr>
            <ns3:cad>53</ns3:cad>
          </ns3:TrackPointExtension>
        </extensions>
      </trkpt>
      <trkpt lat="42.917660661041736602783203125" lon="-8.7775677256286144256591796875">
        <ele>273.79998779296875</ele>
        <time>2025-10-21T09:42:16.000Z</time>
        <extensions>
          <ns3:TrackPointExtension>
            <ns3:hr>90</ns3:hr>
            <ns3:cad>53</ns3:cad>
          </ns3:TrackPointExtension>
        </extensions>
      </trkpt>
      <trkpt lat="42.9177166521549224853515625" lon="-8.7775623612105846405029296875">
        <ele>273.79998779296875</ele>
        <time>2025-10-21T09:42:22.000Z</time>
        <extensions>
          <ns3:TrackPointExtension>
            <ns3:hr>90</ns3:hr>
            <ns3:cad>53</ns3:cad>
          </ns3:TrackPointExtension>
        </extensions>
      </trkpt>
      <trkpt lat="42.91779116727411746978759765625" lon="-8.7775506265461444854736328125">
        <ele>273.600006103515625</ele>
        <time>2025-10-21T09:42:29.000Z</time>
        <extensions>
          <ns3:TrackPointExtension>
            <ns3:hr>88</ns3:hr>
            <ns3:cad>53</ns3:cad>
          </ns3:TrackPointExtension>
        </extensions>
      </trkpt>
      <trkpt lat="42.91788806207478046417236328125" lon="-8.77755691297352313995361328125">
        <ele>273.600006103515625</ele>
        <time>2025-10-21T09:42:37.000Z</time>
        <extensions>
          <ns3:TrackPointExtension>
            <ns3:hr>86</ns3:hr>
            <ns3:cad>55</ns3:cad>
          </ns3:TrackPointExtension>
        </extensions>
      </trkpt>
      <trkpt lat="42.91790398769080638885498046875" lon="-8.77756722271442413330078125">
        <ele>273.600006103515625</ele>
        <time>2025-10-21T09:42:39.000Z</time>
        <extensions>
          <ns3:TrackPointExtension>
            <ns3:hr>83</ns3:hr>
            <ns3:cad>55</ns3:cad>
          </ns3:TrackPointExtension>
        </extensions>
      </trkpt>
      <trkpt lat="42.91793298907577991485595703125" lon="-8.7775747664272785186767578125">
        <ele>273.600006103515625</ele>
        <time>2025-10-21T09:42:41.000Z</time>
        <extensions>
          <ns3:TrackPointExtension>
            <ns3:hr>80</ns3:hr>
            <ns3:cad>54</ns3:cad>
          </ns3:TrackPointExtension>
        </extensions>
      </trkpt>
      <trkpt lat="42.9179803468286991119384765625" lon="-8.77757786773145198822021484375">
        <ele>273.600006103515625</ele>
        <time>2025-10-21T09:42:45.000Z</time>
        <extensions>
          <ns3:TrackPointExtension>
            <ns3:hr>77</ns3:hr>
            <ns3:cad>54</ns3:cad>
          </ns3:TrackPointExtension>
        </extensions>
      </trkpt>
      <trkpt lat="42.9180707037448883056640625" lon="-8.777575604617595672607421875">
        <ele>273.399993896484375</ele>
        <time>2025-10-21T09:42:53.000Z</time>
        <extensions>
          <ns3:TrackPointExtension>
            <ns3:hr>78</ns3:hr>
            <ns3:cad>54</ns3:cad>
          </ns3:TrackPointExtension>
        </extensions>
      </trkpt>
      <trkpt lat="42.91813415475189685821533203125" lon="-8.77756328321993350982666015625">
        <ele>273.79998779296875</ele>
        <time>2025-10-21T09:42:59.000Z</time>
        <extensions>
          <ns3:TrackPointExtension>
            <ns3:hr>78</ns3:hr>
            <ns3:cad>51</ns3:cad>
          </ns3:TrackPointExtension>
        </extensions>
      </trkpt>
      <trkpt lat="42.91821696795523166656494140625" lon="-8.77757015638053417205810546875">
        <ele>274.20001220703125</ele>
        <time>2025-10-21T09:43:07.000Z</time>
        <extensions>
          <ns3:TrackPointExtension>
            <ns3:hr>79</ns3:hr>
            <ns3:cad>53</ns3:cad>
          </ns3:TrackPointExtension>
        </extensions>
      </trkpt>
      <trkpt lat="42.91827857494354248046875" lon="-8.77757770009338855743408203125">
        <ele>274</ele>
        <time>2025-10-21T09:43:12.000Z</time>
        <extensions>
          <ns3:TrackPointExtension>
            <ns3:hr>82</ns3:hr>
            <ns3:cad>53</ns3:cad>
          </ns3:TrackPointExtension>
        </extensions>
      </trkpt>
      <trkpt lat="42.918288968503475189208984375" lon="-8.77757702954113483428955078125">
        <ele>274</ele>
        <time>2025-10-21T09:43:13.000Z</time>
        <extensions>
          <ns3:TrackPointExtension>
            <ns3:hr>82</ns3:hr>
            <ns3:cad>54</ns3:cad>
          </ns3:TrackPointExtension>
        </extensions>
      </trkpt>
      <trkpt lat="42.9183672554790973663330078125" lon="-8.777560852468013763427734375">
        <ele>274</ele>
        <time>2025-10-21T09:43:20.000Z</time>
        <extensions>
          <ns3:TrackPointExtension>
            <ns3:hr>84</ns3:hr>
            <ns3:cad>55</ns3:cad>
          </ns3:TrackPointExtension>
        </extensions>
      </trkpt>
      <trkpt lat="42.91845819912850856781005859375" lon="-8.77753361128270626068115234375">
        <ele>273.79998779296875</ele>
        <time>2025-10-21T09:43:28.000Z</time>
        <extensions>
          <ns3:TrackPointExtension>
            <ns3:hr>87</ns3:hr>
            <ns3:cad>55</ns3:cad>
          </ns3:TrackPointExtension>
        </extensions>
      </trkpt>
      <trkpt lat="42.918468005955219268798828125" lon="-8.77752673812210559844970703125">
        <ele>273.79998779296875</ele>
        <time>2025-10-21T09:43:29.000Z</time>
        <extensions>
          <ns3:TrackPointExtension>
            <ns3:hr>87</ns3:hr>
            <ns3:cad>55</ns3:cad>
          </ns3:TrackPointExtension>
        </extensions>
      </trkpt>
      <trkpt lat="42.9185503162443637847900390625" lon="-8.77748382277786731719970703125">
        <ele>273.399993896484375</ele>
        <time>2025-10-21T09:43:37.000Z</time>
        <extensions>
          <ns3:TrackPointExtension>
            <ns3:hr>87</ns3:hr>
            <ns3:cad>53</ns3:cad>
          </ns3:TrackPointExtension>
        </extensions>
      </trkpt>
      <trkpt lat="42.918578647077083587646484375" lon="-8.7774932943284511566162109375">
        <ele>273.399993896484375</ele>
        <time>2025-10-21T09:43:41.000Z</time>
        <extensions>
          <ns3:TrackPointExtension>
            <ns3:hr>86</ns3:hr>
            <ns3:cad>0</ns3:cad>
          </ns3:TrackPointExtension>
        </extensions>
      </trkpt>
      <trkpt lat="42.91860521771013736724853515625" lon="-8.77751785330474376678466796875">
        <ele>273</ele>
        <time>2025-10-21T09:43:44.000Z</time>
        <extensions>
          <ns3:TrackPointExtension>
            <ns3:hr>86</ns3:hr>
            <ns3:cad>0</ns3:cad>
          </ns3:TrackPointExtension>
        </extensions>
      </trkpt>
      <trkpt lat="42.91861225850880146026611328125" lon="-8.77752774395048618316650390625">
        <ele>273</ele>
        <time>2025-10-21T09:43:45.000Z</time>
        <extensions>
          <ns3:TrackPointExtension>
            <ns3:hr>86</ns3:hr>
            <ns3:cad>0</ns3:cad>
          </ns3:TrackPointExtension>
        </extensions>
      </trkpt>
      <trkpt lat="42.91865148581564426422119140625" lon="-8.777600415050983428955078125">
        <ele>271.79998779296875</ele>
        <time>2025-10-21T09:43:52.000Z</time>
        <extensions>
          <ns3:TrackPointExtension>
            <ns3:hr>87</ns3:hr>
            <ns3:cad>54</ns3:cad>
          </ns3:TrackPointExtension>
        </extensions>
      </trkpt>
      <trkpt lat="42.9186661541461944580078125" lon="-8.7776237167418003082275390625">
        <ele>271.600006103515625</ele>
        <time>2025-10-21T09:43:54.000Z</time>
        <extensions>
          <ns3:TrackPointExtension>
            <ns3:hr>87</ns3:hr>
            <ns3:cad>53</ns3:cad>
          </ns3:TrackPointExtension>
        </extensions>
      </trkpt>
      <trkpt lat="42.91873966343700885772705078125" lon="-8.77772186882793903350830078125">
        <ele>270.79998779296875</ele>
        <time>2025-10-21T09:44:03.000Z</time>
        <extensions>
          <ns3:TrackPointExtension>
            <ns3:hr>88</ns3:hr>
            <ns3:cad>55</ns3:cad>
          </ns3:TrackPointExtension>
        </extensions>
      </trkpt>
      <trkpt lat="42.9187494702637195587158203125" lon="-8.77773477695882320404052734375">
        <ele>270.79998779296875</ele>
        <time>2025-10-21T09:44:04.000Z</time>
        <extensions>
          <ns3:TrackPointExtension>
            <ns3:hr>87</ns3:hr>
            <ns3:cad>55</ns3:cad>
          </ns3:TrackPointExtension>
        </extensions>
      </trkpt>
      <trkpt lat="42.9187990911304950714111328125" lon="-8.7777947075664997100830078125">
        <ele>269.79998779296875</ele>
        <time>2025-10-21T09:44:10.000Z</time>
        <extensions>
          <ns3:TrackPointExtension>
            <ns3:hr>90</ns3:hr>
            <ns3:cad>54</ns3:cad>
          </ns3:TrackPointExtension>
        </extensions>
      </trkpt>
      <trkpt lat="42.91880520991981029510498046875" lon="-8.777802251279354095458984375">
        <ele>269.79998779296875</ele>
        <time>2025-10-21T09:44:11.000Z</time>
        <extensions>
          <ns3:TrackPointExtension>
            <ns3:hr>91</ns3:hr>
            <ns3:cad>54</ns3:cad>
          </ns3:TrackPointExtension>
        </extensions>
      </trkpt>
      <trkpt lat="42.91881845332682132720947265625" lon="-8.77782111056149005889892578125">
        <ele>269.79998779296875</ele>
        <time>2025-10-21T09:44:13.000Z</time>
        <extensions>
          <ns3:TrackPointExtension>
            <ns3:hr>92</ns3:hr>
            <ns3:cad>54</ns3:cad>
          </ns3:TrackPointExtension>
        </extensions>
      </trkpt>
      <trkpt lat="42.9188597761094570159912109375" lon="-8.77788146026432514190673828125">
        <ele>269.399993896484375</ele>
        <time>2025-10-21T09:44:20.000Z</time>
        <extensions>
          <ns3:TrackPointExtension>
            <ns3:hr>93</ns3:hr>
            <ns3:cad>53</ns3:cad>
          </ns3:TrackPointExtension>
        </extensions>
      </trkpt>
      <trkpt lat="42.91889615356922149658203125" lon="-8.77792672254145145416259765625">
        <ele>268.79998779296875</ele>
        <time>2025-10-21T09:44:25.000Z</time>
        <extensions>
          <ns3:TrackPointExtension>
            <ns3:hr>94</ns3:hr>
            <ns3:cad>53</ns3:cad>
          </ns3:TrackPointExtension>
        </extensions>
      </trkpt>
      <trkpt lat="42.918924987316131591796875" lon="-8.77796108834445476531982421875">
        <ele>268.600006103515625</ele>
        <time>2025-10-21T09:44:29.000Z</time>
        <extensions>
          <ns3:TrackPointExtension>
            <ns3:hr>93</ns3:hr>
            <ns3:cad>50</ns3:cad>
          </ns3:TrackPointExtension>
        </extensions>
      </trkpt>
      <trkpt lat="42.91897167451679706573486328125" lon="-8.77804541029036045074462890625">
        <ele>268</ele>
        <time>2025-10-21T09:44:37.000Z</time>
        <extensions>
          <ns3:TrackPointExtension>
            <ns3:hr>93</ns3:hr>
            <ns3:cad>51</ns3:cad>
          </ns3:TrackPointExtension>
        </extensions>
      </trkpt>
      <trkpt lat="42.91900654323399066925048828125" lon="-8.77810257486999034881591796875">
        <ele>268</ele>
        <time>2025-10-21T09:44:44.000Z</time>
        <extensions>
          <ns3:TrackPointExtension>
            <ns3:hr>93</ns3:hr>
            <ns3:cad>0</ns3:cad>
          </ns3:TrackPointExtension>
        </extensions>
      </trkpt>
      <trkpt lat="42.91906404308974742889404296875" lon="-8.7781631760299205780029296875">
        <ele>267.79998779296875</ele>
        <time>2025-10-21T09:44:52.000Z</time>
        <extensions>
          <ns3:TrackPointExtension>
            <ns3:hr>92</ns3:hr>
            <ns3:cad>53</ns3:cad>
          </ns3:TrackPointExtension>
        </extensions>
      </trkpt>
      <trkpt lat="42.91907208971679210662841796875" lon="-8.77817281521856784820556640625">
        <ele>267.79998779296875</ele>
        <time>2025-10-21T09:44:53.000Z</time>
        <extensions>
          <ns3:TrackPointExtension>
            <ns3:hr>92</ns3:hr>
            <ns3:cad>52</ns3:cad>
          </ns3:TrackPointExtension>
        </extensions>
      </trkpt>
      <trkpt lat="42.91915356181561946868896484375" lon="-8.7782654352486133575439453125">
        <ele>267.600006103515625</ele>
        <time>2025-10-21T09:45:03.000Z</time>
        <extensions>
          <ns3:TrackPointExtension>
            <ns3:hr>91</ns3:hr>
            <ns3:cad>51</ns3:cad>
          </ns3:TrackPointExtension>
        </extensions>
      </trkpt>
      <trkpt lat="42.91923302225768566131591796875" lon="-8.77838538028299808502197265625">
        <ele>267</ele>
        <time>2025-10-21T09:45:14.000Z</time>
        <extensions>
          <ns3:TrackPointExtension>
            <ns3:hr>91</ns3:hr>
            <ns3:cad>53</ns3:cad>
          </ns3:TrackPointExtension>
        </extensions>
      </trkpt>
      <trkpt lat="42.9192537255585193634033203125" lon="-8.77842041663825511932373046875">
        <ele>266.79998779296875</ele>
        <time>2025-10-21T09:45:17.000Z</time>
        <extensions>
          <ns3:TrackPointExtension>
            <ns3:hr>91</ns3:hr>
            <ns3:cad>53</ns3:cad>
          </ns3:TrackPointExtension>
        </extensions>
      </trkpt>
      <trkpt lat="42.9192973114550113677978515625" lon="-8.77847380936145782470703125">
        <ele>267</ele>
        <time>2025-10-21T09:45:23.000Z</time>
        <extensions>
          <ns3:TrackPointExtension>
            <ns3:hr>90</ns3:hr>
            <ns3:cad>53</ns3:cad>
          </ns3:TrackPointExtension>
        </extensions>
      </trkpt>
      <trkpt lat="42.91937283240258693695068359375" lon="-8.7785903178155422210693359375">
        <ele>266.20001220703125</ele>
        <time>2025-10-21T09:45:33.000Z</time>
        <extensions>
          <ns3:TrackPointExtension>
            <ns3:hr>90</ns3:hr>
            <ns3:cad>53</ns3:cad>
          </ns3:TrackPointExtension>
        </extensions>
      </trkpt>
      <trkpt lat="42.91942362673580646514892578125" lon="-8.77868570387363433837890625">
        <ele>265.79998779296875</ele>
        <time>2025-10-21T09:45:41.000Z</time>
        <extensions>
          <ns3:TrackPointExtension>
            <ns3:hr>91</ns3:hr>
            <ns3:cad>52</ns3:cad>
          </ns3:TrackPointExtension>
        </extensions>
      </trkpt>
      <trkpt lat="42.91943837888538837432861328125" lon="-8.77871009521186351776123046875">
        <ele>265.79998779296875</ele>
        <time>2025-10-21T09:45:43.000Z</time>
        <extensions>
          <ns3:TrackPointExtension>
            <ns3:hr>91</ns3:hr>
            <ns3:cad>51</ns3:cad>
          </ns3:TrackPointExtension>
        </extensions>
      </trkpt>
      <trkpt lat="42.91949369944632053375244140625" lon="-8.7788002006709575653076171875">
        <ele>265.20001220703125</ele>
        <time>2025-10-21T09:45:51.000Z</time>
        <extensions>
          <ns3:TrackPointExtension>
            <ns3:hr>91</ns3:hr>
            <ns3:cad>54</ns3:cad>
          </ns3:TrackPointExtension>
        </extensions>
      </trkpt>
      <trkpt lat="42.9195668734610080718994140625" lon="-8.778924755752086639404296875">
        <ele>265</ele>
        <time>2025-10-21T09:46:02.000Z</time>
        <extensions>
          <ns3:TrackPointExtension>
            <ns3:hr>91</ns3:hr>
            <ns3:cad>54</ns3:cad>
          </ns3:TrackPointExtension>
        </extensions>
      </trkpt>
      <trkpt lat="42.91957282461225986480712890625" lon="-8.77894478850066661834716796875">
        <ele>264.600006103515625</ele>
        <time>2025-10-21T09:46:04.000Z</time>
        <extensions>
          <ns3:TrackPointExtension>
            <ns3:hr>91</ns3:hr>
            <ns3:cad>55</ns3:cad>
          </ns3:TrackPointExtension>
        </extensions>
      </trkpt>
      <trkpt lat="42.91963049210608005523681640625" lon="-8.7790540046989917755126953125">
        <ele>264</ele>
        <time>2025-10-21T09:46:13.000Z</time>
        <extensions>
          <ns3:TrackPointExtension>
            <ns3:hr>90</ns3:hr>
            <ns3:cad>53</ns3:cad>
          </ns3:TrackPointExtension>
        </extensions>
      </trkpt>
      <trkpt lat="42.9196691326797008514404296875" lon="-8.77911611460149288177490234375">
        <ele>263.600006103515625</ele>
        <time>2025-10-21T09:46:19.000Z</time>
        <extensions>
          <ns3:TrackPointExtension>
            <ns3:hr>89</ns3:hr>
            <ns3:cad>53</ns3:cad>
          </ns3:TrackPointExtension>
        </extensions>
      </trkpt>
      <trkpt lat="42.91971179656684398651123046875" lon="-8.779167830944061279296875">
        <ele>262.79998779296875</ele>
        <time>2025-10-21T09:46:24.000Z</time>
        <extensions>
          <ns3:TrackPointExtension>
            <ns3:hr>88</ns3:hr>
            <ns3:cad>53</ns3:cad>
          </ns3:TrackPointExtension>
        </extensions>
      </trkpt>
      <trkpt lat="42.91973006911575794219970703125" lon="-8.779189623892307281494140625">
        <ele>262.600006103515625</ele>
        <time>2025-10-21T09:46:26.000Z</time>
        <extensions>
          <ns3:TrackPointExtension>
            <ns3:hr>88</ns3:hr>
            <ns3:cad>53</ns3:cad>
          </ns3:TrackPointExtension>
        </extensions>
      </trkpt>
      <trkpt lat="42.91977482847869396209716796875" lon="-8.7792712636291980743408203125">
        <ele>261.79998779296875</ele>
        <time>2025-10-21T09:46:33.000Z</time>
        <extensions>
          <ns3:TrackPointExtension>
            <ns3:hr>87</ns3:hr>
            <ns3:cad>54</ns3:cad>
          </ns3:TrackPointExtension>
        </extensions>
      </trkpt>
      <trkpt lat="42.91979125700891017913818359375" lon="-8.77931158058345317840576171875">
        <ele>261.399993896484375</ele>
        <time>2025-10-21T09:46:36.000Z</time>
        <extensions>
          <ns3:TrackPointExtension>
            <ns3:hr>87</ns3:hr>
            <ns3:cad>55</ns3:cad>
          </ns3:TrackPointExtension>
        </extensions>
      </trkpt>
      <trkpt lat="42.9198236949741840362548828125" lon="-8.7794097326695919036865234375">
        <ele>261</ele>
        <time>2025-10-21T09:46:43.000Z</time>
        <extensions>
          <ns3:TrackPointExtension>
            <ns3:hr>88</ns3:hr>
            <ns3:cad>55</ns3:cad>
          </ns3:TrackPointExtension>
        </extensions>
      </trkpt>
      <trkpt lat="42.91985143907368183135986328125" lon="-8.7794747762382030487060546875">
        <ele>260.399993896484375</ele>
        <time>2025-10-21T09:46:48.000Z</time>
        <extensions>
          <ns3:TrackPointExtension>
            <ns3:hr>88</ns3:hr>
            <ns3:cad>53</ns3:cad>
          </ns3:TrackPointExtension>
        </extensions>
      </trkpt>
      <trkpt lat="42.91989502497017383575439453125" lon="-8.77955876290798187255859375">
        <ele>260</ele>
        <time>2025-10-21T09:46:55.000Z</time>
        <extensions>
          <ns3:TrackPointExtension>
            <ns3:hr>87</ns3:hr>
            <ns3:cad>53</ns3:cad>
          </ns3:TrackPointExtension>
        </extensions>
      </trkpt>
      <trkpt lat="42.9199348390102386474609375" lon="-8.77963696606457233428955078125">
        <ele>259.600006103515625</ele>
        <time>2025-10-21T09:47:02.000Z</time>
        <extensions>
          <ns3:TrackPointExtension>
            <ns3:hr>86</ns3:hr>
            <ns3:cad>54</ns3:cad>
          </ns3:TrackPointExtension>
        </extensions>
      </trkpt>
      <trkpt lat="42.9199749045073986053466796875" lon="-8.7797081284224987030029296875">
        <ele>259.399993896484375</ele>
        <time>2025-10-21T09:47:08.000Z</time>
        <extensions>
          <ns3:TrackPointExtension>
            <ns3:hr>87</ns3:hr>
            <ns3:cad>53</ns3:cad>
          </ns3:TrackPointExtension>
        </extensions>
      </trkpt>
      <trkpt lat="42.91997699998319149017333984375" lon="-8.7797181867063045501708984375">
        <ele>259.399993896484375</ele>
        <time>2025-10-21T09:47:09.000Z</time>
        <extensions>
          <ns3:TrackPointExtension>
            <ns3:hr>86</ns3:hr>
            <ns3:cad>53</ns3:cad>
          </ns3:TrackPointExtension>
        </extensions>
      </trkpt>
      <trkpt lat="42.9200409539043903350830078125" lon="-8.7798402272164821624755859375">
        <ele>259</ele>
        <time>2025-10-21T09:47:18.000Z</time>
        <extensions>
          <ns3:TrackPointExtension>
            <ns3:hr>86</ns3:hr>
            <ns3:cad>54</ns3:cad>
          </ns3:TrackPointExtension>
        </extensions>
      </trkpt>
      <trkpt lat="42.92009702883660793304443359375" lon="-8.77995262853801250457763671875">
        <ele>259</ele>
        <time>2025-10-21T09:47:26.000Z</time>
        <extensions>
          <ns3:TrackPointExtension>
            <ns3:hr>84</ns3:hr>
            <ns3:cad>53</ns3:cad>
          </ns3:TrackPointExtension>
        </extensions>
      </trkpt>
      <trkpt lat="42.9201542772352695465087890625" lon="-8.78006947226822376251220703125">
        <ele>259</ele>
        <time>2025-10-21T09:47:35.000Z</time>
        <extensions>
          <ns3:TrackPointExtension>
            <ns3:hr>83</ns3:hr>
            <ns3:cad>55</ns3:cad>
          </ns3:TrackPointExtension>
        </extensions>
      </trkpt>
      <trkpt lat="42.9201950132846832275390625" lon="-8.78014641813933849334716796875">
        <ele>258.600006103515625</ele>
        <time>2025-10-21T09:47:41.000Z</time>
        <extensions>
          <ns3:TrackPointExtension>
            <ns3:hr>86</ns3:hr>
            <ns3:cad>54</ns3:cad>
          </ns3:TrackPointExtension>
        </extensions>
      </trkpt>
      <trkpt lat="42.92021353729069232940673828125" lon="-8.78016804344952106475830078125">
        <ele>258.399993896484375</ele>
        <time>2025-10-21T09:47:43.000Z</time>
        <extensions>
          <ns3:TrackPointExtension>
            <ns3:hr>87</ns3:hr>
            <ns3:cad>55</ns3:cad>
          </ns3:TrackPointExtension>
        </extensions>
      </trkpt>
      <trkpt lat="42.92025779373943805694580078125" lon="-8.78030383028090000152587890625">
        <ele>258.600006103515625</ele>
        <time>2025-10-21T09:47:52.000Z</time>
        <extensions>
          <ns3:TrackPointExtension>
            <ns3:hr>89</ns3:hr>
            <ns3:cad>54</ns3:cad>
          </ns3:TrackPointExtension>
        </extensions>
      </trkpt>
      <trkpt lat="42.92029433883726596832275390625" lon="-8.7803686223924160003662109375">
        <ele>259.399993896484375</ele>
        <time>2025-10-21T09:47:58.000Z</time>
        <extensions>
          <ns3:TrackPointExtension>
            <ns3:hr>88</ns3:hr>
            <ns3:cad>51</ns3:cad>
          </ns3:TrackPointExtension>
        </extensions>
      </trkpt>
      <trkpt lat="42.92030028998851776123046875" lon="-8.78038127906620502471923828125">
        <ele>259.600006103515625</ele>
        <time>2025-10-21T09:47:59.000Z</time>
        <extensions>
          <ns3:TrackPointExtension>
            <ns3:hr>88</ns3:hr>
            <ns3:cad>51</ns3:cad>
          </ns3:TrackPointExtension>
        </extensions>
      </trkpt>
      <trkpt lat="42.9203370027244091033935546875" lon="-8.78043324686586856842041015625">
        <ele>260.600006103515625</ele>
        <time>2025-10-21T09:48:04.000Z</time>
        <extensions>
          <ns3:TrackPointExtension>
            <ns3:hr>90</ns3:hr>
            <ns3:cad>0</ns3:cad>
          </ns3:TrackPointExtension>
        </extensions>
      </trkpt>
      <trkpt lat="42.92035368271172046661376953125" lon="-8.78045973367989063262939453125">
        <ele>261</ele>
        <time>2025-10-21T09:48:07.000Z</time>
        <extensions>
          <ns3:TrackPointExtension>
            <ns3:hr>92</ns3:hr>
            <ns3:cad>48</ns3:cad>
          </ns3:TrackPointExtension>
        </extensions>
      </trkpt>
      <trkpt lat="42.9203705303370952606201171875" lon="-8.780488483607769012451171875">
        <ele>261.399993896484375</ele>
        <time>2025-10-21T09:48:10.000Z</time>
        <extensions>
          <ns3:TrackPointExtension>
            <ns3:hr>95</ns3:hr>
            <ns3:cad>48</ns3:cad>
          </ns3:TrackPointExtension>
        </extensions>
      </trkpt>
      <trkpt lat="42.9203732125461101531982421875" lon="-8.78049351274967193603515625">
        <ele>261.600006103515625</ele>
        <time>2025-10-21T09:48:11.000Z</time>
        <extensions>
          <ns3:TrackPointExtension>
            <ns3:hr>96</ns3:hr>
            <ns3:cad>49</ns3:cad>
          </ns3:TrackPointExtension>
        </extensions>
      </trkpt>
      <trkpt lat="42.92040330357849597930908203125" lon="-8.78052142448723316192626953125">
        <ele>262</ele>
        <time>2025-10-21T09:48:15.000Z</time>
        <extensions>
          <ns3:TrackPointExtension>
            <ns3:hr>99</ns3:hr>
            <ns3:cad>49</ns3:cad>
          </ns3:TrackPointExtension>
        </extensions>
      </trkpt>
      <trkpt lat="42.9204090870916843414306640625" lon="-8.78052896820008754730224609375">
        <ele>262</ele>
        <time>2025-10-21T09:48:16.000Z</time>
        <extensions>
          <ns3:TrackPointExtension>
            <ns3:hr>99</ns3:hr>
            <ns3:cad>0</ns3:cad>
          </ns3:TrackPointExtension>
        </extensions>
      </trkpt>
      <trkpt lat="42.92043481953442096710205078125" lon="-8.7805748172104358673095703125">
        <ele>262.20001220703125</ele>
        <time>2025-10-21T09:48:20.000Z</time>
        <extensions>
          <ns3:TrackPointExtension>
            <ns3:hr>102</ns3:hr>
            <ns3:cad>51</ns3:cad>
          </ns3:TrackPointExtension>
        </extensions>
      </trkpt>
      <trkpt lat="42.92044672183692455291748046875" lon="-8.7805982865393161773681640625">
        <ele>262.600006103515625</ele>
        <time>2025-10-21T09:48:23.000Z</time>
        <extensions>
          <ns3:TrackPointExtension>
            <ns3:hr>103</ns3:hr>
            <ns3:cad>47</ns3:cad>
          </ns3:TrackPointExtension>
        </extensions>
      </trkpt>
      <trkpt lat="42.92045426554977893829345703125" lon="-8.7806122004985809326171875">
        <ele>262.600006103515625</ele>
        <time>2025-10-21T09:48:24.000Z</time>
        <extensions>
          <ns3:TrackPointExtension>
            <ns3:hr>103</ns3:hr>
            <ns3:cad>50</ns3:cad>
          </ns3:TrackPointExtension>
        </extensions>
      </trkpt>
      <trkpt lat="42.9204992763698101043701171875" lon="-8.78068663179874420166015625">
        <ele>263.20001220703125</ele>
        <time>2025-10-21T09:48:31.000Z</time>
        <extensions>
          <ns3:TrackPointExtension>
            <ns3:hr>105</ns3:hr>
            <ns3:cad>48</ns3:cad>
          </ns3:TrackPointExtension>
        </extensions>
      </trkpt>
      <trkpt lat="42.92051696218550205230712890625" lon="-8.7807114422321319580078125">
        <ele>263.600006103515625</ele>
        <time>2025-10-21T09:48:34.000Z</time>
        <extensions>
          <ns3:TrackPointExtension>
            <ns3:hr>106</ns3:hr>
            <ns3:cad>48</ns3:cad>
          </ns3:TrackPointExtension>
        </extensions>
      </trkpt>
      <trkpt lat="42.9205559380352497100830078125" lon="-8.7807448022067546844482421875">
        <ele>264.399993896484375</ele>
        <time>2025-10-21T09:48:39.000Z</time>
        <extensions>
          <ns3:TrackPointExtension>
            <ns3:hr>107</ns3:hr>
            <ns3:cad>0</ns3:cad>
          </ns3:TrackPointExtension>
        </extensions>
      </trkpt>
      <trkpt lat="42.92057245038449764251708984375" lon="-8.78076215274631977081298828125">
        <ele>264.79998779296875</ele>
        <time>2025-10-21T09:48:41.000Z</time>
        <extensions>
          <ns3:TrackPointExtension>
            <ns3:hr>107</ns3:hr>
            <ns3:cad>45</ns3:cad>
          </ns3:TrackPointExtension>
        </extensions>
      </trkpt>
      <trkpt lat="42.92060564272105693817138671875" lon="-8.78079249523580074310302734375">
        <ele>265.600006103515625</ele>
        <time>2025-10-21T09:48:47.000Z</time>
        <extensions>
          <ns3:TrackPointExtension>
            <ns3:hr>108</ns3:hr>
            <ns3:cad>0</ns3:cad>
          </ns3:TrackPointExtension>
        </extensions>
      </trkpt>
      <trkpt lat="42.92061251588165760040283203125" lon="-8.7807972729206085205078125">
        <ele>265.79998779296875</ele>
        <time>2025-10-21T09:48:48.000Z</time>
        <extensions>
          <ns3:TrackPointExtension>
            <ns3:hr>108</ns3:hr>
            <ns3:cad>0</ns3:cad>
          </ns3:TrackPointExtension>
        </extensions>
      </trkpt>
      <trkpt lat="42.9206478036940097808837890625" lon="-8.78083474002778530120849609375">
        <ele>267</ele>
        <time>2025-10-21T09:48:54.000Z</time>
        <extensions>
          <ns3:TrackPointExtension>
            <ns3:hr>109</ns3:hr>
            <ns3:cad>0</ns3:cad>
          </ns3:TrackPointExtension>
        </extensions>
      </trkpt>
      <trkpt lat="42.92065434157848358154296875" lon="-8.78083951771259307861328125">
        <ele>267.20001220703125</ele>
        <time>2025-10-21T09:48:55.000Z</time>
        <extensions>
          <ns3:TrackPointExtension>
            <ns3:hr>110</ns3:hr>
            <ns3:cad>0</ns3:cad>
          </ns3:TrackPointExtension>
        </extensions>
      </trkpt>
      <trkpt lat="42.92069952003657817840576171875" lon="-8.78085787408053874969482421875">
        <ele>268</ele>
        <time>2025-10-21T09:49:01.000Z</time>
        <extensions>
          <ns3:TrackPointExtension>
            <ns3:hr>112</ns3:hr>
            <ns3:cad>43</ns3:cad>
          </ns3:TrackPointExtension>
        </extensions>
      </trkpt>
      <trkpt lat="42.92071879841387271881103515625" lon="-8.78087103366851806640625">
        <ele>268.399993896484375</ele>
        <time>2025-10-21T09:49:03.000Z</time>
        <extensions>
          <ns3:TrackPointExtension>
            <ns3:hr>112</ns3:hr>
            <ns3:cad>43</ns3:cad>
          </ns3:TrackPointExtension>
        </extensions>
      </trkpt>
      <trkpt lat="42.92075701989233493804931640625" lon="-8.7808832712471485137939453125">
        <ele>269.20001220703125</ele>
        <time>2025-10-21T09:49:08.000Z</time>
        <extensions>
          <ns3:TrackPointExtension>
            <ns3:hr>112</ns3:hr>
            <ns3:cad>43</ns3:cad>
          </ns3:TrackPointExtension>
        </extensions>
      </trkpt>
      <trkpt lat="42.920778058469295501708984375" lon="-8.7808929942548274993896484375">
        <ele>269.79998779296875</ele>
        <time>2025-10-21T09:49:11.000Z</time>
        <extensions>
          <ns3:TrackPointExtension>
            <ns3:hr>112</ns3:hr>
            <ns3:cad>0</ns3:cad>
          </ns3:TrackPointExtension>
        </extensions>
      </trkpt>
      <trkpt lat="42.920796833932399749755859375" lon="-8.7809000350534915924072265625">
        <ele>270.20001220703125</ele>
        <time>2025-10-21T09:49:14.000Z</time>
        <extensions>
          <ns3:TrackPointExtension>
            <ns3:hr>112</ns3:hr>
            <ns3:cad>0</ns3:cad>
          </ns3:TrackPointExtension>
        </extensions>
      </trkpt>
      <trkpt lat="42.92082474566996097564697265625" lon="-8.78090430982410907745361328125">
        <ele>271.20001220703125</ele>
        <time>2025-10-21T09:49:20.000Z</time>
        <extensions>
          <ns3:TrackPointExtension>
            <ns3:hr>112</ns3:hr>
            <ns3:cad>40</ns3:cad>
          </ns3:TrackPointExtension>
        </extensions>
      </trkpt>
      <trkpt lat="42.9208305291831493377685546875" lon="-8.78090565092861652374267578125">
        <ele>271.399993896484375</ele>
        <time>2025-10-21T09:49:21.000Z</time>
        <extensions>
          <ns3:TrackPointExtension>
            <ns3:hr>112</ns3:hr>
            <ns3:cad>40</ns3:cad>
          </ns3:TrackPointExtension>
        </extensions>
      </trkpt>
      <trkpt lat="42.92087704874575138092041015625" lon="-8.780918307602405548095703125">
        <ele>272.20001220703125</ele>
        <time>2025-10-21T09:49:27.000Z</time>
        <extensions>
          <ns3:TrackPointExtension>
            <ns3:hr>112</ns3:hr>
            <ns3:cad>0</ns3:cad>
          </ns3:TrackPointExtension>
        </extensions>
      </trkpt>
      <trkpt lat="42.92089439928531646728515625" lon="-8.7809161283075809478759765625">
        <ele>272.399993896484375</ele>
        <time>2025-10-21T09:49:29.000Z</time>
        <extensions>
          <ns3:TrackPointExtension>
            <ns3:hr>113</ns3:hr>
            <ns3:cad>0</ns3:cad>
          </ns3:TrackPointExtension>
        </extensions>
      </trkpt>
      <trkpt lat="42.9209299385547637939453125" lon="-8.78092777915298938751220703125">
        <ele>273</ele>
        <time>2025-10-21T09:49:34.000Z</time>
        <extensions>
          <ns3:TrackPointExtension>
            <ns3:hr>113</ns3:hr>
            <ns3:cad>41</ns3:cad>
          </ns3:TrackPointExtension>
        </extensions>
      </trkpt>
      <trkpt lat="42.92095332406461238861083984375" lon="-8.780933059751987457275390625">
        <ele>273.399993896484375</ele>
        <time>2025-10-21T09:49:37.000Z</time>
        <extensions>
          <ns3:TrackPointExtension>
            <ns3:hr>114</ns3:hr>
            <ns3:cad>42</ns3:cad>
          </ns3:TrackPointExtension>
        </extensions>
      </trkpt>
      <trkpt lat="42.92097763158380985260009765625" lon="-8.78093867562711238861083984375">
        <ele>273.79998779296875</ele>
        <time>2025-10-21T09:49:40.000Z</time>
        <extensions>
          <ns3:TrackPointExtension>
            <ns3:hr>117</ns3:hr>
            <ns3:cad>0</ns3:cad>
          </ns3:TrackPointExtension>
        </extensions>
      </trkpt>
      <trkpt lat="42.92098701931536197662353515625" lon="-8.7809362448751926422119140625">
        <ele>274</ele>
        <time>2025-10-21T09:49:41.000Z</time>
        <extensions>
          <ns3:TrackPointExtension>
            <ns3:hr>119</ns3:hr>
            <ns3:cad>0</ns3:cad>
          </ns3:TrackPointExtension>
        </extensions>
      </trkpt>
      <trkpt lat="42.92099808342754840850830078125" lon="-8.780937083065509796142578125">
        <ele>274.20001220703125</ele>
        <time>2025-10-21T09:49:43.000Z</time>
        <extensions>
          <ns3:TrackPointExtension>
            <ns3:hr>122</ns3:hr>
            <ns3:cad>0</ns3:cad>
          </ns3:TrackPointExtension>
        </extensions>
      </trkpt>
      <trkpt lat="42.9210104048252105712890625" lon="-8.78094186075031757354736328125">
        <ele>274.600006103515625</ele>
        <time>2025-10-21T09:49:45.000Z</time>
        <extensions>
          <ns3:TrackPointExtension>
            <ns3:hr>123</ns3:hr>
            <ns3:cad>0</ns3:cad>
          </ns3:TrackPointExtension>
        </extensions>
      </trkpt>
      <trkpt lat="42.92103915475308895111083984375" lon="-8.7809479795396327972412109375">
        <ele>275</ele>
        <time>2025-10-21T09:49:48.000Z</time>
        <extensions>
          <ns3:TrackPointExtension>
            <ns3:hr>123</ns3:hr>
            <ns3:cad>42</ns3:cad>
          </ns3:TrackPointExtension>
        </extensions>
      </trkpt>
      <trkpt lat="42.9210943914949893951416015625" lon="-8.78098192624747753143310546875">
        <ele>275.600006103515625</ele>
        <time>2025-10-21T09:49:55.000Z</time>
        <extensions>
          <ns3:TrackPointExtension>
            <ns3:hr>122</ns3:hr>
            <ns3:cad>42</ns3:cad>
          </ns3:TrackPointExtension>
        </extensions>
      </trkpt>
      <trkpt lat="42.92114811949431896209716796875" lon="-8.78100640140473842620849609375">
        <ele>276.399993896484375</ele>
        <time>2025-10-21T09:50:03.000Z</time>
        <extensions>
          <ns3:TrackPointExtension>
            <ns3:hr>123</ns3:hr>
            <ns3:cad>0</ns3:cad>
          </ns3:TrackPointExtension>
        </extensions>
      </trkpt>
      <trkpt lat="42.92116605676710605621337890625" lon="-8.78102886490523815155029296875">
        <ele>276.79998779296875</ele>
        <time>2025-10-21T09:50:06.000Z</time>
        <extensions>
          <ns3:TrackPointExtension>
            <ns3:hr>122</ns3:hr>
            <ns3:cad>0</ns3:cad>
          </ns3:TrackPointExtension>
        </extensions>
      </trkpt>
      <trkpt lat="42.92119304649531841278076171875" lon="-8.7810820899903774261474609375">
        <ele>277.399993896484375</ele>
        <time>2025-10-21T09:50:11.000Z</time>
        <extensions>
          <ns3:TrackPointExtension>
            <ns3:hr>121</ns3:hr>
            <ns3:cad>44</ns3:cad>
          </ns3:TrackPointExtension>
        </extensions>
      </trkpt>
      <trkpt lat="42.9211986623704433441162109375" lon="-8.78109776414930820465087890625">
        <ele>277.79998779296875</ele>
        <time>2025-10-21T09:50:13.000Z</time>
        <extensions>
          <ns3:TrackPointExtension>
            <ns3:hr>121</ns3:hr>
            <ns3:cad>44</ns3:cad>
          </ns3:TrackPointExtension>
        </extensions>
      </trkpt>
      <trkpt lat="42.92120687663555145263671875" lon="-8.78114537335932254791259765625">
        <ele>279</ele>
        <time>2025-10-21T09:50:18.000Z</time>
        <extensions>
          <ns3:TrackPointExtension>
            <ns3:hr>119</ns3:hr>
            <ns3:cad>43</ns3:cad>
          </ns3:TrackPointExtension>
        </extensions>
      </trkpt>
      <trkpt lat="42.921207882463932037353515625" lon="-8.78115694038569927215576171875">
        <ele>279</ele>
        <time>2025-10-21T09:50:19.000Z</time>
        <extensions>
          <ns3:TrackPointExtension>
            <ns3:hr>119</ns3:hr>
            <ns3:cad>43</ns3:cad>
          </ns3:TrackPointExtension>
        </extensions>
      </trkpt>
      <trkpt lat="42.92117812670767307281494140625" lon="-8.78123623318970203399658203125">
        <ele>280</ele>
        <time>2025-10-21T09:50:27.000Z</time>
        <extensions>
          <ns3:TrackPointExtension>
            <ns3:hr>120</ns3:hr>
            <ns3:cad>41</ns3:cad>
          </ns3:TrackPointExtension>
        </extensions>
      </trkpt>
      <trkpt lat="42.9211647994816303253173828125" lon="-8.78126925788819789886474609375">
        <ele>280</ele>
        <time>2025-10-21T09:50:31.000Z</time>
        <extensions>
          <ns3:TrackPointExtension>
            <ns3:hr>123</ns3:hr>
            <ns3:cad>43</ns3:cad>
          </ns3:TrackPointExtension>
        </extensions>
      </trkpt>
      <trkpt lat="42.92115314863622188568115234375" lon="-8.78130932338535785675048828125">
        <ele>280.399993896484375</ele>
        <time>2025-10-21T09:50:35.000Z</time>
        <extensions>
          <ns3:TrackPointExtension>
            <ns3:hr>125</ns3:hr>
            <ns3:cad>44</ns3:cad>
          </ns3:TrackPointExtension>
        </extensions>
      </trkpt>
      <trkpt lat="42.92114250361919403076171875" lon="-8.7813680805265903472900390625">
        <ele>280.79998779296875</ele>
        <time>2025-10-21T09:50:41.000Z</time>
        <extensions>
          <ns3:TrackPointExtension>
            <ns3:hr>125</ns3:hr>
            <ns3:cad>0</ns3:cad>
          </ns3:TrackPointExtension>
        </extensions>
      </trkpt>
      <trkpt lat="42.921140156686305999755859375" lon="-8.7813781388103961944580078125">
        <ele>281</ele>
        <time>2025-10-21T09:50:42.000Z</time>
        <extensions>
          <ns3:TrackPointExtension>
            <ns3:hr>125</ns3:hr>
            <ns3:cad>44</ns3:cad>
          </ns3:TrackPointExtension>
        </extensions>
      </trkpt>
      <trkpt lat="42.92110495269298553466796875" lon="-8.78143102861940860748291015625">
        <ele>281.79998779296875</ele>
        <time>2025-10-21T09:50:48.000Z</time>
        <extensions>
          <ns3:TrackPointExtension>
            <ns3:hr>126</ns3:hr>
            <ns3:cad>45</ns3:cad>
          </ns3:TrackPointExtension>
        </extensions>
      </trkpt>
      <trkpt lat="42.92109196074306964874267578125" lon="-8.78145449794828891754150390625">
        <ele>282.20001220703125</ele>
        <time>2025-10-21T09:50:50.000Z</time>
        <extensions>
          <ns3:TrackPointExtension>
            <ns3:hr>126</ns3:hr>
            <ns3:cad>45</ns3:cad>
          </ns3:TrackPointExtension>
        </extensions>
      </trkpt>
      <trkpt lat="42.9210655577480792999267578125" lon="-8.7815031968057155609130859375">
        <ele>283</ele>
        <time>2025-10-21T09:50:57.000Z</time>
        <extensions>
          <ns3:TrackPointExtension>
            <ns3:hr>126</ns3:hr>
            <ns3:cad>45</ns3:cad>
          </ns3:TrackPointExtension>
        </extensions>
      </trkpt>
      <trkpt lat="42.92105399072170257568359375" lon="-8.78152423538267612457275390625">
        <ele>283.20001220703125</ele>
        <time>2025-10-21T09:50:59.000Z</time>
        <extensions>
          <ns3:TrackPointExtension>
            <ns3:hr>125</ns3:hr>
            <ns3:cad>45</ns3:cad>
          </ns3:TrackPointExtension>
        </extensions>
      </trkpt>
      <trkpt lat="42.92103379033505916595458984375" lon="-8.78158324398100376129150390625">
        <ele>283.600006103515625</ele>
        <time>2025-10-21T09:51:04.000Z</time>
        <extensions>
          <ns3:TrackPointExtension>
            <ns3:hr>123</ns3:hr>
            <ns3:cad>45</ns3:cad>
          </ns3:TrackPointExtension>
        </extensions>
      </trkpt>
      <trkpt lat="42.92099087499082088470458984375" lon="-8.7816634587943553924560546875">
        <ele>284</ele>
        <time>2025-10-21T09:51:12.000Z</time>
        <extensions>
          <ns3:TrackPointExtension>
            <ns3:hr>123</ns3:hr>
            <ns3:cad>44</ns3:cad>
          </ns3:TrackPointExtension>
        </extensions>
      </trkpt>
      <trkpt lat="42.920961789786815643310546875" lon="-8.7817388959228992462158203125">
        <ele>284</ele>
        <time>2025-10-21T09:51:19.000Z</time>
        <extensions>
          <ns3:TrackPointExtension>
            <ns3:hr>123</ns3:hr>
            <ns3:cad>45</ns3:cad>
          </ns3:TrackPointExtension>
        </extensions>
      </trkpt>
      <trkpt lat="42.92092616669833660125732421875" lon="-8.78179706633090972900390625">
        <ele>284</ele>
        <time>2025-10-21T09:51:25.000Z</time>
        <extensions>
          <ns3:TrackPointExtension>
            <ns3:hr>122</ns3:hr>
            <ns3:cad>46</ns3:cad>
          </ns3:TrackPointExtension>
        </extensions>
      </trkpt>
      <trkpt lat="42.9208977520465850830078125" lon="-8.7818609364330768585205078125">
        <ele>284</ele>
        <time>2025-10-21T09:51:31.000Z</time>
        <extensions>
          <ns3:TrackPointExtension>
            <ns3:hr>120</ns3:hr>
            <ns3:cad>47</ns3:cad>
          </ns3:TrackPointExtension>
        </extensions>
      </trkpt>
      <trkpt lat="42.9208707623183727264404296875" lon="-8.78191432915627956390380859375">
        <ele>284.20001220703125</ele>
        <time>2025-10-21T09:51:36.000Z</time>
        <extensions>
          <ns3:TrackPointExtension>
            <ns3:hr>118</ns3:hr>
            <ns3:cad>47</ns3:cad>
          </ns3:TrackPointExtension>
        </extensions>
      </trkpt>
      <trkpt lat="42.9208633862435817718505859375" lon="-8.78193243406713008880615234375">
        <ele>284.399993896484375</ele>
        <time>2025-10-21T09:51:38.000Z</time>
        <extensions>
          <ns3:TrackPointExtension>
            <ns3:hr>118</ns3:hr>
            <ns3:cad>0</ns3:cad>
          </ns3:TrackPointExtension>
        </extensions>
      </trkpt>
      <trkpt lat="42.9208063893020153045654296875" lon="-8.7820235453546047210693359375">
        <ele>284.600006103515625</ele>
        <time>2025-10-21T09:51:46.000Z</time>
        <extensions>
          <ns3:TrackPointExtension>
            <ns3:hr>116</ns3:hr>
            <ns3:cad>0</ns3:cad>
          </ns3:TrackPointExtension>
        </extensions>
      </trkpt>
      <trkpt lat="42.92077328078448772430419921875" lon="-8.782096467912197113037109375">
        <ele>285</ele>
        <time>2025-10-21T09:51:53.000Z</time>
        <extensions>
          <ns3:TrackPointExtension>
            <ns3:hr>114</ns3:hr>
            <ns3:cad>46</ns3:cad>
          </ns3:TrackPointExtension>
        </extensions>
      </trkpt>
      <trkpt lat="42.92075349949300289154052734375" lon="-8.78212907351553440093994140625">
        <ele>285.20001220703125</ele>
        <time>2025-10-21T09:51:56.000Z</time>
        <extensions>
          <ns3:TrackPointExtension>
            <ns3:hr>113</ns3:hr>
            <ns3:cad>45</ns3:cad>
          </ns3:TrackPointExtension>
        </extensions>
      </trkpt>
      <trkpt lat="42.9207265935838222503662109375" lon="-8.782185651361942291259765625">
        <ele>285.20001220703125</ele>
        <time>2025-10-21T09:52:00.000Z</time>
        <extensions>
          <ns3:TrackPointExtension>
            <ns3:hr>113</ns3:hr>
            <ns3:cad>46</ns3:cad>
          </ns3:TrackPointExtension>
        </extensions>
      </trkpt>
      <trkpt lat="42.920692227780818939208984375" lon="-8.7822465039789676666259765625">
        <ele>285.600006103515625</ele>
        <time>2025-10-21T09:52:06.000Z</time>
        <extensions>
          <ns3:TrackPointExtension>
            <ns3:hr>113</ns3:hr>
            <ns3:cad>0</ns3:cad>
          </ns3:TrackPointExtension>
        </extensions>
      </trkpt>
      <trkpt lat="42.92066104710102081298828125" lon="-8.7823316641151905059814453125">
        <ele>286.20001220703125</ele>
        <time>2025-10-21T09:52:14.000Z</time>
        <extensions>
          <ns3:TrackPointExtension>
            <ns3:hr>113</ns3:hr>
            <ns3:cad>0</ns3:cad>
          </ns3:TrackPointExtension>
        </extensions>
      </trkpt>
      <trkpt lat="42.92065777815878391265869140625" lon="-8.7823454104363918304443359375">
        <ele>286.399993896484375</ele>
        <time>2025-10-21T09:52:15.000Z</time>
        <extensions>
          <ns3:TrackPointExtension>
            <ns3:hr>112</ns3:hr>
            <ns3:cad>0</ns3:cad>
          </ns3:TrackPointExtension>
        </extensions>
      </trkpt>
      <trkpt lat="42.9206348955631256103515625" lon="-8.782431744039058685302734375">
        <ele>286.79998779296875</ele>
        <time>2025-10-21T09:52:23.000Z</time>
        <extensions>
          <ns3:TrackPointExtension>
            <ns3:hr>112</ns3:hr>
            <ns3:cad>47</ns3:cad>
          </ns3:TrackPointExtension>
        </extensions>
      </trkpt>
      <trkpt lat="42.92062760330736637115478515625" lon="-8.782445825636386871337890625">
        <ele>287</ele>
        <time>2025-10-21T09:52:24.000Z</time>
        <extensions>
          <ns3:TrackPointExtension>
            <ns3:hr>112</ns3:hr>
            <ns3:cad>47</ns3:cad>
          </ns3:TrackPointExtension>
        </extensions>
      </trkpt>
      <trkpt lat="42.92061570100486278533935546875" lon="-8.7824929319322109222412109375">
        <ele>287.20001220703125</ele>
        <time>2025-10-21T09:52:28.000Z</time>
        <extensions>
          <ns3:TrackPointExtension>
            <ns3:hr>112</ns3:hr>
            <ns3:cad>0</ns3:cad>
          </ns3:TrackPointExtension>
        </extensions>
      </trkpt>
      <trkpt lat="42.92061067186295986175537109375" lon="-8.78252126276493072509765625">
        <ele>287.399993896484375</ele>
        <time>2025-10-21T09:52:30.000Z</time>
        <extensions>
          <ns3:TrackPointExtension>
            <ns3:hr>112</ns3:hr>
            <ns3:cad>0</ns3:cad>
          </ns3:TrackPointExtension>
        </extensions>
      </trkpt>
      <trkpt lat="42.9205713607370853424072265625" lon="-8.78259041346609592437744140625">
        <ele>287.600006103515625</ele>
        <time>2025-10-21T09:52:37.000Z</time>
        <extensions>
          <ns3:TrackPointExtension>
            <ns3:hr>111</ns3:hr>
            <ns3:cad>0</ns3:cad>
          </ns3:TrackPointExtension>
        </extensions>
      </trkpt>
      <trkpt lat="42.920527942478656768798828125" lon="-8.7826676107943058013916015625">
        <ele>287.79998779296875</ele>
        <time>2025-10-21T09:52:44.000Z</time>
        <extensions>
          <ns3:TrackPointExtension>
            <ns3:hr>111</ns3:hr>
            <ns3:cad>45</ns3:cad>
          </ns3:TrackPointExtension>
        </extensions>
      </trkpt>
      <trkpt lat="42.920495755970478057861328125" lon="-8.78276945091784000396728515625">
        <ele>288.20001220703125</ele>
        <time>2025-10-21T09:52:52.000Z</time>
        <extensions>
          <ns3:TrackPointExtension>
            <ns3:hr>111</ns3:hr>
            <ns3:cad>45</ns3:cad>
          </ns3:TrackPointExtension>
        </extensions>
      </trkpt>
      <trkpt lat="42.9204902239143848419189453125" lon="-8.78278135322034358978271484375">
        <ele>288.399993896484375</ele>
        <time>2025-10-21T09:52:53.000Z</time>
        <extensions>
          <ns3:TrackPointExtension>
            <ns3:hr>111</ns3:hr>
            <ns3:cad>45</ns3:cad>
          </ns3:TrackPointExtension>
        </extensions>
      </trkpt>
      <trkpt lat="42.92046348564326763153076171875" lon="-8.78285008482635021209716796875">
        <ele>288.79998779296875</ele>
        <time>2025-10-21T09:52:59.000Z</time>
        <extensions>
          <ns3:TrackPointExtension>
            <ns3:hr>110</ns3:hr>
            <ns3:cad>45</ns3:cad>
          </ns3:TrackPointExtension>
        </extensions>
      </trkpt>
      <trkpt lat="42.9204412735998630523681640625" lon="-8.7829148769378662109375">
        <ele>288.79998779296875</ele>
        <time>2025-10-21T09:53:06.000Z</time>
        <extensions>
          <ns3:TrackPointExtension>
            <ns3:hr>109</ns3:hr>
            <ns3:cad>50</ns3:cad>
          </ns3:TrackPointExtension>
        </extensions>
      </trkpt>
      <trkpt lat="42.920415960252285003662109375" lon="-8.7829777412116527557373046875">
        <ele>289.399993896484375</ele>
        <time>2025-10-21T09:53:12.000Z</time>
        <extensions>
          <ns3:TrackPointExtension>
            <ns3:hr>109</ns3:hr>
            <ns3:cad>44</ns3:cad>
          </ns3:TrackPointExtension>
        </extensions>
      </trkpt>
      <trkpt lat="42.920413278043270111083984375" lon="-8.782999031245708465576171875">
        <ele>289.600006103515625</ele>
        <time>2025-10-21T09:53:15.000Z</time>
        <extensions>
          <ns3:TrackPointExtension>
            <ns3:hr>108</ns3:hr>
            <ns3:cad>0</ns3:cad>
          </ns3:TrackPointExtension>
        </extensions>
      </trkpt>
      <trkpt lat="42.9204444587230682373046875" lon="-8.7829361669719219207763671875">
        <ele>289.20001220703125</ele>
        <time>2025-10-21T09:53:22.000Z</time>
        <extensions>
          <ns3:TrackPointExtension>
            <ns3:hr>107</ns3:hr>
            <ns3:cad>0</ns3:cad>
          </ns3:TrackPointExtension>
        </extensions>
      </trkpt>
      <trkpt lat="42.9204687662422657012939453125" lon="-8.78294111229479312896728515625">
        <ele>289</ele>
        <time>2025-10-21T09:53:29.000Z</time>
        <extensions>
          <ns3:TrackPointExtension>
            <ns3:hr>105</ns3:hr>
            <ns3:cad>0</ns3:cad>
          </ns3:TrackPointExtension>
        </extensions>
      </trkpt>
      <trkpt lat="42.92046767659485340118408203125" lon="-8.78294329158961772918701171875">
        <ele>288.79998779296875</ele>
        <time>2025-10-21T09:53:36.000Z</time>
        <extensions>
          <ns3:TrackPointExtension>
            <ns3:hr>105</ns3:hr>
            <ns3:cad>0</ns3:cad>
          </ns3:TrackPointExtension>
        </extensions>
      </trkpt>
      <trkpt lat="42.92046331800520420074462890625" lon="-8.7829163856804370880126953125">
        <ele>289</ele>
        <time>2025-10-21T09:53:45.000Z</time>
        <extensions>
          <ns3:TrackPointExtension>
            <ns3:hr>105</ns3:hr>
            <ns3:cad>0</ns3:cad>
          </ns3:TrackPointExtension>
        </extensions>
      </trkpt>
      <trkpt lat="42.920448817312717437744140625" lon="-8.782893754541873931884765625">
        <ele>289</ele>
        <time>2025-10-21T09:53:51.000Z</time>
        <extensions>
          <ns3:TrackPointExtension>
            <ns3:hr>104</ns3:hr>
            <ns3:cad>0</ns3:cad>
          </ns3:TrackPointExtension>
        </extensions>
      </trkpt>
      <trkpt lat="42.92044135741889476776123046875" lon="-8.78290356136858463287353515625">
        <ele>288.79998779296875</ele>
        <time>2025-10-21T09:53:57.000Z</time>
        <extensions>
          <ns3:TrackPointExtension>
            <ns3:hr>101</ns3:hr>
            <ns3:cad>0</ns3:cad>
          </ns3:TrackPointExtension>
        </extensions>
      </trkpt>
      <trkpt lat="42.9204406030476093292236328125" lon="-8.78290775232017040252685546875">
        <ele>288.79998779296875</ele>
        <time>2025-10-21T09:53:59.000Z</time>
        <extensions>
          <ns3:TrackPointExtension>
            <ns3:hr>101</ns3:hr>
            <ns3:cad>0</ns3:cad>
          </ns3:TrackPointExtension>
        </extensions>
      </trkpt>
      <trkpt lat="42.92044102214276790618896484375" lon="-8.7829126976430416107177734375">
        <ele>288.79998779296875</ele>
        <time>2025-10-21T09:54:01.000Z</time>
        <extensions>
          <ns3:TrackPointExtension>
            <ns3:hr>98</ns3:hr>
            <ns3:cad>0</ns3:cad>
          </ns3:TrackPointExtension>
        </extensions>
      </trkpt>
      <trkpt lat="42.920436747372150421142578125" lon="-8.7829059921205043792724609375">
        <ele>288.399993896484375</ele>
        <time>2025-10-21T09:54:08.000Z</time>
        <extensions>
          <ns3:TrackPointExtension>
            <ns3:hr>98</ns3:hr>
            <ns3:cad>0</ns3:cad>
          </ns3:TrackPointExtension>
        </extensions>
      </trkpt>
      <trkpt lat="42.92044454254209995269775390625" lon="-8.78290473483502864837646484375">
        <ele>288.399993896484375</ele>
        <time>2025-10-21T09:54:11.000Z</time>
        <extensions>
          <ns3:TrackPointExtension>
            <ns3:hr>95</ns3:hr>
            <ns3:cad>0</ns3:cad>
          </ns3:TrackPointExtension>
        </extensions>
      </trkpt>
      <trkpt lat="42.9204444587230682373046875" lon="-8.7829033099114894866943359375">
        <ele>288.399993896484375</ele>
        <time>2025-10-21T09:54:13.000Z</time>
        <extensions>
          <ns3:TrackPointExtension>
            <ns3:hr>92</ns3:hr>
            <ns3:cad>0</ns3:cad>
          </ns3:TrackPointExtension>
        </extensions>
      </trkpt>
      <trkpt lat="42.920438759028911590576171875" lon="-8.7829002924263477325439453125">
        <ele>288.399993896484375</ele>
        <time>2025-10-21T09:54:15.000Z</time>
        <extensions>
          <ns3:TrackPointExtension>
            <ns3:hr>95</ns3:hr>
            <ns3:cad>0</ns3:cad>
          </ns3:TrackPointExtension>
        </extensions>
      </trkpt>
      <trkpt lat="42.920432724058628082275390625" lon="-8.782879672944545745849609375">
        <ele>288.20001220703125</ele>
        <time>2025-10-21T09:54:19.000Z</time>
        <extensions>
          <ns3:TrackPointExtension>
            <ns3:hr>93</ns3:hr>
            <ns3:cad>0</ns3:cad>
          </ns3:TrackPointExtension>
        </extensions>
      </trkpt>
      <trkpt lat="42.9204315505921840667724609375" lon="-8.7828721292316913604736328125">
        <ele>288.20001220703125</ele>
        <time>2025-10-21T09:54:21.000Z</time>
        <extensions>
          <ns3:TrackPointExtension>
            <ns3:hr>90</ns3:hr>
            <ns3:cad>0</ns3:cad>
          </ns3:TrackPointExtension>
        </extensions>
      </trkpt>
      <trkpt lat="42.92042844928801059722900390625" lon="-8.7828733026981353759765625">
        <ele>288.20001220703125</ele>
        <time>2025-10-21T09:54:24.000Z</time>
        <extensions>
          <ns3:TrackPointExtension>
            <ns3:hr>93</ns3:hr>
            <ns3:cad>0</ns3:cad>
          </ns3:TrackPointExtension>
        </extensions>
      </trkpt>
      <trkpt lat="42.9204235039651393890380859375" lon="-8.78287531435489654541015625">
        <ele>288</ele>
        <time>2025-10-21T09:54:27.000Z</time>
        <extensions>
          <ns3:TrackPointExtension>
            <ns3:hr>97</ns3:hr>
            <ns3:cad>0</ns3:cad>
          </ns3:TrackPointExtension>
        </extensions>
      </trkpt>
      <trkpt lat="42.92042224667966365814208984375" lon="-8.7828727997839450836181640625">
        <ele>288</ele>
        <time>2025-10-21T09:54:29.000Z</time>
        <extensions>
          <ns3:TrackPointExtension>
            <ns3:hr>98</ns3:hr>
            <ns3:cad>0</ns3:cad>
          </ns3:TrackPointExtension>
        </extensions>
      </trkpt>
      <trkpt lat="42.9204310476779937744140625" lon="-8.7828915752470493316650390625">
        <ele>287.79998779296875</ele>
        <time>2025-10-21T09:54:38.000Z</time>
        <extensions>
          <ns3:TrackPointExtension>
            <ns3:hr>97</ns3:hr>
            <ns3:cad>0</ns3:cad>
          </ns3:TrackPointExtension>
        </extensions>
      </trkpt>
      <trkpt lat="42.9204432852566242218017578125" lon="-8.7829076685011386871337890625">
        <ele>287.600006103515625</ele>
        <time>2025-10-21T09:54:44.000Z</time>
        <extensions>
          <ns3:TrackPointExtension>
            <ns3:hr>103</ns3:hr>
            <ns3:cad>0</ns3:cad>
          </ns3:TrackPointExtension>
        </extensions>
      </trkpt>
      <trkpt lat="42.92044621892273426055908203125" lon="-8.78291982226073741912841796875">
        <ele>287.600006103515625</ele>
        <time>2025-10-21T09:54:46.000Z</time>
        <extensions>
          <ns3:TrackPointExtension>
            <ns3:hr>105</ns3:hr>
            <ns3:cad>0</ns3:cad>
          </ns3:TrackPointExtension>
        </extensions>
      </trkpt>
      <trkpt lat="42.920453846454620361328125" lon="-8.7829358316957950592041015625">
        <ele>287.600006103515625</ele>
        <time>2025-10-21T09:54:52.000Z</time>
        <extensions>
          <ns3:TrackPointExtension>
            <ns3:hr>102</ns3:hr>
            <ns3:cad>0</ns3:cad>
          </ns3:TrackPointExtension>
        </extensions>
      </trkpt>
      <trkpt lat="42.9204553551971912384033203125" lon="-8.7829385139048099517822265625">
        <ele>287.600006103515625</ele>
        <time>2025-10-21T09:54:53.000Z</time>
        <extensions>
          <ns3:TrackPointExtension>
            <ns3:hr>102</ns3:hr>
            <ns3:cad>0</ns3:cad>
          </ns3:TrackPointExtension>
        </extensions>
      </trkpt>
      <trkpt lat="42.9204563610255718231201171875" lon="-8.78293859772384166717529296875">
        <ele>287.79998779296875</ele>
        <time>2025-10-21T09:54:54.000Z</time>
        <extensions>
          <ns3:TrackPointExtension>
            <ns3:hr>99</ns3:hr>
            <ns3:cad>0</ns3:cad>
          </ns3:TrackPointExtension>
        </extensions>
      </trkpt>
      <trkpt lat="42.92045711539685726165771484375" lon="-8.782940022647380828857421875">
        <ele>287.79998779296875</ele>
        <time>2025-10-21T09:55:01.000Z</time>
        <extensions>
          <ns3:TrackPointExtension>
            <ns3:hr>98</ns3:hr>
            <ns3:cad>0</ns3:cad>
          </ns3:TrackPointExtension>
        </extensions>
      </trkpt>
      <trkpt lat="42.92045652866363525390625" lon="-8.78294614143669605255126953125">
        <ele>288</ele>
        <time>2025-10-21T09:55:06.000Z</time>
        <extensions>
          <ns3:TrackPointExtension>
            <ns3:hr>101</ns3:hr>
            <ns3:cad>0</ns3:cad>
          </ns3:TrackPointExtension>
        </extensions>
      </trkpt>
      <trkpt lat="42.9204546846449375152587890625" lon="-8.7829401902854442596435546875">
        <ele>288</ele>
        <time>2025-10-21T09:55:10.000Z</time>
        <extensions>
          <ns3:TrackPointExtension>
            <ns3:hr>104</ns3:hr>
            <ns3:cad>0</ns3:cad>
          </ns3:TrackPointExtension>
        </extensions>
      </trkpt>
      <trkpt lat="42.920448482036590576171875" lon="-8.7829358316957950592041015625">
        <ele>287.20001220703125</ele>
        <time>2025-10-21T09:55:19.000Z</time>
        <extensions>
          <ns3:TrackPointExtension>
            <ns3:hr>104</ns3:hr>
            <ns3:cad>0</ns3:cad>
          </ns3:TrackPointExtension>
        </extensions>
      </trkpt>
      <trkpt lat="42.920443452894687652587890625" lon="-8.78292468376457691192626953125">
        <ele>287.20001220703125</ele>
        <time>2025-10-21T09:55:23.000Z</time>
        <extensions>
          <ns3:TrackPointExtension>
            <ns3:hr>107</ns3:hr>
            <ns3:cad>0</ns3:cad>
          </ns3:TrackPointExtension>
        </extensions>
      </trkpt>
      <trkpt lat="42.92044202797114849090576171875" lon="-8.78292300738394260406494140625">
        <ele>287</ele>
        <time>2025-10-21T09:55:26.000Z</time>
        <extensions>
          <ns3:TrackPointExtension>
            <ns3:hr>99</ns3:hr>
            <ns3:cad>0</ns3:cad>
          </ns3:TrackPointExtension>
        </extensions>
      </trkpt>
      <trkpt lat="42.92044253088533878326416015625" lon="-8.7829261086881160736083984375">
        <ele>287</ele>
        <time>2025-10-21T09:55:27.000Z</time>
        <extensions>
          <ns3:TrackPointExtension>
            <ns3:hr>88</ns3:hr>
            <ns3:cad>0</ns3:cad>
          </ns3:TrackPointExtension>
        </extensions>
      </trkpt>
      <trkpt lat="42.92044722475111484527587890625" lon="-8.78293273039162158966064453125">
        <ele>287</ele>
        <time>2025-10-21T09:55:28.000Z</time>
        <extensions>
          <ns3:TrackPointExtension>
            <ns3:hr>84</ns3:hr>
            <ns3:cad>0</ns3:cad>
          </ns3:TrackPointExtension>
        </extensions>
      </trkpt>
      <trkpt lat="42.920441441237926483154296875" lon="-8.7829227559268474578857421875">
        <ele>286.600006103515625</ele>
        <time>2025-10-21T09:55:35.000Z</time>
        <extensions>
          <ns3:TrackPointExtension>
            <ns3:hr>82</ns3:hr>
            <ns3:cad>0</ns3:cad>
          </ns3:TrackPointExtension>
        </extensions>
      </trkpt>
      <trkpt lat="42.920448482036590576171875" lon="-8.78294178284704685211181640625">
        <ele>286.79998779296875</ele>
        <time>2025-10-21T09:55:42.000Z</time>
        <extensions>
          <ns3:TrackPointExtension>
            <ns3:hr>79</ns3:hr>
            <ns3:cad>0</ns3:cad>
          </ns3:TrackPointExtension>
        </extensions>
      </trkpt>
      <trkpt lat="42.92044035159051418304443359375" lon="-8.782942704856395721435546875">
        <ele>286.600006103515625</ele>
        <time>2025-10-21T09:55:44.000Z</time>
        <extensions>
          <ns3:TrackPointExtension>
            <ns3:hr>79</ns3:hr>
            <ns3:cad>0</ns3:cad>
          </ns3:TrackPointExtension>
        </extensions>
      </trkpt>
      <trkpt lat="42.92042828164994716644287109375" lon="-8.7829680182039737701416015625">
        <ele>286.79998779296875</ele>
        <time>2025-10-21T09:55:50.000Z</time>
        <extensions>
          <ns3:TrackPointExtension>
            <ns3:hr>82</ns3:hr>
            <ns3:cad>0</ns3:cad>
          </ns3:TrackPointExtension>
        </extensions>
      </trkpt>
      <trkpt lat="42.92042979039251804351806640625" lon="-8.78297380171716213226318359375">
        <ele>286.79998779296875</ele>
        <time>2025-10-21T09:55:51.000Z</time>
        <extensions>
          <ns3:TrackPointExtension>
            <ns3:hr>82</ns3:hr>
            <ns3:cad>0</ns3:cad>
          </ns3:TrackPointExtension>
        </extensions>
      </trkpt>
      <trkpt lat="42.92041235603392124176025390625" lon="-8.783039934933185577392578125">
        <ele>287.20001220703125</ele>
        <time>2025-10-21T09:55:57.000Z</time>
        <extensions>
          <ns3:TrackPointExtension>
            <ns3:hr>83</ns3:hr>
            <ns3:cad>0</ns3:cad>
          </ns3:TrackPointExtension>
        </extensions>
      </trkpt>
      <trkpt lat="42.920375056564807891845703125" lon="-8.78313523717224597930908203125">
        <ele>287.79998779296875</ele>
        <time>2025-10-21T09:56:05.000Z</time>
        <extensions>
          <ns3:TrackPointExtension>
            <ns3:hr>80</ns3:hr>
            <ns3:cad>50</ns3:cad>
          </ns3:TrackPointExtension>
        </extensions>
      </trkpt>
      <trkpt lat="42.92034052312374114990234375" lon="-8.7832070700824260711669921875">
        <ele>288.399993896484375</ele>
        <time>2025-10-21T09:56:11.000Z</time>
        <extensions>
          <ns3:TrackPointExtension>
            <ns3:hr>82</ns3:hr>
            <ns3:cad>49</ns3:cad>
          </ns3:TrackPointExtension>
        </extensions>
      </trkpt>
      <trkpt lat="42.9203333146870136260986328125" lon="-8.78321704454720020294189453125">
        <ele>288.399993896484375</ele>
        <time>2025-10-21T09:56:12.000Z</time>
        <extensions>
          <ns3:TrackPointExtension>
            <ns3:hr>82</ns3:hr>
            <ns3:cad>49</ns3:cad>
          </ns3:TrackPointExtension>
        </extensions>
      </trkpt>
      <trkpt lat="42.9203172214329242706298828125" lon="-8.783257193863391876220703125">
        <ele>289</ele>
        <time>2025-10-21T09:56:16.000Z</time>
        <extensions>
          <ns3:TrackPointExtension>
            <ns3:hr>85</ns3:hr>
            <ns3:cad>49</ns3:cad>
          </ns3:TrackPointExtension>
        </extensions>
      </trkpt>
      <trkpt lat="42.92030431330204010009765625" lon="-8.78330019302666187286376953125">
        <ele>289.399993896484375</ele>
        <time>2025-10-21T09:56:19.000Z</time>
        <extensions>
          <ns3:TrackPointExtension>
            <ns3:hr>86</ns3:hr>
            <ns3:cad>50</ns3:cad>
          </ns3:TrackPointExtension>
        </extensions>
      </trkpt>
      <trkpt lat="42.92030020616948604583740234375" lon="-8.78331578336656093597412109375">
        <ele>289.600006103515625</ele>
        <time>2025-10-21T09:56:20.000Z</time>
        <extensions>
          <ns3:TrackPointExtension>
            <ns3:hr>87</ns3:hr>
            <ns3:cad>50</ns3:cad>
          </ns3:TrackPointExtension>
        </extensions>
      </trkpt>
      <trkpt lat="42.9202699474990367889404296875" lon="-8.783390633761882781982421875">
        <ele>290.399993896484375</ele>
        <time>2025-10-21T09:56:26.000Z</time>
        <extensions>
          <ns3:TrackPointExtension>
            <ns3:hr>90</ns3:hr>
            <ns3:cad>47</ns3:cad>
          </ns3:TrackPointExtension>
        </extensions>
      </trkpt>
      <trkpt lat="42.9202582128345966339111328125" lon="-8.78341452218592166900634765625">
        <ele>290.79998779296875</ele>
        <time>2025-10-21T09:56:28.000Z</time>
        <extensions>
          <ns3:TrackPointExtension>
            <ns3:hr>90</ns3:hr>
            <ns3:cad>48</ns3:cad>
          </ns3:TrackPointExtension>
        </extensions>
      </trkpt>
      <trkpt lat="42.9202380962669849395751953125" lon="-8.78347302787005901336669921875">
        <ele>291.399993896484375</ele>
        <time>2025-10-21T09:56:32.000Z</time>
        <extensions>
          <ns3:TrackPointExtension>
            <ns3:hr>91</ns3:hr>
            <ns3:cad>48</ns3:cad>
          </ns3:TrackPointExtension>
        </extensions>
      </trkpt>
      <trkpt lat="42.9202186502516269683837890625" lon="-8.783517368137836456298828125">
        <ele>292.20001220703125</ele>
        <time>2025-10-21T09:56:36.000Z</time>
        <extensions>
          <ns3:TrackPointExtension>
            <ns3:hr>92</ns3:hr>
            <ns3:cad>49</ns3:cad>
          </ns3:TrackPointExtension>
        </extensions>
      </trkpt>
      <trkpt lat="42.92019811458885669708251953125" lon="-8.78356539644300937652587890625">
        <ele>292.600006103515625</ele>
        <time>2025-10-21T09:56:40.000Z</time>
        <extensions>
          <ns3:TrackPointExtension>
            <ns3:hr>94</ns3:hr>
            <ns3:cad>49</ns3:cad>
          </ns3:TrackPointExtension>
        </extensions>
      </trkpt>
      <trkpt lat="42.9201884754002094268798828125" lon="-8.7835993431508541107177734375">
        <ele>293</ele>
        <time>2025-10-21T09:56:43.000Z</time>
        <extensions>
          <ns3:TrackPointExtension>
            <ns3:hr>94</ns3:hr>
            <ns3:cad>49</ns3:cad>
          </ns3:TrackPointExtension>
        </extensions>
      </trkpt>
      <trkpt lat="42.92018671520054340362548828125" lon="-8.78369011916220188140869140625">
        <ele>293.600006103515625</ele>
        <time>2025-10-21T09:56:51.000Z</time>
        <extensions>
          <ns3:TrackPointExtension>
            <ns3:hr>96</ns3:hr>
            <ns3:cad>0</ns3:cad>
          </ns3:TrackPointExtension>
        </extensions>
      </trkpt>
      <trkpt lat="42.92019777931272983551025390625" lon="-8.78375918604433536529541015625">
        <ele>294.399993896484375</ele>
        <time>2025-10-21T09:56:58.000Z</time>
        <extensions>
          <ns3:TrackPointExtension>
            <ns3:hr>95</ns3:hr>
            <ns3:cad>48</ns3:cad>
          </ns3:TrackPointExtension>
        </extensions>
      </trkpt>
      <trkpt lat="42.92019828222692012786865234375" lon="-8.78377242945134639739990234375">
        <ele>294.600006103515625</ele>
        <time>2025-10-21T09:56:59.000Z</time>
        <extensions>
          <ns3:TrackPointExtension>
            <ns3:hr>95</ns3:hr>
            <ns3:cad>47</ns3:cad>
          </ns3:TrackPointExtension>
        </extensions>
      </trkpt>
      <trkpt lat="42.92020909488201141357421875" lon="-8.7838568352162837982177734375">
        <ele>295.399993896484375</ele>
        <time>2025-10-21T09:57:05.000Z</time>
        <extensions>
          <ns3:TrackPointExtension>
            <ns3:hr>95</ns3:hr>
            <ns3:cad>0</ns3:cad>
          </ns3:TrackPointExtension>
        </extensions>
      </trkpt>
      <trkpt lat="42.92020917870104312896728515625" lon="-8.78387938253581523895263671875">
        <ele>295.79998779296875</ele>
        <time>2025-10-21T09:57:07.000Z</time>
        <extensions>
          <ns3:TrackPointExtension>
            <ns3:hr>95</ns3:hr>
            <ns3:cad>0</ns3:cad>
          </ns3:TrackPointExtension>
        </extensions>
      </trkpt>
      <trkpt lat="42.92021487839519977569580078125" lon="-8.78394576720893383026123046875">
        <ele>296.600006103515625</ele>
        <time>2025-10-21T09:57:12.000Z</time>
        <extensions>
          <ns3:TrackPointExtension>
            <ns3:hr>95</ns3:hr>
            <ns3:cad>47</ns3:cad>
          </ns3:TrackPointExtension>
        </extensions>
      </trkpt>
      <trkpt lat="42.92024128139019012451171875" lon="-8.784073926508426666259765625">
        <ele>296.79998779296875</ele>
        <time>2025-10-21T09:57:21.000Z</time>
        <extensions>
          <ns3:TrackPointExtension>
            <ns3:hr>96</ns3:hr>
            <ns3:cad>49</ns3:cad>
          </ns3:TrackPointExtension>
        </extensions>
      </trkpt>
      <trkpt lat="42.9202488251030445098876953125" lon="-8.78415430895984172821044921875">
        <ele>297.399993896484375</ele>
        <time>2025-10-21T09:57:27.000Z</time>
        <extensions>
          <ns3:TrackPointExtension>
            <ns3:hr>96</ns3:hr>
            <ns3:cad>49</ns3:cad>
          </ns3:TrackPointExtension>
        </extensions>
      </trkpt>
      <trkpt lat="42.92024807073175907135009765625" lon="-8.784191943705081939697265625">
        <ele>298</ele>
        <time>2025-10-21T09:57:30.000Z</time>
        <extensions>
          <ns3:TrackPointExtension>
            <ns3:hr>96</ns3:hr>
            <ns3:cad>47</ns3:cad>
          </ns3:TrackPointExtension>
        </extensions>
      </trkpt>
      <trkpt lat="42.9202498309314250946044921875" lon="-8.78425606526434421539306640625">
        <ele>298.20001220703125</ele>
        <time>2025-10-21T09:57:34.000Z</time>
        <extensions>
          <ns3:TrackPointExtension>
            <ns3:hr>96</ns3:hr>
            <ns3:cad>49</ns3:cad>
          </ns3:TrackPointExtension>
        </extensions>
      </trkpt>
      <trkpt lat="42.9202567040920257568359375" lon="-8.78435296006500720977783203125">
        <ele>298.600006103515625</ele>
        <time>2025-10-21T09:57:40.000Z</time>
        <extensions>
          <ns3:TrackPointExtension>
            <ns3:hr>99</ns3:hr>
            <ns3:cad>48</ns3:cad>
          </ns3:TrackPointExtension>
        </extensions>
      </trkpt>
      <trkpt lat="42.9202562011778354644775390625" lon="-8.78439880907535552978515625">
        <ele>298.600006103515625</ele>
        <time>2025-10-21T09:57:44.000Z</time>
        <extensions>
          <ns3:TrackPointExtension>
            <ns3:hr>100</ns3:hr>
            <ns3:cad>0</ns3:cad>
          </ns3:TrackPointExtension>
        </extensions>
      </trkpt>
      <trkpt lat="42.92026550509035587310791015625" lon="-8.78450073301792144775390625">
        <ele>299</ele>
        <time>2025-10-21T09:57:51.000Z</time>
        <extensions>
          <ns3:TrackPointExtension>
            <ns3:hr>100</ns3:hr>
            <ns3:cad>0</ns3:cad>
          </ns3:TrackPointExtension>
        </extensions>
      </trkpt>
      <trkpt lat="42.9202722944319248199462890625" lon="-8.78462302498519420623779296875">
        <ele>299.79998779296875</ele>
        <time>2025-10-21T09:57:59.000Z</time>
        <extensions>
          <ns3:TrackPointExtension>
            <ns3:hr>99</ns3:hr>
            <ns3:cad>50</ns3:cad>
          </ns3:TrackPointExtension>
        </extensions>
      </trkpt>
      <trkpt lat="42.92028143070638179779052734375" lon="-8.78467834554612636566162109375">
        <ele>300.20001220703125</ele>
        <time>2025-10-21T09:58:04.000Z</time>
        <extensions>
          <ns3:TrackPointExtension>
            <ns3:hr>99</ns3:hr>
            <ns3:cad>0</ns3:cad>
          </ns3:TrackPointExtension>
        </extensions>
      </trkpt>
      <trkpt lat="42.9202860407531261444091796875" lon="-8.78470650874078273773193359375">
        <ele>300.399993896484375</ele>
        <time>2025-10-21T09:58:06.000Z</time>
        <extensions>
          <ns3:TrackPointExtension>
            <ns3:hr>99</ns3:hr>
            <ns3:cad>0</ns3:cad>
          </ns3:TrackPointExtension>
        </extensions>
      </trkpt>
      <trkpt lat="42.92031914927065372467041015625" lon="-8.78481027670204639434814453125">
        <ele>301.20001220703125</ele>
        <time>2025-10-21T09:58:15.000Z</time>
        <extensions>
          <ns3:TrackPointExtension>
            <ns3:hr>99</ns3:hr>
            <ns3:cad>46</ns3:cad>
          </ns3:TrackPointExtension>
        </extensions>
      </trkpt>
      <trkpt lat="42.92032652534544467926025390625" lon="-8.784821592271327972412109375">
        <ele>301.399993896484375</ele>
        <time>2025-10-21T09:58:20.000Z</time>
        <extensions>
          <ns3:TrackPointExtension>
            <ns3:hr>102</ns3:hr>
            <ns3:cad>0</ns3:cad>
          </ns3:TrackPointExtension>
        </extensions>
      </trkpt>
      <trkpt lat="42.92033960111439228057861328125" lon="-8.78486090339720249176025390625">
        <ele>301.399993896484375</ele>
        <time>2025-10-21T09:58:23.000Z</time>
        <extensions>
          <ns3:TrackPointExtension>
            <ns3:hr>103</ns3:hr>
            <ns3:cad>0</ns3:cad>
          </ns3:TrackPointExtension>
        </extensions>
      </trkpt>
      <trkpt lat="42.920381091535091400146484375" lon="-8.7849776633083820343017578125">
        <ele>302.20001220703125</ele>
        <time>2025-10-21T09:58:33.000Z</time>
        <extensions>
          <ns3:TrackPointExtension>
            <ns3:hr>103</ns3:hr>
            <ns3:cad>45</ns3:cad>
          </ns3:TrackPointExtension>
        </extensions>
      </trkpt>
      <trkpt lat="42.9204362444579601287841796875" lon="-8.78505217842757701873779296875">
        <ele>302.399993896484375</ele>
        <time>2025-10-21T09:58:40.000Z</time>
        <extensions>
          <ns3:TrackPointExtension>
            <ns3:hr>104</ns3:hr>
            <ns3:cad>0</ns3:cad>
          </ns3:TrackPointExtension>
        </extensions>
      </trkpt>
      <trkpt lat="42.92045258916914463043212890625" lon="-8.78507665358483791351318359375">
        <ele>302.600006103515625</ele>
        <time>2025-10-21T09:58:42.000Z</time>
        <extensions>
          <ns3:TrackPointExtension>
            <ns3:hr>104</ns3:hr>
            <ns3:cad>50</ns3:cad>
          </ns3:TrackPointExtension>
        </extensions>
      </trkpt>
      <trkpt lat="42.92052517645061016082763671875" lon="-8.7851908989250659942626953125">
        <ele>302.600006103515625</ele>
        <time>2025-10-21T09:58:53.000Z</time>
        <extensions>
          <ns3:TrackPointExtension>
            <ns3:hr>105</ns3:hr>
            <ns3:cad>51</ns3:cad>
          </ns3:TrackPointExtension>
        </extensions>
      </trkpt>
      <trkpt lat="42.920611090958118438720703125" lon="-8.78528553061187267303466796875">
        <ele>302.600006103515625</ele>
        <time>2025-10-21T09:59:03.000Z</time>
        <extensions>
          <ns3:TrackPointExtension>
            <ns3:hr>107</ns3:hr>
            <ns3:cad>0</ns3:cad>
          </ns3:TrackPointExtension>
        </extensions>
      </trkpt>
      <trkpt lat="42.92063883505761623382568359375" lon="-8.78531738184392452239990234375">
        <ele>302.600006103515625</ele>
        <time>2025-10-21T09:59:06.000Z</time>
        <extensions>
          <ns3:TrackPointExtension>
            <ns3:hr>104</ns3:hr>
            <ns3:cad>51</ns3:cad>
          </ns3:TrackPointExtension>
        </extensions>
      </trkpt>
      <trkpt lat="42.92067043483257293701171875" lon="-8.78536214120686054229736328125">
        <ele>302.600006103515625</ele>
        <time>2025-10-21T09:59:10.000Z</time>
        <extensions>
          <ns3:TrackPointExtension>
            <ns3:hr>104</ns3:hr>
            <ns3:cad>53</ns3:cad>
          </ns3:TrackPointExtension>
        </extensions>
      </trkpt>
      <trkpt lat="42.92073003016412258148193359375" lon="-8.78545467741787433624267578125">
        <ele>303</ele>
        <time>2025-10-21T09:59:18.000Z</time>
        <extensions>
          <ns3:TrackPointExtension>
            <ns3:hr>103</ns3:hr>
            <ns3:cad>53</ns3:cad>
          </ns3:TrackPointExtension>
        </extensions>
      </trkpt>
      <trkpt lat="42.920802198350429534912109375" lon="-8.78557051531970500946044921875">
        <ele>303</ele>
        <time>2025-10-21T09:59:27.000Z</time>
        <extensions>
          <ns3:TrackPointExtension>
            <ns3:hr>100</ns3:hr>
            <ns3:cad>53</ns3:cad>
          </ns3:TrackPointExtension>
        </extensions>
      </trkpt>
      <trkpt lat="42.9208090715110301971435546875" lon="-8.7855825014412403106689453125">
        <ele>302.79998779296875</ele>
        <time>2025-10-21T09:59:28.000Z</time>
        <extensions>
          <ns3:TrackPointExtension>
            <ns3:hr>100</ns3:hr>
            <ns3:cad>53</ns3:cad>
          </ns3:TrackPointExtension>
        </extensions>
      </trkpt>
      <trkpt lat="42.92086028493940830230712890625" lon="-8.78566606901586055755615234375">
        <ele>302.79998779296875</ele>
        <time>2025-10-21T09:59:35.000Z</time>
        <extensions>
          <ns3:TrackPointExtension>
            <ns3:hr>100</ns3:hr>
            <ns3:cad>51</ns3:cad>
          </ns3:TrackPointExtension>
        </extensions>
      </trkpt>
      <trkpt lat="42.92090236209332942962646484375" lon="-8.78573010675609111785888671875">
        <ele>303.399993896484375</ele>
        <time>2025-10-21T09:59:41.000Z</time>
        <extensions>
          <ns3:TrackPointExtension>
            <ns3:hr>99</ns3:hr>
            <ns3:cad>0</ns3:cad>
          </ns3:TrackPointExtension>
        </extensions>
      </trkpt>
      <trkpt lat="42.9209210537374019622802734375" lon="-8.78574569709599018096923828125">
        <ele>303.600006103515625</ele>
        <time>2025-10-21T09:59:43.000Z</time>
        <extensions>
          <ns3:TrackPointExtension>
            <ns3:hr>99</ns3:hr>
            <ns3:cad>0</ns3:cad>
          </ns3:TrackPointExtension>
        </extensions>
      </trkpt>
      <trkpt lat="42.921001017093658447265625" lon="-8.7858423404395580291748046875">
        <ele>302.79998779296875</ele>
        <time>2025-10-21T09:59:52.000Z</time>
        <extensions>
          <ns3:TrackPointExtension>
            <ns3:hr>98</ns3:hr>
            <ns3:cad>51</ns3:cad>
          </ns3:TrackPointExtension>
        </extensions>
      </trkpt>
      <trkpt lat="42.92109061963856220245361328125" lon="-8.78594267182052135467529296875">
        <ele>302.600006103515625</ele>
        <time>2025-10-21T10:00:02.000Z</time>
        <extensions>
          <ns3:TrackPointExtension>
            <ns3:hr>96</ns3:hr>
            <ns3:cad>51</ns3:cad>
          </ns3:TrackPointExtension>
        </extensions>
      </trkpt>
      <trkpt lat="42.92111911810934543609619140625" lon="-8.785974271595478057861328125">
        <ele>302.399993896484375</ele>
        <time>2025-10-21T10:00:05.000Z</time>
        <extensions>
          <ns3:TrackPointExtension>
            <ns3:hr>95</ns3:hr>
            <ns3:cad>50</ns3:cad>
          </ns3:TrackPointExtension>
        </extensions>
      </trkpt>
      <trkpt lat="42.92116622440516948699951171875" lon="-8.786045350134372711181640625">
        <ele>302.20001220703125</ele>
        <time>2025-10-21T10:00:12.000Z</time>
        <extensions>
          <ns3:TrackPointExtension>
            <ns3:hr>94</ns3:hr>
            <ns3:cad>53</ns3:cad>
          </ns3:TrackPointExtension>
        </extensions>
      </trkpt>
      <trkpt lat="42.92122104205191135406494140625" lon="-8.78612690605223178863525390625">
        <ele>303.20001220703125</ele>
        <time>2025-10-21T10:00:20.000Z</time>
        <extensions>
          <ns3:TrackPointExtension>
            <ns3:hr>95</ns3:hr>
            <ns3:cad>0</ns3:cad>
          </ns3:TrackPointExtension>
        </extensions>
      </trkpt>
      <trkpt lat="42.92128189466893672943115234375" lon="-8.78621122799813747406005859375">
        <ele>302.79998779296875</ele>
        <time>2025-10-21T10:00:28.000Z</time>
        <extensions>
          <ns3:TrackPointExtension>
            <ns3:hr>95</ns3:hr>
            <ns3:cad>0</ns3:cad>
          </ns3:TrackPointExtension>
        </extensions>
      </trkpt>
      <trkpt lat="42.92131190188229084014892578125" lon="-8.78625850193202495574951171875">
        <ele>302.399993896484375</ele>
        <time>2025-10-21T10:00:32.000Z</time>
        <extensions>
          <ns3:TrackPointExtension>
            <ns3:hr>91</ns3:hr>
            <ns3:cad>53</ns3:cad>
          </ns3:TrackPointExtension>
        </extensions>
      </trkpt>
      <trkpt lat="42.92135548777878284454345703125" lon="-8.786318264901638031005859375">
        <ele>302.600006103515625</ele>
        <time>2025-10-21T10:00:36.000Z</time>
        <extensions>
          <ns3:TrackPointExtension>
            <ns3:hr>89</ns3:hr>
            <ns3:cad>0</ns3:cad>
          </ns3:TrackPointExtension>
        </extensions>
      </trkpt>
      <trkpt lat="42.92141080833971500396728515625" lon="-8.786398060619831085205078125">
        <ele>303.20001220703125</ele>
        <time>2025-10-21T10:00:44.000Z</time>
        <extensions>
          <ns3:TrackPointExtension>
            <ns3:hr>87</ns3:hr>
            <ns3:cad>54</ns3:cad>
          </ns3:TrackPointExtension>
        </extensions>
      </trkpt>
      <trkpt lat="42.92147400788962841033935546875" lon="-8.786480538547039031982421875">
        <ele>302.600006103515625</ele>
        <time>2025-10-21T10:00:52.000Z</time>
        <extensions>
          <ns3:TrackPointExtension>
            <ns3:hr>87</ns3:hr>
            <ns3:cad>52</ns3:cad>
          </ns3:TrackPointExtension>
        </extensions>
      </trkpt>
      <trkpt lat="42.92152471840381622314453125" lon="-8.78656662069261074066162109375">
        <ele>302.600006103515625</ele>
        <time>2025-10-21T10:00:59.000Z</time>
        <extensions>
          <ns3:TrackPointExtension>
            <ns3:hr>86</ns3:hr>
            <ns3:cad>52</ns3:cad>
          </ns3:TrackPointExtension>
        </extensions>
      </trkpt>
      <trkpt lat="42.92159386910498142242431640625" lon="-8.7866506911814212799072265625">
        <ele>302</ele>
        <time>2025-10-21T10:01:07.000Z</time>
        <extensions>
          <ns3:TrackPointExtension>
            <ns3:hr>85</ns3:hr>
            <ns3:cad>0</ns3:cad>
          </ns3:TrackPointExtension>
        </extensions>
      </trkpt>
      <trkpt lat="42.9216543026268482208251953125" lon="-8.78670877777040004730224609375">
        <ele>302.600006103515625</ele>
        <time>2025-10-21T10:01:14.000Z</time>
        <extensions>
          <ns3:TrackPointExtension>
            <ns3:hr>84</ns3:hr>
            <ns3:cad>49</ns3:cad>
          </ns3:TrackPointExtension>
        </extensions>
      </trkpt>
      <trkpt lat="42.9217210225760936737060546875" lon="-8.78678555600345134735107421875">
        <ele>302.399993896484375</ele>
        <time>2025-10-21T10:01:22.000Z</time>
        <extensions>
          <ns3:TrackPointExtension>
            <ns3:hr>86</ns3:hr>
            <ns3:cad>50</ns3:cad>
          </ns3:TrackPointExtension>
        </extensions>
      </trkpt>
      <trkpt lat="42.92174172587692737579345703125" lon="-8.78681556321680545806884765625">
        <ele>302.399993896484375</ele>
        <time>2025-10-21T10:01:25.000Z</time>
        <extensions>
          <ns3:TrackPointExtension>
            <ns3:hr>89</ns3:hr>
            <ns3:cad>50</ns3:cad>
          </ns3:TrackPointExtension>
        </extensions>
      </trkpt>
      <trkpt lat="42.92177357710897922515869140625" lon="-8.786860071122646331787109375">
        <ele>303.600006103515625</ele>
        <time>2025-10-21T10:01:29.000Z</time>
        <extensions>
          <ns3:TrackPointExtension>
            <ns3:hr>89</ns3:hr>
            <ns3:cad>48</ns3:cad>
          </ns3:TrackPointExtension>
        </extensions>
      </trkpt>
      <trkpt lat="42.921791933476924896240234375" lon="-8.786880187690258026123046875">
        <ele>303.600006103515625</ele>
        <time>2025-10-21T10:01:31.000Z</time>
        <extensions>
          <ns3:TrackPointExtension>
            <ns3:hr>90</ns3:hr>
            <ns3:cad>49</ns3:cad>
          </ns3:TrackPointExtension>
        </extensions>
      </trkpt>
      <trkpt lat="42.92184398509562015533447265625" lon="-8.786935843527317047119140625">
        <ele>303.600006103515625</ele>
        <time>2025-10-21T10:01:37.000Z</time>
        <extensions>
          <ns3:TrackPointExtension>
            <ns3:hr>93</ns3:hr>
            <ns3:cad>50</ns3:cad>
          </ns3:TrackPointExtension>
        </extensions>
      </trkpt>
      <trkpt lat="42.92185840196907520294189453125" lon="-8.7869584746658802032470703125">
        <ele>303.600006103515625</ele>
        <time>2025-10-21T10:01:39.000Z</time>
        <extensions>
          <ns3:TrackPointExtension>
            <ns3:hr>93</ns3:hr>
            <ns3:cad>50</ns3:cad>
          </ns3:TrackPointExtension>
        </extensions>
      </trkpt>
      <trkpt lat="42.921910621225833892822265625" lon="-8.78701186738908290863037109375">
        <ele>304.600006103515625</ele>
        <time>2025-10-21T10:01:46.000Z</time>
        <extensions>
          <ns3:TrackPointExtension>
            <ns3:hr>95</ns3:hr>
            <ns3:cad>0</ns3:cad>
          </ns3:TrackPointExtension>
        </extensions>
      </trkpt>
      <trkpt lat="42.9219277203083038330078125" lon="-8.78703131340444087982177734375">
        <ele>304.79998779296875</ele>
        <time>2025-10-21T10:01:48.000Z</time>
        <extensions>
          <ns3:TrackPointExtension>
            <ns3:hr>96</ns3:hr>
            <ns3:cad>0</ns3:cad>
          </ns3:TrackPointExtension>
        </extensions>
      </trkpt>
      <trkpt lat="42.9219765029847621917724609375" lon="-8.78710289485752582550048828125">
        <ele>305.20001220703125</ele>
        <time>2025-10-21T10:01:55.000Z</time>
        <extensions>
          <ns3:TrackPointExtension>
            <ns3:hr>98</ns3:hr>
            <ns3:cad>49</ns3:cad>
          </ns3:TrackPointExtension>
        </extensions>
      </trkpt>
      <trkpt lat="42.9220398701727390289306640625" lon="-8.7871918268501758575439453125">
        <ele>305.20001220703125</ele>
        <time>2025-10-21T10:02:03.000Z</time>
        <extensions>
          <ns3:TrackPointExtension>
            <ns3:hr>98</ns3:hr>
            <ns3:cad>0</ns3:cad>
          </ns3:TrackPointExtension>
        </extensions>
      </trkpt>
      <trkpt lat="42.9220918379724025726318359375" lon="-8.7872759811580181121826171875">
        <ele>305.399993896484375</ele>
        <time>2025-10-21T10:02:11.000Z</time>
        <extensions>
          <ns3:TrackPointExtension>
            <ns3:hr>96</ns3:hr>
            <ns3:cad>50</ns3:cad>
          </ns3:TrackPointExtension>
        </extensions>
      </trkpt>
      <trkpt lat="42.922116480767726898193359375" lon="-8.7873158790171146392822265625">
        <ele>305.600006103515625</ele>
        <time>2025-10-21T10:02:15.000Z</time>
        <extensions>
          <ns3:TrackPointExtension>
            <ns3:hr>96</ns3:hr>
            <ns3:cad>0</ns3:cad>
          </ns3:TrackPointExtension>
        </extensions>
      </trkpt>
      <trkpt lat="42.92214908637106418609619140625" lon="-8.7873748876154422760009765625">
        <ele>305.600006103515625</ele>
        <time>2025-10-21T10:02:20.000Z</time>
        <extensions>
          <ns3:TrackPointExtension>
            <ns3:hr>98</ns3:hr>
            <ns3:cad>0</ns3:cad>
          </ns3:TrackPointExtension>
        </extensions>
      </trkpt>
      <trkpt lat="42.92220558039844036102294921875" lon="-8.78745644353330135345458984375">
        <ele>305.399993896484375</ele>
        <time>2025-10-21T10:02:28.000Z</time>
        <extensions>
          <ns3:TrackPointExtension>
            <ns3:hr>99</ns3:hr>
            <ns3:cad>49</ns3:cad>
          </ns3:TrackPointExtension>
        </extensions>
      </trkpt>
      <trkpt lat="42.9222725518047809600830078125" lon="-8.7875458784401416778564453125">
        <ele>305.79998779296875</ele>
        <time>2025-10-21T10:02:36.000Z</time>
        <extensions>
          <ns3:TrackPointExtension>
            <ns3:hr>100</ns3:hr>
            <ns3:cad>51</ns3:cad>
          </ns3:TrackPointExtension>
        </extensions>
      </trkpt>
      <trkpt lat="42.922372631728649139404296875" lon="-8.78763933666050434112548828125">
        <ele>306.20001220703125</ele>
        <time>2025-10-21T10:02:46.000Z</time>
        <extensions>
          <ns3:TrackPointExtension>
            <ns3:hr>102</ns3:hr>
            <ns3:cad>0</ns3:cad>
          </ns3:TrackPointExtension>
        </extensions>
      </trkpt>
      <trkpt lat="42.92240724898874759674072265625" lon="-8.7877104990184307098388671875">
        <ele>306.399993896484375</ele>
        <time>2025-10-21T10:02:53.000Z</time>
        <extensions>
          <ns3:TrackPointExtension>
            <ns3:hr>105</ns3:hr>
            <ns3:cad>50</ns3:cad>
          </ns3:TrackPointExtension>
        </extensions>
      </trkpt>
      <trkpt lat="42.92242267169058322906494140625" lon="-8.78773036412894725799560546875">
        <ele>306.399993896484375</ele>
        <time>2025-10-21T10:02:55.000Z</time>
        <extensions>
          <ns3:TrackPointExtension>
            <ns3:hr>105</ns3:hr>
            <ns3:cad>50</ns3:cad>
          </ns3:TrackPointExtension>
        </extensions>
      </trkpt>
      <trkpt lat="42.92250372469425201416015625" lon="-8.7878422625362873077392578125">
        <ele>306.600006103515625</ele>
        <time>2025-10-21T10:03:05.000Z</time>
        <extensions>
          <ns3:TrackPointExtension>
            <ns3:hr>104</ns3:hr>
            <ns3:cad>50</ns3:cad>
          </ns3:TrackPointExtension>
        </extensions>
      </trkpt>
      <trkpt lat="42.9225320555269718170166015625" lon="-8.7878902070224285125732421875">
        <ele>306.600006103515625</ele>
        <time>2025-10-21T10:03:10.000Z</time>
        <extensions>
          <ns3:TrackPointExtension>
            <ns3:hr>103</ns3:hr>
            <ns3:cad>0</ns3:cad>
          </ns3:TrackPointExtension>
        </extensions>
      </trkpt>
      <trkpt lat="42.9225810058414936065673828125" lon="-8.78796807490289211273193359375">
        <ele>307</ele>
        <time>2025-10-21T10:03:17.000Z</time>
        <extensions>
          <ns3:TrackPointExtension>
            <ns3:hr>103</ns3:hr>
            <ns3:cad>0</ns3:cad>
          </ns3:TrackPointExtension>
        </extensions>
      </trkpt>
      <trkpt lat="42.9226128570735454559326171875" lon="-8.7880028598010540008544921875">
        <ele>307.79998779296875</ele>
        <time>2025-10-21T10:03:21.000Z</time>
        <extensions>
          <ns3:TrackPointExtension>
            <ns3:hr>104</ns3:hr>
            <ns3:cad>0</ns3:cad>
          </ns3:TrackPointExtension>
        </extensions>
      </trkpt>
      <trkpt lat="42.9226671718060970306396484375" lon="-8.7880494631826877593994140625">
        <ele>308</ele>
        <time>2025-10-21T10:03:27.000Z</time>
        <extensions>
          <ns3:TrackPointExtension>
            <ns3:hr>104</ns3:hr>
            <ns3:cad>50</ns3:cad>
          </ns3:TrackPointExtension>
        </extensions>
      </trkpt>
      <trkpt lat="42.9227540083229541778564453125" lon="-8.78811693750321865081787109375">
        <ele>308.600006103515625</ele>
        <time>2025-10-21T10:03:36.000Z</time>
        <extensions>
          <ns3:TrackPointExtension>
            <ns3:hr>104</ns3:hr>
            <ns3:cad>48</ns3:cad>
          </ns3:TrackPointExtension>
        </extensions>
      </trkpt>
      <trkpt lat="42.92276180349290370941162109375" lon="-8.788121379911899566650390625">
        <ele>308.79998779296875</ele>
        <time>2025-10-21T10:03:37.000Z</time>
        <extensions>
          <ns3:TrackPointExtension>
            <ns3:hr>104</ns3:hr>
            <ns3:cad>48</ns3:cad>
          </ns3:TrackPointExtension>
        </extensions>
      </trkpt>
      <trkpt lat="42.92283170856535434722900390625" lon="-8.78820218145847320556640625">
        <ele>309.399993896484375</ele>
        <time>2025-10-21T10:03:46.000Z</time>
        <extensions>
          <ns3:TrackPointExtension>
            <ns3:hr>105</ns3:hr>
            <ns3:cad>49</ns3:cad>
          </ns3:TrackPointExtension>
        </extensions>
      </trkpt>
      <trkpt lat="42.92286825366318225860595703125" lon="-8.7882455997169017791748046875">
        <ele>309.79998779296875</ele>
        <time>2025-10-21T10:03:51.000Z</time>
        <extensions>
          <ns3:TrackPointExtension>
            <ns3:hr>107</ns3:hr>
            <ns3:cad>50</ns3:cad>
          </ns3:TrackPointExtension>
        </extensions>
      </trkpt>
      <trkpt lat="42.922933213412761688232421875" lon="-8.78831885755062103271484375">
        <ele>310.399993896484375</ele>
        <time>2025-10-21T10:03:58.000Z</time>
        <extensions>
          <ns3:TrackPointExtension>
            <ns3:hr>107</ns3:hr>
            <ns3:cad>49</ns3:cad>
          </ns3:TrackPointExtension>
        </extensions>
      </trkpt>
      <trkpt lat="42.9229836724698543548583984375" lon="-8.78839924000203609466552734375">
        <ele>310.79998779296875</ele>
        <time>2025-10-21T10:04:05.000Z</time>
        <extensions>
          <ns3:TrackPointExtension>
            <ns3:hr>108</ns3:hr>
            <ns3:cad>0</ns3:cad>
          </ns3:TrackPointExtension>
        </extensions>
      </trkpt>
      <trkpt lat="42.92301678098738193511962890625" lon="-8.78844969905912876129150390625">
        <ele>310.79998779296875</ele>
        <time>2025-10-21T10:04:09.000Z</time>
        <extensions>
          <ns3:TrackPointExtension>
            <ns3:hr>108</ns3:hr>
            <ns3:cad>54</ns3:cad>
          </ns3:TrackPointExtension>
        </extensions>
      </trkpt>
      <trkpt lat="42.923100851476192474365234375" lon="-8.78855313174426555633544921875">
        <ele>310.399993896484375</ele>
        <time>2025-10-21T10:04:20.000Z</time>
        <extensions>
          <ns3:TrackPointExtension>
            <ns3:hr>110</ns3:hr>
            <ns3:cad>53</ns3:cad>
          </ns3:TrackPointExtension>
        </extensions>
      </trkpt>
      <trkpt lat="42.92317016981542110443115234375" lon="-8.788629658520221710205078125">
        <ele>311.20001220703125</ele>
        <time>2025-10-21T10:04:28.000Z</time>
        <extensions>
          <ns3:TrackPointExtension>
            <ns3:hr>111</ns3:hr>
            <ns3:cad>0</ns3:cad>
          </ns3:TrackPointExtension>
        </extensions>
      </trkpt>
      <trkpt lat="42.9232642985880374908447265625" lon="-8.78871926106512546539306640625">
        <ele>311.600006103515625</ele>
        <time>2025-10-21T10:04:38.000Z</time>
        <extensions>
          <ns3:TrackPointExtension>
            <ns3:hr>110</ns3:hr>
            <ns3:cad>51</ns3:cad>
          </ns3:TrackPointExtension>
        </extensions>
      </trkpt>
      <trkpt lat="42.92329707182943820953369140625" lon="-8.7887471728026866912841796875">
        <ele>312</ele>
        <time>2025-10-21T10:04:41.000Z</time>
        <extensions>
          <ns3:TrackPointExtension>
            <ns3:hr>109</ns3:hr>
            <ns3:cad>0</ns3:cad>
          </ns3:TrackPointExtension>
        </extensions>
      </trkpt>
      <trkpt lat="42.9233645461499691009521484375" lon="-8.78876988776028156280517578125">
        <ele>311.600006103515625</ele>
        <time>2025-10-21T10:04:47.000Z</time>
        <extensions>
          <ns3:TrackPointExtension>
            <ns3:hr>108</ns3:hr>
            <ns3:cad>52</ns3:cad>
          </ns3:TrackPointExtension>
        </extensions>
      </trkpt>
      <trkpt lat="42.923409976065158843994140625" lon="-8.78873015753924846649169921875">
        <ele>311.79998779296875</ele>
        <time>2025-10-21T10:04:52.000Z</time>
        <extensions>
          <ns3:TrackPointExtension>
            <ns3:hr>105</ns3:hr>
            <ns3:cad>53</ns3:cad>
          </ns3:TrackPointExtension>
        </extensions>
      </trkpt>
      <trkpt lat="42.923438139259815216064453125" lon="-8.7886936962604522705078125">
        <ele>312</ele>
        <time>2025-10-21T10:04:55.000Z</time>
        <extensions>
          <ns3:TrackPointExtension>
            <ns3:hr>102</ns3:hr>
            <ns3:cad>52</ns3:cad>
          </ns3:TrackPointExtension>
        </extensions>
      </trkpt>
      <trkpt lat="42.9234751872718334197998046875" lon="-8.788624294102191925048828125">
        <ele>312.399993896484375</ele>
        <time>2025-10-21T10:05:01.000Z</time>
        <extensions>
          <ns3:TrackPointExtension>
            <ns3:hr>99</ns3:hr>
            <ns3:cad>52</ns3:cad>
          </ns3:TrackPointExtension>
        </extensions>
      </trkpt>
      <trkpt lat="42.92349941097199916839599609375" lon="-8.7886113859713077545166015625">
        <ele>312.600006103515625</ele>
        <time>2025-10-21T10:05:04.000Z</time>
        <extensions>
          <ns3:TrackPointExtension>
            <ns3:hr>99</ns3:hr>
            <ns3:cad>52</ns3:cad>
          </ns3:TrackPointExtension>
        </extensions>
      </trkpt>
      <trkpt lat="42.9236019216477870941162109375" lon="-8.7886346876621246337890625">
        <ele>312.399993896484375</ele>
        <time>2025-10-21T10:05:13.000Z</time>
        <extensions>
          <ns3:TrackPointExtension>
            <ns3:hr>98</ns3:hr>
            <ns3:cad>51</ns3:cad>
          </ns3:TrackPointExtension>
        </extensions>
      </trkpt>
      <trkpt lat="42.92368615977466106414794921875" lon="-8.78865170292556285858154296875">
        <ele>311.79998779296875</ele>
        <time>2025-10-21T10:05:21.000Z</time>
        <extensions>
          <ns3:TrackPointExtension>
            <ns3:hr>96</ns3:hr>
            <ns3:cad>54</ns3:cad>
          </ns3:TrackPointExtension>
        </extensions>
      </trkpt>
      <trkpt lat="42.923786155879497528076171875" lon="-8.788677938282489776611328125">
        <ele>311.20001220703125</ele>
        <time>2025-10-21T10:05:30.000Z</time>
        <extensions>
          <ns3:TrackPointExtension>
            <ns3:hr>94</ns3:hr>
            <ns3:cad>54</ns3:cad>
          </ns3:TrackPointExtension>
        </extensions>
      </trkpt>
      <trkpt lat="42.9238265566527843475341796875" lon="-8.78868858329951763153076171875">
        <ele>310.79998779296875</ele>
        <time>2025-10-21T10:05:33.000Z</time>
        <extensions>
          <ns3:TrackPointExtension>
            <ns3:hr>94</ns3:hr>
            <ns3:cad>54</ns3:cad>
          </ns3:TrackPointExtension>
        </extensions>
      </trkpt>
      <trkpt lat="42.9239009879529476165771484375" lon="-8.78870970569550991058349609375">
        <ele>310.399993896484375</ele>
        <time>2025-10-21T10:05:40.000Z</time>
        <extensions>
          <ns3:TrackPointExtension>
            <ns3:hr>92</ns3:hr>
            <ns3:cad>55</ns3:cad>
          </ns3:TrackPointExtension>
        </extensions>
      </trkpt>
      <trkpt lat="42.92398304678499698638916015625" lon="-8.78874893300235271453857421875">
        <ele>310</ele>
        <time>2025-10-21T10:05:48.000Z</time>
        <extensions>
          <ns3:TrackPointExtension>
            <ns3:hr>91</ns3:hr>
            <ns3:cad>53</ns3:cad>
          </ns3:TrackPointExtension>
        </extensions>
      </trkpt>
      <trkpt lat="42.92399075813591480255126953125" lon="-8.78875412978231906890869140625">
        <ele>309.79998779296875</ele>
        <time>2025-10-21T10:05:49.000Z</time>
        <extensions>
          <ns3:TrackPointExtension>
            <ns3:hr>91</ns3:hr>
            <ns3:cad>54</ns3:cad>
          </ns3:TrackPointExtension>
        </extensions>
      </trkpt>
      <trkpt lat="42.92408832348883152008056640625" lon="-8.78879763185977935791015625">
        <ele>309.399993896484375</ele>
        <time>2025-10-21T10:05:57.000Z</time>
        <extensions>
          <ns3:TrackPointExtension>
            <ns3:hr>90</ns3:hr>
            <ns3:cad>0</ns3:cad>
          </ns3:TrackPointExtension>
        </extensions>
      </trkpt>
      <trkpt lat="42.924186475574970245361328125" lon="-8.7888340093195438385009765625">
        <ele>309.600006103515625</ele>
        <time>2025-10-21T10:06:06.000Z</time>
        <extensions>
          <ns3:TrackPointExtension>
            <ns3:hr>89</ns3:hr>
            <ns3:cad>55</ns3:cad>
          </ns3:TrackPointExtension>
        </extensions>
      </trkpt>
      <trkpt lat="42.9242885671555995941162109375" lon="-8.78887734375894069671630859375">
        <ele>309</ele>
        <time>2025-10-21T10:06:15.000Z</time>
        <extensions>
          <ns3:TrackPointExtension>
            <ns3:hr>88</ns3:hr>
            <ns3:cad>56</ns3:cad>
          </ns3:TrackPointExtension>
        </extensions>
      </trkpt>
      <trkpt lat="42.924389652907848358154296875" lon="-8.78891288302838802337646484375">
        <ele>308.79998779296875</ele>
        <time>2025-10-21T10:06:24.000Z</time>
        <extensions>
          <ns3:TrackPointExtension>
            <ns3:hr>88</ns3:hr>
            <ns3:cad>55</ns3:cad>
          </ns3:TrackPointExtension>
        </extensions>
      </trkpt>
      <trkpt lat="42.92446936480700969696044921875" lon="-8.78892998211085796356201171875">
        <ele>307.600006103515625</ele>
        <time>2025-10-21T10:06:32.000Z</time>
        <extensions>
          <ns3:TrackPointExtension>
            <ns3:hr>89</ns3:hr>
            <ns3:cad>55</ns3:cad>
          </ns3:TrackPointExtension>
        </extensions>
      </trkpt>
      <trkpt lat="42.92450356297194957733154296875" lon="-8.7889386154711246490478515625">
        <ele>307</ele>
        <time>2025-10-21T10:06:36.000Z</time>
        <extensions>
          <ns3:TrackPointExtension>
            <ns3:hr>90</ns3:hr>
            <ns3:cad>56</ns3:cad>
          </ns3:TrackPointExtension>
        </extensions>
      </trkpt>
      <trkpt lat="42.92456491850316524505615234375" lon="-8.788962922990322113037109375">
        <ele>306.600006103515625</ele>
        <time>2025-10-21T10:06:41.000Z</time>
        <extensions>
          <ns3:TrackPointExtension>
            <ns3:hr>90</ns3:hr>
            <ns3:cad>56</ns3:cad>
          </ns3:TrackPointExtension>
        </extensions>
      </trkpt>
      <trkpt lat="42.92465108446776866912841796875" lon="-8.78899837844073772430419921875">
        <ele>306</ele>
        <time>2025-10-21T10:06:47.000Z</time>
        <extensions>
          <ns3:TrackPointExtension>
            <ns3:hr>90</ns3:hr>
            <ns3:cad>57</ns3:cad>
          </ns3:TrackPointExtension>
        </extensions>
      </trkpt>
      <trkpt lat="42.92473289184272289276123046875" lon="-8.7890351749956607818603515625">
        <ele>305.600006103515625</ele>
        <time>2025-10-21T10:06:56.000Z</time>
        <extensions>
          <ns3:TrackPointExtension>
            <ns3:hr>91</ns3:hr>
            <ns3:cad>55</ns3:cad>
          </ns3:TrackPointExtension>
        </extensions>
      </trkpt>
      <trkpt lat="42.924838252365589141845703125" lon="-8.78911438398063182830810546875">
        <ele>304.79998779296875</ele>
        <time>2025-10-21T10:07:05.000Z</time>
        <extensions>
          <ns3:TrackPointExtension>
            <ns3:hr>91</ns3:hr>
            <ns3:cad>55</ns3:cad>
          </ns3:TrackPointExtension>
        </extensions>
      </trkpt>
      <trkpt lat="42.92489348910748958587646484375" lon="-8.7891927547752857208251953125">
        <ele>304.79998779296875</ele>
        <time>2025-10-21T10:07:13.000Z</time>
        <extensions>
          <ns3:TrackPointExtension>
            <ns3:hr>90</ns3:hr>
            <ns3:cad>55</ns3:cad>
          </ns3:TrackPointExtension>
        </extensions>
      </trkpt>
      <trkpt lat="42.92493808083236217498779296875" lon="-8.789257295429706573486328125">
        <ele>304.600006103515625</ele>
        <time>2025-10-21T10:07:18.000Z</time>
        <extensions>
          <ns3:TrackPointExtension>
            <ns3:hr>90</ns3:hr>
            <ns3:cad>56</ns3:cad>
          </ns3:TrackPointExtension>
        </extensions>
      </trkpt>
      <trkpt lat="42.924977727234363555908203125" lon="-8.7893151305615901947021484375">
        <ele>304.399993896484375</ele>
        <time>2025-10-21T10:07:23.000Z</time>
        <extensions>
          <ns3:TrackPointExtension>
            <ns3:hr>89</ns3:hr>
            <ns3:cad>56</ns3:cad>
          </ns3:TrackPointExtension>
        </extensions>
      </trkpt>
      <trkpt lat="42.925032712519168853759765625" lon="-8.7893852032721042633056640625">
        <ele>304.20001220703125</ele>
        <time>2025-10-21T10:07:29.000Z</time>
        <extensions>
          <ns3:TrackPointExtension>
            <ns3:hr>88</ns3:hr>
            <ns3:cad>55</ns3:cad>
          </ns3:TrackPointExtension>
        </extensions>
      </trkpt>
      <trkpt lat="42.92509532533586025238037109375" lon="-8.78946977667510509490966796875">
        <ele>304</ele>
        <time>2025-10-21T10:07:37.000Z</time>
        <extensions>
          <ns3:TrackPointExtension>
            <ns3:hr>89</ns3:hr>
            <ns3:cad>55</ns3:cad>
          </ns3:TrackPointExtension>
        </extensions>
      </trkpt>
      <trkpt lat="42.9251267574727535247802734375" lon="-8.78952643834054470062255859375">
        <ele>304</ele>
        <time>2025-10-21T10:07:42.000Z</time>
        <extensions>
          <ns3:TrackPointExtension>
            <ns3:hr>86</ns3:hr>
            <ns3:cad>0</ns3:cad>
          </ns3:TrackPointExtension>
        </extensions>
      </trkpt>
      <trkpt lat="42.9251302778720855712890625" lon="-8.789562396705150604248046875">
        <ele>304</ele>
        <time>2025-10-21T10:07:45.000Z</time>
        <extensions>
          <ns3:TrackPointExtension>
            <ns3:hr>85</ns3:hr>
            <ns3:cad>53</ns3:cad>
          </ns3:TrackPointExtension>
        </extensions>
      </trkpt>
      <trkpt lat="42.9251337982714176177978515625" lon="-8.789713941514492034912109375">
        <ele>304</ele>
        <time>2025-10-21T10:07:55.000Z</time>
        <extensions>
          <ns3:TrackPointExtension>
            <ns3:hr>85</ns3:hr>
            <ns3:cad>51</ns3:cad>
          </ns3:TrackPointExtension>
        </extensions>
      </trkpt>
      <trkpt lat="42.9251396656036376953125" lon="-8.789832293987274169921875">
        <ele>304.20001220703125</ele>
        <time>2025-10-21T10:08:03.000Z</time>
        <extensions>
          <ns3:TrackPointExtension>
            <ns3:hr>87</ns3:hr>
            <ns3:cad>50</ns3:cad>
          </ns3:TrackPointExtension>
        </extensions>
      </trkpt>
      <trkpt lat="42.9251425154507160186767578125" lon="-8.78993933089077472686767578125">
        <ele>305.600006103515625</ele>
        <time>2025-10-21T10:08:10.000Z</time>
        <extensions>
          <ns3:TrackPointExtension>
            <ns3:hr>88</ns3:hr>
            <ns3:cad>51</ns3:cad>
          </ns3:TrackPointExtension>
        </extensions>
      </trkpt>
      <trkpt lat="42.92514310218393802642822265625" lon="-8.78995844163000583648681640625">
        <ele>305.79998779296875</ele>
        <time>2025-10-21T10:08:12.000Z</time>
        <extensions>
          <ns3:TrackPointExtension>
            <ns3:hr>89</ns3:hr>
            <ns3:cad>51</ns3:cad>
          </ns3:TrackPointExtension>
        </extensions>
      </trkpt>
      <trkpt lat="42.92514628730714321136474609375" lon="-8.790025748312473297119140625">
        <ele>306.399993896484375</ele>
        <time>2025-10-21T10:08:17.000Z</time>
        <extensions>
          <ns3:TrackPointExtension>
            <ns3:hr>92</ns3:hr>
            <ns3:cad>0</ns3:cad>
          </ns3:TrackPointExtension>
        </extensions>
      </trkpt>
      <trkpt lat="42.92514930479228496551513671875" lon="-8.790060617029666900634765625">
        <ele>306.600006103515625</ele>
        <time>2025-10-21T10:08:19.000Z</time>
        <extensions>
          <ns3:TrackPointExtension>
            <ns3:hr>93</ns3:hr>
            <ns3:cad>50</ns3:cad>
          </ns3:TrackPointExtension>
        </extensions>
      </trkpt>
      <trkpt lat="42.92515081353485584259033203125" lon="-8.79007813520729541778564453125">
        <ele>306.79998779296875</ele>
        <time>2025-10-21T10:08:20.000Z</time>
        <extensions>
          <ns3:TrackPointExtension>
            <ns3:hr>93</ns3:hr>
            <ns3:cad>50</ns3:cad>
          </ns3:TrackPointExtension>
        </extensions>
      </trkpt>
      <trkpt lat="42.9251519031822681427001953125" lon="-8.79014066420495510101318359375">
        <ele>307</ele>
        <time>2025-10-21T10:08:24.000Z</time>
        <extensions>
          <ns3:TrackPointExtension>
            <ns3:hr>96</ns3:hr>
            <ns3:cad>50</ns3:cad>
          </ns3:TrackPointExtension>
        </extensions>
      </trkpt>
      <trkpt lat="42.92515668086707592010498046875" lon="-8.7901781313121318817138671875">
        <ele>307.20001220703125</ele>
        <time>2025-10-21T10:08:28.000Z</time>
        <extensions>
          <ns3:TrackPointExtension>
            <ns3:hr>97</ns3:hr>
            <ns3:cad>0</ns3:cad>
          </ns3:TrackPointExtension>
        </extensions>
      </trkpt>
      <trkpt lat="42.92516154237091541290283203125" lon="-8.79021543078124523162841796875">
        <ele>307.79998779296875</ele>
        <time>2025-10-21T10:08:32.000Z</time>
        <extensions>
          <ns3:TrackPointExtension>
            <ns3:hr>97</ns3:hr>
            <ns3:cad>48</ns3:cad>
          </ns3:TrackPointExtension>
        </extensions>
      </trkpt>
      <trkpt lat="42.92517746798694133758544921875" lon="-8.7902941368520259857177734375">
        <ele>308.399993896484375</ele>
        <time>2025-10-21T10:08:38.000Z</time>
        <extensions>
          <ns3:TrackPointExtension>
            <ns3:hr>98</ns3:hr>
            <ns3:cad>47</ns3:cad>
          </ns3:TrackPointExtension>
        </extensions>
      </trkpt>
      <trkpt lat="42.92517788708209991455078125" lon="-8.79039798863232135772705078125">
        <ele>308.600006103515625</ele>
        <time>2025-10-21T10:08:45.000Z</time>
        <extensions>
          <ns3:TrackPointExtension>
            <ns3:hr>97</ns3:hr>
            <ns3:cad>45</ns3:cad>
          </ns3:TrackPointExtension>
        </extensions>
      </trkpt>
      <trkpt lat="42.92517612688243389129638671875" lon="-8.79041911102831363677978515625">
        <ele>308.79998779296875</ele>
        <time>2025-10-21T10:08:47.000Z</time>
        <extensions>
          <ns3:TrackPointExtension>
            <ns3:hr>97</ns3:hr>
            <ns3:cad>48</ns3:cad>
          </ns3:TrackPointExtension>
        </extensions>
      </trkpt>
      <trkpt lat="42.92517545633018016815185546875" lon="-8.79052153788506984710693359375">
        <ele>309</ele>
        <time>2025-10-21T10:08:54.000Z</time>
        <extensions>
          <ns3:TrackPointExtension>
            <ns3:hr>97</ns3:hr>
            <ns3:cad>50</ns3:cad>
          </ns3:TrackPointExtension>
        </extensions>
      </trkpt>
      <trkpt lat="42.9251847602427005767822265625" lon="-8.79064827226102352142333984375">
        <ele>309.20001220703125</ele>
        <time>2025-10-21T10:09:03.000Z</time>
        <extensions>
          <ns3:TrackPointExtension>
            <ns3:hr>97</ns3:hr>
            <ns3:cad>48</ns3:cad>
          </ns3:TrackPointExtension>
        </extensions>
      </trkpt>
      <trkpt lat="42.92516288347542285919189453125" lon="-8.790782801806926727294921875">
        <ele>309.79998779296875</ele>
        <time>2025-10-21T10:09:14.000Z</time>
        <extensions>
          <ns3:TrackPointExtension>
            <ns3:hr>97</ns3:hr>
            <ns3:cad>49</ns3:cad>
          </ns3:TrackPointExtension>
        </extensions>
      </trkpt>
      <trkpt lat="42.92516187764704227447509765625" lon="-8.79079177044332027435302734375">
        <ele>310</ele>
        <time>2025-10-21T10:09:15.000Z</time>
        <extensions>
          <ns3:TrackPointExtension>
            <ns3:hr>94</ns3:hr>
            <ns3:cad>49</ns3:cad>
          </ns3:TrackPointExtension>
        </extensions>
      </trkpt>
      <trkpt lat="42.92515517212450504302978515625" lon="-8.79089646041393280029296875">
        <ele>310.600006103515625</ele>
        <time>2025-10-21T10:09:24.000Z</time>
        <extensions>
          <ns3:TrackPointExtension>
            <ns3:hr>91</ns3:hr>
            <ns3:cad>48</ns3:cad>
          </ns3:TrackPointExtension>
        </extensions>
      </trkpt>
      <trkpt lat="42.92515575885772705078125" lon="-8.79092621617019176483154296875">
        <ele>311</ele>
        <time>2025-10-21T10:09:26.000Z</time>
        <extensions>
          <ns3:TrackPointExtension>
            <ns3:hr>91</ns3:hr>
            <ns3:cad>48</ns3:cad>
          </ns3:TrackPointExtension>
        </extensions>
      </trkpt>
      <trkpt lat="42.92515374720096588134765625" lon="-8.79097969271242618560791015625">
        <ele>312</ele>
        <time>2025-10-21T10:09:32.000Z</time>
        <extensions>
          <ns3:TrackPointExtension>
            <ns3:hr>92</ns3:hr>
            <ns3:cad>0</ns3:cad>
          </ns3:TrackPointExtension>
        </extensions>
      </trkpt>
      <trkpt lat="42.92515165172517299652099609375" lon="-8.790997378528118133544921875">
        <ele>312.20001220703125</ele>
        <time>2025-10-21T10:09:33.000Z</time>
        <extensions>
          <ns3:TrackPointExtension>
            <ns3:hr>92</ns3:hr>
            <ns3:cad>0</ns3:cad>
          </ns3:TrackPointExtension>
        </extensions>
      </trkpt>
      <trkpt lat="42.9251472093164920806884765625" lon="-8.791085891425609588623046875">
        <ele>312.600006103515625</ele>
        <time>2025-10-21T10:09:40.000Z</time>
        <extensions>
          <ns3:TrackPointExtension>
            <ns3:hr>95</ns3:hr>
            <ns3:cad>45</ns3:cad>
          </ns3:TrackPointExtension>
        </extensions>
      </trkpt>
      <trkpt lat="42.925143353641033172607421875" lon="-8.79113391973078250885009765625">
        <ele>313</ele>
        <time>2025-10-21T10:09:44.000Z</time>
        <extensions>
          <ns3:TrackPointExtension>
            <ns3:hr>96</ns3:hr>
            <ns3:cad>46</ns3:cad>
          </ns3:TrackPointExtension>
        </extensions>
      </trkpt>
      <trkpt lat="42.92513497173786163330078125" lon="-8.79119225777685642242431640625">
        <ele>313.600006103515625</ele>
        <time>2025-10-21T10:09:49.000Z</time>
        <extensions>
          <ns3:TrackPointExtension>
            <ns3:hr>98</ns3:hr>
            <ns3:cad>46</ns3:cad>
          </ns3:TrackPointExtension>
        </extensions>
      </trkpt>
      <trkpt lat="42.92513069696724414825439453125" lon="-8.7912619113922119140625">
        <ele>314.20001220703125</ele>
        <time>2025-10-21T10:09:54.000Z</time>
        <extensions>
          <ns3:TrackPointExtension>
            <ns3:hr>100</ns3:hr>
            <ns3:cad>0</ns3:cad>
          </ns3:TrackPointExtension>
        </extensions>
      </trkpt>
      <trkpt lat="42.92513136751949787139892578125" lon="-8.79127356223762035369873046875">
        <ele>314.399993896484375</ele>
        <time>2025-10-21T10:09:55.000Z</time>
        <extensions>
          <ns3:TrackPointExtension>
            <ns3:hr>101</ns3:hr>
            <ns3:cad>0</ns3:cad>
          </ns3:TrackPointExtension>
        </extensions>
      </trkpt>
      <trkpt lat="42.9251274280250072479248046875" lon="-8.7913036532700061798095703125">
        <ele>315.20001220703125</ele>
        <time>2025-10-21T10:09:58.000Z</time>
        <extensions>
          <ns3:TrackPointExtension>
            <ns3:hr>102</ns3:hr>
            <ns3:cad>44</ns3:cad>
          </ns3:TrackPointExtension>
        </extensions>
      </trkpt>
      <trkpt lat="42.925127260386943817138671875" lon="-8.7913888134062290191650390625">
        <ele>315.79998779296875</ele>
        <time>2025-10-21T10:10:04.000Z</time>
        <extensions>
          <ns3:TrackPointExtension>
            <ns3:hr>102</ns3:hr>
            <ns3:cad>45</ns3:cad>
          </ns3:TrackPointExtension>
        </extensions>
      </trkpt>
      <trkpt lat="42.92514913715422153472900390625" lon="-8.79141907207667827606201171875">
        <ele>316.20001220703125</ele>
        <time>2025-10-21T10:10:11.000Z</time>
        <extensions>
          <ns3:TrackPointExtension>
            <ns3:hr>105</ns3:hr>
            <ns3:cad>0</ns3:cad>
          </ns3:TrackPointExtension>
        </extensions>
      </trkpt>
      <trkpt lat="42.925151400268077850341796875" lon="-8.79140649922192096710205078125">
        <ele>316.20001220703125</ele>
        <time>2025-10-21T10:10:15.000Z</time>
        <extensions>
          <ns3:TrackPointExtension>
            <ns3:hr>108</ns3:hr>
            <ns3:cad>0</ns3:cad>
          </ns3:TrackPointExtension>
        </extensions>
      </trkpt>
      <trkpt lat="42.9251592792570590972900390625" lon="-8.79141923971474170684814453125">
        <ele>316.20001220703125</ele>
        <time>2025-10-21T10:10:19.000Z</time>
        <extensions>
          <ns3:TrackPointExtension>
            <ns3:hr>107</ns3:hr>
            <ns3:cad>0</ns3:cad>
          </ns3:TrackPointExtension>
        </extensions>
      </trkpt>
      <trkpt lat="42.92516355402767658233642578125" lon="-8.7914266996085643768310546875">
        <ele>316.20001220703125</ele>
        <time>2025-10-21T10:10:20.000Z</time>
        <extensions>
          <ns3:TrackPointExtension>
            <ns3:hr>104</ns3:hr>
            <ns3:cad>0</ns3:cad>
          </ns3:TrackPointExtension>
        </extensions>
      </trkpt>
      <trkpt lat="42.9251740314066410064697265625" lon="-8.79147422499954700469970703125">
        <ele>315.79998779296875</ele>
        <time>2025-10-21T10:10:26.000Z</time>
        <extensions>
          <ns3:TrackPointExtension>
            <ns3:hr>105</ns3:hr>
            <ns3:cad>43</ns3:cad>
          </ns3:TrackPointExtension>
        </extensions>
      </trkpt>
      <trkpt lat="42.9252025298774242401123046875" lon="-8.7915824353694915771484375">
        <ele>316.20001220703125</ele>
        <time>2025-10-21T10:10:34.000Z</time>
        <extensions>
          <ns3:TrackPointExtension>
            <ns3:hr>104</ns3:hr>
            <ns3:cad>50</ns3:cad>
          </ns3:TrackPointExtension>
        </extensions>
      </trkpt>
      <trkpt lat="42.92524226009845733642578125" lon="-8.79167421720921993255615234375">
        <ele>316.20001220703125</ele>
        <time>2025-10-21T10:10:42.000Z</time>
        <extensions>
          <ns3:TrackPointExtension>
            <ns3:hr>105</ns3:hr>
            <ns3:cad>48</ns3:cad>
          </ns3:TrackPointExtension>
        </extensions>
      </trkpt>
      <trkpt lat="42.92528919875621795654296875" lon="-8.7917763926088809967041015625">
        <ele>316.399993896484375</ele>
        <time>2025-10-21T10:10:49.000Z</time>
        <extensions>
          <ns3:TrackPointExtension>
            <ns3:hr>104</ns3:hr>
            <ns3:cad>54</ns3:cad>
          </ns3:TrackPointExtension>
        </extensions>
      </trkpt>
      <trkpt lat="42.9253329522907733917236328125" lon="-8.7918801605701446533203125">
        <ele>316.600006103515625</ele>
        <time>2025-10-21T10:10:57.000Z</time>
        <extensions>
          <ns3:TrackPointExtension>
            <ns3:hr>103</ns3:hr>
            <ns3:cad>53</ns3:cad>
          </ns3:TrackPointExtension>
        </extensions>
      </trkpt>
      <trkpt lat="42.92538148351013660430908203125" lon="-8.7919584475457668304443359375">
        <ele>316.600006103515625</ele>
        <time>2025-10-21T10:11:04.000Z</time>
        <extensions>
          <ns3:TrackPointExtension>
            <ns3:hr>102</ns3:hr>
            <ns3:cad>55</ns3:cad>
          </ns3:TrackPointExtension>
        </extensions>
      </trkpt>
      <trkpt lat="42.925422303378582000732421875" lon="-8.79205442033708095550537109375">
        <ele>316.20001220703125</ele>
        <time>2025-10-21T10:11:12.000Z</time>
        <extensions>
          <ns3:TrackPointExtension>
            <ns3:hr>102</ns3:hr>
            <ns3:cad>0</ns3:cad>
          </ns3:TrackPointExtension>
        </extensions>
      </trkpt>
      <trkpt lat="42.92547737248241901397705078125" lon="-8.79219640977680683135986328125">
        <ele>316</ele>
        <time>2025-10-21T10:11:21.000Z</time>
        <extensions>
          <ns3:TrackPointExtension>
            <ns3:hr>101</ns3:hr>
            <ns3:cad>54</ns3:cad>
          </ns3:TrackPointExtension>
        </extensions>
      </trkpt>
      <trkpt lat="42.92551022954285144805908203125" lon="-8.7922690808773040771484375">
        <ele>315.79998779296875</ele>
        <time>2025-10-21T10:11:27.000Z</time>
        <extensions>
          <ns3:TrackPointExtension>
            <ns3:hr>98</ns3:hr>
            <ns3:cad>53</ns3:cad>
          </ns3:TrackPointExtension>
        </extensions>
      </trkpt>
      <trkpt lat="42.925509475171566009521484375" lon="-8.7922856770455837249755859375">
        <ele>315.79998779296875</ele>
        <time>2025-10-21T10:11:28.000Z</time>
        <extensions>
          <ns3:TrackPointExtension>
            <ns3:hr>95</ns3:hr>
            <ns3:cad>53</ns3:cad>
          </ns3:TrackPointExtension>
        </extensions>
      </trkpt>
      <trkpt lat="42.92550955899059772491455078125" lon="-8.7923039495944976806640625">
        <ele>315.79998779296875</ele>
        <time>2025-10-21T10:11:29.000Z</time>
        <extensions>
          <ns3:TrackPointExtension>
            <ns3:hr>92</ns3:hr>
            <ns3:cad>53</ns3:cad>
          </ns3:TrackPointExtension>
        </extensions>
      </trkpt>
      <trkpt lat="42.92551190592348575592041015625" lon="-8.7923379801213741302490234375">
        <ele>315.79998779296875</ele>
        <time>2025-10-21T10:11:31.000Z</time>
        <extensions>
          <ns3:TrackPointExtension>
            <ns3:hr>91</ns3:hr>
            <ns3:cad>53</ns3:cad>
          </ns3:TrackPointExtension>
        </extensions>
      </trkpt>
      <trkpt lat="42.925506792962551116943359375" lon="-8.7924335338175296783447265625">
        <ele>316</ele>
        <time>2025-10-21T10:11:38.000Z</time>
        <extensions>
          <ns3:TrackPointExtension>
            <ns3:hr>89</ns3:hr>
            <ns3:cad>53</ns3:cad>
          </ns3:TrackPointExtension>
        </extensions>
      </trkpt>
      <trkpt lat="42.92554006911814212799072265625" lon="-8.79253135062754154205322265625">
        <ele>316.600006103515625</ele>
        <time>2025-10-21T10:11:45.000Z</time>
        <extensions>
          <ns3:TrackPointExtension>
            <ns3:hr>89</ns3:hr>
            <ns3:cad>53</ns3:cad>
          </ns3:TrackPointExtension>
        </extensions>
      </trkpt>
      <trkpt lat="42.9256072081625461578369140625" lon="-8.7926186062395572662353515625">
        <ele>315.79998779296875</ele>
        <time>2025-10-21T10:11:54.000Z</time>
        <extensions>
          <ns3:TrackPointExtension>
            <ns3:hr>90</ns3:hr>
            <ns3:cad>54</ns3:cad>
          </ns3:TrackPointExtension>
        </extensions>
      </trkpt>
      <trkpt lat="42.92568373493850231170654296875" lon="-8.7927024252712726593017578125">
        <ele>315.20001220703125</ele>
        <time>2025-10-21T10:12:03.000Z</time>
        <extensions>
          <ns3:TrackPointExtension>
            <ns3:hr>90</ns3:hr>
            <ns3:cad>55</ns3:cad>
          </ns3:TrackPointExtension>
        </extensions>
      </trkpt>
      <trkpt lat="42.92569932527840137481689453125" lon="-8.79273000173270702362060546875">
        <ele>315</ele>
        <time>2025-10-21T10:12:05.000Z</time>
        <extensions>
          <ns3:TrackPointExtension>
            <ns3:hr>90</ns3:hr>
            <ns3:cad>54</ns3:cad>
          </ns3:TrackPointExtension>
        </extensions>
      </trkpt>
      <trkpt lat="42.925764620304107666015625" lon="-8.7927761860191822052001953125">
        <ele>314.399993896484375</ele>
        <time>2025-10-21T10:12:12.000Z</time>
        <extensions>
          <ns3:TrackPointExtension>
            <ns3:hr>90</ns3:hr>
            <ns3:cad>53</ns3:cad>
          </ns3:TrackPointExtension>
        </extensions>
      </trkpt>
      <trkpt lat="42.9257852397859096527099609375" lon="-8.79279051907360553741455078125">
        <ele>314.20001220703125</ele>
        <time>2025-10-21T10:12:14.000Z</time>
        <extensions>
          <ns3:TrackPointExtension>
            <ns3:hr>89</ns3:hr>
            <ns3:cad>54</ns3:cad>
          </ns3:TrackPointExtension>
        </extensions>
      </trkpt>
      <trkpt lat="42.9258345253765583038330078125" lon="-8.79282630980014801025390625">
        <ele>313.600006103515625</ele>
        <time>2025-10-21T10:12:19.000Z</time>
        <extensions>
          <ns3:TrackPointExtension>
            <ns3:hr>89</ns3:hr>
            <ns3:cad>54</ns3:cad>
          </ns3:TrackPointExtension>
        </extensions>
      </trkpt>
      <trkpt lat="42.9259049333631992340087890625" lon="-8.79286327399313449859619140625">
        <ele>313.600006103515625</ele>
        <time>2025-10-21T10:12:27.000Z</time>
        <extensions>
          <ns3:TrackPointExtension>
            <ns3:hr>88</ns3:hr>
            <ns3:cad>53</ns3:cad>
          </ns3:TrackPointExtension>
        </extensions>
      </trkpt>
      <trkpt lat="42.925982214510440826416015625" lon="-8.792876936495304107666015625">
        <ele>313.79998779296875</ele>
        <time>2025-10-21T10:12:34.000Z</time>
        <extensions>
          <ns3:TrackPointExtension>
            <ns3:hr>86</ns3:hr>
            <ns3:cad>53</ns3:cad>
          </ns3:TrackPointExtension>
        </extensions>
      </trkpt>
      <trkpt lat="42.92608581483364105224609375" lon="-8.7928703986108303070068359375">
        <ele>314</ele>
        <time>2025-10-21T10:12:43.000Z</time>
        <extensions>
          <ns3:TrackPointExtension>
            <ns3:hr>85</ns3:hr>
            <ns3:cad>53</ns3:cad>
          </ns3:TrackPointExtension>
        </extensions>
      </trkpt>
      <trkpt lat="42.9261577315628528594970703125" lon="-8.7928395532071590423583984375">
        <ele>313.399993896484375</ele>
        <time>2025-10-21T10:12:50.000Z</time>
        <extensions>
          <ns3:TrackPointExtension>
            <ns3:hr>85</ns3:hr>
            <ns3:cad>53</ns3:cad>
          </ns3:TrackPointExtension>
        </extensions>
      </trkpt>
      <trkpt lat="42.9262003116309642791748046875" lon="-8.79282287321984767913818359375">
        <ele>313</ele>
        <time>2025-10-21T10:12:54.000Z</time>
        <extensions>
          <ns3:TrackPointExtension>
            <ns3:hr>85</ns3:hr>
            <ns3:cad>55</ns3:cad>
          </ns3:TrackPointExtension>
        </extensions>
      </trkpt>
      <trkpt lat="42.92623979039490222930908203125" lon="-8.7927792035043239593505859375">
        <ele>312.79998779296875</ele>
        <time>2025-10-21T10:12:59.000Z</time>
        <extensions>
          <ns3:TrackPointExtension>
            <ns3:hr>86</ns3:hr>
            <ns3:cad>54</ns3:cad>
          </ns3:TrackPointExtension>
        </extensions>
      </trkpt>
      <trkpt lat="42.9262935183942317962646484375" lon="-8.79273804835975170135498046875">
        <ele>311.79998779296875</ele>
        <time>2025-10-21T10:13:04.000Z</time>
        <extensions>
          <ns3:TrackPointExtension>
            <ns3:hr>87</ns3:hr>
            <ns3:cad>0</ns3:cad>
          </ns3:TrackPointExtension>
        </extensions>
      </trkpt>
      <trkpt lat="42.92632210068404674530029296875" lon="-8.79271592013537883758544921875">
        <ele>311.399993896484375</ele>
        <time>2025-10-21T10:13:07.000Z</time>
        <extensions>
          <ns3:TrackPointExtension>
            <ns3:hr>86</ns3:hr>
            <ns3:cad>53</ns3:cad>
          </ns3:TrackPointExtension>
        </extensions>
      </trkpt>
      <trkpt lat="42.92637624777853488922119140625" lon="-8.79270829260349273681640625">
        <ele>310.79998779296875</ele>
        <time>2025-10-21T10:13:12.000Z</time>
        <extensions>
          <ns3:TrackPointExtension>
            <ns3:hr>86</ns3:hr>
            <ns3:cad>57</ns3:cad>
          </ns3:TrackPointExtension>
        </extensions>
      </trkpt>
      <trkpt lat="42.9263984598219394683837890625" lon="-8.79271139390766620635986328125">
        <ele>310.600006103515625</ele>
        <time>2025-10-21T10:13:14.000Z</time>
        <extensions>
          <ns3:TrackPointExtension>
            <ns3:hr>85</ns3:hr>
            <ns3:cad>55</ns3:cad>
          </ns3:TrackPointExtension>
        </extensions>
      </trkpt>
      <trkpt lat="42.92646341957151889801025390625" lon="-8.792734779417514801025390625">
        <ele>310.600006103515625</ele>
        <time>2025-10-21T10:13:21.000Z</time>
        <extensions>
          <ns3:TrackPointExtension>
            <ns3:hr>86</ns3:hr>
            <ns3:cad>53</ns3:cad>
          </ns3:TrackPointExtension>
        </extensions>
      </trkpt>
      <trkpt lat="42.92652645148336887359619140625" lon="-8.79279454238712787628173828125">
        <ele>310.600006103515625</ele>
        <time>2025-10-21T10:13:29.000Z</time>
        <extensions>
          <ns3:TrackPointExtension>
            <ns3:hr>87</ns3:hr>
            <ns3:cad>53</ns3:cad>
          </ns3:TrackPointExtension>
        </extensions>
      </trkpt>
      <trkpt lat="42.9265292175114154815673828125" lon="-8.79281499423086643218994140625">
        <ele>310.399993896484375</ele>
        <time>2025-10-21T10:13:31.000Z</time>
        <extensions>
          <ns3:TrackPointExtension>
            <ns3:hr>87</ns3:hr>
            <ns3:cad>53</ns3:cad>
          </ns3:TrackPointExtension>
        </extensions>
      </trkpt>
      <trkpt lat="42.92654707096517086029052734375" lon="-8.79288322292268276214599609375">
        <ele>310</ele>
        <time>2025-10-21T10:13:36.000Z</time>
        <extensions>
          <ns3:TrackPointExtension>
            <ns3:hr>87</ns3:hr>
            <ns3:cad>52</ns3:cad>
          </ns3:TrackPointExtension>
        </extensions>
      </trkpt>
      <trkpt lat="42.92655997909605503082275390625" lon="-8.79291406832635402679443359375">
        <ele>309.600006103515625</ele>
        <time>2025-10-21T10:13:38.000Z</time>
        <extensions>
          <ns3:TrackPointExtension>
            <ns3:hr>87</ns3:hr>
            <ns3:cad>51</ns3:cad>
          </ns3:TrackPointExtension>
        </extensions>
      </trkpt>
      <trkpt lat="42.9265801794826984405517578125" lon="-8.79298430867493152618408203125">
        <ele>309</ele>
        <time>2025-10-21T10:13:43.000Z</time>
        <extensions>
          <ns3:TrackPointExtension>
            <ns3:hr>88</ns3:hr>
            <ns3:cad>52</ns3:cad>
          </ns3:TrackPointExtension>
        </extensions>
      </trkpt>
      <trkpt lat="42.9266241006553173065185546875" lon="-8.7930819578468799591064453125">
        <ele>308.600006103515625</ele>
        <time>2025-10-21T10:13:51.000Z</time>
        <extensions>
          <ns3:TrackPointExtension>
            <ns3:hr>86</ns3:hr>
            <ns3:cad>53</ns3:cad>
          </ns3:TrackPointExtension>
        </extensions>
      </trkpt>
      <trkpt lat="42.9266324825584888458251953125" lon="-8.79309377633035182952880859375">
        <ele>308.600006103515625</ele>
        <time>2025-10-21T10:13:52.000Z</time>
        <extensions>
          <ns3:TrackPointExtension>
            <ns3:hr>86</ns3:hr>
            <ns3:cad>53</ns3:cad>
          </ns3:TrackPointExtension>
        </extensions>
      </trkpt>
      <trkpt lat="42.92666944675147533416748046875" lon="-8.7931962870061397552490234375">
        <ele>308.600006103515625</ele>
        <time>2025-10-21T10:14:00.000Z</time>
        <extensions>
          <ns3:TrackPointExtension>
            <ns3:hr>85</ns3:hr>
            <ns3:cad>51</ns3:cad>
          </ns3:TrackPointExtension>
        </extensions>
      </trkpt>
      <trkpt lat="42.9266740567982196807861328125" lon="-8.793224953114986419677734375">
        <ele>307.399993896484375</ele>
        <time>2025-10-21T10:14:04.000Z</time>
        <extensions>
          <ns3:TrackPointExtension>
            <ns3:hr>85</ns3:hr>
            <ns3:cad>51</ns3:cad>
          </ns3:TrackPointExtension>
        </extensions>
      </trkpt>
      <trkpt lat="42.9266978614032268524169921875" lon="-8.79328488372266292572021484375">
        <ele>307</ele>
        <time>2025-10-21T10:14:11.000Z</time>
        <extensions>
          <ns3:TrackPointExtension>
            <ns3:hr>87</ns3:hr>
            <ns3:cad>41</ns3:cad>
          </ns3:TrackPointExtension>
        </extensions>
      </trkpt>
      <trkpt lat="42.92671881616115570068359375" lon="-8.79333249293267726898193359375">
        <ele>306.20001220703125</ele>
        <time>2025-10-21T10:14:15.000Z</time>
        <extensions>
          <ns3:TrackPointExtension>
            <ns3:hr>86</ns3:hr>
            <ns3:cad>47</ns3:cad>
          </ns3:TrackPointExtension>
        </extensions>
      </trkpt>
      <trkpt lat="42.92674605734646320343017578125" lon="-8.7934098578989505767822265625">
        <ele>305.20001220703125</ele>
        <time>2025-10-21T10:14:22.000Z</time>
        <extensions>
          <ns3:TrackPointExtension>
            <ns3:hr>87</ns3:hr>
            <ns3:cad>50</ns3:cad>
          </ns3:TrackPointExtension>
        </extensions>
      </trkpt>
      <trkpt lat="42.92677111923694610595703125" lon="-8.79345386289060115814208984375">
        <ele>305</ele>
        <time>2025-10-21T10:14:28.000Z</time>
        <extensions>
          <ns3:TrackPointExtension>
            <ns3:hr>84</ns3:hr>
            <ns3:cad>0</ns3:cad>
          </ns3:TrackPointExtension>
        </extensions>
      </trkpt>
      <trkpt lat="42.9267843626439571380615234375" lon="-8.7934920005500316619873046875">
        <ele>304.600006103515625</ele>
        <time>2025-10-21T10:14:32.000Z</time>
        <extensions>
          <ns3:TrackPointExtension>
            <ns3:hr>84</ns3:hr>
            <ns3:cad>0</ns3:cad>
          </ns3:TrackPointExtension>
        </extensions>
      </trkpt>
      <trkpt lat="42.9267914034426212310791015625" lon="-8.79353038966655731201171875">
        <ele>304.20001220703125</ele>
        <time>2025-10-21T10:14:35.000Z</time>
        <extensions>
          <ns3:TrackPointExtension>
            <ns3:hr>84</ns3:hr>
            <ns3:cad>50</ns3:cad>
          </ns3:TrackPointExtension>
        </extensions>
      </trkpt>
      <trkpt lat="42.92680389247834682464599609375" lon="-8.7935912422835826873779296875">
        <ele>303.399993896484375</ele>
        <time>2025-10-21T10:14:39.000Z</time>
        <extensions>
          <ns3:TrackPointExtension>
            <ns3:hr>85</ns3:hr>
            <ns3:cad>0</ns3:cad>
          </ns3:TrackPointExtension>
        </extensions>
      </trkpt>
      <trkpt lat="42.92682199738919734954833984375" lon="-8.7936465628445148468017578125">
        <ele>303.20001220703125</ele>
        <time>2025-10-21T10:14:44.000Z</time>
        <extensions>
          <ns3:TrackPointExtension>
            <ns3:hr>86</ns3:hr>
            <ns3:cad>51</ns3:cad>
          </ns3:TrackPointExtension>
        </extensions>
      </trkpt>
      <trkpt lat="42.9268442094326019287109375" lon="-8.79370607435703277587890625">
        <ele>303</ele>
        <time>2025-10-21T10:14:48.000Z</time>
        <extensions>
          <ns3:TrackPointExtension>
            <ns3:hr>87</ns3:hr>
            <ns3:cad>51</ns3:cad>
          </ns3:TrackPointExtension>
        </extensions>
      </trkpt>
      <trkpt lat="42.9268956743180751800537109375" lon="-8.7938142009079456329345703125">
        <ele>303.20001220703125</ele>
        <time>2025-10-21T10:14:56.000Z</time>
        <extensions>
          <ns3:TrackPointExtension>
            <ns3:hr>87</ns3:hr>
            <ns3:cad>51</ns3:cad>
          </ns3:TrackPointExtension>
        </extensions>
      </trkpt>
      <trkpt lat="42.92692677117884159088134765625" lon="-8.79387907683849334716796875">
        <ele>303.20001220703125</ele>
        <time>2025-10-21T10:15:03.000Z</time>
        <extensions>
          <ns3:TrackPointExtension>
            <ns3:hr>86</ns3:hr>
            <ns3:cad>50</ns3:cad>
          </ns3:TrackPointExtension>
        </extensions>
      </trkpt>
      <trkpt lat="42.92696197517216205596923828125" lon="-8.79394252784550189971923828125">
        <ele>303</ele>
        <time>2025-10-21T10:15:09.000Z</time>
        <extensions>
          <ns3:TrackPointExtension>
            <ns3:hr>85</ns3:hr>
            <ns3:cad>51</ns3:cad>
          </ns3:TrackPointExtension>
        </extensions>
      </trkpt>
      <trkpt lat="42.92699198238551616668701171875" lon="-8.79399240016937255859375">
        <ele>302.20001220703125</ele>
        <time>2025-10-21T10:15:14.000Z</time>
        <extensions>
          <ns3:TrackPointExtension>
            <ns3:hr>85</ns3:hr>
            <ns3:cad>0</ns3:cad>
          </ns3:TrackPointExtension>
        </extensions>
      </trkpt>
      <trkpt lat="42.9269999451935291290283203125" lon="-8.79400220699608325958251953125">
        <ele>301.79998779296875</ele>
        <time>2025-10-21T10:15:16.000Z</time>
        <extensions>
          <ns3:TrackPointExtension>
            <ns3:hr>86</ns3:hr>
            <ns3:cad>0</ns3:cad>
          </ns3:TrackPointExtension>
        </extensions>
      </trkpt>
      <trkpt lat="42.92700204066932201385498046875" lon="-8.7940049730241298675537109375">
        <ele>301.600006103515625</ele>
        <time>2025-10-21T10:15:17.000Z</time>
        <extensions>
          <ns3:TrackPointExtension>
            <ns3:hr>85</ns3:hr>
            <ns3:cad>50</ns3:cad>
          </ns3:TrackPointExtension>
        </extensions>
      </trkpt>
      <trkpt lat="42.92697572149336338043212890625" lon="-8.7940286099910736083984375">
        <ele>289.79998779296875</ele>
        <time>2025-10-21T10:20:55.000Z</time>
        <extensions>
          <ns3:TrackPointExtension>
            <ns3:hr>90</ns3:hr>
            <ns3:cad>0</ns3:cad>
          </ns3:TrackPointExtension>
        </extensions>
      </trkpt>
      <trkpt lat="42.9269694350659847259521484375" lon="-8.794049732387065887451171875">
        <ele>289.600006103515625</ele>
        <time>2025-10-21T10:20:59.000Z</time>
        <extensions>
          <ns3:TrackPointExtension>
            <ns3:hr>90</ns3:hr>
            <ns3:cad>0</ns3:cad>
          </ns3:TrackPointExtension>
        </extensions>
      </trkpt>
      <trkpt lat="42.92697605676949024200439453125" lon="-8.7941350601613521575927734375">
        <ele>289</ele>
        <time>2025-10-21T10:21:06.000Z</time>
        <extensions>
          <ns3:TrackPointExtension>
            <ns3:hr>90</ns3:hr>
            <ns3:cad>52</ns3:cad>
          </ns3:TrackPointExtension>
        </extensions>
      </trkpt>
      <trkpt lat="42.92698837816715240478515625" lon="-8.7941944040358066558837890625">
        <ele>288.600006103515625</ele>
        <time>2025-10-21T10:21:10.000Z</time>
        <extensions>
          <ns3:TrackPointExtension>
            <ns3:hr>90</ns3:hr>
            <ns3:cad>55</ns3:cad>
          </ns3:TrackPointExtension>
        </extensions>
      </trkpt>
      <trkpt lat="42.92699734680354595184326171875" lon="-8.79425735212862491607666015625">
        <ele>287.79998779296875</ele>
        <time>2025-10-21T10:21:14.000Z</time>
        <extensions>
          <ns3:TrackPointExtension>
            <ns3:hr>90</ns3:hr>
            <ns3:cad>56</ns3:cad>
          </ns3:TrackPointExtension>
        </extensions>
      </trkpt>
      <trkpt lat="42.92700271122157573699951171875" lon="-8.79428786225616931915283203125">
        <ele>287.600006103515625</ele>
        <time>2025-10-21T10:21:16.000Z</time>
        <extensions>
          <ns3:TrackPointExtension>
            <ns3:hr>90</ns3:hr>
            <ns3:cad>55</ns3:cad>
          </ns3:TrackPointExtension>
        </extensions>
      </trkpt>
      <trkpt lat="42.92701922357082366943359375" lon="-8.79436262883245944976806640625">
        <ele>286.399993896484375</ele>
        <time>2025-10-21T10:21:21.000Z</time>
        <extensions>
          <ns3:TrackPointExtension>
            <ns3:hr>90</ns3:hr>
            <ns3:cad>56</ns3:cad>
          </ns3:TrackPointExtension>
        </extensions>
      </trkpt>
      <trkpt lat="42.92705568484961986541748046875" lon="-8.79448383115231990814208984375">
        <ele>287.399993896484375</ele>
        <time>2025-10-21T10:21:29.000Z</time>
        <extensions>
          <ns3:TrackPointExtension>
            <ns3:hr>90</ns3:hr>
            <ns3:cad>55</ns3:cad>
          </ns3:TrackPointExtension>
        </extensions>
      </trkpt>
      <trkpt lat="42.9271052218973636627197265625" lon="-8.79460084252059459686279296875">
        <ele>287.20001220703125</ele>
        <time>2025-10-21T10:21:37.000Z</time>
        <extensions>
          <ns3:TrackPointExtension>
            <ns3:hr>90</ns3:hr>
            <ns3:cad>56</ns3:cad>
          </ns3:TrackPointExtension>
        </extensions>
      </trkpt>
      <trkpt lat="42.92715207673609256744384765625" lon="-8.794660270214080810546875">
        <ele>286.399993896484375</ele>
        <time>2025-10-21T10:21:43.000Z</time>
        <extensions>
          <ns3:TrackPointExtension>
            <ns3:hr>91</ns3:hr>
            <ns3:cad>57</ns3:cad>
          </ns3:TrackPointExtension>
        </extensions>
      </trkpt>
      <trkpt lat="42.9271672479808330535888671875" lon="-8.7946830689907073974609375">
        <ele>286.20001220703125</ele>
        <time>2025-10-21T10:21:45.000Z</time>
        <extensions>
          <ns3:TrackPointExtension>
            <ns3:hr>90</ns3:hr>
            <ns3:cad>57</ns3:cad>
          </ns3:TrackPointExtension>
        </extensions>
      </trkpt>
      <trkpt lat="42.92724830098450183868408203125" lon="-8.79478557966649532318115234375">
        <ele>286.399993896484375</ele>
        <time>2025-10-21T10:21:54.000Z</time>
        <extensions>
          <ns3:TrackPointExtension>
            <ns3:hr>90</ns3:hr>
            <ns3:cad>55</ns3:cad>
          </ns3:TrackPointExtension>
        </extensions>
      </trkpt>
      <trkpt lat="42.927335388958454132080078125" lon="-8.79488088190555572509765625">
        <ele>286.20001220703125</ele>
        <time>2025-10-21T10:22:02.000Z</time>
        <extensions>
          <ns3:TrackPointExtension>
            <ns3:hr>91</ns3:hr>
            <ns3:cad>56</ns3:cad>
          </ns3:TrackPointExtension>
        </extensions>
      </trkpt>
      <trkpt lat="42.92741795070469379425048828125" lon="-8.79497199319303035736083984375">
        <ele>286.600006103515625</ele>
        <time>2025-10-21T10:22:11.000Z</time>
        <extensions>
          <ns3:TrackPointExtension>
            <ns3:hr>93</ns3:hr>
            <ns3:cad>57</ns3:cad>
          </ns3:TrackPointExtension>
        </extensions>
      </trkpt>
      <trkpt lat="42.92753688991069793701171875" lon="-8.79509143531322479248046875">
        <ele>286.600006103515625</ele>
        <time>2025-10-21T10:22:23.000Z</time>
        <extensions>
          <ns3:TrackPointExtension>
            <ns3:hr>92</ns3:hr>
            <ns3:cad>56</ns3:cad>
          </ns3:TrackPointExtension>
        </extensions>
      </trkpt>
      <trkpt lat="42.9276247322559356689453125" lon="-8.7951499409973621368408203125">
        <ele>286.600006103515625</ele>
        <time>2025-10-21T10:22:32.000Z</time>
        <extensions>
          <ns3:TrackPointExtension>
            <ns3:hr>96</ns3:hr>
            <ns3:cad>54</ns3:cad>
          </ns3:TrackPointExtension>
        </extensions>
      </trkpt>
      <trkpt lat="42.92763001285493373870849609375" lon="-8.79515337757766246795654296875">
        <ele>286.79998779296875</ele>
        <time>2025-10-21T10:22:33.000Z</time>
        <extensions>
          <ns3:TrackPointExtension>
            <ns3:hr>98</ns3:hr>
            <ns3:cad>55</ns3:cad>
          </ns3:TrackPointExtension>
        </extensions>
      </trkpt>
      <trkpt lat="42.92769136838614940643310546875" lon="-8.79520534537732601165771484375">
        <ele>286.20001220703125</ele>
        <time>2025-10-21T10:22:40.000Z</time>
        <extensions>
          <ns3:TrackPointExtension>
            <ns3:hr>95</ns3:hr>
            <ns3:cad>51</ns3:cad>
          </ns3:TrackPointExtension>
        </extensions>
      </trkpt>
      <trkpt lat="42.92770746164023876190185546875" lon="-8.79522127099335193634033203125">
        <ele>286.20001220703125</ele>
        <time>2025-10-21T10:22:42.000Z</time>
        <extensions>
          <ns3:TrackPointExtension>
            <ns3:hr>94</ns3:hr>
            <ns3:cad>51</ns3:cad>
          </ns3:TrackPointExtension>
        </extensions>
      </trkpt>
      <trkpt lat="42.92781743220984935760498046875" lon="-8.79528455436229705810546875">
        <ele>286</ele>
        <time>2025-10-21T10:22:52.000Z</time>
        <extensions>
          <ns3:TrackPointExtension>
            <ns3:hr>96</ns3:hr>
            <ns3:cad>54</ns3:cad>
          </ns3:TrackPointExtension>
        </extensions>
      </trkpt>
      <trkpt lat="42.9279055260121822357177734375" lon="-8.795363344252109527587890625">
        <ele>286.20001220703125</ele>
        <time>2025-10-21T10:23:01.000Z</time>
        <extensions>
          <ns3:TrackPointExtension>
            <ns3:hr>93</ns3:hr>
            <ns3:cad>54</ns3:cad>
          </ns3:TrackPointExtension>
        </extensions>
      </trkpt>
      <trkpt lat="42.92792656458914279937744140625" lon="-8.795382790267467498779296875">
        <ele>286.20001220703125</ele>
        <time>2025-10-21T10:23:03.000Z</time>
        <extensions>
          <ns3:TrackPointExtension>
            <ns3:hr>93</ns3:hr>
            <ns3:cad>53</ns3:cad>
          </ns3:TrackPointExtension>
        </extensions>
      </trkpt>
      <trkpt lat="42.92801222763955593109130859375" lon="-8.79543601535260677337646484375">
        <ele>286.600006103515625</ele>
        <time>2025-10-21T10:23:12.000Z</time>
        <extensions>
          <ns3:TrackPointExtension>
            <ns3:hr>92</ns3:hr>
            <ns3:cad>56</ns3:cad>
          </ns3:TrackPointExtension>
        </extensions>
      </trkpt>
      <trkpt lat="42.92807375080883502960205078125" lon="-8.79548370838165283203125">
        <ele>286.79998779296875</ele>
        <time>2025-10-21T10:23:18.000Z</time>
        <extensions>
          <ns3:TrackPointExtension>
            <ns3:hr>95</ns3:hr>
            <ns3:cad>55</ns3:cad>
          </ns3:TrackPointExtension>
        </extensions>
      </trkpt>
      <trkpt lat="42.92809336446225643157958984375" lon="-8.7955038249492645263671875">
        <ele>286.79998779296875</ele>
        <time>2025-10-21T10:23:20.000Z</time>
        <extensions>
          <ns3:TrackPointExtension>
            <ns3:hr>96</ns3:hr>
            <ns3:cad>53</ns3:cad>
          </ns3:TrackPointExtension>
        </extensions>
      </trkpt>
      <trkpt lat="42.92818154208362102508544921875" lon="-8.7955697067081928253173828125">
        <ele>286.79998779296875</ele>
        <time>2025-10-21T10:23:29.000Z</time>
        <extensions>
          <ns3:TrackPointExtension>
            <ns3:hr>96</ns3:hr>
            <ns3:cad>56</ns3:cad>
          </ns3:TrackPointExtension>
        </extensions>
      </trkpt>
      <trkpt lat="42.92828799225389957427978515625" lon="-8.79562653601169586181640625">
        <ele>286.600006103515625</ele>
        <time>2025-10-21T10:23:38.000Z</time>
        <extensions>
          <ns3:TrackPointExtension>
            <ns3:hr>96</ns3:hr>
            <ns3:cad>56</ns3:cad>
          </ns3:TrackPointExtension>
        </extensions>
      </trkpt>
      <trkpt lat="42.92837751097977161407470703125" lon="-8.79567204974591732025146484375">
        <ele>286.600006103515625</ele>
        <time>2025-10-21T10:23:47.000Z</time>
        <extensions>
          <ns3:TrackPointExtension>
            <ns3:hr>95</ns3:hr>
            <ns3:cad>56</ns3:cad>
          </ns3:TrackPointExtension>
        </extensions>
      </trkpt>
      <trkpt lat="42.92847842909395694732666015625" lon="-8.79573709331452846527099609375">
        <ele>287</ele>
        <time>2025-10-21T10:23:56.000Z</time>
        <extensions>
          <ns3:TrackPointExtension>
            <ns3:hr>93</ns3:hr>
            <ns3:cad>55</ns3:cad>
          </ns3:TrackPointExtension>
        </extensions>
      </trkpt>
      <trkpt lat="42.92851028032600879669189453125" lon="-8.79582996480166912078857421875">
        <ele>287.399993896484375</ele>
        <time>2025-10-21T10:24:03.000Z</time>
        <extensions>
          <ns3:TrackPointExtension>
            <ns3:hr>95</ns3:hr>
            <ns3:cad>51</ns3:cad>
          </ns3:TrackPointExtension>
        </extensions>
      </trkpt>
      <trkpt lat="42.92850843630731105804443359375" lon="-8.795844800770282745361328125">
        <ele>287.600006103515625</ele>
        <time>2025-10-21T10:24:04.000Z</time>
        <extensions>
          <ns3:TrackPointExtension>
            <ns3:hr>96</ns3:hr>
            <ns3:cad>51</ns3:cad>
          </ns3:TrackPointExtension>
        </extensions>
      </trkpt>
      <trkpt lat="42.92844221927225589752197265625" lon="-8.7959651648998260498046875">
        <ele>288.399993896484375</ele>
        <time>2025-10-21T10:24:13.000Z</time>
        <extensions>
          <ns3:TrackPointExtension>
            <ns3:hr>99</ns3:hr>
            <ns3:cad>54</ns3:cad>
          </ns3:TrackPointExtension>
        </extensions>
      </trkpt>
      <trkpt lat="42.92837315239012241363525390625" lon="-8.79601989872753620147705078125">
        <ele>288.600006103515625</ele>
        <time>2025-10-21T10:24:20.000Z</time>
        <extensions>
          <ns3:TrackPointExtension>
            <ns3:hr>101</ns3:hr>
            <ns3:cad>52</ns3:cad>
          </ns3:TrackPointExtension>
        </extensions>
      </trkpt>
      <trkpt lat="42.9283625073730945587158203125" lon="-8.79602945409715175628662109375">
        <ele>288.600006103515625</ele>
        <time>2025-10-21T10:24:21.000Z</time>
        <extensions>
          <ns3:TrackPointExtension>
            <ns3:hr>101</ns3:hr>
            <ns3:cad>51</ns3:cad>
          </ns3:TrackPointExtension>
        </extensions>
      </trkpt>
      <trkpt lat="42.92827659286558628082275390625" lon="-8.7960903905332088470458984375">
        <ele>289.399993896484375</ele>
        <time>2025-10-21T10:24:29.000Z</time>
        <extensions>
          <ns3:TrackPointExtension>
            <ns3:hr>102</ns3:hr>
            <ns3:cad>53</ns3:cad>
          </ns3:TrackPointExtension>
        </extensions>
      </trkpt>
      <trkpt lat="42.92821406386792659759521484375" lon="-8.79620497114956378936767578125">
        <ele>289.600006103515625</ele>
        <time>2025-10-21T10:24:38.000Z</time>
        <extensions>
          <ns3:TrackPointExtension>
            <ns3:hr>103</ns3:hr>
            <ns3:cad>53</ns3:cad>
          </ns3:TrackPointExtension>
        </extensions>
      </trkpt>
      <trkpt lat="42.9282019101083278656005859375" lon="-8.7962348945438861846923828125">
        <ele>289.600006103515625</ele>
        <time>2025-10-21T10:24:40.000Z</time>
        <extensions>
          <ns3:TrackPointExtension>
            <ns3:hr>103</ns3:hr>
            <ns3:cad>54</ns3:cad>
          </ns3:TrackPointExtension>
        </extensions>
      </trkpt>
      <trkpt lat="42.928140722215175628662109375" lon="-8.79636338911950588226318359375">
        <ele>290.399993896484375</ele>
        <time>2025-10-21T10:24:50.000Z</time>
        <extensions>
          <ns3:TrackPointExtension>
            <ns3:hr>102</ns3:hr>
            <ns3:cad>54</ns3:cad>
          </ns3:TrackPointExtension>
        </extensions>
      </trkpt>
      <trkpt lat="42.92814583517611026763916015625" lon="-8.79640831612050533294677734375">
        <ele>290.600006103515625</ele>
        <time>2025-10-21T10:24:53.000Z</time>
        <extensions>
          <ns3:TrackPointExtension>
            <ns3:hr>103</ns3:hr>
            <ns3:cad>53</ns3:cad>
          </ns3:TrackPointExtension>
        </extensions>
      </trkpt>
      <trkpt lat="42.9281539656221866607666015625" lon="-8.7964997626841068267822265625">
        <ele>290.79998779296875</ele>
        <time>2025-10-21T10:24:58.000Z</time>
        <extensions>
          <ns3:TrackPointExtension>
            <ns3:hr>103</ns3:hr>
            <ns3:cad>53</ns3:cad>
          </ns3:TrackPointExtension>
        </extensions>
      </trkpt>
      <trkpt lat="42.9281710647046566009521484375" lon="-8.7965852580964565277099609375">
        <ele>291.399993896484375</ele>
        <time>2025-10-21T10:25:06.000Z</time>
        <extensions>
          <ns3:TrackPointExtension>
            <ns3:hr>104</ns3:hr>
            <ns3:cad>0</ns3:cad>
          </ns3:TrackPointExtension>
        </extensions>
      </trkpt>
      <trkpt lat="42.928194366395473480224609375" lon="-8.7965933047235012054443359375">
        <ele>291</ele>
        <time>2025-10-21T10:25:16.000Z</time>
        <extensions>
          <ns3:TrackPointExtension>
            <ns3:hr>103</ns3:hr>
            <ns3:cad>0</ns3:cad>
          </ns3:TrackPointExtension>
        </extensions>
      </trkpt>
      <trkpt lat="42.92820853181183338165283203125" lon="-8.7966328673064708709716796875">
        <ele>291.20001220703125</ele>
        <time>2025-10-21T10:25:20.000Z</time>
        <extensions>
          <ns3:TrackPointExtension>
            <ns3:hr>100</ns3:hr>
            <ns3:cad>0</ns3:cad>
          </ns3:TrackPointExtension>
        </extensions>
      </trkpt>
      <trkpt lat="42.92822227813303470611572265625" lon="-8.79667134024202823638916015625">
        <ele>291.79998779296875</ele>
        <time>2025-10-21T10:25:23.000Z</time>
        <extensions>
          <ns3:TrackPointExtension>
            <ns3:hr>99</ns3:hr>
            <ns3:cad>51</ns3:cad>
          </ns3:TrackPointExtension>
        </extensions>
      </trkpt>
      <trkpt lat="42.92825630865991115570068359375" lon="-8.7967974878847599029541015625">
        <ele>292</ele>
        <time>2025-10-21T10:25:32.000Z</time>
        <extensions>
          <ns3:TrackPointExtension>
            <ns3:hr>100</ns3:hr>
            <ns3:cad>55</ns3:cad>
          </ns3:TrackPointExtension>
        </extensions>
      </trkpt>
      <trkpt lat="42.928291261196136474609375" lon="-8.7969637848436832427978515625">
        <ele>291.79998779296875</ele>
        <time>2025-10-21T10:25:43.000Z</time>
        <extensions>
          <ns3:TrackPointExtension>
            <ns3:hr>102</ns3:hr>
            <ns3:cad>56</ns3:cad>
          </ns3:TrackPointExtension>
        </extensions>
      </trkpt>
      <trkpt lat="42.928317077457904815673828125" lon="-8.797014914453029632568359375">
        <ele>291.79998779296875</ele>
        <time>2025-10-21T10:25:50.000Z</time>
        <extensions>
          <ns3:TrackPointExtension>
            <ns3:hr>101</ns3:hr>
            <ns3:cad>0</ns3:cad>
          </ns3:TrackPointExtension>
        </extensions>
      </trkpt>
      <trkpt lat="42.92831062339246273040771484375" lon="-8.79709227941930294036865234375">
        <ele>291.399993896484375</ele>
        <time>2025-10-21T10:25:56.000Z</time>
        <extensions>
          <ns3:TrackPointExtension>
            <ns3:hr>100</ns3:hr>
            <ns3:cad>56</ns3:cad>
          </ns3:TrackPointExtension>
        </extensions>
      </trkpt>
      <trkpt lat="42.9283400438725948333740234375" lon="-8.79714743234217166900634765625">
        <ele>290.600006103515625</ele>
        <time>2025-10-21T10:26:01.000Z</time>
        <extensions>
          <ns3:TrackPointExtension>
            <ns3:hr>97</ns3:hr>
            <ns3:cad>54</ns3:cad>
          </ns3:TrackPointExtension>
        </extensions>
      </trkpt>
      <trkpt lat="42.928343899548053741455078125" lon="-8.79716956056654453277587890625">
        <ele>290.399993896484375</ele>
        <time>2025-10-21T10:26:03.000Z</time>
        <extensions>
          <ns3:TrackPointExtension>
            <ns3:hr>96</ns3:hr>
            <ns3:cad>57</ns3:cad>
          </ns3:TrackPointExtension>
        </extensions>
      </trkpt>
      <trkpt lat="42.9283484257757663726806640625" lon="-8.79722303710877895355224609375">
        <ele>290.20001220703125</ele>
        <time>2025-10-21T10:26:09.000Z</time>
        <extensions>
          <ns3:TrackPointExtension>
            <ns3:hr>96</ns3:hr>
            <ns3:cad>51</ns3:cad>
          </ns3:TrackPointExtension>
        </extensions>
      </trkpt>
      <trkpt lat="42.928327806293964385986328125" lon="-8.79731624387204647064208984375">
        <ele>289.79998779296875</ele>
        <time>2025-10-21T10:26:16.000Z</time>
        <extensions>
          <ns3:TrackPointExtension>
            <ns3:hr>93</ns3:hr>
            <ns3:cad>53</ns3:cad>
          </ns3:TrackPointExtension>
        </extensions>
      </trkpt>
      <trkpt lat="42.9283205978572368621826171875" lon="-8.7973419763147830963134765625">
        <ele>289.600006103515625</ele>
        <time>2025-10-21T10:26:18.000Z</time>
        <extensions>
          <ns3:TrackPointExtension>
            <ns3:hr>91</ns3:hr>
            <ns3:cad>55</ns3:cad>
          </ns3:TrackPointExtension>
        </extensions>
      </trkpt>
      <trkpt lat="42.928315736353397369384765625" lon="-8.79739017225801944732666015625">
        <ele>289</ele>
        <time>2025-10-21T10:26:22.000Z</time>
        <extensions>
          <ns3:TrackPointExtension>
            <ns3:hr>88</ns3:hr>
            <ns3:cad>55</ns3:cad>
          </ns3:TrackPointExtension>
        </extensions>
      </trkpt>
      <trkpt lat="42.92831179685890674591064453125" lon="-8.79743996076285839080810546875">
        <ele>288.399993896484375</ele>
        <time>2025-10-21T10:26:27.000Z</time>
        <extensions>
          <ns3:TrackPointExtension>
            <ns3:hr>86</ns3:hr>
            <ns3:cad>54</ns3:cad>
          </ns3:TrackPointExtension>
        </extensions>
      </trkpt>
      <trkpt lat="42.9283105395734310150146484375" lon="-8.7974687106907367706298828125">
        <ele>288</ele>
        <time>2025-10-21T10:26:29.000Z</time>
        <extensions>
          <ns3:TrackPointExtension>
            <ns3:hr>86</ns3:hr>
            <ns3:cad>54</ns3:cad>
          </ns3:TrackPointExtension>
        </extensions>
      </trkpt>
      <trkpt lat="42.928307019174098968505859375" lon="-8.7975583970546722412109375">
        <ele>287.20001220703125</ele>
        <time>2025-10-21T10:26:35.000Z</time>
        <extensions>
          <ns3:TrackPointExtension>
            <ns3:hr>84</ns3:hr>
            <ns3:cad>56</ns3:cad>
          </ns3:TrackPointExtension>
        </extensions>
      </trkpt>
      <trkpt lat="42.9283048398792743682861328125" lon="-8.79759854637086391448974609375">
        <ele>286.399993896484375</ele>
        <time>2025-10-21T10:26:38.000Z</time>
        <extensions>
          <ns3:TrackPointExtension>
            <ns3:hr>83</ns3:hr>
            <ns3:cad>56</ns3:cad>
          </ns3:TrackPointExtension>
        </extensions>
      </trkpt>
      <trkpt lat="42.92829704470932483673095703125" lon="-8.79764028824865818023681640625">
        <ele>286.20001220703125</ele>
        <time>2025-10-21T10:26:41.000Z</time>
        <extensions>
          <ns3:TrackPointExtension>
            <ns3:hr>82</ns3:hr>
            <ns3:cad>57</ns3:cad>
          </ns3:TrackPointExtension>
        </extensions>
      </trkpt>
      <trkpt lat="42.92826938442885875701904296875" lon="-8.79772402346134185791015625">
        <ele>285.399993896484375</ele>
        <time>2025-10-21T10:26:47.000Z</time>
        <extensions>
          <ns3:TrackPointExtension>
            <ns3:hr>85</ns3:hr>
            <ns3:cad>58</ns3:cad>
          </ns3:TrackPointExtension>
        </extensions>
      </trkpt>
      <trkpt lat="42.92825010605156421661376953125" lon="-8.79776115529239177703857421875">
        <ele>285</ele>
        <time>2025-10-21T10:26:50.000Z</time>
        <extensions>
          <ns3:TrackPointExtension>
            <ns3:hr>87</ns3:hr>
            <ns3:cad>57</ns3:cad>
          </ns3:TrackPointExtension>
        </extensions>
      </trkpt>
      <trkpt lat="42.92820635251700878143310546875" lon="-8.7978918291628360748291015625">
        <ele>284</ele>
        <time>2025-10-21T10:26:59.000Z</time>
        <extensions>
          <ns3:TrackPointExtension>
            <ns3:hr>86</ns3:hr>
            <ns3:cad>56</ns3:cad>
          </ns3:TrackPointExtension>
        </extensions>
      </trkpt>
      <trkpt lat="42.92820283211767673492431640625" lon="-8.7979106046259403228759765625">
        <ele>283.79998779296875</ele>
        <time>2025-10-21T10:27:00.000Z</time>
        <extensions>
          <ns3:TrackPointExtension>
            <ns3:hr>86</ns3:hr>
            <ns3:cad>56</ns3:cad>
          </ns3:TrackPointExtension>
        </extensions>
      </trkpt>
      <trkpt lat="42.92819805443286895751953125" lon="-8.798020742833614349365234375">
        <ele>283</ele>
        <time>2025-10-21T10:27:09.000Z</time>
        <extensions>
          <ns3:TrackPointExtension>
            <ns3:hr>85</ns3:hr>
            <ns3:cad>57</ns3:cad>
          </ns3:TrackPointExtension>
        </extensions>
      </trkpt>
      <trkpt lat="42.92820014990866184234619140625" lon="-8.79802845418453216552734375">
        <ele>283</ele>
        <time>2025-10-21T10:27:10.000Z</time>
        <extensions>
          <ns3:TrackPointExtension>
            <ns3:hr>85</ns3:hr>
            <ns3:cad>57</ns3:cad>
          </ns3:TrackPointExtension>
        </extensions>
      </trkpt>
      <trkpt lat="42.92821548879146575927734375" lon="-8.79808670841157436370849609375">
        <ele>281.79998779296875</ele>
        <time>2025-10-21T10:27:15.000Z</time>
        <extensions>
          <ns3:TrackPointExtension>
            <ns3:hr>85</ns3:hr>
            <ns3:cad>0</ns3:cad>
          </ns3:TrackPointExtension>
        </extensions>
      </trkpt>
      <trkpt lat="42.92822043411433696746826171875" lon="-8.7981023825705051422119140625">
        <ele>281.600006103515625</ele>
        <time>2025-10-21T10:27:16.000Z</time>
        <extensions>
          <ns3:TrackPointExtension>
            <ns3:hr>85</ns3:hr>
            <ns3:cad>0</ns3:cad>
          </ns3:TrackPointExtension>
        </extensions>
      </trkpt>
      <trkpt lat="42.928243987262248992919921875" lon="-8.7981781549751758575439453125">
        <ele>280.600006103515625</ele>
        <time>2025-10-21T10:27:21.000Z</time>
        <extensions>
          <ns3:TrackPointExtension>
            <ns3:hr>86</ns3:hr>
            <ns3:cad>56</ns3:cad>
          </ns3:TrackPointExtension>
        </extensions>
      </trkpt>
      <trkpt lat="42.928256727755069732666015625" lon="-8.7982328049838542938232421875">
        <ele>280</ele>
        <time>2025-10-21T10:27:25.000Z</time>
        <extensions>
          <ns3:TrackPointExtension>
            <ns3:hr>86</ns3:hr>
            <ns3:cad>56</ns3:cad>
          </ns3:TrackPointExtension>
        </extensions>
      </trkpt>
      <trkpt lat="42.928285896778106689453125" lon="-8.7983310408890247344970703125">
        <ele>279.600006103515625</ele>
        <time>2025-10-21T10:27:32.000Z</time>
        <extensions>
          <ns3:TrackPointExtension>
            <ns3:hr>88</ns3:hr>
            <ns3:cad>56</ns3:cad>
          </ns3:TrackPointExtension>
        </extensions>
      </trkpt>
      <trkpt lat="42.92828866280615329742431640625" lon="-8.79834705032408237457275390625">
        <ele>279.399993896484375</ele>
        <time>2025-10-21T10:27:33.000Z</time>
        <extensions>
          <ns3:TrackPointExtension>
            <ns3:hr>89</ns3:hr>
            <ns3:cad>56</ns3:cad>
          </ns3:TrackPointExtension>
        </extensions>
      </trkpt>
      <trkpt lat="42.9282998107373714447021484375" lon="-8.79842081107199192047119140625">
        <ele>278.600006103515625</ele>
        <time>2025-10-21T10:27:39.000Z</time>
        <extensions>
          <ns3:TrackPointExtension>
            <ns3:hr>91</ns3:hr>
            <ns3:cad>55</ns3:cad>
          </ns3:TrackPointExtension>
        </extensions>
      </trkpt>
      <trkpt lat="42.9283085279166698455810546875" lon="-8.7984822504222393035888671875">
        <ele>277.79998779296875</ele>
        <time>2025-10-21T10:27:43.000Z</time>
        <extensions>
          <ns3:TrackPointExtension>
            <ns3:hr>90</ns3:hr>
            <ns3:cad>56</ns3:cad>
          </ns3:TrackPointExtension>
        </extensions>
      </trkpt>
      <trkpt lat="42.928321100771427154541015625" lon="-8.7985198013484477996826171875">
        <ele>277.600006103515625</ele>
        <time>2025-10-21T10:27:46.000Z</time>
        <extensions>
          <ns3:TrackPointExtension>
            <ns3:hr>90</ns3:hr>
            <ns3:cad>56</ns3:cad>
          </ns3:TrackPointExtension>
        </extensions>
      </trkpt>
      <trkpt lat="42.92834834195673465728759765625" lon="-8.79857822321355342864990234375">
        <ele>277.20001220703125</ele>
        <time>2025-10-21T10:27:51.000Z</time>
        <extensions>
          <ns3:TrackPointExtension>
            <ns3:hr>89</ns3:hr>
            <ns3:cad>55</ns3:cad>
          </ns3:TrackPointExtension>
        </extensions>
      </trkpt>
      <trkpt lat="42.92841724120080471038818359375" lon="-8.79866539500653743743896484375">
        <ele>277.399993896484375</ele>
        <time>2025-10-21T10:27:59.000Z</time>
        <extensions>
          <ns3:TrackPointExtension>
            <ns3:hr>89</ns3:hr>
            <ns3:cad>52</ns3:cad>
          </ns3:TrackPointExtension>
        </extensions>
      </trkpt>
      <trkpt lat="42.9284691251814365386962890625" lon="-8.798746950924396514892578125">
        <ele>276.399993896484375</ele>
        <time>2025-10-21T10:28:07.000Z</time>
        <extensions>
          <ns3:TrackPointExtension>
            <ns3:hr>88</ns3:hr>
            <ns3:cad>53</ns3:cad>
          </ns3:TrackPointExtension>
        </extensions>
      </trkpt>
      <trkpt lat="42.9284749925136566162109375" lon="-8.79875390790402889251708984375">
        <ele>276.399993896484375</ele>
        <time>2025-10-21T10:28:08.000Z</time>
        <extensions>
          <ns3:TrackPointExtension>
            <ns3:hr>87</ns3:hr>
            <ns3:cad>53</ns3:cad>
          </ns3:TrackPointExtension>
        </extensions>
      </trkpt>
      <trkpt lat="42.92852218262851238250732421875" lon="-8.798826746642589569091796875">
        <ele>275.399993896484375</ele>
        <time>2025-10-21T10:28:15.000Z</time>
        <extensions>
          <ns3:TrackPointExtension>
            <ns3:hr>88</ns3:hr>
            <ns3:cad>57</ns3:cad>
          </ns3:TrackPointExtension>
        </extensions>
      </trkpt>
      <trkpt lat="42.9285259544849395751953125" lon="-8.798835463821887969970703125">
        <ele>275.20001220703125</ele>
        <time>2025-10-21T10:28:16.000Z</time>
        <extensions>
          <ns3:TrackPointExtension>
            <ns3:hr>87</ns3:hr>
            <ns3:cad>53</ns3:cad>
          </ns3:TrackPointExtension>
        </extensions>
      </trkpt>
      <trkpt lat="42.9285733960568904876708984375" lon="-8.7989160977303981781005859375">
        <ele>274.399993896484375</ele>
        <time>2025-10-21T10:28:23.000Z</time>
        <extensions>
          <ns3:TrackPointExtension>
            <ns3:hr>86</ns3:hr>
            <ns3:cad>55</ns3:cad>
          </ns3:TrackPointExtension>
        </extensions>
      </trkpt>
      <trkpt lat="42.92858420871198177337646484375" lon="-8.79893428646028041839599609375">
        <ele>274.20001220703125</ele>
        <time>2025-10-21T10:28:25.000Z</time>
        <extensions>
          <ns3:TrackPointExtension>
            <ns3:hr>86</ns3:hr>
            <ns3:cad>56</ns3:cad>
          </ns3:TrackPointExtension>
        </extensions>
      </trkpt>
      <trkpt lat="42.9286243580281734466552734375" lon="-8.79901693202555179595947265625">
        <ele>273.399993896484375</ele>
        <time>2025-10-21T10:28:31.000Z</time>
        <extensions>
          <ns3:TrackPointExtension>
            <ns3:hr>89</ns3:hr>
            <ns3:cad>0</ns3:cad>
          </ns3:TrackPointExtension>
        </extensions>
      </trkpt>
      <trkpt lat="42.928629219532012939453125" lon="-8.79903101362287998199462890625">
        <ele>273.20001220703125</ele>
        <time>2025-10-21T10:28:32.000Z</time>
        <extensions>
          <ns3:TrackPointExtension>
            <ns3:hr>89</ns3:hr>
            <ns3:cad>56</ns3:cad>
          </ns3:TrackPointExtension>
        </extensions>
      </trkpt>
      <trkpt lat="42.92867456562817096710205078125" lon="-8.79913486540317535400390625">
        <ele>272.600006103515625</ele>
        <time>2025-10-21T10:28:41.000Z</time>
        <extensions>
          <ns3:TrackPointExtension>
            <ns3:hr>87</ns3:hr>
            <ns3:cad>54</ns3:cad>
          </ns3:TrackPointExtension>
        </extensions>
      </trkpt>
      <trkpt lat="42.92869552038609981536865234375" lon="-8.79920586012303829193115234375">
        <ele>272.20001220703125</ele>
        <time>2025-10-21T10:28:47.000Z</time>
        <extensions>
          <ns3:TrackPointExtension>
            <ns3:hr>87</ns3:hr>
            <ns3:cad>54</ns3:cad>
          </ns3:TrackPointExtension>
        </extensions>
      </trkpt>
      <trkpt lat="42.9287004657089710235595703125" lon="-8.799220025539398193359375">
        <ele>272.20001220703125</ele>
        <time>2025-10-21T10:28:48.000Z</time>
        <extensions>
          <ns3:TrackPointExtension>
            <ns3:hr>87</ns3:hr>
            <ns3:cad>53</ns3:cad>
          </ns3:TrackPointExtension>
        </extensions>
      </trkpt>
      <trkpt lat="42.92871228419244289398193359375" lon="-8.7993247993290424346923828125">
        <ele>271.20001220703125</ele>
        <time>2025-10-21T10:28:55.000Z</time>
        <extensions>
          <ns3:TrackPointExtension>
            <ns3:hr>87</ns3:hr>
            <ns3:cad>57</ns3:cad>
          </ns3:TrackPointExtension>
        </extensions>
      </trkpt>
      <trkpt lat="42.928712368011474609375" lon="-8.799336366355419158935546875">
        <ele>271</ele>
        <time>2025-10-21T10:28:56.000Z</time>
        <extensions>
          <ns3:TrackPointExtension>
            <ns3:hr>88</ns3:hr>
            <ns3:cad>57</ns3:cad>
          </ns3:TrackPointExtension>
        </extensions>
      </trkpt>
      <trkpt lat="42.92871303856372833251953125" lon="-8.7994146533310413360595703125">
        <ele>270.399993896484375</ele>
        <time>2025-10-21T10:29:03.000Z</time>
        <extensions>
          <ns3:TrackPointExtension>
            <ns3:hr>88</ns3:hr>
            <ns3:cad>51</ns3:cad>
          </ns3:TrackPointExtension>
        </extensions>
      </trkpt>
      <trkpt lat="42.9287125356495380401611328125" lon="-8.79944692365825176239013671875">
        <ele>270.20001220703125</ele>
        <time>2025-10-21T10:29:05.000Z</time>
        <extensions>
          <ns3:TrackPointExtension>
            <ns3:hr>88</ns3:hr>
            <ns3:cad>51</ns3:cad>
          </ns3:TrackPointExtension>
        </extensions>
      </trkpt>
      <trkpt lat="42.928708679974079132080078125" lon="-8.79951967857778072357177734375">
        <ele>269.79998779296875</ele>
        <time>2025-10-21T10:29:11.000Z</time>
        <extensions>
          <ns3:TrackPointExtension>
            <ns3:hr>88</ns3:hr>
            <ns3:cad>0</ns3:cad>
          </ns3:TrackPointExtension>
        </extensions>
      </trkpt>
      <trkpt lat="42.9287078417837619781494140625" lon="-8.79962797276675701141357421875">
        <ele>269.20001220703125</ele>
        <time>2025-10-21T10:29:18.000Z</time>
        <extensions>
          <ns3:TrackPointExtension>
            <ns3:hr>89</ns3:hr>
            <ns3:cad>52</ns3:cad>
          </ns3:TrackPointExtension>
        </extensions>
      </trkpt>
      <trkpt lat="42.92870230972766876220703125" lon="-8.7996567226946353912353515625">
        <ele>269</ele>
        <time>2025-10-21T10:29:20.000Z</time>
        <extensions>
          <ns3:TrackPointExtension>
            <ns3:hr>90</ns3:hr>
            <ns3:cad>52</ns3:cad>
          </ns3:TrackPointExtension>
        </extensions>
      </trkpt>
      <trkpt lat="42.9286887310445308685302734375" lon="-8.79974246956408023834228515625">
        <ele>268.399993896484375</ele>
        <time>2025-10-21T10:29:26.000Z</time>
        <extensions>
          <ns3:TrackPointExtension>
            <ns3:hr>89</ns3:hr>
            <ns3:cad>52</ns3:cad>
          </ns3:TrackPointExtension>
        </extensions>
      </trkpt>
      <trkpt lat="42.92867146432399749755859375" lon="-8.7998109497129917144775390625">
        <ele>268</ele>
        <time>2025-10-21T10:29:31.000Z</time>
        <extensions>
          <ns3:TrackPointExtension>
            <ns3:hr>87</ns3:hr>
            <ns3:cad>53</ns3:cad>
          </ns3:TrackPointExtension>
        </extensions>
      </trkpt>
      <trkpt lat="42.92866341769695281982421875" lon="-8.79987113177776336669921875">
        <ele>267.600006103515625</ele>
        <time>2025-10-21T10:29:35.000Z</time>
        <extensions>
          <ns3:TrackPointExtension>
            <ns3:hr>86</ns3:hr>
            <ns3:cad>53</ns3:cad>
          </ns3:TrackPointExtension>
        </extensions>
      </trkpt>
      <trkpt lat="42.92865009047091007232666015625" lon="-8.799976408481597900390625">
        <ele>267</ele>
        <time>2025-10-21T10:29:43.000Z</time>
        <extensions>
          <ns3:TrackPointExtension>
            <ns3:hr>85</ns3:hr>
            <ns3:cad>53</ns3:cad>
          </ns3:TrackPointExtension>
        </extensions>
      </trkpt>
      <trkpt lat="42.92863248847424983978271484375" lon="-8.8000595569610595703125">
        <ele>266</ele>
        <time>2025-10-21T10:29:52.000Z</time>
        <extensions>
          <ns3:TrackPointExtension>
            <ns3:hr>85</ns3:hr>
            <ns3:cad>0</ns3:cad>
          </ns3:TrackPointExtension>
        </extensions>
      </trkpt>
      <trkpt lat="42.9286263696849346160888671875" lon="-8.8000904023647308349609375">
        <ele>265.79998779296875</ele>
        <time>2025-10-21T10:29:54.000Z</time>
        <extensions>
          <ns3:TrackPointExtension>
            <ns3:hr>85</ns3:hr>
            <ns3:cad>0</ns3:cad>
          </ns3:TrackPointExtension>
        </extensions>
      </trkpt>
      <trkpt lat="42.92860181070864200592041015625" lon="-8.8001985289156436920166015625">
        <ele>265.399993896484375</ele>
        <time>2025-10-21T10:30:02.000Z</time>
        <extensions>
          <ns3:TrackPointExtension>
            <ns3:hr>86</ns3:hr>
            <ns3:cad>0</ns3:cad>
          </ns3:TrackPointExtension>
        </extensions>
      </trkpt>
      <trkpt lat="42.92856794781982898712158203125" lon="-8.80031235516071319580078125">
        <ele>265</ele>
        <time>2025-10-21T10:30:10.000Z</time>
        <extensions>
          <ns3:TrackPointExtension>
            <ns3:hr>86</ns3:hr>
            <ns3:cad>53</ns3:cad>
          </ns3:TrackPointExtension>
        </extensions>
      </trkpt>
      <trkpt lat="42.92854615487158298492431640625" lon="-8.80037412978708744049072265625">
        <ele>264.600006103515625</ele>
        <time>2025-10-21T10:30:15.000Z</time>
        <extensions>
          <ns3:TrackPointExtension>
            <ns3:hr>87</ns3:hr>
            <ns3:cad>51</ns3:cad>
          </ns3:TrackPointExtension>
        </extensions>
      </trkpt>
      <trkpt lat="42.92853140272200107574462890625" lon="-8.80041335709393024444580078125">
        <ele>264.20001220703125</ele>
        <time>2025-10-21T10:30:18.000Z</time>
        <extensions>
          <ns3:TrackPointExtension>
            <ns3:hr>86</ns3:hr>
            <ns3:cad>50</ns3:cad>
          </ns3:TrackPointExtension>
        </extensions>
      </trkpt>
      <trkpt lat="42.92851723730564117431640625" lon="-8.8004560209810733795166015625">
        <ele>263.600006103515625</ele>
        <time>2025-10-21T10:30:22.000Z</time>
        <extensions>
          <ns3:TrackPointExtension>
            <ns3:hr>86</ns3:hr>
            <ns3:cad>53</ns3:cad>
          </ns3:TrackPointExtension>
        </extensions>
      </trkpt>
      <trkpt lat="42.9285026527941226959228515625" lon="-8.80049902014434337615966796875">
        <ele>263.399993896484375</ele>
        <time>2025-10-21T10:30:26.000Z</time>
        <extensions>
          <ns3:TrackPointExtension>
            <ns3:hr>87</ns3:hr>
            <ns3:cad>53</ns3:cad>
          </ns3:TrackPointExtension>
        </extensions>
      </trkpt>
      <trkpt lat="42.92846761643886566162109375" lon="-8.800616450607776641845703125">
        <ele>263</ele>
        <time>2025-10-21T10:30:35.000Z</time>
        <extensions>
          <ns3:TrackPointExtension>
            <ns3:hr>88</ns3:hr>
            <ns3:cad>53</ns3:cad>
          </ns3:TrackPointExtension>
        </extensions>
      </trkpt>
      <trkpt lat="42.92844188399612903594970703125" lon="-8.80069398321211338043212890625">
        <ele>262.600006103515625</ele>
        <time>2025-10-21T10:30:41.000Z</time>
        <extensions>
          <ns3:TrackPointExtension>
            <ns3:hr>88</ns3:hr>
            <ns3:cad>53</ns3:cad>
          </ns3:TrackPointExtension>
        </extensions>
      </trkpt>
      <trkpt lat="42.9284302331507205963134765625" lon="-8.80072214640676975250244140625">
        <ele>262.600006103515625</ele>
        <time>2025-10-21T10:30:43.000Z</time>
        <extensions>
          <ns3:TrackPointExtension>
            <ns3:hr>88</ns3:hr>
            <ns3:cad>53</ns3:cad>
          </ns3:TrackPointExtension>
        </extensions>
      </trkpt>
      <trkpt lat="42.9283930175006389617919921875" lon="-8.800805546343326568603515625">
        <ele>261.79998779296875</ele>
        <time>2025-10-21T10:30:52.000Z</time>
        <extensions>
          <ns3:TrackPointExtension>
            <ns3:hr>88</ns3:hr>
            <ns3:cad>54</ns3:cad>
          </ns3:TrackPointExtension>
        </extensions>
      </trkpt>
      <trkpt lat="42.9283859767019748687744140625" lon="-8.8008342124521732330322265625">
        <ele>261.600006103515625</ele>
        <time>2025-10-21T10:30:58.000Z</time>
        <extensions>
          <ns3:TrackPointExtension>
            <ns3:hr>88</ns3:hr>
            <ns3:cad>0</ns3:cad>
          </ns3:TrackPointExtension>
        </extensions>
      </trkpt>
      <trkpt lat="42.92837767861783504486083984375" lon="-8.80086245946586132049560546875">
        <ele>261.399993896484375</ele>
        <time>2025-10-21T10:31:00.000Z</time>
        <extensions>
          <ns3:TrackPointExtension>
            <ns3:hr>88</ns3:hr>
            <ns3:cad>0</ns3:cad>
          </ns3:TrackPointExtension>
        </extensions>
      </trkpt>
      <trkpt lat="42.92836326174437999725341796875" lon="-8.800943009555339813232421875">
        <ele>261.20001220703125</ele>
        <time>2025-10-21T10:31:07.000Z</time>
        <extensions>
          <ns3:TrackPointExtension>
            <ns3:hr>87</ns3:hr>
            <ns3:cad>0</ns3:cad>
          </ns3:TrackPointExtension>
        </extensions>
      </trkpt>
      <trkpt lat="42.92833996005356311798095703125" lon="-8.8010065443813800811767578125">
        <ele>261</ele>
        <time>2025-10-21T10:31:13.000Z</time>
        <extensions>
          <ns3:TrackPointExtension>
            <ns3:hr>87</ns3:hr>
            <ns3:cad>52</ns3:cad>
          </ns3:TrackPointExtension>
        </extensions>
      </trkpt>
      <trkpt lat="42.92830442078411579132080078125" lon="-8.80110285244882106781005859375">
        <ele>260.79998779296875</ele>
        <time>2025-10-21T10:31:21.000Z</time>
        <extensions>
          <ns3:TrackPointExtension>
            <ns3:hr>87</ns3:hr>
            <ns3:cad>51</ns3:cad>
          </ns3:TrackPointExtension>
        </extensions>
      </trkpt>
      <trkpt lat="42.92826301418244838714599609375" lon="-8.80122690461575984954833984375">
        <ele>260.79998779296875</ele>
        <time>2025-10-21T10:31:31.000Z</time>
        <extensions>
          <ns3:TrackPointExtension>
            <ns3:hr>85</ns3:hr>
            <ns3:cad>52</ns3:cad>
          </ns3:TrackPointExtension>
        </extensions>
      </trkpt>
      <trkpt lat="42.928196378052234649658203125" lon="-8.80134760402143001556396484375">
        <ele>260.600006103515625</ele>
        <time>2025-10-21T10:31:40.000Z</time>
        <extensions>
          <ns3:TrackPointExtension>
            <ns3:hr>84</ns3:hr>
            <ns3:cad>53</ns3:cad>
          </ns3:TrackPointExtension>
        </extensions>
      </trkpt>
      <trkpt lat="42.92816477827727794647216796875" lon="-8.80144399590790271759033203125">
        <ele>261</ele>
        <time>2025-10-21T10:31:47.000Z</time>
        <extensions>
          <ns3:TrackPointExtension>
            <ns3:hr>82</ns3:hr>
            <ns3:cad>52</ns3:cad>
          </ns3:TrackPointExtension>
        </extensions>
      </trkpt>
      <trkpt lat="42.9281787760555744171142578125" lon="-8.8014824688434600830078125">
        <ele>261</ele>
        <time>2025-10-21T10:31:51.000Z</time>
        <extensions>
          <ns3:TrackPointExtension>
            <ns3:hr>82</ns3:hr>
            <ns3:cad>52</ns3:cad>
          </ns3:TrackPointExtension>
        </extensions>
      </trkpt>
      <trkpt lat="42.92818858288228511810302734375" lon="-8.801507614552974700927734375">
        <ele>261</ele>
        <time>2025-10-21T10:31:53.000Z</time>
        <extensions>
          <ns3:TrackPointExtension>
            <ns3:hr>82</ns3:hr>
            <ns3:cad>52</ns3:cad>
          </ns3:TrackPointExtension>
        </extensions>
      </trkpt>
      <trkpt lat="42.9282310791313648223876953125" lon="-8.8015825487673282623291015625">
        <ele>261.399993896484375</ele>
        <time>2025-10-21T10:32:00.000Z</time>
        <extensions>
          <ns3:TrackPointExtension>
            <ns3:hr>83</ns3:hr>
            <ns3:cad>0</ns3:cad>
          </ns3:TrackPointExtension>
        </extensions>
      </trkpt>
      <trkpt lat="42.928274832665920257568359375" lon="-8.801658488810062408447265625">
        <ele>262</ele>
        <time>2025-10-21T10:32:09.000Z</time>
        <extensions>
          <ns3:TrackPointExtension>
            <ns3:hr>85</ns3:hr>
            <ns3:cad>45</ns3:cad>
          </ns3:TrackPointExtension>
        </extensions>
      </trkpt>
      <trkpt lat="42.92831665836274623870849609375" lon="-8.8017354346811771392822265625">
        <ele>262.20001220703125</ele>
        <time>2025-10-21T10:32:15.000Z</time>
        <extensions>
          <ns3:TrackPointExtension>
            <ns3:hr>88</ns3:hr>
            <ns3:cad>51</ns3:cad>
          </ns3:TrackPointExtension>
        </extensions>
      </trkpt>
      <trkpt lat="42.92833191342651844024658203125" lon="-8.80175940692424774169921875">
        <ele>262.399993896484375</ele>
        <time>2025-10-21T10:32:17.000Z</time>
        <extensions>
          <ns3:TrackPointExtension>
            <ns3:hr>89</ns3:hr>
            <ns3:cad>51</ns3:cad>
          </ns3:TrackPointExtension>
        </extensions>
      </trkpt>
      <trkpt lat="42.92835772968828678131103515625" lon="-8.801798634231090545654296875">
        <ele>262.399993896484375</ele>
        <time>2025-10-21T10:32:21.000Z</time>
        <extensions>
          <ns3:TrackPointExtension>
            <ns3:hr>92</ns3:hr>
            <ns3:cad>0</ns3:cad>
          </ns3:TrackPointExtension>
        </extensions>
      </trkpt>
      <trkpt lat="42.92838337831199169158935546875" lon="-8.80184180103242397308349609375">
        <ele>262.600006103515625</ele>
        <time>2025-10-21T10:32:25.000Z</time>
        <extensions>
          <ns3:TrackPointExtension>
            <ns3:hr>93</ns3:hr>
            <ns3:cad>50</ns3:cad>
          </ns3:TrackPointExtension>
        </extensions>
      </trkpt>
      <trkpt lat="42.92838740162551403045654296875" lon="-8.8018568046391010284423828125">
        <ele>262.600006103515625</ele>
        <time>2025-10-21T10:32:26.000Z</time>
        <extensions>
          <ns3:TrackPointExtension>
            <ns3:hr>94</ns3:hr>
            <ns3:cad>50</ns3:cad>
          </ns3:TrackPointExtension>
        </extensions>
      </trkpt>
      <trkpt lat="42.928445823490619659423828125" lon="-8.80199016071856021881103515625">
        <ele>263</ele>
        <time>2025-10-21T10:32:37.000Z</time>
        <extensions>
          <ns3:TrackPointExtension>
            <ns3:hr>95</ns3:hr>
            <ns3:cad>50</ns3:cad>
          </ns3:TrackPointExtension>
        </extensions>
      </trkpt>
      <trkpt lat="42.92849502526223659515380859375" lon="-8.802086301147937774658203125">
        <ele>263.20001220703125</ele>
        <time>2025-10-21T10:32:45.000Z</time>
        <extensions>
          <ns3:TrackPointExtension>
            <ns3:hr>95</ns3:hr>
            <ns3:cad>51</ns3:cad>
          </ns3:TrackPointExtension>
        </extensions>
      </trkpt>
      <trkpt lat="42.9285288043320178985595703125" lon="-8.80214321427047252655029296875">
        <ele>263.600006103515625</ele>
        <time>2025-10-21T10:32:50.000Z</time>
        <extensions>
          <ns3:TrackPointExtension>
            <ns3:hr>95</ns3:hr>
            <ns3:cad>50</ns3:cad>
          </ns3:TrackPointExtension>
        </extensions>
      </trkpt>
      <trkpt lat="42.92855772189795970916748046875" lon="-8.802202306687831878662109375">
        <ele>264</ele>
        <time>2025-10-21T10:32:55.000Z</time>
        <extensions>
          <ns3:TrackPointExtension>
            <ns3:hr>95</ns3:hr>
            <ns3:cad>51</ns3:cad>
          </ns3:TrackPointExtension>
        </extensions>
      </trkpt>
      <trkpt lat="42.9285921715199947357177734375" lon="-8.80228721536695957183837890625">
        <ele>264.600006103515625</ele>
        <time>2025-10-21T10:33:02.000Z</time>
        <extensions>
          <ns3:TrackPointExtension>
            <ns3:hr>95</ns3:hr>
            <ns3:cad>50</ns3:cad>
          </ns3:TrackPointExtension>
        </extensions>
      </trkpt>
      <trkpt lat="42.928598709404468536376953125" lon="-8.80229475907981395721435546875">
        <ele>264.600006103515625</ele>
        <time>2025-10-21T10:33:03.000Z</time>
        <extensions>
          <ns3:TrackPointExtension>
            <ns3:hr>95</ns3:hr>
            <ns3:cad>50</ns3:cad>
          </ns3:TrackPointExtension>
        </extensions>
      </trkpt>
      <trkpt lat="42.9286330752074718475341796875" lon="-8.80237765610218048095703125">
        <ele>265.20001220703125</ele>
        <time>2025-10-21T10:33:09.000Z</time>
        <extensions>
          <ns3:TrackPointExtension>
            <ns3:hr>93</ns3:hr>
            <ns3:cad>49</ns3:cad>
          </ns3:TrackPointExtension>
        </extensions>
      </trkpt>
      <trkpt lat="42.92867724783718585968017578125" lon="-8.8024639897048473358154296875">
        <ele>265.79998779296875</ele>
        <time>2025-10-21T10:33:15.000Z</time>
        <extensions>
          <ns3:TrackPointExtension>
            <ns3:hr>95</ns3:hr>
            <ns3:cad>51</ns3:cad>
          </ns3:TrackPointExtension>
        </extensions>
      </trkpt>
      <trkpt lat="42.928696610033512115478515625" lon="-8.8024871237576007843017578125">
        <ele>266</ele>
        <time>2025-10-21T10:33:17.000Z</time>
        <extensions>
          <ns3:TrackPointExtension>
            <ns3:hr>95</ns3:hr>
            <ns3:cad>51</ns3:cad>
          </ns3:TrackPointExtension>
        </extensions>
      </trkpt>
      <trkpt lat="42.9287467338144779205322265625" lon="-8.80252190865576267242431640625">
        <ele>266.79998779296875</ele>
        <time>2025-10-21T10:33:22.000Z</time>
        <extensions>
          <ns3:TrackPointExtension>
            <ns3:hr>97</ns3:hr>
            <ns3:cad>51</ns3:cad>
          </ns3:TrackPointExtension>
        </extensions>
      </trkpt>
      <trkpt lat="42.92875654064118862152099609375" lon="-8.80253079347312450408935546875">
        <ele>267</ele>
        <time>2025-10-21T10:33:24.000Z</time>
        <extensions>
          <ns3:TrackPointExtension>
            <ns3:hr>98</ns3:hr>
            <ns3:cad>0</ns3:cad>
          </ns3:TrackPointExtension>
        </extensions>
      </trkpt>
      <trkpt lat="42.92876190505921840667724609375" lon="-8.80255040712654590606689453125">
        <ele>267.20001220703125</ele>
        <time>2025-10-21T10:33:26.000Z</time>
        <extensions>
          <ns3:TrackPointExtension>
            <ns3:hr>99</ns3:hr>
            <ns3:cad>0</ns3:cad>
          </ns3:TrackPointExtension>
        </extensions>
      </trkpt>
      <trkpt lat="42.92880130000412464141845703125" lon="-8.8026098348200321197509765625">
        <ele>267.79998779296875</ele>
        <time>2025-10-21T10:33:31.000Z</time>
        <extensions>
          <ns3:TrackPointExtension>
            <ns3:hr>101</ns3:hr>
            <ns3:cad>0</ns3:cad>
          </ns3:TrackPointExtension>
        </extensions>
      </trkpt>
      <trkpt lat="42.92880783788859844207763671875" lon="-8.80261838436126708984375">
        <ele>267.79998779296875</ele>
        <time>2025-10-21T10:33:32.000Z</time>
        <extensions>
          <ns3:TrackPointExtension>
            <ns3:hr>102</ns3:hr>
            <ns3:cad>0</ns3:cad>
          </ns3:TrackPointExtension>
        </extensions>
      </trkpt>
      <trkpt lat="42.9288691096007823944091796875" lon="-8.80267630331218242645263671875">
        <ele>268.399993896484375</ele>
        <time>2025-10-21T10:33:38.000Z</time>
        <extensions>
          <ns3:TrackPointExtension>
            <ns3:hr>104</ns3:hr>
            <ns3:cad>51</ns3:cad>
          </ns3:TrackPointExtension>
        </extensions>
      </trkpt>
      <trkpt lat="42.92888109572231769561767578125" lon="-8.80270329304039478302001953125">
        <ele>269</ele>
        <time>2025-10-21T10:33:41.000Z</time>
        <extensions>
          <ns3:TrackPointExtension>
            <ns3:hr>104</ns3:hr>
            <ns3:cad>51</ns3:cad>
          </ns3:TrackPointExtension>
        </extensions>
      </trkpt>
      <trkpt lat="42.92890272103250026702880859375" lon="-8.80273640155792236328125">
        <ele>269.20001220703125</ele>
        <time>2025-10-21T10:33:44.000Z</time>
        <extensions>
          <ns3:TrackPointExtension>
            <ns3:hr>105</ns3:hr>
            <ns3:cad>0</ns3:cad>
          </ns3:TrackPointExtension>
        </extensions>
      </trkpt>
      <trkpt lat="42.92894379235804080963134765625" lon="-8.80281711928546428680419921875">
        <ele>269.600006103515625</ele>
        <time>2025-10-21T10:33:50.000Z</time>
        <extensions>
          <ns3:TrackPointExtension>
            <ns3:hr>107</ns3:hr>
            <ns3:cad>53</ns3:cad>
          </ns3:TrackPointExtension>
        </extensions>
      </trkpt>
      <trkpt lat="42.928965501487255096435546875" lon="-8.80286891944706439971923828125">
        <ele>270</ele>
        <time>2025-10-21T10:33:54.000Z</time>
        <extensions>
          <ns3:TrackPointExtension>
            <ns3:hr>109</ns3:hr>
            <ns3:cad>53</ns3:cad>
          </ns3:TrackPointExtension>
        </extensions>
      </trkpt>
      <trkpt lat="42.92899726890027523040771484375" lon="-8.80291921086609363555908203125">
        <ele>270.600006103515625</ele>
        <time>2025-10-21T10:33:58.000Z</time>
        <extensions>
          <ns3:TrackPointExtension>
            <ns3:hr>110</ns3:hr>
            <ns3:cad>0</ns3:cad>
          </ns3:TrackPointExtension>
        </extensions>
      </trkpt>
      <trkpt lat="42.92902425862848758697509765625" lon="-8.80296665243804454803466796875">
        <ele>271</ele>
        <time>2025-10-21T10:34:04.000Z</time>
        <extensions>
          <ns3:TrackPointExtension>
            <ns3:hr>110</ns3:hr>
            <ns3:cad>45</ns3:cad>
          </ns3:TrackPointExtension>
        </extensions>
      </trkpt>
      <trkpt lat="42.92902945540845394134521484375" lon="-8.8029736094176769256591796875">
        <ele>271.20001220703125</ele>
        <time>2025-10-21T10:34:05.000Z</time>
        <extensions>
          <ns3:TrackPointExtension>
            <ns3:hr>111</ns3:hr>
            <ns3:cad>45</ns3:cad>
          </ns3:TrackPointExtension>
        </extensions>
      </trkpt>
      <trkpt lat="42.92904990725219249725341796875" lon="-8.80303069017827510833740234375">
        <ele>272.20001220703125</ele>
        <time>2025-10-21T10:34:13.000Z</time>
        <extensions>
          <ns3:TrackPointExtension>
            <ns3:hr>113</ns3:hr>
            <ns3:cad>0</ns3:cad>
          </ns3:TrackPointExtension>
        </extensions>
      </trkpt>
      <trkpt lat="42.92908360250294208526611328125" lon="-8.80310227163136005401611328125">
        <ele>273.20001220703125</ele>
        <time>2025-10-21T10:34:20.000Z</time>
        <extensions>
          <ns3:TrackPointExtension>
            <ns3:hr>114</ns3:hr>
            <ns3:cad>0</ns3:cad>
          </ns3:TrackPointExtension>
        </extensions>
      </trkpt>
      <trkpt lat="42.92909265495836734771728515625" lon="-8.8031140901148319244384765625">
        <ele>273.20001220703125</ele>
        <time>2025-10-21T10:34:21.000Z</time>
        <extensions>
          <ns3:TrackPointExtension>
            <ns3:hr>115</ns3:hr>
            <ns3:cad>0</ns3:cad>
          </ns3:TrackPointExtension>
        </extensions>
      </trkpt>
      <trkpt lat="42.929138503968715667724609375" lon="-8.80316748283803462982177734375">
        <ele>274</ele>
        <time>2025-10-21T10:34:28.000Z</time>
        <extensions>
          <ns3:TrackPointExtension>
            <ns3:hr>116</ns3:hr>
            <ns3:cad>46</ns3:cad>
          </ns3:TrackPointExtension>
        </extensions>
      </trkpt>
      <trkpt lat="42.92913540266454219818115234375" lon="-8.80318005569279193878173828125">
        <ele>274.20001220703125</ele>
        <time>2025-10-21T10:34:31.000Z</time>
        <extensions>
          <ns3:TrackPointExtension>
            <ns3:hr>115</ns3:hr>
            <ns3:cad>0</ns3:cad>
          </ns3:TrackPointExtension>
        </extensions>
      </trkpt>
      <trkpt lat="42.9291522502899169921875" lon="-8.80322213284671306610107421875">
        <ele>274.600006103515625</ele>
        <time>2025-10-21T10:34:35.000Z</time>
        <extensions>
          <ns3:TrackPointExtension>
            <ns3:hr>115</ns3:hr>
            <ns3:cad>0</ns3:cad>
          </ns3:TrackPointExtension>
        </extensions>
      </trkpt>
      <trkpt lat="42.92917161248624324798583984375" lon="-8.80324258469045162200927734375">
        <ele>275.20001220703125</ele>
        <time>2025-10-21T10:34:40.000Z</time>
        <extensions>
          <ns3:TrackPointExtension>
            <ns3:hr>112</ns3:hr>
            <ns3:cad>0</ns3:cad>
          </ns3:TrackPointExtension>
        </extensions>
      </trkpt>
      <trkpt lat="42.92917731218039989471435546875" lon="-8.80324996076524257659912109375">
        <ele>275.20001220703125</ele>
        <time>2025-10-21T10:34:41.000Z</time>
        <extensions>
          <ns3:TrackPointExtension>
            <ns3:hr>112</ns3:hr>
            <ns3:cad>0</ns3:cad>
          </ns3:TrackPointExtension>
        </extensions>
      </trkpt>
      <trkpt lat="42.9291812516748905181884765625" lon="-8.80325448699295520782470703125">
        <ele>275.399993896484375</ele>
        <time>2025-10-21T10:34:42.000Z</time>
        <extensions>
          <ns3:TrackPointExtension>
            <ns3:hr>112</ns3:hr>
            <ns3:cad>0</ns3:cad>
          </ns3:TrackPointExtension>
        </extensions>
      </trkpt>
      <trkpt lat="42.9292181320488452911376953125" lon="-8.80329606123268604278564453125">
        <ele>276</ele>
        <time>2025-10-21T10:34:49.000Z</time>
        <extensions>
          <ns3:TrackPointExtension>
            <ns3:hr>109</ns3:hr>
            <ns3:cad>0</ns3:cad>
          </ns3:TrackPointExtension>
        </extensions>
      </trkpt>
      <trkpt lat="42.92922441847622394561767578125" lon="-8.80329974927008152008056640625">
        <ele>276</ele>
        <time>2025-10-21T10:34:50.000Z</time>
        <extensions>
          <ns3:TrackPointExtension>
            <ns3:hr>110</ns3:hr>
            <ns3:cad>0</ns3:cad>
          </ns3:TrackPointExtension>
        </extensions>
      </trkpt>
      <trkpt lat="42.92927496135234832763671875" lon="-8.80333260633051395416259765625">
        <ele>276.399993896484375</ele>
        <time>2025-10-21T10:34:56.000Z</time>
        <extensions>
          <ns3:TrackPointExtension>
            <ns3:hr>110</ns3:hr>
            <ns3:cad>46</ns3:cad>
          </ns3:TrackPointExtension>
        </extensions>
      </trkpt>
      <trkpt lat="42.9292992688715457916259765625" lon="-8.803350962698459625244140625">
        <ele>276.600006103515625</ele>
        <time>2025-10-21T10:34:59.000Z</time>
        <extensions>
          <ns3:TrackPointExtension>
            <ns3:hr>111</ns3:hr>
            <ns3:cad>46</ns3:cad>
          </ns3:TrackPointExtension>
        </extensions>
      </trkpt>
      <trkpt lat="42.92932550422847270965576171875" lon="-8.80339547060430049896240234375">
        <ele>277.399993896484375</ele>
        <time>2025-10-21T10:35:05.000Z</time>
        <extensions>
          <ns3:TrackPointExtension>
            <ns3:hr>111</ns3:hr>
            <ns3:cad>68</ns3:cad>
          </ns3:TrackPointExtension>
        </extensions>
      </trkpt>
      <trkpt lat="42.9293341375887393951416015625" lon="-8.8034118153154850006103515625">
        <ele>277.600006103515625</ele>
        <time>2025-10-21T10:35:07.000Z</time>
        <extensions>
          <ns3:TrackPointExtension>
            <ns3:hr>111</ns3:hr>
            <ns3:cad>68</ns3:cad>
          </ns3:TrackPointExtension>
        </extensions>
      </trkpt>
      <trkpt lat="42.9293894581496715545654296875" lon="-8.8034869171679019927978515625">
        <ele>277.79998779296875</ele>
        <time>2025-10-21T10:35:16.000Z</time>
        <extensions>
          <ns3:TrackPointExtension>
            <ns3:hr>111</ns3:hr>
            <ns3:cad>49</ns3:cad>
          </ns3:TrackPointExtension>
        </extensions>
      </trkpt>
      <trkpt lat="42.9294270090758800506591796875" lon="-8.80356377921998500823974609375">
        <ele>278.399993896484375</ele>
        <time>2025-10-21T10:35:23.000Z</time>
        <extensions>
          <ns3:TrackPointExtension>
            <ns3:hr>112</ns3:hr>
            <ns3:cad>47</ns3:cad>
          </ns3:TrackPointExtension>
        </extensions>
      </trkpt>
      <trkpt lat="42.92943581007421016693115234375" lon="-8.80358171649277210235595703125">
        <ele>278.399993896484375</ele>
        <time>2025-10-21T10:35:25.000Z</time>
        <extensions>
          <ns3:TrackPointExtension>
            <ns3:hr>112</ns3:hr>
            <ns3:cad>45</ns3:cad>
          </ns3:TrackPointExtension>
        </extensions>
      </trkpt>
      <trkpt lat="42.92945760302245616912841796875" lon="-8.8036180101335048675537109375">
        <ele>278.79998779296875</ele>
        <time>2025-10-21T10:35:31.000Z</time>
        <extensions>
          <ns3:TrackPointExtension>
            <ns3:hr>111</ns3:hr>
            <ns3:cad>41</ns3:cad>
          </ns3:TrackPointExtension>
        </extensions>
      </trkpt>
      <trkpt lat="42.9294591955840587615966796875" lon="-8.803638629615306854248046875">
        <ele>278.79998779296875</ele>
        <time>2025-10-21T10:35:39.000Z</time>
        <extensions>
          <ns3:TrackPointExtension>
            <ns3:hr>110</ns3:hr>
            <ns3:cad>0</ns3:cad>
          </ns3:TrackPointExtension>
        </extensions>
      </trkpt>
      <trkpt lat="42.92946229688823223114013671875" lon="-8.8036428205668926239013671875">
        <ele>278.79998779296875</ele>
        <time>2025-10-21T10:35:43.000Z</time>
        <extensions>
          <ns3:TrackPointExtension>
            <ns3:hr>106</ns3:hr>
            <ns3:cad>0</ns3:cad>
          </ns3:TrackPointExtension>
        </extensions>
      </trkpt>
      <trkpt lat="42.92946145869791507720947265625" lon="-8.80364122800529003143310546875">
        <ele>278.79998779296875</ele>
        <time>2025-10-21T10:35:45.000Z</time>
        <extensions>
          <ns3:TrackPointExtension>
            <ns3:hr>103</ns3:hr>
            <ns3:cad>0</ns3:cad>
          </ns3:TrackPointExtension>
        </extensions>
      </trkpt>
      <trkpt lat="42.92944930493831634521484375" lon="-8.80363033153116703033447265625">
        <ele>278.79998779296875</ele>
        <time>2025-10-21T10:35:49.000Z</time>
        <extensions>
          <ns3:TrackPointExtension>
            <ns3:hr>103</ns3:hr>
            <ns3:cad>0</ns3:cad>
          </ns3:TrackPointExtension>
        </extensions>
      </trkpt>
      <trkpt lat="42.92943128384649753570556640625" lon="-8.80366981029510498046875">
        <ele>279.20001220703125</ele>
        <time>2025-10-21T10:35:56.000Z</time>
        <extensions>
          <ns3:TrackPointExtension>
            <ns3:hr>102</ns3:hr>
            <ns3:cad>0</ns3:cad>
          </ns3:TrackPointExtension>
        </extensions>
      </trkpt>
      <trkpt lat="42.92941686697304248809814453125" lon="-8.803688250482082366943359375">
        <ele>279.600006103515625</ele>
        <time>2025-10-21T10:35:59.000Z</time>
        <extensions>
          <ns3:TrackPointExtension>
            <ns3:hr>101</ns3:hr>
            <ns3:cad>0</ns3:cad>
          </ns3:TrackPointExtension>
        </extensions>
      </trkpt>
      <trkpt lat="42.9294084012508392333984375" lon="-8.80369503982365131378173828125">
        <ele>279.79998779296875</ele>
        <time>2025-10-21T10:36:01.000Z</time>
        <extensions>
          <ns3:TrackPointExtension>
            <ns3:hr>102</ns3:hr>
            <ns3:cad>66</ns3:cad>
          </ns3:TrackPointExtension>
        </extensions>
      </trkpt>
      <trkpt lat="42.929382584989070892333984375" lon="-8.80370962433516979217529296875">
        <ele>280.600006103515625</ele>
        <time>2025-10-21T10:36:07.000Z</time>
        <extensions>
          <ns3:TrackPointExtension>
            <ns3:hr>101</ns3:hr>
            <ns3:cad>17</ns3:cad>
          </ns3:TrackPointExtension>
        </extensions>
      </trkpt>
      <trkpt lat="42.92937898077070713043212890625" lon="-8.803711719810962677001953125">
        <ele>280.79998779296875</ele>
        <time>2025-10-21T10:36:08.000Z</time>
        <extensions>
          <ns3:TrackPointExtension>
            <ns3:hr>101</ns3:hr>
            <ns3:cad>17</ns3:cad>
          </ns3:TrackPointExtension>
        </extensions>
      </trkpt>
      <trkpt lat="42.92933891527354717254638671875" lon="-8.80373225547373294830322265625">
        <ele>281.79998779296875</ele>
        <time>2025-10-21T10:36:15.000Z</time>
        <extensions>
          <ns3:TrackPointExtension>
            <ns3:hr>101</ns3:hr>
            <ns3:cad>0</ns3:cad>
          </ns3:TrackPointExtension>
        </extensions>
      </trkpt>
      <trkpt lat="42.92932231910526752471923828125" lon="-8.803742565214633941650390625">
        <ele>282.20001220703125</ele>
        <time>2025-10-21T10:36:17.000Z</time>
        <extensions>
          <ns3:TrackPointExtension>
            <ns3:hr>102</ns3:hr>
            <ns3:cad>0</ns3:cad>
          </ns3:TrackPointExtension>
        </extensions>
      </trkpt>
      <trkpt lat="42.92929767630994319915771484375" lon="-8.80381154827773571014404296875">
        <ele>282.79998779296875</ele>
        <time>2025-10-21T10:36:23.000Z</time>
        <extensions>
          <ns3:TrackPointExtension>
            <ns3:hr>104</ns3:hr>
            <ns3:cad>0</ns3:cad>
          </ns3:TrackPointExtension>
        </extensions>
      </trkpt>
      <trkpt lat="42.929294742643833160400390625" lon="-8.80381959490478038787841796875">
        <ele>283</ele>
        <time>2025-10-21T10:36:24.000Z</time>
        <extensions>
          <ns3:TrackPointExtension>
            <ns3:hr>104</ns3:hr>
            <ns3:cad>0</ns3:cad>
          </ns3:TrackPointExtension>
        </extensions>
      </trkpt>
      <trkpt lat="42.92926029302179813385009765625" lon="-8.803901486098766326904296875">
        <ele>283.20001220703125</ele>
        <time>2025-10-21T10:36:31.000Z</time>
        <extensions>
          <ns3:TrackPointExtension>
            <ns3:hr>104</ns3:hr>
            <ns3:cad>0</ns3:cad>
          </ns3:TrackPointExtension>
        </extensions>
      </trkpt>
      <trkpt lat="42.92924101464450359344482421875" lon="-8.80396963097155094146728515625">
        <ele>283.399993896484375</ele>
        <time>2025-10-21T10:36:37.000Z</time>
        <extensions>
          <ns3:TrackPointExtension>
            <ns3:hr>106</ns3:hr>
            <ns3:cad>0</ns3:cad>
          </ns3:TrackPointExtension>
        </extensions>
      </trkpt>
      <trkpt lat="42.929229699075222015380859375" lon="-8.80405797623097896575927734375">
        <ele>284</ele>
        <time>2025-10-21T10:36:43.000Z</time>
        <extensions>
          <ns3:TrackPointExtension>
            <ns3:hr>108</ns3:hr>
            <ns3:cad>0</ns3:cad>
          </ns3:TrackPointExtension>
        </extensions>
      </trkpt>
      <trkpt lat="42.92923447676002979278564453125" lon="-8.80412117578089237213134765625">
        <ele>285</ele>
        <time>2025-10-21T10:36:50.000Z</time>
        <extensions>
          <ns3:TrackPointExtension>
            <ns3:hr>109</ns3:hr>
            <ns3:cad>0</ns3:cad>
          </ns3:TrackPointExtension>
        </extensions>
      </trkpt>
      <trkpt lat="42.92923204600811004638671875" lon="-8.80423651076853275299072265625">
        <ele>285.79998779296875</ele>
        <time>2025-10-21T10:36:59.000Z</time>
        <extensions>
          <ns3:TrackPointExtension>
            <ns3:hr>109</ns3:hr>
            <ns3:cad>0</ns3:cad>
          </ns3:TrackPointExtension>
        </extensions>
      </trkpt>
      <trkpt lat="42.929235398769378662109375" lon="-8.80427925847470760345458984375">
        <ele>286</ele>
        <time>2025-10-21T10:37:03.000Z</time>
        <extensions>
          <ns3:TrackPointExtension>
            <ns3:hr>113</ns3:hr>
            <ns3:cad>0</ns3:cad>
          </ns3:TrackPointExtension>
        </extensions>
      </trkpt>
      <trkpt lat="42.92923565022647380828857421875" lon="-8.80429484881460666656494140625">
        <ele>286.20001220703125</ele>
        <time>2025-10-21T10:37:04.000Z</time>
        <extensions>
          <ns3:TrackPointExtension>
            <ns3:hr>116</ns3:hr>
            <ns3:cad>0</ns3:cad>
          </ns3:TrackPointExtension>
        </extensions>
      </trkpt>
      <trkpt lat="42.929235734045505523681640625" lon="-8.80431915633380413055419921875">
        <ele>286.399993896484375</ele>
        <time>2025-10-21T10:37:06.000Z</time>
        <extensions>
          <ns3:TrackPointExtension>
            <ns3:hr>117</ns3:hr>
            <ns3:cad>46</ns3:cad>
          </ns3:TrackPointExtension>
        </extensions>
      </trkpt>
      <trkpt lat="42.929220311343669891357421875" lon="-8.8044213317334651947021484375">
        <ele>287.20001220703125</ele>
        <time>2025-10-21T10:37:14.000Z</time>
        <extensions>
          <ns3:TrackPointExtension>
            <ns3:hr>116</ns3:hr>
            <ns3:cad>44</ns3:cad>
          </ns3:TrackPointExtension>
        </extensions>
      </trkpt>
      <trkpt lat="42.929219305515289306640625" lon="-8.80443834699690341949462890625">
        <ele>287.399993896484375</ele>
        <time>2025-10-21T10:37:15.000Z</time>
        <extensions>
          <ns3:TrackPointExtension>
            <ns3:hr>117</ns3:hr>
            <ns3:cad>44</ns3:cad>
          </ns3:TrackPointExtension>
        </extensions>
      </trkpt>
      <trkpt lat="42.9292087443172931671142578125" lon="-8.804468773305416107177734375">
        <ele>287.600006103515625</ele>
        <time>2025-10-21T10:37:20.000Z</time>
        <extensions>
          <ns3:TrackPointExtension>
            <ns3:hr>117</ns3:hr>
            <ns3:cad>0</ns3:cad>
          </ns3:TrackPointExtension>
        </extensions>
      </trkpt>
      <trkpt lat="42.92921637184917926788330078125" lon="-8.80448025651276111602783203125">
        <ele>287.600006103515625</ele>
        <time>2025-10-21T10:37:22.000Z</time>
        <extensions>
          <ns3:TrackPointExtension>
            <ns3:hr>117</ns3:hr>
            <ns3:cad>0</ns3:cad>
          </ns3:TrackPointExtension>
        </extensions>
      </trkpt>
      <trkpt lat="42.92925576679408550262451171875" lon="-8.80453892983496189117431640625">
        <ele>288</ele>
        <time>2025-10-21T10:37:31.000Z</time>
        <extensions>
          <ns3:TrackPointExtension>
            <ns3:hr>115</ns3:hr>
            <ns3:cad>0</ns3:cad>
          </ns3:TrackPointExtension>
        </extensions>
      </trkpt>
      <trkpt lat="42.92926314286887645721435546875" lon="-8.8046037219464778900146484375">
        <ele>288.20001220703125</ele>
        <time>2025-10-21T10:37:37.000Z</time>
        <extensions>
          <ns3:TrackPointExtension>
            <ns3:hr>114</ns3:hr>
            <ns3:cad>0</ns3:cad>
          </ns3:TrackPointExtension>
        </extensions>
      </trkpt>
      <trkpt lat="42.92927018366754055023193359375" lon="-8.8046313822269439697265625">
        <ele>288.20001220703125</ele>
        <time>2025-10-21T10:37:39.000Z</time>
        <extensions>
          <ns3:TrackPointExtension>
            <ns3:hr>114</ns3:hr>
            <ns3:cad>0</ns3:cad>
          </ns3:TrackPointExtension>
        </extensions>
      </trkpt>
      <trkpt lat="42.92929767630994319915771484375" lon="-8.80471209995448589324951171875">
        <ele>288.20001220703125</ele>
        <time>2025-10-21T10:37:48.000Z</time>
        <extensions>
          <ns3:TrackPointExtension>
            <ns3:hr>111</ns3:hr>
            <ns3:cad>0</ns3:cad>
          </ns3:TrackPointExtension>
        </extensions>
      </trkpt>
      <trkpt lat="42.92930102907121181488037109375" lon="-8.8047200627624988555908203125">
        <ele>288.20001220703125</ele>
        <time>2025-10-21T10:37:49.000Z</time>
        <extensions>
          <ns3:TrackPointExtension>
            <ns3:hr>111</ns3:hr>
            <ns3:cad>0</ns3:cad>
          </ns3:TrackPointExtension>
        </extensions>
      </trkpt>
      <trkpt lat="42.92931728996336460113525390625" lon="-8.80474738776683807373046875">
        <ele>288.20001220703125</ele>
        <time>2025-10-21T10:37:53.000Z</time>
        <extensions>
          <ns3:TrackPointExtension>
            <ns3:hr>108</ns3:hr>
            <ns3:cad>75</ns3:cad>
          </ns3:TrackPointExtension>
        </extensions>
      </trkpt>
      <trkpt lat="42.929340340197086334228515625" lon="-8.80478418432176113128662109375">
        <ele>288.20001220703125</ele>
        <time>2025-10-21T10:37:57.000Z</time>
        <extensions>
          <ns3:TrackPointExtension>
            <ns3:hr>105</ns3:hr>
            <ns3:cad>45</ns3:cad>
          </ns3:TrackPointExtension>
        </extensions>
      </trkpt>
      <trkpt lat="42.929353415966033935546875" lon="-8.8048243336379528045654296875">
        <ele>288.399993896484375</ele>
        <time>2025-10-21T10:38:00.000Z</time>
        <extensions>
          <ns3:TrackPointExtension>
            <ns3:hr>102</ns3:hr>
            <ns3:cad>47</ns3:cad>
          </ns3:TrackPointExtension>
        </extensions>
      </trkpt>
      <trkpt lat="42.929355092346668243408203125" lon="-8.80483615212142467498779296875">
        <ele>288.600006103515625</ele>
        <time>2025-10-21T10:38:01.000Z</time>
        <extensions>
          <ns3:TrackPointExtension>
            <ns3:hr>102</ns3:hr>
            <ns3:cad>47</ns3:cad>
          </ns3:TrackPointExtension>
        </extensions>
      </trkpt>
      <trkpt lat="42.92939423583447933197021484375" lon="-8.8049332983791828155517578125">
        <ele>288.600006103515625</ele>
        <time>2025-10-21T10:38:09.000Z</time>
        <extensions>
          <ns3:TrackPointExtension>
            <ns3:hr>102</ns3:hr>
            <ns3:cad>0</ns3:cad>
          </ns3:TrackPointExtension>
        </extensions>
      </trkpt>
      <trkpt lat="42.9294437728822231292724609375" lon="-8.80504854954779148101806640625">
        <ele>288.79998779296875</ele>
        <time>2025-10-21T10:38:18.000Z</time>
        <extensions>
          <ns3:TrackPointExtension>
            <ns3:hr>103</ns3:hr>
            <ns3:cad>51</ns3:cad>
          </ns3:TrackPointExtension>
        </extensions>
      </trkpt>
      <trkpt lat="42.92948593385517597198486328125" lon="-8.80511619150638580322265625">
        <ele>288.600006103515625</ele>
        <time>2025-10-21T10:38:25.000Z</time>
        <extensions>
          <ns3:TrackPointExtension>
            <ns3:hr>100</ns3:hr>
            <ns3:cad>48</ns3:cad>
          </ns3:TrackPointExtension>
        </extensions>
      </trkpt>
      <trkpt lat="42.929495908319950103759765625" lon="-8.8051284290850162506103515625">
        <ele>288.600006103515625</ele>
        <time>2025-10-21T10:38:26.000Z</time>
        <extensions>
          <ns3:TrackPointExtension>
            <ns3:hr>100</ns3:hr>
            <ns3:cad>48</ns3:cad>
          </ns3:TrackPointExtension>
        </extensions>
      </trkpt>
      <trkpt lat="42.92956522665917873382568359375" lon="-8.80524493753910064697265625">
        <ele>288.600006103515625</ele>
        <time>2025-10-21T10:38:36.000Z</time>
        <extensions>
          <ns3:TrackPointExtension>
            <ns3:hr>98</ns3:hr>
            <ns3:cad>49</ns3:cad>
          </ns3:TrackPointExtension>
        </extensions>
      </trkpt>
      <trkpt lat="42.92961702682077884674072265625" lon="-8.805329091846942901611328125">
        <ele>288.79998779296875</ele>
        <time>2025-10-21T10:38:45.000Z</time>
        <extensions>
          <ns3:TrackPointExtension>
            <ns3:hr>97</ns3:hr>
            <ns3:cad>0</ns3:cad>
          </ns3:TrackPointExtension>
        </extensions>
      </trkpt>
      <trkpt lat="42.92965340428054332733154296875" lon="-8.80541835911571979522705078125">
        <ele>288.79998779296875</ele>
        <time>2025-10-21T10:38:53.000Z</time>
        <extensions>
          <ns3:TrackPointExtension>
            <ns3:hr>97</ns3:hr>
            <ns3:cad>0</ns3:cad>
          </ns3:TrackPointExtension>
        </extensions>
      </trkpt>
      <trkpt lat="42.92969045229256153106689453125" lon="-8.80552028305828571319580078125">
        <ele>289</ele>
        <time>2025-10-21T10:39:00.000Z</time>
        <extensions>
          <ns3:TrackPointExtension>
            <ns3:hr>97</ns3:hr>
            <ns3:cad>49</ns3:cad>
          </ns3:TrackPointExtension>
        </extensions>
      </trkpt>
      <trkpt lat="42.92970436625182628631591796875" lon="-8.80559689365327358245849609375">
        <ele>289.20001220703125</ele>
        <time>2025-10-21T10:39:07.000Z</time>
        <extensions>
          <ns3:TrackPointExtension>
            <ns3:hr>97</ns3:hr>
            <ns3:cad>0</ns3:cad>
          </ns3:TrackPointExtension>
        </extensions>
      </trkpt>
      <trkpt lat="42.9297247342765331268310546875" lon="-8.80565070547163486480712890625">
        <ele>289.20001220703125</ele>
        <time>2025-10-21T10:39:11.000Z</time>
        <extensions>
          <ns3:TrackPointExtension>
            <ns3:hr>97</ns3:hr>
            <ns3:cad>49</ns3:cad>
          </ns3:TrackPointExtension>
        </extensions>
      </trkpt>
      <trkpt lat="42.92974141426384449005126953125" lon="-8.8056943751871585845947265625">
        <ele>289.600006103515625</ele>
        <time>2025-10-21T10:39:14.000Z</time>
        <extensions>
          <ns3:TrackPointExtension>
            <ns3:hr>98</ns3:hr>
            <ns3:cad>50</ns3:cad>
          </ns3:TrackPointExtension>
        </extensions>
      </trkpt>
      <trkpt lat="42.92975700460374355316162109375" lon="-8.805752880871295928955078125">
        <ele>290</ele>
        <time>2025-10-21T10:39:18.000Z</time>
        <extensions>
          <ns3:TrackPointExtension>
            <ns3:hr>101</ns3:hr>
            <ns3:cad>49</ns3:cad>
          </ns3:TrackPointExtension>
        </extensions>
      </trkpt>
      <trkpt lat="42.92976622469723224639892578125" lon="-8.8057956285774707794189453125">
        <ele>290.399993896484375</ele>
        <time>2025-10-21T10:39:22.000Z</time>
        <extensions>
          <ns3:TrackPointExtension>
            <ns3:hr>103</ns3:hr>
            <ns3:cad>49</ns3:cad>
          </ns3:TrackPointExtension>
        </extensions>
      </trkpt>
      <trkpt lat="42.9297767020761966705322265625" lon="-8.80588606931269168853759765625">
        <ele>291</ele>
        <time>2025-10-21T10:39:29.000Z</time>
        <extensions>
          <ns3:TrackPointExtension>
            <ns3:hr>104</ns3:hr>
            <ns3:cad>47</ns3:cad>
          </ns3:TrackPointExtension>
        </extensions>
      </trkpt>
      <trkpt lat="42.9297812283039093017578125" lon="-8.8059471733868122100830078125">
        <ele>291.399993896484375</ele>
        <time>2025-10-21T10:39:34.000Z</time>
        <extensions>
          <ns3:TrackPointExtension>
            <ns3:hr>105</ns3:hr>
            <ns3:cad>47</ns3:cad>
          </ns3:TrackPointExtension>
        </extensions>
      </trkpt>
      <trkpt lat="42.929787933826446533203125" lon="-8.805980868637561798095703125">
        <ele>291.600006103515625</ele>
        <time>2025-10-21T10:39:37.000Z</time>
        <extensions>
          <ns3:TrackPointExtension>
            <ns3:hr>105</ns3:hr>
            <ns3:cad>0</ns3:cad>
          </ns3:TrackPointExtension>
        </extensions>
      </trkpt>
      <trkpt lat="42.92980109341442584991455078125" lon="-8.80607432685792446136474609375">
        <ele>291.600006103515625</ele>
        <time>2025-10-21T10:39:43.000Z</time>
        <extensions>
          <ns3:TrackPointExtension>
            <ns3:hr>106</ns3:hr>
            <ns3:cad>50</ns3:cad>
          </ns3:TrackPointExtension>
        </extensions>
      </trkpt>
      <trkpt lat="42.9298000037670135498046875" lon="-8.80617809481918811798095703125">
        <ele>292</ele>
        <time>2025-10-21T10:39:51.000Z</time>
        <extensions>
          <ns3:TrackPointExtension>
            <ns3:hr>107</ns3:hr>
            <ns3:cad>50</ns3:cad>
          </ns3:TrackPointExtension>
        </extensions>
      </trkpt>
      <trkpt lat="42.92980603873729705810546875" lon="-8.80626677535474300384521484375">
        <ele>291.79998779296875</ele>
        <time>2025-10-21T10:39:57.000Z</time>
        <extensions>
          <ns3:TrackPointExtension>
            <ns3:hr>109</ns3:hr>
            <ns3:cad>51</ns3:cad>
          </ns3:TrackPointExtension>
        </extensions>
      </trkpt>
      <trkpt lat="42.92981483973562717437744140625" lon="-8.8063743151724338531494140625">
        <ele>292</ele>
        <time>2025-10-21T10:40:04.000Z</time>
        <extensions>
          <ns3:TrackPointExtension>
            <ns3:hr>107</ns3:hr>
            <ns3:cad>0</ns3:cad>
          </ns3:TrackPointExtension>
        </extensions>
      </trkpt>
      <trkpt lat="42.92982556857168674468994140625" lon="-8.80647816695272922515869140625">
        <ele>292.20001220703125</ele>
        <time>2025-10-21T10:40:11.000Z</time>
        <extensions>
          <ns3:TrackPointExtension>
            <ns3:hr>106</ns3:hr>
            <ns3:cad>0</ns3:cad>
          </ns3:TrackPointExtension>
        </extensions>
      </trkpt>
      <trkpt lat="42.92983026243746280670166015625" lon="-8.80650364793837070465087890625">
        <ele>292.399993896484375</ele>
        <time>2025-10-21T10:40:13.000Z</time>
        <extensions>
          <ns3:TrackPointExtension>
            <ns3:hr>106</ns3:hr>
            <ns3:cad>0</ns3:cad>
          </ns3:TrackPointExtension>
        </extensions>
      </trkpt>
      <trkpt lat="42.92983646504580974578857421875" lon="-8.8065841980278491973876953125">
        <ele>293</ele>
        <time>2025-10-21T10:40:19.000Z</time>
        <extensions>
          <ns3:TrackPointExtension>
            <ns3:hr>106</ns3:hr>
            <ns3:cad>49</ns3:cad>
          </ns3:TrackPointExtension>
        </extensions>
      </trkpt>
      <trkpt lat="42.9298323579132556915283203125" lon="-8.80671805702149868011474609375">
        <ele>293.20001220703125</ele>
        <time>2025-10-21T10:40:28.000Z</time>
        <extensions>
          <ns3:TrackPointExtension>
            <ns3:hr>105</ns3:hr>
            <ns3:cad>49</ns3:cad>
          </ns3:TrackPointExtension>
        </extensions>
      </trkpt>
      <trkpt lat="42.92985071428120136260986328125" lon="-8.80680061876773834228515625">
        <ele>293.20001220703125</ele>
        <time>2025-10-21T10:40:34.000Z</time>
        <extensions>
          <ns3:TrackPointExtension>
            <ns3:hr>106</ns3:hr>
            <ns3:cad>0</ns3:cad>
          </ns3:TrackPointExtension>
        </extensions>
      </trkpt>
      <trkpt lat="42.9298575036227703094482421875" lon="-8.8069144450128078460693359375">
        <ele>293</ele>
        <time>2025-10-21T10:40:42.000Z</time>
        <extensions>
          <ns3:TrackPointExtension>
            <ns3:hr>105</ns3:hr>
            <ns3:cad>50</ns3:cad>
          </ns3:TrackPointExtension>
        </extensions>
      </trkpt>
      <trkpt lat="42.92986194603145122528076171875" lon="-8.8070405088365077972412109375">
        <ele>292.20001220703125</ele>
        <time>2025-10-21T10:40:52.000Z</time>
        <extensions>
          <ns3:TrackPointExtension>
            <ns3:hr>105</ns3:hr>
            <ns3:cad>50</ns3:cad>
          </ns3:TrackPointExtension>
        </extensions>
      </trkpt>
      <trkpt lat="42.92986948974430561065673828125" lon="-8.80714000202715396881103515625">
        <ele>292</ele>
        <time>2025-10-21T10:41:00.000Z</time>
        <extensions>
          <ns3:TrackPointExtension>
            <ns3:hr>104</ns3:hr>
            <ns3:cad>49</ns3:cad>
          </ns3:TrackPointExtension>
        </extensions>
      </trkpt>
      <trkpt lat="42.92987099848687648773193359375" lon="-8.807179145514965057373046875">
        <ele>292.20001220703125</ele>
        <time>2025-10-21T10:41:07.000Z</time>
        <extensions>
          <ns3:TrackPointExtension>
            <ns3:hr>102</ns3:hr>
            <ns3:cad>0</ns3:cad>
          </ns3:TrackPointExtension>
        </extensions>
      </trkpt>
      <trkpt lat="42.9298866726458072662353515625" lon="-8.80722147412598133087158203125">
        <ele>292</ele>
        <time>2025-10-21T10:41:13.000Z</time>
        <extensions>
          <ns3:TrackPointExtension>
            <ns3:hr>99</ns3:hr>
            <ns3:cad>0</ns3:cad>
          </ns3:TrackPointExtension>
        </extensions>
      </trkpt>
      <trkpt lat="42.92988558299839496612548828125" lon="-8.80721912719309329986572265625">
        <ele>292</ele>
        <time>2025-10-21T10:41:14.000Z</time>
        <extensions>
          <ns3:TrackPointExtension>
            <ns3:hr>98</ns3:hr>
            <ns3:cad>0</ns3:cad>
          </ns3:TrackPointExtension>
        </extensions>
      </trkpt>
      <trkpt lat="42.92989346198737621307373046875" lon="-8.80722247995436191558837890625">
        <ele>292</ele>
        <time>2025-10-21T10:41:17.000Z</time>
        <extensions>
          <ns3:TrackPointExtension>
            <ns3:hr>95</ns3:hr>
            <ns3:cad>0</ns3:cad>
          </ns3:TrackPointExtension>
        </extensions>
      </trkpt>
      <trkpt lat="42.92990083806216716766357421875" lon="-8.80723874084651470184326171875">
        <ele>291.79998779296875</ele>
        <time>2025-10-21T10:41:25.000Z</time>
        <extensions>
          <ns3:TrackPointExtension>
            <ns3:hr>94</ns3:hr>
            <ns3:cad>0</ns3:cad>
          </ns3:TrackPointExtension>
        </extensions>
      </trkpt>
      <trkpt lat="42.929901592433452606201171875" lon="-8.8072933070361614227294921875">
        <ele>291.600006103515625</ele>
        <time>2025-10-21T10:41:33.000Z</time>
        <extensions>
          <ns3:TrackPointExtension>
            <ns3:hr>95</ns3:hr>
            <ns3:cad>0</ns3:cad>
          </ns3:TrackPointExtension>
        </extensions>
      </trkpt>
      <trkpt lat="42.929901592433452606201171875" lon="-8.80732691846787929534912109375">
        <ele>291.399993896484375</ele>
        <time>2025-10-21T10:41:36.000Z</time>
        <extensions>
          <ns3:TrackPointExtension>
            <ns3:hr>92</ns3:hr>
            <ns3:cad>0</ns3:cad>
          </ns3:TrackPointExtension>
        </extensions>
      </trkpt>
      <trkpt lat="42.9299007542431354522705078125" lon="-8.8073596917092800140380859375">
        <ele>291.399993896484375</ele>
        <time>2025-10-21T10:41:40.000Z</time>
        <extensions>
          <ns3:TrackPointExtension>
            <ns3:hr>91</ns3:hr>
            <ns3:cad>0</ns3:cad>
          </ns3:TrackPointExtension>
        </extensions>
      </trkpt>
      <trkpt lat="42.929902262985706329345703125" lon="-8.80737125873565673828125">
        <ele>291.399993896484375</ele>
        <time>2025-10-21T10:41:41.000Z</time>
        <extensions>
          <ns3:TrackPointExtension>
            <ns3:hr>92</ns3:hr>
            <ns3:cad>0</ns3:cad>
          </ns3:TrackPointExtension>
        </extensions>
      </trkpt>
      <trkpt lat="42.92993889190256595611572265625" lon="-8.807451389729976654052734375">
        <ele>291.399993896484375</ele>
        <time>2025-10-21T10:41:49.000Z</time>
        <extensions>
          <ns3:TrackPointExtension>
            <ns3:hr>92</ns3:hr>
            <ns3:cad>0</ns3:cad>
          </ns3:TrackPointExtension>
        </extensions>
      </trkpt>
      <trkpt lat="42.93000183999538421630859375" lon="-8.80749774165451526641845703125">
        <ele>291.79998779296875</ele>
        <time>2025-10-21T10:41:57.000Z</time>
        <extensions>
          <ns3:TrackPointExtension>
            <ns3:hr>92</ns3:hr>
            <ns3:cad>0</ns3:cad>
          </ns3:TrackPointExtension>
        </extensions>
      </trkpt>
      <trkpt lat="42.93005892075598239898681640625" lon="-8.80753713659942150115966796875">
        <ele>292.399993896484375</ele>
        <time>2025-10-21T10:42:05.000Z</time>
        <extensions>
          <ns3:TrackPointExtension>
            <ns3:hr>92</ns3:hr>
            <ns3:cad>46</ns3:cad>
          </ns3:TrackPointExtension>
        </extensions>
      </trkpt>
      <trkpt lat="42.93012530542910099029541015625" lon="-8.80758843384683132171630859375">
        <ele>293</ele>
        <time>2025-10-21T10:42:15.000Z</time>
        <extensions>
          <ns3:TrackPointExtension>
            <ns3:hr>93</ns3:hr>
            <ns3:cad>0</ns3:cad>
          </ns3:TrackPointExtension>
        </extensions>
      </trkpt>
      <trkpt lat="42.93015849776566028594970703125" lon="-8.80760938860476016998291015625">
        <ele>293.399993896484375</ele>
        <time>2025-10-21T10:42:19.000Z</time>
        <extensions>
          <ns3:TrackPointExtension>
            <ns3:hr>96</ns3:hr>
            <ns3:cad>0</ns3:cad>
          </ns3:TrackPointExtension>
        </extensions>
      </trkpt>
      <trkpt lat="42.930179201066493988037109375" lon="-8.80761642940342426300048828125">
        <ele>293.399993896484375</ele>
        <time>2025-10-21T10:42:21.000Z</time>
        <extensions>
          <ns3:TrackPointExtension>
            <ns3:hr>99</ns3:hr>
            <ns3:cad>43</ns3:cad>
          </ns3:TrackPointExtension>
        </extensions>
      </trkpt>
      <trkpt lat="42.9301998205482959747314453125" lon="-8.8076383061707019805908203125">
        <ele>293.600006103515625</ele>
        <time>2025-10-21T10:42:24.000Z</time>
        <extensions>
          <ns3:TrackPointExtension>
            <ns3:hr>101</ns3:hr>
            <ns3:cad>0</ns3:cad>
          </ns3:TrackPointExtension>
        </extensions>
      </trkpt>
      <trkpt lat="42.93023125268518924713134765625" lon="-8.80766420625150203704833984375">
        <ele>294.20001220703125</ele>
        <time>2025-10-21T10:42:29.000Z</time>
        <extensions>
          <ns3:TrackPointExtension>
            <ns3:hr>104</ns3:hr>
            <ns3:cad>0</ns3:cad>
          </ns3:TrackPointExtension>
        </extensions>
      </trkpt>
      <trkpt lat="42.9302517883479595184326171875" lon="-8.8076778687536716461181640625">
        <ele>294.399993896484375</ele>
        <time>2025-10-21T10:42:32.000Z</time>
        <extensions>
          <ns3:TrackPointExtension>
            <ns3:hr>105</ns3:hr>
            <ns3:cad>0</ns3:cad>
          </ns3:TrackPointExtension>
        </extensions>
      </trkpt>
      <trkpt lat="42.9302705638110637664794921875" lon="-8.80769153125584125518798828125">
        <ele>294.600006103515625</ele>
        <time>2025-10-21T10:42:34.000Z</time>
        <extensions>
          <ns3:TrackPointExtension>
            <ns3:hr>106</ns3:hr>
            <ns3:cad>43</ns3:cad>
          </ns3:TrackPointExtension>
        </extensions>
      </trkpt>
      <trkpt lat="42.930309958755970001220703125" lon="-8.80771600641310214996337890625">
        <ele>295</ele>
        <time>2025-10-21T10:42:39.000Z</time>
        <extensions>
          <ns3:TrackPointExtension>
            <ns3:hr>108</ns3:hr>
            <ns3:cad>42</ns3:cad>
          </ns3:TrackPointExtension>
        </extensions>
      </trkpt>
      <trkpt lat="42.93034918606281280517578125" lon="-8.80774081684648990631103515625">
        <ele>295.600006103515625</ele>
        <time>2025-10-21T10:42:45.000Z</time>
        <extensions>
          <ns3:TrackPointExtension>
            <ns3:hr>108</ns3:hr>
            <ns3:cad>42</ns3:cad>
          </ns3:TrackPointExtension>
        </extensions>
      </trkpt>
      <trkpt lat="42.93036804534494876861572265625" lon="-8.80774718709290027618408203125">
        <ele>296</ele>
        <time>2025-10-21T10:42:48.000Z</time>
        <extensions>
          <ns3:TrackPointExtension>
            <ns3:hr>108</ns3:hr>
            <ns3:cad>0</ns3:cad>
          </ns3:TrackPointExtension>
        </extensions>
      </trkpt>
      <trkpt lat="42.93038849718868732452392578125" lon="-8.8077700696885585784912109375">
        <ele>296.20001220703125</ele>
        <time>2025-10-21T10:42:57.000Z</time>
        <extensions>
          <ns3:TrackPointExtension>
            <ns3:hr>107</ns3:hr>
            <ns3:cad>0</ns3:cad>
          </ns3:TrackPointExtension>
        </extensions>
      </trkpt>
      <trkpt lat="42.93039956130087375640869140625" lon="-8.80779563449323177337646484375">
        <ele>296.399993896484375</ele>
        <time>2025-10-21T10:43:06.000Z</time>
        <extensions>
          <ns3:TrackPointExtension>
            <ns3:hr>106</ns3:hr>
            <ns3:cad>0</ns3:cad>
          </ns3:TrackPointExtension>
        </extensions>
      </trkpt>
      <trkpt lat="42.9304303228855133056640625" lon="-8.807869814336299896240234375">
        <ele>296.600006103515625</ele>
        <time>2025-10-21T10:43:12.000Z</time>
        <extensions>
          <ns3:TrackPointExtension>
            <ns3:hr>106</ns3:hr>
            <ns3:cad>0</ns3:cad>
          </ns3:TrackPointExtension>
        </extensions>
      </trkpt>
      <trkpt lat="42.93043342418968677520751953125" lon="-8.807878531515598297119140625">
        <ele>296.79998779296875</ele>
        <time>2025-10-21T10:43:13.000Z</time>
        <extensions>
          <ns3:TrackPointExtension>
            <ns3:hr>106</ns3:hr>
            <ns3:cad>0</ns3:cad>
          </ns3:TrackPointExtension>
        </extensions>
      </trkpt>
      <trkpt lat="42.9304593242704868316650390625" lon="-8.80791214294731616973876953125">
        <ele>297.20001220703125</ele>
        <time>2025-10-21T10:43:18.000Z</time>
        <extensions>
          <ns3:TrackPointExtension>
            <ns3:hr>105</ns3:hr>
            <ns3:cad>0</ns3:cad>
          </ns3:TrackPointExtension>
        </extensions>
      </trkpt>
      <trkpt lat="42.9304958693683147430419921875" lon="-8.80796679295599460601806640625">
        <ele>297.79998779296875</ele>
        <time>2025-10-21T10:43:22.000Z</time>
        <extensions>
          <ns3:TrackPointExtension>
            <ns3:hr>106</ns3:hr>
            <ns3:cad>45</ns3:cad>
          </ns3:TrackPointExtension>
        </extensions>
      </trkpt>
      <trkpt lat="42.93051875196397304534912109375" lon="-8.80799059756100177764892578125">
        <ele>298.20001220703125</ele>
        <time>2025-10-21T10:43:25.000Z</time>
        <extensions>
          <ns3:TrackPointExtension>
            <ns3:hr>107</ns3:hr>
            <ns3:cad>41</ns3:cad>
          </ns3:TrackPointExtension>
        </extensions>
      </trkpt>
      <trkpt lat="42.9305505193769931793212890625" lon="-8.80803845822811126708984375">
        <ele>298.79998779296875</ele>
        <time>2025-10-21T10:43:30.000Z</time>
        <extensions>
          <ns3:TrackPointExtension>
            <ns3:hr>106</ns3:hr>
            <ns3:cad>43</ns3:cad>
          </ns3:TrackPointExtension>
        </extensions>
      </trkpt>
      <trkpt lat="42.930568121373653411865234375" lon="-8.80806393921375274658203125">
        <ele>299.20001220703125</ele>
        <time>2025-10-21T10:43:33.000Z</time>
        <extensions>
          <ns3:TrackPointExtension>
            <ns3:hr>106</ns3:hr>
            <ns3:cad>43</ns3:cad>
          </ns3:TrackPointExtension>
        </extensions>
      </trkpt>
      <trkpt lat="42.93058597482740879058837890625" lon="-8.80809352733194828033447265625">
        <ele>300</ele>
        <time>2025-10-21T10:43:37.000Z</time>
        <extensions>
          <ns3:TrackPointExtension>
            <ns3:hr>107</ns3:hr>
            <ns3:cad>44</ns3:cad>
          </ns3:TrackPointExtension>
        </extensions>
      </trkpt>
      <trkpt lat="42.93060533702373504638671875" lon="-8.8081301562488079071044921875">
        <ele>300.600006103515625</ele>
        <time>2025-10-21T10:43:41.000Z</time>
        <extensions>
          <ns3:TrackPointExtension>
            <ns3:hr>109</ns3:hr>
            <ns3:cad>45</ns3:cad>
          </ns3:TrackPointExtension>
        </extensions>
      </trkpt>
      <trkpt lat="42.930622100830078125" lon="-8.80816276185214519500732421875">
        <ele>301</ele>
        <time>2025-10-21T10:43:44.000Z</time>
        <extensions>
          <ns3:TrackPointExtension>
            <ns3:hr>109</ns3:hr>
            <ns3:cad>47</ns3:cad>
          </ns3:TrackPointExtension>
        </extensions>
      </trkpt>
      <trkpt lat="42.9306507669389247894287109375" lon="-8.80819243378937244415283203125">
        <ele>301.399993896484375</ele>
        <time>2025-10-21T10:43:48.000Z</time>
        <extensions>
          <ns3:TrackPointExtension>
            <ns3:hr>110</ns3:hr>
            <ns3:cad>0</ns3:cad>
          </ns3:TrackPointExtension>
        </extensions>
      </trkpt>
      <trkpt lat="42.93068446218967437744140625" lon="-8.80821305327117443084716796875">
        <ele>301.79998779296875</ele>
        <time>2025-10-21T10:43:53.000Z</time>
        <extensions>
          <ns3:TrackPointExtension>
            <ns3:hr>113</ns3:hr>
            <ns3:cad>43</ns3:cad>
          </ns3:TrackPointExtension>
        </extensions>
      </trkpt>
      <trkpt lat="42.9307012259960174560546875" lon="-8.8082193396985530853271484375">
        <ele>302.20001220703125</ele>
        <time>2025-10-21T10:43:55.000Z</time>
        <extensions>
          <ns3:TrackPointExtension>
            <ns3:hr>114</ns3:hr>
            <ns3:cad>43</ns3:cad>
          </ns3:TrackPointExtension>
        </extensions>
      </trkpt>
      <trkpt lat="42.9307104460895061492919921875" lon="-8.8082220219075679779052734375">
        <ele>302.399993896484375</ele>
        <time>2025-10-21T10:43:56.000Z</time>
        <extensions>
          <ns3:TrackPointExtension>
            <ns3:hr>114</ns3:hr>
            <ns3:cad>43</ns3:cad>
          </ns3:TrackPointExtension>
        </extensions>
      </trkpt>
      <trkpt lat="42.930755876004695892333984375" lon="-8.808225877583026885986328125">
        <ele>302.79998779296875</ele>
        <time>2025-10-21T10:44:02.000Z</time>
        <extensions>
          <ns3:TrackPointExtension>
            <ns3:hr>117</ns3:hr>
            <ns3:cad>44</ns3:cad>
          </ns3:TrackPointExtension>
        </extensions>
      </trkpt>
      <trkpt lat="42.9307624138891696929931640625" lon="-8.8082283921539783477783203125">
        <ele>303</ele>
        <time>2025-10-21T10:44:03.000Z</time>
        <extensions>
          <ns3:TrackPointExtension>
            <ns3:hr>117</ns3:hr>
            <ns3:cad>44</ns3:cad>
          </ns3:TrackPointExtension>
        </extensions>
      </trkpt>
      <trkpt lat="42.93077892623841762542724609375" lon="-8.80823417566716670989990234375">
        <ele>303.399993896484375</ele>
        <time>2025-10-21T10:44:05.000Z</time>
        <extensions>
          <ns3:TrackPointExtension>
            <ns3:hr>117</ns3:hr>
            <ns3:cad>43</ns3:cad>
          </ns3:TrackPointExtension>
        </extensions>
      </trkpt>
      <trkpt lat="42.9308184050023555755615234375" lon="-8.8082496821880340576171875">
        <ele>303.79998779296875</ele>
        <time>2025-10-21T10:44:10.000Z</time>
        <extensions>
          <ns3:TrackPointExtension>
            <ns3:hr>118</ns3:hr>
            <ns3:cad>43</ns3:cad>
          </ns3:TrackPointExtension>
        </extensions>
      </trkpt>
      <trkpt lat="42.9309002123773097991943359375" lon="-8.8082773424685001373291015625">
        <ele>304.399993896484375</ele>
        <time>2025-10-21T10:44:18.000Z</time>
        <extensions>
          <ns3:TrackPointExtension>
            <ns3:hr>118</ns3:hr>
            <ns3:cad>42</ns3:cad>
          </ns3:TrackPointExtension>
        </extensions>
      </trkpt>
      <trkpt lat="42.9309052415192127227783203125" lon="-8.80828295834362506866455078125">
        <ele>304.399993896484375</ele>
        <time>2025-10-21T10:44:19.000Z</time>
        <extensions>
          <ns3:TrackPointExtension>
            <ns3:hr>118</ns3:hr>
            <ns3:cad>42</ns3:cad>
          </ns3:TrackPointExtension>
        </extensions>
      </trkpt>
      <trkpt lat="42.93092460371553897857666015625" lon="-8.80828178487718105316162109375">
        <ele>304.600006103515625</ele>
        <time>2025-10-21T10:44:21.000Z</time>
        <extensions>
          <ns3:TrackPointExtension>
            <ns3:hr>118</ns3:hr>
            <ns3:cad>42</ns3:cad>
          </ns3:TrackPointExtension>
        </extensions>
      </trkpt>
      <trkpt lat="42.93095796369016170501708984375" lon="-8.8082780130207538604736328125">
        <ele>304.79998779296875</ele>
        <time>2025-10-21T10:44:25.000Z</time>
        <extensions>
          <ns3:TrackPointExtension>
            <ns3:hr>121</ns3:hr>
            <ns3:cad>45</ns3:cad>
          </ns3:TrackPointExtension>
        </extensions>
      </trkpt>
      <trkpt lat="42.9309692792594432830810546875" lon="-8.80827809683978557586669921875">
        <ele>304.79998779296875</ele>
        <time>2025-10-21T10:44:26.000Z</time>
        <extensions>
          <ns3:TrackPointExtension>
            <ns3:hr>123</ns3:hr>
            <ns3:cad>45</ns3:cad>
          </ns3:TrackPointExtension>
        </extensions>
      </trkpt>
      <trkpt lat="42.9309850372374057769775390625" lon="-8.808287568390369415283203125">
        <ele>304.79998779296875</ele>
        <time>2025-10-21T10:44:28.000Z</time>
        <extensions>
          <ns3:TrackPointExtension>
            <ns3:hr>126</ns3:hr>
            <ns3:cad>45</ns3:cad>
          </ns3:TrackPointExtension>
        </extensions>
      </trkpt>
      <trkpt lat="42.93103943578898906707763671875" lon="-8.8083105348050594329833984375">
        <ele>305.399993896484375</ele>
        <time>2025-10-21T10:44:33.000Z</time>
        <extensions>
          <ns3:TrackPointExtension>
            <ns3:hr>126</ns3:hr>
            <ns3:cad>46</ns3:cad>
          </ns3:TrackPointExtension>
        </extensions>
      </trkpt>
      <trkpt lat="42.93105167336761951446533203125" lon="-8.80831363610923290252685546875">
        <ele>305.399993896484375</ele>
        <time>2025-10-21T10:44:34.000Z</time>
        <extensions>
          <ns3:TrackPointExtension>
            <ns3:hr>126</ns3:hr>
            <ns3:cad>46</ns3:cad>
          </ns3:TrackPointExtension>
        </extensions>
      </trkpt>
      <trkpt lat="42.9310779087245464324951171875" lon="-8.80832956172525882720947265625">
        <ele>305.79998779296875</ele>
        <time>2025-10-21T10:44:37.000Z</time>
        <extensions>
          <ns3:TrackPointExtension>
            <ns3:hr>122</ns3:hr>
            <ns3:cad>46</ns3:cad>
          </ns3:TrackPointExtension>
        </extensions>
      </trkpt>
      <trkpt lat="42.9311275295913219451904296875" lon="-8.808366023004055023193359375">
        <ele>306</ele>
        <time>2025-10-21T10:44:43.000Z</time>
        <extensions>
          <ns3:TrackPointExtension>
            <ns3:hr>120</ns3:hr>
            <ns3:cad>0</ns3:cad>
          </ns3:TrackPointExtension>
        </extensions>
      </trkpt>
      <trkpt lat="42.93114772997796535491943359375" lon="-8.80838446319103240966796875">
        <ele>306.399993896484375</ele>
        <time>2025-10-21T10:44:46.000Z</time>
        <extensions>
          <ns3:TrackPointExtension>
            <ns3:hr>119</ns3:hr>
            <ns3:cad>43</ns3:cad>
          </ns3:TrackPointExtension>
        </extensions>
      </trkpt>
      <trkpt lat="42.93119634501636028289794921875" lon="-8.8084213435649871826171875">
        <ele>307</ele>
        <time>2025-10-21T10:44:52.000Z</time>
        <extensions>
          <ns3:TrackPointExtension>
            <ns3:hr>119</ns3:hr>
            <ns3:cad>0</ns3:cad>
          </ns3:TrackPointExtension>
        </extensions>
      </trkpt>
      <trkpt lat="42.93125635944306850433349609375" lon="-8.8084466569125652313232421875">
        <ele>307.600006103515625</ele>
        <time>2025-10-21T10:44:58.000Z</time>
        <extensions>
          <ns3:TrackPointExtension>
            <ns3:hr>117</ns3:hr>
            <ns3:cad>44</ns3:cad>
          </ns3:TrackPointExtension>
        </extensions>
      </trkpt>
      <trkpt lat="42.93127647601068019866943359375" lon="-8.808443136513233184814453125">
        <ele>308</ele>
        <time>2025-10-21T10:45:01.000Z</time>
        <extensions>
          <ns3:TrackPointExtension>
            <ns3:hr>114</ns3:hr>
            <ns3:cad>46</ns3:cad>
          </ns3:TrackPointExtension>
        </extensions>
      </trkpt>
      <trkpt lat="42.93130598030984401702880859375" lon="-8.80846358835697174072265625">
        <ele>308.399993896484375</ele>
        <time>2025-10-21T10:45:04.000Z</time>
        <extensions>
          <ns3:TrackPointExtension>
            <ns3:hr>114</ns3:hr>
            <ns3:cad>46</ns3:cad>
          </ns3:TrackPointExtension>
        </extensions>
      </trkpt>
      <trkpt lat="42.93131251819431781768798828125" lon="-8.80846987478435039520263671875">
        <ele>308.600006103515625</ele>
        <time>2025-10-21T10:45:05.000Z</time>
        <extensions>
          <ns3:TrackPointExtension>
            <ns3:hr>114</ns3:hr>
            <ns3:cad>41</ns3:cad>
          </ns3:TrackPointExtension>
        </extensions>
      </trkpt>
      <trkpt lat="42.93136565946042537689208984375" lon="-8.8085152208805084228515625">
        <ele>308.399993896484375</ele>
        <time>2025-10-21T10:45:12.000Z</time>
        <extensions>
          <ns3:TrackPointExtension>
            <ns3:hr>114</ns3:hr>
            <ns3:cad>0</ns3:cad>
          </ns3:TrackPointExtension>
        </extensions>
      </trkpt>
      <trkpt lat="42.93139985762536525726318359375" lon="-8.80855335853993892669677734375">
        <ele>308.600006103515625</ele>
        <time>2025-10-21T10:45:18.000Z</time>
        <extensions>
          <ns3:TrackPointExtension>
            <ns3:hr>115</ns3:hr>
            <ns3:cad>41</ns3:cad>
          </ns3:TrackPointExtension>
        </extensions>
      </trkpt>
      <trkpt lat="42.93144914321601390838623046875" lon="-8.8086005486547946929931640625">
        <ele>309.79998779296875</ele>
        <time>2025-10-21T10:45:25.000Z</time>
        <extensions>
          <ns3:TrackPointExtension>
            <ns3:hr>114</ns3:hr>
            <ns3:cad>41</ns3:cad>
          </ns3:TrackPointExtension>
        </extensions>
      </trkpt>
      <trkpt lat="42.9314561001956462860107421875" lon="-8.80861169658601284027099609375">
        <ele>310</ele>
        <time>2025-10-21T10:45:27.000Z</time>
        <extensions>
          <ns3:TrackPointExtension>
            <ns3:hr>115</ns3:hr>
            <ns3:cad>41</ns3:cad>
          </ns3:TrackPointExtension>
        </extensions>
      </trkpt>
      <trkpt lat="42.9315084032714366912841796875" lon="-8.8086598925292491912841796875">
        <ele>310.399993896484375</ele>
        <time>2025-10-21T10:45:34.000Z</time>
        <extensions>
          <ns3:TrackPointExtension>
            <ns3:hr>115</ns3:hr>
            <ns3:cad>47</ns3:cad>
          </ns3:TrackPointExtension>
        </extensions>
      </trkpt>
      <trkpt lat="42.931577973067760467529296875" lon="-8.80871915258467197418212890625">
        <ele>309.79998779296875</ele>
        <time>2025-10-21T10:45:42.000Z</time>
        <extensions>
          <ns3:TrackPointExtension>
            <ns3:hr>116</ns3:hr>
            <ns3:cad>52</ns3:cad>
          </ns3:TrackPointExtension>
        </extensions>
      </trkpt>
      <trkpt lat="42.9315801523625850677490234375" lon="-8.8087222538888454437255859375">
        <ele>310</ele>
        <time>2025-10-21T10:45:49.000Z</time>
        <extensions>
          <ns3:TrackPointExtension>
            <ns3:hr>118</ns3:hr>
            <ns3:cad>0</ns3:cad>
          </ns3:TrackPointExtension>
        </extensions>
      </trkpt>
      <trkpt lat="42.931571938097476959228515625" lon="-8.808717392385005950927734375">
        <ele>309.79998779296875</ele>
        <time>2025-10-21T10:45:59.000Z</time>
        <extensions>
          <ns3:TrackPointExtension>
            <ns3:hr>119</ns3:hr>
            <ns3:cad>0</ns3:cad>
          </ns3:TrackPointExtension>
        </extensions>
      </trkpt>
      <trkpt lat="42.931571938097476959228515625" lon="-8.808717392385005950927734375">
        <ele>309.600006103515625</ele>
        <time>2025-10-21T10:46:03.000Z</time>
        <extensions>
          <ns3:TrackPointExtension>
            <ns3:hr>113</ns3:hr>
            <ns3:cad>0</ns3:cad>
          </ns3:TrackPointExtension>
        </extensions>
      </trkpt>
      <trkpt lat="42.93157520703971385955810546875" lon="-8.80871948786079883575439453125">
        <ele>309.600006103515625</ele>
        <time>2025-10-21T10:46:06.000Z</time>
        <extensions>
          <ns3:TrackPointExtension>
            <ns3:hr>110</ns3:hr>
            <ns3:cad>0</ns3:cad>
          </ns3:TrackPointExtension>
        </extensions>
      </trkpt>
      <trkpt lat="42.9315747879445552825927734375" lon="-8.80871445871889591217041015625">
        <ele>309.600006103515625</ele>
        <time>2025-10-21T10:46:10.000Z</time>
        <extensions>
          <ns3:TrackPointExtension>
            <ns3:hr>109</ns3:hr>
            <ns3:cad>0</ns3:cad>
          </ns3:TrackPointExtension>
        </extensions>
      </trkpt>
      <trkpt lat="42.93157453648746013641357421875" lon="-8.80871345289051532745361328125">
        <ele>309.399993896484375</ele>
        <time>2025-10-21T10:46:11.000Z</time>
        <extensions>
          <ns3:TrackPointExtension>
            <ns3:hr>109</ns3:hr>
            <ns3:cad>0</ns3:cad>
          </ns3:TrackPointExtension>
        </extensions>
      </trkpt>
      <trkpt lat="42.931581325829029083251953125" lon="-8.80871160887181758880615234375">
        <ele>308.79998779296875</ele>
        <time>2025-10-21T10:46:39.000Z</time>
        <extensions>
          <ns3:TrackPointExtension>
            <ns3:hr>92</ns3:hr>
            <ns3:cad>0</ns3:cad>
          </ns3:TrackPointExtension>
        </extensions>
      </trkpt>
      <trkpt lat="42.9315952397882938385009765625" lon="-8.8087316416203975677490234375">
        <ele>308.79998779296875</ele>
        <time>2025-10-21T10:46:42.000Z</time>
        <extensions>
          <ns3:TrackPointExtension>
            <ns3:hr>90</ns3:hr>
            <ns3:cad>0</ns3:cad>
          </ns3:TrackPointExtension>
        </extensions>
      </trkpt>
      <trkpt lat="42.9316099919378757476806640625" lon="-8.80875100381672382354736328125">
        <ele>308.600006103515625</ele>
        <time>2025-10-21T10:46:44.000Z</time>
        <extensions>
          <ns3:TrackPointExtension>
            <ns3:hr>89</ns3:hr>
            <ns3:cad>0</ns3:cad>
          </ns3:TrackPointExtension>
        </extensions>
      </trkpt>
      <trkpt lat="42.93165014125406742095947265625" lon="-8.80878285504877567291259765625">
        <ele>308.399993896484375</ele>
        <time>2025-10-21T10:46:52.000Z</time>
        <extensions>
          <ns3:TrackPointExtension>
            <ns3:hr>88</ns3:hr>
            <ns3:cad>0</ns3:cad>
          </ns3:TrackPointExtension>
        </extensions>
      </trkpt>
      <trkpt lat="42.93166154064238071441650390625" lon="-8.8087956793606281280517578125">
        <ele>308.20001220703125</ele>
        <time>2025-10-21T10:46:54.000Z</time>
        <extensions>
          <ns3:TrackPointExtension>
            <ns3:hr>85</ns3:hr>
            <ns3:cad>0</ns3:cad>
          </ns3:TrackPointExtension>
        </extensions>
      </trkpt>
      <trkpt lat="42.931679226458072662353515625" lon="-8.80881789140403270721435546875">
        <ele>307.79998779296875</ele>
        <time>2025-10-21T10:46:58.000Z</time>
        <extensions>
          <ns3:TrackPointExtension>
            <ns3:hr>84</ns3:hr>
            <ns3:cad>44</ns3:cad>
          </ns3:TrackPointExtension>
        </extensions>
      </trkpt>
      <trkpt lat="42.93174519203603267669677734375" lon="-8.80886751227080821990966796875">
        <ele>307.79998779296875</ele>
        <time>2025-10-21T10:47:06.000Z</time>
        <extensions>
          <ns3:TrackPointExtension>
            <ns3:hr>84</ns3:hr>
            <ns3:cad>0</ns3:cad>
          </ns3:TrackPointExtension>
        </extensions>
      </trkpt>
      <trkpt lat="42.93177989311516284942626953125" lon="-8.8088885508477687835693359375">
        <ele>307.79998779296875</ele>
        <time>2025-10-21T10:47:09.000Z</time>
        <extensions>
          <ns3:TrackPointExtension>
            <ns3:hr>85</ns3:hr>
            <ns3:cad>53</ns3:cad>
          </ns3:TrackPointExtension>
        </extensions>
      </trkpt>
      <trkpt lat="42.93179749511182308197021484375" lon="-8.8089014589786529541015625">
        <ele>307.600006103515625</ele>
        <time>2025-10-21T10:47:11.000Z</time>
        <extensions>
          <ns3:TrackPointExtension>
            <ns3:hr>88</ns3:hr>
            <ns3:cad>54</ns3:cad>
          </ns3:TrackPointExtension>
        </extensions>
      </trkpt>
      <trkpt lat="42.9318141750991344451904296875" lon="-8.808920569717884063720703125">
        <ele>307.20001220703125</ele>
        <time>2025-10-21T10:47:13.000Z</time>
        <extensions>
          <ns3:TrackPointExtension>
            <ns3:hr>91</ns3:hr>
            <ns3:cad>55</ns3:cad>
          </ns3:TrackPointExtension>
        </extensions>
      </trkpt>
      <trkpt lat="42.93192766606807708740234375" lon="-8.80897345952689647674560546875">
        <ele>306.79998779296875</ele>
        <time>2025-10-21T10:47:22.000Z</time>
        <extensions>
          <ns3:TrackPointExtension>
            <ns3:hr>92</ns3:hr>
            <ns3:cad>55</ns3:cad>
          </ns3:TrackPointExtension>
        </extensions>
      </trkpt>
      <trkpt lat="42.93193931691348552703857421875" lon="-8.8089792430400848388671875">
        <ele>306.600006103515625</ele>
        <time>2025-10-21T10:47:23.000Z</time>
        <extensions>
          <ns3:TrackPointExtension>
            <ns3:hr>92</ns3:hr>
            <ns3:cad>55</ns3:cad>
          </ns3:TrackPointExtension>
        </extensions>
      </trkpt>
      <trkpt lat="42.9319995827972888946533203125" lon="-8.80906649865210056304931640625">
        <ele>306.399993896484375</ele>
        <time>2025-10-21T10:47:31.000Z</time>
        <extensions>
          <ns3:TrackPointExtension>
            <ns3:hr>92</ns3:hr>
            <ns3:cad>54</ns3:cad>
          </ns3:TrackPointExtension>
        </extensions>
      </trkpt>
      <trkpt lat="42.932023219764232635498046875" lon="-8.80916154943406581878662109375">
        <ele>305.79998779296875</ele>
        <time>2025-10-21T10:47:38.000Z</time>
        <extensions>
          <ns3:TrackPointExtension>
            <ns3:hr>92</ns3:hr>
            <ns3:cad>54</ns3:cad>
          </ns3:TrackPointExtension>
        </extensions>
      </trkpt>
      <trkpt lat="42.93206068687140941619873046875" lon="-8.80924277007579803466796875">
        <ele>305.79998779296875</ele>
        <time>2025-10-21T10:47:45.000Z</time>
        <extensions>
          <ns3:TrackPointExtension>
            <ns3:hr>89</ns3:hr>
            <ns3:cad>54</ns3:cad>
          </ns3:TrackPointExtension>
        </extensions>
      </trkpt>
      <trkpt lat="42.93206554837524890899658203125" lon="-8.80924939177930355072021484375">
        <ele>305.79998779296875</ele>
        <time>2025-10-21T10:47:46.000Z</time>
        <extensions>
          <ns3:TrackPointExtension>
            <ns3:hr>88</ns3:hr>
            <ns3:cad>54</ns3:cad>
          </ns3:TrackPointExtension>
        </extensions>
      </trkpt>
      <trkpt lat="42.93207778595387935638427734375" lon="-8.80925592966377735137939453125">
        <ele>305.600006103515625</ele>
        <time>2025-10-21T10:47:47.000Z</time>
        <extensions>
          <ns3:TrackPointExtension>
            <ns3:hr>87</ns3:hr>
            <ns3:cad>54</ns3:cad>
          </ns3:TrackPointExtension>
        </extensions>
      </trkpt>
      <trkpt lat="42.93214769102632999420166015625" lon="-8.80927034653723239898681640625">
        <ele>305.79998779296875</ele>
        <time>2025-10-21T10:47:52.000Z</time>
        <extensions>
          <ns3:TrackPointExtension>
            <ns3:hr>85</ns3:hr>
            <ns3:cad>0</ns3:cad>
          </ns3:TrackPointExtension>
        </extensions>
      </trkpt>
      <trkpt lat="42.9322463460266590118408203125" lon="-8.80931192077696323394775390625">
        <ele>305</ele>
        <time>2025-10-21T10:48:00.000Z</time>
        <extensions>
          <ns3:TrackPointExtension>
            <ns3:hr>84</ns3:hr>
            <ns3:cad>55</ns3:cad>
          </ns3:TrackPointExtension>
        </extensions>
      </trkpt>
      <trkpt lat="42.93228448368608951568603515625" lon="-8.80931711755692958831787109375">
        <ele>305</ele>
        <time>2025-10-21T10:48:06.000Z</time>
        <extensions>
          <ns3:TrackPointExtension>
            <ns3:hr>84</ns3:hr>
            <ns3:cad>53</ns3:cad>
          </ns3:TrackPointExtension>
        </extensions>
      </trkpt>
      <trkpt lat="42.9323293268680572509765625" lon="-8.809326253831386566162109375">
        <ele>304.600006103515625</ele>
        <time>2025-10-21T10:48:13.000Z</time>
        <extensions>
          <ns3:TrackPointExtension>
            <ns3:hr>83</ns3:hr>
            <ns3:cad>49</ns3:cad>
          </ns3:TrackPointExtension>
        </extensions>
      </trkpt>
      <trkpt lat="42.9324240423738956451416015625" lon="-8.80932969041168689727783203125">
        <ele>305</ele>
        <time>2025-10-21T10:48:22.000Z</time>
        <extensions>
          <ns3:TrackPointExtension>
            <ns3:hr>83</ns3:hr>
            <ns3:cad>53</ns3:cad>
          </ns3:TrackPointExtension>
        </extensions>
      </trkpt>
      <trkpt lat="42.93247005902230739593505859375" lon="-8.8093234039843082427978515625">
        <ele>304.79998779296875</ele>
        <time>2025-10-21T10:48:26.000Z</time>
        <extensions>
          <ns3:TrackPointExtension>
            <ns3:hr>86</ns3:hr>
            <ns3:cad>53</ns3:cad>
          </ns3:TrackPointExtension>
        </extensions>
      </trkpt>
      <trkpt lat="42.93251314200460910797119140625" lon="-8.8093177042901515960693359375">
        <ele>304.20001220703125</ele>
        <time>2025-10-21T10:48:30.000Z</time>
        <extensions>
          <ns3:TrackPointExtension>
            <ns3:hr>89</ns3:hr>
            <ns3:cad>55</ns3:cad>
          </ns3:TrackPointExtension>
        </extensions>
      </trkpt>
      <trkpt lat="42.93253652751445770263671875" lon="-8.8093207217752933502197265625">
        <ele>304</ele>
        <time>2025-10-21T10:48:32.000Z</time>
        <extensions>
          <ns3:TrackPointExtension>
            <ns3:hr>94</ns3:hr>
            <ns3:cad>55</ns3:cad>
          </ns3:TrackPointExtension>
        </extensions>
      </trkpt>
      <trkpt lat="42.93254750780761241912841796875" lon="-8.8093230687081813812255859375">
        <ele>304</ele>
        <time>2025-10-21T10:48:33.000Z</time>
        <extensions>
          <ns3:TrackPointExtension>
            <ns3:hr>94</ns3:hr>
            <ns3:cad>54</ns3:cad>
          </ns3:TrackPointExtension>
        </extensions>
      </trkpt>
      <trkpt lat="42.93259327299892902374267578125" lon="-8.8093240745365619659423828125">
        <ele>304</ele>
        <time>2025-10-21T10:48:37.000Z</time>
        <extensions>
          <ns3:TrackPointExtension>
            <ns3:hr>95</ns3:hr>
            <ns3:cad>55</ns3:cad>
          </ns3:TrackPointExtension>
        </extensions>
      </trkpt>
      <trkpt lat="42.93271447531878948211669921875" lon="-8.80934335291385650634765625">
        <ele>303.79998779296875</ele>
        <time>2025-10-21T10:48:49.000Z</time>
        <extensions>
          <ns3:TrackPointExtension>
            <ns3:hr>93</ns3:hr>
            <ns3:cad>55</ns3:cad>
          </ns3:TrackPointExtension>
        </extensions>
      </trkpt>
      <trkpt lat="42.932773567736148834228515625" lon="-8.80940663628280162811279296875">
        <ele>303.79998779296875</ele>
        <time>2025-10-21T10:48:58.000Z</time>
        <extensions>
          <ns3:TrackPointExtension>
            <ns3:hr>94</ns3:hr>
            <ns3:cad>0</ns3:cad>
          </ns3:TrackPointExtension>
        </extensions>
      </trkpt>
      <trkpt lat="42.93278865516185760498046875" lon="-8.80948978476226329803466796875">
        <ele>304.79998779296875</ele>
        <time>2025-10-21T10:49:05.000Z</time>
        <extensions>
          <ns3:TrackPointExtension>
            <ns3:hr>93</ns3:hr>
            <ns3:cad>51</ns3:cad>
          </ns3:TrackPointExtension>
        </extensions>
      </trkpt>
      <trkpt lat="42.93280340731143951416015625" lon="-8.80961333401501178741455078125">
        <ele>305</ele>
        <time>2025-10-21T10:49:14.000Z</time>
        <extensions>
          <ns3:TrackPointExtension>
            <ns3:hr>95</ns3:hr>
            <ns3:cad>51</ns3:cad>
          </ns3:TrackPointExtension>
        </extensions>
      </trkpt>
      <trkpt lat="42.93279938399791717529296875" lon="-8.809726573526859283447265625">
        <ele>305.20001220703125</ele>
        <time>2025-10-21T10:49:22.000Z</time>
        <extensions>
          <ns3:TrackPointExtension>
            <ns3:hr>98</ns3:hr>
            <ns3:cad>51</ns3:cad>
          </ns3:TrackPointExtension>
        </extensions>
      </trkpt>
      <trkpt lat="42.93279510922729969024658203125" lon="-8.80975683219730854034423828125">
        <ele>305.20001220703125</ele>
        <time>2025-10-21T10:49:24.000Z</time>
        <extensions>
          <ns3:TrackPointExtension>
            <ns3:hr>98</ns3:hr>
            <ns3:cad>51</ns3:cad>
          </ns3:TrackPointExtension>
        </extensions>
      </trkpt>
      <trkpt lat="42.93278890661895275115966796875" lon="-8.80980561487376689910888671875">
        <ele>305.600006103515625</ele>
        <time>2025-10-21T10:49:27.000Z</time>
        <extensions>
          <ns3:TrackPointExtension>
            <ns3:hr>99</ns3:hr>
            <ns3:cad>51</ns3:cad>
          </ns3:TrackPointExtension>
        </extensions>
      </trkpt>
      <trkpt lat="42.932766862213611602783203125" lon="-8.80994877777993679046630859375">
        <ele>306</ele>
        <time>2025-10-21T10:49:36.000Z</time>
        <extensions>
          <ns3:TrackPointExtension>
            <ns3:hr>102</ns3:hr>
            <ns3:cad>53</ns3:cad>
          </ns3:TrackPointExtension>
        </extensions>
      </trkpt>
      <trkpt lat="42.93275588192045688629150390625" lon="-8.81006076000630855560302734375">
        <ele>305.79998779296875</ele>
        <time>2025-10-21T10:49:44.000Z</time>
        <extensions>
          <ns3:TrackPointExtension>
            <ns3:hr>102</ns3:hr>
            <ns3:cad>54</ns3:cad>
          </ns3:TrackPointExtension>
        </extensions>
      </trkpt>
      <trkpt lat="42.9327573068439960479736328125" lon="-8.81014558486640453338623046875">
        <ele>305.399993896484375</ele>
        <time>2025-10-21T10:49:50.000Z</time>
        <extensions>
          <ns3:TrackPointExtension>
            <ns3:hr>106</ns3:hr>
            <ns3:cad>56</ns3:cad>
          </ns3:TrackPointExtension>
        </extensions>
      </trkpt>
      <trkpt lat="42.9327569715678691864013671875" lon="-8.8101813755929470062255859375">
        <ele>305.20001220703125</ele>
        <time>2025-10-21T10:49:52.000Z</time>
        <extensions>
          <ns3:TrackPointExtension>
            <ns3:hr>109</ns3:hr>
            <ns3:cad>56</ns3:cad>
          </ns3:TrackPointExtension>
        </extensions>
      </trkpt>
      <trkpt lat="42.9327633418142795562744140625" lon="-8.8102452456951141357421875">
        <ele>304.79998779296875</ele>
        <time>2025-10-21T10:49:56.000Z</time>
        <extensions>
          <ns3:TrackPointExtension>
            <ns3:hr>110</ns3:hr>
            <ns3:cad>57</ns3:cad>
          </ns3:TrackPointExtension>
        </extensions>
      </trkpt>
      <trkpt lat="42.932762168347835540771484375" lon="-8.81030936725437641143798828125">
        <ele>304.600006103515625</ele>
        <time>2025-10-21T10:50:00.000Z</time>
        <extensions>
          <ns3:TrackPointExtension>
            <ns3:hr>107</ns3:hr>
            <ns3:cad>57</ns3:cad>
          </ns3:TrackPointExtension>
        </extensions>
      </trkpt>
      <trkpt lat="42.93276183307170867919921875" lon="-8.81042025983333587646484375">
        <ele>304.399993896484375</ele>
        <time>2025-10-21T10:50:07.000Z</time>
        <extensions>
          <ns3:TrackPointExtension>
            <ns3:hr>104</ns3:hr>
            <ns3:cad>56</ns3:cad>
          </ns3:TrackPointExtension>
        </extensions>
      </trkpt>
      <trkpt lat="42.93276107870042324066162109375" lon="-8.81043492816388607025146484375">
        <ele>304.20001220703125</ele>
        <time>2025-10-21T10:50:08.000Z</time>
        <extensions>
          <ns3:TrackPointExtension>
            <ns3:hr>104</ns3:hr>
            <ns3:cad>57</ns3:cad>
          </ns3:TrackPointExtension>
        </extensions>
      </trkpt>
      <trkpt lat="42.93275604955852031707763671875" lon="-8.8105349242687225341796875">
        <ele>303.600006103515625</ele>
        <time>2025-10-21T10:50:14.000Z</time>
        <extensions>
          <ns3:TrackPointExtension>
            <ns3:hr>102</ns3:hr>
            <ns3:cad>57</ns3:cad>
          </ns3:TrackPointExtension>
        </extensions>
      </trkpt>
      <trkpt lat="42.9327519424259662628173828125" lon="-8.81059636361896991729736328125">
        <ele>303.20001220703125</ele>
        <time>2025-10-21T10:50:18.000Z</time>
        <extensions>
          <ns3:TrackPointExtension>
            <ns3:hr>101</ns3:hr>
            <ns3:cad>56</ns3:cad>
          </ns3:TrackPointExtension>
        </extensions>
      </trkpt>
      <trkpt lat="42.93280634097754955291748046875" lon="-8.81076249293982982635498046875">
        <ele>303.600006103515625</ele>
        <time>2025-10-21T10:50:29.000Z</time>
        <extensions>
          <ns3:TrackPointExtension>
            <ns3:hr>99</ns3:hr>
            <ns3:cad>54</ns3:cad>
          </ns3:TrackPointExtension>
        </extensions>
      </trkpt>
      <trkpt lat="42.93287490494549274444580078125" lon="-8.81086039356887340545654296875">
        <ele>304.399993896484375</ele>
        <time>2025-10-21T10:50:38.000Z</time>
        <extensions>
          <ns3:TrackPointExtension>
            <ns3:hr>98</ns3:hr>
            <ns3:cad>52</ns3:cad>
          </ns3:TrackPointExtension>
        </extensions>
      </trkpt>
      <trkpt lat="42.93288295157253742218017578125" lon="-8.8108670152723789215087890625">
        <ele>304.600006103515625</ele>
        <time>2025-10-21T10:50:39.000Z</time>
        <extensions>
          <ns3:TrackPointExtension>
            <ns3:hr>98</ns3:hr>
            <ns3:cad>52</ns3:cad>
          </ns3:TrackPointExtension>
        </extensions>
      </trkpt>
      <trkpt lat="42.9328940995037555694580078125" lon="-8.8108809292316436767578125">
        <ele>305.399993896484375</ele>
        <time>2025-10-21T10:50:42.000Z</time>
        <extensions>
          <ns3:TrackPointExtension>
            <ns3:hr>101</ns3:hr>
            <ns3:cad>52</ns3:cad>
          </ns3:TrackPointExtension>
        </extensions>
      </trkpt>
      <trkpt lat="42.93288965709507465362548828125" lon="-8.81087933667004108428955078125">
        <ele>305.399993896484375</ele>
        <time>2025-10-21T10:50:45.000Z</time>
        <extensions>
          <ns3:TrackPointExtension>
            <ns3:hr>102</ns3:hr>
            <ns3:cad>0</ns3:cad>
          </ns3:TrackPointExtension>
        </extensions>
      </trkpt>
      <trkpt lat="42.93292016722261905670166015625" lon="-8.8109146244823932647705078125">
        <ele>305.600006103515625</ele>
        <time>2025-10-21T10:50:51.000Z</time>
        <extensions>
          <ns3:TrackPointExtension>
            <ns3:hr>101</ns3:hr>
            <ns3:cad>0</ns3:cad>
          </ns3:TrackPointExtension>
        </extensions>
      </trkpt>
      <trkpt lat="42.93298470787703990936279296875" lon="-8.81098620593547821044921875">
        <ele>306</ele>
        <time>2025-10-21T10:50:59.000Z</time>
        <extensions>
          <ns3:TrackPointExtension>
            <ns3:hr>100</ns3:hr>
            <ns3:cad>47</ns3:cad>
          </ns3:TrackPointExtension>
        </extensions>
      </trkpt>
      <trkpt lat="42.9330218397080898284912109375" lon="-8.81101436913013458251953125">
        <ele>306</ele>
        <time>2025-10-21T10:51:03.000Z</time>
        <extensions>
          <ns3:TrackPointExtension>
            <ns3:hr>103</ns3:hr>
            <ns3:cad>47</ns3:cad>
          </ns3:TrackPointExtension>
        </extensions>
      </trkpt>
      <trkpt lat="42.93305343948304653167724609375" lon="-8.81103976629674434661865234375">
        <ele>306.600006103515625</ele>
        <time>2025-10-21T10:51:07.000Z</time>
        <extensions>
          <ns3:TrackPointExtension>
            <ns3:hr>104</ns3:hr>
            <ns3:cad>47</ns3:cad>
          </ns3:TrackPointExtension>
        </extensions>
      </trkpt>
      <trkpt lat="42.93306224048137664794921875" lon="-8.811048902571201324462890625">
        <ele>306.79998779296875</ele>
        <time>2025-10-21T10:51:08.000Z</time>
        <extensions>
          <ns3:TrackPointExtension>
            <ns3:hr>104</ns3:hr>
            <ns3:cad>47</ns3:cad>
          </ns3:TrackPointExtension>
        </extensions>
      </trkpt>
      <trkpt lat="42.933106832206249237060546875" lon="-8.811093159019947052001953125">
        <ele>307.600006103515625</ele>
        <time>2025-10-21T10:51:15.000Z</time>
        <extensions>
          <ns3:TrackPointExtension>
            <ns3:hr>105</ns3:hr>
            <ns3:cad>45</ns3:cad>
          </ns3:TrackPointExtension>
        </extensions>
      </trkpt>
      <trkpt lat="42.933135330677032470703125" lon="-8.8111121021211147308349609375">
        <ele>308</ele>
        <time>2025-10-21T10:51:20.000Z</time>
        <extensions>
          <ns3:TrackPointExtension>
            <ns3:hr>106</ns3:hr>
            <ns3:cad>0</ns3:cad>
          </ns3:TrackPointExtension>
        </extensions>
      </trkpt>
      <trkpt lat="42.93315351940691471099853515625" lon="-8.811124004423618316650390625">
        <ele>308.20001220703125</ele>
        <time>2025-10-21T10:51:23.000Z</time>
        <extensions>
          <ns3:TrackPointExtension>
            <ns3:hr>106</ns3:hr>
            <ns3:cad>43</ns3:cad>
          </ns3:TrackPointExtension>
        </extensions>
      </trkpt>
      <trkpt lat="42.93318620882928371429443359375" lon="-8.81114034913480281829833984375">
        <ele>309</ele>
        <time>2025-10-21T10:51:27.000Z</time>
        <extensions>
          <ns3:TrackPointExtension>
            <ns3:hr>106</ns3:hr>
            <ns3:cad>43</ns3:cad>
          </ns3:TrackPointExtension>
        </extensions>
      </trkpt>
      <trkpt lat="42.93323432095348834991455078125" lon="-8.81115560419857501983642578125">
        <ele>309.600006103515625</ele>
        <time>2025-10-21T10:51:32.000Z</time>
        <extensions>
          <ns3:TrackPointExtension>
            <ns3:hr>107</ns3:hr>
            <ns3:cad>44</ns3:cad>
          </ns3:TrackPointExtension>
        </extensions>
      </trkpt>
      <trkpt lat="42.933271788060665130615234375" lon="-8.81117538549005985260009765625">
        <ele>310</ele>
        <time>2025-10-21T10:51:37.000Z</time>
        <extensions>
          <ns3:TrackPointExtension>
            <ns3:hr>107</ns3:hr>
            <ns3:cad>43</ns3:cad>
          </ns3:TrackPointExtension>
        </extensions>
      </trkpt>
      <trkpt lat="42.93328947387635707855224609375" lon="-8.81118359975516796112060546875">
        <ele>310</ele>
        <time>2025-10-21T10:51:39.000Z</time>
        <extensions>
          <ns3:TrackPointExtension>
            <ns3:hr>108</ns3:hr>
            <ns3:cad>43</ns3:cad>
          </ns3:TrackPointExtension>
        </extensions>
      </trkpt>
      <trkpt lat="42.93336977250874042510986328125" lon="-8.8112167082726955413818359375">
        <ele>310.399993896484375</ele>
        <time>2025-10-21T10:51:48.000Z</time>
        <extensions>
          <ns3:TrackPointExtension>
            <ns3:hr>109</ns3:hr>
            <ns3:cad>45</ns3:cad>
          </ns3:TrackPointExtension>
        </extensions>
      </trkpt>
      <trkpt lat="42.93340531177818775177001953125" lon="-8.81126892752945423126220703125">
        <ele>309.79998779296875</ele>
        <time>2025-10-21T10:51:53.000Z</time>
        <extensions>
          <ns3:TrackPointExtension>
            <ns3:hr>112</ns3:hr>
            <ns3:cad>46</ns3:cad>
          </ns3:TrackPointExtension>
        </extensions>
      </trkpt>
      <trkpt lat="42.9334178008139133453369140625" lon="-8.8112968392670154571533203125">
        <ele>309.79998779296875</ele>
        <time>2025-10-21T10:51:55.000Z</time>
        <extensions>
          <ns3:TrackPointExtension>
            <ns3:hr>112</ns3:hr>
            <ns3:cad>46</ns3:cad>
          </ns3:TrackPointExtension>
        </extensions>
      </trkpt>
      <trkpt lat="42.93342291377484798431396484375" lon="-8.81134050898253917694091796875">
        <ele>311</ele>
        <time>2025-10-21T10:52:00.000Z</time>
        <extensions>
          <ns3:TrackPointExtension>
            <ns3:hr>112</ns3:hr>
            <ns3:cad>0</ns3:cad>
          </ns3:TrackPointExtension>
        </extensions>
      </trkpt>
      <trkpt lat="42.9334221594035625457763671875" lon="-8.8113618828356266021728515625">
        <ele>311.600006103515625</ele>
        <time>2025-10-21T10:52:02.000Z</time>
        <extensions>
          <ns3:TrackPointExtension>
            <ns3:hr>112</ns3:hr>
            <ns3:cad>0</ns3:cad>
          </ns3:TrackPointExtension>
        </extensions>
      </trkpt>
      <trkpt lat="42.933404557406902313232421875" lon="-8.8113967515528202056884765625">
        <ele>311.600006103515625</ele>
        <time>2025-10-21T10:52:06.000Z</time>
        <extensions>
          <ns3:TrackPointExtension>
            <ns3:hr>112</ns3:hr>
            <ns3:cad>44</ns3:cad>
          </ns3:TrackPointExtension>
        </extensions>
      </trkpt>
      <trkpt lat="42.9333862848579883575439453125" lon="-8.81142013706266880035400390625">
        <ele>312</ele>
        <time>2025-10-21T10:52:09.000Z</time>
        <extensions>
          <ns3:TrackPointExtension>
            <ns3:hr>112</ns3:hr>
            <ns3:cad>43</ns3:cad>
          </ns3:TrackPointExtension>
        </extensions>
      </trkpt>
      <trkpt lat="42.93337563984096050262451171875" lon="-8.81144008599221706390380859375">
        <ele>312.399993896484375</ele>
        <time>2025-10-21T10:52:11.000Z</time>
        <extensions>
          <ns3:TrackPointExtension>
            <ns3:hr>112</ns3:hr>
            <ns3:cad>43</ns3:cad>
          </ns3:TrackPointExtension>
        </extensions>
      </trkpt>
      <trkpt lat="42.93334362097084522247314453125" lon="-8.81151686422526836395263671875">
        <ele>313</ele>
        <time>2025-10-21T10:52:18.000Z</time>
        <extensions>
          <ns3:TrackPointExtension>
            <ns3:hr>115</ns3:hr>
            <ns3:cad>45</ns3:cad>
          </ns3:TrackPointExtension>
        </extensions>
      </trkpt>
      <trkpt lat="42.9333416931331157684326171875" lon="-8.81152759306132793426513671875">
        <ele>313</ele>
        <time>2025-10-21T10:52:19.000Z</time>
        <extensions>
          <ns3:TrackPointExtension>
            <ns3:hr>116</ns3:hr>
            <ns3:cad>45</ns3:cad>
          </ns3:TrackPointExtension>
        </extensions>
      </trkpt>
      <trkpt lat="42.933334149420261383056640625" lon="-8.81157386116683483123779296875">
        <ele>313.79998779296875</ele>
        <time>2025-10-21T10:52:23.000Z</time>
        <extensions>
          <ns3:TrackPointExtension>
            <ns3:hr>119</ns3:hr>
            <ns3:cad>46</ns3:cad>
          </ns3:TrackPointExtension>
        </extensions>
      </trkpt>
      <trkpt lat="42.9333259351551532745361328125" lon="-8.81161778233945369720458984375">
        <ele>314</ele>
        <time>2025-10-21T10:52:28.000Z</time>
        <extensions>
          <ns3:TrackPointExtension>
            <ns3:hr>119</ns3:hr>
            <ns3:cad>0</ns3:cad>
          </ns3:TrackPointExtension>
        </extensions>
      </trkpt>
      <trkpt lat="42.9333239234983921051025390625" lon="-8.811638988554477691650390625">
        <ele>314.20001220703125</ele>
        <time>2025-10-21T10:52:30.000Z</time>
        <extensions>
          <ns3:TrackPointExtension>
            <ns3:hr>120</ns3:hr>
            <ns3:cad>41</ns3:cad>
          </ns3:TrackPointExtension>
        </extensions>
      </trkpt>
      <trkpt lat="42.9333115182816982269287109375" lon="-8.81169472821056842803955078125">
        <ele>314.20001220703125</ele>
        <time>2025-10-21T10:52:35.000Z</time>
        <extensions>
          <ns3:TrackPointExtension>
            <ns3:hr>119</ns3:hr>
            <ns3:cad>41</ns3:cad>
          </ns3:TrackPointExtension>
        </extensions>
      </trkpt>
      <trkpt lat="42.933293245732784271240234375" lon="-8.8117786310613155364990234375">
        <ele>315</ele>
        <time>2025-10-21T10:52:42.000Z</time>
        <extensions>
          <ns3:TrackPointExtension>
            <ns3:hr>120</ns3:hr>
            <ns3:cad>44</ns3:cad>
          </ns3:TrackPointExtension>
        </extensions>
      </trkpt>
      <trkpt lat="42.9332887195050716400146484375" lon="-8.81178827024996280670166015625">
        <ele>315.20001220703125</ele>
        <time>2025-10-21T10:52:43.000Z</time>
        <extensions>
          <ns3:TrackPointExtension>
            <ns3:hr>120</ns3:hr>
            <ns3:cad>44</ns3:cad>
          </ns3:TrackPointExtension>
        </extensions>
      </trkpt>
      <trkpt lat="42.9332753084599971771240234375" lon="-8.8118376396596431732177734375">
        <ele>315.600006103515625</ele>
        <time>2025-10-21T10:52:47.000Z</time>
        <extensions>
          <ns3:TrackPointExtension>
            <ns3:hr>117</ns3:hr>
            <ns3:cad>44</ns3:cad>
          </ns3:TrackPointExtension>
        </extensions>
      </trkpt>
      <trkpt lat="42.93326449580490589141845703125" lon="-8.81187535822391510009765625">
        <ele>315.600006103515625</ele>
        <time>2025-10-21T10:52:50.000Z</time>
        <extensions>
          <ns3:TrackPointExtension>
            <ns3:hr>115</ns3:hr>
            <ns3:cad>45</ns3:cad>
          </ns3:TrackPointExtension>
        </extensions>
      </trkpt>
      <trkpt lat="42.93322987854480743408203125" lon="-8.81200837902724742889404296875">
        <ele>316.20001220703125</ele>
        <time>2025-10-21T10:53:01.000Z</time>
        <extensions>
          <ns3:TrackPointExtension>
            <ns3:hr>114</ns3:hr>
            <ns3:cad>45</ns3:cad>
          </ns3:TrackPointExtension>
        </extensions>
      </trkpt>
      <trkpt lat="42.933216132223606109619140625" lon="-8.8120498694479465484619140625">
        <ele>317.399993896484375</ele>
        <time>2025-10-21T10:53:05.000Z</time>
        <extensions>
          <ns3:TrackPointExtension>
            <ns3:hr>113</ns3:hr>
            <ns3:cad>0</ns3:cad>
          </ns3:TrackPointExtension>
        </extensions>
      </trkpt>
      <trkpt lat="42.93320314027369022369384765625" lon="-8.8120959699153900146484375">
        <ele>317.600006103515625</ele>
        <time>2025-10-21T10:53:09.000Z</time>
        <extensions>
          <ns3:TrackPointExtension>
            <ns3:hr>112</ns3:hr>
            <ns3:cad>0</ns3:cad>
          </ns3:TrackPointExtension>
        </extensions>
      </trkpt>
      <trkpt lat="42.93320515193045139312744140625" lon="-8.812113068997859954833984375">
        <ele>318.600006103515625</ele>
        <time>2025-10-21T10:53:14.000Z</time>
        <extensions>
          <ns3:TrackPointExtension>
            <ns3:hr>110</ns3:hr>
            <ns3:cad>0</ns3:cad>
          </ns3:TrackPointExtension>
        </extensions>
      </trkpt>
      <trkpt lat="42.9332055710256099700927734375" lon="-8.8121120631694793701171875">
        <ele>319.20001220703125</ele>
        <time>2025-10-21T10:53:15.000Z</time>
        <extensions>
          <ns3:TrackPointExtension>
            <ns3:hr>110</ns3:hr>
            <ns3:cad>0</ns3:cad>
          </ns3:TrackPointExtension>
        </extensions>
      </trkpt>
      <trkpt lat="42.9332055710256099700927734375" lon="-8.8121120631694793701171875">
        <ele>319.399993896484375</ele>
        <time>2025-10-21T10:53:33.000Z</time>
        <extensions>
          <ns3:TrackPointExtension>
            <ns3:hr>109</ns3:hr>
            <ns3:cad>0</ns3:cad>
          </ns3:TrackPointExtension>
        </extensions>
      </trkpt>
      <trkpt lat="42.9332055710256099700927734375" lon="-8.8121120631694793701171875">
        <ele>319</ele>
        <time>2025-10-21T10:53:41.000Z</time>
        <extensions>
          <ns3:TrackPointExtension>
            <ns3:hr>106</ns3:hr>
            <ns3:cad>0</ns3:cad>
          </ns3:TrackPointExtension>
        </extensions>
      </trkpt>
      <trkpt lat="42.93318771757185459136962890625" lon="-8.81213813088834285736083984375">
        <ele>318.79998779296875</ele>
        <time>2025-10-21T10:53:44.000Z</time>
        <extensions>
          <ns3:TrackPointExtension>
            <ns3:hr>104</ns3:hr>
            <ns3:cad>0</ns3:cad>
          </ns3:TrackPointExtension>
        </extensions>
      </trkpt>
      <trkpt lat="42.93315636925399303436279296875" lon="-8.81222496740520000457763671875">
        <ele>318.79998779296875</ele>
        <time>2025-10-21T10:53:51.000Z</time>
        <extensions>
          <ns3:TrackPointExtension>
            <ns3:hr>101</ns3:hr>
            <ns3:cad>44</ns3:cad>
          </ns3:TrackPointExtension>
        </extensions>
      </trkpt>
      <trkpt lat="42.93315385468304157257080078125" lon="-8.81223754025995731353759765625">
        <ele>318.600006103515625</ele>
        <time>2025-10-21T10:53:52.000Z</time>
        <extensions>
          <ns3:TrackPointExtension>
            <ns3:hr>101</ns3:hr>
            <ns3:cad>46</ns3:cad>
          </ns3:TrackPointExtension>
        </extensions>
      </trkpt>
      <trkpt lat="42.933135665953159332275390625" lon="-8.812310881912708282470703125">
        <ele>319.20001220703125</ele>
        <time>2025-10-21T10:53:58.000Z</time>
        <extensions>
          <ns3:TrackPointExtension>
            <ns3:hr>98</ns3:hr>
            <ns3:cad>47</ns3:cad>
          </ns3:TrackPointExtension>
        </extensions>
      </trkpt>
      <trkpt lat="42.93313222937285900115966796875" lon="-8.81232202984392642974853515625">
        <ele>319.79998779296875</ele>
        <time>2025-10-21T10:53:59.000Z</time>
        <extensions>
          <ns3:TrackPointExtension>
            <ns3:hr>98</ns3:hr>
            <ns3:cad>47</ns3:cad>
          </ns3:TrackPointExtension>
        </extensions>
      </trkpt>
      <trkpt lat="42.93312770314514636993408203125" lon="-8.8123338483273983001708984375">
        <ele>320.20001220703125</ele>
        <time>2025-10-21T10:54:00.000Z</time>
        <extensions>
          <ns3:TrackPointExtension>
            <ns3:hr>97</ns3:hr>
            <ns3:cad>47</ns3:cad>
          </ns3:TrackPointExtension>
        </extensions>
      </trkpt>
      <trkpt lat="42.933117561042308807373046875" lon="-8.812364526093006134033203125">
        <ele>321</ele>
        <time>2025-10-21T10:54:02.000Z</time>
        <extensions>
          <ns3:TrackPointExtension>
            <ns3:hr>97</ns3:hr>
            <ns3:cad>47</ns3:cad>
          </ns3:TrackPointExtension>
        </extensions>
      </trkpt>
      <trkpt lat="42.9330925829708576202392578125" lon="-8.8124367780983448028564453125">
        <ele>321.600006103515625</ele>
        <time>2025-10-21T10:54:07.000Z</time>
        <extensions>
          <ns3:TrackPointExtension>
            <ns3:hr>96</ns3:hr>
            <ns3:cad>50</ns3:cad>
          </ns3:TrackPointExtension>
        </extensions>
      </trkpt>
      <trkpt lat="42.93308780528604984283447265625" lon="-8.81245203316211700439453125">
        <ele>322</ele>
        <time>2025-10-21T10:54:08.000Z</time>
        <extensions>
          <ns3:TrackPointExtension>
            <ns3:hr>96</ns3:hr>
            <ns3:cad>50</ns3:cad>
          </ns3:TrackPointExtension>
        </extensions>
      </trkpt>
      <trkpt lat="42.93306165374815464019775390625" lon="-8.81255286745727062225341796875">
        <ele>321.79998779296875</ele>
        <time>2025-10-21T10:54:15.000Z</time>
        <extensions>
          <ns3:TrackPointExtension>
            <ns3:hr>97</ns3:hr>
            <ns3:cad>51</ns3:cad>
          </ns3:TrackPointExtension>
        </extensions>
      </trkpt>
      <trkpt lat="42.93302611447870731353759765625" lon="-8.81267775781452655792236328125">
        <ele>322.399993896484375</ele>
        <time>2025-10-21T10:54:24.000Z</time>
        <extensions>
          <ns3:TrackPointExtension>
            <ns3:hr>98</ns3:hr>
            <ns3:cad>51</ns3:cad>
          </ns3:TrackPointExtension>
        </extensions>
      </trkpt>
      <trkpt lat="42.93300096876919269561767578125" lon="-8.8127254508435726165771484375">
        <ele>323</ele>
        <time>2025-10-21T10:54:28.000Z</time>
        <extensions>
          <ns3:TrackPointExtension>
            <ns3:hr>99</ns3:hr>
            <ns3:cad>51</ns3:cad>
          </ns3:TrackPointExtension>
        </extensions>
      </trkpt>
      <trkpt lat="42.93297775089740753173828125" lon="-8.8127831183373928070068359375">
        <ele>323.79998779296875</ele>
        <time>2025-10-21T10:54:32.000Z</time>
        <extensions>
          <ns3:TrackPointExtension>
            <ns3:hr>99</ns3:hr>
            <ns3:cad>51</ns3:cad>
          </ns3:TrackPointExtension>
        </extensions>
      </trkpt>
      <trkpt lat="42.9329614900052547454833984375" lon="-8.81282226182520389556884765625">
        <ele>323.20001220703125</ele>
        <time>2025-10-21T10:54:35.000Z</time>
        <extensions>
          <ns3:TrackPointExtension>
            <ns3:hr>102</ns3:hr>
            <ns3:cad>51</ns3:cad>
          </ns3:TrackPointExtension>
        </extensions>
      </trkpt>
      <trkpt lat="42.93291471898555755615234375" lon="-8.812937177717685699462890625">
        <ele>324</ele>
        <time>2025-10-21T10:54:43.000Z</time>
        <extensions>
          <ns3:TrackPointExtension>
            <ns3:hr>104</ns3:hr>
            <ns3:cad>53</ns3:cad>
          </ns3:TrackPointExtension>
        </extensions>
      </trkpt>
      <trkpt lat="42.93290792964398860931396484375" lon="-8.81295226514339447021484375">
        <ele>324</ele>
        <time>2025-10-21T10:54:44.000Z</time>
        <extensions>
          <ns3:TrackPointExtension>
            <ns3:hr>104</ns3:hr>
            <ns3:cad>53</ns3:cad>
          </ns3:TrackPointExtension>
        </extensions>
      </trkpt>
      <trkpt lat="42.93285193853080272674560546875" lon="-8.8130419515073299407958984375">
        <ele>324.20001220703125</ele>
        <time>2025-10-21T10:54:52.000Z</time>
        <extensions>
          <ns3:TrackPointExtension>
            <ns3:hr>103</ns3:hr>
            <ns3:cad>51</ns3:cad>
          </ns3:TrackPointExtension>
        </extensions>
      </trkpt>
      <trkpt lat="42.93278387747704982757568359375" lon="-8.813135661184787750244140625">
        <ele>324.399993896484375</ele>
        <time>2025-10-21T10:55:01.000Z</time>
        <extensions>
          <ns3:TrackPointExtension>
            <ns3:hr>100</ns3:hr>
            <ns3:cad>52</ns3:cad>
          </ns3:TrackPointExtension>
        </extensions>
      </trkpt>
      <trkpt lat="42.93275940231978893280029296875" lon="-8.81316642276942729949951171875">
        <ele>325.20001220703125</ele>
        <time>2025-10-21T10:55:04.000Z</time>
        <extensions>
          <ns3:TrackPointExtension>
            <ns3:hr>99</ns3:hr>
            <ns3:cad>52</ns3:cad>
          </ns3:TrackPointExtension>
        </extensions>
      </trkpt>
      <trkpt lat="42.932703159749507904052734375" lon="-8.8132635690271854400634765625">
        <ele>324.79998779296875</ele>
        <time>2025-10-21T10:55:12.000Z</time>
        <extensions>
          <ns3:TrackPointExtension>
            <ns3:hr>98</ns3:hr>
            <ns3:cad>53</ns3:cad>
          </ns3:TrackPointExtension>
        </extensions>
      </trkpt>
      <trkpt lat="42.9326332546770572662353515625" lon="-8.8133624754846096038818359375">
        <ele>325.79998779296875</ele>
        <time>2025-10-21T10:55:21.000Z</time>
        <extensions>
          <ns3:TrackPointExtension>
            <ns3:hr>97</ns3:hr>
            <ns3:cad>52</ns3:cad>
          </ns3:TrackPointExtension>
        </extensions>
      </trkpt>
      <trkpt lat="42.932581119239330291748046875" lon="-8.81344486959278583526611328125">
        <ele>326.20001220703125</ele>
        <time>2025-10-21T10:55:28.000Z</time>
        <extensions>
          <ns3:TrackPointExtension>
            <ns3:hr>97</ns3:hr>
            <ns3:cad>0</ns3:cad>
          </ns3:TrackPointExtension>
        </extensions>
      </trkpt>
      <trkpt lat="42.932513058185577392578125" lon="-8.8135242462158203125">
        <ele>326.20001220703125</ele>
        <time>2025-10-21T10:55:36.000Z</time>
        <extensions>
          <ns3:TrackPointExtension>
            <ns3:hr>96</ns3:hr>
            <ns3:cad>54</ns3:cad>
          </ns3:TrackPointExtension>
        </extensions>
      </trkpt>
      <trkpt lat="42.932453043758869171142578125" lon="-8.81360311992466449737548828125">
        <ele>327.20001220703125</ele>
        <time>2025-10-21T10:55:43.000Z</time>
        <extensions>
          <ns3:TrackPointExtension>
            <ns3:hr>94</ns3:hr>
            <ns3:cad>53</ns3:cad>
          </ns3:TrackPointExtension>
        </extensions>
      </trkpt>
      <trkpt lat="42.93244675733149051666259765625" lon="-8.8136166147887706756591796875">
        <ele>327.20001220703125</ele>
        <time>2025-10-21T10:55:44.000Z</time>
        <extensions>
          <ns3:TrackPointExtension>
            <ns3:hr>94</ns3:hr>
            <ns3:cad>53</ns3:cad>
          </ns3:TrackPointExtension>
        </extensions>
      </trkpt>
      <trkpt lat="42.93240635655820369720458984375" lon="-8.81367419846355915069580078125">
        <ele>327.20001220703125</ele>
        <time>2025-10-21T10:55:49.000Z</time>
        <extensions>
          <ns3:TrackPointExtension>
            <ns3:hr>97</ns3:hr>
            <ns3:cad>53</ns3:cad>
          </ns3:TrackPointExtension>
        </extensions>
      </trkpt>
      <trkpt lat="42.93236779980361461639404296875" lon="-8.813733793795108795166015625">
        <ele>327.600006103515625</ele>
        <time>2025-10-21T10:55:54.000Z</time>
        <extensions>
          <ns3:TrackPointExtension>
            <ns3:hr>96</ns3:hr>
            <ns3:cad>53</ns3:cad>
          </ns3:TrackPointExtension>
        </extensions>
      </trkpt>
      <trkpt lat="42.93232136406004428863525390625" lon="-8.8138157688081264495849609375">
        <ele>328</ele>
        <time>2025-10-21T10:56:01.000Z</time>
        <extensions>
          <ns3:TrackPointExtension>
            <ns3:hr>96</ns3:hr>
            <ns3:cad>53</ns3:cad>
          </ns3:TrackPointExtension>
        </extensions>
      </trkpt>
      <trkpt lat="42.9322882555425167083740234375" lon="-8.8138677366077899932861328125">
        <ele>328.20001220703125</ele>
        <time>2025-10-21T10:56:05.000Z</time>
        <extensions>
          <ns3:TrackPointExtension>
            <ns3:hr>96</ns3:hr>
            <ns3:cad>53</ns3:cad>
          </ns3:TrackPointExtension>
        </extensions>
      </trkpt>
      <trkpt lat="42.93226168490946292877197265625" lon="-8.8138915412127971649169921875">
        <ele>328.600006103515625</ele>
        <time>2025-10-21T10:56:09.000Z</time>
        <extensions>
          <ns3:TrackPointExtension>
            <ns3:hr>97</ns3:hr>
            <ns3:cad>53</ns3:cad>
          </ns3:TrackPointExtension>
        </extensions>
      </trkpt>
      <trkpt lat="42.93223201297223567962646484375" lon="-8.81388877518475055694580078125">
        <ele>328.600006103515625</ele>
        <time>2025-10-21T10:56:15.000Z</time>
        <extensions>
          <ns3:TrackPointExtension>
            <ns3:hr>98</ns3:hr>
            <ns3:cad>53</ns3:cad>
          </ns3:TrackPointExtension>
        </extensions>
      </trkpt>
      <trkpt lat="42.93222849257290363311767578125" lon="-8.8138989172875881195068359375">
        <ele>328.79998779296875</ele>
        <time>2025-10-21T10:56:22.000Z</time>
        <extensions>
          <ns3:TrackPointExtension>
            <ns3:hr>98</ns3:hr>
            <ns3:cad>0</ns3:cad>
          </ns3:TrackPointExtension>
        </extensions>
      </trkpt>
      <trkpt lat="42.9321675561368465423583984375" lon="-8.81398365832865238189697265625">
        <ele>328.79998779296875</ele>
        <time>2025-10-21T10:56:30.000Z</time>
        <extensions>
          <ns3:TrackPointExtension>
            <ns3:hr>97</ns3:hr>
            <ns3:cad>50</ns3:cad>
          </ns3:TrackPointExtension>
        </extensions>
      </trkpt>
      <trkpt lat="42.9321145825088024139404296875" lon="-8.81406295113265514373779296875">
        <ele>329.20001220703125</ele>
        <time>2025-10-21T10:56:37.000Z</time>
        <extensions>
          <ns3:TrackPointExtension>
            <ns3:hr>97</ns3:hr>
            <ns3:cad>53</ns3:cad>
          </ns3:TrackPointExtension>
        </extensions>
      </trkpt>
      <trkpt lat="42.93209320865571498870849609375" lon="-8.81409262306988239288330078125">
        <ele>329.399993896484375</ele>
        <time>2025-10-21T10:56:40.000Z</time>
        <extensions>
          <ns3:TrackPointExtension>
            <ns3:hr>96</ns3:hr>
            <ns3:cad>53</ns3:cad>
          </ns3:TrackPointExtension>
        </extensions>
      </trkpt>
      <trkpt lat="42.9320525564253330230712890625" lon="-8.81414115428924560546875">
        <ele>330.600006103515625</ele>
        <time>2025-10-21T10:56:45.000Z</time>
        <extensions>
          <ns3:TrackPointExtension>
            <ns3:hr>95</ns3:hr>
            <ns3:cad>51</ns3:cad>
          </ns3:TrackPointExtension>
        </extensions>
      </trkpt>
      <trkpt lat="42.932030260562896728515625" lon="-8.81417593918740749359130859375">
        <ele>331.399993896484375</ele>
        <time>2025-10-21T10:56:48.000Z</time>
        <extensions>
          <ns3:TrackPointExtension>
            <ns3:hr>93</ns3:hr>
            <ns3:cad>50</ns3:cad>
          </ns3:TrackPointExtension>
        </extensions>
      </trkpt>
      <trkpt lat="42.93202397413551807403564453125" lon="-8.81418742239475250244140625">
        <ele>331.600006103515625</ele>
        <time>2025-10-21T10:56:49.000Z</time>
        <extensions>
          <ns3:TrackPointExtension>
            <ns3:hr>92</ns3:hr>
            <ns3:cad>50</ns3:cad>
          </ns3:TrackPointExtension>
        </extensions>
      </trkpt>
      <trkpt lat="42.93195021338760852813720703125" lon="-8.81429336965084075927734375">
        <ele>331.600006103515625</ele>
        <time>2025-10-21T10:56:59.000Z</time>
        <extensions>
          <ns3:TrackPointExtension>
            <ns3:hr>95</ns3:hr>
            <ns3:cad>50</ns3:cad>
          </ns3:TrackPointExtension>
        </extensions>
      </trkpt>
      <trkpt lat="42.9319109022617340087890625" lon="-8.81437115371227264404296875">
        <ele>332.79998779296875</ele>
        <time>2025-10-21T10:57:06.000Z</time>
        <extensions>
          <ns3:TrackPointExtension>
            <ns3:hr>96</ns3:hr>
            <ns3:cad>51</ns3:cad>
          </ns3:TrackPointExtension>
        </extensions>
      </trkpt>
      <trkpt lat="42.931907884776592254638671875" lon="-8.814384229481220245361328125">
        <ele>332.79998779296875</ele>
        <time>2025-10-21T10:57:07.000Z</time>
        <extensions>
          <ns3:TrackPointExtension>
            <ns3:hr>96</ns3:hr>
            <ns3:cad>51</ns3:cad>
          </ns3:TrackPointExtension>
        </extensions>
      </trkpt>
      <trkpt lat="42.93189070187509059906005859375" lon="-8.8144202716648578643798828125">
        <ele>332.79998779296875</ele>
        <time>2025-10-21T10:57:10.000Z</time>
        <extensions>
          <ns3:TrackPointExtension>
            <ns3:hr>99</ns3:hr>
            <ns3:cad>48</ns3:cad>
          </ns3:TrackPointExtension>
        </extensions>
      </trkpt>
      <trkpt lat="42.931855581700801849365234375" lon="-8.81448757834732532501220703125">
        <ele>333.79998779296875</ele>
        <time>2025-10-21T10:57:16.000Z</time>
        <extensions>
          <ns3:TrackPointExtension>
            <ns3:hr>102</ns3:hr>
            <ns3:cad>50</ns3:cad>
          </ns3:TrackPointExtension>
        </extensions>
      </trkpt>
      <trkpt lat="42.93188466690480709075927734375" lon="-8.8145649433135986328125">
        <ele>335</ele>
        <time>2025-10-21T10:57:22.000Z</time>
        <extensions>
          <ns3:TrackPointExtension>
            <ns3:hr>104</ns3:hr>
            <ns3:cad>48</ns3:cad>
          </ns3:TrackPointExtension>
        </extensions>
      </trkpt>
      <trkpt lat="42.93188869021832942962646484375" lon="-8.81457625888288021087646484375">
        <ele>335</ele>
        <time>2025-10-21T10:57:23.000Z</time>
        <extensions>
          <ns3:TrackPointExtension>
            <ns3:hr>105</ns3:hr>
            <ns3:cad>48</ns3:cad>
          </ns3:TrackPointExtension>
        </extensions>
      </trkpt>
      <trkpt lat="42.93189908377826213836669921875" lon="-8.81461045704782009124755859375">
        <ele>335.399993896484375</ele>
        <time>2025-10-21T10:57:26.000Z</time>
        <extensions>
          <ns3:TrackPointExtension>
            <ns3:hr>109</ns3:hr>
            <ns3:cad>49</ns3:cad>
          </ns3:TrackPointExtension>
        </extensions>
      </trkpt>
      <trkpt lat="42.93191417120397090911865234375" lon="-8.81464314647018909454345703125">
        <ele>336</ele>
        <time>2025-10-21T10:57:29.000Z</time>
        <extensions>
          <ns3:TrackPointExtension>
            <ns3:hr>111</ns3:hr>
            <ns3:cad>48</ns3:cad>
          </ns3:TrackPointExtension>
        </extensions>
      </trkpt>
      <trkpt lat="42.9319315217435359954833984375" lon="-8.81468254141509532928466796875">
        <ele>336.600006103515625</ele>
        <time>2025-10-21T10:57:33.000Z</time>
        <extensions>
          <ns3:TrackPointExtension>
            <ns3:hr>110</ns3:hr>
            <ns3:cad>48</ns3:cad>
          </ns3:TrackPointExtension>
        </extensions>
      </trkpt>
      <trkpt lat="42.931944765150547027587890625" lon="-8.814707435667514801025390625">
        <ele>336.600006103515625</ele>
        <time>2025-10-21T10:57:40.000Z</time>
        <extensions>
          <ns3:TrackPointExtension>
            <ns3:hr>111</ns3:hr>
            <ns3:cad>0</ns3:cad>
          </ns3:TrackPointExtension>
        </extensions>
      </trkpt>
      <trkpt lat="42.931947447359561920166015625" lon="-8.81472243927419185638427734375">
        <ele>336.600006103515625</ele>
        <time>2025-10-21T10:57:47.000Z</time>
        <extensions>
          <ns3:TrackPointExtension>
            <ns3:hr>109</ns3:hr>
            <ns3:cad>0</ns3:cad>
          </ns3:TrackPointExtension>
        </extensions>
      </trkpt>
      <trkpt lat="42.93195423670113086700439453125" lon="-8.8147414661943912506103515625">
        <ele>336.600006103515625</ele>
        <time>2025-10-21T10:57:54.000Z</time>
        <extensions>
          <ns3:TrackPointExtension>
            <ns3:hr>108</ns3:hr>
            <ns3:cad>0</ns3:cad>
          </ns3:TrackPointExtension>
        </extensions>
      </trkpt>
      <trkpt lat="42.9319754429161548614501953125" lon="-8.81482042372226715087890625">
        <ele>337</ele>
        <time>2025-10-21T10:58:00.000Z</time>
        <extensions>
          <ns3:TrackPointExtension>
            <ns3:hr>108</ns3:hr>
            <ns3:cad>49</ns3:cad>
          </ns3:TrackPointExtension>
        </extensions>
      </trkpt>
      <trkpt lat="42.93198256753385066986083984375" lon="-8.81483660079538822174072265625">
        <ele>337.20001220703125</ele>
        <time>2025-10-21T10:58:02.000Z</time>
        <extensions>
          <ns3:TrackPointExtension>
            <ns3:hr>107</ns3:hr>
            <ns3:cad>49</ns3:cad>
          </ns3:TrackPointExtension>
        </extensions>
      </trkpt>
      <trkpt lat="42.93201089836657047271728515625" lon="-8.81497196853160858154296875">
        <ele>336.79998779296875</ele>
        <time>2025-10-21T10:58:13.000Z</time>
        <extensions>
          <ns3:TrackPointExtension>
            <ns3:hr>104</ns3:hr>
            <ns3:cad>51</ns3:cad>
          </ns3:TrackPointExtension>
        </extensions>
      </trkpt>
      <trkpt lat="42.93201844207942485809326171875" lon="-8.81500675342977046966552734375">
        <ele>337</ele>
        <time>2025-10-21T10:58:15.000Z</time>
        <extensions>
          <ns3:TrackPointExtension>
            <ns3:hr>103</ns3:hr>
            <ns3:cad>51</ns3:cad>
          </ns3:TrackPointExtension>
        </extensions>
      </trkpt>
      <trkpt lat="42.93203621171414852142333984375" lon="-8.81513767875730991363525390625">
        <ele>338.20001220703125</ele>
        <time>2025-10-21T10:58:23.000Z</time>
        <extensions>
          <ns3:TrackPointExtension>
            <ns3:hr>102</ns3:hr>
            <ns3:cad>54</ns3:cad>
          </ns3:TrackPointExtension>
        </extensions>
      </trkpt>
      <trkpt lat="42.93203554116189479827880859375" lon="-8.81515092216432094573974609375">
        <ele>338.399993896484375</ele>
        <time>2025-10-21T10:58:24.000Z</time>
        <extensions>
          <ns3:TrackPointExtension>
            <ns3:hr>102</ns3:hr>
            <ns3:cad>54</ns3:cad>
          </ns3:TrackPointExtension>
        </extensions>
      </trkpt>
      <trkpt lat="42.93204207904636859893798828125" lon="-8.8151991181075572967529296875">
        <ele>339.20001220703125</ele>
        <time>2025-10-21T10:58:27.000Z</time>
        <extensions>
          <ns3:TrackPointExtension>
            <ns3:hr>102</ns3:hr>
            <ns3:cad>52</ns3:cad>
          </ns3:TrackPointExtension>
        </extensions>
      </trkpt>
      <trkpt lat="42.93205549009144306182861328125" lon="-8.81527363322675228118896484375">
        <ele>340.399993896484375</ele>
        <time>2025-10-21T10:58:32.000Z</time>
        <extensions>
          <ns3:TrackPointExtension>
            <ns3:hr>104</ns3:hr>
            <ns3:cad>53</ns3:cad>
          </ns3:TrackPointExtension>
        </extensions>
      </trkpt>
      <trkpt lat="42.9320584237575531005859375" lon="-8.81528335623443126678466796875">
        <ele>340.399993896484375</ele>
        <time>2025-10-21T10:58:33.000Z</time>
        <extensions>
          <ns3:TrackPointExtension>
            <ns3:hr>104</ns3:hr>
            <ns3:cad>53</ns3:cad>
          </ns3:TrackPointExtension>
        </extensions>
      </trkpt>
      <trkpt lat="42.9320773668587207794189453125" lon="-8.81539215333759784698486328125">
        <ele>340</ele>
        <time>2025-10-21T10:58:40.000Z</time>
        <extensions>
          <ns3:TrackPointExtension>
            <ns3:hr>106</ns3:hr>
            <ns3:cad>53</ns3:cad>
          </ns3:TrackPointExtension>
        </extensions>
      </trkpt>
      <trkpt lat="42.93209371156990528106689453125" lon="-8.8155484758317470550537109375">
        <ele>341.399993896484375</ele>
        <time>2025-10-21T10:58:50.000Z</time>
        <extensions>
          <ns3:TrackPointExtension>
            <ns3:hr>107</ns3:hr>
            <ns3:cad>53</ns3:cad>
          </ns3:TrackPointExtension>
        </extensions>
      </trkpt>
      <trkpt lat="42.93209454976022243499755859375" lon="-8.8155855238437652587890625">
        <ele>341.399993896484375</ele>
        <time>2025-10-21T10:58:52.000Z</time>
        <extensions>
          <ns3:TrackPointExtension>
            <ns3:hr>108</ns3:hr>
            <ns3:cad>54</ns3:cad>
          </ns3:TrackPointExtension>
        </extensions>
      </trkpt>
      <trkpt lat="42.9320924542844295501708984375" lon="-8.81562097929418087005615234375">
        <ele>341.600006103515625</ele>
        <time>2025-10-21T10:58:54.000Z</time>
        <extensions>
          <ns3:TrackPointExtension>
            <ns3:hr>111</ns3:hr>
            <ns3:cad>54</ns3:cad>
          </ns3:TrackPointExtension>
        </extensions>
      </trkpt>
      <trkpt lat="42.93210058473050594329833984375" lon="-8.81567998789250850677490234375">
        <ele>341.20001220703125</ele>
        <time>2025-10-21T10:58:58.000Z</time>
        <extensions>
          <ns3:TrackPointExtension>
            <ns3:hr>113</ns3:hr>
            <ns3:cad>54</ns3:cad>
          </ns3:TrackPointExtension>
        </extensions>
      </trkpt>
      <trkpt lat="42.9321139119565486907958984375" lon="-8.8157920539379119873046875">
        <ele>341.600006103515625</ele>
        <time>2025-10-21T10:59:06.000Z</time>
        <extensions>
          <ns3:TrackPointExtension>
            <ns3:hr>113</ns3:hr>
            <ns3:cad>52</ns3:cad>
          </ns3:TrackPointExtension>
        </extensions>
      </trkpt>
      <trkpt lat="42.9321115650236606597900390625" lon="-8.8158901222050189971923828125">
        <ele>342.399993896484375</ele>
        <time>2025-10-21T10:59:14.000Z</time>
        <extensions>
          <ns3:TrackPointExtension>
            <ns3:hr>112</ns3:hr>
            <ns3:cad>47</ns3:cad>
          </ns3:TrackPointExtension>
        </extensions>
      </trkpt>
      <trkpt lat="42.9321098886430263519287109375" lon="-8.81590512581169605255126953125">
        <ele>342.79998779296875</ele>
        <time>2025-10-21T10:59:21.000Z</time>
        <extensions>
          <ns3:TrackPointExtension>
            <ns3:hr>112</ns3:hr>
            <ns3:cad>0</ns3:cad>
          </ns3:TrackPointExtension>
        </extensions>
      </trkpt>
      <trkpt lat="42.9321095533668994903564453125" lon="-8.81590847857296466827392578125">
        <ele>343.20001220703125</ele>
        <time>2025-10-21T10:59:27.000Z</time>
        <extensions>
          <ns3:TrackPointExtension>
            <ns3:hr>109</ns3:hr>
            <ns3:cad>0</ns3:cad>
          </ns3:TrackPointExtension>
        </extensions>
      </trkpt>
      <trkpt lat="42.9321132414042949676513671875" lon="-8.8159454427659511566162109375">
        <ele>343</ele>
        <time>2025-10-21T10:59:31.000Z</time>
        <extensions>
          <ns3:TrackPointExtension>
            <ns3:hr>108</ns3:hr>
            <ns3:cad>0</ns3:cad>
          </ns3:TrackPointExtension>
        </extensions>
      </trkpt>
      <trkpt lat="42.93213008902966976165771484375" lon="-8.8159907050430774688720703125">
        <ele>342.399993896484375</ele>
        <time>2025-10-21T10:59:35.000Z</time>
        <extensions>
          <ns3:TrackPointExtension>
            <ns3:hr>105</ns3:hr>
            <ns3:cad>48</ns3:cad>
          </ns3:TrackPointExtension>
        </extensions>
      </trkpt>
      <trkpt lat="42.9321383871138095855712890625" lon="-8.816035129129886627197265625">
        <ele>341.600006103515625</ele>
        <time>2025-10-21T10:59:39.000Z</time>
        <extensions>
          <ns3:TrackPointExtension>
            <ns3:hr>102</ns3:hr>
            <ns3:cad>50</ns3:cad>
          </ns3:TrackPointExtension>
        </extensions>
      </trkpt>
      <trkpt lat="42.93214450590312480926513671875" lon="-8.8160577602684497833251953125">
        <ele>341.399993896484375</ele>
        <time>2025-10-21T10:59:41.000Z</time>
        <extensions>
          <ns3:TrackPointExtension>
            <ns3:hr>102</ns3:hr>
            <ns3:cad>50</ns3:cad>
          </ns3:TrackPointExtension>
        </extensions>
      </trkpt>
      <trkpt lat="42.93217308819293975830078125" lon="-8.81611165590584278106689453125">
        <ele>341</ele>
        <time>2025-10-21T10:59:49.000Z</time>
        <extensions>
          <ns3:TrackPointExtension>
            <ns3:hr>100</ns3:hr>
            <ns3:cad>0</ns3:cad>
          </ns3:TrackPointExtension>
        </extensions>
      </trkpt>
      <trkpt lat="42.93218825943768024444580078125" lon="-8.8161130808293819427490234375">
        <ele>340.79998779296875</ele>
        <time>2025-10-21T11:00:00.000Z</time>
        <extensions>
          <ns3:TrackPointExtension>
            <ns3:hr>98</ns3:hr>
            <ns3:cad>0</ns3:cad>
          </ns3:TrackPointExtension>
        </extensions>
      </trkpt>
      <trkpt lat="42.9322034306824207305908203125" lon="-8.81610478274524211883544921875">
        <ele>340.399993896484375</ele>
        <time>2025-10-21T11:00:03.000Z</time>
        <extensions>
          <ns3:TrackPointExtension>
            <ns3:hr>97</ns3:hr>
            <ns3:cad>0</ns3:cad>
          </ns3:TrackPointExtension>
        </extensions>
      </trkpt>
      <trkpt lat="42.932241819798946380615234375" lon="-8.81607309915125370025634765625">
        <ele>339.20001220703125</ele>
        <time>2025-10-21T11:00:08.000Z</time>
        <extensions>
          <ns3:TrackPointExtension>
            <ns3:hr>96</ns3:hr>
            <ns3:cad>53</ns3:cad>
          </ns3:TrackPointExtension>
        </extensions>
      </trkpt>
      <trkpt lat="42.93224819004535675048828125" lon="-8.8160669803619384765625">
        <ele>339</ele>
        <time>2025-10-21T11:00:09.000Z</time>
        <extensions>
          <ns3:TrackPointExtension>
            <ns3:hr>95</ns3:hr>
            <ns3:cad>55</ns3:cad>
          </ns3:TrackPointExtension>
        </extensions>
      </trkpt>
      <trkpt lat="42.9322721622884273529052734375" lon="-8.81604510359466075897216796875">
        <ele>338</ele>
        <time>2025-10-21T11:00:14.000Z</time>
        <extensions>
          <ns3:TrackPointExtension>
            <ns3:hr>94</ns3:hr>
            <ns3:cad>57</ns3:cad>
          </ns3:TrackPointExtension>
        </extensions>
      </trkpt>
      <trkpt lat="42.93229244649410247802734375" lon="-8.81602062843739986419677734375">
        <ele>337.399993896484375</ele>
        <time>2025-10-21T11:00:17.000Z</time>
        <extensions>
          <ns3:TrackPointExtension>
            <ns3:hr>96</ns3:hr>
            <ns3:cad>57</ns3:cad>
          </ns3:TrackPointExtension>
        </extensions>
      </trkpt>
      <trkpt lat="42.93230560608208179473876953125" lon="-8.81600051186978816986083984375">
        <ele>336.79998779296875</ele>
        <time>2025-10-21T11:00:20.000Z</time>
        <extensions>
          <ns3:TrackPointExtension>
            <ns3:hr>96</ns3:hr>
            <ns3:cad>55</ns3:cad>
          </ns3:TrackPointExtension>
        </extensions>
      </trkpt>
      <trkpt lat="42.93233678676187992095947265625" lon="-8.8159856759011745452880859375">
        <ele>336</ele>
        <time>2025-10-21T11:00:24.000Z</time>
        <extensions>
          <ns3:TrackPointExtension>
            <ns3:hr>101</ns3:hr>
            <ns3:cad>53</ns3:cad>
          </ns3:TrackPointExtension>
        </extensions>
      </trkpt>
      <trkpt lat="42.9323398880660533905029296875" lon="-8.81598760373890399932861328125">
        <ele>336</ele>
        <time>2025-10-21T11:00:25.000Z</time>
        <extensions>
          <ns3:TrackPointExtension>
            <ns3:hr>102</ns3:hr>
            <ns3:cad>53</ns3:cad>
          </ns3:TrackPointExtension>
        </extensions>
      </trkpt>
      <trkpt lat="42.93234801851212978363037109375" lon="-8.81599330343306064605712890625">
        <ele>335.79998779296875</ele>
        <time>2025-10-21T11:00:27.000Z</time>
        <extensions>
          <ns3:TrackPointExtension>
            <ns3:hr>102</ns3:hr>
            <ns3:cad>55</ns3:cad>
          </ns3:TrackPointExtension>
        </extensions>
      </trkpt>
      <trkpt lat="42.9323620162904262542724609375" lon="-8.8160218857228755950927734375">
        <ele>336</ele>
        <time>2025-10-21T11:00:30.000Z</time>
        <extensions>
          <ns3:TrackPointExtension>
            <ns3:hr>102</ns3:hr>
            <ns3:cad>53</ns3:cad>
          </ns3:TrackPointExtension>
        </extensions>
      </trkpt>
      <trkpt lat="42.93237450532615184783935546875" lon="-8.81604887545108795166015625">
        <ele>336.20001220703125</ele>
        <time>2025-10-21T11:00:32.000Z</time>
        <extensions>
          <ns3:TrackPointExtension>
            <ns3:hr>102</ns3:hr>
            <ns3:cad>52</ns3:cad>
          </ns3:TrackPointExtension>
        </extensions>
      </trkpt>
      <trkpt lat="42.9323646984994411468505859375" lon="-8.81606354378163814544677734375">
        <ele>336.399993896484375</ele>
        <time>2025-10-21T11:00:34.000Z</time>
        <extensions>
          <ns3:TrackPointExtension>
            <ns3:hr>101</ns3:hr>
            <ns3:cad>52</ns3:cad>
          </ns3:TrackPointExtension>
        </extensions>
      </trkpt>
      <trkpt lat="42.9323512874543666839599609375" lon="-8.8160865940153598785400390625">
        <ele>336.399993896484375</ele>
        <time>2025-10-21T11:00:37.000Z</time>
        <extensions>
          <ns3:TrackPointExtension>
            <ns3:hr>97</ns3:hr>
            <ns3:cad>52</ns3:cad>
          </ns3:TrackPointExtension>
        </extensions>
      </trkpt>
      <trkpt lat="42.932347767055034637451171875" lon="-8.81609438918530941009521484375">
        <ele>336.600006103515625</ele>
        <time>2025-10-21T11:00:38.000Z</time>
        <extensions>
          <ns3:TrackPointExtension>
            <ns3:hr>96</ns3:hr>
            <ns3:cad>52</ns3:cad>
          </ns3:TrackPointExtension>
        </extensions>
      </trkpt>
      <trkpt lat="42.9323211126029491424560546875" lon="-8.81616848520934581756591796875">
        <ele>337.399993896484375</ele>
        <time>2025-10-21T11:00:44.000Z</time>
        <extensions>
          <ns3:TrackPointExtension>
            <ns3:hr>94</ns3:hr>
            <ns3:cad>47</ns3:cad>
          </ns3:TrackPointExtension>
        </extensions>
      </trkpt>
      <trkpt lat="42.9323056899011135101318359375" lon="-8.81620184518396854400634765625">
        <ele>338</ele>
        <time>2025-10-21T11:00:47.000Z</time>
        <extensions>
          <ns3:TrackPointExtension>
            <ns3:hr>93</ns3:hr>
            <ns3:cad>49</ns3:cad>
          </ns3:TrackPointExtension>
        </extensions>
      </trkpt>
      <trkpt lat="42.93229588307440280914306640625" lon="-8.8162411563098430633544921875">
        <ele>338.20001220703125</ele>
        <time>2025-10-21T11:00:50.000Z</time>
        <extensions>
          <ns3:TrackPointExtension>
            <ns3:hr>93</ns3:hr>
            <ns3:cad>50</ns3:cad>
          </ns3:TrackPointExtension>
        </extensions>
      </trkpt>
      <trkpt lat="42.93227274902164936065673828125" lon="-8.816318772733211517333984375">
        <ele>339</ele>
        <time>2025-10-21T11:00:56.000Z</time>
        <extensions>
          <ns3:TrackPointExtension>
            <ns3:hr>95</ns3:hr>
            <ns3:cad>50</ns3:cad>
          </ns3:TrackPointExtension>
        </extensions>
      </trkpt>
      <trkpt lat="42.932266630232334136962890625" lon="-8.816332519054412841796875">
        <ele>339.20001220703125</ele>
        <time>2025-10-21T11:00:57.000Z</time>
        <extensions>
          <ns3:TrackPointExtension>
            <ns3:hr>95</ns3:hr>
            <ns3:cad>50</ns3:cad>
          </ns3:TrackPointExtension>
        </extensions>
      </trkpt>
      <trkpt lat="42.93225221335887908935546875" lon="-8.81637568585574626922607421875">
        <ele>340.20001220703125</ele>
        <time>2025-10-21T11:01:01.000Z</time>
        <extensions>
          <ns3:TrackPointExtension>
            <ns3:hr>96</ns3:hr>
            <ns3:cad>49</ns3:cad>
          </ns3:TrackPointExtension>
        </extensions>
      </trkpt>
      <trkpt lat="42.9322406463325023651123046875" lon="-8.81641759537160396575927734375">
        <ele>340.79998779296875</ele>
        <time>2025-10-21T11:01:04.000Z</time>
        <extensions>
          <ns3:TrackPointExtension>
            <ns3:hr>97</ns3:hr>
            <ns3:cad>49</ns3:cad>
          </ns3:TrackPointExtension>
        </extensions>
      </trkpt>
      <trkpt lat="42.9322220385074615478515625" lon="-8.81647559814155101776123046875">
        <ele>341.20001220703125</ele>
        <time>2025-10-21T11:01:10.000Z</time>
        <extensions>
          <ns3:TrackPointExtension>
            <ns3:hr>100</ns3:hr>
            <ns3:cad>0</ns3:cad>
          </ns3:TrackPointExtension>
        </extensions>
      </trkpt>
      <trkpt lat="42.93221491388976573944091796875" lon="-8.81649873219430446624755859375">
        <ele>341.79998779296875</ele>
        <time>2025-10-21T11:01:13.000Z</time>
        <extensions>
          <ns3:TrackPointExtension>
            <ns3:hr>101</ns3:hr>
            <ns3:cad>0</ns3:cad>
          </ns3:TrackPointExtension>
        </extensions>
      </trkpt>
      <trkpt lat="42.93221273459494113922119140625" lon="-8.8165087066590785980224609375">
        <ele>342.399993896484375</ele>
        <time>2025-10-21T11:01:15.000Z</time>
        <extensions>
          <ns3:TrackPointExtension>
            <ns3:hr>102</ns3:hr>
            <ns3:cad>0</ns3:cad>
          </ns3:TrackPointExtension>
        </extensions>
      </trkpt>
      <trkpt lat="42.93220133520662784576416015625" lon="-8.81653376854956150054931640625">
        <ele>342.79998779296875</ele>
        <time>2025-10-21T11:01:19.000Z</time>
        <extensions>
          <ns3:TrackPointExtension>
            <ns3:hr>105</ns3:hr>
            <ns3:cad>0</ns3:cad>
          </ns3:TrackPointExtension>
        </extensions>
      </trkpt>
      <trkpt lat="42.93219731189310550689697265625" lon="-8.8165549747645854949951171875">
        <ele>342.600006103515625</ele>
        <time>2025-10-21T11:01:21.000Z</time>
        <extensions>
          <ns3:TrackPointExtension>
            <ns3:hr>106</ns3:hr>
            <ns3:cad>0</ns3:cad>
          </ns3:TrackPointExtension>
        </extensions>
      </trkpt>
      <trkpt lat="42.9321859963238239288330078125" lon="-8.81660652346909046173095703125">
        <ele>343</ele>
        <time>2025-10-21T11:01:25.000Z</time>
        <extensions>
          <ns3:TrackPointExtension>
            <ns3:hr>109</ns3:hr>
            <ns3:cad>0</ns3:cad>
          </ns3:TrackPointExtension>
        </extensions>
      </trkpt>
      <trkpt lat="42.9321844875812530517578125" lon="-8.81664927117526531219482421875">
        <ele>343.20001220703125</ele>
        <time>2025-10-21T11:01:28.000Z</time>
        <extensions>
          <ns3:TrackPointExtension>
            <ns3:hr>110</ns3:hr>
            <ns3:cad>44</ns3:cad>
          </ns3:TrackPointExtension>
        </extensions>
      </trkpt>
      <trkpt lat="42.93218390084803104400634765625" lon="-8.81674733944237232208251953125">
        <ele>343.399993896484375</ele>
        <time>2025-10-21T11:01:35.000Z</time>
        <extensions>
          <ns3:TrackPointExtension>
            <ns3:hr>112</ns3:hr>
            <ns3:cad>50</ns3:cad>
          </ns3:TrackPointExtension>
        </extensions>
      </trkpt>
      <trkpt lat="42.93219052255153656005859375" lon="-8.8167933560907840728759765625">
        <ele>343.600006103515625</ele>
        <time>2025-10-21T11:01:38.000Z</time>
        <extensions>
          <ns3:TrackPointExtension>
            <ns3:hr>115</ns3:hr>
            <ns3:cad>51</ns3:cad>
          </ns3:TrackPointExtension>
        </extensions>
      </trkpt>
      <trkpt lat="42.9321913607418537139892578125" lon="-8.81680735386908054351806640625">
        <ele>343.399993896484375</ele>
        <time>2025-10-21T11:01:39.000Z</time>
        <extensions>
          <ns3:TrackPointExtension>
            <ns3:hr>115</ns3:hr>
            <ns3:cad>51</ns3:cad>
          </ns3:TrackPointExtension>
        </extensions>
      </trkpt>
      <trkpt lat="42.9322020895779132843017578125" lon="-8.81694481708109378814697265625">
        <ele>344.20001220703125</ele>
        <time>2025-10-21T11:01:48.000Z</time>
        <extensions>
          <ns3:TrackPointExtension>
            <ns3:hr>115</ns3:hr>
            <ns3:cad>50</ns3:cad>
          </ns3:TrackPointExtension>
        </extensions>
      </trkpt>
      <trkpt lat="42.9322084598243236541748046875" lon="-8.81700986064970493316650390625">
        <ele>344.399993896484375</ele>
        <time>2025-10-21T11:01:53.000Z</time>
        <extensions>
          <ns3:TrackPointExtension>
            <ns3:hr>114</ns3:hr>
            <ns3:cad>51</ns3:cad>
          </ns3:TrackPointExtension>
        </extensions>
      </trkpt>
      <trkpt lat="42.93222161941230297088623046875" lon="-8.8170830346643924713134765625">
        <ele>345.20001220703125</ele>
        <time>2025-10-21T11:01:58.000Z</time>
        <extensions>
          <ns3:TrackPointExtension>
            <ns3:hr>113</ns3:hr>
            <ns3:cad>52</ns3:cad>
          </ns3:TrackPointExtension>
        </extensions>
      </trkpt>
      <trkpt lat="42.93222581036388874053955078125" lon="-8.81711237132549285888671875">
        <ele>345.600006103515625</ele>
        <time>2025-10-21T11:02:00.000Z</time>
        <extensions>
          <ns3:TrackPointExtension>
            <ns3:hr>114</ns3:hr>
            <ns3:cad>50</ns3:cad>
          </ns3:TrackPointExtension>
        </extensions>
      </trkpt>
      <trkpt lat="42.93225162662565708160400390625" lon="-8.8172377645969390869140625">
        <ele>346.399993896484375</ele>
        <time>2025-10-21T11:02:09.000Z</time>
        <extensions>
          <ns3:TrackPointExtension>
            <ns3:hr>113</ns3:hr>
            <ns3:cad>51</ns3:cad>
          </ns3:TrackPointExtension>
        </extensions>
      </trkpt>
      <trkpt lat="42.932255230844020843505859375" lon="-8.8172778300940990447998046875">
        <ele>346.79998779296875</ele>
        <time>2025-10-21T11:02:12.000Z</time>
        <extensions>
          <ns3:TrackPointExtension>
            <ns3:hr>112</ns3:hr>
            <ns3:cad>50</ns3:cad>
          </ns3:TrackPointExtension>
        </extensions>
      </trkpt>
      <trkpt lat="42.9322607629001140594482421875" lon="-8.81733373738825321197509765625">
        <ele>347.79998779296875</ele>
        <time>2025-10-21T11:02:17.000Z</time>
        <extensions>
          <ns3:TrackPointExtension>
            <ns3:hr>111</ns3:hr>
            <ns3:cad>50</ns3:cad>
          </ns3:TrackPointExtension>
        </extensions>
      </trkpt>
      <trkpt lat="42.93227098882198333740234375" lon="-8.81736592389643192291259765625">
        <ele>348.600006103515625</ele>
        <time>2025-10-21T11:02:20.000Z</time>
        <extensions>
          <ns3:TrackPointExtension>
            <ns3:hr>110</ns3:hr>
            <ns3:cad>50</ns3:cad>
          </ns3:TrackPointExtension>
        </extensions>
      </trkpt>
      <trkpt lat="42.932282388210296630859375" lon="-8.8174176402390003204345703125">
        <ele>349</ele>
        <time>2025-10-21T11:02:24.000Z</time>
        <extensions>
          <ns3:TrackPointExtension>
            <ns3:hr>110</ns3:hr>
            <ns3:cad>48</ns3:cad>
          </ns3:TrackPointExtension>
        </extensions>
      </trkpt>
      <trkpt lat="42.93228548951447010040283203125" lon="-8.81748880259692668914794921875">
        <ele>349.79998779296875</ele>
        <time>2025-10-21T11:02:30.000Z</time>
        <extensions>
          <ns3:TrackPointExtension>
            <ns3:hr>109</ns3:hr>
            <ns3:cad>47</ns3:cad>
          </ns3:TrackPointExtension>
        </extensions>
      </trkpt>
      <trkpt lat="42.932289429008960723876953125" lon="-8.817489556968212127685546875">
        <ele>350</ele>
        <time>2025-10-21T11:02:34.000Z</time>
        <extensions>
          <ns3:TrackPointExtension>
            <ns3:hr>109</ns3:hr>
            <ns3:cad>0</ns3:cad>
          </ns3:TrackPointExtension>
        </extensions>
      </trkpt>
      <trkpt lat="42.93229839764535427093505859375" lon="-8.81748746149241924285888671875">
        <ele>350.20001220703125</ele>
        <time>2025-10-21T11:02:37.000Z</time>
        <extensions>
          <ns3:TrackPointExtension>
            <ns3:hr>109</ns3:hr>
            <ns3:cad>0</ns3:cad>
          </ns3:TrackPointExtension>
        </extensions>
      </trkpt>
      <trkpt lat="42.9323020018637180328369140625" lon="-8.81751981563866138458251953125">
        <ele>350.399993896484375</ele>
        <time>2025-10-21T11:02:46.000Z</time>
        <extensions>
          <ns3:TrackPointExtension>
            <ns3:hr>109</ns3:hr>
            <ns3:cad>0</ns3:cad>
          </ns3:TrackPointExtension>
        </extensions>
      </trkpt>
      <trkpt lat="42.93230627663433551788330078125" lon="-8.8175561092793941497802734375">
        <ele>350.399993896484375</ele>
        <time>2025-10-21T11:02:49.000Z</time>
        <extensions>
          <ns3:TrackPointExtension>
            <ns3:hr>112</ns3:hr>
            <ns3:cad>0</ns3:cad>
          </ns3:TrackPointExtension>
        </extensions>
      </trkpt>
      <trkpt lat="42.93231214396655559539794921875" lon="-8.81765778176486492156982421875">
        <ele>351</ele>
        <time>2025-10-21T11:02:56.000Z</time>
        <extensions>
          <ns3:TrackPointExtension>
            <ns3:hr>111</ns3:hr>
            <ns3:cad>50</ns3:cad>
          </ns3:TrackPointExtension>
        </extensions>
      </trkpt>
      <trkpt lat="42.9323123954236507415771484375" lon="-8.81766985170543193817138671875">
        <ele>351.20001220703125</ele>
        <time>2025-10-21T11:02:57.000Z</time>
        <extensions>
          <ns3:TrackPointExtension>
            <ns3:hr>110</ns3:hr>
            <ns3:cad>51</ns3:cad>
          </ns3:TrackPointExtension>
        </extensions>
      </trkpt>
      <trkpt lat="42.93235338293015956878662109375" lon="-8.8178283534944057464599609375">
        <ele>351.20001220703125</ele>
        <time>2025-10-21T11:03:08.000Z</time>
        <extensions>
          <ns3:TrackPointExtension>
            <ns3:hr>112</ns3:hr>
            <ns3:cad>53</ns3:cad>
          </ns3:TrackPointExtension>
        </extensions>
      </trkpt>
      <trkpt lat="42.932372577488422393798828125" lon="-8.81798635236918926239013671875">
        <ele>351.600006103515625</ele>
        <time>2025-10-21T11:03:18.000Z</time>
        <extensions>
          <ns3:TrackPointExtension>
            <ns3:hr>110</ns3:hr>
            <ns3:cad>53</ns3:cad>
          </ns3:TrackPointExtension>
        </extensions>
      </trkpt>
      <trkpt lat="42.9323724098503589630126953125" lon="-8.818027675151824951171875">
        <ele>352</ele>
        <time>2025-10-21T11:03:21.000Z</time>
        <extensions>
          <ns3:TrackPointExtension>
            <ns3:hr>109</ns3:hr>
            <ns3:cad>54</ns3:cad>
          </ns3:TrackPointExtension>
        </extensions>
      </trkpt>
      <trkpt lat="42.93238054029643535614013671875" lon="-8.81810621358454227447509765625">
        <ele>352</ele>
        <time>2025-10-21T11:03:27.000Z</time>
        <extensions>
          <ns3:TrackPointExtension>
            <ns3:hr>106</ns3:hr>
            <ns3:cad>53</ns3:cad>
          </ns3:TrackPointExtension>
        </extensions>
      </trkpt>
      <trkpt lat="42.93237961828708648681640625" lon="-8.81813739426434040069580078125">
        <ele>352.20001220703125</ele>
        <time>2025-10-21T11:03:29.000Z</time>
        <extensions>
          <ns3:TrackPointExtension>
            <ns3:hr>103</ns3:hr>
            <ns3:cad>53</ns3:cad>
          </ns3:TrackPointExtension>
        </extensions>
      </trkpt>
      <trkpt lat="42.93236042372882366180419921875" lon="-8.81825088523328304290771484375">
        <ele>352.399993896484375</ele>
        <time>2025-10-21T11:03:36.000Z</time>
        <extensions>
          <ns3:TrackPointExtension>
            <ns3:hr>101</ns3:hr>
            <ns3:cad>55</ns3:cad>
          </ns3:TrackPointExtension>
        </extensions>
      </trkpt>
      <trkpt lat="42.93235606513917446136474609375" lon="-8.8183198682963848114013671875">
        <ele>352.399993896484375</ele>
        <time>2025-10-21T11:03:41.000Z</time>
        <extensions>
          <ns3:TrackPointExtension>
            <ns3:hr>98</ns3:hr>
            <ns3:cad>55</ns3:cad>
          </ns3:TrackPointExtension>
        </extensions>
      </trkpt>
      <trkpt lat="42.932349778711795806884765625" lon="-8.81834861822426319122314453125">
        <ele>353</ele>
        <time>2025-10-21T11:03:43.000Z</time>
        <extensions>
          <ns3:TrackPointExtension>
            <ns3:hr>97</ns3:hr>
            <ns3:cad>54</ns3:cad>
          </ns3:TrackPointExtension>
        </extensions>
      </trkpt>
      <trkpt lat="42.93232974596321582794189453125" lon="-8.81840846501290798187255859375">
        <ele>353.20001220703125</ele>
        <time>2025-10-21T11:03:47.000Z</time>
        <extensions>
          <ns3:TrackPointExtension>
            <ns3:hr>95</ns3:hr>
            <ns3:cad>54</ns3:cad>
          </ns3:TrackPointExtension>
        </extensions>
      </trkpt>
      <trkpt lat="42.93227635324001312255859375" lon="-8.8185257278382778167724609375">
        <ele>353</ele>
        <time>2025-10-21T11:03:56.000Z</time>
        <extensions>
          <ns3:TrackPointExtension>
            <ns3:hr>95</ns3:hr>
            <ns3:cad>53</ns3:cad>
          </ns3:TrackPointExtension>
        </extensions>
      </trkpt>
      <trkpt lat="42.93222136795520782470703125" lon="-8.81863578222692012786865234375">
        <ele>354.399993896484375</ele>
        <time>2025-10-21T11:04:05.000Z</time>
        <extensions>
          <ns3:TrackPointExtension>
            <ns3:hr>96</ns3:hr>
            <ns3:cad>51</ns3:cad>
          </ns3:TrackPointExtension>
        </extensions>
      </trkpt>
      <trkpt lat="42.93220284394919872283935546875" lon="-8.8186715729534626007080078125">
        <ele>354.79998779296875</ele>
        <time>2025-10-21T11:04:08.000Z</time>
        <extensions>
          <ns3:TrackPointExtension>
            <ns3:hr>96</ns3:hr>
            <ns3:cad>51</ns3:cad>
          </ns3:TrackPointExtension>
        </extensions>
      </trkpt>
      <trkpt lat="42.93216411955654621124267578125" lon="-8.81872303783893585205078125">
        <ele>354.399993896484375</ele>
        <time>2025-10-21T11:04:13.000Z</time>
        <extensions>
          <ns3:TrackPointExtension>
            <ns3:hr>99</ns3:hr>
            <ns3:cad>52</ns3:cad>
          </ns3:TrackPointExtension>
        </extensions>
      </trkpt>
      <trkpt lat="42.9321013391017913818359375" lon="-8.81881079636514186859130859375">
        <ele>354.399993896484375</ele>
        <time>2025-10-21T11:04:21.000Z</time>
        <extensions>
          <ns3:TrackPointExtension>
            <ns3:hr>100</ns3:hr>
            <ns3:cad>52</ns3:cad>
          </ns3:TrackPointExtension>
        </extensions>
      </trkpt>
      <trkpt lat="42.93207426555454730987548828125" lon="-8.818833343684673309326171875">
        <ele>356</ele>
        <time>2025-10-21T11:04:24.000Z</time>
        <extensions>
          <ns3:TrackPointExtension>
            <ns3:hr>100</ns3:hr>
            <ns3:cad>52</ns3:cad>
          </ns3:TrackPointExtension>
        </extensions>
      </trkpt>
      <trkpt lat="42.93202045373618602752685546875" lon="-8.818917833268642425537109375">
        <ele>356</ele>
        <time>2025-10-21T11:04:31.000Z</time>
        <extensions>
          <ns3:TrackPointExtension>
            <ns3:hr>102</ns3:hr>
            <ns3:cad>53</ns3:cad>
          </ns3:TrackPointExtension>
        </extensions>
      </trkpt>
      <trkpt lat="42.93193579651415348052978515625" lon="-8.819041214883327484130859375">
        <ele>356.399993896484375</ele>
        <time>2025-10-21T11:04:43.000Z</time>
        <extensions>
          <ns3:TrackPointExtension>
            <ns3:hr>101</ns3:hr>
            <ns3:cad>53</ns3:cad>
          </ns3:TrackPointExtension>
        </extensions>
      </trkpt>
      <trkpt lat="42.93192422948777675628662109375" lon="-8.8190668635070323944091796875">
        <ele>357.399993896484375</ele>
        <time>2025-10-21T11:04:49.000Z</time>
        <extensions>
          <ns3:TrackPointExtension>
            <ns3:hr>101</ns3:hr>
            <ns3:cad>0</ns3:cad>
          </ns3:TrackPointExtension>
        </extensions>
      </trkpt>
      <trkpt lat="42.93190159834921360015869140625" lon="-8.8190858066082000732421875">
        <ele>357.79998779296875</ele>
        <time>2025-10-21T11:05:02.000Z</time>
        <extensions>
          <ns3:TrackPointExtension>
            <ns3:hr>101</ns3:hr>
            <ns3:cad>0</ns3:cad>
          </ns3:TrackPointExtension>
        </extensions>
      </trkpt>
      <trkpt lat="42.931825406849384307861328125" lon="-8.8191744871437549591064453125">
        <ele>357.399993896484375</ele>
        <time>2025-10-21T11:05:13.000Z</time>
        <extensions>
          <ns3:TrackPointExtension>
            <ns3:hr>103</ns3:hr>
            <ns3:cad>52</ns3:cad>
          </ns3:TrackPointExtension>
        </extensions>
      </trkpt>
      <trkpt lat="42.93175575323402881622314453125" lon="-8.81926626898348331451416015625">
        <ele>358</ele>
        <time>2025-10-21T11:05:22.000Z</time>
        <extensions>
          <ns3:TrackPointExtension>
            <ns3:hr>100</ns3:hr>
            <ns3:cad>55</ns3:cad>
          </ns3:TrackPointExtension>
        </extensions>
      </trkpt>
      <trkpt lat="42.9317055456340312957763671875" lon="-8.819336593151092529296875">
        <ele>358.399993896484375</ele>
        <time>2025-10-21T11:05:28.000Z</time>
        <extensions>
          <ns3:TrackPointExtension>
            <ns3:hr>97</ns3:hr>
            <ns3:cad>55</ns3:cad>
          </ns3:TrackPointExtension>
        </extensions>
      </trkpt>
      <trkpt lat="42.93169775046408176422119140625" lon="-8.819347321987152099609375">
        <ele>358.399993896484375</ele>
        <time>2025-10-21T11:05:29.000Z</time>
        <extensions>
          <ns3:TrackPointExtension>
            <ns3:hr>97</ns3:hr>
            <ns3:cad>55</ns3:cad>
          </ns3:TrackPointExtension>
        </extensions>
      </trkpt>
      <trkpt lat="42.93165299110114574432373046875" lon="-8.819424100220203399658203125">
        <ele>358.79998779296875</ele>
        <time>2025-10-21T11:05:35.000Z</time>
        <extensions>
          <ns3:TrackPointExtension>
            <ns3:hr>96</ns3:hr>
            <ns3:cad>55</ns3:cad>
          </ns3:TrackPointExtension>
        </extensions>
      </trkpt>
      <trkpt lat="42.93156422674655914306640625" lon="-8.8195369206368923187255859375">
        <ele>358.79998779296875</ele>
        <time>2025-10-21T11:05:46.000Z</time>
        <extensions>
          <ns3:TrackPointExtension>
            <ns3:hr>95</ns3:hr>
            <ns3:cad>55</ns3:cad>
          </ns3:TrackPointExtension>
        </extensions>
      </trkpt>
      <trkpt lat="42.93147663585841655731201171875" lon="-8.81966575048863887786865234375">
        <ele>359</ele>
        <time>2025-10-21T11:05:58.000Z</time>
        <extensions>
          <ns3:TrackPointExtension>
            <ns3:hr>93</ns3:hr>
            <ns3:cad>54</ns3:cad>
          </ns3:TrackPointExtension>
        </extensions>
      </trkpt>
      <trkpt lat="42.93141745962202548980712890625" lon="-8.8197471387684345245361328125">
        <ele>359.600006103515625</ele>
        <time>2025-10-21T11:06:05.000Z</time>
        <extensions>
          <ns3:TrackPointExtension>
            <ns3:hr>93</ns3:hr>
            <ns3:cad>54</ns3:cad>
          </ns3:TrackPointExtension>
        </extensions>
      </trkpt>
      <trkpt lat="42.93140999972820281982421875" lon="-8.819759376347064971923828125">
        <ele>359.600006103515625</ele>
        <time>2025-10-21T11:06:06.000Z</time>
        <extensions>
          <ns3:TrackPointExtension>
            <ns3:hr>93</ns3:hr>
            <ns3:cad>55</ns3:cad>
          </ns3:TrackPointExtension>
        </extensions>
      </trkpt>
      <trkpt lat="42.9313307069242000579833984375" lon="-8.8198658265173435211181640625">
        <ele>360</ele>
        <time>2025-10-21T11:06:16.000Z</time>
        <extensions>
          <ns3:TrackPointExtension>
            <ns3:hr>93</ns3:hr>
            <ns3:cad>55</ns3:cad>
          </ns3:TrackPointExtension>
        </extensions>
      </trkpt>
      <trkpt lat="42.9312887974083423614501953125" lon="-8.81992324255406856536865234375">
        <ele>360.600006103515625</ele>
        <time>2025-10-21T11:06:21.000Z</time>
        <extensions>
          <ns3:TrackPointExtension>
            <ns3:hr>94</ns3:hr>
            <ns3:cad>55</ns3:cad>
          </ns3:TrackPointExtension>
        </extensions>
      </trkpt>
      <trkpt lat="42.93123607523739337921142578125" lon="-8.82000337354838848114013671875">
        <ele>361.399993896484375</ele>
        <time>2025-10-21T11:06:28.000Z</time>
        <extensions>
          <ns3:TrackPointExtension>
            <ns3:hr>97</ns3:hr>
            <ns3:cad>55</ns3:cad>
          </ns3:TrackPointExtension>
        </extensions>
      </trkpt>
      <trkpt lat="42.93122266419231891632080078125" lon="-8.82002701051533222198486328125">
        <ele>361.399993896484375</ele>
        <time>2025-10-21T11:06:30.000Z</time>
        <extensions>
          <ns3:TrackPointExtension>
            <ns3:hr>98</ns3:hr>
            <ns3:cad>55</ns3:cad>
          </ns3:TrackPointExtension>
        </extensions>
      </trkpt>
      <trkpt lat="42.93116114102303981781005859375" lon="-8.82016363553702831268310546875">
        <ele>360.399993896484375</ele>
        <time>2025-10-21T11:06:40.000Z</time>
        <extensions>
          <ns3:TrackPointExtension>
            <ns3:hr>100</ns3:hr>
            <ns3:cad>55</ns3:cad>
          </ns3:TrackPointExtension>
        </extensions>
      </trkpt>
      <trkpt lat="42.93117103166878223419189453125" lon="-8.820250220596790313720703125">
        <ele>360.600006103515625</ele>
        <time>2025-10-21T11:06:47.000Z</time>
        <extensions>
          <ns3:TrackPointExtension>
            <ns3:hr>98</ns3:hr>
            <ns3:cad>53</ns3:cad>
          </ns3:TrackPointExtension>
        </extensions>
      </trkpt>
      <trkpt lat="42.9311974346637725830078125" lon="-8.8203382305800914764404296875">
        <ele>361</ele>
        <time>2025-10-21T11:06:55.000Z</time>
        <extensions>
          <ns3:TrackPointExtension>
            <ns3:hr>98</ns3:hr>
            <ns3:cad>54</ns3:cad>
          </ns3:TrackPointExtension>
        </extensions>
      </trkpt>
      <trkpt lat="42.93120749294757843017578125" lon="-8.82037435658276081085205078125">
        <ele>361.600006103515625</ele>
        <time>2025-10-21T11:06:59.000Z</time>
        <extensions>
          <ns3:TrackPointExtension>
            <ns3:hr>98</ns3:hr>
            <ns3:cad>51</ns3:cad>
          </ns3:TrackPointExtension>
        </extensions>
      </trkpt>
      <trkpt lat="42.9312505759298801422119140625" lon="-8.82046571932733058929443359375">
        <ele>362</ele>
        <time>2025-10-21T11:07:06.000Z</time>
        <extensions>
          <ns3:TrackPointExtension>
            <ns3:hr>98</ns3:hr>
            <ns3:cad>51</ns3:cad>
          </ns3:TrackPointExtension>
        </extensions>
      </trkpt>
      <trkpt lat="42.9312928207218647003173828125" lon="-8.8205873407423496246337890625">
        <ele>362.20001220703125</ele>
        <time>2025-10-21T11:07:15.000Z</time>
        <extensions>
          <ns3:TrackPointExtension>
            <ns3:hr>96</ns3:hr>
            <ns3:cad>52</ns3:cad>
          </ns3:TrackPointExtension>
        </extensions>
      </trkpt>
      <trkpt lat="42.931327521800994873046875" lon="-8.8206614367663860321044921875">
        <ele>363.20001220703125</ele>
        <time>2025-10-21T11:07:21.000Z</time>
        <extensions>
          <ns3:TrackPointExtension>
            <ns3:hr>96</ns3:hr>
            <ns3:cad>49</ns3:cad>
          </ns3:TrackPointExtension>
        </extensions>
      </trkpt>
      <trkpt lat="42.9313343949615955352783203125" lon="-8.82067141123116016387939453125">
        <ele>363.399993896484375</ele>
        <time>2025-10-21T11:07:22.000Z</time>
        <extensions>
          <ns3:TrackPointExtension>
            <ns3:hr>96</ns3:hr>
            <ns3:cad>49</ns3:cad>
          </ns3:TrackPointExtension>
        </extensions>
      </trkpt>
      <trkpt lat="42.931390888988971710205078125" lon="-8.8207586668431758880615234375">
        <ele>363.79998779296875</ele>
        <time>2025-10-21T11:07:31.000Z</time>
        <extensions>
          <ns3:TrackPointExtension>
            <ns3:hr>99</ns3:hr>
            <ns3:cad>50</ns3:cad>
          </ns3:TrackPointExtension>
        </extensions>
      </trkpt>
      <trkpt lat="42.93146825395524501800537109375" lon="-8.8208485208451747894287109375">
        <ele>364.20001220703125</ele>
        <time>2025-10-21T11:07:40.000Z</time>
        <extensions>
          <ns3:TrackPointExtension>
            <ns3:hr>99</ns3:hr>
            <ns3:cad>49</ns3:cad>
          </ns3:TrackPointExtension>
        </extensions>
      </trkpt>
      <trkpt lat="42.931512258946895599365234375" lon="-8.82090392522513866424560546875">
        <ele>365.20001220703125</ele>
        <time>2025-10-21T11:07:46.000Z</time>
        <extensions>
          <ns3:TrackPointExtension>
            <ns3:hr>100</ns3:hr>
            <ns3:cad>51</ns3:cad>
          </ns3:TrackPointExtension>
        </extensions>
      </trkpt>
      <trkpt lat="42.93151871301233768463134765625" lon="-8.8209122233092784881591796875">
        <ele>365.399993896484375</ele>
        <time>2025-10-21T11:07:47.000Z</time>
        <extensions>
          <ns3:TrackPointExtension>
            <ns3:hr>100</ns3:hr>
            <ns3:cad>51</ns3:cad>
          </ns3:TrackPointExtension>
        </extensions>
      </trkpt>
      <trkpt lat="42.93155643157660961151123046875" lon="-8.820961676537990570068359375">
        <ele>366.399993896484375</ele>
        <time>2025-10-21T11:07:52.000Z</time>
        <extensions>
          <ns3:TrackPointExtension>
            <ns3:hr>103</ns3:hr>
            <ns3:cad>51</ns3:cad>
          </ns3:TrackPointExtension>
        </extensions>
      </trkpt>
      <trkpt lat="42.931582666933536529541015625" lon="-8.82100031711161136627197265625">
        <ele>366.79998779296875</ele>
        <time>2025-10-21T11:07:56.000Z</time>
        <extensions>
          <ns3:TrackPointExtension>
            <ns3:hr>105</ns3:hr>
            <ns3:cad>48</ns3:cad>
          </ns3:TrackPointExtension>
        </extensions>
      </trkpt>
      <trkpt lat="42.9316200502216815948486328125" lon="-8.8210614211857318878173828125">
        <ele>367</ele>
        <time>2025-10-21T11:08:02.000Z</time>
        <extensions>
          <ns3:TrackPointExtension>
            <ns3:hr>108</ns3:hr>
            <ns3:cad>48</ns3:cad>
          </ns3:TrackPointExtension>
        </extensions>
      </trkpt>
      <trkpt lat="42.9316428489983081817626953125" lon="-8.82109687663614749908447265625">
        <ele>367.600006103515625</ele>
        <time>2025-10-21T11:08:05.000Z</time>
        <extensions>
          <ns3:TrackPointExtension>
            <ns3:hr>108</ns3:hr>
            <ns3:cad>47</ns3:cad>
          </ns3:TrackPointExtension>
        </extensions>
      </trkpt>
      <trkpt lat="42.9316936433315277099609375" lon="-8.8211542926728725433349609375">
        <ele>368.20001220703125</ele>
        <time>2025-10-21T11:08:11.000Z</time>
        <extensions>
          <ns3:TrackPointExtension>
            <ns3:hr>111</ns3:hr>
            <ns3:cad>49</ns3:cad>
          </ns3:TrackPointExtension>
        </extensions>
      </trkpt>
      <trkpt lat="42.93171619065105915069580078125" lon="-8.82117918692529201507568359375">
        <ele>368</ele>
        <time>2025-10-21T11:08:14.000Z</time>
        <extensions>
          <ns3:TrackPointExtension>
            <ns3:hr>111</ns3:hr>
            <ns3:cad>51</ns3:cad>
          </ns3:TrackPointExtension>
        </extensions>
      </trkpt>
      <trkpt lat="42.9317700862884521484375" lon="-8.821238614618778228759765625">
        <ele>368.600006103515625</ele>
        <time>2025-10-21T11:08:20.000Z</time>
        <extensions>
          <ns3:TrackPointExtension>
            <ns3:hr>113</ns3:hr>
            <ns3:cad>0</ns3:cad>
          </ns3:TrackPointExtension>
        </extensions>
      </trkpt>
      <trkpt lat="42.9317826591432094573974609375" lon="-8.82126049138605594635009765625">
        <ele>368.79998779296875</ele>
        <time>2025-10-21T11:08:22.000Z</time>
        <extensions>
          <ns3:TrackPointExtension>
            <ns3:hr>113</ns3:hr>
            <ns3:cad>0</ns3:cad>
          </ns3:TrackPointExtension>
        </extensions>
      </trkpt>
      <trkpt lat="42.9318403266370296478271484375" lon="-8.82134699262678623199462890625">
        <ele>369.20001220703125</ele>
        <time>2025-10-21T11:08:30.000Z</time>
        <extensions>
          <ns3:TrackPointExtension>
            <ns3:hr>114</ns3:hr>
            <ns3:cad>49</ns3:cad>
          </ns3:TrackPointExtension>
        </extensions>
      </trkpt>
      <trkpt lat="42.93190713040530681610107421875" lon="-8.821426369249820709228515625">
        <ele>369.79998779296875</ele>
        <time>2025-10-21T11:08:39.000Z</time>
        <extensions>
          <ns3:TrackPointExtension>
            <ns3:hr>113</ns3:hr>
            <ns3:cad>0</ns3:cad>
          </ns3:TrackPointExtension>
        </extensions>
      </trkpt>
      <trkpt lat="42.9319699108600616455078125" lon="-8.82149040699005126953125">
        <ele>370.20001220703125</ele>
        <time>2025-10-21T11:08:47.000Z</time>
        <extensions>
          <ns3:TrackPointExtension>
            <ns3:hr>113</ns3:hr>
            <ns3:cad>48</ns3:cad>
          </ns3:TrackPointExtension>
        </extensions>
      </trkpt>
      <trkpt lat="42.9319767840206623077392578125" lon="-8.82148462347686290740966796875">
        <ele>370.79998779296875</ele>
        <time>2025-10-21T11:08:49.000Z</time>
        <extensions>
          <ns3:TrackPointExtension>
            <ns3:hr>113</ns3:hr>
            <ns3:cad>0</ns3:cad>
          </ns3:TrackPointExtension>
        </extensions>
      </trkpt>
      <trkpt lat="42.9319878481328487396240234375" lon="-8.8214808516204357147216796875">
        <ele>371.399993896484375</ele>
        <time>2025-10-21T11:08:54.000Z</time>
        <extensions>
          <ns3:TrackPointExtension>
            <ns3:hr>112</ns3:hr>
            <ns3:cad>0</ns3:cad>
          </ns3:TrackPointExtension>
        </extensions>
      </trkpt>
      <trkpt lat="42.93199195526540279388427734375" lon="-8.8214842043817043304443359375">
        <ele>371.20001220703125</ele>
        <time>2025-10-21T11:09:02.000Z</time>
        <extensions>
          <ns3:TrackPointExtension>
            <ns3:hr>109</ns3:hr>
            <ns3:cad>0</ns3:cad>
          </ns3:TrackPointExtension>
        </extensions>
      </trkpt>
      <trkpt lat="42.9319878481328487396240234375" lon="-8.82148998789489269256591796875">
        <ele>371.20001220703125</ele>
        <time>2025-10-21T11:09:06.000Z</time>
        <extensions>
          <ns3:TrackPointExtension>
            <ns3:hr>108</ns3:hr>
            <ns3:cad>0</ns3:cad>
          </ns3:TrackPointExtension>
        </extensions>
      </trkpt>
      <trkpt lat="42.93197636492550373077392578125" lon="-8.8215046562254428863525390625">
        <ele>371.399993896484375</ele>
        <time>2025-10-21T11:09:19.000Z</time>
        <extensions>
          <ns3:TrackPointExtension>
            <ns3:hr>111</ns3:hr>
            <ns3:cad>0</ns3:cad>
          </ns3:TrackPointExtension>
        </extensions>
      </trkpt>
      <trkpt lat="42.9320032708346843719482421875" lon="-8.821552097797393798828125">
        <ele>371.399993896484375</ele>
        <time>2025-10-21T11:09:26.000Z</time>
        <extensions>
          <ns3:TrackPointExtension>
            <ns3:hr>112</ns3:hr>
            <ns3:cad>41</ns3:cad>
          </ns3:TrackPointExtension>
        </extensions>
      </trkpt>
      <trkpt lat="42.93203294277191162109375" lon="-8.82159300148487091064453125">
        <ele>372</ele>
        <time>2025-10-21T11:09:30.000Z</time>
        <extensions>
          <ns3:TrackPointExtension>
            <ns3:hr>113</ns3:hr>
            <ns3:cad>0</ns3:cad>
          </ns3:TrackPointExtension>
        </extensions>
      </trkpt>
      <trkpt lat="42.93205901049077510833740234375" lon="-8.8216283731162548065185546875">
        <ele>372.20001220703125</ele>
        <time>2025-10-21T11:09:34.000Z</time>
        <extensions>
          <ns3:TrackPointExtension>
            <ns3:hr>112</ns3:hr>
            <ns3:cad>47</ns3:cad>
          </ns3:TrackPointExtension>
        </extensions>
      </trkpt>
      <trkpt lat="42.93211667798459529876708984375" lon="-8.8217041455209255218505859375">
        <ele>372.600006103515625</ele>
        <time>2025-10-21T11:09:42.000Z</time>
        <extensions>
          <ns3:TrackPointExtension>
            <ns3:hr>113</ns3:hr>
            <ns3:cad>49</ns3:cad>
          </ns3:TrackPointExtension>
        </extensions>
      </trkpt>
      <trkpt lat="42.93217518366873264312744140625" lon="-8.8218013755977153778076171875">
        <ele>373</ele>
        <time>2025-10-21T11:09:51.000Z</time>
        <extensions>
          <ns3:TrackPointExtension>
            <ns3:hr>113</ns3:hr>
            <ns3:cad>0</ns3:cad>
          </ns3:TrackPointExtension>
        </extensions>
      </trkpt>
      <trkpt lat="42.9321843199431896209716796875" lon="-8.82181503809988498687744140625">
        <ele>373</ele>
        <time>2025-10-21T11:09:52.000Z</time>
        <extensions>
          <ns3:TrackPointExtension>
            <ns3:hr>113</ns3:hr>
            <ns3:cad>51</ns3:cad>
          </ns3:TrackPointExtension>
        </extensions>
      </trkpt>
      <trkpt lat="42.93222581036388874053955078125" lon="-8.82188175804913043975830078125">
        <ele>373.600006103515625</ele>
        <time>2025-10-21T11:09:58.000Z</time>
        <extensions>
          <ns3:TrackPointExtension>
            <ns3:hr>116</ns3:hr>
            <ns3:cad>50</ns3:cad>
          </ns3:TrackPointExtension>
        </extensions>
      </trkpt>
      <trkpt lat="42.93226872570812702178955078125" lon="-8.8219584524631500244140625">
        <ele>373.79998779296875</ele>
        <time>2025-10-21T11:10:05.000Z</time>
        <extensions>
          <ns3:TrackPointExtension>
            <ns3:hr>118</ns3:hr>
            <ns3:cad>50</ns3:cad>
          </ns3:TrackPointExtension>
        </extensions>
      </trkpt>
      <trkpt lat="42.93227476067841053009033203125" lon="-8.82197144441306591033935546875">
        <ele>374</ele>
        <time>2025-10-21T11:10:06.000Z</time>
        <extensions>
          <ns3:TrackPointExtension>
            <ns3:hr>118</ns3:hr>
            <ns3:cad>50</ns3:cad>
          </ns3:TrackPointExtension>
        </extensions>
      </trkpt>
      <trkpt lat="42.9323197714984416961669921875" lon="-8.822045288980007171630859375">
        <ele>375</ele>
        <time>2025-10-21T11:10:13.000Z</time>
        <extensions>
          <ns3:TrackPointExtension>
            <ns3:hr>119</ns3:hr>
            <ns3:cad>50</ns3:cad>
          </ns3:TrackPointExtension>
        </extensions>
      </trkpt>
      <trkpt lat="42.9323315061628818511962890625" lon="-8.822068087756633758544921875">
        <ele>375</ele>
        <time>2025-10-21T11:10:15.000Z</time>
        <extensions>
          <ns3:TrackPointExtension>
            <ns3:hr>119</ns3:hr>
            <ns3:cad>50</ns3:cad>
          </ns3:TrackPointExtension>
        </extensions>
      </trkpt>
      <trkpt lat="42.932372577488422393798828125" lon="-8.82213472388684749603271484375">
        <ele>375.20001220703125</ele>
        <time>2025-10-21T11:10:21.000Z</time>
        <extensions>
          <ns3:TrackPointExtension>
            <ns3:hr>120</ns3:hr>
            <ns3:cad>50</ns3:cad>
          </ns3:TrackPointExtension>
        </extensions>
      </trkpt>
      <trkpt lat="42.93241943232715129852294921875" lon="-8.822214268147945404052734375">
        <ele>376.20001220703125</ele>
        <time>2025-10-21T11:10:28.000Z</time>
        <extensions>
          <ns3:TrackPointExtension>
            <ns3:hr>118</ns3:hr>
            <ns3:cad>50</ns3:cad>
          </ns3:TrackPointExtension>
        </extensions>
      </trkpt>
      <trkpt lat="42.9324347712099552154541015625" lon="-8.82224217988550662994384765625">
        <ele>376.20001220703125</ele>
        <time>2025-10-21T11:10:30.000Z</time>
        <extensions>
          <ns3:TrackPointExtension>
            <ns3:hr>119</ns3:hr>
            <ns3:cad>51</ns3:cad>
          </ns3:TrackPointExtension>
        </extensions>
      </trkpt>
      <trkpt lat="42.93247408233582973480224609375" lon="-8.8223284296691417694091796875">
        <ele>375.399993896484375</ele>
        <time>2025-10-21T11:10:37.000Z</time>
        <extensions>
          <ns3:TrackPointExtension>
            <ns3:hr>118</ns3:hr>
            <ns3:cad>53</ns3:cad>
          </ns3:TrackPointExtension>
        </extensions>
      </trkpt>
      <trkpt lat="42.932507358491420745849609375" lon="-8.82238157093524932861328125">
        <ele>375</ele>
        <time>2025-10-21T11:10:41.000Z</time>
        <extensions>
          <ns3:TrackPointExtension>
            <ns3:hr>117</ns3:hr>
            <ns3:cad>54</ns3:cad>
          </ns3:TrackPointExtension>
        </extensions>
      </trkpt>
      <trkpt lat="42.9325199313461780548095703125" lon="-8.82241669110953807830810546875">
        <ele>375</ele>
        <time>2025-10-21T11:10:44.000Z</time>
        <extensions>
          <ns3:TrackPointExtension>
            <ns3:hr>116</ns3:hr>
            <ns3:cad>54</ns3:cad>
          </ns3:TrackPointExtension>
        </extensions>
      </trkpt>
      <trkpt lat="42.9325796104967594146728515625" lon="-8.8225255720317363739013671875">
        <ele>375.600006103515625</ele>
        <time>2025-10-21T11:10:52.000Z</time>
        <extensions>
          <ns3:TrackPointExtension>
            <ns3:hr>116</ns3:hr>
            <ns3:cad>55</ns3:cad>
          </ns3:TrackPointExtension>
        </extensions>
      </trkpt>
      <trkpt lat="42.932607941329479217529296875" lon="-8.8225798867642879486083984375">
        <ele>375.600006103515625</ele>
        <time>2025-10-21T11:10:56.000Z</time>
        <extensions>
          <ns3:TrackPointExtension>
            <ns3:hr>108</ns3:hr>
            <ns3:cad>56</ns3:cad>
          </ns3:TrackPointExtension>
        </extensions>
      </trkpt>
      <trkpt lat="42.9326134733855724334716796875" lon="-8.822593800723552703857421875">
        <ele>375.79998779296875</ele>
        <time>2025-10-21T11:10:57.000Z</time>
        <extensions>
          <ns3:TrackPointExtension>
            <ns3:hr>99</ns3:hr>
            <ns3:cad>56</ns3:cad>
          </ns3:TrackPointExtension>
        </extensions>
      </trkpt>
      <trkpt lat="42.93261825107038021087646484375" lon="-8.82260779850184917449951171875">
        <ele>375.79998779296875</ele>
        <time>2025-10-21T11:10:58.000Z</time>
        <extensions>
          <ns3:TrackPointExtension>
            <ns3:hr>95</ns3:hr>
            <ns3:cad>56</ns3:cad>
          </ns3:TrackPointExtension>
        </extensions>
      </trkpt>
      <trkpt lat="42.932623364031314849853515625" lon="-8.82261953316628932952880859375">
        <ele>375.79998779296875</ele>
        <time>2025-10-21T11:10:59.000Z</time>
        <extensions>
          <ns3:TrackPointExtension>
            <ns3:hr>95</ns3:hr>
            <ns3:cad>55</ns3:cad>
          </ns3:TrackPointExtension>
        </extensions>
      </trkpt>
      <trkpt lat="42.93262897990643978118896484375" lon="-8.8226305134594440460205078125">
        <ele>375.79998779296875</ele>
        <time>2025-10-21T11:11:00.000Z</time>
        <extensions>
          <ns3:TrackPointExtension>
            <ns3:hr>95</ns3:hr>
            <ns3:cad>55</ns3:cad>
          </ns3:TrackPointExtension>
        </extensions>
      </trkpt>
      <trkpt lat="42.93269771151244640350341796875" lon="-8.82276856340467929840087890625">
        <ele>375.399993896484375</ele>
        <time>2025-10-21T11:11:10.000Z</time>
        <extensions>
          <ns3:TrackPointExtension>
            <ns3:hr>96</ns3:hr>
            <ns3:cad>55</ns3:cad>
          </ns3:TrackPointExtension>
        </extensions>
      </trkpt>
      <trkpt lat="42.932725958526134490966796875" lon="-8.82284919731318950653076171875">
        <ele>375.399993896484375</ele>
        <time>2025-10-21T11:11:16.000Z</time>
        <extensions>
          <ns3:TrackPointExtension>
            <ns3:hr>98</ns3:hr>
            <ns3:cad>55</ns3:cad>
          </ns3:TrackPointExtension>
        </extensions>
      </trkpt>
      <trkpt lat="42.93275915086269378662109375" lon="-8.822968304157257080078125">
        <ele>375.600006103515625</ele>
        <time>2025-10-21T11:11:24.000Z</time>
        <extensions>
          <ns3:TrackPointExtension>
            <ns3:hr>98</ns3:hr>
            <ns3:cad>55</ns3:cad>
          </ns3:TrackPointExtension>
        </extensions>
      </trkpt>
      <trkpt lat="42.93278396129608154296875" lon="-8.82310585118830204010009765625">
        <ele>375.399993896484375</ele>
        <time>2025-10-21T11:11:33.000Z</time>
        <extensions>
          <ns3:TrackPointExtension>
            <ns3:hr>97</ns3:hr>
            <ns3:cad>54</ns3:cad>
          </ns3:TrackPointExtension>
        </extensions>
      </trkpt>
      <trkpt lat="42.9327960312366485595703125" lon="-8.8232244551181793212890625">
        <ele>375.20001220703125</ele>
        <time>2025-10-21T11:11:41.000Z</time>
        <extensions>
          <ns3:TrackPointExtension>
            <ns3:hr>96</ns3:hr>
            <ns3:cad>54</ns3:cad>
          </ns3:TrackPointExtension>
        </extensions>
      </trkpt>
      <trkpt lat="42.9328109510242938995361328125" lon="-8.82335999049246311187744140625">
        <ele>375</ele>
        <time>2025-10-21T11:11:49.000Z</time>
        <extensions>
          <ns3:TrackPointExtension>
            <ns3:hr>97</ns3:hr>
            <ns3:cad>55</ns3:cad>
          </ns3:TrackPointExtension>
        </extensions>
      </trkpt>
      <trkpt lat="42.93283266015350818634033203125" lon="-8.8234599865972995758056640625">
        <ele>375.20001220703125</ele>
        <time>2025-10-21T11:11:56.000Z</time>
        <extensions>
          <ns3:TrackPointExtension>
            <ns3:hr>97</ns3:hr>
            <ns3:cad>55</ns3:cad>
          </ns3:TrackPointExtension>
        </extensions>
      </trkpt>
      <trkpt lat="42.93286954052746295928955078125" lon="-8.82358781062066555023193359375">
        <ele>375.79998779296875</ele>
        <time>2025-10-21T11:12:05.000Z</time>
        <extensions>
          <ns3:TrackPointExtension>
            <ns3:hr>98</ns3:hr>
            <ns3:cad>55</ns3:cad>
          </ns3:TrackPointExtension>
        </extensions>
      </trkpt>
      <trkpt lat="42.93289099819958209991455078125" lon="-8.8236413709819316864013671875">
        <ele>376</ele>
        <time>2025-10-21T11:12:09.000Z</time>
        <extensions>
          <ns3:TrackPointExtension>
            <ns3:hr>97</ns3:hr>
            <ns3:cad>53</ns3:cad>
          </ns3:TrackPointExtension>
        </extensions>
      </trkpt>
      <trkpt lat="42.93290876783430576324462890625" lon="-8.82371538318693637847900390625">
        <ele>375.399993896484375</ele>
        <time>2025-10-21T11:12:14.000Z</time>
        <extensions>
          <ns3:TrackPointExtension>
            <ns3:hr>96</ns3:hr>
            <ns3:cad>55</ns3:cad>
          </ns3:TrackPointExtension>
        </extensions>
      </trkpt>
      <trkpt lat="42.93294900096952915191650390625" lon="-8.8238361664116382598876953125">
        <ele>375.20001220703125</ele>
        <time>2025-10-21T11:12:22.000Z</time>
        <extensions>
          <ns3:TrackPointExtension>
            <ns3:hr>96</ns3:hr>
            <ns3:cad>54</ns3:cad>
          </ns3:TrackPointExtension>
        </extensions>
      </trkpt>
      <trkpt lat="42.93296593241393566131591796875" lon="-8.823900036513805389404296875">
        <ele>375</ele>
        <time>2025-10-21T11:12:27.000Z</time>
        <extensions>
          <ns3:TrackPointExtension>
            <ns3:hr>95</ns3:hr>
            <ns3:cad>55</ns3:cad>
          </ns3:TrackPointExtension>
        </extensions>
      </trkpt>
      <trkpt lat="42.9329782538115978240966796875" lon="-8.82393297739326953887939453125">
        <ele>374.79998779296875</ele>
        <time>2025-10-21T11:12:29.000Z</time>
        <extensions>
          <ns3:TrackPointExtension>
            <ns3:hr>95</ns3:hr>
            <ns3:cad>55</ns3:cad>
          </ns3:TrackPointExtension>
        </extensions>
      </trkpt>
      <trkpt lat="42.93303399346768856048583984375" lon="-8.824046216905117034912109375">
        <ele>375.20001220703125</ele>
        <time>2025-10-21T11:12:37.000Z</time>
        <extensions>
          <ns3:TrackPointExtension>
            <ns3:hr>95</ns3:hr>
            <ns3:cad>57</ns3:cad>
          </ns3:TrackPointExtension>
        </extensions>
      </trkpt>
      <trkpt lat="42.9330754838883876800537109375" lon="-8.8241848535835742950439453125">
        <ele>375</ele>
        <time>2025-10-21T11:12:46.000Z</time>
        <extensions>
          <ns3:TrackPointExtension>
            <ns3:hr>93</ns3:hr>
            <ns3:cad>56</ns3:cad>
          </ns3:TrackPointExtension>
        </extensions>
      </trkpt>
      <trkpt lat="42.93307296931743621826171875" lon="-8.82431007921695709228515625">
        <ele>374.79998779296875</ele>
        <time>2025-10-21T11:12:54.000Z</time>
        <extensions>
          <ns3:TrackPointExtension>
            <ns3:hr>92</ns3:hr>
            <ns3:cad>54</ns3:cad>
          </ns3:TrackPointExtension>
        </extensions>
      </trkpt>
      <trkpt lat="42.93306626379489898681640625" lon="-8.82436699233949184417724609375">
        <ele>373.79998779296875</ele>
        <time>2025-10-21T11:12:58.000Z</time>
        <extensions>
          <ns3:TrackPointExtension>
            <ns3:hr>92</ns3:hr>
            <ns3:cad>57</ns3:cad>
          </ns3:TrackPointExtension>
        </extensions>
      </trkpt>
      <trkpt lat="42.93305193074047565460205078125" lon="-8.82445198483765125274658203125">
        <ele>373.399993896484375</ele>
        <time>2025-10-21T11:13:04.000Z</time>
        <extensions>
          <ns3:TrackPointExtension>
            <ns3:hr>91</ns3:hr>
            <ns3:cad>55</ns3:cad>
          </ns3:TrackPointExtension>
        </extensions>
      </trkpt>
      <trkpt lat="42.9330127872526645660400390625" lon="-8.82454686798155307769775390625">
        <ele>373.399993896484375</ele>
        <time>2025-10-21T11:13:11.000Z</time>
        <extensions>
          <ns3:TrackPointExtension>
            <ns3:hr>91</ns3:hr>
            <ns3:cad>56</ns3:cad>
          </ns3:TrackPointExtension>
        </extensions>
      </trkpt>
      <trkpt lat="42.9329864680767059326171875" lon="-8.8246311061084270477294921875">
        <ele>372.79998779296875</ele>
        <time>2025-10-21T11:13:17.000Z</time>
        <extensions>
          <ns3:TrackPointExtension>
            <ns3:hr>91</ns3:hr>
            <ns3:cad>54</ns3:cad>
          </ns3:TrackPointExtension>
        </extensions>
      </trkpt>
      <trkpt lat="42.93297666124999523162841796875" lon="-8.8246703334152698516845703125">
        <ele>372.20001220703125</ele>
        <time>2025-10-21T11:13:20.000Z</time>
        <extensions>
          <ns3:TrackPointExtension>
            <ns3:hr>90</ns3:hr>
            <ns3:cad>54</ns3:cad>
          </ns3:TrackPointExtension>
        </extensions>
      </trkpt>
      <trkpt lat="42.9329685308039188385009765625" lon="-8.82469958625733852386474609375">
        <ele>371.79998779296875</ele>
        <time>2025-10-21T11:13:22.000Z</time>
        <extensions>
          <ns3:TrackPointExtension>
            <ns3:hr>90</ns3:hr>
            <ns3:cad>54</ns3:cad>
          </ns3:TrackPointExtension>
        </extensions>
      </trkpt>
      <trkpt lat="42.9329502582550048828125" lon="-8.8248155079782009124755859375">
        <ele>370.79998779296875</ele>
        <time>2025-10-21T11:13:30.000Z</time>
        <extensions>
          <ns3:TrackPointExtension>
            <ns3:hr>91</ns3:hr>
            <ns3:cad>55</ns3:cad>
          </ns3:TrackPointExtension>
        </extensions>
      </trkpt>
      <trkpt lat="42.93295034207403659820556640625" lon="-8.8248285837471485137939453125">
        <ele>370.600006103515625</ele>
        <time>2025-10-21T11:13:31.000Z</time>
        <extensions>
          <ns3:TrackPointExtension>
            <ns3:hr>90</ns3:hr>
            <ns3:cad>55</ns3:cad>
          </ns3:TrackPointExtension>
        </extensions>
      </trkpt>
      <trkpt lat="42.932931147515773773193359375" lon="-8.82493729703128337860107421875">
        <ele>369.79998779296875</ele>
        <time>2025-10-21T11:13:38.000Z</time>
        <extensions>
          <ns3:TrackPointExtension>
            <ns3:hr>91</ns3:hr>
            <ns3:cad>55</ns3:cad>
          </ns3:TrackPointExtension>
        </extensions>
      </trkpt>
      <trkpt lat="42.93291631154716014862060546875" lon="-8.82498390041291713714599609375">
        <ele>369.600006103515625</ele>
        <time>2025-10-21T11:13:42.000Z</time>
        <extensions>
          <ns3:TrackPointExtension>
            <ns3:hr>91</ns3:hr>
            <ns3:cad>55</ns3:cad>
          </ns3:TrackPointExtension>
        </extensions>
      </trkpt>
      <trkpt lat="42.9328979551792144775390625" lon="-8.82505816407501697540283203125">
        <ele>369.399993896484375</ele>
        <time>2025-10-21T11:13:47.000Z</time>
        <extensions>
          <ns3:TrackPointExtension>
            <ns3:hr>89</ns3:hr>
            <ns3:cad>56</ns3:cad>
          </ns3:TrackPointExtension>
        </extensions>
      </trkpt>
      <trkpt lat="42.9328686185181140899658203125" lon="-8.825149275362491607666015625">
        <ele>368.600006103515625</ele>
        <time>2025-10-21T11:13:54.000Z</time>
        <extensions>
          <ns3:TrackPointExtension>
            <ns3:hr>88</ns3:hr>
            <ns3:cad>54</ns3:cad>
          </ns3:TrackPointExtension>
        </extensions>
      </trkpt>
      <trkpt lat="42.9328630864620208740234375" lon="-8.82516511715948581695556640625">
        <ele>368.399993896484375</ele>
        <time>2025-10-21T11:13:55.000Z</time>
        <extensions>
          <ns3:TrackPointExtension>
            <ns3:hr>87</ns3:hr>
            <ns3:cad>54</ns3:cad>
          </ns3:TrackPointExtension>
        </extensions>
      </trkpt>
      <trkpt lat="42.93282930739223957061767578125" lon="-8.82526402361690998077392578125">
        <ele>368</ele>
        <time>2025-10-21T11:14:03.000Z</time>
        <extensions>
          <ns3:TrackPointExtension>
            <ns3:hr>88</ns3:hr>
            <ns3:cad>53</ns3:cad>
          </ns3:TrackPointExtension>
        </extensions>
      </trkpt>
      <trkpt lat="42.9327938519418239593505859375" lon="-8.82539637386798858642578125">
        <ele>367.79998779296875</ele>
        <time>2025-10-21T11:14:12.000Z</time>
        <extensions>
          <ns3:TrackPointExtension>
            <ns3:hr>89</ns3:hr>
            <ns3:cad>55</ns3:cad>
          </ns3:TrackPointExtension>
        </extensions>
      </trkpt>
      <trkpt lat="42.93277147226035594940185546875" lon="-8.8254662789404392242431640625">
        <ele>367.600006103515625</ele>
        <time>2025-10-21T11:14:16.000Z</time>
        <extensions>
          <ns3:TrackPointExtension>
            <ns3:hr>88</ns3:hr>
            <ns3:cad>55</ns3:cad>
          </ns3:TrackPointExtension>
        </extensions>
      </trkpt>
      <trkpt lat="42.93275705538690090179443359375" lon="-8.8255222700536251068115234375">
        <ele>367.600006103515625</ele>
        <time>2025-10-21T11:14:20.000Z</time>
        <extensions>
          <ns3:TrackPointExtension>
            <ns3:hr>89</ns3:hr>
            <ns3:cad>55</ns3:cad>
          </ns3:TrackPointExtension>
        </extensions>
      </trkpt>
      <trkpt lat="42.9327328316867351531982421875" lon="-8.82562545128166675567626953125">
        <ele>367.600006103515625</ele>
        <time>2025-10-21T11:14:28.000Z</time>
        <extensions>
          <ns3:TrackPointExtension>
            <ns3:hr>89</ns3:hr>
            <ns3:cad>53</ns3:cad>
          </ns3:TrackPointExtension>
        </extensions>
      </trkpt>
      <trkpt lat="42.93269352056086063385009765625" lon="-8.825716562569141387939453125">
        <ele>367.399993896484375</ele>
        <time>2025-10-21T11:14:35.000Z</time>
        <extensions>
          <ns3:TrackPointExtension>
            <ns3:hr>89</ns3:hr>
            <ns3:cad>53</ns3:cad>
          </ns3:TrackPointExtension>
        </extensions>
      </trkpt>
      <trkpt lat="42.93268740177154541015625" lon="-8.82584656588733196258544921875">
        <ele>367.399993896484375</ele>
        <time>2025-10-21T11:14:44.000Z</time>
        <extensions>
          <ns3:TrackPointExtension>
            <ns3:hr>88</ns3:hr>
            <ns3:cad>51</ns3:cad>
          </ns3:TrackPointExtension>
        </extensions>
      </trkpt>
      <trkpt lat="42.9327016510069370269775390625" lon="-8.82594748400151729583740234375">
        <ele>367.79998779296875</ele>
        <time>2025-10-21T11:14:53.000Z</time>
        <extensions>
          <ns3:TrackPointExtension>
            <ns3:hr>89</ns3:hr>
            <ns3:cad>48</ns3:cad>
          </ns3:TrackPointExtension>
        </extensions>
      </trkpt>
      <trkpt lat="42.93271816335618495941162109375" lon="-8.82596776820719242095947265625">
        <ele>367.79998779296875</ele>
        <time>2025-10-21T11:14:55.000Z</time>
        <extensions>
          <ns3:TrackPointExtension>
            <ns3:hr>88</ns3:hr>
            <ns3:cad>48</ns3:cad>
          </ns3:TrackPointExtension>
        </extensions>
      </trkpt>
      <trkpt lat="42.93272822163999080657958984375" lon="-8.8259839452803134918212890625">
        <ele>368</ele>
        <time>2025-10-21T11:15:00.000Z</time>
        <extensions>
          <ns3:TrackPointExtension>
            <ns3:hr>91</ns3:hr>
            <ns3:cad>0</ns3:cad>
          </ns3:TrackPointExtension>
        </extensions>
      </trkpt>
      <trkpt lat="42.93275420553982257843017578125" lon="-8.82598654367029666900634765625">
        <ele>367.600006103515625</ele>
        <time>2025-10-21T11:15:10.000Z</time>
        <extensions>
          <ns3:TrackPointExtension>
            <ns3:hr>90</ns3:hr>
            <ns3:cad>0</ns3:cad>
          </ns3:TrackPointExtension>
        </extensions>
      </trkpt>
      <trkpt lat="42.93275420553982257843017578125" lon="-8.82598671130836009979248046875">
        <ele>367.79998779296875</ele>
        <time>2025-10-21T11:15:22.000Z</time>
        <extensions>
          <ns3:TrackPointExtension>
            <ns3:hr>90</ns3:hr>
            <ns3:cad>0</ns3:cad>
          </ns3:TrackPointExtension>
        </extensions>
      </trkpt>
      <trkpt lat="42.932756803929805755615234375" lon="-8.8260010443627834320068359375">
        <ele>367.600006103515625</ele>
        <time>2025-10-21T11:15:30.000Z</time>
        <extensions>
          <ns3:TrackPointExtension>
            <ns3:hr>90</ns3:hr>
            <ns3:cad>0</ns3:cad>
          </ns3:TrackPointExtension>
        </extensions>
      </trkpt>
      <trkpt lat="42.9327620007097721099853515625" lon="-8.8259946741163730621337890625">
        <ele>368</ele>
        <time>2025-10-21T11:15:38.000Z</time>
        <extensions>
          <ns3:TrackPointExtension>
            <ns3:hr>91</ns3:hr>
            <ns3:cad>0</ns3:cad>
          </ns3:TrackPointExtension>
        </extensions>
      </trkpt>
      <trkpt lat="42.93275554664433002471923828125" lon="-8.8259913213551044464111328125">
        <ele>368.20001220703125</ele>
        <time>2025-10-21T11:15:44.000Z</time>
        <extensions>
          <ns3:TrackPointExtension>
            <ns3:hr>94</ns3:hr>
            <ns3:cad>0</ns3:cad>
          </ns3:TrackPointExtension>
        </extensions>
      </trkpt>
      <trkpt lat="42.9327552951872348785400390625" lon="-8.82599542848765850067138671875">
        <ele>368.399993896484375</ele>
        <time>2025-10-21T11:15:46.000Z</time>
        <extensions>
          <ns3:TrackPointExtension>
            <ns3:hr>98</ns3:hr>
            <ns3:cad>0</ns3:cad>
          </ns3:TrackPointExtension>
        </extensions>
      </trkpt>
      <trkpt lat="42.93275571428239345550537109375" lon="-8.82599995471537113189697265625">
        <ele>368.399993896484375</ele>
        <time>2025-10-21T11:15:47.000Z</time>
        <extensions>
          <ns3:TrackPointExtension>
            <ns3:hr>99</ns3:hr>
            <ns3:cad>0</ns3:cad>
          </ns3:TrackPointExtension>
        </extensions>
      </trkpt>
      <trkpt lat="42.93275420553982257843017578125" lon="-8.82598671130836009979248046875">
        <ele>368.20001220703125</ele>
        <time>2025-10-21T11:15:53.000Z</time>
        <extensions>
          <ns3:TrackPointExtension>
            <ns3:hr>94</ns3:hr>
            <ns3:cad>0</ns3:cad>
          </ns3:TrackPointExtension>
        </extensions>
      </trkpt>
      <trkpt lat="42.93275420553982257843017578125" lon="-8.82598671130836009979248046875">
        <ele>368.20001220703125</ele>
        <time>2025-10-21T11:15:55.000Z</time>
        <extensions>
          <ns3:TrackPointExtension>
            <ns3:hr>91</ns3:hr>
            <ns3:cad>0</ns3:cad>
          </ns3:TrackPointExtension>
        </extensions>
      </trkpt>
      <trkpt lat="42.93275420553982257843017578125" lon="-8.82598671130836009979248046875">
        <ele>368.20001220703125</ele>
        <time>2025-10-21T11:15:58.000Z</time>
        <extensions>
          <ns3:TrackPointExtension>
            <ns3:hr>90</ns3:hr>
            <ns3:cad>0</ns3:cad>
          </ns3:TrackPointExtension>
        </extensions>
      </trkpt>
      <trkpt lat="42.93275420553982257843017578125" lon="-8.82598671130836009979248046875">
        <ele>368</ele>
        <time>2025-10-21T11:16:18.000Z</time>
        <extensions>
          <ns3:TrackPointExtension>
            <ns3:hr>90</ns3:hr>
            <ns3:cad>0</ns3:cad>
          </ns3:TrackPointExtension>
        </extensions>
      </trkpt>
      <trkpt lat="42.9328042455017566680908203125" lon="-8.8260005414485931396484375">
        <ele>368</ele>
        <time>2025-10-21T11:16:26.000Z</time>
        <extensions>
          <ns3:TrackPointExtension>
            <ns3:hr>90</ns3:hr>
            <ns3:cad>0</ns3:cad>
          </ns3:TrackPointExtension>
        </extensions>
      </trkpt>
      <trkpt lat="42.93287046253681182861328125" lon="-8.8259866274893283843994140625">
        <ele>368</ele>
        <time>2025-10-21T11:16:33.000Z</time>
        <extensions>
          <ns3:TrackPointExtension>
            <ns3:hr>90</ns3:hr>
            <ns3:cad>52</ns3:cad>
          </ns3:TrackPointExtension>
        </extensions>
      </trkpt>
      <trkpt lat="42.9329390265047550201416015625" lon="-8.82595553062856197357177734375">
        <ele>368.20001220703125</ele>
        <time>2025-10-21T11:16:39.000Z</time>
        <extensions>
          <ns3:TrackPointExtension>
            <ns3:hr>89</ns3:hr>
            <ns3:cad>51</ns3:cad>
          </ns3:TrackPointExtension>
        </extensions>
      </trkpt>
      <trkpt lat="42.93299895711243152618408203125" lon="-8.82593692280352115631103515625">
        <ele>368.600006103515625</ele>
        <time>2025-10-21T11:16:45.000Z</time>
        <extensions>
          <ns3:TrackPointExtension>
            <ns3:hr>89</ns3:hr>
            <ns3:cad>51</ns3:cad>
          </ns3:TrackPointExtension>
        </extensions>
      </trkpt>
      <trkpt lat="42.93301261961460113525390625" lon="-8.82593155838549137115478515625">
        <ele>368.79998779296875</ele>
        <time>2025-10-21T11:16:47.000Z</time>
        <extensions>
          <ns3:TrackPointExtension>
            <ns3:hr>90</ns3:hr>
            <ns3:cad>47</ns3:cad>
          </ns3:TrackPointExtension>
        </extensions>
      </trkpt>
      <trkpt lat="42.93304958380758762359619140625" lon="-8.825918398797512054443359375">
        <ele>369.20001220703125</ele>
        <time>2025-10-21T11:16:52.000Z</time>
        <extensions>
          <ns3:TrackPointExtension>
            <ns3:hr>93</ns3:hr>
            <ns3:cad>45</ns3:cad>
          </ns3:TrackPointExtension>
        </extensions>
      </trkpt>
      <trkpt lat="42.93307431042194366455078125" lon="-8.82590909488499164581298828125">
        <ele>369.600006103515625</ele>
        <time>2025-10-21T11:16:55.000Z</time>
        <extensions>
          <ns3:TrackPointExtension>
            <ns3:hr>92</ns3:hr>
            <ns3:cad>45</ns3:cad>
          </ns3:TrackPointExtension>
        </extensions>
      </trkpt>
      <trkpt lat="42.93308478780090808868408203125" lon="-8.82590440101921558380126953125">
        <ele>369.600006103515625</ele>
        <time>2025-10-21T11:16:56.000Z</time>
        <extensions>
          <ns3:TrackPointExtension>
            <ns3:hr>93</ns3:hr>
            <ns3:cad>45</ns3:cad>
          </ns3:TrackPointExtension>
        </extensions>
      </trkpt>
      <trkpt lat="42.93312518857419490814208984375" lon="-8.82586617954075336456298828125">
        <ele>370.600006103515625</ele>
        <time>2025-10-21T11:17:02.000Z</time>
        <extensions>
          <ns3:TrackPointExtension>
            <ns3:hr>96</ns3:hr>
            <ns3:cad>47</ns3:cad>
          </ns3:TrackPointExtension>
        </extensions>
      </trkpt>
      <trkpt lat="42.93313155882060527801513671875" lon="-8.82585997693240642547607421875">
        <ele>370.79998779296875</ele>
        <time>2025-10-21T11:17:03.000Z</time>
        <extensions>
          <ns3:TrackPointExtension>
            <ns3:hr>97</ns3:hr>
            <ns3:cad>47</ns3:cad>
          </ns3:TrackPointExtension>
        </extensions>
      </trkpt>
      <trkpt lat="42.93316391296684741973876953125" lon="-8.8258344121277332305908203125">
        <ele>371.600006103515625</ele>
        <time>2025-10-21T11:17:08.000Z</time>
        <extensions>
          <ns3:TrackPointExtension>
            <ns3:hr>100</ns3:hr>
            <ns3:cad>43</ns3:cad>
          </ns3:TrackPointExtension>
        </extensions>
      </trkpt>
      <trkpt lat="42.93317346833646297454833984375" lon="-8.8258280418813228607177734375">
        <ele>371.79998779296875</ele>
        <time>2025-10-21T11:17:09.000Z</time>
        <extensions>
          <ns3:TrackPointExtension>
            <ns3:hr>101</ns3:hr>
            <ns3:cad>43</ns3:cad>
          </ns3:TrackPointExtension>
        </extensions>
      </trkpt>
      <trkpt lat="42.93319375254213809967041015625" lon="-8.8258183188736438751220703125">
        <ele>372.399993896484375</ele>
        <time>2025-10-21T11:17:11.000Z</time>
        <extensions>
          <ns3:TrackPointExtension>
            <ns3:hr>102</ns3:hr>
            <ns3:cad>44</ns3:cad>
          </ns3:TrackPointExtension>
        </extensions>
      </trkpt>
      <trkpt lat="42.9332226701080799102783203125" lon="-8.82579761557281017303466796875">
        <ele>373</ele>
        <time>2025-10-21T11:17:15.000Z</time>
        <extensions>
          <ns3:TrackPointExtension>
            <ns3:hr>105</ns3:hr>
            <ns3:cad>0</ns3:cad>
          </ns3:TrackPointExtension>
        </extensions>
      </trkpt>
      <trkpt lat="42.9332464747130870819091796875" lon="-8.8257888145744800567626953125">
        <ele>373.399993896484375</ele>
        <time>2025-10-21T11:17:18.000Z</time>
        <extensions>
          <ns3:TrackPointExtension>
            <ns3:hr>107</ns3:hr>
            <ns3:cad>0</ns3:cad>
          </ns3:TrackPointExtension>
        </extensions>
      </trkpt>
      <trkpt lat="42.93326851911842823028564453125" lon="-8.82578001357614994049072265625">
        <ele>374</ele>
        <time>2025-10-21T11:17:21.000Z</time>
        <extensions>
          <ns3:TrackPointExtension>
            <ns3:hr>110</ns3:hr>
            <ns3:cad>42</ns3:cad>
          </ns3:TrackPointExtension>
        </extensions>
      </trkpt>
      <trkpt lat="42.93327438645064830780029296875" lon="-8.82578001357614994049072265625">
        <ele>374.20001220703125</ele>
        <time>2025-10-21T11:17:22.000Z</time>
        <extensions>
          <ns3:TrackPointExtension>
            <ns3:hr>112</ns3:hr>
            <ns3:cad>43</ns3:cad>
          </ns3:TrackPointExtension>
        </extensions>
      </trkpt>
      <trkpt lat="42.9332967661321163177490234375" lon="-8.8257767446339130401611328125">
        <ele>374.79998779296875</ele>
        <time>2025-10-21T11:17:25.000Z</time>
        <extensions>
          <ns3:TrackPointExtension>
            <ns3:hr>114</ns3:hr>
            <ns3:cad>44</ns3:cad>
          </ns3:TrackPointExtension>
        </extensions>
      </trkpt>
      <trkpt lat="42.9333041422069072723388671875" lon="-8.8257794268429279327392578125">
        <ele>375.20001220703125</ele>
        <time>2025-10-21T11:17:28.000Z</time>
        <extensions>
          <ns3:TrackPointExtension>
            <ns3:hr>116</ns3:hr>
            <ns3:cad>43</ns3:cad>
          </ns3:TrackPointExtension>
        </extensions>
      </trkpt>
      <trkpt lat="42.9333101771771907806396484375" lon="-8.8257764093577861785888671875">
        <ele>375.399993896484375</ele>
        <time>2025-10-21T11:17:32.000Z</time>
        <extensions>
          <ns3:TrackPointExtension>
            <ns3:hr>117</ns3:hr>
            <ns3:cad>0</ns3:cad>
          </ns3:TrackPointExtension>
        </extensions>
      </trkpt>
      <trkpt lat="42.93332434259355068206787109375" lon="-8.82576090283691883087158203125">
        <ele>375.399993896484375</ele>
        <time>2025-10-21T11:17:41.000Z</time>
        <extensions>
          <ns3:TrackPointExtension>
            <ns3:hr>116</ns3:hr>
            <ns3:cad>52</ns3:cad>
          </ns3:TrackPointExtension>
        </extensions>
      </trkpt>
      <trkpt lat="42.933368347585201263427734375" lon="-8.8257505930960178375244140625">
        <ele>376.20001220703125</ele>
        <time>2025-10-21T11:17:47.000Z</time>
        <extensions>
          <ns3:TrackPointExtension>
            <ns3:hr>116</ns3:hr>
            <ns3:cad>41</ns3:cad>
          </ns3:TrackPointExtension>
        </extensions>
      </trkpt>
      <trkpt lat="42.93338008224964141845703125" lon="-8.82576911710202693939208984375">
        <ele>376.20001220703125</ele>
        <time>2025-10-21T11:17:49.000Z</time>
        <extensions>
          <ns3:TrackPointExtension>
            <ns3:hr>116</ns3:hr>
            <ns3:cad>43</ns3:cad>
          </ns3:TrackPointExtension>
        </extensions>
      </trkpt>
      <trkpt lat="42.933424673974514007568359375" lon="-8.82582242600619792938232421875">
        <ele>377.20001220703125</ele>
        <time>2025-10-21T11:17:56.000Z</time>
        <extensions>
          <ns3:TrackPointExtension>
            <ns3:hr>115</ns3:hr>
            <ns3:cad>0</ns3:cad>
          </ns3:TrackPointExtension>
        </extensions>
      </trkpt>
      <trkpt lat="42.93342811055481433868408203125" lon="-8.82582628168165683746337890625">
        <ele>377.399993896484375</ele>
        <time>2025-10-21T11:17:57.000Z</time>
        <extensions>
          <ns3:TrackPointExtension>
            <ns3:hr>115</ns3:hr>
            <ns3:cad>0</ns3:cad>
          </ns3:TrackPointExtension>
        </extensions>
      </trkpt>
      <trkpt lat="42.9334825091063976287841796875" lon="-8.82587824948132038116455078125">
        <ele>378.399993896484375</ele>
        <time>2025-10-21T11:18:04.000Z</time>
        <extensions>
          <ns3:TrackPointExtension>
            <ns3:hr>116</ns3:hr>
            <ns3:cad>43</ns3:cad>
          </ns3:TrackPointExtension>
        </extensions>
      </trkpt>
      <trkpt lat="42.93354445137083530426025390625" lon="-8.82594932802021503448486328125">
        <ele>379.20001220703125</ele>
        <time>2025-10-21T11:18:12.000Z</time>
        <extensions>
          <ns3:TrackPointExtension>
            <ns3:hr>116</ns3:hr>
            <ns3:cad>45</ns3:cad>
          </ns3:TrackPointExtension>
        </extensions>
      </trkpt>
      <trkpt lat="42.93355719186365604400634765625" lon="-8.825963996350765228271484375">
        <ele>379.399993896484375</ele>
        <time>2025-10-21T11:18:14.000Z</time>
        <extensions>
          <ns3:TrackPointExtension>
            <ns3:hr>116</ns3:hr>
            <ns3:cad>45</ns3:cad>
          </ns3:TrackPointExtension>
        </extensions>
      </trkpt>
      <trkpt lat="42.93358837254345417022705078125" lon="-8.8260094262659549713134765625">
        <ele>380.20001220703125</ele>
        <time>2025-10-21T11:18:19.000Z</time>
        <extensions>
          <ns3:TrackPointExtension>
            <ns3:hr>115</ns3:hr>
            <ns3:cad>43</ns3:cad>
          </ns3:TrackPointExtension>
        </extensions>
      </trkpt>
      <trkpt lat="42.9336079023778438568115234375" lon="-8.8260318897664546966552734375">
        <ele>380.600006103515625</ele>
        <time>2025-10-21T11:18:22.000Z</time>
        <extensions>
          <ns3:TrackPointExtension>
            <ns3:hr>115</ns3:hr>
            <ns3:cad>43</ns3:cad>
          </ns3:TrackPointExtension>
        </extensions>
      </trkpt>
      <trkpt lat="42.933633215725421905517578125" lon="-8.82606022059917449951171875">
        <ele>381.20001220703125</ele>
        <time>2025-10-21T11:18:26.000Z</time>
        <extensions>
          <ns3:TrackPointExtension>
            <ns3:hr>115</ns3:hr>
            <ns3:cad>43</ns3:cad>
          </ns3:TrackPointExtension>
        </extensions>
      </trkpt>
      <trkpt lat="42.93365861289203166961669921875" lon="-8.8260848633944988250732421875">
        <ele>381.600006103515625</ele>
        <time>2025-10-21T11:18:29.000Z</time>
        <extensions>
          <ns3:TrackPointExtension>
            <ns3:hr>115</ns3:hr>
            <ns3:cad>43</ns3:cad>
          </ns3:TrackPointExtension>
        </extensions>
      </trkpt>
      <trkpt lat="42.93369934894144535064697265625" lon="-8.82611948065459728240966796875">
        <ele>382</ele>
        <time>2025-10-21T11:18:34.000Z</time>
        <extensions>
          <ns3:TrackPointExtension>
            <ns3:hr>114</ns3:hr>
            <ns3:cad>46</ns3:cad>
          </ns3:TrackPointExtension>
        </extensions>
      </trkpt>
      <trkpt lat="42.933713011443614959716796875" lon="-8.8261338137090206146240234375">
        <ele>382</ele>
        <time>2025-10-21T11:18:36.000Z</time>
        <extensions>
          <ns3:TrackPointExtension>
            <ns3:hr>111</ns3:hr>
            <ns3:cad>45</ns3:cad>
          </ns3:TrackPointExtension>
        </extensions>
      </trkpt>
      <trkpt lat="42.933735810220241546630859375" lon="-8.82615887559950351715087890625">
        <ele>382.399993896484375</ele>
        <time>2025-10-21T11:18:39.000Z</time>
        <extensions>
          <ns3:TrackPointExtension>
            <ns3:hr>108</ns3:hr>
            <ns3:cad>0</ns3:cad>
          </ns3:TrackPointExtension>
        </extensions>
      </trkpt>
      <trkpt lat="42.93374779634177684783935546875" lon="-8.8261720351874828338623046875">
        <ele>382.399993896484375</ele>
        <time>2025-10-21T11:18:40.000Z</time>
        <extensions>
          <ns3:TrackPointExtension>
            <ns3:hr>107</ns3:hr>
            <ns3:cad>46</ns3:cad>
          </ns3:TrackPointExtension>
        </extensions>
      </trkpt>
      <trkpt lat="42.9337604530155658721923828125" lon="-8.82619290612637996673583984375">
        <ele>382.79998779296875</ele>
        <time>2025-10-21T11:18:42.000Z</time>
        <extensions>
          <ns3:TrackPointExtension>
            <ns3:hr>106</ns3:hr>
            <ns3:cad>46</ns3:cad>
          </ns3:TrackPointExtension>
        </extensions>
      </trkpt>
      <trkpt lat="42.9337909631431102752685546875" lon="-8.82623129524290561676025390625">
        <ele>382.79998779296875</ele>
        <time>2025-10-21T11:18:46.000Z</time>
        <extensions>
          <ns3:TrackPointExtension>
            <ns3:hr>106</ns3:hr>
            <ns3:cad>0</ns3:cad>
          </ns3:TrackPointExtension>
        </extensions>
      </trkpt>
      <trkpt lat="42.9338425956666469573974609375" lon="-8.82631092332303524017333984375">
        <ele>382.79998779296875</ele>
        <time>2025-10-21T11:18:54.000Z</time>
        <extensions>
          <ns3:TrackPointExtension>
            <ns3:hr>105</ns3:hr>
            <ns3:cad>51</ns3:cad>
          </ns3:TrackPointExtension>
        </extensions>
      </trkpt>
      <trkpt lat="42.9339049570262432098388671875" lon="-8.82640496827661991119384765625">
        <ele>383</ele>
        <time>2025-10-21T11:19:03.000Z</time>
        <extensions>
          <ns3:TrackPointExtension>
            <ns3:hr>107</ns3:hr>
            <ns3:cad>53</ns3:cad>
          </ns3:TrackPointExtension>
        </extensions>
      </trkpt>
      <trkpt lat="42.9339592717587947845458984375" lon="-8.82651477120816707611083984375">
        <ele>383</ele>
        <time>2025-10-21T11:19:12.000Z</time>
        <extensions>
          <ns3:TrackPointExtension>
            <ns3:hr>106</ns3:hr>
            <ns3:cad>0</ns3:cad>
          </ns3:TrackPointExtension>
        </extensions>
      </trkpt>
      <trkpt lat="42.9339891113340854644775390625" lon="-8.82660144008696079254150390625">
        <ele>383</ele>
        <time>2025-10-21T11:19:19.000Z</time>
        <extensions>
          <ns3:TrackPointExtension>
            <ns3:hr>103</ns3:hr>
            <ns3:cad>50</ns3:cad>
          </ns3:TrackPointExtension>
        </extensions>
      </trkpt>
      <trkpt lat="42.9340035282075405120849609375" lon="-8.82671023719012737274169921875">
        <ele>383.399993896484375</ele>
        <time>2025-10-21T11:19:27.000Z</time>
        <extensions>
          <ns3:TrackPointExtension>
            <ns3:hr>103</ns3:hr>
            <ns3:cad>52</ns3:cad>
          </ns3:TrackPointExtension>
        </extensions>
      </trkpt>
      <trkpt lat="42.9340028576552867889404296875" lon="-8.826763629913330078125">
        <ele>383.79998779296875</ele>
        <time>2025-10-21T11:19:31.000Z</time>
        <extensions>
          <ns3:TrackPointExtension>
            <ns3:hr>102</ns3:hr>
            <ns3:cad>52</ns3:cad>
          </ns3:TrackPointExtension>
        </extensions>
      </trkpt>
      <trkpt lat="42.933999337255954742431640625" lon="-8.82681098766624927520751953125">
        <ele>384</ele>
        <time>2025-10-21T11:19:35.000Z</time>
        <extensions>
          <ns3:TrackPointExtension>
            <ns3:hr>102</ns3:hr>
            <ns3:cad>49</ns3:cad>
          </ns3:TrackPointExtension>
        </extensions>
      </trkpt>
      <trkpt lat="42.9339767061173915863037109375" lon="-8.826932944357395172119140625">
        <ele>384.399993896484375</ele>
        <time>2025-10-21T11:19:44.000Z</time>
        <extensions>
          <ns3:TrackPointExtension>
            <ns3:hr>101</ns3:hr>
            <ns3:cad>50</ns3:cad>
          </ns3:TrackPointExtension>
        </extensions>
      </trkpt>
      <trkpt lat="42.9339586012065410614013671875" lon="-8.82700880058109760284423828125">
        <ele>384.79998779296875</ele>
        <time>2025-10-21T11:19:49.000Z</time>
        <extensions>
          <ns3:TrackPointExtension>
            <ns3:hr>101</ns3:hr>
            <ns3:cad>48</ns3:cad>
          </ns3:TrackPointExtension>
        </extensions>
      </trkpt>
      <trkpt lat="42.93394711799919605255126953125" lon="-8.8270595110952854156494140625">
        <ele>385.399993896484375</ele>
        <time>2025-10-21T11:19:53.000Z</time>
        <extensions>
          <ns3:TrackPointExtension>
            <ns3:hr>101</ns3:hr>
            <ns3:cad>50</ns3:cad>
          </ns3:TrackPointExtension>
        </extensions>
      </trkpt>
      <trkpt lat="42.93391576968133449554443359375" lon="-8.82715045474469661712646484375">
        <ele>385.79998779296875</ele>
        <time>2025-10-21T11:20:00.000Z</time>
        <extensions>
          <ns3:TrackPointExtension>
            <ns3:hr>102</ns3:hr>
            <ns3:cad>49</ns3:cad>
          </ns3:TrackPointExtension>
        </extensions>
      </trkpt>
      <trkpt lat="42.933911494910717010498046875" lon="-8.82716285996139049530029296875">
        <ele>385.79998779296875</ele>
        <time>2025-10-21T11:20:01.000Z</time>
        <extensions>
          <ns3:TrackPointExtension>
            <ns3:hr>102</ns3:hr>
            <ns3:cad>49</ns3:cad>
          </ns3:TrackPointExtension>
        </extensions>
      </trkpt>
      <trkpt lat="42.93387754820287227630615234375" lon="-8.82723326794803142547607421875">
        <ele>386.600006103515625</ele>
        <time>2025-10-21T11:20:07.000Z</time>
        <extensions>
          <ns3:TrackPointExtension>
            <ns3:hr>104</ns3:hr>
            <ns3:cad>48</ns3:cad>
          </ns3:TrackPointExtension>
        </extensions>
      </trkpt>
      <trkpt lat="42.9338529892265796661376953125" lon="-8.827288337051868438720703125">
        <ele>387</ele>
        <time>2025-10-21T11:20:11.000Z</time>
        <extensions>
          <ns3:TrackPointExtension>
            <ns3:hr>106</ns3:hr>
            <ns3:cad>50</ns3:cad>
          </ns3:TrackPointExtension>
        </extensions>
      </trkpt>
      <trkpt lat="42.93382775969803333282470703125" lon="-8.82734105922281742095947265625">
        <ele>387.399993896484375</ele>
        <time>2025-10-21T11:20:15.000Z</time>
        <extensions>
          <ns3:TrackPointExtension>
            <ns3:hr>106</ns3:hr>
            <ns3:cad>49</ns3:cad>
          </ns3:TrackPointExtension>
        </extensions>
      </trkpt>
      <trkpt lat="42.9337892867624759674072265625" lon="-8.82742387242615222930908203125">
        <ele>387.79998779296875</ele>
        <time>2025-10-21T11:20:22.000Z</time>
        <extensions>
          <ns3:TrackPointExtension>
            <ns3:hr>108</ns3:hr>
            <ns3:cad>49</ns3:cad>
          </ns3:TrackPointExtension>
        </extensions>
      </trkpt>
      <trkpt lat="42.93378383852541446685791015625" lon="-8.82743359543383121490478515625">
        <ele>388</ele>
        <time>2025-10-21T11:20:23.000Z</time>
        <extensions>
          <ns3:TrackPointExtension>
            <ns3:hr>108</ns3:hr>
            <ns3:cad>49</ns3:cad>
          </ns3:TrackPointExtension>
        </extensions>
      </trkpt>
      <trkpt lat="42.9337839223444461822509765625" lon="-8.82744415663182735443115234375">
        <ele>389.20001220703125</ele>
        <time>2025-10-21T11:20:28.000Z</time>
        <extensions>
          <ns3:TrackPointExtension>
            <ns3:hr>107</ns3:hr>
            <ns3:cad>0</ns3:cad>
          </ns3:TrackPointExtension>
        </extensions>
      </trkpt>
      <trkpt lat="42.93378400616347789764404296875" lon="-8.82744616828858852386474609375">
        <ele>389</ele>
        <time>2025-10-21T11:20:35.000Z</time>
        <extensions>
          <ns3:TrackPointExtension>
            <ns3:hr>104</ns3:hr>
            <ns3:cad>0</ns3:cad>
          </ns3:TrackPointExtension>
        </extensions>
      </trkpt>
      <trkpt lat="42.93376489542424678802490234375" lon="-8.827495537698268890380859375">
        <ele>388.79998779296875</ele>
        <time>2025-10-21T11:20:38.000Z</time>
        <extensions>
          <ns3:TrackPointExtension>
            <ns3:hr>104</ns3:hr>
            <ns3:cad>0</ns3:cad>
          </ns3:TrackPointExtension>
        </extensions>
      </trkpt>
      <trkpt lat="42.9337487183511257171630859375" lon="-8.827582038938999176025390625">
        <ele>389.399993896484375</ele>
        <time>2025-10-21T11:20:45.000Z</time>
        <extensions>
          <ns3:TrackPointExtension>
            <ns3:hr>104</ns3:hr>
            <ns3:cad>47</ns3:cad>
          </ns3:TrackPointExtension>
        </extensions>
      </trkpt>
      <trkpt lat="42.9337275959551334381103515625" lon="-8.8276955299079418182373046875">
        <ele>390.20001220703125</ele>
        <time>2025-10-21T11:20:53.000Z</time>
        <extensions>
          <ns3:TrackPointExtension>
            <ns3:hr>104</ns3:hr>
            <ns3:cad>48</ns3:cad>
          </ns3:TrackPointExtension>
        </extensions>
      </trkpt>
      <trkpt lat="42.9337053000926971435546875" lon="-8.82780239917337894439697265625">
        <ele>391</ele>
        <time>2025-10-21T11:21:00.000Z</time>
        <extensions>
          <ns3:TrackPointExtension>
            <ns3:hr>105</ns3:hr>
            <ns3:cad>50</ns3:cad>
          </ns3:TrackPointExtension>
        </extensions>
      </trkpt>
      <trkpt lat="42.933698594570159912109375" lon="-8.8278309814631938934326171875">
        <ele>391.20001220703125</ele>
        <time>2025-10-21T11:21:02.000Z</time>
        <extensions>
          <ns3:TrackPointExtension>
            <ns3:hr>106</ns3:hr>
            <ns3:cad>50</ns3:cad>
          </ns3:TrackPointExtension>
        </extensions>
      </trkpt>
      <trkpt lat="42.93367671780288219451904296875" lon="-8.8279091008007526397705078125">
        <ele>391.20001220703125</ele>
        <time>2025-10-21T11:21:08.000Z</time>
        <extensions>
          <ns3:TrackPointExtension>
            <ns3:hr>107</ns3:hr>
            <ns3:cad>0</ns3:cad>
          </ns3:TrackPointExtension>
        </extensions>
      </trkpt>
      <trkpt lat="42.9336558468639850616455078125" lon="-8.82795880548655986785888671875">
        <ele>392.399993896484375</ele>
        <time>2025-10-21T11:21:12.000Z</time>
        <extensions>
          <ns3:TrackPointExtension>
            <ns3:hr>108</ns3:hr>
            <ns3:cad>0</ns3:cad>
          </ns3:TrackPointExtension>
        </extensions>
      </trkpt>
      <trkpt lat="42.9336236603558063507080078125" lon="-8.8280351646244525909423828125">
        <ele>392</ele>
        <time>2025-10-21T11:21:18.000Z</time>
        <extensions>
          <ns3:TrackPointExtension>
            <ns3:hr>109</ns3:hr>
            <ns3:cad>49</ns3:cad>
          </ns3:TrackPointExtension>
        </extensions>
      </trkpt>
      <trkpt lat="42.9335837624967098236083984375" lon="-8.8281328976154327392578125">
        <ele>392.79998779296875</ele>
        <time>2025-10-21T11:21:25.000Z</time>
        <extensions>
          <ns3:TrackPointExtension>
            <ns3:hr>110</ns3:hr>
            <ns3:cad>50</ns3:cad>
          </ns3:TrackPointExtension>
        </extensions>
      </trkpt>
      <trkpt lat="42.9335532523691654205322265625" lon="-8.828229792416095733642578125">
        <ele>393</ele>
        <time>2025-10-21T11:21:32.000Z</time>
        <extensions>
          <ns3:TrackPointExtension>
            <ns3:hr>109</ns3:hr>
            <ns3:cad>0</ns3:cad>
          </ns3:TrackPointExtension>
        </extensions>
      </trkpt>
      <trkpt lat="42.93353321962058544158935546875" lon="-8.82833180017769336700439453125">
        <ele>393.20001220703125</ele>
        <time>2025-10-21T11:21:39.000Z</time>
        <extensions>
          <ns3:TrackPointExtension>
            <ns3:hr>107</ns3:hr>
            <ns3:cad>0</ns3:cad>
          </ns3:TrackPointExtension>
        </extensions>
      </trkpt>
      <trkpt lat="42.9335294477641582489013671875" lon="-8.82843674160540103912353515625">
        <ele>393.20001220703125</ele>
        <time>2025-10-21T11:21:46.000Z</time>
        <extensions>
          <ns3:TrackPointExtension>
            <ns3:hr>106</ns3:hr>
            <ns3:cad>51</ns3:cad>
          </ns3:TrackPointExtension>
        </extensions>
      </trkpt>
      <trkpt lat="42.93354545719921588897705078125" lon="-8.82847823202610015869140625">
        <ele>393.399993896484375</ele>
        <time>2025-10-21T11:21:49.000Z</time>
        <extensions>
          <ns3:TrackPointExtension>
            <ns3:hr>106</ns3:hr>
            <ns3:cad>51</ns3:cad>
          </ns3:TrackPointExtension>
        </extensions>
      </trkpt>
      <trkpt lat="42.93356590904295444488525390625" lon="-8.82851150818169116973876953125">
        <ele>393.79998779296875</ele>
        <time>2025-10-21T11:21:52.000Z</time>
        <extensions>
          <ns3:TrackPointExtension>
            <ns3:hr>105</ns3:hr>
            <ns3:cad>49</ns3:cad>
          </ns3:TrackPointExtension>
        </extensions>
      </trkpt>
      <trkpt lat="42.93359759263694286346435546875" lon="-8.82855609990656375885009765625">
        <ele>394.79998779296875</ele>
        <time>2025-10-21T11:21:56.000Z</time>
        <extensions>
          <ns3:TrackPointExtension>
            <ns3:hr>105</ns3:hr>
            <ns3:cad>48</ns3:cad>
          </ns3:TrackPointExtension>
        </extensions>
      </trkpt>
      <trkpt lat="42.93364302255213260650634765625" lon="-8.82859448902308940887451171875">
        <ele>395.20001220703125</ele>
        <time>2025-10-21T11:22:01.000Z</time>
        <extensions>
          <ns3:TrackPointExtension>
            <ns3:hr>104</ns3:hr>
            <ns3:cad>49</ns3:cad>
          </ns3:TrackPointExtension>
        </extensions>
      </trkpt>
      <trkpt lat="42.93367504142224788665771484375" lon="-8.8286242447793483734130859375">
        <ele>395.79998779296875</ele>
        <time>2025-10-21T11:22:05.000Z</time>
        <extensions>
          <ns3:TrackPointExtension>
            <ns3:hr>106</ns3:hr>
            <ns3:cad>48</ns3:cad>
          </ns3:TrackPointExtension>
        </extensions>
      </trkpt>
      <trkpt lat="42.9336977563798427581787109375" lon="-8.82864813320338726043701171875">
        <ele>396.399993896484375</ele>
        <time>2025-10-21T11:22:08.000Z</time>
        <extensions>
          <ns3:TrackPointExtension>
            <ns3:hr>106</ns3:hr>
            <ns3:cad>48</ns3:cad>
          </ns3:TrackPointExtension>
        </extensions>
      </trkpt>
      <trkpt lat="42.93373279273509979248046875" lon="-8.828697167336940765380859375">
        <ele>396.79998779296875</ele>
        <time>2025-10-21T11:22:13.000Z</time>
        <extensions>
          <ns3:TrackPointExtension>
            <ns3:hr>107</ns3:hr>
            <ns3:cad>0</ns3:cad>
          </ns3:TrackPointExtension>
        </extensions>
      </trkpt>
      <trkpt lat="42.93374611996114253997802734375" lon="-8.8287151046097278594970703125">
        <ele>397</ele>
        <time>2025-10-21T11:22:15.000Z</time>
        <extensions>
          <ns3:TrackPointExtension>
            <ns3:hr>108</ns3:hr>
            <ns3:cad>0</ns3:cad>
          </ns3:TrackPointExtension>
        </extensions>
      </trkpt>
      <trkpt lat="42.933752238750457763671875" lon="-8.82873513735830783843994140625">
        <ele>398.20001220703125</ele>
        <time>2025-10-21T11:22:19.000Z</time>
        <extensions>
          <ns3:TrackPointExtension>
            <ns3:hr>109</ns3:hr>
            <ns3:cad>0</ns3:cad>
          </ns3:TrackPointExtension>
        </extensions>
      </trkpt>
      <trkpt lat="42.9337493889033794403076171875" lon="-8.8287322036921977996826171875">
        <ele>399</ele>
        <time>2025-10-21T11:22:22.000Z</time>
        <extensions>
          <ns3:TrackPointExtension>
            <ns3:hr>111</ns3:hr>
            <ns3:cad>0</ns3:cad>
          </ns3:TrackPointExtension>
        </extensions>
      </trkpt>
      <trkpt lat="42.93374176137149333953857421875" lon="-8.82872927002608776092529296875">
        <ele>397.600006103515625</ele>
        <time>2025-10-21T11:22:30.000Z</time>
        <extensions>
          <ns3:TrackPointExtension>
            <ns3:hr>111</ns3:hr>
            <ns3:cad>0</ns3:cad>
          </ns3:TrackPointExtension>
        </extensions>
      </trkpt>
      <trkpt lat="42.93374176137149333953857421875" lon="-8.82872927002608776092529296875">
        <ele>398.399993896484375</ele>
        <time>2025-10-21T11:22:38.000Z</time>
        <extensions>
          <ns3:TrackPointExtension>
            <ns3:hr>114</ns3:hr>
            <ns3:cad>0</ns3:cad>
          </ns3:TrackPointExtension>
        </extensions>
      </trkpt>
      <trkpt lat="42.93373413383960723876953125" lon="-8.82875944487750530242919921875">
        <ele>398.20001220703125</ele>
        <time>2025-10-21T11:22:42.000Z</time>
        <extensions>
          <ns3:TrackPointExtension>
            <ns3:hr>114</ns3:hr>
            <ns3:cad>53</ns3:cad>
          </ns3:TrackPointExtension>
        </extensions>
      </trkpt>
      <trkpt lat="42.93367772363126277923583984375" lon="-8.828880898654460906982421875">
        <ele>398.600006103515625</ele>
        <time>2025-10-21T11:22:53.000Z</time>
        <extensions>
          <ns3:TrackPointExtension>
            <ns3:hr>113</ns3:hr>
            <ns3:cad>50</ns3:cad>
          </ns3:TrackPointExtension>
        </extensions>
      </trkpt>
      <trkpt lat="42.933681495487689971923828125" lon="-8.8288812339305877685546875">
        <ele>399</ele>
        <time>2025-10-21T11:22:56.000Z</time>
        <extensions>
          <ns3:TrackPointExtension>
            <ns3:hr>110</ns3:hr>
            <ns3:cad>0</ns3:cad>
          </ns3:TrackPointExtension>
        </extensions>
      </trkpt>
      <trkpt lat="42.933681495487689971923828125" lon="-8.8288812339305877685546875">
        <ele>399.20001220703125</ele>
        <time>2025-10-21T11:22:58.000Z</time>
        <extensions>
          <ns3:TrackPointExtension>
            <ns3:hr>110</ns3:hr>
            <ns3:cad>0</ns3:cad>
          </ns3:TrackPointExtension>
        </extensions>
      </trkpt>
      <trkpt lat="42.933681495487689971923828125" lon="-8.8288812339305877685546875">
        <ele>399.20001220703125</ele>
        <time>2025-10-21T11:23:02.000Z</time>
        <extensions>
          <ns3:TrackPointExtension>
            <ns3:hr>108</ns3:hr>
            <ns3:cad>0</ns3:cad>
          </ns3:TrackPointExtension>
        </extensions>
      </trkpt>
      <trkpt lat="42.93368409387767314910888671875" lon="-8.82887779735028743743896484375">
        <ele>399.399993896484375</ele>
        <time>2025-10-21T11:23:04.000Z</time>
        <extensions>
          <ns3:TrackPointExtension>
            <ns3:hr>105</ns3:hr>
            <ns3:cad>0</ns3:cad>
          </ns3:TrackPointExtension>
        </extensions>
      </trkpt>
      <trkpt lat="42.933713011443614959716796875" lon="-8.828842677175998687744140625">
        <ele>399.399993896484375</ele>
        <time>2025-10-21T11:23:09.000Z</time>
        <extensions>
          <ns3:TrackPointExtension>
            <ns3:hr>104</ns3:hr>
            <ns3:cad>0</ns3:cad>
          </ns3:TrackPointExtension>
        </extensions>
      </trkpt>
      <trkpt lat="42.93372030369937419891357421875" lon="-8.82882867939770221710205078125">
        <ele>399.600006103515625</ele>
        <time>2025-10-21T11:23:15.000Z</time>
        <extensions>
          <ns3:TrackPointExtension>
            <ns3:hr>102</ns3:hr>
            <ns3:cad>0</ns3:cad>
          </ns3:TrackPointExtension>
        </extensions>
      </trkpt>
      <trkpt lat="42.93374544940888881683349609375" lon="-8.8288073055446147918701171875">
        <ele>405</ele>
        <time>2025-10-21T11:30:58.000Z</time>
        <extensions>
          <ns3:TrackPointExtension>
            <ns3:hr>89</ns3:hr>
            <ns3:cad>0</ns3:cad>
          </ns3:TrackPointExtension>
        </extensions>
      </trkpt>
      <trkpt lat="42.93374544940888881683349609375" lon="-8.8288073055446147918701171875">
        <ele>404.79998779296875</ele>
        <time>2025-10-21T11:30:59.000Z</time>
        <extensions>
          <ns3:TrackPointExtension>
            <ns3:hr>89</ns3:hr>
            <ns3:cad>0</ns3:cad>
          </ns3:TrackPointExtension>
        </extensions>
      </trkpt>
      <trkpt lat="42.933730445802211761474609375" lon="-8.82880470715463161468505859375">
        <ele>404.600006103515625</ele>
        <time>2025-10-21T11:31:02.000Z</time>
        <extensions>
          <ns3:TrackPointExtension>
            <ns3:hr>89</ns3:hr>
            <ns3:cad>0</ns3:cad>
          </ns3:TrackPointExtension>
        </extensions>
      </trkpt>
      <trkpt lat="42.933724410831928253173828125" lon="-8.828809820115566253662109375">
        <ele>404.399993896484375</ele>
        <time>2025-10-21T11:31:03.000Z</time>
        <extensions>
          <ns3:TrackPointExtension>
            <ns3:hr>89</ns3:hr>
            <ns3:cad>0</ns3:cad>
          </ns3:TrackPointExtension>
        </extensions>
      </trkpt>
      <trkpt lat="42.9337182082235813140869140625" lon="-8.82882063277065753936767578125">
        <ele>404.399993896484375</ele>
        <time>2025-10-21T11:31:04.000Z</time>
        <extensions>
          <ns3:TrackPointExtension>
            <ns3:hr>90</ns3:hr>
            <ns3:cad>0</ns3:cad>
          </ns3:TrackPointExtension>
        </extensions>
      </trkpt>
      <trkpt lat="42.933687530457973480224609375" lon="-8.82886505685746669769287109375">
        <ele>404</ele>
        <time>2025-10-21T11:31:08.000Z</time>
        <extensions>
          <ns3:TrackPointExtension>
            <ns3:hr>91</ns3:hr>
            <ns3:cad>47</ns3:cad>
          </ns3:TrackPointExtension>
        </extensions>
      </trkpt>
      <trkpt lat="42.93366582132875919342041015625" lon="-8.828899674117565155029296875">
        <ele>403.79998779296875</ele>
        <time>2025-10-21T11:31:11.000Z</time>
        <extensions>
          <ns3:TrackPointExtension>
            <ns3:hr>91</ns3:hr>
            <ns3:cad>52</ns3:cad>
          </ns3:TrackPointExtension>
        </extensions>
      </trkpt>
      <trkpt lat="42.9336203075945377349853515625" lon="-8.8289648853242397308349609375">
        <ele>402.600006103515625</ele>
        <time>2025-10-21T11:31:17.000Z</time>
        <extensions>
          <ns3:TrackPointExtension>
            <ns3:hr>90</ns3:hr>
            <ns3:cad>53</ns3:cad>
          </ns3:TrackPointExtension>
        </extensions>
      </trkpt>
      <trkpt lat="42.9336035437881946563720703125" lon="-8.82899732328951358795166015625">
        <ele>402</ele>
        <time>2025-10-21T11:31:20.000Z</time>
        <extensions>
          <ns3:TrackPointExtension>
            <ns3:hr>90</ns3:hr>
            <ns3:cad>54</ns3:cad>
          </ns3:TrackPointExtension>
        </extensions>
      </trkpt>
      <trkpt lat="42.93353992514312267303466796875" lon="-8.82909120060503482818603515625">
        <ele>402.20001220703125</ele>
        <time>2025-10-21T11:31:27.000Z</time>
        <extensions>
          <ns3:TrackPointExtension>
            <ns3:hr>90</ns3:hr>
            <ns3:cad>56</ns3:cad>
          </ns3:TrackPointExtension>
        </extensions>
      </trkpt>
      <trkpt lat="42.93346700258553028106689453125" lon="-8.8292062841355800628662109375">
        <ele>401.79998779296875</ele>
        <time>2025-10-21T11:31:36.000Z</time>
        <extensions>
          <ns3:TrackPointExtension>
            <ns3:hr>90</ns3:hr>
            <ns3:cad>56</ns3:cad>
          </ns3:TrackPointExtension>
        </extensions>
      </trkpt>
      <trkpt lat="42.933414615690708160400390625" lon="-8.82933117449283599853515625">
        <ele>402.20001220703125</ele>
        <time>2025-10-21T11:31:45.000Z</time>
        <extensions>
          <ns3:TrackPointExtension>
            <ns3:hr>91</ns3:hr>
            <ns3:cad>56</ns3:cad>
          </ns3:TrackPointExtension>
        </extensions>
      </trkpt>
      <trkpt lat="42.93340765871107578277587890625" lon="-8.82936243899166584014892578125">
        <ele>401.600006103515625</ele>
        <time>2025-10-21T11:31:47.000Z</time>
        <extensions>
          <ns3:TrackPointExtension>
            <ns3:hr>90</ns3:hr>
            <ns3:cad>55</ns3:cad>
          </ns3:TrackPointExtension>
        </extensions>
      </trkpt>
      <trkpt lat="42.93338251300156116485595703125" lon="-8.8294352777302265167236328125">
        <ele>402.399993896484375</ele>
        <time>2025-10-21T11:31:52.000Z</time>
        <extensions>
          <ns3:TrackPointExtension>
            <ns3:hr>89</ns3:hr>
            <ns3:cad>55</ns3:cad>
          </ns3:TrackPointExtension>
        </extensions>
      </trkpt>
      <trkpt lat="42.933356277644634246826171875" lon="-8.8295127265155315399169921875">
        <ele>403</ele>
        <time>2025-10-21T11:31:57.000Z</time>
        <extensions>
          <ns3:TrackPointExtension>
            <ns3:hr>88</ns3:hr>
            <ns3:cad>55</ns3:cad>
          </ns3:TrackPointExtension>
        </extensions>
      </trkpt>
      <trkpt lat="42.93333180248737335205078125" lon="-8.8295630179345607757568359375">
        <ele>404</ele>
        <time>2025-10-21T11:32:01.000Z</time>
        <extensions>
          <ns3:TrackPointExtension>
            <ns3:hr>89</ns3:hr>
            <ns3:cad>56</ns3:cad>
          </ns3:TrackPointExtension>
        </extensions>
      </trkpt>
      <trkpt lat="42.93332375586032867431640625" lon="-8.8295757584273815155029296875">
        <ele>404</ele>
        <time>2025-10-21T11:32:02.000Z</time>
        <extensions>
          <ns3:TrackPointExtension>
            <ns3:hr>89</ns3:hr>
            <ns3:cad>55</ns3:cad>
          </ns3:TrackPointExtension>
        </extensions>
      </trkpt>
      <trkpt lat="42.93328394182026386260986328125" lon="-8.8296471722424030303955078125">
        <ele>404.20001220703125</ele>
        <time>2025-10-21T11:32:07.000Z</time>
        <extensions>
          <ns3:TrackPointExtension>
            <ns3:hr>92</ns3:hr>
            <ns3:cad>54</ns3:cad>
          </ns3:TrackPointExtension>
        </extensions>
      </trkpt>
      <trkpt lat="42.93329366482794284820556640625" lon="-8.82967323996126651763916015625">
        <ele>405</ele>
        <time>2025-10-21T11:32:10.000Z</time>
        <extensions>
          <ns3:TrackPointExtension>
            <ns3:hr>95</ns3:hr>
            <ns3:cad>55</ns3:cad>
          </ns3:TrackPointExtension>
        </extensions>
      </trkpt>
      <trkpt lat="42.93331260792911052703857421875" lon="-8.82971246726810932159423828125">
        <ele>404.600006103515625</ele>
        <time>2025-10-21T11:32:13.000Z</time>
        <extensions>
          <ns3:TrackPointExtension>
            <ns3:hr>98</ns3:hr>
            <ns3:cad>50</ns3:cad>
          </ns3:TrackPointExtension>
        </extensions>
      </trkpt>
      <trkpt lat="42.933342866599559783935546875" lon="-8.829772733151912689208984375">
        <ele>404.20001220703125</ele>
        <time>2025-10-21T11:32:18.000Z</time>
        <extensions>
          <ns3:TrackPointExtension>
            <ns3:hr>101</ns3:hr>
            <ns3:cad>52</ns3:cad>
          </ns3:TrackPointExtension>
        </extensions>
      </trkpt>
      <trkpt lat="42.93334848247468471527099609375" lon="-8.82978471927344799041748046875">
        <ele>404</ele>
        <time>2025-10-21T11:32:19.000Z</time>
        <extensions>
          <ns3:TrackPointExtension>
            <ns3:hr>101</ns3:hr>
            <ns3:cad>0</ns3:cad>
          </ns3:TrackPointExtension>
        </extensions>
      </trkpt>
      <trkpt lat="42.93339374475181102752685546875" lon="-8.82987163960933685302734375">
        <ele>405.20001220703125</ele>
        <time>2025-10-21T11:32:25.000Z</time>
        <extensions>
          <ns3:TrackPointExtension>
            <ns3:hr>100</ns3:hr>
            <ns3:cad>54</ns3:cad>
          </ns3:TrackPointExtension>
        </extensions>
      </trkpt>
      <trkpt lat="42.9334048926830291748046875" lon="-8.82989435456693172454833984375">
        <ele>405.399993896484375</ele>
        <time>2025-10-21T11:32:27.000Z</time>
        <extensions>
          <ns3:TrackPointExtension>
            <ns3:hr>100</ns3:hr>
            <ns3:cad>53</ns3:cad>
          </ns3:TrackPointExtension>
        </extensions>
      </trkpt>
      <trkpt lat="42.93345627374947071075439453125" lon="-8.83000348694622516632080078125">
        <ele>404.79998779296875</ele>
        <time>2025-10-21T11:32:35.000Z</time>
        <extensions>
          <ns3:TrackPointExtension>
            <ns3:hr>99</ns3:hr>
            <ns3:cad>53</ns3:cad>
          </ns3:TrackPointExtension>
        </extensions>
      </trkpt>
      <trkpt lat="42.9334746301174163818359375" lon="-8.8300426304340362548828125">
        <ele>404.20001220703125</ele>
        <time>2025-10-21T11:32:38.000Z</time>
        <extensions>
          <ns3:TrackPointExtension>
            <ns3:hr>98</ns3:hr>
            <ns3:cad>53</ns3:cad>
          </ns3:TrackPointExtension>
        </extensions>
      </trkpt>
      <trkpt lat="42.933520562946796417236328125" lon="-8.83012636564671993255615234375">
        <ele>404.399993896484375</ele>
        <time>2025-10-21T11:32:44.000Z</time>
        <extensions>
          <ns3:TrackPointExtension>
            <ns3:hr>95</ns3:hr>
            <ns3:cad>54</ns3:cad>
          </ns3:TrackPointExtension>
        </extensions>
      </trkpt>
      <trkpt lat="42.9335686750710010528564453125" lon="-8.83024354465305805206298828125">
        <ele>404.79998779296875</ele>
        <time>2025-10-21T11:32:52.000Z</time>
        <extensions>
          <ns3:TrackPointExtension>
            <ns3:hr>94</ns3:hr>
            <ns3:cad>55</ns3:cad>
          </ns3:TrackPointExtension>
        </extensions>
      </trkpt>
      <trkpt lat="42.933606393635272979736328125" lon="-8.83031462319195270538330078125">
        <ele>405.20001220703125</ele>
        <time>2025-10-21T11:32:57.000Z</time>
        <extensions>
          <ns3:TrackPointExtension>
            <ns3:hr>91</ns3:hr>
            <ns3:cad>55</ns3:cad>
          </ns3:TrackPointExtension>
        </extensions>
      </trkpt>
      <trkpt lat="42.93361184187233448028564453125" lon="-8.83033004589378833770751953125">
        <ele>405.20001220703125</ele>
        <time>2025-10-21T11:32:58.000Z</time>
        <extensions>
          <ns3:TrackPointExtension>
            <ns3:hr>90</ns3:hr>
            <ns3:cad>55</ns3:cad>
          </ns3:TrackPointExtension>
        </extensions>
      </trkpt>
      <trkpt lat="42.9336303658783435821533203125" lon="-8.830389641225337982177734375">
        <ele>405.399993896484375</ele>
        <time>2025-10-21T11:33:02.000Z</time>
        <extensions>
          <ns3:TrackPointExtension>
            <ns3:hr>90</ns3:hr>
            <ns3:cad>55</ns3:cad>
          </ns3:TrackPointExtension>
        </extensions>
      </trkpt>
      <trkpt lat="42.93364939279854297637939453125" lon="-8.830467760562896728515625">
        <ele>406.399993896484375</ele>
        <time>2025-10-21T11:33:07.000Z</time>
        <extensions>
          <ns3:TrackPointExtension>
            <ns3:hr>89</ns3:hr>
            <ns3:cad>55</ns3:cad>
          </ns3:TrackPointExtension>
        </extensions>
      </trkpt>
      <trkpt lat="42.9336583614349365234375" lon="-8.8305294513702392578125">
        <ele>406.600006103515625</ele>
        <time>2025-10-21T11:33:11.000Z</time>
        <extensions>
          <ns3:TrackPointExtension>
            <ns3:hr>90</ns3:hr>
            <ns3:cad>55</ns3:cad>
          </ns3:TrackPointExtension>
        </extensions>
      </trkpt>
      <trkpt lat="42.9336752928793430328369140625" lon="-8.8306871987879276275634765625">
        <ele>407.20001220703125</ele>
        <time>2025-10-21T11:33:21.000Z</time>
        <extensions>
          <ns3:TrackPointExtension>
            <ns3:hr>92</ns3:hr>
            <ns3:cad>53</ns3:cad>
          </ns3:TrackPointExtension>
        </extensions>
      </trkpt>
      <trkpt lat="42.93367587961256504058837890625" lon="-8.83070421405136585235595703125">
        <ele>407.399993896484375</ele>
        <time>2025-10-21T11:33:22.000Z</time>
        <extensions>
          <ns3:TrackPointExtension>
            <ns3:hr>93</ns3:hr>
            <ns3:cad>53</ns3:cad>
          </ns3:TrackPointExtension>
        </extensions>
      </trkpt>
      <trkpt lat="42.933684177696704864501953125" lon="-8.83084234781563282012939453125">
        <ele>407.79998779296875</ele>
        <time>2025-10-21T11:33:31.000Z</time>
        <extensions>
          <ns3:TrackPointExtension>
            <ns3:hr>94</ns3:hr>
            <ns3:cad>51</ns3:cad>
          </ns3:TrackPointExtension>
        </extensions>
      </trkpt>
      <trkpt lat="42.93368007056415081024169921875" lon="-8.83094712160527706146240234375">
        <ele>408.600006103515625</ele>
        <time>2025-10-21T11:33:38.000Z</time>
        <extensions>
          <ns3:TrackPointExtension>
            <ns3:hr>94</ns3:hr>
            <ns3:cad>51</ns3:cad>
          </ns3:TrackPointExtension>
        </extensions>
      </trkpt>
      <trkpt lat="42.93369700200855731964111328125" lon="-8.83099590428173542022705078125">
        <ele>409.20001220703125</ele>
        <time>2025-10-21T11:33:41.000Z</time>
        <extensions>
          <ns3:TrackPointExtension>
            <ns3:hr>94</ns3:hr>
            <ns3:cad>52</ns3:cad>
          </ns3:TrackPointExtension>
        </extensions>
      </trkpt>
      <trkpt lat="42.93370873667299747467041015625" lon="-8.83103010244667530059814453125">
        <ele>409.600006103515625</ele>
        <time>2025-10-21T11:33:43.000Z</time>
        <extensions>
          <ns3:TrackPointExtension>
            <ns3:hr>95</ns3:hr>
            <ns3:cad>51</ns3:cad>
          </ns3:TrackPointExtension>
        </extensions>
      </trkpt>
      <trkpt lat="42.93375416658818721771240234375" lon="-8.8311247341334819793701171875">
        <ele>409.600006103515625</ele>
        <time>2025-10-21T11:33:50.000Z</time>
        <extensions>
          <ns3:TrackPointExtension>
            <ns3:hr>96</ns3:hr>
            <ns3:cad>53</ns3:cad>
          </ns3:TrackPointExtension>
        </extensions>
      </trkpt>
      <trkpt lat="42.93380948714911937713623046875" lon="-8.831225149333477020263671875">
        <ele>410.399993896484375</ele>
        <time>2025-10-21T11:33:58.000Z</time>
        <extensions>
          <ns3:TrackPointExtension>
            <ns3:hr>96</ns3:hr>
            <ns3:cad>50</ns3:cad>
          </ns3:TrackPointExtension>
        </extensions>
      </trkpt>
      <trkpt lat="42.933822982013225555419921875" lon="-8.83124568499624729156494140625">
        <ele>410.600006103515625</ele>
        <time>2025-10-21T11:34:00.000Z</time>
        <extensions>
          <ns3:TrackPointExtension>
            <ns3:hr>96</ns3:hr>
            <ns3:cad>51</ns3:cad>
          </ns3:TrackPointExtension>
        </extensions>
      </trkpt>
      <trkpt lat="42.9338563419878482818603515625" lon="-8.83129295893013477325439453125">
        <ele>411.79998779296875</ele>
        <time>2025-10-21T11:34:04.000Z</time>
        <extensions>
          <ns3:TrackPointExtension>
            <ns3:hr>96</ns3:hr>
            <ns3:cad>51</ns3:cad>
          </ns3:TrackPointExtension>
        </extensions>
      </trkpt>
      <trkpt lat="42.93388224206864833831787109375" lon="-8.83133185096085071563720703125">
        <ele>412.399993896484375</ele>
        <time>2025-10-21T11:34:07.000Z</time>
        <extensions>
          <ns3:TrackPointExtension>
            <ns3:hr>97</ns3:hr>
            <ns3:cad>51</ns3:cad>
          </ns3:TrackPointExtension>
        </extensions>
      </trkpt>
      <trkpt lat="42.93390185572206974029541015625" lon="-8.83136018179357051849365234375">
        <ele>412.79998779296875</ele>
        <time>2025-10-21T11:34:09.000Z</time>
        <extensions>
          <ns3:TrackPointExtension>
            <ns3:hr>97</ns3:hr>
            <ns3:cad>51</ns3:cad>
          </ns3:TrackPointExtension>
        </extensions>
      </trkpt>
      <trkpt lat="42.93392465449869632720947265625" lon="-8.83140494115650653839111328125">
        <ele>412.399993896484375</ele>
        <time>2025-10-21T11:34:13.000Z</time>
        <extensions>
          <ns3:TrackPointExtension>
            <ns3:hr>99</ns3:hr>
            <ns3:cad>53</ns3:cad>
          </ns3:TrackPointExtension>
        </extensions>
      </trkpt>
      <trkpt lat="42.93397360481321811676025390625" lon="-8.83149177767336368560791015625">
        <ele>413.600006103515625</ele>
        <time>2025-10-21T11:34:20.000Z</time>
        <extensions>
          <ns3:TrackPointExtension>
            <ns3:hr>99</ns3:hr>
            <ns3:cad>52</ns3:cad>
          </ns3:TrackPointExtension>
        </extensions>
      </trkpt>
      <trkpt lat="42.93397930450737476348876953125" lon="-8.831506110727787017822265625">
        <ele>413.79998779296875</ele>
        <time>2025-10-21T11:34:21.000Z</time>
        <extensions>
          <ns3:TrackPointExtension>
            <ns3:hr>100</ns3:hr>
            <ns3:cad>52</ns3:cad>
          </ns3:TrackPointExtension>
        </extensions>
      </trkpt>
      <trkpt lat="42.933997325599193572998046875" lon="-8.8315607607364654541015625">
        <ele>415</ele>
        <time>2025-10-21T11:34:25.000Z</time>
        <extensions>
          <ns3:TrackPointExtension>
            <ns3:hr>101</ns3:hr>
            <ns3:cad>52</ns3:cad>
          </ns3:TrackPointExtension>
        </extensions>
      </trkpt>
      <trkpt lat="42.93401031754910945892333984375" lon="-8.831597976386547088623046875">
        <ele>415.399993896484375</ele>
        <time>2025-10-21T11:34:28.000Z</time>
        <extensions>
          <ns3:TrackPointExtension>
            <ns3:hr>102</ns3:hr>
            <ns3:cad>53</ns3:cad>
          </ns3:TrackPointExtension>
        </extensions>
      </trkpt>
      <trkpt lat="42.93403596617281436920166015625" lon="-8.8316739164292812347412109375">
        <ele>415.399993896484375</ele>
        <time>2025-10-21T11:34:33.000Z</time>
        <extensions>
          <ns3:TrackPointExtension>
            <ns3:hr>105</ns3:hr>
            <ns3:cad>52</ns3:cad>
          </ns3:TrackPointExtension>
        </extensions>
      </trkpt>
      <trkpt lat="42.93404753319919109344482421875" lon="-8.83171574212610721588134765625">
        <ele>415.399993896484375</ele>
        <time>2025-10-21T11:34:36.000Z</time>
        <extensions>
          <ns3:TrackPointExtension>
            <ns3:hr>106</ns3:hr>
            <ns3:cad>53</ns3:cad>
          </ns3:TrackPointExtension>
        </extensions>
      </trkpt>
      <trkpt lat="42.93405692093074321746826171875" lon="-8.83181716315448284149169921875">
        <ele>415.79998779296875</ele>
        <time>2025-10-21T11:34:42.000Z</time>
        <extensions>
          <ns3:TrackPointExtension>
            <ns3:hr>107</ns3:hr>
            <ns3:cad>0</ns3:cad>
          </ns3:TrackPointExtension>
        </extensions>
      </trkpt>
      <trkpt lat="42.93405440635979175567626953125" lon="-8.83184784092009067535400390625">
        <ele>416</ele>
        <time>2025-10-21T11:34:44.000Z</time>
        <extensions>
          <ns3:TrackPointExtension>
            <ns3:hr>108</ns3:hr>
            <ns3:cad>54</ns3:cad>
          </ns3:TrackPointExtension>
        </extensions>
      </trkpt>
      <trkpt lat="42.93405205942690372467041015625" lon="-8.8319511897861957550048828125">
        <ele>416.20001220703125</ele>
        <time>2025-10-21T11:34:51.000Z</time>
        <extensions>
          <ns3:TrackPointExtension>
            <ns3:hr>107</ns3:hr>
            <ns3:cad>53</ns3:cad>
          </ns3:TrackPointExtension>
        </extensions>
      </trkpt>
      <trkpt lat="42.93404183350503444671630859375" lon="-8.83207851089537143707275390625">
        <ele>416.79998779296875</ele>
        <time>2025-10-21T11:34:59.000Z</time>
        <extensions>
          <ns3:TrackPointExtension>
            <ns3:hr>107</ns3:hr>
            <ns3:cad>55</ns3:cad>
          </ns3:TrackPointExtension>
        </extensions>
      </trkpt>
      <trkpt lat="42.93402574025094509124755859375" lon="-8.832179345190525054931640625">
        <ele>417.20001220703125</ele>
        <time>2025-10-21T11:35:05.000Z</time>
        <extensions>
          <ns3:TrackPointExtension>
            <ns3:hr>106</ns3:hr>
            <ns3:cad>54</ns3:cad>
          </ns3:TrackPointExtension>
        </extensions>
      </trkpt>
      <trkpt lat="42.93402356095612049102783203125" lon="-8.83219719864428043365478515625">
        <ele>417.20001220703125</ele>
        <time>2025-10-21T11:35:06.000Z</time>
        <extensions>
          <ns3:TrackPointExtension>
            <ns3:hr>106</ns3:hr>
            <ns3:cad>54</ns3:cad>
          </ns3:TrackPointExtension>
        </extensions>
      </trkpt>
      <trkpt lat="42.934004031121730804443359375" lon="-8.8323251903057098388671875">
        <ele>416.79998779296875</ele>
        <time>2025-10-21T11:35:14.000Z</time>
        <extensions>
          <ns3:TrackPointExtension>
            <ns3:hr>106</ns3:hr>
            <ns3:cad>54</ns3:cad>
          </ns3:TrackPointExtension>
        </extensions>
      </trkpt>
      <trkpt lat="42.93399120680987834930419921875" lon="-8.832450918853282928466796875">
        <ele>417.399993896484375</ele>
        <time>2025-10-21T11:35:22.000Z</time>
        <extensions>
          <ns3:TrackPointExtension>
            <ns3:hr>103</ns3:hr>
            <ns3:cad>54</ns3:cad>
          </ns3:TrackPointExtension>
        </extensions>
      </trkpt>
      <trkpt lat="42.933989278972148895263671875" lon="-8.8324715383350849151611328125">
        <ele>417.600006103515625</ele>
        <time>2025-10-21T11:35:23.000Z</time>
        <extensions>
          <ns3:TrackPointExtension>
            <ns3:hr>103</ns3:hr>
            <ns3:cad>54</ns3:cad>
          </ns3:TrackPointExtension>
        </extensions>
      </trkpt>
      <trkpt lat="42.9339740239083766937255859375" lon="-8.832604475319385528564453125">
        <ele>417.600006103515625</ele>
        <time>2025-10-21T11:35:31.000Z</time>
        <extensions>
          <ns3:TrackPointExtension>
            <ns3:hr>102</ns3:hr>
            <ns3:cad>53</ns3:cad>
          </ns3:TrackPointExtension>
        </extensions>
      </trkpt>
      <trkpt lat="42.93396907858550548553466796875" lon="-8.8326752185821533203125">
        <ele>418.399993896484375</ele>
        <time>2025-10-21T11:35:35.000Z</time>
        <extensions>
          <ns3:TrackPointExtension>
            <ns3:hr>102</ns3:hr>
            <ns3:cad>53</ns3:cad>
          </ns3:TrackPointExtension>
        </extensions>
      </trkpt>
      <trkpt lat="42.93396614491939544677734375" lon="-8.83272224105894565582275390625">
        <ele>419.399993896484375</ele>
        <time>2025-10-21T11:35:38.000Z</time>
        <extensions>
          <ns3:TrackPointExtension>
            <ns3:hr>101</ns3:hr>
            <ns3:cad>53</ns3:cad>
          </ns3:TrackPointExtension>
        </extensions>
      </trkpt>
      <trkpt lat="42.93396505527198314666748046875" lon="-8.8327498175203800201416015625">
        <ele>419.600006103515625</ele>
        <time>2025-10-21T11:35:40.000Z</time>
        <extensions>
          <ns3:TrackPointExtension>
            <ns3:hr>102</ns3:hr>
            <ns3:cad>53</ns3:cad>
          </ns3:TrackPointExtension>
        </extensions>
      </trkpt>
      <trkpt lat="42.93396673165261745452880859375" lon="-8.83291854523122310638427734375">
        <ele>420</ele>
        <time>2025-10-21T11:35:50.000Z</time>
        <extensions>
          <ns3:TrackPointExtension>
            <ns3:hr>101</ns3:hr>
            <ns3:cad>53</ns3:cad>
          </ns3:TrackPointExtension>
        </extensions>
      </trkpt>
      <trkpt lat="42.933982908725738525390625" lon="-8.83299951441586017608642578125">
        <ele>420.600006103515625</ele>
        <time>2025-10-21T11:35:55.000Z</time>
        <extensions>
          <ns3:TrackPointExtension>
            <ns3:hr>100</ns3:hr>
            <ns3:cad>53</ns3:cad>
          </ns3:TrackPointExtension>
        </extensions>
      </trkpt>
      <trkpt lat="42.933985255658626556396484375" lon="-8.8330485485494136810302734375">
        <ele>421.20001220703125</ele>
        <time>2025-10-21T11:35:58.000Z</time>
        <extensions>
          <ns3:TrackPointExtension>
            <ns3:hr>100</ns3:hr>
            <ns3:cad>53</ns3:cad>
          </ns3:TrackPointExtension>
        </extensions>
      </trkpt>
      <trkpt lat="42.9339877702295780181884765625" lon="-8.83306573145091533660888671875">
        <ele>421.600006103515625</ele>
        <time>2025-10-21T11:35:59.000Z</time>
        <extensions>
          <ns3:TrackPointExtension>
            <ns3:hr>101</ns3:hr>
            <ns3:cad>53</ns3:cad>
          </ns3:TrackPointExtension>
        </extensions>
      </trkpt>
      <trkpt lat="42.93401174247264862060546875" lon="-8.83319162763655185699462890625">
        <ele>422.79998779296875</ele>
        <time>2025-10-21T11:36:07.000Z</time>
        <extensions>
          <ns3:TrackPointExtension>
            <ns3:hr>103</ns3:hr>
            <ns3:cad>52</ns3:cad>
          </ns3:TrackPointExtension>
        </extensions>
      </trkpt>
      <trkpt lat="42.9340325295925140380859375" lon="-8.8332899473607540130615234375">
        <ele>423.399993896484375</ele>
        <time>2025-10-21T11:36:14.000Z</time>
        <extensions>
          <ns3:TrackPointExtension>
            <ns3:hr>104</ns3:hr>
            <ns3:cad>52</ns3:cad>
          </ns3:TrackPointExtension>
        </extensions>
      </trkpt>
      <trkpt lat="42.934042923152446746826171875" lon="-8.83338131010532379150390625">
        <ele>424</ele>
        <time>2025-10-21T11:36:20.000Z</time>
        <extensions>
          <ns3:TrackPointExtension>
            <ns3:hr>104</ns3:hr>
            <ns3:cad>50</ns3:cad>
          </ns3:TrackPointExtension>
        </extensions>
      </trkpt>
      <trkpt lat="42.9340454377233982086181640625" lon="-8.83339681662619113922119140625">
        <ele>424.20001220703125</ele>
        <time>2025-10-21T11:36:21.000Z</time>
        <extensions>
          <ns3:TrackPointExtension>
            <ns3:hr>105</ns3:hr>
            <ns3:cad>50</ns3:cad>
          </ns3:TrackPointExtension>
        </extensions>
      </trkpt>
      <trkpt lat="42.93406932614743709564208984375" lon="-8.83350946940481662750244140625">
        <ele>425</ele>
        <time>2025-10-21T11:36:28.000Z</time>
        <extensions>
          <ns3:TrackPointExtension>
            <ns3:hr>107</ns3:hr>
            <ns3:cad>51</ns3:cad>
          </ns3:TrackPointExtension>
        </extensions>
      </trkpt>
      <trkpt lat="42.93407033197581768035888671875" lon="-8.8335175998508930206298828125">
        <ele>425.20001220703125</ele>
        <time>2025-10-21T11:36:29.000Z</time>
        <extensions>
          <ns3:TrackPointExtension>
            <ns3:hr>108</ns3:hr>
            <ns3:cad>51</ns3:cad>
          </ns3:TrackPointExtension>
        </extensions>
      </trkpt>
      <trkpt lat="42.934074103832244873046875" lon="-8.8335829786956310272216796875">
        <ele>425.600006103515625</ele>
        <time>2025-10-21T11:36:34.000Z</time>
        <extensions>
          <ns3:TrackPointExtension>
            <ns3:hr>111</ns3:hr>
            <ns3:cad>47</ns3:cad>
          </ns3:TrackPointExtension>
        </extensions>
      </trkpt>
      <trkpt lat="42.93407686986029148101806640625" lon="-8.8336218707263469696044921875">
        <ele>425.399993896484375</ele>
        <time>2025-10-21T11:36:37.000Z</time>
        <extensions>
          <ns3:TrackPointExtension>
            <ns3:hr>112</ns3:hr>
            <ns3:cad>51</ns3:cad>
          </ns3:TrackPointExtension>
        </extensions>
      </trkpt>
      <trkpt lat="42.93410503305494785308837890625" lon="-8.83376042358577251434326171875">
        <ele>425.20001220703125</ele>
        <time>2025-10-21T11:36:46.000Z</time>
        <extensions>
          <ns3:TrackPointExtension>
            <ns3:hr>112</ns3:hr>
            <ns3:cad>51</ns3:cad>
          </ns3:TrackPointExtension>
        </extensions>
      </trkpt>
      <trkpt lat="42.93412548489868640899658203125" lon="-8.8338341005146503448486328125">
        <ele>426.20001220703125</ele>
        <time>2025-10-21T11:36:51.000Z</time>
        <extensions>
          <ns3:TrackPointExtension>
            <ns3:hr>111</ns3:hr>
            <ns3:cad>50</ns3:cad>
          </ns3:TrackPointExtension>
        </extensions>
      </trkpt>
      <trkpt lat="42.93413252569735050201416015625" lon="-8.83386536501348018646240234375">
        <ele>426.399993896484375</ele>
        <time>2025-10-21T11:36:53.000Z</time>
        <extensions>
          <ns3:TrackPointExtension>
            <ns3:hr>112</ns3:hr>
            <ns3:cad>50</ns3:cad>
          </ns3:TrackPointExtension>
        </extensions>
      </trkpt>
      <trkpt lat="42.93414962477982044219970703125" lon="-8.833981119096279144287109375">
        <ele>426</ele>
        <time>2025-10-21T11:37:01.000Z</time>
        <extensions>
          <ns3:TrackPointExtension>
            <ns3:hr>111</ns3:hr>
            <ns3:cad>51</ns3:cad>
          </ns3:TrackPointExtension>
        </extensions>
      </trkpt>
      <trkpt lat="42.934156917035579681396484375" lon="-8.83403937332332134246826171875">
        <ele>427.20001220703125</ele>
        <time>2025-10-21T11:37:05.000Z</time>
        <extensions>
          <ns3:TrackPointExtension>
            <ns3:hr>110</ns3:hr>
            <ns3:cad>50</ns3:cad>
          </ns3:TrackPointExtension>
        </extensions>
      </trkpt>
      <trkpt lat="42.93416521511971950531005859375" lon="-8.834099806845188140869140625">
        <ele>427.20001220703125</ele>
        <time>2025-10-21T11:37:09.000Z</time>
        <extensions>
          <ns3:TrackPointExtension>
            <ns3:hr>111</ns3:hr>
            <ns3:cad>51</ns3:cad>
          </ns3:TrackPointExtension>
        </extensions>
      </trkpt>
      <trkpt lat="42.93419119901955127716064453125" lon="-8.83423584513366222381591796875">
        <ele>427.600006103515625</ele>
        <time>2025-10-21T11:37:18.000Z</time>
        <extensions>
          <ns3:TrackPointExtension>
            <ns3:hr>112</ns3:hr>
            <ns3:cad>53</ns3:cad>
          </ns3:TrackPointExtension>
        </extensions>
      </trkpt>
      <trkpt lat="42.934225313365459442138671875" lon="-8.83436760865151882171630859375">
        <ele>427.399993896484375</ele>
        <time>2025-10-21T11:37:27.000Z</time>
        <extensions>
          <ns3:TrackPointExtension>
            <ns3:hr>112</ns3:hr>
            <ns3:cad>53</ns3:cad>
          </ns3:TrackPointExtension>
        </extensions>
      </trkpt>
      <trkpt lat="42.93426328338682651519775390625" lon="-8.83454781956970691680908203125">
        <ele>427.600006103515625</ele>
        <time>2025-10-21T11:37:39.000Z</time>
        <extensions>
          <ns3:TrackPointExtension>
            <ns3:hr>110</ns3:hr>
            <ns3:cad>53</ns3:cad>
          </ns3:TrackPointExtension>
        </extensions>
      </trkpt>
      <trkpt lat="42.93428993783891201019287109375" lon="-8.83469835855066776275634765625">
        <ele>427.600006103515625</ele>
        <time>2025-10-21T11:37:49.000Z</time>
        <extensions>
          <ns3:TrackPointExtension>
            <ns3:hr>109</ns3:hr>
            <ns3:cad>54</ns3:cad>
          </ns3:TrackPointExtension>
        </extensions>
      </trkpt>
      <trkpt lat="42.93432849459350109100341796875" lon="-8.83483498357236385345458984375">
        <ele>427.600006103515625</ele>
        <time>2025-10-21T11:37:58.000Z</time>
        <extensions>
          <ns3:TrackPointExtension>
            <ns3:hr>106</ns3:hr>
            <ns3:cad>55</ns3:cad>
          </ns3:TrackPointExtension>
        </extensions>
      </trkpt>
      <trkpt lat="42.934332601726055145263671875" lon="-8.83484906516969203948974609375">
        <ele>427.399993896484375</ele>
        <time>2025-10-21T11:37:59.000Z</time>
        <extensions>
          <ns3:TrackPointExtension>
            <ns3:hr>106</ns3:hr>
            <ns3:cad>55</ns3:cad>
          </ns3:TrackPointExtension>
        </extensions>
      </trkpt>
      <trkpt lat="42.9343471862375736236572265625" lon="-8.83494277484714984893798828125">
        <ele>426.79998779296875</ele>
        <time>2025-10-21T11:38:05.000Z</time>
        <extensions>
          <ns3:TrackPointExtension>
            <ns3:hr>103</ns3:hr>
            <ns3:cad>55</ns3:cad>
          </ns3:TrackPointExtension>
        </extensions>
      </trkpt>
      <trkpt lat="42.9343522153794765472412109375" lon="-8.834972195327281951904296875">
        <ele>426.399993896484375</ele>
        <time>2025-10-21T11:38:07.000Z</time>
        <extensions>
          <ns3:TrackPointExtension>
            <ns3:hr>103</ns3:hr>
            <ns3:cad>55</ns3:cad>
          </ns3:TrackPointExtension>
        </extensions>
      </trkpt>
      <trkpt lat="42.93435573577880859375" lon="-8.8350022025406360626220703125">
        <ele>426.20001220703125</ele>
        <time>2025-10-21T11:38:09.000Z</time>
        <extensions>
          <ns3:TrackPointExtension>
            <ns3:hr>102</ns3:hr>
            <ns3:cad>55</ns3:cad>
          </ns3:TrackPointExtension>
        </extensions>
      </trkpt>
      <trkpt lat="42.934366129338741302490234375" lon="-8.83506967686116695404052734375">
        <ele>427.20001220703125</ele>
        <time>2025-10-21T11:38:13.000Z</time>
        <extensions>
          <ns3:TrackPointExtension>
            <ns3:hr>101</ns3:hr>
            <ns3:cad>55</ns3:cad>
          </ns3:TrackPointExtension>
        </extensions>
      </trkpt>
      <trkpt lat="42.93437627144157886505126953125" lon="-8.83509934879839420318603515625">
        <ele>428.600006103515625</ele>
        <time>2025-10-21T11:38:15.000Z</time>
        <extensions>
          <ns3:TrackPointExtension>
            <ns3:hr>100</ns3:hr>
            <ns3:cad>55</ns3:cad>
          </ns3:TrackPointExtension>
        </extensions>
      </trkpt>
      <trkpt lat="42.9343810491263866424560546875" lon="-8.8351138494908809661865234375">
        <ele>429</ele>
        <time>2025-10-21T11:38:16.000Z</time>
        <extensions>
          <ns3:TrackPointExtension>
            <ns3:hr>100</ns3:hr>
            <ns3:cad>55</ns3:cad>
          </ns3:TrackPointExtension>
        </extensions>
      </trkpt>
      <trkpt lat="42.93442455120384693145751953125" lon="-8.83533127605915069580078125">
        <ele>428.20001220703125</ele>
        <time>2025-10-21T11:38:30.000Z</time>
        <extensions>
          <ns3:TrackPointExtension>
            <ns3:hr>101</ns3:hr>
            <ns3:cad>56</ns3:cad>
          </ns3:TrackPointExtension>
        </extensions>
      </trkpt>
      <trkpt lat="42.93447350151836872100830078125" lon="-8.83550469763576984405517578125">
        <ele>428</ele>
        <time>2025-10-21T11:38:42.000Z</time>
        <extensions>
          <ns3:TrackPointExtension>
            <ns3:hr>100</ns3:hr>
            <ns3:cad>55</ns3:cad>
          </ns3:TrackPointExtension>
        </extensions>
      </trkpt>
      <trkpt lat="42.93449562974274158477783203125" lon="-8.835588432848453521728515625">
        <ele>427.399993896484375</ele>
        <time>2025-10-21T11:38:48.000Z</time>
        <extensions>
          <ns3:TrackPointExtension>
            <ns3:hr>97</ns3:hr>
            <ns3:cad>55</ns3:cad>
          </ns3:TrackPointExtension>
        </extensions>
      </trkpt>
      <trkpt lat="42.93452245183289051055908203125" lon="-8.83565875701606273651123046875">
        <ele>427</ele>
        <time>2025-10-21T11:38:53.000Z</time>
        <extensions>
          <ns3:TrackPointExtension>
            <ns3:hr>96</ns3:hr>
            <ns3:cad>55</ns3:cad>
          </ns3:TrackPointExtension>
        </extensions>
      </trkpt>
      <trkpt lat="42.93458263389766216278076171875" lon="-8.83583016693592071533203125">
        <ele>428</ele>
        <time>2025-10-21T11:39:05.000Z</time>
        <extensions>
          <ns3:TrackPointExtension>
            <ns3:hr>96</ns3:hr>
            <ns3:cad>54</ns3:cad>
          </ns3:TrackPointExtension>
        </extensions>
      </trkpt>
      <trkpt lat="42.93459453620016574859619140625" lon="-8.83586310781538486480712890625">
        <ele>428.600006103515625</ele>
        <time>2025-10-21T11:39:07.000Z</time>
        <extensions>
          <ns3:TrackPointExtension>
            <ns3:hr>95</ns3:hr>
            <ns3:cad>54</ns3:cad>
          </ns3:TrackPointExtension>
        </extensions>
      </trkpt>
      <trkpt lat="42.93463376350700855255126953125" lon="-8.8359486870467662811279296875">
        <ele>428.20001220703125</ele>
        <time>2025-10-21T11:39:13.000Z</time>
        <extensions>
          <ns3:TrackPointExtension>
            <ns3:hr>96</ns3:hr>
            <ns3:cad>56</ns3:cad>
          </ns3:TrackPointExtension>
        </extensions>
      </trkpt>
      <trkpt lat="42.9346898384392261505126953125" lon="-8.83606729097664356231689453125">
        <ele>428</ele>
        <time>2025-10-21T11:39:22.000Z</time>
        <extensions>
          <ns3:TrackPointExtension>
            <ns3:hr>97</ns3:hr>
            <ns3:cad>55</ns3:cad>
          </ns3:TrackPointExtension>
        </extensions>
      </trkpt>
      <trkpt lat="42.9347741603851318359375" lon="-8.83626460097730159759521484375">
        <ele>428.399993896484375</ele>
        <time>2025-10-21T11:39:35.000Z</time>
        <extensions>
          <ns3:TrackPointExtension>
            <ns3:hr>95</ns3:hr>
            <ns3:cad>56</ns3:cad>
          </ns3:TrackPointExtension>
        </extensions>
      </trkpt>
      <trkpt lat="42.93482755310833454132080078125" lon="-8.83639317937195301055908203125">
        <ele>428.399993896484375</ele>
        <time>2025-10-21T11:39:45.000Z</time>
        <extensions>
          <ns3:TrackPointExtension>
            <ns3:hr>95</ns3:hr>
            <ns3:cad>56</ns3:cad>
          </ns3:TrackPointExtension>
        </extensions>
      </trkpt>
      <trkpt lat="42.9348933510482311248779296875" lon="-8.83653290569782257080078125">
        <ele>428.600006103515625</ele>
        <time>2025-10-21T11:39:55.000Z</time>
        <extensions>
          <ns3:TrackPointExtension>
            <ns3:hr>94</ns3:hr>
            <ns3:cad>56</ns3:cad>
          </ns3:TrackPointExtension>
        </extensions>
      </trkpt>
      <trkpt lat="42.9349476657807826995849609375" lon="-8.83668981492519378662109375">
        <ele>428.79998779296875</ele>
        <time>2025-10-21T11:40:06.000Z</time>
        <extensions>
          <ns3:TrackPointExtension>
            <ns3:hr>94</ns3:hr>
            <ns3:cad>56</ns3:cad>
          </ns3:TrackPointExtension>
        </extensions>
      </trkpt>
      <trkpt lat="42.93503240682184696197509765625" lon="-8.83687899447977542877197265625">
        <ele>428.399993896484375</ele>
        <time>2025-10-21T11:40:20.000Z</time>
        <extensions>
          <ns3:TrackPointExtension>
            <ns3:hr>94</ns3:hr>
            <ns3:cad>56</ns3:cad>
          </ns3:TrackPointExtension>
        </extensions>
      </trkpt>
      <trkpt lat="42.9351166449487209320068359375" lon="-8.83707999251782894134521484375">
        <ele>429</ele>
        <time>2025-10-21T11:40:34.000Z</time>
        <extensions>
          <ns3:TrackPointExtension>
            <ns3:hr>96</ns3:hr>
            <ns3:cad>56</ns3:cad>
          </ns3:TrackPointExtension>
        </extensions>
      </trkpt>
      <trkpt lat="42.9351904056966304779052734375" lon="-8.8372472114861011505126953125">
        <ele>428.79998779296875</ele>
        <time>2025-10-21T11:40:46.000Z</time>
        <extensions>
          <ns3:TrackPointExtension>
            <ns3:hr>98</ns3:hr>
            <ns3:cad>56</ns3:cad>
          </ns3:TrackPointExtension>
        </extensions>
      </trkpt>
      <trkpt lat="42.93526391498744487762451171875" lon="-8.83741023950278759002685546875">
        <ele>428.399993896484375</ele>
        <time>2025-10-21T11:40:58.000Z</time>
        <extensions>
          <ns3:TrackPointExtension>
            <ns3:hr>95</ns3:hr>
            <ns3:cad>56</ns3:cad>
          </ns3:TrackPointExtension>
        </extensions>
      </trkpt>
      <trkpt lat="42.93527430854737758636474609375" lon="-8.83743890561163425445556640625">
        <ele>428.399993896484375</ele>
        <time>2025-10-21T11:41:00.000Z</time>
        <extensions>
          <ns3:TrackPointExtension>
            <ns3:hr>95</ns3:hr>
            <ns3:cad>56</ns3:cad>
          </ns3:TrackPointExtension>
        </extensions>
      </trkpt>
      <trkpt lat="42.9353521764278411865234375" lon="-8.83761920034885406494140625">
        <ele>429</ele>
        <time>2025-10-21T11:41:13.000Z</time>
        <extensions>
          <ns3:TrackPointExtension>
            <ns3:hr>93</ns3:hr>
            <ns3:cad>56</ns3:cad>
          </ns3:TrackPointExtension>
        </extensions>
      </trkpt>
      <trkpt lat="42.9354324750602245330810546875" lon="-8.837834112346172332763671875">
        <ele>429.20001220703125</ele>
        <time>2025-10-21T11:41:28.000Z</time>
        <extensions>
          <ns3:TrackPointExtension>
            <ns3:hr>93</ns3:hr>
            <ns3:cad>56</ns3:cad>
          </ns3:TrackPointExtension>
        </extensions>
      </trkpt>
      <trkpt lat="42.93544295243918895721435546875" lon="-8.83786202408373355865478515625">
        <ele>429.600006103515625</ele>
        <time>2025-10-21T11:41:30.000Z</time>
        <extensions>
          <ns3:TrackPointExtension>
            <ns3:hr>93</ns3:hr>
            <ns3:cad>56</ns3:cad>
          </ns3:TrackPointExtension>
        </extensions>
      </trkpt>
      <trkpt lat="42.93546642176806926727294921875" lon="-8.83791533298790454864501953125">
        <ele>428.399993896484375</ele>
        <time>2025-10-21T11:41:34.000Z</time>
        <extensions>
          <ns3:TrackPointExtension>
            <ns3:hr>90</ns3:hr>
            <ns3:cad>56</ns3:cad>
          </ns3:TrackPointExtension>
        </extensions>
      </trkpt>
      <trkpt lat="42.93551302514970302581787109375" lon="-8.8380334340035915374755859375">
        <ele>429</ele>
        <time>2025-10-21T11:41:42.000Z</time>
        <extensions>
          <ns3:TrackPointExtension>
            <ns3:hr>89</ns3:hr>
            <ns3:cad>57</ns3:cad>
          </ns3:TrackPointExtension>
        </extensions>
      </trkpt>
      <trkpt lat="42.9355746321380138397216796875" lon="-8.838236443698406219482421875">
        <ele>428.79998779296875</ele>
        <time>2025-10-21T11:41:55.000Z</time>
        <extensions>
          <ns3:TrackPointExtension>
            <ns3:hr>88</ns3:hr>
            <ns3:cad>57</ns3:cad>
          </ns3:TrackPointExtension>
        </extensions>
      </trkpt>
      <trkpt lat="42.93560497462749481201171875" lon="-8.83831313811242580413818359375">
        <ele>426.79998779296875</ele>
        <time>2025-10-21T11:42:00.000Z</time>
        <extensions>
          <ns3:TrackPointExtension>
            <ns3:hr>88</ns3:hr>
            <ns3:cad>57</ns3:cad>
          </ns3:TrackPointExtension>
        </extensions>
      </trkpt>
      <trkpt lat="42.93562534265220165252685546875" lon="-8.8383707217872142791748046875">
        <ele>426</ele>
        <time>2025-10-21T11:42:04.000Z</time>
        <extensions>
          <ns3:TrackPointExtension>
            <ns3:hr>88</ns3:hr>
            <ns3:cad>57</ns3:cad>
          </ns3:TrackPointExtension>
        </extensions>
      </trkpt>
      <trkpt lat="42.93563053943216800689697265625" lon="-8.8383804447948932647705078125">
        <ele>425.79998779296875</ele>
        <time>2025-10-21T11:42:05.000Z</time>
        <extensions>
          <ns3:TrackPointExtension>
            <ns3:hr>88</ns3:hr>
            <ns3:cad>57</ns3:cad>
          </ns3:TrackPointExtension>
        </extensions>
      </trkpt>
      <trkpt lat="42.9356939904391765594482421875" lon="-8.8385447300970554351806640625">
        <ele>425.20001220703125</ele>
        <time>2025-10-21T11:42:16.000Z</time>
        <extensions>
          <ns3:TrackPointExtension>
            <ns3:hr>89</ns3:hr>
            <ns3:cad>57</ns3:cad>
          </ns3:TrackPointExtension>
        </extensions>
      </trkpt>
      <trkpt lat="42.93572408147156238555908203125" lon="-8.83863198570907115936279296875">
        <ele>424.600006103515625</ele>
        <time>2025-10-21T11:42:22.000Z</time>
        <extensions>
          <ns3:TrackPointExtension>
            <ns3:hr>89</ns3:hr>
            <ns3:cad>57</ns3:cad>
          </ns3:TrackPointExtension>
        </extensions>
      </trkpt>
      <trkpt lat="42.935740090906620025634765625" lon="-8.8386738114058971405029296875">
        <ele>423.600006103515625</ele>
        <time>2025-10-21T11:42:25.000Z</time>
        <extensions>
          <ns3:TrackPointExtension>
            <ns3:hr>89</ns3:hr>
            <ns3:cad>57</ns3:cad>
          </ns3:TrackPointExtension>
        </extensions>
      </trkpt>
      <trkpt lat="42.93575920164585113525390625" lon="-8.83871614001691341400146484375">
        <ele>423.20001220703125</ele>
        <time>2025-10-21T11:42:28.000Z</time>
        <extensions>
          <ns3:TrackPointExtension>
            <ns3:hr>88</ns3:hr>
            <ns3:cad>57</ns3:cad>
          </ns3:TrackPointExtension>
        </extensions>
      </trkpt>
      <trkpt lat="42.93582223355770111083984375" lon="-8.838881514966487884521484375">
        <ele>423.600006103515625</ele>
        <time>2025-10-21T11:42:39.000Z</time>
        <extensions>
          <ns3:TrackPointExtension>
            <ns3:hr>88</ns3:hr>
            <ns3:cad>57</ns3:cad>
          </ns3:TrackPointExtension>
        </extensions>
      </trkpt>
      <trkpt lat="42.93587394990026950836181640625" lon="-8.839025013148784637451171875">
        <ele>422.600006103515625</ele>
        <time>2025-10-21T11:42:49.000Z</time>
        <extensions>
          <ns3:TrackPointExtension>
            <ns3:hr>87</ns3:hr>
            <ns3:cad>57</ns3:cad>
          </ns3:TrackPointExtension>
        </extensions>
      </trkpt>
      <trkpt lat="42.935887612402439117431640625" lon="-8.83907069452106952667236328125">
        <ele>422.20001220703125</ele>
        <time>2025-10-21T11:42:52.000Z</time>
        <extensions>
          <ns3:TrackPointExtension>
            <ns3:hr>87</ns3:hr>
            <ns3:cad>57</ns3:cad>
          </ns3:TrackPointExtension>
        </extensions>
      </trkpt>
      <trkpt lat="42.935947962105274200439453125" lon="-8.83923632092773914337158203125">
        <ele>421.600006103515625</ele>
        <time>2025-10-21T11:43:03.000Z</time>
        <extensions>
          <ns3:TrackPointExtension>
            <ns3:hr>87</ns3:hr>
            <ns3:cad>56</ns3:cad>
          </ns3:TrackPointExtension>
        </extensions>
      </trkpt>
      <trkpt lat="42.93595743365585803985595703125" lon="-8.83926750160753726959228515625">
        <ele>421.600006103515625</ele>
        <time>2025-10-21T11:43:05.000Z</time>
        <extensions>
          <ns3:TrackPointExtension>
            <ns3:hr>87</ns3:hr>
            <ns3:cad>57</ns3:cad>
          </ns3:TrackPointExtension>
        </extensions>
      </trkpt>
      <trkpt lat="42.935992889106273651123046875" lon="-8.83938501589000225067138671875">
        <ele>420.399993896484375</ele>
        <time>2025-10-21T11:43:13.000Z</time>
        <extensions>
          <ns3:TrackPointExtension>
            <ns3:hr>87</ns3:hr>
            <ns3:cad>57</ns3:cad>
          </ns3:TrackPointExtension>
        </extensions>
      </trkpt>
      <trkpt lat="42.9360088147222995758056640625" lon="-8.8394291885197162628173828125">
        <ele>419.600006103515625</ele>
        <time>2025-10-21T11:43:16.000Z</time>
        <extensions>
          <ns3:TrackPointExtension>
            <ns3:hr>87</ns3:hr>
            <ns3:cad>57</ns3:cad>
          </ns3:TrackPointExtension>
        </extensions>
      </trkpt>
      <trkpt lat="42.93607394210994243621826171875" lon="-8.83960713632404804229736328125">
        <ele>419.600006103515625</ele>
        <time>2025-10-21T11:43:28.000Z</time>
        <extensions>
          <ns3:TrackPointExtension>
            <ns3:hr>88</ns3:hr>
            <ns3:cad>57</ns3:cad>
          </ns3:TrackPointExtension>
        </extensions>
      </trkpt>
      <trkpt lat="42.9361093975603580474853515625" lon="-8.83974275551736354827880859375">
        <ele>419.20001220703125</ele>
        <time>2025-10-21T11:43:37.000Z</time>
        <extensions>
          <ns3:TrackPointExtension>
            <ns3:hr>87</ns3:hr>
            <ns3:cad>57</ns3:cad>
          </ns3:TrackPointExtension>
        </extensions>
      </trkpt>
      <trkpt lat="42.93612741865217685699462890625" lon="-8.83978483267128467559814453125">
        <ele>418.600006103515625</ele>
        <time>2025-10-21T11:43:40.000Z</time>
        <extensions>
          <ns3:TrackPointExtension>
            <ns3:hr>87</ns3:hr>
            <ns3:cad>57</ns3:cad>
          </ns3:TrackPointExtension>
        </extensions>
      </trkpt>
      <trkpt lat="42.9361660592257976531982421875" lon="-8.8398836553096771240234375">
        <ele>418.399993896484375</ele>
        <time>2025-10-21T11:43:49.000Z</time>
        <extensions>
          <ns3:TrackPointExtension>
            <ns3:hr>87</ns3:hr>
            <ns3:cad>57</ns3:cad>
          </ns3:TrackPointExtension>
        </extensions>
      </trkpt>
      <trkpt lat="42.93616983108222484588623046875" lon="-8.83989899419248104095458984375">
        <ele>418.20001220703125</ele>
        <time>2025-10-21T11:43:50.000Z</time>
        <extensions>
          <ns3:TrackPointExtension>
            <ns3:hr>87</ns3:hr>
            <ns3:cad>56</ns3:cad>
          </ns3:TrackPointExtension>
        </extensions>
      </trkpt>
      <trkpt lat="42.9361982457339763641357421875" lon="-8.83997795172035694122314453125">
        <ele>418.20001220703125</ele>
        <time>2025-10-21T11:43:56.000Z</time>
        <extensions>
          <ns3:TrackPointExtension>
            <ns3:hr>86</ns3:hr>
            <ns3:cad>56</ns3:cad>
          </ns3:TrackPointExtension>
        </extensions>
      </trkpt>
      <trkpt lat="42.93622858822345733642578125" lon="-8.840054310858249664306640625">
        <ele>417</ele>
        <time>2025-10-21T11:44:01.000Z</time>
        <extensions>
          <ns3:TrackPointExtension>
            <ns3:hr>87</ns3:hr>
            <ns3:cad>58</ns3:cad>
          </ns3:TrackPointExtension>
        </extensions>
      </trkpt>
      <trkpt lat="42.93625432066619396209716796875" lon="-8.8401208631694316864013671875">
        <ele>416.79998779296875</ele>
        <time>2025-10-21T11:44:06.000Z</time>
        <extensions>
          <ns3:TrackPointExtension>
            <ns3:hr>86</ns3:hr>
            <ns3:cad>57</ns3:cad>
          </ns3:TrackPointExtension>
        </extensions>
      </trkpt>
      <trkpt lat="42.93628198094666004180908203125" lon="-8.84020158089697360992431640625">
        <ele>416.79998779296875</ele>
        <time>2025-10-21T11:44:13.000Z</time>
        <extensions>
          <ns3:TrackPointExtension>
            <ns3:hr>87</ns3:hr>
            <ns3:cad>57</ns3:cad>
          </ns3:TrackPointExtension>
        </extensions>
      </trkpt>
      <trkpt lat="42.9363405704498291015625" lon="-8.840379528701305389404296875">
        <ele>416.399993896484375</ele>
        <time>2025-10-21T11:44:24.000Z</time>
        <extensions>
          <ns3:TrackPointExtension>
            <ns3:hr>86</ns3:hr>
            <ns3:cad>57</ns3:cad>
          </ns3:TrackPointExtension>
        </extensions>
      </trkpt>
      <trkpt lat="42.9363980703055858612060546875" lon="-8.84055227972567081451416015625">
        <ele>416.20001220703125</ele>
        <time>2025-10-21T11:44:36.000Z</time>
        <extensions>
          <ns3:TrackPointExtension>
            <ns3:hr>86</ns3:hr>
            <ns3:cad>57</ns3:cad>
          </ns3:TrackPointExtension>
        </extensions>
      </trkpt>
      <trkpt lat="42.93640703894197940826416015625" lon="-8.84058178402483463287353515625">
        <ele>415.79998779296875</ele>
        <time>2025-10-21T11:44:38.000Z</time>
        <extensions>
          <ns3:TrackPointExtension>
            <ns3:hr>87</ns3:hr>
            <ns3:cad>57</ns3:cad>
          </ns3:TrackPointExtension>
        </extensions>
      </trkpt>
      <trkpt lat="42.936436794698238372802734375" lon="-8.84065856225788593292236328125">
        <ele>414.79998779296875</ele>
        <time>2025-10-21T11:44:43.000Z</time>
        <extensions>
          <ns3:TrackPointExtension>
            <ns3:hr>88</ns3:hr>
            <ns3:cad>57</ns3:cad>
          </ns3:TrackPointExtension>
        </extensions>
      </trkpt>
      <trkpt lat="42.9364607669413089752197265625" lon="-8.84072544984519481658935546875">
        <ele>414.20001220703125</ele>
        <time>2025-10-21T11:44:48.000Z</time>
        <extensions>
          <ns3:TrackPointExtension>
            <ns3:hr>88</ns3:hr>
            <ns3:cad>57</ns3:cad>
          </ns3:TrackPointExtension>
        </extensions>
      </trkpt>
      <trkpt lat="42.93647878803312778472900390625" lon="-8.8407733105123043060302734375">
        <ele>413.79998779296875</ele>
        <time>2025-10-21T11:44:51.000Z</time>
        <extensions>
          <ns3:TrackPointExtension>
            <ns3:hr>89</ns3:hr>
            <ns3:cad>57</ns3:cad>
          </ns3:TrackPointExtension>
        </extensions>
      </trkpt>
      <trkpt lat="42.936516590416431427001953125" lon="-8.84086056612432003021240234375">
        <ele>412.600006103515625</ele>
        <time>2025-10-21T11:44:57.000Z</time>
        <extensions>
          <ns3:TrackPointExtension>
            <ns3:hr>89</ns3:hr>
            <ns3:cad>57</ns3:cad>
          </ns3:TrackPointExtension>
        </extensions>
      </trkpt>
      <trkpt lat="42.936527319252490997314453125" lon="-8.84089283645153045654296875">
        <ele>412.399993896484375</ele>
        <time>2025-10-21T11:44:59.000Z</time>
        <extensions>
          <ns3:TrackPointExtension>
            <ns3:hr>89</ns3:hr>
            <ns3:cad>57</ns3:cad>
          </ns3:TrackPointExtension>
        </extensions>
      </trkpt>
      <trkpt lat="42.93656176887452602386474609375" lon="-8.84106541983783245086669921875">
        <ele>412.79998779296875</ele>
        <time>2025-10-21T11:45:10.000Z</time>
        <extensions>
          <ns3:TrackPointExtension>
            <ns3:hr>89</ns3:hr>
            <ns3:cad>56</ns3:cad>
          </ns3:TrackPointExtension>
        </extensions>
      </trkpt>
      <trkpt lat="42.9365626908838748931884765625" lon="-8.84108595550060272216796875">
        <ele>412</ele>
        <time>2025-10-21T11:45:15.000Z</time>
        <extensions>
          <ns3:TrackPointExtension>
            <ns3:hr>89</ns3:hr>
            <ns3:cad>0</ns3:cad>
          </ns3:TrackPointExtension>
        </extensions>
      </trkpt>
      <trkpt lat="42.93657593429088592529296875" lon="-8.841128535568714141845703125">
        <ele>411.600006103515625</ele>
        <time>2025-10-21T11:45:18.000Z</time>
        <extensions>
          <ns3:TrackPointExtension>
            <ns3:hr>89</ns3:hr>
            <ns3:cad>0</ns3:cad>
          </ns3:TrackPointExtension>
        </extensions>
      </trkpt>
      <trkpt lat="42.93660015799105167388916015625" lon="-8.84120221249759197235107421875">
        <ele>410.600006103515625</ele>
        <time>2025-10-21T11:45:23.000Z</time>
        <extensions>
          <ns3:TrackPointExtension>
            <ns3:hr>89</ns3:hr>
            <ns3:cad>57</ns3:cad>
          </ns3:TrackPointExtension>
        </extensions>
      </trkpt>
      <trkpt lat="42.93660585768520832061767578125" lon="-8.8412328064441680908203125">
        <ele>410.399993896484375</ele>
        <time>2025-10-21T11:45:25.000Z</time>
        <extensions>
          <ns3:TrackPointExtension>
            <ns3:hr>89</ns3:hr>
            <ns3:cad>57</ns3:cad>
          </ns3:TrackPointExtension>
        </extensions>
      </trkpt>
      <trkpt lat="42.9366128146648406982421875" lon="-8.84131570346653461456298828125">
        <ele>409.399993896484375</ele>
        <time>2025-10-21T11:45:30.000Z</time>
        <extensions>
          <ns3:TrackPointExtension>
            <ns3:hr>89</ns3:hr>
            <ns3:cad>57</ns3:cad>
          </ns3:TrackPointExtension>
        </extensions>
      </trkpt>
      <trkpt lat="42.93661415576934814453125" lon="-8.84136180393397808074951171875">
        <ele>408.79998779296875</ele>
        <time>2025-10-21T11:45:33.000Z</time>
        <extensions>
          <ns3:TrackPointExtension>
            <ns3:hr>90</ns3:hr>
            <ns3:cad>57</ns3:cad>
          </ns3:TrackPointExtension>
        </extensions>
      </trkpt>
      <trkpt lat="42.93663636781275272369384765625" lon="-8.84153245948255062103271484375">
        <ele>409</ele>
        <time>2025-10-21T11:45:43.000Z</time>
        <extensions>
          <ns3:TrackPointExtension>
            <ns3:hr>89</ns3:hr>
            <ns3:cad>57</ns3:cad>
          </ns3:TrackPointExtension>
        </extensions>
      </trkpt>
      <trkpt lat="42.93664910830557346343994140625" lon="-8.84162600152194499969482421875">
        <ele>408.20001220703125</ele>
        <time>2025-10-21T11:45:49.000Z</time>
        <extensions>
          <ns3:TrackPointExtension>
            <ns3:hr>89</ns3:hr>
            <ns3:cad>57</ns3:cad>
          </ns3:TrackPointExtension>
        </extensions>
      </trkpt>
      <trkpt lat="42.93665531091392040252685546875" lon="-8.841685764491558074951171875">
        <ele>407.600006103515625</ele>
        <time>2025-10-21T11:45:53.000Z</time>
        <extensions>
          <ns3:TrackPointExtension>
            <ns3:hr>90</ns3:hr>
            <ns3:cad>57</ns3:cad>
          </ns3:TrackPointExtension>
        </extensions>
      </trkpt>
      <trkpt lat="42.93670694343745708465576171875" lon="-8.84188701398670673370361328125">
        <ele>408</ele>
        <time>2025-10-21T11:46:06.000Z</time>
        <extensions>
          <ns3:TrackPointExtension>
            <ns3:hr>89</ns3:hr>
            <ns3:cad>56</ns3:cad>
          </ns3:TrackPointExtension>
        </extensions>
      </trkpt>
      <trkpt lat="42.93676092289388179779052734375" lon="-8.84201525710523128509521484375">
        <ele>407.79998779296875</ele>
        <time>2025-10-21T11:46:15.000Z</time>
        <extensions>
          <ns3:TrackPointExtension>
            <ns3:hr>90</ns3:hr>
            <ns3:cad>55</ns3:cad>
          </ns3:TrackPointExtension>
        </extensions>
      </trkpt>
      <trkpt lat="42.93681867420673370361328125" lon="-8.84211190044879913330078125">
        <ele>408.600006103515625</ele>
        <time>2025-10-21T11:46:23.000Z</time>
        <extensions>
          <ns3:TrackPointExtension>
            <ns3:hr>93</ns3:hr>
            <ns3:cad>55</ns3:cad>
          </ns3:TrackPointExtension>
        </extensions>
      </trkpt>
      <trkpt lat="42.9368470050394535064697265625" lon="-8.84214132092893123626708984375">
        <ele>409</ele>
        <time>2025-10-21T11:46:26.000Z</time>
        <extensions>
          <ns3:TrackPointExtension>
            <ns3:hr>94</ns3:hr>
            <ns3:cad>55</ns3:cad>
          </ns3:TrackPointExtension>
        </extensions>
      </trkpt>
      <trkpt lat="42.9368825443089008331298828125" lon="-8.8421871699392795562744140625">
        <ele>409.20001220703125</ele>
        <time>2025-10-21T11:46:30.000Z</time>
        <extensions>
          <ns3:TrackPointExtension>
            <ns3:hr>97</ns3:hr>
            <ns3:cad>55</ns3:cad>
          </ns3:TrackPointExtension>
        </extensions>
      </trkpt>
      <trkpt lat="42.93691121041774749755859375" lon="-8.84225179441273212432861328125">
        <ele>409.399993896484375</ele>
        <time>2025-10-21T11:46:35.000Z</time>
        <extensions>
          <ns3:TrackPointExtension>
            <ns3:hr>99</ns3:hr>
            <ns3:cad>55</ns3:cad>
          </ns3:TrackPointExtension>
        </extensions>
      </trkpt>
      <trkpt lat="42.93693174608051776885986328125" lon="-8.842289932072162628173828125">
        <ele>409.399993896484375</ele>
        <time>2025-10-21T11:46:38.000Z</time>
        <extensions>
          <ns3:TrackPointExtension>
            <ns3:hr>101</ns3:hr>
            <ns3:cad>54</ns3:cad>
          </ns3:TrackPointExtension>
        </extensions>
      </trkpt>
      <trkpt lat="42.93699561618268489837646484375" lon="-8.84236243553459644317626953125">
        <ele>410</ele>
        <time>2025-10-21T11:46:45.000Z</time>
        <extensions>
          <ns3:TrackPointExtension>
            <ns3:hr>104</ns3:hr>
            <ns3:cad>53</ns3:cad>
          </ns3:TrackPointExtension>
        </extensions>
      </trkpt>
      <trkpt lat="42.93703685514628887176513671875" lon="-8.8424332626163959503173828125">
        <ele>410</ele>
        <time>2025-10-21T11:46:51.000Z</time>
        <extensions>
          <ns3:TrackPointExtension>
            <ns3:hr>105</ns3:hr>
            <ns3:cad>53</ns3:cad>
          </ns3:TrackPointExtension>
        </extensions>
      </trkpt>
      <trkpt lat="42.937100641429424285888671875" lon="-8.84254717268049716949462890625">
        <ele>410.399993896484375</ele>
        <time>2025-10-21T11:47:00.000Z</time>
        <extensions>
          <ns3:TrackPointExtension>
            <ns3:hr>106</ns3:hr>
            <ns3:cad>53</ns3:cad>
          </ns3:TrackPointExtension>
        </extensions>
      </trkpt>
      <trkpt lat="42.93712033890187740325927734375" lon="-8.8425846397876739501953125">
        <ele>411.20001220703125</ele>
        <time>2025-10-21T11:47:03.000Z</time>
        <extensions>
          <ns3:TrackPointExtension>
            <ns3:hr>106</ns3:hr>
            <ns3:cad>53</ns3:cad>
          </ns3:TrackPointExtension>
        </extensions>
      </trkpt>
      <trkpt lat="42.937134839594364166259765625" lon="-8.84260769002139568328857421875">
        <ele>411.600006103515625</ele>
        <time>2025-10-21T11:47:05.000Z</time>
        <extensions>
          <ns3:TrackPointExtension>
            <ns3:hr>107</ns3:hr>
            <ns3:cad>54</ns3:cad>
          </ns3:TrackPointExtension>
        </extensions>
      </trkpt>
      <trkpt lat="42.93718638829886913299560546875" lon="-8.84269754402339458465576171875">
        <ele>411.600006103515625</ele>
        <time>2025-10-21T11:47:13.000Z</time>
        <extensions>
          <ns3:TrackPointExtension>
            <ns3:hr>108</ns3:hr>
            <ns3:cad>53</ns3:cad>
          </ns3:TrackPointExtension>
        </extensions>
      </trkpt>
      <trkpt lat="42.93722125701606273651123046875" lon="-8.8427521102130413055419921875">
        <ele>411.79998779296875</ele>
        <time>2025-10-21T11:47:19.000Z</time>
        <extensions>
          <ns3:TrackPointExtension>
            <ns3:hr>109</ns3:hr>
            <ns3:cad>53</ns3:cad>
          </ns3:TrackPointExtension>
        </extensions>
      </trkpt>
      <trkpt lat="42.9372523538768291473388671875" lon="-8.84279854595661163330078125">
        <ele>412</ele>
        <time>2025-10-21T11:47:24.000Z</time>
        <extensions>
          <ns3:TrackPointExtension>
            <ns3:hr>109</ns3:hr>
            <ns3:cad>56</ns3:cad>
          </ns3:TrackPointExtension>
        </extensions>
      </trkpt>
      <trkpt lat="42.93733223341405391693115234375" lon="-8.842947073280811309814453125">
        <ele>412.20001220703125</ele>
        <time>2025-10-21T11:47:35.000Z</time>
        <extensions>
          <ns3:TrackPointExtension>
            <ns3:hr>108</ns3:hr>
            <ns3:cad>56</ns3:cad>
          </ns3:TrackPointExtension>
        </extensions>
      </trkpt>
      <trkpt lat="42.93740314431488513946533203125" lon="-8.843063414096832275390625">
        <ele>411.79998779296875</ele>
        <time>2025-10-21T11:47:44.000Z</time>
        <extensions>
          <ns3:TrackPointExtension>
            <ns3:hr>107</ns3:hr>
            <ns3:cad>57</ns3:cad>
          </ns3:TrackPointExtension>
        </extensions>
      </trkpt>
      <trkpt lat="42.93747992254793643951416015625" lon="-8.84319442324340343475341796875">
        <ele>410.79998779296875</ele>
        <time>2025-10-21T11:47:54.000Z</time>
        <extensions>
          <ns3:TrackPointExtension>
            <ns3:hr>106</ns3:hr>
            <ns3:cad>57</ns3:cad>
          </ns3:TrackPointExtension>
        </extensions>
      </trkpt>
      <trkpt lat="42.937496267259120941162109375" lon="-8.8432194851338863372802734375">
        <ele>410.600006103515625</ele>
        <time>2025-10-21T11:47:56.000Z</time>
        <extensions>
          <ns3:TrackPointExtension>
            <ns3:hr>106</ns3:hr>
            <ns3:cad>58</ns3:cad>
          </ns3:TrackPointExtension>
        </extensions>
      </trkpt>
      <trkpt lat="42.9375618137419223785400390625" lon="-8.84333373047411441802978515625">
        <ele>409.600006103515625</ele>
        <time>2025-10-21T11:48:05.000Z</time>
        <extensions>
          <ns3:TrackPointExtension>
            <ns3:hr>105</ns3:hr>
            <ns3:cad>58</ns3:cad>
          </ns3:TrackPointExtension>
        </extensions>
      </trkpt>
      <trkpt lat="42.93757631443440914154052734375" lon="-8.84335937909781932830810546875">
        <ele>409.20001220703125</ele>
        <time>2025-10-21T11:48:07.000Z</time>
        <extensions>
          <ns3:TrackPointExtension>
            <ns3:hr>105</ns3:hr>
            <ns3:cad>58</ns3:cad>
          </ns3:TrackPointExtension>
        </extensions>
      </trkpt>
      <trkpt lat="42.937633730471134185791015625" lon="-8.8434696011245250701904296875">
        <ele>408.399993896484375</ele>
        <time>2025-10-21T11:48:15.000Z</time>
        <extensions>
          <ns3:TrackPointExtension>
            <ns3:hr>105</ns3:hr>
            <ns3:cad>57</ns3:cad>
          </ns3:TrackPointExtension>
        </extensions>
      </trkpt>
      <trkpt lat="42.93766281567513942718505859375" lon="-8.84352416731417179107666015625">
        <ele>408</ele>
        <time>2025-10-21T11:48:19.000Z</time>
        <extensions>
          <ns3:TrackPointExtension>
            <ns3:hr>105</ns3:hr>
            <ns3:cad>58</ns3:cad>
          </ns3:TrackPointExtension>
        </extensions>
      </trkpt>
      <trkpt lat="42.93770380318164825439453125" lon="-8.84361469186842441558837890625">
        <ele>407.399993896484375</ele>
        <time>2025-10-21T11:48:25.000Z</time>
        <extensions>
          <ns3:TrackPointExtension>
            <ns3:hr>104</ns3:hr>
            <ns3:cad>59</ns3:cad>
          </ns3:TrackPointExtension>
        </extensions>
      </trkpt>
      <trkpt lat="42.93773976154625415802001953125" lon="-8.843712508678436279296875">
        <ele>406.20001220703125</ele>
        <time>2025-10-21T11:48:31.000Z</time>
        <extensions>
          <ns3:TrackPointExtension>
            <ns3:hr>103</ns3:hr>
            <ns3:cad>59</ns3:cad>
          </ns3:TrackPointExtension>
        </extensions>
      </trkpt>
      <trkpt lat="42.9377447068691253662109375" lon="-8.8437280990183353424072265625">
        <ele>406.20001220703125</ele>
        <time>2025-10-21T11:48:32.000Z</time>
        <extensions>
          <ns3:TrackPointExtension>
            <ns3:hr>103</ns3:hr>
            <ns3:cad>59</ns3:cad>
          </ns3:TrackPointExtension>
        </extensions>
      </trkpt>
      <trkpt lat="42.93780832551419734954833984375" lon="-8.84388215839862823486328125">
        <ele>405.20001220703125</ele>
        <time>2025-10-21T11:48:42.000Z</time>
        <extensions>
          <ns3:TrackPointExtension>
            <ns3:hr>104</ns3:hr>
            <ns3:cad>59</ns3:cad>
          </ns3:TrackPointExtension>
        </extensions>
      </trkpt>
      <trkpt lat="42.93781737796962261199951171875" lon="-8.84389632381498813629150390625">
        <ele>405.20001220703125</ele>
        <time>2025-10-21T11:48:43.000Z</time>
        <extensions>
          <ns3:TrackPointExtension>
            <ns3:hr>104</ns3:hr>
            <ns3:cad>59</ns3:cad>
          </ns3:TrackPointExtension>
        </extensions>
      </trkpt>
      <trkpt lat="42.93790765106678009033203125" lon="-8.844018280506134033203125">
        <ele>404.20001220703125</ele>
        <time>2025-10-21T11:48:53.000Z</time>
        <extensions>
          <ns3:TrackPointExtension>
            <ns3:hr>103</ns3:hr>
            <ns3:cad>59</ns3:cad>
          </ns3:TrackPointExtension>
        </extensions>
      </trkpt>
      <trkpt lat="42.9379245825111865997314453125" lon="-8.84404133073985576629638671875">
        <ele>404</ele>
        <time>2025-10-21T11:48:55.000Z</time>
        <extensions>
          <ns3:TrackPointExtension>
            <ns3:hr>103</ns3:hr>
            <ns3:cad>59</ns3:cad>
          </ns3:TrackPointExtension>
        </extensions>
      </trkpt>
      <trkpt lat="42.93799222446978092193603515625" lon="-8.84409598074853420257568359375">
        <ele>403.20001220703125</ele>
        <time>2025-10-21T11:49:01.000Z</time>
        <extensions>
          <ns3:TrackPointExtension>
            <ns3:hr>103</ns3:hr>
            <ns3:cad>59</ns3:cad>
          </ns3:TrackPointExtension>
        </extensions>
      </trkpt>
      <trkpt lat="42.9380432702600955963134765625" lon="-8.84414191357791423797607421875">
        <ele>402.600006103515625</ele>
        <time>2025-10-21T11:49:06.000Z</time>
        <extensions>
          <ns3:TrackPointExtension>
            <ns3:hr>103</ns3:hr>
            <ns3:cad>58</ns3:cad>
          </ns3:TrackPointExtension>
        </extensions>
      </trkpt>
      <trkpt lat="42.93807554058730602264404296875" lon="-8.844173848628997802734375">
        <ele>402.600006103515625</ele>
        <time>2025-10-21T11:49:13.000Z</time>
        <extensions>
          <ns3:TrackPointExtension>
            <ns3:hr>102</ns3:hr>
            <ns3:cad>0</ns3:cad>
          </ns3:TrackPointExtension>
        </extensions>
      </trkpt>
      <trkpt lat="42.93807554058730602264404296875" lon="-8.844173848628997802734375">
        <ele>402.600006103515625</ele>
        <time>2025-10-21T11:49:20.000Z</time>
        <extensions>
          <ns3:TrackPointExtension>
            <ns3:hr>99</ns3:hr>
            <ns3:cad>0</ns3:cad>
          </ns3:TrackPointExtension>
        </extensions>
      </trkpt>
      <trkpt lat="42.93809833936393260955810546875" lon="-8.84419673122465610504150390625">
        <ele>402.79998779296875</ele>
        <time>2025-10-21T11:49:24.000Z</time>
        <extensions>
          <ns3:TrackPointExtension>
            <ns3:hr>98</ns3:hr>
            <ns3:cad>0</ns3:cad>
          </ns3:TrackPointExtension>
        </extensions>
      </trkpt>
      <trkpt lat="42.938137315213680267333984375" lon="-8.84422975592315196990966796875">
        <ele>402</ele>
        <time>2025-10-21T11:49:28.000Z</time>
        <extensions>
          <ns3:TrackPointExtension>
            <ns3:hr>98</ns3:hr>
            <ns3:cad>57</ns3:cad>
          </ns3:TrackPointExtension>
        </extensions>
      </trkpt>
      <trkpt lat="42.9382140934467315673828125" lon="-8.84429412893950939178466796875">
        <ele>401.399993896484375</ele>
        <time>2025-10-21T11:49:35.000Z</time>
        <extensions>
          <ns3:TrackPointExtension>
            <ns3:hr>96</ns3:hr>
            <ns3:cad>59</ns3:cad>
          </ns3:TrackPointExtension>
        </extensions>
      </trkpt>
      <trkpt lat="42.93831040151417255401611328125" lon="-8.84436436928808689117431640625">
        <ele>401</ele>
        <time>2025-10-21T11:49:44.000Z</time>
        <extensions>
          <ns3:TrackPointExtension>
            <ns3:hr>95</ns3:hr>
            <ns3:cad>59</ns3:cad>
          </ns3:TrackPointExtension>
        </extensions>
      </trkpt>
      <trkpt lat="42.9383513890206813812255859375" lon="-8.84439890272915363311767578125">
        <ele>400.399993896484375</ele>
        <time>2025-10-21T11:49:48.000Z</time>
        <extensions>
          <ns3:TrackPointExtension>
            <ns3:hr>95</ns3:hr>
            <ns3:cad>59</ns3:cad>
          </ns3:TrackPointExtension>
        </extensions>
      </trkpt>
      <trkpt lat="42.9383946396410465240478515625" lon="-8.8444305025041103363037109375">
        <ele>399.79998779296875</ele>
        <time>2025-10-21T11:49:52.000Z</time>
        <extensions>
          <ns3:TrackPointExtension>
            <ns3:hr>96</ns3:hr>
            <ns3:cad>58</ns3:cad>
          </ns3:TrackPointExtension>
        </extensions>
      </trkpt>
      <trkpt lat="42.93854358606040477752685546875" lon="-8.84456117637455463409423828125">
        <ele>399.399993896484375</ele>
        <time>2025-10-21T11:50:06.000Z</time>
        <extensions>
          <ns3:TrackPointExtension>
            <ns3:hr>95</ns3:hr>
            <ns3:cad>59</ns3:cad>
          </ns3:TrackPointExtension>
        </extensions>
      </trkpt>
      <trkpt lat="42.93861768208444118499755859375" lon="-8.8446169160306453704833984375">
        <ele>398.79998779296875</ele>
        <time>2025-10-21T11:50:13.000Z</time>
        <extensions>
          <ns3:TrackPointExtension>
            <ns3:hr>95</ns3:hr>
            <ns3:cad>59</ns3:cad>
          </ns3:TrackPointExtension>
        </extensions>
      </trkpt>
      <trkpt lat="42.938671074807643890380859375" lon="-8.84466209448873996734619140625">
        <ele>398.600006103515625</ele>
        <time>2025-10-21T11:50:18.000Z</time>
        <extensions>
          <ns3:TrackPointExtension>
            <ns3:hr>95</ns3:hr>
            <ns3:cad>59</ns3:cad>
          </ns3:TrackPointExtension>
        </extensions>
      </trkpt>
      <trkpt lat="42.9387111403048038482666015625" lon="-8.844694532454013824462890625">
        <ele>397.79998779296875</ele>
        <time>2025-10-21T11:50:22.000Z</time>
        <extensions>
          <ns3:TrackPointExtension>
            <ns3:hr>96</ns3:hr>
            <ns3:cad>59</ns3:cad>
          </ns3:TrackPointExtension>
        </extensions>
      </trkpt>
      <trkpt lat="42.93882303871214389801025390625" lon="-8.844795115292072296142578125">
        <ele>397</ele>
        <time>2025-10-21T11:50:33.000Z</time>
        <extensions>
          <ns3:TrackPointExtension>
            <ns3:hr>96</ns3:hr>
            <ns3:cad>59</ns3:cad>
          </ns3:TrackPointExtension>
        </extensions>
      </trkpt>
      <trkpt lat="42.9388603381812572479248046875" lon="-8.84483258239924907684326171875">
        <ele>396.600006103515625</ele>
        <time>2025-10-21T11:50:37.000Z</time>
        <extensions>
          <ns3:TrackPointExtension>
            <ns3:hr>96</ns3:hr>
            <ns3:cad>59</ns3:cad>
          </ns3:TrackPointExtension>
        </extensions>
      </trkpt>
      <trkpt lat="42.9389475099742412567138671875" lon="-8.8449384458363056182861328125">
        <ele>396</ele>
        <time>2025-10-21T11:50:46.000Z</time>
        <extensions>
          <ns3:TrackPointExtension>
            <ns3:hr>95</ns3:hr>
            <ns3:cad>59</ns3:cad>
          </ns3:TrackPointExtension>
        </extensions>
      </trkpt>
      <trkpt lat="42.9389964602887630462646484375" lon="-8.84500944055616855621337890625">
        <ele>395.399993896484375</ele>
        <time>2025-10-21T11:50:52.000Z</time>
        <extensions>
          <ns3:TrackPointExtension>
            <ns3:hr>95</ns3:hr>
            <ns3:cad>59</ns3:cad>
          </ns3:TrackPointExtension>
        </extensions>
      </trkpt>
      <trkpt lat="42.93905161321163177490234375" lon="-8.84512293152511119842529296875">
        <ele>394.399993896484375</ele>
        <time>2025-10-21T11:51:00.000Z</time>
        <extensions>
          <ns3:TrackPointExtension>
            <ns3:hr>94</ns3:hr>
            <ns3:cad>59</ns3:cad>
          </ns3:TrackPointExtension>
        </extensions>
      </trkpt>
      <trkpt lat="42.93905873782932758331298828125" lon="-8.84513500146567821502685546875">
        <ele>394.399993896484375</ele>
        <time>2025-10-21T11:51:01.000Z</time>
        <extensions>
          <ns3:TrackPointExtension>
            <ns3:hr>93</ns3:hr>
            <ns3:cad>59</ns3:cad>
          </ns3:TrackPointExtension>
        </extensions>
      </trkpt>
      <trkpt lat="42.9390869848430156707763671875" lon="-8.84518914856016635894775390625">
        <ele>394</ele>
        <time>2025-10-21T11:51:05.000Z</time>
        <extensions>
          <ns3:TrackPointExtension>
            <ns3:hr>90</ns3:hr>
            <ns3:cad>59</ns3:cad>
          </ns3:TrackPointExtension>
        </extensions>
      </trkpt>
      <trkpt lat="42.93911875225603580474853515625" lon="-8.84525838308036327362060546875">
        <ele>393.20001220703125</ele>
        <time>2025-10-21T11:51:10.000Z</time>
        <extensions>
          <ns3:TrackPointExtension>
            <ns3:hr>90</ns3:hr>
            <ns3:cad>59</ns3:cad>
          </ns3:TrackPointExtension>
        </extensions>
      </trkpt>
      <trkpt lat="42.9391523636877536773681640625" lon="-8.84532912634313106536865234375">
        <ele>393.20001220703125</ele>
        <time>2025-10-21T11:51:15.000Z</time>
        <extensions>
          <ns3:TrackPointExtension>
            <ns3:hr>90</ns3:hr>
            <ns3:cad>59</ns3:cad>
          </ns3:TrackPointExtension>
        </extensions>
      </trkpt>
      <trkpt lat="42.9391915909945964813232421875" lon="-8.845397941768169403076171875">
        <ele>392.20001220703125</ele>
        <time>2025-10-21T11:51:20.000Z</time>
        <extensions>
          <ns3:TrackPointExtension>
            <ns3:hr>89</ns3:hr>
            <ns3:cad>59</ns3:cad>
          </ns3:TrackPointExtension>
        </extensions>
      </trkpt>
      <trkpt lat="42.9392386972904205322265625" lon="-8.8454805873334407806396484375">
        <ele>391.600006103515625</ele>
        <time>2025-10-21T11:51:26.000Z</time>
        <extensions>
          <ns3:TrackPointExtension>
            <ns3:hr>89</ns3:hr>
            <ns3:cad>59</ns3:cad>
          </ns3:TrackPointExtension>
        </extensions>
      </trkpt>
      <trkpt lat="42.9392908327281475067138671875" lon="-8.8455526717007160186767578125">
        <ele>391.20001220703125</ele>
        <time>2025-10-21T11:51:32.000Z</time>
        <extensions>
          <ns3:TrackPointExtension>
            <ns3:hr>88</ns3:hr>
            <ns3:cad>60</ns3:cad>
          </ns3:TrackPointExtension>
        </extensions>
      </trkpt>
      <trkpt lat="42.939368449151515960693359375" lon="-8.8456294499337673187255859375">
        <ele>390.600006103515625</ele>
        <time>2025-10-21T11:51:40.000Z</time>
        <extensions>
          <ns3:TrackPointExtension>
            <ns3:hr>89</ns3:hr>
            <ns3:cad>60</ns3:cad>
          </ns3:TrackPointExtension>
        </extensions>
      </trkpt>
      <trkpt lat="42.93949677608907222747802734375" lon="-8.845715783536434173583984375">
        <ele>390.79998779296875</ele>
        <time>2025-10-21T11:51:51.000Z</time>
        <extensions>
          <ns3:TrackPointExtension>
            <ns3:hr>88</ns3:hr>
            <ns3:cad>59</ns3:cad>
          </ns3:TrackPointExtension>
        </extensions>
      </trkpt>
      <trkpt lat="42.939629964530467987060546875" lon="-8.8458027876913547515869140625">
        <ele>390.600006103515625</ele>
        <time>2025-10-21T11:52:03.000Z</time>
        <extensions>
          <ns3:TrackPointExtension>
            <ns3:hr>87</ns3:hr>
            <ns3:cad>59</ns3:cad>
          </ns3:TrackPointExtension>
        </extensions>
      </trkpt>
      <trkpt lat="42.93973733671009540557861328125" lon="-8.845854587852954864501953125">
        <ele>390.20001220703125</ele>
        <time>2025-10-21T11:52:12.000Z</time>
        <extensions>
          <ns3:TrackPointExtension>
            <ns3:hr>88</ns3:hr>
            <ns3:cad>59</ns3:cad>
          </ns3:TrackPointExtension>
        </extensions>
      </trkpt>
      <trkpt lat="42.9398126900196075439453125" lon="-8.84588099084794521331787109375">
        <ele>390.20001220703125</ele>
        <time>2025-10-21T11:52:18.000Z</time>
        <extensions>
          <ns3:TrackPointExtension>
            <ns3:hr>88</ns3:hr>
            <ns3:cad>59</ns3:cad>
          </ns3:TrackPointExtension>
        </extensions>
      </trkpt>
      <trkpt lat="42.93998368084430694580078125" lon="-8.84596698917448520660400390625">
        <ele>390.399993896484375</ele>
        <time>2025-10-21T11:52:33.000Z</time>
        <extensions>
          <ns3:TrackPointExtension>
            <ns3:hr>87</ns3:hr>
            <ns3:cad>59</ns3:cad>
          </ns3:TrackPointExtension>
        </extensions>
      </trkpt>
      <trkpt lat="42.9401586949825286865234375" lon="-8.8460475392639636993408203125">
        <ele>390.399993896484375</ele>
        <time>2025-10-21T11:52:48.000Z</time>
        <extensions>
          <ns3:TrackPointExtension>
            <ns3:hr>86</ns3:hr>
            <ns3:cad>58</ns3:cad>
          </ns3:TrackPointExtension>
        </extensions>
      </trkpt>
      <trkpt lat="42.94018358923494815826416015625" lon="-8.84606002829968929290771484375">
        <ele>390.399993896484375</ele>
        <time>2025-10-21T11:52:50.000Z</time>
        <extensions>
          <ns3:TrackPointExtension>
            <ns3:hr>86</ns3:hr>
            <ns3:cad>59</ns3:cad>
          </ns3:TrackPointExtension>
        </extensions>
      </trkpt>
      <trkpt lat="42.94034167192876338958740234375" lon="-8.84613965637981891632080078125">
        <ele>390.399993896484375</ele>
        <time>2025-10-21T11:53:04.000Z</time>
        <extensions>
          <ns3:TrackPointExtension>
            <ns3:hr>85</ns3:hr>
            <ns3:cad>59</ns3:cad>
          </ns3:TrackPointExtension>
        </extensions>
      </trkpt>
      <trkpt lat="42.94039531610906124114990234375" lon="-8.8461561687290668487548828125">
        <ele>390.399993896484375</ele>
        <time>2025-10-21T11:53:10.000Z</time>
        <extensions>
          <ns3:TrackPointExtension>
            <ns3:hr>86</ns3:hr>
            <ns3:cad>59</ns3:cad>
          </ns3:TrackPointExtension>
        </extensions>
      </trkpt>
      <trkpt lat="42.94054367579519748687744140625" lon="-8.846220038831233978271484375">
        <ele>390</ele>
        <time>2025-10-21T11:53:22.000Z</time>
        <extensions>
          <ns3:TrackPointExtension>
            <ns3:hr>85</ns3:hr>
            <ns3:cad>59</ns3:cad>
          </ns3:TrackPointExtension>
        </extensions>
      </trkpt>
      <trkpt lat="42.940690778195858001708984375" lon="-8.84630327112972736358642578125">
        <ele>389.600006103515625</ele>
        <time>2025-10-21T11:53:36.000Z</time>
        <extensions>
          <ns3:TrackPointExtension>
            <ns3:hr>85</ns3:hr>
            <ns3:cad>58</ns3:cad>
          </ns3:TrackPointExtension>
        </extensions>
      </trkpt>
      <trkpt lat="42.94075557030737400054931640625" lon="-8.846421875059604644775390625">
        <ele>389</ele>
        <time>2025-10-21T11:53:45.000Z</time>
        <extensions>
          <ns3:TrackPointExtension>
            <ns3:hr>86</ns3:hr>
            <ns3:cad>58</ns3:cad>
          </ns3:TrackPointExtension>
        </extensions>
      </trkpt>
      <trkpt lat="42.94076177291572093963623046875" lon="-8.8464337773621082305908203125">
        <ele>389</ele>
        <time>2025-10-21T11:53:46.000Z</time>
        <extensions>
          <ns3:TrackPointExtension>
            <ns3:hr>85</ns3:hr>
            <ns3:cad>59</ns3:cad>
          </ns3:TrackPointExtension>
        </extensions>
      </trkpt>
      <trkpt lat="42.94084374792873859405517578125" lon="-8.846480213105678558349609375">
        <ele>388.600006103515625</ele>
        <time>2025-10-21T11:53:54.000Z</time>
        <extensions>
          <ns3:TrackPointExtension>
            <ns3:hr>86</ns3:hr>
            <ns3:cad>56</ns3:cad>
          </ns3:TrackPointExtension>
        </extensions>
      </trkpt>
      <trkpt lat="42.94092890806496143341064453125" lon="-8.8465095497667789459228515625">
        <ele>388.20001220703125</ele>
        <time>2025-10-21T11:54:01.000Z</time>
        <extensions>
          <ns3:TrackPointExtension>
            <ns3:hr>86</ns3:hr>
            <ns3:cad>57</ns3:cad>
          </ns3:TrackPointExtension>
        </extensions>
      </trkpt>
      <trkpt lat="42.94094986282289028167724609375" lon="-8.84651952423155307769775390625">
        <ele>388</ele>
        <time>2025-10-21T11:54:03.000Z</time>
        <extensions>
          <ns3:TrackPointExtension>
            <ns3:hr>86</ns3:hr>
            <ns3:cad>59</ns3:cad>
          </ns3:TrackPointExtension>
        </extensions>
      </trkpt>
      <trkpt lat="42.94104256667196750640869140625" lon="-8.8465601764619350433349609375">
        <ele>388</ele>
        <time>2025-10-21T11:54:11.000Z</time>
        <extensions>
          <ns3:TrackPointExtension>
            <ns3:hr>86</ns3:hr>
            <ns3:cad>59</ns3:cad>
          </ns3:TrackPointExtension>
        </extensions>
      </trkpt>
      <trkpt lat="42.9411620087921619415283203125" lon="-8.8466175086796283721923828125">
        <ele>387</ele>
        <time>2025-10-21T11:54:21.000Z</time>
        <extensions>
          <ns3:TrackPointExtension>
            <ns3:hr>86</ns3:hr>
            <ns3:cad>59</ns3:cad>
          </ns3:TrackPointExtension>
        </extensions>
      </trkpt>
      <trkpt lat="42.94122462160885334014892578125" lon="-8.84664474986493587493896484375">
        <ele>386.79998779296875</ele>
        <time>2025-10-21T11:54:26.000Z</time>
        <extensions>
          <ns3:TrackPointExtension>
            <ns3:hr>84</ns3:hr>
            <ns3:cad>59</ns3:cad>
          </ns3:TrackPointExtension>
        </extensions>
      </trkpt>
      <trkpt lat="42.94137465767562389373779296875" lon="-8.84671096689999103546142578125">
        <ele>386.20001220703125</ele>
        <time>2025-10-21T11:54:39.000Z</time>
        <extensions>
          <ns3:TrackPointExtension>
            <ns3:hr>84</ns3:hr>
            <ns3:cad>59</ns3:cad>
          </ns3:TrackPointExtension>
        </extensions>
      </trkpt>
      <trkpt lat="42.94138672761619091033935546875" lon="-8.84671725332736968994140625">
        <ele>386</ele>
        <time>2025-10-21T11:54:40.000Z</time>
        <extensions>
          <ns3:TrackPointExtension>
            <ns3:hr>84</ns3:hr>
            <ns3:cad>59</ns3:cad>
          </ns3:TrackPointExtension>
        </extensions>
      </trkpt>
      <trkpt lat="42.94155436567962169647216796875" lon="-8.8467827998101711273193359375">
        <ele>385.399993896484375</ele>
        <time>2025-10-21T11:54:53.000Z</time>
        <extensions>
          <ns3:TrackPointExtension>
            <ns3:hr>82</ns3:hr>
            <ns3:cad>59</ns3:cad>
          </ns3:TrackPointExtension>
        </extensions>
      </trkpt>
      <trkpt lat="42.9416531883180141448974609375" lon="-8.8468250446021556854248046875">
        <ele>385</ele>
        <time>2025-10-21T11:55:01.000Z</time>
        <extensions>
          <ns3:TrackPointExtension>
            <ns3:hr>84</ns3:hr>
            <ns3:cad>59</ns3:cad>
          </ns3:TrackPointExtension>
        </extensions>
      </trkpt>
      <trkpt lat="42.9416981153190135955810546875" lon="-8.84684465825557708740234375">
        <ele>384.79998779296875</ele>
        <time>2025-10-21T11:55:05.000Z</time>
        <extensions>
          <ns3:TrackPointExtension>
            <ns3:hr>85</ns3:hr>
            <ns3:cad>59</ns3:cad>
          </ns3:TrackPointExtension>
        </extensions>
      </trkpt>
      <trkpt lat="42.94175259768962860107421875" lon="-8.84686485864222049713134765625">
        <ele>384.600006103515625</ele>
        <time>2025-10-21T11:55:11.000Z</time>
        <extensions>
          <ns3:TrackPointExtension>
            <ns3:hr>85</ns3:hr>
            <ns3:cad>57</ns3:cad>
          </ns3:TrackPointExtension>
        </extensions>
      </trkpt>
      <trkpt lat="42.94184982776641845703125" lon="-8.84689168073236942291259765625">
        <ele>384</ele>
        <time>2025-10-21T11:55:20.000Z</time>
        <extensions>
          <ns3:TrackPointExtension>
            <ns3:hr>86</ns3:hr>
            <ns3:cad>57</ns3:cad>
          </ns3:TrackPointExtension>
        </extensions>
      </trkpt>
      <trkpt lat="42.94192099012434482574462890625" lon="-8.84690592996776103973388671875">
        <ele>383.79998779296875</ele>
        <time>2025-10-21T11:55:26.000Z</time>
        <extensions>
          <ns3:TrackPointExtension>
            <ns3:hr>87</ns3:hr>
            <ns3:cad>58</ns3:cad>
          </ns3:TrackPointExtension>
        </extensions>
      </trkpt>
      <trkpt lat="42.9420025460422039031982421875" lon="-8.84691364131867885589599609375">
        <ele>382.79998779296875</ele>
        <time>2025-10-21T11:55:32.000Z</time>
        <extensions>
          <ns3:TrackPointExtension>
            <ns3:hr>88</ns3:hr>
            <ns3:cad>59</ns3:cad>
          </ns3:TrackPointExtension>
        </extensions>
      </trkpt>
      <trkpt lat="42.9420424439013004302978515625" lon="-8.8469217717647552490234375">
        <ele>382.600006103515625</ele>
        <time>2025-10-21T11:55:35.000Z</time>
        <extensions>
          <ns3:TrackPointExtension>
            <ns3:hr>88</ns3:hr>
            <ns3:cad>60</ns3:cad>
          </ns3:TrackPointExtension>
        </extensions>
      </trkpt>
      <trkpt lat="42.9421247541904449462890625" lon="-8.846929483115673065185546875">
        <ele>381.79998779296875</ele>
        <time>2025-10-21T11:55:42.000Z</time>
        <extensions>
          <ns3:TrackPointExtension>
            <ns3:hr>90</ns3:hr>
            <ns3:cad>60</ns3:cad>
          </ns3:TrackPointExtension>
        </extensions>
      </trkpt>
      <trkpt lat="42.9422239959239959716796875" lon="-8.84693409316241741180419921875">
        <ele>381.399993896484375</ele>
        <time>2025-10-21T11:55:50.000Z</time>
        <extensions>
          <ns3:TrackPointExtension>
            <ns3:hr>89</ns3:hr>
            <ns3:cad>60</ns3:cad>
          </ns3:TrackPointExtension>
        </extensions>
      </trkpt>
      <trkpt lat="42.942298091948032379150390625" lon="-8.84693920612335205078125">
        <ele>380.600006103515625</ele>
        <time>2025-10-21T11:55:55.000Z</time>
        <extensions>
          <ns3:TrackPointExtension>
            <ns3:hr>88</ns3:hr>
            <ns3:cad>61</ns3:cad>
          </ns3:TrackPointExtension>
        </extensions>
      </trkpt>
      <trkpt lat="42.9423582740128040313720703125" lon="-8.846938200294971466064453125">
        <ele>380.20001220703125</ele>
        <time>2025-10-21T11:56:00.000Z</time>
        <extensions>
          <ns3:TrackPointExtension>
            <ns3:hr>88</ns3:hr>
            <ns3:cad>60</ns3:cad>
          </ns3:TrackPointExtension>
        </extensions>
      </trkpt>
      <trkpt lat="42.9424283467233180999755859375" lon="-8.84694666601717472076416015625">
        <ele>380.20001220703125</ele>
        <time>2025-10-21T11:56:05.000Z</time>
        <extensions>
          <ns3:TrackPointExtension>
            <ns3:hr>91</ns3:hr>
            <ns3:cad>60</ns3:cad>
          </ns3:TrackPointExtension>
        </extensions>
      </trkpt>
      <trkpt lat="42.942499928176403045654296875" lon="-8.84695203043520450592041015625">
        <ele>379.600006103515625</ele>
        <time>2025-10-21T11:56:11.000Z</time>
        <extensions>
          <ns3:TrackPointExtension>
            <ns3:hr>91</ns3:hr>
            <ns3:cad>59</ns3:cad>
          </ns3:TrackPointExtension>
        </extensions>
      </trkpt>
      <trkpt lat="42.9426472820341587066650390625" lon="-8.84696175344288349151611328125">
        <ele>379.399993896484375</ele>
        <time>2025-10-21T11:56:22.000Z</time>
        <extensions>
          <ns3:TrackPointExtension>
            <ns3:hr>92</ns3:hr>
            <ns3:cad>60</ns3:cad>
          </ns3:TrackPointExtension>
        </extensions>
      </trkpt>
      <trkpt lat="42.94269271194934844970703125" lon="-8.84696066379547119140625">
        <ele>378.399993896484375</ele>
        <time>2025-10-21T11:56:26.000Z</time>
        <extensions>
          <ns3:TrackPointExtension>
            <ns3:hr>91</ns3:hr>
            <ns3:cad>60</ns3:cad>
          </ns3:TrackPointExtension>
        </extensions>
      </trkpt>
      <trkpt lat="42.94276923872530460357666015625" lon="-8.8469675369560718536376953125">
        <ele>377.399993896484375</ele>
        <time>2025-10-21T11:56:32.000Z</time>
        <extensions>
          <ns3:TrackPointExtension>
            <ns3:hr>92</ns3:hr>
            <ns3:cad>60</ns3:cad>
          </ns3:TrackPointExtension>
        </extensions>
      </trkpt>
      <trkpt lat="42.94279597699642181396484375" lon="-8.8469675369560718536376953125">
        <ele>377.20001220703125</ele>
        <time>2025-10-21T11:56:34.000Z</time>
        <extensions>
          <ns3:TrackPointExtension>
            <ns3:hr>92</ns3:hr>
            <ns3:cad>60</ns3:cad>
          </ns3:TrackPointExtension>
        </extensions>
      </trkpt>
      <trkpt lat="42.94286026619374752044677734375" lon="-8.8469631783664226531982421875">
        <ele>376.399993896484375</ele>
        <time>2025-10-21T11:56:39.000Z</time>
        <extensions>
          <ns3:TrackPointExtension>
            <ns3:hr>92</ns3:hr>
            <ns3:cad>59</ns3:cad>
          </ns3:TrackPointExtension>
        </extensions>
      </trkpt>
      <trkpt lat="42.94296361505985260009765625" lon="-8.846976757049560546875">
        <ele>376.20001220703125</ele>
        <time>2025-10-21T11:56:47.000Z</time>
        <extensions>
          <ns3:TrackPointExtension>
            <ns3:hr>91</ns3:hr>
            <ns3:cad>60</ns3:cad>
          </ns3:TrackPointExtension>
        </extensions>
      </trkpt>
      <trkpt lat="42.94311515986919403076171875" lon="-8.84698438458144664764404296875">
        <ele>375.399993896484375</ele>
        <time>2025-10-21T11:56:59.000Z</time>
        <extensions>
          <ns3:TrackPointExtension>
            <ns3:hr>92</ns3:hr>
            <ns3:cad>60</ns3:cad>
          </ns3:TrackPointExtension>
        </extensions>
      </trkpt>
      <trkpt lat="42.9431294091045856475830078125" lon="-8.846984468400478363037109375">
        <ele>375.20001220703125</ele>
        <time>2025-10-21T11:57:00.000Z</time>
        <extensions>
          <ns3:TrackPointExtension>
            <ns3:hr>92</ns3:hr>
            <ns3:cad>60</ns3:cad>
          </ns3:TrackPointExtension>
        </extensions>
      </trkpt>
      <trkpt lat="42.94326846487820148468017578125" lon="-8.84698304347693920135498046875">
        <ele>374.79998779296875</ele>
        <time>2025-10-21T11:57:11.000Z</time>
        <extensions>
          <ns3:TrackPointExtension>
            <ns3:hr>92</ns3:hr>
            <ns3:cad>60</ns3:cad>
          </ns3:TrackPointExtension>
        </extensions>
      </trkpt>
      <trkpt lat="42.94330920092761516571044921875" lon="-8.84698840789496898651123046875">
        <ele>374.20001220703125</ele>
        <time>2025-10-21T11:57:14.000Z</time>
        <extensions>
          <ns3:TrackPointExtension>
            <ns3:hr>93</ns3:hr>
            <ns3:cad>60</ns3:cad>
          </ns3:TrackPointExtension>
        </extensions>
      </trkpt>
      <trkpt lat="42.94340844266116619110107421875" lon="-8.8470024056732654571533203125">
        <ele>373.600006103515625</ele>
        <time>2025-10-21T11:57:22.000Z</time>
        <extensions>
          <ns3:TrackPointExtension>
            <ns3:hr>93</ns3:hr>
            <ns3:cad>59</ns3:cad>
          </ns3:TrackPointExtension>
        </extensions>
      </trkpt>
      <trkpt lat="42.9434599913656711578369140625" lon="-8.8470024056732654571533203125">
        <ele>373.20001220703125</ele>
        <time>2025-10-21T11:57:26.000Z</time>
        <extensions>
          <ns3:TrackPointExtension>
            <ns3:hr>93</ns3:hr>
            <ns3:cad>59</ns3:cad>
          </ns3:TrackPointExtension>
        </extensions>
      </trkpt>
      <trkpt lat="42.9435324110090732574462890625" lon="-8.8469950295984745025634765625">
        <ele>372.600006103515625</ele>
        <time>2025-10-21T11:57:32.000Z</time>
        <extensions>
          <ns3:TrackPointExtension>
            <ns3:hr>92</ns3:hr>
            <ns3:cad>59</ns3:cad>
          </ns3:TrackPointExtension>
        </extensions>
      </trkpt>
      <trkpt lat="42.94359351508319377899169921875" lon="-8.8470087759196758270263671875">
        <ele>372</ele>
        <time>2025-10-21T11:57:37.000Z</time>
        <extensions>
          <ns3:TrackPointExtension>
            <ns3:hr>93</ns3:hr>
            <ns3:cad>59</ns3:cad>
          </ns3:TrackPointExtension>
        </extensions>
      </trkpt>
      <trkpt lat="42.9436294734477996826171875" lon="-8.84702227078378200531005859375">
        <ele>372</ele>
        <time>2025-10-21T11:57:41.000Z</time>
        <extensions>
          <ns3:TrackPointExtension>
            <ns3:hr>93</ns3:hr>
            <ns3:cad>59</ns3:cad>
          </ns3:TrackPointExtension>
        </extensions>
      </trkpt>
      <trkpt lat="42.943651266396045684814453125" lon="-8.84702780283987522125244140625">
        <ele>372.20001220703125</ele>
        <time>2025-10-21T11:57:48.000Z</time>
        <extensions>
          <ns3:TrackPointExtension>
            <ns3:hr>93</ns3:hr>
            <ns3:cad>54</ns3:cad>
          </ns3:TrackPointExtension>
        </extensions>
      </trkpt>
      <trkpt lat="42.94365788809955120086669921875" lon="-8.84702302515506744384765625">
        <ele>372.20001220703125</ele>
        <time>2025-10-21T11:57:51.000Z</time>
        <extensions>
          <ns3:TrackPointExtension>
            <ns3:hr>90</ns3:hr>
            <ns3:cad>0</ns3:cad>
          </ns3:TrackPointExtension>
        </extensions>
      </trkpt>
      <trkpt lat="42.94365386478602886199951171875" lon="-8.8470506854355335235595703125">
        <ele>372.20001220703125</ele>
        <time>2025-10-21T11:57:55.000Z</time>
        <extensions>
          <ns3:TrackPointExtension>
            <ns3:hr>88</ns3:hr>
            <ns3:cad>0</ns3:cad>
          </ns3:TrackPointExtension>
        </extensions>
      </trkpt>
      <trkpt lat="42.9436509311199188232421875" lon="-8.847043812274932861328125">
        <ele>372.399993896484375</ele>
        <time>2025-10-21T11:58:04.000Z</time>
        <extensions>
          <ns3:TrackPointExtension>
            <ns3:hr>87</ns3:hr>
            <ns3:cad>0</ns3:cad>
          </ns3:TrackPointExtension>
        </extensions>
      </trkpt>
      <trkpt lat="42.94365738518536090850830078125" lon="-8.8470478355884552001953125">
        <ele>372.79998779296875</ele>
        <time>2025-10-21T11:58:16.000Z</time>
        <extensions>
          <ns3:TrackPointExtension>
            <ns3:hr>86</ns3:hr>
            <ns3:cad>0</ns3:cad>
          </ns3:TrackPointExtension>
        </extensions>
      </trkpt>
      <trkpt lat="42.94365587644279003143310546875" lon="-8.84704406373202800750732421875">
        <ele>373.20001220703125</ele>
        <time>2025-10-21T11:58:19.000Z</time>
        <extensions>
          <ns3:TrackPointExtension>
            <ns3:hr>87</ns3:hr>
            <ns3:cad>0</ns3:cad>
          </ns3:TrackPointExtension>
        </extensions>
      </trkpt>
      <trkpt lat="42.9436547867953777313232421875" lon="-8.847036100924015045166015625">
        <ele>373.399993896484375</ele>
        <time>2025-10-21T11:58:25.000Z</time>
        <extensions>
          <ns3:TrackPointExtension>
            <ns3:hr>88</ns3:hr>
            <ns3:cad>0</ns3:cad>
          </ns3:TrackPointExtension>
        </extensions>
      </trkpt>
      <trkpt lat="42.94364497996866703033447265625" lon="-8.84700852446258068084716796875">
        <ele>374.600006103515625</ele>
        <time>2025-10-21T12:02:04.000Z</time>
        <extensions>
          <ns3:TrackPointExtension>
            <ns3:hr>90</ns3:hr>
            <ns3:cad>0</ns3:cad>
          </ns3:TrackPointExtension>
        </extensions>
      </trkpt>
      <trkpt lat="42.94364581815898418426513671875" lon="-8.84700600989162921905517578125">
        <ele>375</ele>
        <time>2025-10-21T12:02:05.000Z</time>
        <extensions>
          <ns3:TrackPointExtension>
            <ns3:hr>90</ns3:hr>
            <ns3:cad>0</ns3:cad>
          </ns3:TrackPointExtension>
        </extensions>
      </trkpt>
      <trkpt lat="42.94362653978168964385986328125" lon="-8.84698547422885894775390625">
        <ele>375.20001220703125</ele>
        <time>2025-10-21T12:02:11.000Z</time>
        <extensions>
          <ns3:TrackPointExtension>
            <ns3:hr>90</ns3:hr>
            <ns3:cad>0</ns3:cad>
          </ns3:TrackPointExtension>
        </extensions>
      </trkpt>
      <trkpt lat="42.94368672184646129608154296875" lon="-8.8470049202442169189453125">
        <ele>373.79998779296875</ele>
        <time>2025-10-21T12:02:17.000Z</time>
        <extensions>
          <ns3:TrackPointExtension>
            <ns3:hr>93</ns3:hr>
            <ns3:cad>0</ns3:cad>
          </ns3:TrackPointExtension>
        </extensions>
      </trkpt>
      <trkpt lat="42.94369451701641082763671875" lon="-8.84700483642518520355224609375">
        <ele>373.600006103515625</ele>
        <time>2025-10-21T12:02:18.000Z</time>
        <extensions>
          <ns3:TrackPointExtension>
            <ns3:hr>93</ns3:hr>
            <ns3:cad>0</ns3:cad>
          </ns3:TrackPointExtension>
        </extensions>
      </trkpt>
      <trkpt lat="42.94372041709721088409423828125" lon="-8.8469980470836162567138671875">
        <ele>372.600006103515625</ele>
        <time>2025-10-21T12:02:21.000Z</time>
        <extensions>
          <ns3:TrackPointExtension>
            <ns3:hr>94</ns3:hr>
            <ns3:cad>48</ns3:cad>
          </ns3:TrackPointExtension>
        </extensions>
      </trkpt>
      <trkpt lat="42.94377028942108154296875" lon="-8.846982456743717193603515625">
        <ele>373.600006103515625</ele>
        <time>2025-10-21T12:02:28.000Z</time>
        <extensions>
          <ns3:TrackPointExtension>
            <ns3:hr>93</ns3:hr>
            <ns3:cad>0</ns3:cad>
          </ns3:TrackPointExtension>
        </extensions>
      </trkpt>
      <trkpt lat="42.943774648010730743408203125" lon="-8.8469809480011463165283203125">
        <ele>373.79998779296875</ele>
        <time>2025-10-21T12:02:30.000Z</time>
        <extensions>
          <ns3:TrackPointExtension>
            <ns3:hr>94</ns3:hr>
            <ns3:cad>0</ns3:cad>
          </ns3:TrackPointExtension>
        </extensions>
      </trkpt>
      <trkpt lat="42.9437738098204135894775390625" lon="-8.84698388166725635528564453125">
        <ele>375.79998779296875</ele>
        <time>2025-10-21T12:02:32.000Z</time>
        <extensions>
          <ns3:TrackPointExtension>
            <ns3:hr>93</ns3:hr>
            <ns3:cad>0</ns3:cad>
          </ns3:TrackPointExtension>
        </extensions>
      </trkpt>
      <trkpt lat="42.9437969438731670379638671875" lon="-8.84698815643787384033203125">
        <ele>375.20001220703125</ele>
        <time>2025-10-21T12:02:36.000Z</time>
        <extensions>
          <ns3:TrackPointExtension>
            <ns3:hr>92</ns3:hr>
            <ns3:cad>0</ns3:cad>
          </ns3:TrackPointExtension>
        </extensions>
      </trkpt>
      <trkpt lat="42.943837344646453857421875" lon="-8.84705512784421443939208984375">
        <ele>374.399993896484375</ele>
        <time>2025-10-21T12:02:42.000Z</time>
        <extensions>
          <ns3:TrackPointExtension>
            <ns3:hr>90</ns3:hr>
            <ns3:cad>0</ns3:cad>
          </ns3:TrackPointExtension>
        </extensions>
      </trkpt>
      <trkpt lat="42.94382820837199687957763671875" lon="-8.8471194170415401458740234375">
        <ele>373.20001220703125</ele>
        <time>2025-10-21T12:02:47.000Z</time>
        <extensions>
          <ns3:TrackPointExtension>
            <ns3:hr>89</ns3:hr>
            <ns3:cad>50</ns3:cad>
          </ns3:TrackPointExtension>
        </extensions>
      </trkpt>
      <trkpt lat="42.943825609982013702392578125" lon="-8.8471402041614055633544921875">
        <ele>372.79998779296875</ele>
        <time>2025-10-21T12:02:49.000Z</time>
        <extensions>
          <ns3:TrackPointExtension>
            <ns3:hr>89</ns3:hr>
            <ns3:cad>50</ns3:cad>
          </ns3:TrackPointExtension>
        </extensions>
      </trkpt>
      <trkpt lat="42.94379937462508678436279296875" lon="-8.84719393216073513031005859375">
        <ele>372.399993896484375</ele>
        <time>2025-10-21T12:02:56.000Z</time>
        <extensions>
          <ns3:TrackPointExtension>
            <ns3:hr>88</ns3:hr>
            <ns3:cad>51</ns3:cad>
          </ns3:TrackPointExtension>
        </extensions>
      </trkpt>
      <trkpt lat="42.943792082369327545166015625" lon="-8.8471975363790988922119140625">
        <ele>372.20001220703125</ele>
        <time>2025-10-21T12:02:57.000Z</time>
        <extensions>
          <ns3:TrackPointExtension>
            <ns3:hr>88</ns3:hr>
            <ns3:cad>49</ns3:cad>
          </ns3:TrackPointExtension>
        </extensions>
      </trkpt>
      <trkpt lat="42.94374573044478893280029296875" lon="-8.84722821414470672607421875">
        <ele>372.399993896484375</ele>
        <time>2025-10-21T12:03:04.000Z</time>
        <extensions>
          <ns3:TrackPointExtension>
            <ns3:hr>86</ns3:hr>
            <ns3:cad>50</ns3:cad>
          </ns3:TrackPointExtension>
        </extensions>
      </trkpt>
      <trkpt lat="42.943724356591701507568359375" lon="-8.84723684750497341156005859375">
        <ele>370.20001220703125</ele>
        <time>2025-10-21T12:03:08.000Z</time>
        <extensions>
          <ns3:TrackPointExtension>
            <ns3:hr>86</ns3:hr>
            <ns3:cad>43</ns3:cad>
          </ns3:TrackPointExtension>
        </extensions>
      </trkpt>
      <trkpt lat="42.94371538795530796051025390625" lon="-8.8472468219697475433349609375">
        <ele>369.600006103515625</ele>
        <time>2025-10-21T12:03:12.000Z</time>
        <extensions>
          <ns3:TrackPointExtension>
            <ns3:hr>85</ns3:hr>
            <ns3:cad>41</ns3:cad>
          </ns3:TrackPointExtension>
        </extensions>
      </trkpt>
      <trkpt lat="42.9436799325048923492431640625" lon="-8.8472867198288440704345703125">
        <ele>369.20001220703125</ele>
        <time>2025-10-21T12:03:21.000Z</time>
        <extensions>
          <ns3:TrackPointExtension>
            <ns3:hr>85</ns3:hr>
            <ns3:cad>0</ns3:cad>
          </ns3:TrackPointExtension>
        </extensions>
      </trkpt>
      <trkpt lat="42.94363391585648059844970703125" lon="-8.84731614030897617340087890625">
        <ele>369.399993896484375</ele>
        <time>2025-10-21T12:03:29.000Z</time>
        <extensions>
          <ns3:TrackPointExtension>
            <ns3:hr>85</ns3:hr>
            <ns3:cad>44</ns3:cad>
          </ns3:TrackPointExtension>
        </extensions>
      </trkpt>
      <trkpt lat="42.94357649981975555419921875" lon="-8.84733357466757297515869140625">
        <ele>369.20001220703125</ele>
        <time>2025-10-21T12:03:36.000Z</time>
        <extensions>
          <ns3:TrackPointExtension>
            <ns3:hr>86</ns3:hr>
            <ns3:cad>0</ns3:cad>
          </ns3:TrackPointExtension>
        </extensions>
      </trkpt>
      <trkpt lat="42.94356518425047397613525390625" lon="-8.84733558632433414459228515625">
        <ele>369.20001220703125</ele>
        <time>2025-10-21T12:03:38.000Z</time>
        <extensions>
          <ns3:TrackPointExtension>
            <ns3:hr>88</ns3:hr>
            <ns3:cad>0</ns3:cad>
          </ns3:TrackPointExtension>
        </extensions>
      </trkpt>
      <trkpt lat="42.9435387812554836273193359375" lon="-8.84734354913234710693359375">
        <ele>369.600006103515625</ele>
        <time>2025-10-21T12:03:42.000Z</time>
        <extensions>
          <ns3:TrackPointExtension>
            <ns3:hr>92</ns3:hr>
            <ns3:cad>0</ns3:cad>
          </ns3:TrackPointExtension>
        </extensions>
      </trkpt>
      <trkpt lat="42.94351740740239620208740234375" lon="-8.847351931035518646240234375">
        <ele>370</ele>
        <time>2025-10-21T12:03:45.000Z</time>
        <extensions>
          <ns3:TrackPointExtension>
            <ns3:hr>95</ns3:hr>
            <ns3:cad>0</ns3:cad>
          </ns3:TrackPointExtension>
        </extensions>
      </trkpt>
      <trkpt lat="42.94350542128086090087890625" lon="-8.8473497517406940460205078125">
        <ele>370.20001220703125</ele>
        <time>2025-10-21T12:03:47.000Z</time>
        <extensions>
          <ns3:TrackPointExtension>
            <ns3:hr>95</ns3:hr>
            <ns3:cad>0</ns3:cad>
          </ns3:TrackPointExtension>
        </extensions>
      </trkpt>
      <trkpt lat="42.94347801245748996734619140625" lon="-8.84735251776874065399169921875">
        <ele>370.399993896484375</ele>
        <time>2025-10-21T12:03:51.000Z</time>
        <extensions>
          <ns3:TrackPointExtension>
            <ns3:hr>98</ns3:hr>
            <ns3:cad>0</ns3:cad>
          </ns3:TrackPointExtension>
        </extensions>
      </trkpt>
      <trkpt lat="42.9434646852314472198486328125" lon="-8.84736307896673679351806640625">
        <ele>371.79998779296875</ele>
        <time>2025-10-21T12:03:54.000Z</time>
        <extensions>
          <ns3:TrackPointExtension>
            <ns3:hr>101</ns3:hr>
            <ns3:cad>0</ns3:cad>
          </ns3:TrackPointExtension>
        </extensions>
      </trkpt>
      <trkpt lat="42.943448759615421295166015625" lon="-8.84736760519444942474365234375">
        <ele>372.20001220703125</ele>
        <time>2025-10-21T12:03:57.000Z</time>
        <extensions>
          <ns3:TrackPointExtension>
            <ns3:hr>104</ns3:hr>
            <ns3:cad>0</ns3:cad>
          </ns3:TrackPointExtension>
        </extensions>
      </trkpt>
      <trkpt lat="42.94343124143779277801513671875" lon="-8.84738403372466564178466796875">
        <ele>372.20001220703125</ele>
        <time>2025-10-21T12:04:01.000Z</time>
        <extensions>
          <ns3:TrackPointExtension>
            <ns3:hr>104</ns3:hr>
            <ns3:cad>0</ns3:cad>
          </ns3:TrackPointExtension>
        </extensions>
      </trkpt>
      <trkpt lat="42.943391762673854827880859375" lon="-8.84743130765855312347412109375">
        <ele>371.79998779296875</ele>
        <time>2025-10-21T12:04:10.000Z</time>
        <extensions>
          <ns3:TrackPointExtension>
            <ns3:hr>102</ns3:hr>
            <ns3:cad>0</ns3:cad>
          </ns3:TrackPointExtension>
        </extensions>
      </trkpt>
      <trkpt lat="42.94336703605949878692626953125" lon="-8.8474831916391849517822265625">
        <ele>371.20001220703125</ele>
        <time>2025-10-21T12:04:16.000Z</time>
        <extensions>
          <ns3:TrackPointExtension>
            <ns3:hr>102</ns3:hr>
            <ns3:cad>47</ns3:cad>
          </ns3:TrackPointExtension>
        </extensions>
      </trkpt>
      <trkpt lat="42.943320684134960174560546875" lon="-8.84753993712365627288818359375">
        <ele>371.600006103515625</ele>
        <time>2025-10-21T12:04:25.000Z</time>
        <extensions>
          <ns3:TrackPointExtension>
            <ns3:hr>100</ns3:hr>
            <ns3:cad>0</ns3:cad>
          </ns3:TrackPointExtension>
        </extensions>
      </trkpt>
      <trkpt lat="42.9432903416454792022705078125" lon="-8.847626857459545135498046875">
        <ele>372.20001220703125</ele>
        <time>2025-10-21T12:04:33.000Z</time>
        <extensions>
          <ns3:TrackPointExtension>
            <ns3:hr>99</ns3:hr>
            <ns3:cad>51</ns3:cad>
          </ns3:TrackPointExtension>
        </extensions>
      </trkpt>
      <trkpt lat="42.94328874908387660980224609375" lon="-8.84764035232365131378173828125">
        <ele>370.600006103515625</ele>
        <time>2025-10-21T12:04:34.000Z</time>
        <extensions>
          <ns3:TrackPointExtension>
            <ns3:hr>99</ns3:hr>
            <ns3:cad>51</ns3:cad>
          </ns3:TrackPointExtension>
        </extensions>
      </trkpt>
      <trkpt lat="42.943287156522274017333984375" lon="-8.84765393100678920745849609375">
        <ele>369.600006103515625</ele>
        <time>2025-10-21T12:04:35.000Z</time>
        <extensions>
          <ns3:TrackPointExtension>
            <ns3:hr>99</ns3:hr>
            <ns3:cad>50</ns3:cad>
          </ns3:TrackPointExtension>
        </extensions>
      </trkpt>
      <trkpt lat="42.94327609241008758544921875" lon="-8.84775082580745220184326171875">
        <ele>370</ele>
        <time>2025-10-21T12:04:42.000Z</time>
        <extensions>
          <ns3:TrackPointExtension>
            <ns3:hr>98</ns3:hr>
            <ns3:cad>47</ns3:cad>
          </ns3:TrackPointExtension>
        </extensions>
      </trkpt>
      <trkpt lat="42.94327500276267528533935546875" lon="-8.84778753854334354400634765625">
        <ele>370.600006103515625</ele>
        <time>2025-10-21T12:04:45.000Z</time>
        <extensions>
          <ns3:TrackPointExtension>
            <ns3:hr>98</ns3:hr>
            <ns3:cad>48</ns3:cad>
          </ns3:TrackPointExtension>
        </extensions>
      </trkpt>
      <trkpt lat="42.94327902607619762420654296875" lon="-8.8478429429233074188232421875">
        <ele>371.600006103515625</ele>
        <time>2025-10-21T12:04:49.000Z</time>
        <extensions>
          <ns3:TrackPointExtension>
            <ns3:hr>98</ns3:hr>
            <ns3:cad>45</ns3:cad>
          </ns3:TrackPointExtension>
        </extensions>
      </trkpt>
      <trkpt lat="42.9432792775332927703857421875" lon="-8.847856186330318450927734375">
        <ele>371.79998779296875</ele>
        <time>2025-10-21T12:04:50.000Z</time>
        <extensions>
          <ns3:TrackPointExtension>
            <ns3:hr>99</ns3:hr>
            <ns3:cad>46</ns3:cad>
          </ns3:TrackPointExtension>
        </extensions>
      </trkpt>
      <trkpt lat="42.94327902607619762420654296875" lon="-8.84787806309759616851806640625">
        <ele>373.20001220703125</ele>
        <time>2025-10-21T12:04:52.000Z</time>
        <extensions>
          <ns3:TrackPointExtension>
            <ns3:hr>101</ns3:hr>
            <ns3:cad>46</ns3:cad>
          </ns3:TrackPointExtension>
        </extensions>
      </trkpt>
      <trkpt lat="42.9432802833616733551025390625" lon="-8.84788711555302143096923828125">
        <ele>375</ele>
        <time>2025-10-21T12:04:53.000Z</time>
        <extensions>
          <ns3:TrackPointExtension>
            <ns3:hr>102</ns3:hr>
            <ns3:cad>0</ns3:cad>
          </ns3:TrackPointExtension>
        </extensions>
      </trkpt>
      <trkpt lat="42.943278439342975616455078125" lon="-8.8479069806635379791259765625">
        <ele>376.600006103515625</ele>
        <time>2025-10-21T12:04:55.000Z</time>
        <extensions>
          <ns3:TrackPointExtension>
            <ns3:hr>104</ns3:hr>
            <ns3:cad>0</ns3:cad>
          </ns3:TrackPointExtension>
        </extensions>
      </trkpt>
      <trkpt lat="42.94327567331492900848388671875" lon="-8.8479401730000972747802734375">
        <ele>374.20001220703125</ele>
        <time>2025-10-21T12:04:58.000Z</time>
        <extensions>
          <ns3:TrackPointExtension>
            <ns3:hr>106</ns3:hr>
            <ns3:cad>0</ns3:cad>
          </ns3:TrackPointExtension>
        </extensions>
      </trkpt>
      <trkpt lat="42.94326712377369403839111328125" lon="-8.84797546081244945526123046875">
        <ele>371.600006103515625</ele>
        <time>2025-10-21T12:05:01.000Z</time>
        <extensions>
          <ns3:TrackPointExtension>
            <ns3:hr>108</ns3:hr>
            <ns3:cad>0</ns3:cad>
          </ns3:TrackPointExtension>
        </extensions>
      </trkpt>
      <trkpt lat="42.9432620108127593994140625" lon="-8.848021812736988067626953125">
        <ele>371.20001220703125</ele>
        <time>2025-10-21T12:05:05.000Z</time>
        <extensions>
          <ns3:TrackPointExtension>
            <ns3:hr>108</ns3:hr>
            <ns3:cad>45</ns3:cad>
          </ns3:TrackPointExtension>
        </extensions>
      </trkpt>
      <trkpt lat="42.94326360337436199188232421875" lon="-8.8481490500271320343017578125">
        <ele>371.600006103515625</ele>
        <time>2025-10-21T12:05:14.000Z</time>
        <extensions>
          <ns3:TrackPointExtension>
            <ns3:hr>106</ns3:hr>
            <ns3:cad>53</ns3:cad>
          </ns3:TrackPointExtension>
        </extensions>
      </trkpt>
      <trkpt lat="42.94326360337436199188232421875" lon="-8.84823831729590892791748046875">
        <ele>372.79998779296875</ele>
        <time>2025-10-21T12:05:22.000Z</time>
        <extensions>
          <ns3:TrackPointExtension>
            <ns3:hr>105</ns3:hr>
            <ns3:cad>0</ns3:cad>
          </ns3:TrackPointExtension>
        </extensions>
      </trkpt>
      <trkpt lat="42.943263016641139984130859375" lon="-8.84826262481510639190673828125">
        <ele>373</ele>
        <time>2025-10-21T12:05:24.000Z</time>
        <extensions>
          <ns3:TrackPointExtension>
            <ns3:hr>104</ns3:hr>
            <ns3:cad>0</ns3:cad>
          </ns3:TrackPointExtension>
        </extensions>
      </trkpt>
      <trkpt lat="42.943257987499237060546875" lon="-8.84830570779740810394287109375">
        <ele>373.79998779296875</ele>
        <time>2025-10-21T12:05:28.000Z</time>
        <extensions>
          <ns3:TrackPointExtension>
            <ns3:hr>103</ns3:hr>
            <ns3:cad>51</ns3:cad>
          </ns3:TrackPointExtension>
        </extensions>
      </trkpt>
      <trkpt lat="42.94326008297502994537353515625" lon="-8.84833018295466899871826171875">
        <ele>374.20001220703125</ele>
        <time>2025-10-21T12:05:30.000Z</time>
        <extensions>
          <ns3:TrackPointExtension>
            <ns3:hr>104</ns3:hr>
            <ns3:cad>51</ns3:cad>
          </ns3:TrackPointExtension>
        </extensions>
      </trkpt>
      <trkpt lat="42.94326444156467914581298828125" lon="-8.84836010634899139404296875">
        <ele>375</ele>
        <time>2025-10-21T12:05:33.000Z</time>
        <extensions>
          <ns3:TrackPointExtension>
            <ns3:hr>107</ns3:hr>
            <ns3:cad>50</ns3:cad>
          </ns3:TrackPointExtension>
        </extensions>
      </trkpt>
      <trkpt lat="42.94327014125883579254150390625" lon="-8.8483854196965694427490234375">
        <ele>374.79998779296875</ele>
        <time>2025-10-21T12:05:35.000Z</time>
        <extensions>
          <ns3:TrackPointExtension>
            <ns3:hr>109</ns3:hr>
            <ns3:cad>50</ns3:cad>
          </ns3:TrackPointExtension>
        </extensions>
      </trkpt>
      <trkpt lat="42.943273074924945831298828125" lon="-8.84845926426351070404052734375">
        <ele>372.79998779296875</ele>
        <time>2025-10-21T12:05:40.000Z</time>
        <extensions>
          <ns3:TrackPointExtension>
            <ns3:hr>110</ns3:hr>
            <ns3:cad>51</ns3:cad>
          </ns3:TrackPointExtension>
        </extensions>
      </trkpt>
      <trkpt lat="42.94327466748654842376708984375" lon="-8.8485205359756946563720703125">
        <ele>372</ele>
        <time>2025-10-21T12:05:44.000Z</time>
        <extensions>
          <ns3:TrackPointExtension>
            <ns3:hr>109</ns3:hr>
            <ns3:cad>51</ns3:cad>
          </ns3:TrackPointExtension>
        </extensions>
      </trkpt>
      <trkpt lat="42.94326561503112316131591796875" lon="-8.84861064143478870391845703125">
        <ele>371.79998779296875</ele>
        <time>2025-10-21T12:05:53.000Z</time>
        <extensions>
          <ns3:TrackPointExtension>
            <ns3:hr>109</ns3:hr>
            <ns3:cad>51</ns3:cad>
          </ns3:TrackPointExtension>
        </extensions>
      </trkpt>
      <trkpt lat="42.94325388036668300628662109375" lon="-8.84865188039839267730712890625">
        <ele>371.600006103515625</ele>
        <time>2025-10-21T12:05:57.000Z</time>
        <extensions>
          <ns3:TrackPointExtension>
            <ns3:hr>109</ns3:hr>
            <ns3:cad>49</ns3:cad>
          </ns3:TrackPointExtension>
        </extensions>
      </trkpt>
      <trkpt lat="42.943233512341976165771484375" lon="-8.84869270026683807373046875">
        <ele>371.399993896484375</ele>
        <time>2025-10-21T12:06:01.000Z</time>
        <extensions>
          <ns3:TrackPointExtension>
            <ns3:hr>108</ns3:hr>
            <ns3:cad>50</ns3:cad>
          </ns3:TrackPointExtension>
        </extensions>
      </trkpt>
      <trkpt lat="42.9431922733783721923828125" lon="-8.84878179989755153656005859375">
        <ele>370.600006103515625</ele>
        <time>2025-10-21T12:06:08.000Z</time>
        <extensions>
          <ns3:TrackPointExtension>
            <ns3:hr>106</ns3:hr>
            <ns3:cad>51</ns3:cad>
          </ns3:TrackPointExtension>
        </extensions>
      </trkpt>
      <trkpt lat="42.94318699277937412261962890625" lon="-8.8488180935382843017578125">
        <ele>370.399993896484375</ele>
        <time>2025-10-21T12:06:10.000Z</time>
        <extensions>
          <ns3:TrackPointExtension>
            <ns3:hr>105</ns3:hr>
            <ns3:cad>51</ns3:cad>
          </ns3:TrackPointExtension>
        </extensions>
      </trkpt>
      <trkpt lat="42.94317358173429965972900390625" lon="-8.84892093949019908905029296875">
        <ele>369.20001220703125</ele>
        <time>2025-10-21T12:06:18.000Z</time>
        <extensions>
          <ns3:TrackPointExtension>
            <ns3:hr>105</ns3:hr>
            <ns3:cad>53</ns3:cad>
          </ns3:TrackPointExtension>
        </extensions>
      </trkpt>
      <trkpt lat="42.9431729950010776519775390625" lon="-8.848934434354305267333984375">
        <ele>369</ele>
        <time>2025-10-21T12:06:19.000Z</time>
        <extensions>
          <ns3:TrackPointExtension>
            <ns3:hr>105</ns3:hr>
            <ns3:cad>53</ns3:cad>
          </ns3:TrackPointExtension>
        </extensions>
      </trkpt>
      <trkpt lat="42.94316302053630352020263671875" lon="-8.84899704717099666595458984375">
        <ele>368</ele>
        <time>2025-10-21T12:06:23.000Z</time>
        <extensions>
          <ns3:TrackPointExtension>
            <ns3:hr>104</ns3:hr>
            <ns3:cad>53</ns3:cad>
          </ns3:TrackPointExtension>
        </extensions>
      </trkpt>
      <trkpt lat="42.94314466416835784912109375" lon="-8.84904834441840648651123046875">
        <ele>368.20001220703125</ele>
        <time>2025-10-21T12:06:27.000Z</time>
        <extensions>
          <ns3:TrackPointExtension>
            <ns3:hr>102</ns3:hr>
            <ns3:cad>55</ns3:cad>
          </ns3:TrackPointExtension>
        </extensions>
      </trkpt>
      <trkpt lat="42.943120189011096954345703125" lon="-8.84914473630487918853759765625">
        <ele>367</ele>
        <time>2025-10-21T12:06:34.000Z</time>
        <extensions>
          <ns3:TrackPointExtension>
            <ns3:hr>102</ns3:hr>
            <ns3:cad>54</ns3:cad>
          </ns3:TrackPointExtension>
        </extensions>
      </trkpt>
      <trkpt lat="42.9431106336414813995361328125" lon="-8.84917139075696468353271484375">
        <ele>366.79998779296875</ele>
        <time>2025-10-21T12:06:36.000Z</time>
        <extensions>
          <ns3:TrackPointExtension>
            <ns3:hr>102</ns3:hr>
            <ns3:cad>54</ns3:cad>
          </ns3:TrackPointExtension>
        </extensions>
      </trkpt>
      <trkpt lat="42.94308490119874477386474609375" lon="-8.84926359169185161590576171875">
        <ele>365.79998779296875</ele>
        <time>2025-10-21T12:06:42.000Z</time>
        <extensions>
          <ns3:TrackPointExtension>
            <ns3:hr>101</ns3:hr>
            <ns3:cad>54</ns3:cad>
          </ns3:TrackPointExtension>
        </extensions>
      </trkpt>
      <trkpt lat="42.94307216070592403411865234375" lon="-8.8493087701499462127685546875">
        <ele>365</ele>
        <time>2025-10-21T12:06:46.000Z</time>
        <extensions>
          <ns3:TrackPointExtension>
            <ns3:hr>101</ns3:hr>
            <ns3:cad>54</ns3:cad>
          </ns3:TrackPointExtension>
        </extensions>
      </trkpt>
      <trkpt lat="42.9430700652301311492919921875" lon="-8.84932494722306728363037109375">
        <ele>364.79998779296875</ele>
        <time>2025-10-21T12:06:47.000Z</time>
        <extensions>
          <ns3:TrackPointExtension>
            <ns3:hr>102</ns3:hr>
            <ns3:cad>55</ns3:cad>
          </ns3:TrackPointExtension>
        </extensions>
      </trkpt>
      <trkpt lat="42.94303293339908123016357421875" lon="-8.8493858836591243743896484375">
        <ele>364.20001220703125</ele>
        <time>2025-10-21T12:06:52.000Z</time>
        <extensions>
          <ns3:TrackPointExtension>
            <ns3:hr>101</ns3:hr>
            <ns3:cad>54</ns3:cad>
          </ns3:TrackPointExtension>
        </extensions>
      </trkpt>
      <trkpt lat="42.94300057925283908843994140625" lon="-8.84948085062205791473388671875">
        <ele>364</ele>
        <time>2025-10-21T12:07:00.000Z</time>
        <extensions>
          <ns3:TrackPointExtension>
            <ns3:hr>101</ns3:hr>
            <ns3:cad>55</ns3:cad>
          </ns3:TrackPointExtension>
        </extensions>
      </trkpt>
      <trkpt lat="42.94296487234532833099365234375" lon="-8.84958344511687755584716796875">
        <ele>363.600006103515625</ele>
        <time>2025-10-21T12:07:08.000Z</time>
        <extensions>
          <ns3:TrackPointExtension>
            <ns3:hr>100</ns3:hr>
            <ns3:cad>55</ns3:cad>
          </ns3:TrackPointExtension>
        </extensions>
      </trkpt>
      <trkpt lat="42.94295716099441051483154296875" lon="-8.84959601797163486480712890625">
        <ele>360.600006103515625</ele>
        <time>2025-10-21T12:07:09.000Z</time>
        <extensions>
          <ns3:TrackPointExtension>
            <ns3:hr>100</ns3:hr>
            <ns3:cad>55</ns3:cad>
          </ns3:TrackPointExtension>
        </extensions>
      </trkpt>
      <trkpt lat="42.94295263476669788360595703125" lon="-8.84960875846445560455322265625">
        <ele>358</ele>
        <time>2025-10-21T12:07:10.000Z</time>
        <extensions>
          <ns3:TrackPointExtension>
            <ns3:hr>100</ns3:hr>
            <ns3:cad>55</ns3:cad>
          </ns3:TrackPointExtension>
        </extensions>
      </trkpt>
      <trkpt lat="42.94292799197137355804443359375" lon="-8.8496802560985088348388671875">
        <ele>357</ele>
        <time>2025-10-21T12:07:16.000Z</time>
        <extensions>
          <ns3:TrackPointExtension>
            <ns3:hr>99</ns3:hr>
            <ns3:cad>55</ns3:cad>
          </ns3:TrackPointExtension>
        </extensions>
      </trkpt>
      <trkpt lat="42.9429101385176181793212890625" lon="-8.84975217282772064208984375">
        <ele>356.600006103515625</ele>
        <time>2025-10-21T12:07:21.000Z</time>
        <extensions>
          <ns3:TrackPointExtension>
            <ns3:hr>99</ns3:hr>
            <ns3:cad>55</ns3:cad>
          </ns3:TrackPointExtension>
        </extensions>
      </trkpt>
      <trkpt lat="42.94290150515735149383544921875" lon="-8.84980103932321071624755859375">
        <ele>356</ele>
        <time>2025-10-21T12:07:25.000Z</time>
        <extensions>
          <ns3:TrackPointExtension>
            <ns3:hr>99</ns3:hr>
            <ns3:cad>55</ns3:cad>
          </ns3:TrackPointExtension>
        </extensions>
      </trkpt>
      <trkpt lat="42.94290569610893726348876953125" lon="-8.8498465530574321746826171875">
        <ele>355.399993896484375</ele>
        <time>2025-10-21T12:07:29.000Z</time>
        <extensions>
          <ns3:TrackPointExtension>
            <ns3:hr>99</ns3:hr>
            <ns3:cad>57</ns3:cad>
          </ns3:TrackPointExtension>
        </extensions>
      </trkpt>
      <trkpt lat="42.94293603859841823577880859375" lon="-8.8498908095061779022216796875">
        <ele>355.20001220703125</ele>
        <time>2025-10-21T12:07:35.000Z</time>
        <extensions>
          <ns3:TrackPointExtension>
            <ns3:hr>98</ns3:hr>
            <ns3:cad>0</ns3:cad>
          </ns3:TrackPointExtension>
        </extensions>
      </trkpt>
      <trkpt lat="42.94294618070125579833984375" lon="-8.84988804347813129425048828125">
        <ele>355.20001220703125</ele>
        <time>2025-10-21T12:07:36.000Z</time>
        <extensions>
          <ns3:TrackPointExtension>
            <ns3:hr>98</ns3:hr>
            <ns3:cad>0</ns3:cad>
          </ns3:TrackPointExtension>
        </extensions>
      </trkpt>
      <trkpt lat="42.942982725799083709716796875" lon="-8.84988184086978435516357421875">
        <ele>355</ele>
        <time>2025-10-21T12:07:39.000Z</time>
        <extensions>
          <ns3:TrackPointExtension>
            <ns3:hr>97</ns3:hr>
            <ns3:cad>0</ns3:cad>
          </ns3:TrackPointExtension>
        </extensions>
      </trkpt>
      <trkpt lat="42.94302656315267086029052734375" lon="-8.849892653524875640869140625">
        <ele>354.600006103515625</ele>
        <time>2025-10-21T12:07:44.000Z</time>
        <extensions>
          <ns3:TrackPointExtension>
            <ns3:hr>95</ns3:hr>
            <ns3:cad>53</ns3:cad>
          </ns3:TrackPointExtension>
        </extensions>
      </trkpt>
      <trkpt lat="42.9430635273456573486328125" lon="-8.8499139435589313507080078125">
        <ele>353.79998779296875</ele>
        <time>2025-10-21T12:07:48.000Z</time>
        <extensions>
          <ns3:TrackPointExtension>
            <ns3:hr>94</ns3:hr>
            <ns3:cad>53</ns3:cad>
          </ns3:TrackPointExtension>
        </extensions>
      </trkpt>
      <trkpt lat="42.9431170038878917694091796875" lon="-8.8499112613499164581298828125">
        <ele>352.79998779296875</ele>
        <time>2025-10-21T12:07:53.000Z</time>
        <extensions>
          <ns3:TrackPointExtension>
            <ns3:hr>94</ns3:hr>
            <ns3:cad>55</ns3:cad>
          </ns3:TrackPointExtension>
        </extensions>
      </trkpt>
      <trkpt lat="42.9431649483740329742431640625" lon="-8.849869184195995330810546875">
        <ele>352.20001220703125</ele>
        <time>2025-10-21T12:07:57.000Z</time>
        <extensions>
          <ns3:TrackPointExtension>
            <ns3:hr>91</ns3:hr>
            <ns3:cad>56</ns3:cad>
          </ns3:TrackPointExtension>
        </extensions>
      </trkpt>
      <trkpt lat="42.9432105459272861480712890625" lon="-8.84984177537262439727783203125">
        <ele>352.399993896484375</ele>
        <time>2025-10-21T12:08:01.000Z</time>
        <extensions>
          <ns3:TrackPointExtension>
            <ns3:hr>91</ns3:hr>
            <ns3:cad>59</ns3:cad>
          </ns3:TrackPointExtension>
        </extensions>
      </trkpt>
      <trkpt lat="42.94330853037536144256591796875" lon="-8.84979785420000553131103515625">
        <ele>352.600006103515625</ele>
        <time>2025-10-21T12:08:11.000Z</time>
        <extensions>
          <ns3:TrackPointExtension>
            <ns3:hr>91</ns3:hr>
            <ns3:cad>54</ns3:cad>
          </ns3:TrackPointExtension>
        </extensions>
      </trkpt>
      <trkpt lat="42.94333535246551036834716796875" lon="-8.84978880174458026885986328125">
        <ele>352.600006103515625</ele>
        <time>2025-10-21T12:08:14.000Z</time>
        <extensions>
          <ns3:TrackPointExtension>
            <ns3:hr>88</ns3:hr>
            <ns3:cad>53</ns3:cad>
          </ns3:TrackPointExtension>
        </extensions>
      </trkpt>
      <trkpt lat="42.94336988590657711029052734375" lon="-8.84977572597563266754150390625">
        <ele>352.600006103515625</ele>
        <time>2025-10-21T12:08:20.000Z</time>
        <extensions>
          <ns3:TrackPointExtension>
            <ns3:hr>85</ns3:hr>
            <ns3:cad>0</ns3:cad>
          </ns3:TrackPointExtension>
        </extensions>
      </trkpt>
      <trkpt lat="42.94337659142911434173583984375" lon="-8.84976969100534915924072265625">
        <ele>352.600006103515625</ele>
        <time>2025-10-21T12:08:22.000Z</time>
        <extensions>
          <ns3:TrackPointExtension>
            <ns3:hr>85</ns3:hr>
            <ns3:cad>0</ns3:cad>
          </ns3:TrackPointExtension>
        </extensions>
      </trkpt>
      <trkpt lat="42.94338547624647617340087890625" lon="-8.84976818226277828216552734375">
        <ele>352.600006103515625</ele>
        <time>2025-10-21T12:08:24.000Z</time>
        <extensions>
          <ns3:TrackPointExtension>
            <ns3:hr>85</ns3:hr>
            <ns3:cad>0</ns3:cad>
          </ns3:TrackPointExtension>
        </extensions>
      </trkpt>
      <trkpt lat="42.94340257532894611358642578125" lon="-8.84974722750484943389892578125">
        <ele>352.600006103515625</ele>
        <time>2025-10-21T12:08:31.000Z</time>
        <extensions>
          <ns3:TrackPointExtension>
            <ns3:hr>84</ns3:hr>
            <ns3:cad>0</ns3:cad>
          </ns3:TrackPointExtension>
        </extensions>
      </trkpt>
      <trkpt lat="42.9434070177376270294189453125" lon="-8.8497463054955005645751953125">
        <ele>351.79998779296875</ele>
        <time>2025-10-21T12:08:38.000Z</time>
        <extensions>
          <ns3:TrackPointExtension>
            <ns3:hr>87</ns3:hr>
            <ns3:cad>0</ns3:cad>
          </ns3:TrackPointExtension>
        </extensions>
      </trkpt>
      <trkpt lat="42.94339184649288654327392578125" lon="-8.849739767611026763916015625">
        <ele>352.600006103515625</ele>
        <time>2025-10-21T12:08:41.000Z</time>
        <extensions>
          <ns3:TrackPointExtension>
            <ns3:hr>90</ns3:hr>
            <ns3:cad>0</ns3:cad>
          </ns3:TrackPointExtension>
        </extensions>
      </trkpt>
      <trkpt lat="42.94339201413094997406005859375" lon="-8.8497447967529296875">
        <ele>353.20001220703125</ele>
        <time>2025-10-21T12:08:44.000Z</time>
        <extensions>
          <ns3:TrackPointExtension>
            <ns3:hr>92</ns3:hr>
            <ns3:cad>0</ns3:cad>
          </ns3:TrackPointExtension>
        </extensions>
      </trkpt>
      <trkpt lat="42.943391762673854827880859375" lon="-8.84974722750484943389892578125">
        <ele>354.399993896484375</ele>
        <time>2025-10-21T12:08:48.000Z</time>
        <extensions>
          <ns3:TrackPointExtension>
            <ns3:hr>93</ns3:hr>
            <ns3:cad>0</ns3:cad>
          </ns3:TrackPointExtension>
        </extensions>
      </trkpt>
      <trkpt lat="42.94339151121675968170166015625" lon="-8.84973750449717044830322265625">
        <ele>353.399993896484375</ele>
        <time>2025-10-21T12:08:53.000Z</time>
        <extensions>
          <ns3:TrackPointExtension>
            <ns3:hr>94</ns3:hr>
            <ns3:cad>0</ns3:cad>
          </ns3:TrackPointExtension>
        </extensions>
      </trkpt>
      <trkpt lat="42.9433949477970600128173828125" lon="-8.8497369177639484405517578125">
        <ele>353.20001220703125</ele>
        <time>2025-10-21T12:08:54.000Z</time>
        <extensions>
          <ns3:TrackPointExtension>
            <ns3:hr>93</ns3:hr>
            <ns3:cad>0</ns3:cad>
          </ns3:TrackPointExtension>
        </extensions>
      </trkpt>
      <trkpt lat="42.9434033297002315521240234375" lon="-8.84976885281503200531005859375">
        <ele>352.79998779296875</ele>
        <time>2025-10-21T12:08:58.000Z</time>
        <extensions>
          <ns3:TrackPointExtension>
            <ns3:hr>96</ns3:hr>
            <ns3:cad>45</ns3:cad>
          </ns3:TrackPointExtension>
        </extensions>
      </trkpt>
      <trkpt lat="42.9434108734130859375" lon="-8.84980925358831882476806640625">
        <ele>352.600006103515625</ele>
        <time>2025-10-21T12:09:01.000Z</time>
        <extensions>
          <ns3:TrackPointExtension>
            <ns3:hr>97</ns3:hr>
            <ns3:cad>0</ns3:cad>
          </ns3:TrackPointExtension>
        </extensions>
      </trkpt>
      <trkpt lat="42.9434113763272762298583984375" lon="-8.84982082061469554901123046875">
        <ele>352.20001220703125</ele>
        <time>2025-10-21T12:09:02.000Z</time>
        <extensions>
          <ns3:TrackPointExtension>
            <ns3:hr>97</ns3:hr>
            <ns3:cad>49</ns3:cad>
          </ns3:TrackPointExtension>
        </extensions>
      </trkpt>
      <trkpt lat="42.94341799803078174591064453125" lon="-8.849875219166278839111328125">
        <ele>351.20001220703125</ele>
        <time>2025-10-21T12:09:07.000Z</time>
        <extensions>
          <ns3:TrackPointExtension>
            <ns3:hr>97</ns3:hr>
            <ns3:cad>51</ns3:cad>
          </ns3:TrackPointExtension>
        </extensions>
      </trkpt>
      <trkpt lat="42.94342470355331897735595703125" lon="-8.84990497492253780364990234375">
        <ele>350.79998779296875</ele>
        <time>2025-10-21T12:09:10.000Z</time>
        <extensions>
          <ns3:TrackPointExtension>
            <ns3:hr>97</ns3:hr>
            <ns3:cad>56</ns3:cad>
          </ns3:TrackPointExtension>
        </extensions>
      </trkpt>
      <trkpt lat="42.9434512741863727569580078125" lon="-8.84993716143071651458740234375">
        <ele>350</ele>
        <time>2025-10-21T12:09:15.000Z</time>
        <extensions>
          <ns3:TrackPointExtension>
            <ns3:hr>96</ns3:hr>
            <ns3:cad>53</ns3:cad>
          </ns3:TrackPointExtension>
        </extensions>
      </trkpt>
      <trkpt lat="42.94347030110657215118408203125" lon="-8.84993162937462329864501953125">
        <ele>349.79998779296875</ele>
        <time>2025-10-21T12:09:17.000Z</time>
        <extensions>
          <ns3:TrackPointExtension>
            <ns3:hr>95</ns3:hr>
            <ns3:cad>53</ns3:cad>
          </ns3:TrackPointExtension>
        </extensions>
      </trkpt>
      <trkpt lat="42.943537943065166473388671875" lon="-8.84990547783672809600830078125">
        <ele>350.399993896484375</ele>
        <time>2025-10-21T12:09:25.000Z</time>
        <extensions>
          <ns3:TrackPointExtension>
            <ns3:hr>95</ns3:hr>
            <ns3:cad>53</ns3:cad>
          </ns3:TrackPointExtension>
        </extensions>
      </trkpt>
      <trkpt lat="42.9436323232948780059814453125" lon="-8.84989826940000057220458984375">
        <ele>350.399993896484375</ele>
        <time>2025-10-21T12:09:34.000Z</time>
        <extensions>
          <ns3:TrackPointExtension>
            <ns3:hr>95</ns3:hr>
            <ns3:cad>53</ns3:cad>
          </ns3:TrackPointExtension>
        </extensions>
      </trkpt>
      <trkpt lat="42.94369124807417392730712890625" lon="-8.849888630211353302001953125">
        <ele>350.600006103515625</ele>
        <time>2025-10-21T12:09:40.000Z</time>
        <extensions>
          <ns3:TrackPointExtension>
            <ns3:hr>93</ns3:hr>
            <ns3:cad>53</ns3:cad>
          </ns3:TrackPointExtension>
        </extensions>
      </trkpt>
      <trkpt lat="42.943688817322254180908203125" lon="-8.84987446479499340057373046875">
        <ele>350.79998779296875</ele>
        <time>2025-10-21T12:09:43.000Z</time>
        <extensions>
          <ns3:TrackPointExtension>
            <ns3:hr>92</ns3:hr>
            <ns3:cad>54</ns3:cad>
          </ns3:TrackPointExtension>
        </extensions>
      </trkpt>
      <trkpt lat="42.94361446984112262725830078125" lon="-8.84982417337596416473388671875">
        <ele>353.399993896484375</ele>
        <time>2025-10-21T12:11:09.000Z</time>
        <extensions>
          <ns3:TrackPointExtension>
            <ns3:hr>79</ns3:hr>
            <ns3:cad>0</ns3:cad>
          </ns3:TrackPointExtension>
        </extensions>
      </trkpt>
      <trkpt lat="42.943610362708568572998046875" lon="-8.84983129799365997314453125">
        <ele>354</ele>
        <time>2025-10-21T12:11:10.000Z</time>
        <extensions>
          <ns3:TrackPointExtension>
            <ns3:hr>80</ns3:hr>
            <ns3:cad>0</ns3:cad>
          </ns3:TrackPointExtension>
        </extensions>
      </trkpt>
      <trkpt lat="42.9436155594885349273681640625" lon="-8.8498455472290515899658203125">
        <ele>354.399993896484375</ele>
        <time>2025-10-21T12:11:12.000Z</time>
        <extensions>
          <ns3:TrackPointExtension>
            <ns3:hr>81</ns3:hr>
            <ns3:cad>0</ns3:cad>
          </ns3:TrackPointExtension>
        </extensions>
      </trkpt>
      <trkpt lat="42.94362880289554595947265625" lon="-8.8498871214687824249267578125">
        <ele>354</ele>
        <time>2025-10-21T12:11:18.000Z</time>
        <extensions>
          <ns3:TrackPointExtension>
            <ns3:hr>80</ns3:hr>
            <ns3:cad>0</ns3:cad>
          </ns3:TrackPointExtension>
        </extensions>
      </trkpt>
      <trkpt lat="42.94359686784446239471435546875" lon="-8.84988737292587757110595703125">
        <ele>355</ele>
        <time>2025-10-21T12:11:26.000Z</time>
        <extensions>
          <ns3:TrackPointExtension>
            <ns3:hr>81</ns3:hr>
            <ns3:cad>0</ns3:cad>
          </ns3:TrackPointExtension>
        </extensions>
      </trkpt>
      <trkpt lat="42.9435116238892078399658203125" lon="-8.84991084225475788116455078125">
        <ele>354</ele>
        <time>2025-10-21T12:11:34.000Z</time>
        <extensions>
          <ns3:TrackPointExtension>
            <ns3:hr>80</ns3:hr>
            <ns3:cad>53</ns3:cad>
          </ns3:TrackPointExtension>
        </extensions>
      </trkpt>
      <trkpt lat="42.94346862472593784332275390625" lon="-8.84991721250116825103759765625">
        <ele>353.79998779296875</ele>
        <time>2025-10-21T12:11:40.000Z</time>
        <extensions>
          <ns3:TrackPointExtension>
            <ns3:hr>81</ns3:hr>
            <ns3:cad>0</ns3:cad>
          </ns3:TrackPointExtension>
        </extensions>
      </trkpt>
      <trkpt lat="42.94345420785248279571533203125" lon="-8.8499216549098491668701171875">
        <ele>354</ele>
        <time>2025-10-21T12:11:47.000Z</time>
        <extensions>
          <ns3:TrackPointExtension>
            <ns3:hr>79</ns3:hr>
            <ns3:cad>0</ns3:cad>
          </ns3:TrackPointExtension>
        </extensions>
      </trkpt>
      <trkpt lat="42.94343761168420314788818359375" lon="-8.8498727045953273773193359375">
        <ele>354.20001220703125</ele>
        <time>2025-10-21T12:11:54.000Z</time>
        <extensions>
          <ns3:TrackPointExtension>
            <ns3:hr>78</ns3:hr>
            <ns3:cad>0</ns3:cad>
          </ns3:TrackPointExtension>
        </extensions>
      </trkpt>
      <trkpt lat="42.9434284754097461700439453125" lon="-8.8498036377131938934326171875">
        <ele>355.399993896484375</ele>
        <time>2025-10-21T12:12:00.000Z</time>
        <extensions>
          <ns3:TrackPointExtension>
            <ns3:hr>77</ns3:hr>
            <ns3:cad>49</ns3:cad>
          </ns3:TrackPointExtension>
        </extensions>
      </trkpt>
      <trkpt lat="42.9434221051633358001708984375" lon="-8.84976826608180999755859375">
        <ele>356</ele>
        <time>2025-10-21T12:12:03.000Z</time>
        <extensions>
          <ns3:TrackPointExtension>
            <ns3:hr>76</ns3:hr>
            <ns3:cad>44</ns3:cad>
          </ns3:TrackPointExtension>
        </extensions>
      </trkpt>
      <trkpt lat="42.94341850094497203826904296875" lon="-8.84973146952688694000244140625">
        <ele>356.600006103515625</ele>
        <time>2025-10-21T12:12:07.000Z</time>
        <extensions>
          <ns3:TrackPointExtension>
            <ns3:hr>75</ns3:hr>
            <ns3:cad>47</ns3:cad>
          </ns3:TrackPointExtension>
        </extensions>
      </trkpt>
      <trkpt lat="42.9434278048574924468994140625" lon="-8.84971872903406620025634765625">
        <ele>357.600006103515625</ele>
        <time>2025-10-21T12:12:09.000Z</time>
        <extensions>
          <ns3:TrackPointExtension>
            <ns3:hr>77</ns3:hr>
            <ns3:cad>48</ns3:cad>
          </ns3:TrackPointExtension>
        </extensions>
      </trkpt>
      <trkpt lat="42.94344104826450347900390625" lon="-8.8497047312557697296142578125">
        <ele>357.79998779296875</ele>
        <time>2025-10-21T12:12:11.000Z</time>
        <extensions>
          <ns3:TrackPointExtension>
            <ns3:hr>79</ns3:hr>
            <ns3:cad>47</ns3:cad>
          </ns3:TrackPointExtension>
        </extensions>
      </trkpt>
      <trkpt lat="42.94344482012093067169189453125" lon="-8.84969760663807392120361328125">
        <ele>358</ele>
        <time>2025-10-21T12:12:12.000Z</time>
        <extensions>
          <ns3:TrackPointExtension>
            <ns3:hr>79</ns3:hr>
            <ns3:cad>47</ns3:cad>
          </ns3:TrackPointExtension>
        </extensions>
      </trkpt>
      <trkpt lat="42.9434797726571559906005859375" lon="-8.84967497549951076507568359375">
        <ele>359.399993896484375</ele>
        <time>2025-10-21T12:12:18.000Z</time>
        <extensions>
          <ns3:TrackPointExtension>
            <ns3:hr>82</ns3:hr>
            <ns3:cad>50</ns3:cad>
          </ns3:TrackPointExtension>
        </extensions>
      </trkpt>
      <trkpt lat="42.9434834606945514678955078125" lon="-8.8496696949005126953125">
        <ele>359.79998779296875</ele>
        <time>2025-10-21T12:12:20.000Z</time>
        <extensions>
          <ns3:TrackPointExtension>
            <ns3:hr>84</ns3:hr>
            <ns3:cad>0</ns3:cad>
          </ns3:TrackPointExtension>
        </extensions>
      </trkpt>
      <trkpt lat="42.94347994029521942138671875" lon="-8.8496658392250537872314453125">
        <ele>361.399993896484375</ele>
        <time>2025-10-21T12:12:21.000Z</time>
        <extensions>
          <ns3:TrackPointExtension>
            <ns3:hr>84</ns3:hr>
            <ns3:cad>0</ns3:cad>
          </ns3:TrackPointExtension>
        </extensions>
      </trkpt>
      <trkpt lat="42.94347851537168025970458984375" lon="-8.8496621511876583099365234375">
        <ele>362.600006103515625</ele>
        <time>2025-10-21T12:12:22.000Z</time>
        <extensions>
          <ns3:TrackPointExtension>
            <ns3:hr>85</ns3:hr>
            <ns3:cad>0</ns3:cad>
          </ns3:TrackPointExtension>
        </extensions>
      </trkpt>
      <trkpt lat="42.94347784481942653656005859375" lon="-8.84965737350285053253173828125">
        <ele>362.79998779296875</ele>
        <time>2025-10-21T12:12:24.000Z</time>
        <extensions>
          <ns3:TrackPointExtension>
            <ns3:hr>87</ns3:hr>
            <ns3:cad>0</ns3:cad>
          </ns3:TrackPointExtension>
        </extensions>
      </trkpt>
      <trkpt lat="42.94349226169288158416748046875" lon="-8.84968151338398456573486328125">
        <ele>365</ele>
        <time>2025-10-21T12:16:12.000Z</time>
        <extensions>
          <ns3:TrackPointExtension>
            <ns3:hr>86</ns3:hr>
            <ns3:cad>0</ns3:cad>
          </ns3:TrackPointExtension>
        </extensions>
      </trkpt>
      <trkpt lat="42.94347985647618770599365234375" lon="-8.84964899159967899322509765625">
        <ele>364.79998779296875</ele>
        <time>2025-10-21T12:16:15.000Z</time>
        <extensions>
          <ns3:TrackPointExtension>
            <ns3:hr>86</ns3:hr>
            <ns3:cad>0</ns3:cad>
          </ns3:TrackPointExtension>
        </extensions>
      </trkpt>
      <trkpt lat="42.9434566386044025421142578125" lon="-8.84966961108148097991943359375">
        <ele>363.79998779296875</ele>
        <time>2025-10-21T12:16:18.000Z</time>
        <extensions>
          <ns3:TrackPointExtension>
            <ns3:hr>87</ns3:hr>
            <ns3:cad>0</ns3:cad>
          </ns3:TrackPointExtension>
        </extensions>
      </trkpt>
      <trkpt lat="42.94343912042677402496337890625" lon="-8.84968536905944347381591796875">
        <ele>363.399993896484375</ele>
        <time>2025-10-21T12:16:20.000Z</time>
        <extensions>
          <ns3:TrackPointExtension>
            <ns3:hr>87</ns3:hr>
            <ns3:cad>49</ns3:cad>
          </ns3:TrackPointExtension>
        </extensions>
      </trkpt>
      <trkpt lat="42.94341598637402057647705078125" lon="-8.84970565326511859893798828125">
        <ele>362.79998779296875</ele>
        <time>2025-10-21T12:16:22.000Z</time>
        <extensions>
          <ns3:TrackPointExtension>
            <ns3:hr>87</ns3:hr>
            <ns3:cad>50</ns3:cad>
          </ns3:TrackPointExtension>
        </extensions>
      </trkpt>
      <trkpt lat="42.9433996416628360748291015625" lon="-8.849728368222713470458984375">
        <ele>361.600006103515625</ele>
        <time>2025-10-21T12:16:24.000Z</time>
        <extensions>
          <ns3:TrackPointExtension>
            <ns3:hr>86</ns3:hr>
            <ns3:cad>55</ns3:cad>
          </ns3:TrackPointExtension>
        </extensions>
      </trkpt>
      <trkpt lat="42.94340877793729305267333984375" lon="-8.849769942462444305419921875">
        <ele>360.79998779296875</ele>
        <time>2025-10-21T12:16:27.000Z</time>
        <extensions>
          <ns3:TrackPointExtension>
            <ns3:hr>86</ns3:hr>
            <ns3:cad>56</ns3:cad>
          </ns3:TrackPointExtension>
        </extensions>
      </trkpt>
      <trkpt lat="42.943415902554988861083984375" lon="-8.84980221278965473175048828125">
        <ele>360.399993896484375</ele>
        <time>2025-10-21T12:16:29.000Z</time>
        <extensions>
          <ns3:TrackPointExtension>
            <ns3:hr>84</ns3:hr>
            <ns3:cad>56</ns3:cad>
          </ns3:TrackPointExtension>
        </extensions>
      </trkpt>
      <trkpt lat="42.9434175789356231689453125" lon="-8.84981830604374408721923828125">
        <ele>360.20001220703125</ele>
        <time>2025-10-21T12:16:30.000Z</time>
        <extensions>
          <ns3:TrackPointExtension>
            <ns3:hr>81</ns3:hr>
            <ns3:cad>55</ns3:cad>
          </ns3:TrackPointExtension>
        </extensions>
      </trkpt>
      <trkpt lat="42.94342168606817722320556640625" lon="-8.84983473457396030426025390625">
        <ele>360</ele>
        <time>2025-10-21T12:16:31.000Z</time>
        <extensions>
          <ns3:TrackPointExtension>
            <ns3:hr>77</ns3:hr>
            <ns3:cad>54</ns3:cad>
          </ns3:TrackPointExtension>
        </extensions>
      </trkpt>
      <trkpt lat="42.94342520646750926971435546875" lon="-8.84984948672354221343994140625">
        <ele>359.79998779296875</ele>
        <time>2025-10-21T12:16:32.000Z</time>
        <extensions>
          <ns3:TrackPointExtension>
            <ns3:hr>73</ns3:hr>
            <ns3:cad>54</ns3:cad>
          </ns3:TrackPointExtension>
        </extensions>
      </trkpt>
      <trkpt lat="42.94343275018036365509033203125" lon="-8.84987597353756427764892578125">
        <ele>359.399993896484375</ele>
        <time>2025-10-21T12:16:34.000Z</time>
        <extensions>
          <ns3:TrackPointExtension>
            <ns3:hr>70</ns3:hr>
            <ns3:cad>55</ns3:cad>
          </ns3:TrackPointExtension>
        </extensions>
      </trkpt>
      <trkpt lat="42.94343677349388599395751953125" lon="-8.8498884625732898712158203125">
        <ele>359.20001220703125</ele>
        <time>2025-10-21T12:16:35.000Z</time>
        <extensions>
          <ns3:TrackPointExtension>
            <ns3:hr>70</ns3:hr>
            <ns3:cad>55</ns3:cad>
          </ns3:TrackPointExtension>
        </extensions>
      </trkpt>
      <trkpt lat="42.9434532858431339263916015625" lon="-8.8499124348163604736328125">
        <ele>358.20001220703125</ele>
        <time>2025-10-21T12:16:39.000Z</time>
        <extensions>
          <ns3:TrackPointExtension>
            <ns3:hr>69</ns3:hr>
            <ns3:cad>56</ns3:cad>
          </ns3:TrackPointExtension>
        </extensions>
      </trkpt>
      <trkpt lat="42.943480275571346282958984375" lon="-8.84991520084440708160400390625">
        <ele>357.600006103515625</ele>
        <time>2025-10-21T12:16:42.000Z</time>
        <extensions>
          <ns3:TrackPointExtension>
            <ns3:hr>69</ns3:hr>
            <ns3:cad>58</ns3:cad>
          </ns3:TrackPointExtension>
        </extensions>
      </trkpt>
      <trkpt lat="42.943599633872509002685546875" lon="-8.84990698657929897308349609375">
        <ele>357.79998779296875</ele>
        <time>2025-10-21T12:16:51.000Z</time>
        <extensions>
          <ns3:TrackPointExtension>
            <ns3:hr>67</ns3:hr>
            <ns3:cad>57</ns3:cad>
          </ns3:TrackPointExtension>
        </extensions>
      </trkpt>
      <trkpt lat="42.94370013289153575897216796875" lon="-8.84990061633288860321044921875">
        <ele>357.79998779296875</ele>
        <time>2025-10-21T12:16:59.000Z</time>
        <extensions>
          <ns3:TrackPointExtension>
            <ns3:hr>66</ns3:hr>
            <ns3:cad>56</ns3:cad>
          </ns3:TrackPointExtension>
        </extensions>
      </trkpt>
      <trkpt lat="42.94371220283210277557373046875" lon="-8.8498918153345584869384765625">
        <ele>357.79998779296875</ele>
        <time>2025-10-21T12:17:03.000Z</time>
        <extensions>
          <ns3:TrackPointExtension>
            <ns3:hr>67</ns3:hr>
            <ns3:cad>55</ns3:cad>
          </ns3:TrackPointExtension>
        </extensions>
      </trkpt>
    </trkseg>
  </trk>
</gpx>
